Date,Open,High,Low,Close,Adj Close,Volume,Dividends
2000-05-26,16.015625,16.041667938232422,15.859375,15.947916984558105,11.508739471435547,838200,0.0
2000-05-30,16.171875,16.265625,16.171875,16.265625,11.738011360168457,1800,0.0
2000-05-31,16.458332061767578,16.645832061767578,16.458332061767578,16.583332061767578,11.967284202575684,14400,0.0
2000-06-01,16.703125,16.96875,16.703125,16.96875,12.245410919189453,905400,0.0
2000-06-02,17.244792938232422,17.453125,17.244792938232422,17.453125,12.594963073730469,1552200,0.0
2000-06-05,17.46875,17.51302146911621,17.458332061767578,17.51302146911621,12.638193130493164,348000,0.0
2000-06-06,17.505207061767578,17.6015625,17.3515625,17.3515625,12.521672248840332,87600,0.0
2000-06-07,17.432292938232422,17.432292938232422,17.348957061767578,17.348957061767578,12.519793510437012,88200,0.0
2000-06-08,17.479167938232422,17.479167938232422,17.34375,17.34375,12.516032218933105,1222200,0.0
2000-06-09,17.484375,17.484375,17.4375,17.4375,12.583688735961914,4200,0.0
2000-06-12,17.598957061767578,17.598957061767578,17.28125,17.28125,12.470939636230469,3600,0.0
2000-06-13,17.20052146911621,17.270832061767578,17.03385353088379,17.270832061767578,12.46341323852539,336000,0.0
2000-06-14,17.458332061767578,17.458332061767578,17.380207061767578,17.41927146911621,12.57053279876709,6600,0.0
2000-06-15,17.333332061767578,17.333332061767578,17.166667938232422,17.333332061767578,12.508523941040039,58200,0.0
2000-06-16,17.447917938232422,17.447917938232422,17.291667938232422,17.291667938232422,12.4784517288208,72000,0.0
2000-06-19,17.557292938232422,17.557292938232422,17.510417938232422,17.510417938232422,12.636307716369629,27000,0.0
2000-06-20,17.609375,17.625,17.4375,17.515625,12.640071868896484,448800,0.0
2000-06-21,17.5,17.567707061767578,17.5,17.520832061767578,12.649004936218262,6000,0.007167
2000-06-22,17.5625,17.5625,17.432292938232422,17.432292938232422,12.585081100463867,2400,0.0
2000-06-23,17.1640625,17.1640625,17.151042938232422,17.151042938232422,12.382034301757812,6000,0.0
2000-06-26,17.15625,17.192707061767578,17.125,17.1328125,12.368873596191406,74400,0.0
2000-06-27,17.359375,17.380207061767578,17.28125,17.28125,12.476042747497559,724800,0.0
2000-06-28,17.302082061767578,17.760417938232422,17.302082061767578,17.760417938232422,12.82197093963623,456000,0.0
2000-06-29,17.625,17.708332061767578,17.53125,17.583332061767578,12.694123268127441,112200,0.0
2000-06-30,17.578125,17.609375,17.484375,17.552082061767578,12.671562194824219,460800,0.0
2000-07-03,17.604167938232422,17.73177146911621,17.5625,17.73177146911621,12.801281929016113,356400,0.0
2000-07-05,17.682292938232422,17.682292938232422,17.6015625,17.635417938232422,12.731724739074707,3600,0.0
2000-07-06,17.5390625,17.71875,17.375,17.71875,12.791888236999512,416400,0.0
2000-07-07,17.79947853088379,18.0,17.79947853088379,17.9765625,12.978012084960938,54000,0.0
2000-07-10,18.0,18.15625,17.96875,18.109375,13.073892593383789,67200,0.0
2000-07-11,18.109375,18.197917938232422,18.052082061767578,18.083332061767578,13.055088996887207,374400,0.0
2000-07-12,18.239582061767578,18.3203125,18.239582061767578,18.29427146911621,13.207376480102539,18600,0.0
2000-07-13,18.401042938232422,18.401042938232422,18.276042938232422,18.3203125,13.226177215576172,205200,0.0
2000-07-14,18.390625,18.390625,18.28385353088379,18.322917938232422,13.228059768676758,12600,0.0
2000-07-17,18.28125,18.442707061767578,18.28125,18.442707061767578,13.314542770385742,12600,0.0
2000-07-18,18.338542938232422,18.37760353088379,18.2109375,18.302082061767578,13.213018417358398,33600,0.0
2000-07-19,18.197917938232422,18.197917938232422,17.92447853088379,17.92447853088379,12.940407752990723,316200,0.0
2000-07-20,18.0,18.130207061767578,18.0,18.0,12.994928359985352,72000,0.0
2000-07-21,18.078125,18.078125,17.666667938232422,17.666667938232422,12.754279136657715,21000,0.0
2000-07-24,17.677082061767578,17.723957061767578,17.46875,17.479167938232422,12.618918418884277,645600,0.0
2000-07-25,17.598957061767578,17.609375,17.4375,17.5,12.63395881652832,124800,0.0
2000-07-26,17.411457061767578,17.411457061767578,17.255207061767578,17.38802146911621,12.553117752075195,117000,0.0
2000-07-27,17.45572853088379,17.45572853088379,17.166667938232422,17.24739646911621,12.451597213745117,42000,0.0
2000-07-28,17.135417938232422,17.135417938232422,16.77864646911621,16.82552146911621,12.147029876708984,14400,0.0
2000-07-31,16.78125,17.057292938232422,16.677082061767578,17.057292938232422,12.314352035522461,29400,0.0
2000-08-01,17.109375,17.140625,17.083332061767578,17.098957061767578,12.344433784484863,6600,0.0
2000-08-02,17.2734375,17.29427146911621,17.270832061767578,17.270832061767578,12.46851634979248,12600,0.0
2000-08-03,16.8125,17.145832061767578,16.8125,17.145832061767578,12.378273963928223,17400,0.0
2000-08-04,17.28385353088379,17.28385353088379,17.166667938232422,17.213542938232422,12.42715835571289,19200,0.0
2000-08-07,17.3359375,17.463542938232422,17.3359375,17.4609375,12.60576343536377,423000,0.0
2000-08-08,17.489582061767578,17.510417938232422,17.463542938232422,17.463542938232422,12.607645034790039,6000,0.0
2000-08-09,17.53125,17.53125,17.4140625,17.4140625,12.571917533874512,3600,0.0
2000-08-10,17.416667938232422,17.421875,17.40625,17.40625,12.56628131866455,9600,0.0
2000-08-11,17.239582061767578,17.5,17.239582061767578,17.5,12.63395881652832,23400,0.0
2000-08-14,17.619792938232422,17.734375,17.619792938232422,17.734375,12.803167343139648,7200,0.0
2000-08-15,17.776042938232422,17.776042938232422,17.62239646911621,17.62239646911621,12.722326278686523,8400,0.0
2000-08-16,17.666667938232422,17.72135353088379,17.57552146911621,17.666667938232422,12.754279136657715,7200,0.0
2000-08-17,17.677082061767578,17.677082061767578,17.677082061767578,17.677082061767578,12.761801719665527,600,0.0
2000-08-18,17.963542938232422,17.963542938232422,17.859375,17.869792938232422,12.900930404663086,127200,0.0
2000-08-21,17.9375,17.97135353088379,17.875,17.875,12.904691696166992,3600,0.0
2000-08-22,17.947917938232422,17.9921875,17.91927146911621,17.91927146911621,12.9366455078125,39000,0.0
2000-08-23,17.802082061767578,17.9453125,17.791667938232422,17.9453125,12.955452919006348,41400,0.0
2000-08-24,18.0,18.104167938232422,18.0,18.104167938232422,13.070134162902832,55800,0.0
2000-08-25,18.21875,18.25,18.21875,18.25,13.175415992736816,19200,0.0
2000-08-28,18.34114646911621,18.34114646911621,18.213542938232422,18.22135353088379,13.154741287231445,16800,0.0
2000-08-29,18.270832061767578,18.395832061767578,18.270832061767578,18.395832061767578,13.280706405639648,87600,0.0
2000-08-30,18.40625,18.46614646911621,18.395832061767578,18.447917938232422,13.318299293518066,75600,0.0
2000-08-31,18.541667938232422,18.69010353088379,18.541667938232422,18.645832061767578,13.461182594299316,220200,0.0
2000-09-01,18.729167938232422,18.734375,18.59375,18.713542938232422,13.510069847106934,601800,0.0
2000-09-05,18.739582061767578,18.739582061767578,18.536457061767578,18.5546875,13.395383834838867,160200,0.0
2000-09-06,18.520832061767578,18.520832061767578,18.3984375,18.494792938232422,13.352151870727539,44400,0.0
2000-09-07,18.572917938232422,18.796875,18.572917938232422,18.796875,13.57022762298584,107400,0.0
2000-09-08,18.713542938232422,18.713542938232422,18.578125,18.604167938232422,13.431107521057129,72600,0.0
2000-09-11,18.526042938232422,18.65625,18.473957061767578,18.479167938232422,13.340864181518555,52800,0.0
2000-09-12,18.56510353088379,18.56510353088379,18.546875,18.546875,13.389737129211426,27000,0.0
2000-09-13,18.401042938232422,18.51822853088379,18.401042938232422,18.463542938232422,13.32958698272705,109200,0.0
2000-09-14,18.640625,18.7734375,18.640625,18.70572853088379,13.504426956176758,148200,0.0
2000-09-15,18.635417938232422,18.635417938232422,18.505207061767578,18.505207061767578,13.359657287597656,324000,0.0
2000-09-18,18.578125,18.578125,18.0625,18.072917938232422,13.047575950622559,136800,0.0
2000-09-19,18.083332061767578,18.12239646911621,17.994792938232422,18.12239646911621,13.083292007446289,14400,0.0
2000-09-20,18.177082061767578,18.182292938232422,18.052082061767578,18.145832061767578,13.110466003417969,558600,0.014167
2000-09-21,18.041667938232422,18.057292938232422,17.838542938232422,17.838542938232422,12.888449668884277,127800,0.0
2000-09-22,17.635417938232422,18.0625,17.5625,18.0625,13.05025863647461,563400,0.0
2000-09-25,18.114582061767578,18.125,17.8984375,17.8984375,12.931716918945312,388800,0.0
2000-09-26,17.91927146911621,17.95052146911621,17.71614646911621,17.760417938232422,12.831995964050293,67800,0.0
2000-09-27,17.880207061767578,17.921875,17.6875,17.729167938232422,12.80942153930664,72600,0.0
2000-09-28,17.6875,18.25,17.6875,18.25,13.1857271194458,232800,0.0
2000-09-29,18.166667938232422,18.2421875,18.10677146911621,18.10677146911621,13.082243919372559,58200,0.0
2000-10-02,18.17447853088379,18.17447853088379,17.85677146911621,17.916667938232422,12.944894790649414,77400,0.0
2000-10-03,17.833332061767578,17.97135353088379,17.614582061767578,17.625,12.73416519165039,136200,0.0
2000-10-04,17.5625,17.796875,17.526042938232422,17.796875,12.858335494995117,44400,0.0
2000-10-05,17.8203125,17.84375,17.65364646911621,17.65364646911621,12.754858016967773,114000,0.0
2000-10-06,17.604167938232422,17.604167938232422,17.197917938232422,17.23177146911621,12.450048446655273,35400,0.0
2000-10-09,17.213542938232422,17.213542938232422,16.973957061767578,17.208332061767578,12.433119773864746,52800,0.0
2000-10-10,17.197917938232422,17.2578125,16.9921875,16.9921875,12.276946067810059,79800,0.0
2000-10-11,16.833332061767578,16.953125,16.677082061767578,16.875,12.19228458404541,54000,0.0
2000-10-12,16.755207061767578,16.84635353088379,16.546875,16.578125,11.977785110473633,41400,0.0
2000-10-13,16.625,17.088542938232422,16.625,17.088542938232422,12.346569061279297,317400,0.0
2000-10-16,17.239582061767578,17.29427146911621,17.151042938232422,17.203125,12.42935562133789,25200,0.0
2000-10-17,17.270832061767578,17.270832061767578,16.73697853088379,16.828125,12.158414840698242,61800,0.0
2000-10-18,16.395832061767578,16.7578125,16.359375,16.640625,12.022941589355469,631800,0.0
2000-10-19,16.9375,17.21614646911621,16.9375,17.21614646911621,12.43875789642334,30000,0.0
2000-10-20,17.229167938232422,17.48697853088379,17.21875,17.447917938232422,12.606219291687012,69000,0.0
2000-10-23,17.4375,17.572917938232422,17.41927146911621,17.572917938232422,12.696532249450684,66600,0.0
2000-10-24,17.56510353088379,17.588542938232422,17.5390625,17.588542938232422,12.707818984985352,311400,0.0
2000-10-25,17.114582061767578,17.3125,16.973957061767578,17.078125,12.339040756225586,456600,0.0
2000-10-26,17.135417938232422,17.307292938232422,16.85677146911621,17.307292938232422,12.504617691040039,73800,0.0
2000-10-27,17.395832061767578,17.421875,17.28385353088379,17.32552146911621,12.517786979675293,190800,0.0
2000-10-30,17.276042938232422,17.46875,17.234375,17.416667938232422,12.583645820617676,165600,0.0
2000-10-31,17.520832061767578,18.203125,17.520832061767578,18.203125,13.151857376098633,295200,0.0
2000-11-01,18.125,18.125,17.96614646911621,18.020832061767578,13.020153999328613,467400,0.0
2000-11-02,18.098957061767578,18.3515625,18.098957061767578,18.34114646911621,13.251585960388184,131400,0.0
2000-11-03,18.328125,18.416667938232422,18.291667938232422,18.416667938232422,13.306144714355469,186000,0.0
2000-11-06,18.43489646911621,18.43489646911621,18.23697853088379,18.25,13.1857271194458,523200,0.0
2000-11-07,18.203125,18.34635353088379,18.166667938232422,18.34635353088379,13.25533390045166,482400,0.0
2000-11-08,18.302082061767578,18.3125,17.96614646911621,17.96614646911621,12.980634689331055,152400,0.0
2000-11-09,17.791667938232422,17.96875,17.66927146911621,17.901042938232422,12.933599472045898,157800,0.0
2000-11-10,17.78385353088379,17.78385353088379,17.5,17.5,12.643848419189453,284400,0.0
2000-11-13,17.213542938232422,17.41927146911621,16.96614646911621,17.416667938232422,12.583645820617676,171000,0.0
2000-11-14,17.625,17.77864646911621,17.614582061767578,17.77864646911621,12.845172882080078,453600,0.0
2000-11-15,17.7421875,18.02864646911621,17.7421875,17.994792938232422,13.00133228302002,107400,0.0
2000-11-16,17.890625,17.9453125,17.614582061767578,17.614582061767578,12.726630210876465,55800,0.0
2000-11-17,17.791667938232422,17.869792938232422,17.661457061767578,17.755207061767578,12.828234672546387,207600,0.0
2000-11-20,17.578125,17.578125,17.302082061767578,17.302082061767578,12.500839233398438,109800,0.0
2000-11-21,17.380207061767578,17.380207061767578,17.145832061767578,17.145832061767578,12.387960433959961,70800,0.0
2000-11-22,17.052082061767578,17.109375,16.854167938232422,16.9140625,12.220501899719238,14400,0.0
2000-11-24,17.010417938232422,17.322917938232422,17.010417938232422,17.322917938232422,12.515904426574707,79800,0.0
2000-11-27,17.53125,17.598957061767578,17.3984375,17.42447853088379,12.589282989501953,138000,0.0
2000-11-28,17.385417938232422,17.385417938232422,16.82552146911621,16.82552146911621,12.156530380249023,332400,0.0
2000-11-29,16.916667938232422,16.916667938232422,16.614582061767578,16.614582061767578,12.00412654876709,115800,0.0
2000-11-30,16.46875,16.59375,16.21875,16.375,11.831026077270508,267000,0.0
2000-12-01,16.6015625,16.927082061767578,16.583332061767578,16.791667938232422,12.132075309753418,160800,0.0
2000-12-04,16.8125,16.84375,16.666667938232422,16.73697853088379,12.092558860778809,96600,0.0
2000-12-05,16.921875,17.38802146911621,16.921875,17.38802146911621,12.562938690185547,249600,0.0
2000-12-06,17.458332061767578,17.48697853088379,17.130207061767578,17.130207061767578,12.376667976379395,199200,0.0
2000-12-07,17.09375,17.166667938232422,17.088542938232422,17.1640625,12.401124954223633,454800,0.0
2000-12-08,17.411457061767578,17.65885353088379,17.411457061767578,17.416667938232422,12.583645820617676,646200,0.0
2000-12-11,17.697917938232422,18.098957061767578,17.697917938232422,18.098957061767578,13.076595306396484,343200,0.0
2000-12-12,18.010417938232422,18.04947853088379,17.84114646911621,17.854167938232422,12.89972972869873,2447400,0.0
2000-12-13,17.729167938232422,17.729167938232422,17.364582061767578,17.364582061767578,12.69005298614502,1388400,0.202667
2000-12-14,17.369792938232422,17.395832061767578,17.04947853088379,17.098957061767578,12.495932579040527,105000,0.0
2000-12-15,17.052082061767578,17.052082061767578,16.8359375,17.04427146911621,12.45596981048584,382800,0.0
2000-12-18,17.192707061767578,17.333332061767578,17.166667938232422,17.223957061767578,12.587284088134766,757200,0.0
2000-12-19,17.229167938232422,17.40364646911621,17.015625,17.015625,12.435033798217773,186600,0.0
2000-12-20,16.817707061767578,16.817707061767578,16.4921875,16.54427146911621,12.090569496154785,468000,0.0
2000-12-21,16.53125,16.802082061767578,16.4453125,16.65625,12.17239761352539,404400,0.0
2000-12-22,16.833332061767578,17.229167938232422,16.79427146911621,17.229167938232422,12.591092109680176,534000,0.0
2000-12-26,17.244792938232422,17.463542938232422,17.244792938232422,17.463542938232422,12.762377738952637,520200,0.0
2000-12-27,17.3125,17.770832061767578,17.3125,17.770832061767578,12.986940383911133,197400,0.0
2000-12-28,18.083332061767578,18.494792938232422,18.083332061767578,18.494792938232422,13.516014099121094,643200,0.0
2000-12-29,18.515625,18.609375,18.015625,18.015625,13.16583251953125,1050000,0.0
2001-01-02,18.0625,18.0625,17.32552146911621,17.38802146911621,12.707180976867676,295800,0.0
2001-01-03,17.291667938232422,18.041667938232422,17.291667938232422,18.041667938232422,13.184866905212402,622800,0.0
2001-01-04,18.09375,18.130207061767578,17.802082061767578,17.8125,13.0173978805542,685200,0.0
2001-01-05,17.854167938232422,17.854167938232422,17.34635353088379,17.369792938232422,12.69385814666748,259800,0.0
2001-01-08,17.322917938232422,17.421875,17.260417938232422,17.421875,12.731917381286621,112800,0.0
2001-01-09,17.447917938232422,17.598957061767578,17.359375,17.375,12.697668075561523,326400,0.0
2001-01-10,17.291667938232422,17.859375,17.291667938232422,17.859375,13.051648139953613,529200,0.0
2001-01-11,17.84375,18.192707061767578,17.84375,18.119792938232422,13.241960525512695,247800,0.0
2001-01-12,18.135417938232422,18.27864646911621,18.04427146911621,18.21875,13.314284324645996,330600,0.0
2001-01-16,18.21875,18.3984375,18.114582061767578,18.354167938232422,13.413248062133789,147600,0.0
2001-01-17,18.65625,18.770832061767578,18.416667938232422,18.447917938232422,13.48175048828125,708600,0.0
2001-01-18,18.447917938232422,18.52864646911621,18.322917938232422,18.46875,13.49698257446289,704400,0.0
2001-01-19,18.520832061767578,18.520832061767578,18.1875,18.1875,13.2914400100708,345000,0.0
2001-01-22,18.1875,18.338542938232422,18.171875,18.338542938232422,13.401826858520508,291000,0.0
2001-01-23,18.333332061767578,18.723957061767578,18.317707061767578,18.6875,13.656847953796387,348000,0.0
2001-01-24,18.739582061767578,18.8125,18.645832061767578,18.6875,13.656847953796387,1232400,0.0
2001-01-25,18.635417938232422,18.734375,18.578125,18.625,13.611172676086426,814200,0.0
2001-01-26,18.46875,18.6875,18.416667938232422,18.651042938232422,13.63020133972168,172200,0.0
2001-01-29,18.633333206176758,18.92333221435547,18.61833381652832,18.921667098999023,13.82796859741211,541200,0.0
2001-01-30,18.96666717529297,18.96666717529297,18.84833335876465,18.96666717529297,13.86086654663086,271800,0.0
2001-01-31,19.0049991607666,19.15166664123535,18.871667861938477,18.871667861938477,13.791425704956055,1524000,0.0
2001-02-01,18.84166717529297,19.010000228881836,18.781667709350586,18.98666763305664,13.875473976135254,666600,0.0
2001-02-02,19.01333236694336,19.06166648864746,18.71500015258789,18.733333587646484,13.690342903137207,760200,0.0
2001-02-05,18.729999542236328,18.833332061767578,18.666667938232422,18.799999237060547,13.739055633544922,202200,0.0
2001-02-06,18.80666732788086,19.059999465942383,18.80666732788086,18.989999771118164,13.877917289733887,999600,0.0
2001-02-07,18.843332290649414,19.17333221435547,18.81166648864746,19.09000015258789,13.950990676879883,128400,0.0
2001-02-08,19.139999389648438,19.145000457763672,18.808332443237305,18.808332443237305,13.745146751403809,115200,0.0
2001-02-09,18.81166648864746,18.815000534057617,18.571666717529297,18.666667938232422,13.641624450683594,214200,0.0
2001-02-12,18.666667938232422,19.128332138061523,18.666667938232422,19.123332977294922,13.975353240966797,427200,0.0
2001-02-13,19.191667556762695,19.389999389648438,18.940000534057617,18.940000534057617,13.841375350952148,396000,0.0
2001-02-14,19.0,19.148332595825195,18.891666412353516,19.148332595825195,13.993622779846191,540000,0.0
2001-02-15,19.281667709350586,19.385000228881836,19.166667938232422,19.166667938232422,14.007026672363281,589800,0.0
2001-02-16,18.916667938232422,19.024999618530273,18.72333335876465,18.791667938232422,13.732965469360352,441600,0.0
2001-02-20,18.916667938232422,18.916667938232422,18.483333587646484,18.516666412353516,13.532001495361328,292200,0.0
2001-02-21,18.475000381469727,18.52166748046875,18.166667938232422,18.204999923706055,13.304224014282227,255600,0.0
2001-02-22,18.208332061767578,18.25,17.864999771118164,17.976667404174805,13.137362480163574,76800,0.0
2001-02-23,17.833332061767578,18.011667251586914,17.461666107177734,18.011667251586914,13.162941932678223,350400,0.0
2001-02-26,18.083332061767578,18.416667938232422,18.079999923706055,18.416667938232422,13.4589204788208,399000,0.0
2001-02-27,18.373332977294922,18.373332977294922,17.989999771118164,17.989999771118164,13.147107124328613,638400,0.0
2001-02-28,18.049999237060547,18.049999237060547,17.71666717529297,17.75,12.971719741821289,1326600,0.0
2001-03-01,17.700000762939453,17.834999084472656,17.411666870117188,17.834999084472656,13.033832550048828,284400,0.0
2001-03-02,17.559999465942383,18.093332290649414,17.559999465942383,17.920000076293945,13.095951080322266,676200,0.0
2001-03-05,18.041667938232422,18.066667556762695,17.898332595825195,17.924999237060547,13.099610328674316,394800,0.0
2001-03-06,18.125,18.209999084472656,18.108333587646484,18.133333206176758,13.251858711242676,429000,0.0
2001-03-07,18.266666412353516,18.356666564941406,18.191667556762695,18.241666793823242,13.331028938293457,402600,0.0
2001-03-08,18.27833366394043,18.288333892822266,18.113332748413086,18.141666412353516,13.257949829101562,441600,0.0
2001-03-09,17.983333587646484,17.983333587646484,17.80500030517578,17.80500030517578,13.011909484863281,651600,0.0
2001-03-12,17.649999618530273,17.649999618530273,17.235000610351562,17.290000915527344,12.649759292602539,113400,0.02
2001-03-13,17.34000015258789,17.469999313354492,17.06166648864746,17.469999313354492,12.781451225280762,358800,0.0
2001-03-14,17.133333206176758,17.433332443237305,17.016666412353516,17.041667938232422,12.468074798583984,259200,0.0
2001-03-15,17.299999237060547,17.331666946411133,16.98666763305664,16.98666763305664,12.427837371826172,243600,0.0
2001-03-16,16.988332748413086,17.078332901000977,16.59166717529297,16.59833335876465,12.143718719482422,1276200,0.0
2001-03-19,16.71666717529297,17.024999618530273,16.57666778564453,17.024999618530273,12.455877304077148,677400,0.0
2001-03-20,17.024999618530273,17.21500015258789,16.700000762939453,16.700000762939453,12.218103408813477,424800,0.0
2001-03-21,16.733333587646484,16.78333282470703,16.333332061767578,16.441667556762695,12.029098510742188,176400,0.0
2001-03-22,16.424999237060547,16.424999237060547,15.633333206176758,16.25,11.888870239257812,415800,0.0
2001-03-23,16.71666717529297,16.77666664123535,16.53333282470703,16.725000381469727,12.236392974853516,285000,0.0
2001-03-26,16.913333892822266,16.991666793823242,16.829999923706055,16.858333587646484,12.333943367004395,139800,0.0
2001-03-27,16.899999618530273,17.1200008392334,16.808332443237305,17.116666793823242,12.52294635772705,84600,0.0
2001-03-28,16.816667556762695,16.81999969482422,16.628332138061523,16.641666412353516,12.175424575805664,284400,0.0
2001-03-29,16.666667938232422,16.76333236694336,16.5,16.524999618530273,12.090070724487305,37800,0.0
2001-03-30,16.663333892822266,16.916667938232422,16.606666564941406,16.916667938232422,12.376620292663574,755400,0.0
2001-04-02,16.875,16.883333206176758,16.40833282470703,16.441667556762695,12.029098510742188,898800,0.0
2001-04-03,16.333332061767578,16.333332061767578,15.850000381469727,15.921667098999023,11.648648262023926,200400,0.0
2001-04-04,15.933333396911621,16.086666107177734,15.875,15.914999961853027,11.643776893615723,393600,0.0
2001-04-05,16.225000381469727,16.731666564941406,16.225000381469727,16.731666564941406,12.241266250610352,280800,0.0
2001-04-06,16.5,16.5,16.28333282470703,16.295000076293945,11.921794891357422,211800,0.0
2001-04-09,16.383333206176758,16.641666412353516,16.383333206176758,16.641666412353516,12.175424575805664,550800,0.0
2001-04-10,16.700000762939453,17.03333282470703,16.696666717529297,17.02833366394043,12.458320617675781,426600,0.0
2001-04-11,17.25,17.261667251586914,16.838333129882812,16.883333206176758,12.352232933044434,225000,0.0
2001-04-12,16.803333282470703,17.125,16.791667938232422,17.125,12.52904224395752,204000,0.0
2001-04-16,16.983333587646484,17.066667556762695,16.80666732788086,16.80666732788086,12.296142578125,340800,0.0
2001-04-17,16.90833282470703,17.166667938232422,16.90833282470703,17.166667938232422,12.559525489807129,889800,0.0
2001-04-18,17.376667022705078,18.166667938232422,17.358333587646484,17.540000915527344,12.832656860351562,487200,0.0
2001-04-19,17.53333282470703,17.75,17.5,17.75,12.98630428314209,66600,0.0
2001-04-20,17.641666412353516,17.65833282470703,17.316667556762695,17.46666717529297,12.779010772705078,185400,0.0
2001-04-23,17.333332061767578,17.358333587646484,17.235000610351562,17.28333282470703,12.644878387451172,156600,0.0
2001-04-24,17.43166732788086,17.47333335876465,17.280000686645508,17.281667709350586,12.64366340637207,123600,0.0
2001-04-25,17.364999771118164,17.75,17.291667938232422,17.733333587646484,12.97411060333252,691200,0.0
2001-04-26,17.774999618530273,18.081666946411133,17.774999618530273,17.97333335876465,13.149699211120605,441000,0.0
2001-04-27,18.079999923706055,18.22166633605957,18.03333282470703,18.22166633605957,13.331384658813477,327000,0.0
2001-04-30,18.288333892822266,18.411666870117188,18.19499969482422,18.2450008392334,13.348459243774414,233400,0.0
2001-05-01,18.208332061767578,18.413333892822266,18.11166763305664,18.413333892822266,13.471616744995117,210600,0.0
2001-05-02,18.424999237060547,18.468332290649414,18.21500015258789,18.364999771118164,13.436248779296875,204000,0.0
2001-05-03,18.28333282470703,18.28333282470703,18.083332061767578,18.155000686645508,13.282611846923828,267600,0.0
2001-05-04,17.940000534057617,18.383333206176758,17.940000534057617,18.38166618347168,13.448445320129395,346800,0.0
2001-05-07,18.413333892822266,18.456666946411133,18.241666793823242,18.241666793823242,13.346020698547363,288000,0.0
2001-05-08,18.366666793823242,18.40166664123535,18.21666717529297,18.398332595825195,13.4606351852417,486000,0.0
2001-05-09,18.28333282470703,18.428333282470703,18.2450008392334,18.325000762939453,13.406989097595215,82200,0.0
2001-05-10,18.483333587646484,18.540000915527344,18.363332748413086,18.366666793823242,13.43747329711914,138600,0.0
2001-05-11,18.366666793823242,18.413333892822266,18.21666717529297,18.23666763305664,13.342360496520996,453000,0.0
2001-05-14,18.241666793823242,18.329999923706055,18.18000030517578,18.27666664123535,13.371627807617188,111600,0.0
2001-05-15,18.27666664123535,18.498332977294922,18.274999618530273,18.450000762939453,13.498438835144043,162600,0.0
2001-05-16,18.336666107177734,18.79833221435547,18.336666107177734,18.791667938232422,13.748414039611816,171600,0.0
2001-05-17,18.81333351135254,19.041667938232422,18.81333351135254,19.014999389648438,13.911805152893066,272400,0.0
2001-05-18,18.991666793823242,19.1299991607666,18.94333267211914,19.123332977294922,13.991068840026855,129000,0.0
2001-05-21,19.14666748046875,19.47833251953125,19.143333435058594,19.47833251953125,14.25079345703125,173400,0.0
2001-05-22,19.491666793823242,19.71500015258789,19.399999618530273,19.633333206176758,14.364192008972168,3202200,0.0
2001-05-23,19.503332138061523,19.516666412353516,19.106666564941406,19.106666564941406,13.978872299194336,1077600,0.0
2001-05-24,19.166667938232422,19.166667938232422,18.90166664123535,19.1200008392334,13.988633155822754,253800,0.0
2001-05-25,19.1299991607666,19.15833282470703,19.083332061767578,19.083332061767578,13.961804389953613,336000,0.0
2001-05-29,19.053333282470703,19.053333282470703,18.816667556762695,18.825000762939453,13.772804260253906,178200,0.0
2001-05-30,18.691667556762695,18.700000762939453,18.440000534057617,18.48666763305664,13.525267601013184,166200,0.0
2001-05-31,18.566667556762695,18.781667709350586,18.541667938232422,18.616666793823242,13.620380401611328,318600,0.0
2001-06-01,18.64666748046875,18.79833221435547,18.49333381652832,18.746667861938477,13.715496063232422,114600,0.0
2001-06-04,18.77166748046875,18.97833251953125,18.77166748046875,18.97833251953125,13.884979248046875,403800,0.0
2001-06-05,19.00666618347168,19.27833366394043,19.00666618347168,19.274999618530273,14.10202693939209,691800,0.0
2001-06-06,19.23666763305664,19.248332977294922,19.066667556762695,19.073333740234375,13.954482078552246,418200,0.0
2001-06-07,19.09166717529297,19.239999771118164,19.073333740234375,19.239999771118164,14.076419830322266,253800,0.0
2001-06-08,19.18166732788086,19.18833351135254,19.0,19.078332901000977,13.95814323425293,188400,0.0
2001-06-11,19.05666732788086,19.078332901000977,18.84166717529297,18.958332061767578,13.883439064025879,815400,0.018
2001-06-12,18.791667938232422,18.996667861938477,18.65999984741211,18.946666717529297,13.87490177154541,618000,0.0
2001-06-13,18.950000762939453,19.081666946411133,18.816667556762695,18.856666564941406,13.80899429321289,185400,0.0
2001-06-14,18.733333587646484,18.733333587646484,18.434999465942383,18.453332901000977,13.513628959655762,251400,0.0
2001-06-15,18.333332061767578,18.496667861938477,18.266666412353516,18.358333587646484,13.44405746459961,672600,0.0
2001-06-18,18.344999313354492,18.386667251586914,18.200000762939453,18.208332061767578,13.334217071533203,63600,0.0
2001-06-19,18.383333206176758,18.40333366394043,18.128332138061523,18.15833282470703,13.297603607177734,105600,0.0
2001-06-20,18.06333351135254,18.358333587646484,18.058332443237305,18.316667556762695,13.413551330566406,870000,0.0
2001-06-21,18.336666107177734,18.48666763305664,18.299999237060547,18.446666717529297,13.508745193481445,528600,0.0
2001-06-22,18.450000762939453,18.450000762939453,18.066667556762695,18.093332290649414,13.249994277954102,1061400,0.0
2001-06-25,18.208332061767578,18.22833251953125,17.983333587646484,18.066667556762695,13.230469703674316,786600,0.0
2001-06-26,17.94499969482422,18.290000915527344,17.916667938232422,18.233333587646484,13.352524757385254,976800,0.0
2001-06-27,18.309999465942383,18.483333587646484,18.296667098999023,18.47166633605957,13.527058601379395,519600,0.0
2001-06-28,18.566667556762695,18.773332595825195,18.566667556762695,18.75,13.730887413024902,651600,0.0
2001-06-29,18.791667938232422,19.121667861938477,18.786666870117188,19.001667022705078,13.915182113647461,667200,0.0
2001-07-02,19.11166763305664,19.155000686645508,18.863332748413086,18.916667938232422,13.852934837341309,423000,0.0
2001-07-03,18.875,18.875,18.741666793823242,18.833332061767578,13.791913032531738,516600,0.0
2001-07-05,18.75,18.799999237060547,18.666667938232422,18.690000534057617,13.686944961547852,488400,0.0
2001-07-06,18.641666412353516,18.641666412353516,18.308332443237305,18.363332748413086,13.447720527648926,144600,0.0
2001-07-09,18.333332061767578,18.426666259765625,18.303333282470703,18.385000228881836,13.463582992553711,295800,0.0
2001-07-10,18.491666793823242,18.491666793823242,18.139999389648438,18.139999389648438,13.284170150756836,417000,0.0
2001-07-11,18.108333587646484,18.225000381469727,17.975000381469727,18.225000381469727,13.346414566040039,308400,0.0
2001-07-12,18.299999237060547,18.69333267211914,18.299999237060547,18.68166732788086,13.680843353271484,811200,0.0
2001-07-13,18.649999618530273,18.799999237060547,18.64666748046875,18.78333282470703,13.755297660827637,164400,0.0
2001-07-16,18.766666412353516,18.836666107177734,18.511667251586914,18.579999923706055,13.606390953063965,786600,0.0
2001-07-17,18.5,18.815000534057617,18.43166732788086,18.815000534057617,13.778484344482422,751800,0.0
2001-07-18,18.633333206176758,18.786666870117188,18.584999084472656,18.625,13.639349937438965,369600,0.0
2001-07-19,18.741666793823242,18.90166664123535,18.64666748046875,18.791667938232422,13.761392593383789,982200,0.0
2001-07-20,18.708332061767578,18.850000381469727,18.683332443237305,18.831666946411133,13.790685653686523,168000,0.0
2001-07-23,18.899999618530273,18.899999618530273,18.636667251586914,18.641666412353516,13.651546478271484,1434600,0.0
2001-07-24,18.67333221435547,18.67333221435547,18.281667709350586,18.358333587646484,13.44405746459961,805200,0.0
2001-07-25,18.366666793823242,18.441667556762695,18.208332061767578,18.416667938232422,13.486778259277344,509400,0.0
2001-07-26,18.450000762939453,18.836666107177734,18.450000762939453,18.791667938232422,13.761392593383789,573600,0.0
2001-07-27,18.81333351135254,18.913333892822266,18.698333740234375,18.86833381652832,13.81754207611084,250200,0.0
2001-07-30,18.831666946411133,18.92333221435547,18.760000228881836,18.891666412353516,13.834624290466309,237000,0.0
2001-07-31,18.89666748046875,19.06999969482422,18.803333282470703,18.875,13.822421073913574,583800,0.0
2001-08-01,18.883333206176758,19.036666870117188,18.828332901000977,18.954999923706055,13.881003379821777,526800,0.0
2001-08-02,19.09166717529297,19.09166717529297,18.860000610351562,18.981666564941406,13.90053653717041,434400,0.0
2001-08-03,18.84833335876465,19.036666870117188,18.71500015258789,18.94333267211914,13.872465133666992,396000,0.0
2001-08-06,18.895000457763672,18.895000457763672,18.633333206176758,18.65833282470703,13.663753509521484,553800,0.0
2001-08-07,18.641666412353516,18.665000915527344,18.536666870117188,18.661666870117188,13.66619873046875,497400,0.0
2001-08-08,18.593332290649414,18.77166748046875,18.334999084472656,18.385000228881836,13.463582992553711,435000,0.0
2001-08-09,18.391666412353516,18.46666717529297,18.288333892822266,18.458332061767578,13.517285346984863,202200,0.0
2001-08-10,18.475000381469727,18.59000015258789,18.325000762939453,18.510000228881836,13.555131912231445,1299600,0.0
2001-08-13,18.608333587646484,18.690000534057617,18.52833366394043,18.641666412353516,13.651546478271484,295800,0.0
2001-08-14,18.700000762939453,18.84000015258789,18.698333740234375,18.75666618347168,13.735762596130371,99600,0.0
2001-08-15,18.833332061767578,18.833332061767578,18.68000030517578,18.799999237060547,13.767495155334473,58200,0.0
2001-08-16,18.760000228881836,18.954999923706055,18.676666259765625,18.954999923706055,13.881003379821777,1041600,0.0
2001-08-17,18.81333351135254,18.843332290649414,18.696666717529297,18.770000457763672,13.745532035827637,885600,0.0
2001-08-20,18.72166633605957,18.886667251586914,18.674999237060547,18.84166717529297,13.798008918762207,219000,0.0
2001-08-21,18.875,18.924999237060547,18.606666564941406,18.606666564941406,13.625909805297852,753000,0.0
2001-08-22,18.741666793823242,18.796667098999023,18.543333053588867,18.796667098999023,13.765059471130371,675600,0.0
2001-08-23,18.74333381652832,18.891666412353516,18.601667404174805,18.601667404174805,13.622255325317383,679800,0.0
2001-08-24,18.674999237060547,18.856666564941406,18.593332290649414,18.85333251953125,13.806551933288574,757800,0.0
2001-08-27,18.833332061767578,18.921667098999023,18.799999237060547,18.821666717529297,13.783371925354004,484800,0.0
2001-08-28,18.791667938232422,18.81333351135254,18.616666793823242,18.641666412353516,13.651546478271484,1005000,0.0
2001-08-29,18.725000381469727,18.725000381469727,18.52166748046875,18.593332290649414,13.616158485412598,739800,0.0
2001-08-30,18.575000762939453,18.663333892822266,18.336666107177734,18.454999923706055,13.514851570129395,315000,0.0
2001-08-31,18.450000762939453,18.583332061767578,18.446666717529297,18.53499984741211,13.573434829711914,158400,0.0
2001-09-04,18.483333587646484,18.666667938232422,18.450000762939453,18.450000762939453,13.511185646057129,715200,0.0
2001-09-05,18.434999465942383,18.448333740234375,18.168333053588867,18.303333282470703,13.40378475189209,351000,0.0
2001-09-06,18.22833251953125,18.22833251953125,17.958332061767578,17.958332061767578,13.151129722595215,119400,0.0
2001-09-07,17.825000762939453,17.90833282470703,17.559999465942383,17.65333366394043,12.927778244018555,604800,0.0
2001-09-10,17.508333206176758,17.54833221435547,17.333332061767578,17.411666870117188,12.750804901123047,744000,0.0
2001-09-17,16.46666717529297,16.866666793823242,16.46666717529297,16.541667938232422,12.113688468933105,1123200,0.0
2001-09-18,16.541667938232422,16.558332443237305,16.166667938232422,16.174999237060547,11.845175743103027,429600,0.0
2001-09-19,16.21666717529297,16.266666412353516,15.399999618530273,15.858332633972168,11.613274574279785,1742400,0.0
2001-09-20,15.583333015441895,15.666666984558105,15.225000381469727,15.25,11.167784690856934,1080600,0.0
2001-09-21,14.708333015441895,15.074999809265137,14.708333015441895,14.949999809265137,10.948091506958008,1240200,0.0
2001-09-24,15.341667175292969,15.558333396911621,15.291666984558105,15.483332633972168,11.338661193847656,2075400,0.0
2001-09-25,15.508333206176758,15.728333473205566,15.508333206176758,15.658332824707031,11.46681022644043,1500600,0.0
2001-09-26,15.75,15.75,15.37166690826416,15.41333293914795,11.287395477294922,405600,0.0
2001-09-27,15.416666984558105,15.583333015441895,15.225000381469727,15.583333015441895,11.411888122558594,860400,0.0
2001-09-28,15.666666984558105,15.975000381469727,15.666666984558105,15.916666984558105,11.655991554260254,979800,0.0
2001-10-01,15.869999885559082,15.869999885559082,15.470000267028809,15.626667022705078,11.443624496459961,745800,0.0
2001-10-02,15.561667442321777,15.808333396911621,15.561667442321777,15.796667098999023,11.593218803405762,741600,0.033833
2001-10-03,15.641667366027832,16.376667022705078,15.641667366027832,16.316667556762695,11.974846839904785,393600,0.0
2001-10-04,16.399999618530273,16.571666717529297,16.31999969482422,16.363332748413086,12.00909423828125,222000,0.0
2001-10-05,16.350000381469727,16.406667709350586,16.03499984741211,16.36833381652832,12.012765884399414,610800,0.0
2001-10-08,16.141666412353516,16.34000015258789,16.110000610351562,16.204999923706055,11.892890930175781,100800,0.0
2001-10-09,16.200000762939453,16.208332061767578,16.038333892822266,16.09166717529297,11.809720993041992,808200,0.0
2001-10-10,16.02666664123535,16.566667556762695,16.02666664123535,16.520000457763672,12.124074935913086,659400,0.0
2001-10-11,16.816667556762695,17.02166748046875,16.816667556762695,16.959999084472656,12.44698715209961,1490400,0.0
2001-10-12,16.799999237060547,16.90333366394043,16.543333053588867,16.780000686645508,12.31489372253418,709200,0.0
2001-10-15,16.725000381469727,16.889999389648438,16.645000457763672,16.85333251953125,12.368706703186035,561000,0.0
2001-10-16,16.916667938232422,17.020000457763672,16.883333206176758,17.020000457763672,12.49102783203125,277200,0.0
2001-10-17,17.094999313354492,17.113332748413086,16.584999084472656,16.584999084472656,12.17177963256836,554400,0.0
2001-10-18,16.586666107177734,16.65166664123535,16.446666717529297,16.46666717529297,12.084930419921875,111000,0.0
2001-10-19,16.428333282470703,16.738332748413086,16.415000915527344,16.690000534057617,12.248838424682617,606000,0.0
2001-10-22,16.666667938232422,16.89666748046875,16.65333366394043,16.89666748046875,12.400506973266602,278400,0.0
2001-10-23,16.96666717529297,16.989999771118164,16.733333587646484,16.733333587646484,12.280637741088867,729600,0.0
2001-10-24,16.774999618530273,16.816667556762695,16.696666717529297,16.795000076293945,12.325896263122559,213000,0.0
2001-10-25,16.666667938232422,17.110000610351562,16.541667938232422,17.09166717529297,12.543617248535156,387600,0.0
2001-10-26,17.049999237060547,17.266666412353516,17.049999237060547,17.184999465942383,12.612122535705566,423000,0.0
2001-10-29,17.241666793823242,17.241666793823242,16.81333351135254,16.81333351135254,12.339349746704102,768000,0.0
2001-10-30,16.713333129882812,16.713333129882812,16.491666793823242,16.566667556762695,12.1583251953125,108600,0.0
2001-10-31,16.706666946411133,16.883333206176758,16.635000228881836,16.793333053588867,12.324671745300293,268800,0.0
2001-11-01,16.799999237060547,17.02166748046875,16.635000228881836,17.02166748046875,12.49224853515625,124800,0.0
2001-11-02,16.983333587646484,17.11166763305664,16.981666564941406,16.981666564941406,12.46288776397705,188400,0.0
2001-11-05,17.15833282470703,17.225000381469727,17.11833381652832,17.225000381469727,12.641469955444336,104400,0.0
2001-11-06,17.108333587646484,17.338333129882812,17.108333587646484,17.338333129882812,12.724649429321289,204000,0.0
2001-11-07,17.308332443237305,17.418333053588867,17.2549991607666,17.316667556762695,12.708747863769531,747600,0.0
2001-11-08,17.363332748413086,17.483333587646484,17.170000076293945,17.191667556762695,12.617013931274414,260400,0.0
2001-11-09,17.225000381469727,17.231666564941406,17.11833381652832,17.174999237060547,12.604781150817871,144600,0.0
2001-11-12,17.083332061767578,17.27666664123535,16.934999465942383,17.25,12.659823417663574,279000,0.0
2001-11-13,17.399999618530273,17.530000686645508,17.363332748413086,17.530000686645508,12.865314483642578,294600,0.0
2001-11-14,17.700000762939453,17.7549991607666,17.545000076293945,17.684999465942383,12.979071617126465,265800,0.0
2001-11-15,17.725000381469727,17.725000381469727,17.531667709350586,17.575000762939453,12.898344993591309,399000,0.0
2001-11-16,17.5,17.614999771118164,17.479999542236328,17.594999313354492,12.913020133972168,205200,0.0
2001-11-19,17.666667938232422,17.75,17.610000610351562,17.75,13.026777267456055,316800,0.0
2001-11-20,17.790000915527344,17.89666748046875,17.72166633605957,17.75666618347168,13.031661033630371,633000,0.0
2001-11-21,17.75,17.75,17.588333129882812,17.666667938232422,12.965609550476074,264000,0.0
2001-11-23,17.666667938232422,17.934999465942383,17.666667938232422,17.918333053588867,13.150309562683105,196200,0.0
2001-11-26,17.94499969482422,18.018333435058594,17.843332290649414,17.958332061767578,13.179670333862305,168000,0.0
2001-11-27,17.958332061767578,18.088333129882812,17.833332061767578,17.941667556762695,13.167440414428711,286800,0.0
2001-11-28,17.89666748046875,17.89666748046875,17.61833381652832,17.61833381652832,12.930148124694824,306600,0.0
2001-11-29,17.683332443237305,17.979999542236328,17.600000381469727,17.979999542236328,13.195574760437012,321000,0.0
2001-11-30,17.96666717529297,18.036666870117188,17.885000228881836,17.899999618530273,13.136859893798828,817800,0.0
2001-12-03,17.911666870117188,17.926666259765625,17.7549991607666,17.833332061767578,13.087928771972656,276000,0.0
2001-12-04,17.950000762939453,18.301666259765625,17.916667938232422,18.266666412353516,13.40595531463623,828000,0.0
2001-12-05,18.469999313354492,18.843332290649414,18.469999313354492,18.761667251586914,13.769240379333496,519600,0.0
2001-12-06,18.774999618530273,18.90333366394043,18.718332290649414,18.889999389648438,13.863419532775879,1339200,0.0
2001-12-07,18.799999237060547,18.921667098999023,18.766666412353516,18.833332061767578,13.821834564208984,277200,0.0
2001-12-10,18.725000381469727,18.829999923706055,18.485000610351562,18.485000610351562,13.566190719604492,455400,0.0
2001-12-11,18.600000381469727,18.690000534057617,18.485000610351562,18.543333053588867,13.609006881713867,687600,0.0
2001-12-12,18.566667556762695,18.600000381469727,18.391666412353516,18.546667098999023,13.611449241638184,214200,0.0
2001-12-13,18.366666793823242,18.501667022705078,18.28333282470703,18.28333282470703,13.418184280395508,425400,0.0
2001-12-14,18.299999237060547,18.44499969482422,18.233333587646484,18.44499969482422,13.536832809448242,436800,0.0
2001-12-17,18.458332061767578,18.731666564941406,18.415000915527344,18.731666564941406,13.765755653381348,875400,0.024833
2001-12-18,18.726667404174805,18.93166732788086,18.726667404174805,18.906667709350586,13.894359588623047,1602000,0.0
2001-12-19,18.833332061767578,18.97333335876465,18.791667938232422,18.88833236694336,13.880891799926758,448200,0.0
2001-12-20,18.8700008392334,18.89666748046875,18.59166717529297,18.59166717529297,13.662873268127441,2640600,0.0
2001-12-21,18.739999771118164,19.00666618347168,18.674999237060547,18.93166732788086,13.912734985351562,529800,0.0
2001-12-24,19.008333206176758,19.09166717529297,18.969999313354492,19.06999969482422,14.014391899108887,130800,0.0
2001-12-26,19.083332061767578,19.268333435058594,19.083332061767578,19.264999389648438,14.15770149230957,1127400,0.0
2001-12-27,19.293333053588867,19.38166618347168,19.2549991607666,19.344999313354492,14.21648120880127,1712400,0.0
2001-12-28,19.416667938232422,19.47166633605957,19.333332061767578,19.34666633605957,14.2177152633667,925800,0.0
2001-12-31,19.360000610351562,19.398332595825195,19.066667556762695,19.066667556762695,14.011940956115723,1274400,0.0
2002-01-02,19.225000381469727,19.225000381469727,18.843332290649414,19.07666778564453,14.019292831420898,2996400,0.0
2002-01-03,19.15833282470703,19.413333892822266,19.15833282470703,19.40333366394043,14.259356498718262,801600,0.0
2002-01-04,19.549999237060547,19.68000030517578,19.405000686645508,19.65333366394043,14.44308090209961,2409600,0.0
2002-01-07,19.678333282470703,19.700000762939453,19.399999618530273,19.399999618530273,14.25690746307373,1417800,0.0
2002-01-08,19.420000076293945,19.559999465942383,19.303333282470703,19.559999465942383,14.374483108520508,2031000,0.0
2002-01-09,19.69333267211914,19.75,19.418333053588867,19.418333053588867,14.270384788513184,1707600,0.0
2002-01-10,19.433332443237305,19.5,19.375,19.46666717529297,14.305902481079102,863400,0.0
2002-01-11,19.489999771118164,19.516666412353516,19.219999313354492,19.219999313354492,14.124627113342285,4101000,0.0
2002-01-14,19.18666648864746,19.211666107177734,18.90166664123535,18.905000686645508,13.893139839172363,510600,0.0
2002-01-15,18.94333267211914,19.073333740234375,18.854999542236328,19.073333740234375,14.016841888427734,457200,0.0
2002-01-16,18.956666946411133,18.956666946411133,18.76333236694336,18.766666412353516,13.791476249694824,1959000,0.0
2002-01-17,18.90333366394043,19.0049991607666,18.760000228881836,18.950000762939453,13.926213264465332,456600,0.0
2002-01-18,18.833332061767578,18.969999313354492,18.700000762939453,18.751667022705078,13.780460357666016,352800,0.0
2002-01-22,18.850000381469727,18.851667404174805,18.536666870117188,18.536666870117188,13.622444152832031,678000,0.0
2002-01-23,18.594999313354492,18.89666748046875,18.53499984741211,18.89666748046875,13.88701343536377,1968600,0.0
2002-01-24,18.98666763305664,19.06166648864746,18.920000076293945,19.016666412353516,13.97519588470459,657000,0.0
2002-01-25,18.956666946411133,19.05666732788086,18.866666793823242,19.024999618530273,13.98132038116455,1618200,0.0
2002-01-28,19.100000381469727,19.163333892822266,18.9950008392334,19.163333892822266,14.082984924316406,815400,0.0
2002-01-29,19.166667938232422,19.190000534057617,18.751667022705078,18.863332748413086,13.862513542175293,1171200,0.0
2002-01-30,18.808332443237305,19.108333587646484,18.663333892822266,19.09166717529297,14.030322074890137,895200,0.0
2002-01-31,19.174999237060547,19.358333587646484,19.05666732788086,19.358333587646484,14.226285934448242,499800,0.0
2002-02-01,19.299999237060547,19.375,19.15333366394043,19.190000534057617,14.102581977844238,570000,0.0
2002-02-04,19.166667938232422,19.166667938232422,18.733333587646484,18.836666107177734,13.842920303344727,1038600,0.0
2002-02-05,18.803333282470703,18.85333251953125,18.608333587646484,18.761667251586914,13.787803649902344,835800,0.0
2002-02-06,18.75,18.758333206176758,18.479999542236328,18.48666763305664,13.585708618164062,856200,0.0
2002-02-07,18.5,18.56166648864746,18.30666732788086,18.30666732788086,13.453418731689453,457800,0.0
2002-02-08,18.344999313354492,18.661666870117188,18.30500030517578,18.65833282470703,13.711852073669434,1078800,0.0
2002-02-11,18.665000915527344,18.92333221435547,18.600000381469727,18.875,13.871091842651367,2022000,0.0
2002-02-12,18.75,18.96500015258789,18.709999084472656,18.891666412353516,13.883340835571289,1978200,0.0
2002-02-13,18.94499969482422,19.073333740234375,18.94499969482422,19.046667098999023,13.997257232666016,1164000,0.0
2002-02-14,19.086666107177734,19.18833351135254,18.883333206176758,18.913333892822266,13.899256706237793,665400,0.0
2002-02-15,18.876667022705078,18.94333267211914,18.74333381652832,18.82666778564453,13.835566520690918,1478400,0.0
2002-02-19,18.733333587646484,18.75,18.496667861938477,18.538333892822266,13.623679161071777,1060800,0.0
2002-02-20,18.530000686645508,18.795000076293945,18.40166664123535,18.758333206176758,13.785346031188965,1906800,0.0
2002-02-21,18.746667861938477,18.82666778564453,18.421667098999023,18.421667098999023,13.53794002532959,1000800,0.0
2002-02-22,18.421667098999023,18.704999923706055,18.389999389648438,18.666667938232422,13.717984199523926,1006200,0.0
2002-02-25,18.766666412353516,18.906667709350586,18.72166633605957,18.90333366394043,13.891914367675781,472200,0.0
2002-02-26,18.90999984741211,19.05666732788086,18.809999465942383,18.958332061767578,13.932334899902344,1103400,0.0
2002-02-27,19.083332061767578,19.19333267211914,19.001667022705078,19.09833335876465,14.035216331481934,1678200,0.0
2002-02-28,19.10333251953125,19.149999618530273,18.875,18.958332061767578,13.932334899902344,631800,0.0
2002-03-01,19.03333282470703,19.354999542236328,18.97833251953125,19.354999542236328,14.22383975982666,1521000,0.0
2002-03-04,19.399999618530273,19.816667556762695,19.399999618530273,19.733333587646484,14.501867294311523,1074600,0.0
2002-03-05,19.708332061767578,19.829999923706055,19.6299991607666,19.700000762939453,14.477373123168945,1079400,0.0
2002-03-06,19.641666412353516,19.988332748413086,19.553333282470703,19.988332748413086,14.689275741577148,582000,0.0
2002-03-07,20.083332061767578,20.136667251586914,19.90833282470703,19.9950008392334,14.694168090820312,537000,0.0
2002-03-08,20.174999237060547,20.238332748413086,20.036666870117188,20.139999389648438,14.800726890563965,842400,0.0
2002-03-11,20.125,20.261667251586914,19.9950008392334,20.165000915527344,14.832481384277344,399000,0.018167
2002-03-12,19.975000381469727,20.19333267211914,19.921667098999023,20.126667022705078,14.804280281066895,399600,0.0
2002-03-13,20.03333282470703,20.113332748413086,19.963333129882812,19.979999542236328,14.696405410766602,729600,0.0
2002-03-14,20.041667938232422,20.170000076293945,19.97166633605957,20.06166648864746,14.756470680236816,1282800,0.0
2002-03-15,20.008333206176758,20.238332748413086,19.959999084472656,20.123332977294922,14.801841735839844,475200,0.0
2002-03-18,20.28333282470703,20.391666412353516,20.166667938232422,20.333332061767578,14.956302642822266,479400,0.0
2002-03-19,20.34166717529297,20.459999084472656,20.333332061767578,20.421667098999023,15.021272659301758,838800,0.0
2002-03-20,20.334999084472656,20.36833381652832,20.161666870117188,20.161666870117188,14.830029487609863,817800,0.0
2002-03-21,20.233333587646484,20.440000534057617,20.114999771118164,20.360000610351562,14.975916862487793,1021200,0.0
2002-03-22,20.40833282470703,20.543333053588867,20.27666664123535,20.291667938232422,14.925651550292969,779400,0.0
2002-03-25,20.328332901000977,20.333332061767578,20.05666732788086,20.075000762939453,14.766281127929688,1784400,0.0
2002-03-26,20.088333129882812,20.316667556762695,20.088333129882812,20.316667556762695,14.944032669067383,993600,0.0
2002-03-27,20.316667556762695,20.511667251586914,20.30666732788086,20.5,15.078896522521973,1542600,0.0
2002-03-28,20.566667556762695,20.683332443237305,20.415000915527344,20.415000915527344,15.016362190246582,902400,0.0
2002-04-01,20.40833282470703,20.5,20.168333053588867,20.424999237060547,15.023726463317871,1629000,0.0
2002-04-02,20.333332061767578,20.450000762939453,20.286666870117188,20.316667556762695,14.944032669067383,578400,0.0
2002-04-03,20.34666633605957,20.366666793823242,20.104999542236328,20.18666648864746,14.848409652709961,1906800,0.0
2002-04-04,20.100000381469727,20.299999237060547,20.083332061767578,20.083332061767578,14.772404670715332,408600,0.0
2002-04-05,20.350000381469727,20.383333206176758,20.213333129882812,20.23666763305664,14.885196685791016,450600,0.0
2002-04-08,20.049999237060547,20.51333236694336,20.041667938232422,20.450000762939453,15.0421142578125,1371600,0.0
2002-04-09,20.5,20.581666946411133,20.469999313354492,20.475000381469727,15.060502052307129,423600,0.0
2002-04-10,20.566667556762695,20.838333129882812,20.566667556762695,20.833332061767578,15.324077606201172,1624800,0.0
2002-04-11,20.799999237060547,20.88833236694336,20.53333282470703,20.549999237060547,15.115671157836914,1300200,0.0
2002-04-12,20.65833282470703,20.958332061767578,20.546667098999023,20.958332061767578,15.416027069091797,898200,0.0
2002-04-15,21.0,21.11166763305664,20.81333351135254,20.866666793823242,15.348587036132812,2186400,0.0
2002-04-16,21.125,21.450000762939453,21.059999465942383,21.316667556762695,15.679594993591309,1339800,0.0
2002-04-17,21.391666412353516,21.391666412353516,21.200000762939453,21.218332290649414,15.607266426086426,2290800,0.0
2002-04-18,21.229999542236328,21.2549991607666,20.96666717529297,21.18000030517578,15.579071044921875,882600,0.0
2002-04-19,21.25,21.273332595825195,21.128332138061523,21.196666717529297,15.591330528259277,2041800,0.0
2002-04-22,21.155000686645508,21.155000686645508,20.958332061767578,20.98666763305664,15.43686294555664,3184800,0.0
2002-04-23,21.024999618530273,21.086666107177734,20.933332443237305,21.05666732788086,15.488349914550781,3760200,0.0
2002-04-24,21.083332061767578,21.200000762939453,20.864999771118164,20.875,15.354729652404785,4974000,0.0
2002-04-25,20.891666412353516,21.014999389648438,20.753332138061523,21.0,15.446667671203613,1643400,0.0
2002-04-26,21.024999618530273,21.059999465942383,20.708332061767578,20.708332061767578,15.232133865356445,2545800,0.0
2002-04-29,20.703332901000977,20.760000228881836,20.59833335876465,20.674999237060547,15.207610130310059,3985200,0.0
2002-04-30,20.700000762939453,21.065000534057617,20.700000762939453,21.065000534057617,15.494474411010742,4384800,0.0
2002-05-01,21.046667098999023,21.203332901000977,20.726667404174805,21.126667022705078,15.539837837219238,3616800,0.0
2002-05-02,21.108333587646484,21.274999618530273,21.05666732788086,21.218332290649414,15.607266426086426,1118400,0.0
2002-05-03,21.206666946411133,21.268333435058594,21.036666870117188,21.183332443237305,15.581521987915039,5223000,0.0
2002-05-06,21.183332443237305,21.264999389648438,20.770000457763672,20.799999237060547,15.299559593200684,1798800,0.0
2002-05-07,20.883333206176758,20.883333206176758,20.566667556762695,20.566667556762695,15.127927780151367,2157600,0.0
2002-05-08,20.916667938232422,21.084999084472656,20.854999542236328,21.043333053588867,15.47853946685791,1453800,0.0
2002-05-09,20.975000381469727,21.04833221435547,20.708332061767578,20.72833251953125,15.246842384338379,934200,0.0
2002-05-10,20.766666412353516,20.790000915527344,20.373332977294922,20.373332977294922,14.985713958740234,1858200,0.0
2002-05-13,20.461666107177734,20.663333892822266,20.373332977294922,20.583332061767578,15.140185356140137,913200,0.0
2002-05-14,20.891666412353516,21.25,20.790000915527344,21.25,15.630550384521484,1651200,0.0
2002-05-15,21.049999237060547,21.364999771118164,21.024999618530273,21.303333282470703,15.669788360595703,1889400,0.0
2002-05-16,21.233333587646484,21.25666618347168,20.863332748413086,20.918333053588867,15.386597633361816,1191600,0.0
2002-05-17,21.024999618530273,21.09000015258789,20.84666633605957,21.02833366394043,15.467509269714355,1192800,0.0
2002-05-20,20.963333129882812,20.985000610351562,20.75,20.791667938232422,15.293420791625977,611400,0.0
2002-05-21,20.866666793823242,20.866666793823242,20.358333587646484,20.420000076293945,15.020045280456543,2830200,0.0
2002-05-22,20.391666412353516,20.543333053588867,20.27166748046875,20.39666748046875,15.002883911132812,2367000,0.0
2002-05-23,20.46666717529297,20.75,20.27666664123535,20.733333587646484,15.25052547454834,1326000,0.0
2002-05-24,20.666667938232422,20.671667098999023,20.416667938232422,20.416667938232422,15.017600059509277,399600,0.0
2002-05-28,20.496667861938477,20.498332977294922,20.125,20.375,14.986948013305664,1062000,0.0
2002-05-29,20.241666793823242,20.281667709350586,20.101667404174805,20.163333892822266,14.831254005432129,1321800,0.0
2002-05-30,20.053333282470703,20.2549991607666,19.926666259765625,20.141666412353516,14.815320014953613,1362000,0.0
2002-05-31,20.233333587646484,20.399999618530273,20.149999618530273,20.166667938232422,14.833700180053711,624000,0.0
2002-06-03,20.156667709350586,20.156667709350586,19.516666412353516,19.516666412353516,14.355588912963867,3078000,0.0
2002-06-04,19.5,19.600000381469727,19.233333587646484,19.46666717529297,14.318818092346191,2310600,0.0
2002-06-05,19.416667938232422,19.604999542236328,19.363332748413086,19.524999618530273,14.361712455749512,2899200,0.0
2002-06-06,19.558332443237305,19.558332443237305,19.196666717529297,19.235000610351562,14.148409843444824,1270200,0.0
2002-06-07,18.983333587646484,19.546667098999023,18.975000381469727,19.475000381469727,14.32494831085205,2661000,0.0
2002-06-10,19.5,19.63166618347168,19.266666412353516,19.351667404174805,14.234222412109375,2808000,0.0
2002-06-11,19.483333587646484,19.51333236694336,19.079999923706055,19.079999923706055,14.034399032592773,2924400,0.0
2002-06-12,19.141666412353516,19.219999313354492,18.924999237060547,19.09166717529297,14.042990684509277,3622800,0.0
2002-06-13,19.13166618347168,19.200000762939453,18.828332901000977,18.84166717529297,13.85909366607666,691200,0.0
2002-06-14,18.674999237060547,18.97333335876465,18.469999313354492,18.940000534057617,13.931428909301758,3415800,0.0
2002-06-17,19.008333206176758,19.46666717529297,19.008333206176758,19.426666259765625,14.308659553527832,836400,0.0255
2002-06-18,19.458332061767578,19.665000915527344,19.428333282470703,19.448333740234375,14.32461929321289,726600,0.0
2002-06-19,19.366666793823242,19.641666412353516,19.136667251586914,19.139999389648438,14.097517967224121,1784400,0.0
2002-06-20,19.323333740234375,19.363332748413086,19.049999237060547,19.058332443237305,14.037358283996582,1410600,0.0
2002-06-21,19.149999618530273,19.273332595825195,18.96500015258789,19.04833221435547,14.02999496459961,2598000,0.0
2002-06-24,19.0,19.190000534057617,18.72166633605957,19.020000457763672,14.009132385253906,645000,0.0
2002-06-25,19.149999618530273,19.21500015258789,18.57666778564453,18.616666793823242,13.712052345275879,742200,0.0
2002-06-26,18.253332138061523,18.726667404174805,18.19333267211914,18.718332290649414,13.786938667297363,2882400,0.0
2002-06-27,18.866666793823242,19.05500030517578,18.600000381469727,19.05500030517578,14.034910202026367,2225400,0.0
2002-06-28,19.086666107177734,19.248332977294922,19.083332061767578,19.083332061767578,14.055776596069336,3147600,0.0
2002-07-01,19.066667556762695,19.183332443237305,18.558332443237305,18.558332443237305,13.669083595275879,793800,0.0
2002-07-02,18.463333129882812,18.610000610351562,18.0,18.016666412353516,13.270126342773438,1839600,0.0
2002-07-03,18.0,18.05666732788086,17.551666259765625,17.81999969482422,13.125272750854492,2008800,0.0
2002-07-05,17.95166778564453,18.53333282470703,17.95166778564453,18.428333282470703,13.57333755493164,781800,0.0
2002-07-08,18.510000228881836,18.52833366394043,18.125,18.125,13.349916458129883,1250400,0.0
2002-07-09,18.183332443237305,18.26333236694336,17.883333206176758,17.97333335876465,13.23820972442627,1612800,0.0
2002-07-10,17.985000610351562,17.985000610351562,17.498332977294922,17.5,12.889575004577637,642600,0.0
2002-07-11,17.333332061767578,17.441667556762695,16.985000610351562,17.270000457763672,12.720172882080078,1846200,0.0
2002-07-12,17.366666793823242,17.55666732788086,17.079999923706055,17.155000686645508,12.635469436645508,1608000,0.0
2002-07-15,17.0,17.09833335876465,16.383333206176758,16.933332443237305,12.472196578979492,2365200,0.0
2002-07-16,16.916667938232422,17.05666732788086,16.583332061767578,16.731666564941406,12.323662757873535,1112400,0.0
2002-07-17,17.11166763305664,17.15833282470703,16.476667404174805,16.781667709350586,12.360492706298828,822000,0.0
2002-07-18,16.793333053588867,16.866666793823242,16.333332061767578,16.358333587646484,12.048686981201172,621000,0.0
2002-07-19,16.100000381469727,16.241666793823242,15.833333015441895,16.046667098999023,11.819125175476074,1405800,0.0
2002-07-22,15.733332633972168,16.0,15.308333396911621,15.566666603088379,11.465584754943848,1731600,0.0
2002-07-23,15.600000381469727,15.623332977294922,14.933333396911621,15.041666984558105,11.078896522521973,883200,0.0
2002-07-24,14.600000381469727,15.734999656677246,14.501667022705078,15.698332786560059,11.562565803527832,2070600,0.0
2002-07-25,15.600000381469727,16.058332443237305,15.416666984558105,15.783332824707031,11.625165939331055,1500000,0.0
2002-07-26,15.875,16.03333282470703,15.670000076293945,15.899999618530273,11.711098670959473,1382400,0.0
2002-07-29,16.308332443237305,16.864999771118164,16.235000610351562,16.78333282470703,12.361715316772461,3118200,0.0
2002-07-30,16.649999618530273,16.981666564941406,16.34166717529297,16.75,12.337163925170898,1505400,0.0
2002-07-31,16.683332443237305,16.773332595825195,16.416667938232422,16.416667938232422,12.091650009155273,1906200,0.0
2002-08-01,16.358333587646484,16.541667938232422,16.176666259765625,16.299999237060547,12.005715370178223,2179800,0.0
2002-08-02,16.166667938232422,16.258333206176758,15.658332824707031,15.708333015441895,11.569933891296387,625800,0.0
2002-08-05,15.666666984558105,15.75,15.241666793823242,15.303333282470703,11.271627426147461,1120800,0.0
2002-08-06,15.5,15.933333396911621,15.5,15.856666564941406,11.679186820983887,1275000,0.0
2002-08-07,16.166667938232422,16.183332443237305,15.69333267211914,16.036666870117188,11.811760902404785,929400,0.0
2002-08-08,16.024999618530273,16.405000686645508,15.956666946411133,16.358333587646484,12.048686981201172,3006600,0.0
2002-08-09,16.233333587646484,16.523332595825195,16.1299991607666,16.333332061767578,12.03027057647705,926400,0.0
2002-08-12,16.108333587646484,16.489999771118164,16.09166717529297,16.375,12.060956001281738,2433600,0.0
2002-08-13,16.34166717529297,16.514999389648438,16.0,16.0,11.784753799438477,876000,0.0
2002-08-14,16.141666412353516,16.498332977294922,15.786666870117188,16.479999542236328,12.138298034667969,871200,0.0
2002-08-15,16.575000762939453,16.683332443237305,16.483333587646484,16.573333740234375,12.207043647766113,366600,0.0
2002-08-16,16.53333282470703,16.866666793823242,16.441667556762695,16.788333892822266,12.365405082702637,992400,0.0
2002-08-19,16.850000381469727,17.149999618530273,16.799999237060547,17.100000381469727,12.594961166381836,1180200,0.0
2002-08-20,17.024999618530273,17.045000076293945,16.84000015258789,16.953332901000977,12.486931800842285,1009200,0.0
2002-08-21,17.14666748046875,17.270000457763672,16.934999465942383,17.270000457763672,12.720172882080078,234600,0.0
2002-08-22,17.163333892822266,17.446666717529297,17.163333892822266,17.366666793823242,12.791373252868652,484800,0.0
2002-08-23,17.266666412353516,17.303333282470703,16.933332443237305,16.979999542236328,12.506572723388672,1171800,0.0
2002-08-26,16.924999237060547,17.200000762939453,16.760000228881836,17.166667938232422,12.644059181213379,323400,0.0
2002-08-27,17.308332443237305,17.308332443237305,16.768333435058594,16.780000686645508,12.359265327453613,1208400,0.0
2002-08-28,16.641666412353516,16.731666564941406,16.416667938232422,16.453332901000977,12.118660926818848,1799400,0.0
2002-08-29,16.291667938232422,16.72333335876465,16.28333282470703,16.594999313354492,12.222999572753906,1212000,0.0
2002-08-30,16.566667556762695,16.80666732788086,16.511667251586914,16.51333236694336,12.16285228729248,313800,0.0
2002-09-03,16.433332443237305,16.450000762939453,15.970000267028809,16.008333206176758,11.790894508361816,1081200,0.0
2002-09-04,16.09166717529297,16.49333381652832,16.02666664123535,16.43000030517578,12.101473808288574,477000,0.0
2002-09-05,16.25,16.3799991607666,16.141666412353516,16.141666412353516,11.8891019821167,255600,0.0
2002-09-06,16.433332443237305,16.666667938232422,16.344999313354492,16.583332061767578,12.214412689208984,255000,0.0
2002-09-09,16.450000762939453,16.77166748046875,16.343332290649414,16.649999618530273,12.263510704040527,176400,0.0
2002-09-10,16.75,16.850000381469727,16.633333206176758,16.808332443237305,12.380135536193848,184800,0.0
2002-09-11,17.03333282470703,17.03333282470703,16.739999771118164,16.78333282470703,12.361715316772461,562800,0.0
2002-09-12,16.708332061767578,16.708332061767578,16.418333053588867,16.433332443237305,12.10391902923584,668400,0.0
2002-09-13,16.316667556762695,16.628332138061523,16.299999237060547,16.584999084472656,12.2156400680542,337200,0.0
2002-09-16,16.399999618530273,16.558332443237305,16.343332290649414,16.43000030517578,12.122547149658203,1522800,0.028833
2002-09-17,16.524999618530273,16.524999618530273,16.09833335876465,16.174999237060547,11.934399604797363,3078600,0.0
2002-09-18,15.925000190734863,16.1299991607666,15.833333015441895,15.983332633972168,11.79297924041748,3000000,0.0
2002-09-19,15.733332633972168,15.925000190734863,15.551667213439941,15.551667213439941,11.474485397338867,1090800,0.0
2002-09-20,15.666666984558105,15.756667137145996,15.536666870117188,15.633333206176758,11.534744262695312,1870200,0.0
2002-09-23,15.533332824707031,15.533332824707031,15.1850004196167,15.225000381469727,11.233457565307617,445800,0.0
2002-09-24,15.083333015441895,15.386667251586914,15.083333015441895,15.164999961853027,11.189188957214355,1356000,0.0
2002-09-25,15.358332633972168,15.601667404174805,15.1850004196167,15.516667366027832,11.448662757873535,3638400,0.0
2002-09-26,15.699999809265137,15.9350004196167,15.666666984558105,15.875,11.713054656982422,2302200,0.0
2002-09-27,15.850000381469727,15.958333015441895,15.501667022705078,15.536666870117188,11.463418960571289,894600,0.0
2002-09-30,15.291666984558105,15.635000228881836,15.091667175292969,15.523332595825195,11.453577041625977,3991200,0.0
2002-10-01,15.566666603088379,15.953332901000977,15.335000038146973,15.953332901000977,11.770849227905273,2040000,0.0
2002-10-02,15.824999809265137,15.933333396911621,15.473333358764648,15.58666706085205,11.500310897827148,1387200,0.0
2002-10-03,15.5,15.69333267211914,15.25,15.25,11.251906394958496,628800,0.0
2002-10-04,15.375,15.375,14.760000228881836,14.899999618530273,10.993670463562012,1755000,0.0
2002-10-07,14.91333293914795,14.916666984558105,14.376667022705078,14.449999809265137,10.661643028259277,1898400,0.0
2002-10-08,14.658332824707031,14.766667366027832,14.326666831970215,14.651666641235352,10.810439109802246,1426800,0.0
2002-10-09,14.541666984558105,14.541666984558105,14.103333473205566,14.116666793823242,10.415698051452637,1407600,0.0
2002-10-10,14.091667175292969,14.524999618530273,14.0,14.441666603088379,10.655496597290039,1090800,0.0
2002-10-11,14.733332633972168,15.085000038146973,14.708333015441895,14.891667366027832,10.987515449523926,1204800,0.0
2002-10-14,14.803333282470703,15.043333053588867,14.774999618530273,14.96833324432373,11.044086456298828,524400,0.0
2002-10-15,15.408332824707031,15.633333206176758,15.346667289733887,15.583333015441895,11.497846603393555,1543800,0.0
2002-10-16,15.375,15.5,15.133333206176758,15.243332862854004,11.246991157531738,802200,0.0
2002-10-17,15.625,15.691666603088379,15.539999961853027,15.649999618530273,11.547040939331055,1312800,0.0
2002-10-18,15.658332824707031,15.798333168029785,15.513333320617676,15.708333015441895,11.590081214904785,434400,0.0
2002-10-21,15.649999618530273,16.081666946411133,15.581666946411133,16.059999465942383,11.8495454788208,820200,0.0
2002-10-22,15.933333396911621,15.988332748413086,15.683333396911621,15.766667366027832,11.633121490478516,727200,0.0
2002-10-23,15.683333396911621,16.016666412353516,15.616666793823242,16.016666412353516,11.817573547363281,773400,0.0
2002-10-24,16.083332061767578,16.15833282470703,15.81833267211914,15.888333320617676,11.722888946533203,792600,0.0
2002-10-25,15.863332748413086,16.06333351135254,15.801667213439941,16.053333282470703,11.844632148742676,966000,0.0
2002-10-28,16.191667556762695,16.191667556762695,15.813332557678223,15.863332748413086,11.704447746276855,1113000,0.0
2002-10-29,15.816666603088379,15.853333473205566,15.520000457763672,15.850000381469727,11.694602966308594,1262400,0.0
2002-10-30,15.808333396911621,16.07666778564453,15.800000190734863,16.07666778564453,11.861846923828125,1318200,0.0
2002-10-31,16.07666778564453,16.18000030517578,15.933333396911621,15.975000381469727,11.786832809448242,847200,0.0
2002-11-01,15.986666679382324,16.38166618347168,15.93166732788086,16.333332061767578,12.051220893859863,857400,0.0
2002-11-04,16.575000762939453,16.731666564941406,16.416667938232422,16.418333053588867,12.113938331604004,1333200,0.0
2002-11-05,16.458332061767578,16.47333335876465,16.208332061767578,16.35333251953125,12.06597900390625,676800,0.0
2002-11-06,16.483333587646484,16.690000534057617,16.3700008392334,16.583332061767578,12.23568058013916,1500600,0.0
2002-11-07,16.458332061767578,16.516666412353516,16.196666717529297,16.268333435058594,12.003268241882324,855600,0.0
2002-11-08,16.266666412353516,16.371667861938477,16.02833366394043,16.09000015258789,11.871684074401855,1228800,0.0
2002-11-11,15.983332633972168,16.023332595825195,15.666666984558105,15.691666603088379,11.577776908874512,2335200,0.0
2002-11-12,15.725000381469727,16.05500030517578,15.71833324432373,15.835000038146973,11.683540344238281,524400,0.0
2002-11-13,15.833333015441895,16.083332061767578,15.6850004196167,15.925000190734863,11.7499418258667,865800,0.0
2002-11-14,16.148332595825195,16.30500030517578,16.086666107177734,16.291667938232422,12.020484924316406,622200,0.0
2002-11-15,16.141666412353516,16.450000762939453,16.141666412353516,16.333332061767578,12.051220893859863,421200,0.0
2002-11-18,16.426666259765625,16.441667556762695,16.149999618530273,16.15833282470703,11.922101020812988,223200,0.0
2002-11-19,16.058332443237305,16.191667556762695,15.975000381469727,15.975000381469727,11.786832809448242,396000,0.0
2002-11-20,15.941666603088379,16.395000457763672,15.941666603088379,16.395000457763672,12.096722602844238,418200,0.0
2002-11-21,16.458332061767578,16.79833221435547,16.420000076293945,16.766666412353516,12.370950698852539,2424000,0.0
2002-11-22,16.674999237060547,16.893333435058594,16.649999618530273,16.78333282470703,12.383244514465332,1219800,0.0
2002-11-25,16.866666793823242,16.981666564941406,16.71666717529297,16.850000381469727,12.432432174682617,1839600,0.0
2002-11-26,16.866666793823242,16.918333053588867,16.584999084472656,16.691667556762695,12.315608978271484,363600,0.0
2002-11-27,16.825000762939453,17.106666564941406,16.808332443237305,17.09000015258789,12.609514236450195,1021200,0.0
2002-11-29,17.094999313354492,17.15333366394043,16.833332061767578,16.834999084472656,12.42137336730957,270600,0.0
2002-12-02,17.079999923706055,17.248332977294922,16.933332443237305,17.001667022705078,12.544336318969727,964800,0.0
2002-12-03,16.866666793823242,16.981666564941406,16.76333236694336,16.833332061767578,12.420137405395508,688800,0.0
2002-12-04,16.666667938232422,16.833332061767578,16.584999084472656,16.768333435058594,12.372182846069336,1637400,0.0
2002-12-05,16.78333282470703,16.78333282470703,16.523332595825195,16.531667709350586,12.197554588317871,1663200,0.0
2002-12-06,16.549999237060547,16.733333587646484,16.441667556762695,16.661666870117188,12.293482780456543,2596800,0.0
2002-12-09,16.641666412353516,16.65166664123535,16.333332061767578,16.333332061767578,12.051220893859863,3251400,0.0
2002-12-10,16.299999237060547,16.72333335876465,16.299999237060547,16.666667938232422,12.297172546386719,2965800,0.0
2002-12-11,16.608333587646484,16.75666618347168,16.553333282470703,16.625,12.266427040100098,4254600,0.0
2002-12-12,16.69499969482422,16.79833221435547,16.633333206176758,16.766666412353516,12.370950698852539,5600400,0.0
2002-12-13,16.674999237060547,16.68166732788086,16.450000762939453,16.450000762939453,12.137300491333008,2053200,0.0
2002-12-16,16.508333206176758,16.698333740234375,16.45166778564453,16.683332443237305,12.334080696105957,1626000,0.032833
2002-12-17,16.71666717529297,16.80500030517578,16.52833366394043,16.53333282470703,12.223180770874023,1746600,0.0
2002-12-18,16.5,16.50666618347168,16.25,16.333332061767578,12.075322151184082,2011200,0.0
2002-12-19,16.333332061767578,16.440000534057617,16.128332138061523,16.170000076293945,11.954575538635254,2810400,0.0
2002-12-20,16.350000381469727,16.42333221435547,16.21500015258789,16.3799991607666,12.109827041625977,2230800,0.0
2002-12-23,16.316667556762695,16.488332748413086,16.291667938232422,16.46666717529297,12.173904418945312,1312200,0.0
2002-12-24,16.450000762939453,16.450000762939453,16.336666107177734,16.389999389648438,12.117215156555176,348000,0.0
2002-12-26,16.441667556762695,16.578332901000977,16.378332138061523,16.398332595825195,12.123381614685059,450600,0.0
2002-12-27,16.358333587646484,16.398332595825195,16.171667098999023,16.171667098999023,11.955804824829102,517800,0.0
2002-12-30,16.28333282470703,16.28333282470703,16.040000915527344,16.204999923706055,11.980447769165039,2137200,0.0
2002-12-31,16.25,16.456666946411133,16.104999542236328,16.241666793823242,12.007556915283203,5307000,0.0
2003-01-02,16.406667709350586,16.700000762939453,16.274999618530273,16.700000762939453,12.346404075622559,2761800,0.0
2003-01-03,16.700000762939453,16.700000762939453,16.566667556762695,16.600000381469727,12.272478103637695,1549800,0.0
2003-01-06,16.63833236694336,16.873332977294922,16.625,16.75666618347168,12.388300895690918,627000,0.0
2003-01-07,16.796667098999023,16.796667098999023,16.501667022705078,16.633333206176758,12.297120094299316,1033200,0.0
2003-01-08,16.600000381469727,16.600000381469727,16.40333366394043,16.475000381469727,12.180060386657715,531600,0.0
2003-01-09,16.549999237060547,16.726667404174805,16.53333282470703,16.639999389648438,12.302044868469238,1017000,0.0
2003-01-10,16.479999542236328,16.768333435058594,16.469999313354492,16.649999618530273,12.309436798095703,452400,0.0
2003-01-13,16.799999237060547,16.80500030517578,16.516666412353516,16.633333206176758,12.297120094299316,2190600,0.0
2003-01-14,16.65833282470703,16.665000915527344,16.516666412353516,16.549999237060547,12.235506057739258,1152000,0.0
2003-01-15,16.663333892822266,16.663333892822266,16.42333221435547,16.5,12.198541641235352,14485800,0.0
2003-01-16,16.5,16.666667938232422,16.446666717529297,16.571666717529297,12.251526832580566,1881600,0.0
2003-01-17,16.433332443237305,16.43666648864746,16.21666717529297,16.281667709350586,12.037130355834961,522600,0.0
2003-01-21,16.281667709350586,16.299999237060547,16.02666664123535,16.06166648864746,11.874479293823242,1650600,0.0
2003-01-22,15.954999923706055,16.116666793823242,15.918333053588867,15.966667175292969,11.804247856140137,867000,0.0
2003-01-23,16.093332290649414,16.15166664123535,15.941666603088379,16.09666633605957,11.900358200073242,1234800,0.0
2003-01-24,16.041667938232422,16.041667938232422,15.783332824707031,15.813332557678223,11.690889358520508,1201200,0.0
2003-01-27,15.633333206176758,15.779999732971191,15.479999542236328,15.501667022705078,11.460466384887695,1803600,0.0
2003-01-28,15.616666793823242,15.6899995803833,15.416666984558105,15.583333015441895,11.520846366882324,597600,0.0
2003-01-29,15.516667366027832,15.833333015441895,15.458333015441895,15.725000381469727,11.625582695007324,990600,0.0
2003-01-30,15.789999961853027,15.789999961853027,15.449999809265137,15.473333358764648,11.439521789550781,745800,0.0
2003-01-31,15.473333358764648,15.744999885559082,15.416666984558105,15.744999885559082,11.640363693237305,408000,0.0
2003-02-03,15.716667175292969,15.763333320617676,15.548333168029785,15.566666603088379,11.508525848388672,406800,0.0
2003-02-04,15.516667366027832,15.608332633972168,15.398332595825195,15.608332633972168,11.539323806762695,692400,0.0
2003-02-05,15.686667442321777,15.691666603088379,15.428333282470703,15.475000381469727,11.440754890441895,544800,0.0
2003-02-06,15.44333267211914,15.53166675567627,15.31833267211914,15.364999771118164,11.3594331741333,357000,0.0
2003-02-07,15.416666984558105,15.426667213439941,15.118332862854004,15.118332862854004,11.177068710327148,419400,0.0
2003-02-10,15.088333129882812,15.243332862854004,15.023332595825195,15.241666793823242,11.268250465393066,727200,0.0
2003-02-11,15.278332710266113,15.333333015441895,15.12833309173584,15.196666717529297,11.23498249053955,867000,0.0
2003-02-12,15.199999809265137,15.223333358764648,14.994999885559082,15.015000343322754,11.100672721862793,1359000,0.0
2003-02-13,14.970000267028809,15.016667366027832,14.858332633972168,14.970000267028809,11.067402839660645,1103400,0.0
2003-02-14,15.0,15.18166732788086,14.960000038146973,15.158332824707031,11.20664119720459,1074600,0.0
2003-02-18,15.279999732971191,15.364999771118164,15.21833324432373,15.329999923706055,11.333553314208984,967800,0.0
2003-02-19,15.358332633972168,15.358332633972168,15.130000114440918,15.210000038146973,11.24483585357666,792600,0.0
2003-02-20,15.236666679382324,15.236666679382324,15.085000038146973,15.100000381469727,11.163514137268066,347400,0.0
2003-02-21,15.091667175292969,15.390000343322754,15.015000343322754,15.30666732788086,11.316303253173828,326400,0.0
2003-02-24,15.274999618530273,15.274999618530273,15.024999618530273,15.024999618530273,11.108068466186523,406200,0.0
2003-02-25,14.991666793823242,15.203332901000977,14.875,15.175000190734863,11.218964576721191,451800,0.0
2003-02-26,15.083333015441895,15.178333282470703,14.981666564941406,15.020000457763672,11.104368209838867,585000,0.0
2003-02-27,15.100000381469727,15.233332633972168,15.036666870117188,15.158332824707031,11.20664119720459,384000,0.0
2003-02-28,15.220000267028809,15.305000305175781,15.15666675567627,15.194999694824219,11.233746528625488,193800,0.0
2003-03-03,15.308333396911621,15.33666706085205,15.046667098999023,15.133333206176758,11.188162803649902,597600,0.0
2003-03-04,15.130000114440918,15.130000114440918,14.868332862854004,14.868332862854004,10.992237091064453,206400,0.0
2003-03-05,14.883333206176758,14.933333396911621,14.78833293914795,14.883333206176758,11.003331184387207,1579200,0.0
2003-03-06,14.816666603088379,14.846667289733887,14.75,14.813332557678223,10.951581001281738,163200,0.0
2003-03-07,14.658332824707031,14.896666526794434,14.658332824707031,14.848333358764648,10.977456092834473,350400,0.0
2003-03-10,14.733332633972168,14.756667137145996,14.501667022705078,14.508333206176758,10.743697166442871,357600,0.024333
2003-03-11,14.5,14.608332633972168,14.375,14.425000190734863,10.681988716125488,722400,0.0
2003-03-12,14.458333015441895,14.458333015441895,14.256667137145996,14.391667366027832,10.657307624816895,694800,0.0
2003-03-13,14.533332824707031,14.766667366027832,14.448332786560059,14.758333206176758,10.92883014678955,2095800,0.0
2003-03-14,14.850000381469727,14.941666603088379,14.694999694824219,14.8100004196167,10.967086791992188,1081800,0.0
2003-03-17,14.748332977294922,15.21166706085205,14.698332786560059,15.16333293914795,11.228737831115723,1452000,0.0
2003-03-18,15.291666984558105,15.366666793823242,15.151666641235352,15.338333129882812,11.35832691192627,715800,0.0
2003-03-19,15.408332824707031,15.414999961853027,15.233332633972168,15.333333015441895,11.354629516601562,762600,0.0
2003-03-20,15.300000190734863,15.508333206176758,15.103333473205566,15.453332901000977,11.443488121032715,537600,0.0
2003-03-21,15.550000190734863,15.74666690826416,15.466667175292969,15.739999771118164,11.65577220916748,1466400,0.0
2003-03-24,15.524999618530273,15.555000305175781,15.279999732971191,15.34000015258789,11.359560012817383,488400,0.0
2003-03-25,15.319999694824219,15.539999961853027,15.305000305175781,15.508333206176758,11.484219551086426,883800,0.0
2003-03-26,15.483332633972168,15.5,15.301667213439941,15.301667213439941,11.3311767578125,939000,0.0
2003-03-27,15.303333282470703,15.479999542236328,15.198332786560059,15.395000457763672,11.400293350219727,1068600,0.0
2003-03-28,15.408332824707031,15.513333320617676,15.363332748413086,15.475000381469727,11.4595365524292,1627200,0.0
2003-03-31,15.283332824707031,15.401666641235352,15.109999656677246,15.24666690826416,11.290452003479004,4212600,0.0
2003-04-01,15.308333396911621,15.436667442321777,15.191666603088379,15.358332633972168,11.373140335083008,1092600,0.0
2003-04-02,15.640000343322754,15.791666984558105,15.613332748413086,15.733332633972168,11.650832176208496,656400,0.0
2003-04-03,15.816666603088379,15.81833267211914,15.631667137145996,15.680000305175781,11.611337661743164,1882800,0.0
2003-04-04,15.741666793823242,15.758333206176758,15.581666946411133,15.633333206176758,11.576784133911133,742200,0.0
2003-04-07,15.821666717529297,15.993332862854004,15.640000343322754,15.678333282470703,11.610102653503418,1065600,0.0
2003-04-08,15.646666526794434,15.65666675567627,15.508333206176758,15.611666679382324,11.560734748840332,538200,0.0
2003-04-09,15.613332748413086,15.725000381469727,15.41333293914795,15.475000381469727,11.4595365524292,723000,0.0
2003-04-10,15.508333206176758,15.543333053588867,15.40666675567627,15.501667022705078,11.479278564453125,127200,0.0
2003-04-11,15.666666984558105,15.666666984558105,15.416666984558105,15.423333168029785,11.421270370483398,328800,0.0
2003-04-14,15.555000305175781,15.734999656677246,15.478333473205566,15.733332633972168,11.650832176208496,521400,0.0
2003-04-15,15.699999809265137,15.841667175292969,15.649999618530273,15.841667175292969,11.731057167053223,499800,0.0
2003-04-16,15.93166732788086,15.93166732788086,15.68166732788086,15.6899995803833,11.618745803833008,621600,0.0
2003-04-17,15.736666679382324,15.973333358764648,15.704999923706055,15.916666984558105,11.78659725189209,511200,0.0
2003-04-21,15.96166706085205,16.041667938232422,15.895000457763672,16.041667938232422,11.87916374206543,528600,0.0
2003-04-22,15.966667175292969,16.323333740234375,15.90999984741211,16.258333206176758,12.039602279663086,499200,0.0
2003-04-23,16.291667938232422,16.411666870117188,16.218332290649414,16.309999465942383,12.077868461608887,1455000,0.0
2003-04-24,16.31333351135254,16.354999542236328,16.19333267211914,16.296667098999023,12.067996978759766,597600,0.0
2003-04-25,16.266666412353516,16.266666412353516,16.049999237060547,16.049999237060547,11.885331153869629,276600,0.0
2003-04-28,16.133333206176758,16.364999771118164,16.07666778564453,16.333332061767578,12.095144271850586,417000,0.0
2003-04-29,16.391666412353516,16.498332977294922,16.333332061767578,16.428333282470703,12.165492057800293,356400,0.0
2003-04-30,16.399999618530273,16.578332901000977,16.333332061767578,16.553333282470703,12.258062362670898,559800,0.0
2003-05-01,16.450000762939453,16.59833335876465,16.333332061767578,16.508333206176758,12.224740982055664,391200,0.0
2003-05-02,16.541667938232422,16.913333892822266,16.541667938232422,16.913333892822266,12.524642944335938,649800,0.0
2003-05-05,16.976667404174805,16.979999542236328,16.844999313354492,16.899999618530273,12.514774322509766,796800,0.0
2003-05-06,16.97833251953125,17.110000610351562,16.956666946411133,17.024999618530273,12.607335090637207,570600,0.0
2003-05-07,17.059999465942383,17.081666946411133,16.941667556762695,16.99333381652832,12.583887100219727,337200,0.0
2003-05-08,16.8799991607666,16.941667556762695,16.774999618530273,16.878332138061523,12.498726844787598,554400,0.0
2003-05-09,16.8799991607666,17.075000762939453,16.8799991607666,17.075000762939453,12.644367218017578,253800,0.0
2003-05-12,17.075000762939453,17.25,17.02833366394043,17.239999771118164,12.766548156738281,927600,0.0
2003-05-13,17.225000381469727,17.27166748046875,17.084999084472656,17.239999771118164,12.766548156738281,529200,0.0
2003-05-14,17.299999237060547,17.299999237060547,17.133333206176758,17.176666259765625,12.719648361206055,667800,0.0
2003-05-15,17.270000457763672,17.27666664123535,17.15166664123535,17.239999771118164,12.766548156738281,280200,0.0
2003-05-16,17.196666717529297,17.200000762939453,16.950000762939453,16.950000762939453,12.551798820495605,447600,0.0
2003-05-19,16.89666748046875,16.89666748046875,16.606666564941406,16.641666412353516,12.323467254638672,906600,0.0
2003-05-20,16.690000534057617,16.75,16.5,16.616666793823242,12.30495834350586,1475400,0.0
2003-05-21,16.600000381469727,16.711666107177734,16.551666259765625,16.68833351135254,12.358025550842285,367800,0.0
2003-05-22,16.68166732788086,16.873332977294922,16.676666259765625,16.80666732788086,12.44565486907959,738000,0.0
2003-05-23,16.838333129882812,16.983333587646484,16.78333282470703,16.969999313354492,12.566606521606445,391200,0.0
2003-05-27,16.933332443237305,17.29833221435547,16.924999237060547,17.266666412353516,12.786295890808105,334800,0.0
2003-05-28,17.350000381469727,17.463333129882812,17.31833267211914,17.434999465942383,12.910951614379883,606000,0.0
2003-05-29,17.498332977294922,17.59833335876465,17.395000457763672,17.5,12.959085464477539,550800,0.0
2003-05-30,17.666667938232422,17.860000610351562,17.621667861938477,17.821666717529297,13.197286605834961,555000,0.0
2003-06-02,17.875,18.065000534057617,17.850000381469727,17.916667938232422,13.267638206481934,568200,0.0
2003-06-03,17.906667709350586,17.961666107177734,17.834999084472656,17.916667938232422,13.267638206481934,699000,0.0
2003-06-04,18.0,18.246667861938477,17.924999237060547,18.246667861938477,13.512002944946289,391800,0.0
2003-06-05,18.09166717529297,18.418333053588867,18.066667556762695,18.378332138061523,13.609504699707031,657600,0.0
2003-06-06,18.588333129882812,18.725000381469727,18.258333206176758,18.258333206176758,13.52064323425293,1186200,0.0
2003-06-09,18.149999618530273,18.190000534057617,17.94333267211914,17.95166778564453,13.293549537658691,2026800,0.0
2003-06-10,18.110000610351562,18.225000381469727,18.020000457763672,18.206666946411133,13.482390403747559,475200,0.0
2003-06-11,18.208332061767578,18.426666259765625,18.125,18.424999237060547,13.64406681060791,1069200,0.0
2003-06-12,18.524999618530273,18.524999618530273,18.40333366394043,18.511667251586914,13.708244323730469,921600,0.0
2003-06-13,18.546667098999023,18.546667098999023,18.208332061767578,18.28333282470703,13.539156913757324,786600,0.0
2003-06-16,18.303333282470703,18.52666664123535,18.241666793823242,18.491666793823242,13.71957015991211,1007400,0.034833
2003-06-17,18.48666763305664,18.601667404174805,18.40833282470703,18.586666107177734,13.790051460266113,634200,0.0
2003-06-18,18.516666412353516,18.571666717529297,18.416667938232422,18.524999618530273,13.744298934936523,484800,0.0
2003-06-19,18.485000610351562,18.606666564941406,18.316667556762695,18.383333206176758,13.63919448852539,1292400,0.0
2003-06-20,18.383333206176758,18.440000534057617,18.213333129882812,18.213333129882812,13.513069152832031,2019000,0.0
2003-06-23,18.25,18.303333282470703,17.921667098999023,17.94333267211914,13.312746047973633,1299000,0.0
2003-06-24,17.983333587646484,18.071666717529297,17.858333587646484,18.0,13.354782104492188,696600,0.0
2003-06-25,18.024999618530273,18.190000534057617,18.0,18.065000534057617,13.403017044067383,759000,0.0
2003-06-26,18.100000381469727,18.325000762939453,18.084999084472656,18.325000762939453,13.595921516418457,3012600,0.0
2003-06-27,18.333332061767578,18.501667022705078,18.21666717529297,18.258333206176758,13.546453475952148,3691800,0.0
2003-06-30,18.441667556762695,18.463333129882812,18.219999313354492,18.274999618530273,13.558815956115723,5246400,0.0
2003-07-01,18.258333206176758,18.371667861938477,18.003332138061523,18.354999542236328,13.618167877197266,1550400,0.0
2003-07-02,18.441667556762695,18.698333740234375,18.416667938232422,18.698333740234375,13.872904777526855,1674600,0.0
2003-07-03,18.600000381469727,18.735000610351562,18.551666259765625,18.608333587646484,13.806133270263672,1122600,0.0
2003-07-07,18.758333206176758,18.898332595825195,18.758333206176758,18.898332595825195,14.021286010742188,801000,0.0
2003-07-08,18.883333206176758,19.290000915527344,18.883333206176758,19.290000915527344,14.311888694763184,1427400,0.0
2003-07-09,19.281667709350586,19.389999389648438,19.15833282470703,19.363332748413086,14.366287231445312,2148000,0.0
2003-07-10,19.25,19.251667022705078,18.958332061767578,19.045000076293945,14.130111694335938,1539000,0.0
2003-07-11,19.079999923706055,19.231666564941406,19.066667556762695,19.22833251953125,14.266130447387695,769200,0.0
2003-07-14,19.350000381469727,19.496667861938477,19.315000534057617,19.331666946411133,14.342790603637695,1563600,0.0
2003-07-15,19.458332061767578,19.458332061767578,19.14666748046875,19.23666763305664,14.272305488586426,859200,0.0
2003-07-16,19.333332061767578,19.333332061767578,19.04833221435547,19.116666793823242,14.183276176452637,2272200,0.0
2003-07-17,18.90833282470703,19.014999389648438,18.616666793823242,18.678333282470703,13.858061790466309,1393200,0.0
2003-07-18,18.766666412353516,18.85333251953125,18.610000610351562,18.84000015258789,13.978010177612305,339000,0.0
2003-07-21,18.825000762939453,18.825000762939453,18.56333351135254,18.57666778564453,13.782637596130371,1109400,0.0
2003-07-22,18.71666717529297,18.808332443237305,18.56333351135254,18.770000457763672,13.926077842712402,363000,0.0
2003-07-23,18.86166763305664,18.90166664123535,18.65999984741211,18.871667861938477,14.001506805419922,328800,0.0
2003-07-24,19.016666412353516,19.133333206176758,18.833332061767578,18.875,14.003976821899414,265800,0.0
2003-07-25,18.85333251953125,19.040000915527344,18.726667404174805,18.946666717529297,14.057150840759277,406200,0.0
2003-07-28,19.03333282470703,19.22333335876465,18.988332748413086,19.141666412353516,14.201825141906738,405000,0.0
2003-07-29,19.253332138061523,19.25666618347168,19.0,19.190000534057617,14.237691879272461,943200,0.0
2003-07-30,19.21666717529297,19.21666717529297,18.97166633605957,19.13833236694336,14.199356079101562,435000,0.0
2003-07-31,19.233333587646484,19.34000015258789,19.143333435058594,19.184999465942383,14.233976364135742,1119000,0.0
2003-08-01,19.15833282470703,19.184999465942383,18.8799991607666,18.924999237060547,14.0410737991333,877200,0.0
2003-08-04,18.963333129882812,18.96500015258789,18.674999237060547,18.875,14.003976821899414,487200,0.0
2003-08-05,18.875,18.875,18.581666946411133,18.581666946411133,13.786343574523926,660600,0.0
2003-08-06,18.566667556762695,18.70166778564453,18.44499969482422,18.485000610351562,13.714620590209961,1593000,0.0
2003-08-07,18.541667938232422,18.616666793823242,18.395000457763672,18.616666793823242,13.812318801879883,1309800,0.0
2003-08-08,18.613332748413086,18.649999618530273,18.516666412353516,18.56999969482422,13.777691841125488,1229400,0.0
2003-08-11,18.553333282470703,18.770000457763672,18.553333282470703,18.733333587646484,13.898870468139648,1347000,0.0
2003-08-12,18.816667556762695,19.06833267211914,18.78333282470703,19.030000686645508,14.118975639343262,676800,0.0
2003-08-13,19.10333251953125,19.166667938232422,19.018333435058594,19.116666793823242,14.183276176452637,769200,0.0
2003-08-14,19.18666648864746,19.235000610351562,19.075000762939453,19.218332290649414,14.258708000183105,779400,0.0
2003-08-15,19.338333129882812,19.366666793823242,19.29833221435547,19.366666793823242,14.368766784667969,111000,0.0
2003-08-18,19.366666793823242,19.655000686645508,19.358333587646484,19.655000686645508,14.582685470581055,662400,0.0
2003-08-19,19.75,19.96666717529297,19.6200008392334,19.96666717529297,14.813918113708496,821400,0.0
2003-08-20,19.883333206176758,20.0049991607666,19.77666664123535,19.969999313354492,14.816394805908203,799200,0.0
2003-08-21,20.075000762939453,20.13833236694336,19.991666793823242,20.104999542236328,14.916558265686035,596400,0.0
2003-08-22,20.299999237060547,20.299999237060547,19.746667861938477,19.746667861938477,14.650700569152832,5363400,0.0
2003-08-25,19.71666717529297,19.764999389648438,19.588333129882812,19.70166778564453,14.61731243133545,584400,0.0
2003-08-26,19.649999618530273,19.843332290649414,19.428333282470703,19.831666946411133,14.713756561279297,1368000,0.0
2003-08-27,19.886667251586914,19.921667098999023,19.74333381652832,19.825000762939453,14.708813667297363,2163000,0.0
2003-08-28,19.93666648864746,20.09833335876465,19.72833251953125,20.09833335876465,14.911608695983887,736800,0.0
2003-08-29,20.09833335876465,20.281667709350586,20.059999465942383,20.143333435058594,14.945001602172852,764400,0.0
2003-09-02,20.166667938232422,20.545000076293945,20.136667251586914,20.5,15.209628105163574,1455000,0.0
2003-09-03,20.616666793823242,20.713333129882812,20.56833267211914,20.641666412353516,15.314723014831543,1579200,0.0
2003-09-04,20.674999237060547,20.71666717529297,20.520000457763672,20.71666717529297,15.370382308959961,2411400,0.0
2003-09-05,20.641666412353516,20.75,20.469999313354492,20.475000381469727,15.191065788269043,1509600,0.0
2003-09-08,20.475000381469727,20.821666717529297,20.475000381469727,20.75,15.39510440826416,1021200,0.0
2003-09-09,20.661666870117188,20.726667404174805,20.53499984741211,20.59166717529297,15.277632713317871,1557600,0.0
2003-09-10,20.491666793823242,20.491666793823242,20.141666412353516,20.183332443237305,14.974672317504883,2853000,0.0
2003-09-11,20.19333267211914,20.411666870117188,20.166667938232422,20.333332061767578,15.085958480834961,704400,0.0
2003-09-12,20.308332443237305,20.434999465942383,20.108333587646484,20.398332595825195,15.134190559387207,1385400,0.0
2003-09-15,20.43666648864746,20.488332748413086,20.266666412353516,20.291667938232422,15.08154296875,1108200,0.035833
2003-09-16,20.299999237060547,20.59666633605957,20.299999237060547,20.565000534057617,15.284697532653809,760200,0.0
2003-09-17,20.53333282470703,20.621667861938477,20.47333335876465,20.55666732788086,15.278498649597168,555000,0.0
2003-09-18,20.5,20.733333587646484,20.479999542236328,20.733333587646484,15.409808158874512,1202400,0.0
2003-09-19,20.690000534057617,20.690000534057617,20.53333282470703,20.53333282470703,15.261157989501953,1246800,0.0
2003-09-22,20.334999084472656,20.448333740234375,20.286666870117188,20.3700008392334,15.139758110046387,2062200,0.0
2003-09-23,20.399999618530273,20.536666870117188,20.309999465942383,20.481666564941406,15.222752571105957,492000,0.0
2003-09-24,20.549999237060547,20.56833267211914,20.116666793823242,20.116666793823242,14.951478958129883,1390200,0.0
2003-09-25,20.246667861938477,20.246667861938477,19.643333435058594,19.643333435058594,14.599681854248047,2835600,0.0
2003-09-26,19.666667938232422,19.741666793823242,19.308332443237305,19.308332443237305,14.350692749023438,3400800,0.0
2003-09-29,19.399999618530273,19.648332595825195,19.219999313354492,19.633333206176758,14.592245101928711,1427400,0.0
2003-09-30,19.53333282470703,19.72166633605957,19.280000686645508,19.56333351135254,14.540215492248535,2403000,0.0
2003-10-01,19.536666870117188,20.05666732788086,19.536666870117188,20.0,14.86476993560791,880200,0.0
2003-10-02,20.040000915527344,20.206666946411133,19.975000381469727,20.139999389648438,14.968819618225098,678000,0.0
2003-10-03,20.479999542236328,20.59000015258789,20.376667022705078,20.531667709350586,15.259920120239258,1191000,0.0
2003-10-06,20.583332061767578,20.65833282470703,20.43000030517578,20.614999771118164,15.321856498718262,730800,0.0
2003-10-07,20.600000381469727,20.80500030517578,20.483333587646484,20.80500030517578,15.463072776794434,1738200,0.0
2003-10-08,20.81333351135254,20.81333351135254,20.510000228881836,20.625,15.329288482666016,759600,0.0
2003-10-09,20.808332443237305,21.02166748046875,20.65166664123535,20.78333282470703,15.446966171264648,2096400,0.0
2003-10-10,20.8799991607666,20.8799991607666,20.586666107177734,20.73666763305664,15.412284851074219,1159200,0.0
2003-10-13,20.850000381469727,21.145000457763672,20.850000381469727,21.02666664123535,15.627825736999512,1214400,0.0
2003-10-14,21.06999969482422,21.203332901000977,20.95166778564453,21.166667938232422,15.731884956359863,1659000,0.0
2003-10-15,21.266666412353516,21.281667709350586,20.950000762939453,21.0,15.607998847961426,463200,0.0
2003-10-16,20.96666717529297,21.183332443237305,20.96666717529297,21.18000030517578,15.741786003112793,531600,0.0
2003-10-17,21.125,21.15999984741211,20.77166748046875,20.854999542236328,15.500232696533203,859200,0.0
2003-10-20,20.916667938232422,20.92333221435547,20.751667022705078,20.899999618530273,15.53368854522705,1513200,0.0
2003-10-21,20.899999618530273,21.05666732788086,20.836666107177734,20.916667938232422,15.54606819152832,591600,0.0
2003-10-22,20.850000381469727,20.850000381469727,20.601667404174805,20.639999389648438,15.340435028076172,1433400,0.0
2003-10-23,20.420000076293945,20.639999389648438,20.34000015258789,20.53333282470703,15.261157989501953,813000,0.0
2003-10-24,20.53333282470703,20.53333282470703,20.280000686645508,20.366666793823242,15.137289047241211,442800,0.0
2003-10-27,20.53333282470703,20.741666793823242,20.53333282470703,20.72833251953125,15.40609359741211,1957800,0.0
2003-10-28,20.829999923706055,21.128332138061523,20.80666732788086,21.128332138061523,15.703381538391113,2002200,0.0
2003-10-29,21.049999237060547,21.308332443237305,21.049999237060547,21.258333206176758,15.800005912780762,1789200,0.0
2003-10-30,21.483333587646484,21.48666763305664,21.209999084472656,21.2549991607666,15.797530174255371,1621200,0.0
2003-10-31,21.266666412353516,21.383333206176758,21.18666648864746,21.253332138061523,15.796289443969727,1536000,0.0
2003-11-03,21.360000610351562,21.690000534057617,21.360000610351562,21.625,16.072528839111328,1117200,0.0
2003-11-04,21.623332977294922,21.773332595825195,21.551666259765625,21.671667098999023,16.107213973999023,1158600,0.0
2003-11-05,21.583332061767578,21.698333740234375,21.366666793823242,21.678333282470703,16.112167358398438,693000,0.0
2003-11-06,21.674999237060547,21.793333053588867,21.520000457763672,21.766666412353516,16.17782211303711,563400,0.0
2003-11-07,21.93166732788086,21.93166732788086,21.739999771118164,21.766666412353516,16.17782211303711,954000,0.0
2003-11-10,21.816667556762695,21.816667556762695,21.424999237060547,21.441667556762695,15.93626594543457,1120200,0.0
2003-11-11,21.458332061767578,21.46666717529297,21.218332290649414,21.31833267211914,15.844598770141602,804000,0.0
2003-11-12,21.39666748046875,21.741666793823242,21.39666748046875,21.741666793823242,16.15924072265625,684000,0.0
2003-11-13,21.70166778564453,21.831666946411133,21.621667861938477,21.774999618530273,16.184017181396484,888600,0.0
2003-11-14,21.78333282470703,21.940000534057617,21.461666107177734,21.46666717529297,15.95485782623291,571200,0.0
2003-11-17,21.27666664123535,21.350000381469727,21.083332061767578,21.288333892822266,15.822312355041504,903600,0.0
2003-11-18,21.3799991607666,21.476667404174805,21.083332061767578,21.083332061767578,15.66993522644043,516600,0.0
2003-11-19,21.183332443237305,21.328332901000977,21.02666664123535,21.258333206176758,15.800005912780762,2872800,0.0
2003-11-20,21.18666648864746,21.371667861938477,21.03499984741211,21.116666793823242,15.694721221923828,557400,0.0
2003-11-21,21.299999237060547,21.331666946411133,21.149999618530273,21.274999618530273,15.812397003173828,415200,0.0
2003-11-24,21.52666664123535,21.78333282470703,21.488332748413086,21.78333282470703,16.19020652770996,672000,0.0
2003-11-25,21.78333282470703,22.0049991607666,21.735000610351562,21.968332290649414,16.327714920043945,864600,0.0
2003-11-26,22.09833335876465,22.114999771118164,21.766666412353516,22.031667709350586,16.374788284301758,569400,0.0
2003-11-28,22.024999618530273,22.110000610351562,22.023332595825195,22.075000762939453,16.40699577331543,523800,0.0
2003-12-01,22.225000381469727,22.376667022705078,22.176666259765625,22.376667022705078,16.631200790405273,844800,0.0
2003-12-02,22.334999084472656,22.461666107177734,22.251667022705078,22.333332061767578,16.598987579345703,638400,0.0
2003-12-03,22.424999237060547,22.454999923706055,21.924999237060547,21.924999237060547,16.295499801635742,821400,0.0
2003-12-04,22.00666618347168,22.010000228881836,21.670000076293945,21.963333129882812,16.323991775512695,780600,0.0
2003-12-05,21.799999237060547,21.911666870117188,21.68166732788086,21.733333587646484,16.153045654296875,1111200,0.0
2003-12-08,21.766666412353516,21.95166778564453,21.678333282470703,21.889999389648438,16.26948356628418,909600,0.0
2003-12-09,21.998332977294922,21.998332977294922,21.56833267211914,21.573333740234375,16.034128189086914,2420400,0.0
2003-12-10,21.65833282470703,21.65833282470703,21.28333282470703,21.376667022705078,15.887965202331543,1980600,0.0
2003-12-11,21.416667938232422,21.90999984741211,21.36833381652832,21.860000610351562,16.247190475463867,2654400,0.0
2003-12-12,21.975000381469727,22.066667556762695,21.80666732788086,22.03333282470703,16.37601089477539,716400,0.0
2003-12-15,22.34166717529297,22.350000381469727,21.625,21.625,16.102378845214844,1707000,0.040833
2003-12-16,21.583332061767578,21.708332061767578,21.364999771118164,21.649999618530273,16.120981216430664,5218200,0.0
2003-12-17,21.666667938232422,21.786666870117188,21.510000228881836,21.741666793823242,16.189239501953125,1099800,0.0
2003-12-18,21.808332443237305,22.07666778564453,21.773332595825195,21.98666763305664,16.37167739868164,645000,0.0
2003-12-19,22.03333282470703,22.045000076293945,21.831666946411133,22.031667709350586,16.405193328857422,1705800,0.0
2003-12-22,22.016666412353516,22.204999923706055,21.934999465942383,22.204999923706055,16.53424835205078,452400,0.0
2003-12-23,22.171667098999023,22.333332061767578,22.093332290649414,22.333332061767578,16.62980842590332,1061400,0.0
2003-12-24,22.316667556762695,22.325000762939453,22.183332443237305,22.183332443237305,16.518112182617188,292800,0.0
2003-12-26,22.28333282470703,22.35333251953125,22.241666793823242,22.329999923706055,16.627321243286133,286800,0.0
2003-12-29,22.43833351135254,22.661666870117188,22.375,22.633333206176758,16.85318946838379,1107000,0.0
2003-12-30,22.64666748046875,22.725000381469727,22.55500030517578,22.666667938232422,16.878015518188477,1140600,0.0
2003-12-31,22.780000686645508,22.808332443237305,22.333332061767578,22.333332061767578,16.62980842590332,5574000,0.0
2004-01-02,22.416667938232422,22.6200008392334,22.334999084472656,22.44333267211914,16.711715698242188,1693200,0.0
2004-01-05,22.575000762939453,22.71666717529297,22.46500015258789,22.71666717529297,16.915252685546875,1479600,0.0
2004-01-06,22.616666793823242,22.774999618530273,22.601667404174805,22.663333892822266,16.87553596496582,2221800,0.0
2004-01-07,22.65333366394043,22.84166717529297,22.536666870117188,22.84166717529297,17.008319854736328,534000,0.0
2004-01-08,22.899999618530273,22.94499969482422,22.751667022705078,22.90333366394043,17.054237365722656,904800,0.0
2004-01-09,22.725000381469727,22.98666763305664,22.700000762939453,22.700000762939453,16.9028263092041,1879800,0.0
2004-01-12,22.86166763305664,22.950000762939453,22.68833351135254,22.950000762939453,17.088985443115234,553200,0.0
2004-01-13,22.979999542236328,22.989999771118164,22.641666412353516,22.981666564941406,17.112567901611328,510000,0.0
2004-01-14,23.078332901000977,23.136667251586914,22.963333129882812,23.125,17.21930694580078,613200,0.0
2004-01-15,23.174999237060547,23.21500015258789,22.885000228881836,23.15333366394043,17.240394592285156,942000,0.0
2004-01-16,23.246667861938477,23.309999465942383,23.149999618530273,23.149999618530273,17.23790740966797,1019400,0.0
2004-01-20,23.31333351135254,23.44333267211914,23.168333053588867,23.39666748046875,17.421585083007812,1586400,0.0
2004-01-21,23.416667938232422,23.54833221435547,23.258333206176758,23.5,17.498523712158203,1029000,0.0
2004-01-22,23.586666107177734,23.65833282470703,23.333332061767578,23.333332061767578,17.37442398071289,1773000,0.0
2004-01-23,23.411666870117188,23.566667556762695,23.291667938232422,23.53499984741211,17.524585723876953,583200,0.0
2004-01-26,23.541667938232422,23.74333381652832,23.40999984741211,23.74333381652832,17.679712295532227,501000,0.0
2004-01-27,23.731666564941406,23.731666564941406,23.399999618530273,23.399999618530273,17.4240665435791,1844400,0.0
2004-01-28,23.616666793823242,23.6200008392334,23.02166748046875,23.083332061767578,17.18825912475586,1791600,0.0
2004-01-29,23.149999618530273,23.198333740234375,22.72166633605957,22.94499969482422,17.08527946472168,1644600,0.0
2004-01-30,22.94499969482422,23.116666793823242,22.843332290649414,22.9950008392334,17.12249755859375,1436400,0.0
2004-02-02,23.053333282470703,23.176666259765625,22.790000915527344,22.94333267211914,17.084020614624023,801600,0.0
2004-02-03,22.90833282470703,23.058332443237305,22.905000686645508,22.926666259765625,17.071611404418945,696000,0.0
2004-02-04,22.833332061767578,22.883333206176758,22.433332443237305,22.481666564941406,16.740251541137695,784800,0.0
2004-02-05,22.52166748046875,22.746667861938477,22.52166748046875,22.670000076293945,16.880496978759766,770400,0.0
2004-02-06,22.691667556762695,23.22166633605957,22.691667556762695,23.149999618530273,17.23790740966797,625800,0.0
2004-02-09,23.22333335876465,23.366666793823242,23.166667938232422,23.25,17.3123722076416,925800,0.0
2004-02-10,23.266666412353516,23.52666664123535,23.208332061767578,23.483333587646484,17.486122131347656,1138800,0.0
2004-02-11,23.575000762939453,23.72833251953125,23.459999084472656,23.706666946411133,17.65242576599121,669000,0.0
2004-02-12,23.719999313354492,23.7450008392334,23.566667556762695,23.606666564941406,17.577959060668945,721800,0.0
2004-02-13,23.683332443237305,23.683332443237305,23.316667556762695,23.316667556762695,17.36201286315918,412800,0.0
2004-02-17,23.524999618530273,23.68166732788086,23.47833251953125,23.641666412353516,17.604015350341797,683400,0.0
2004-02-18,23.65833282470703,23.709999084472656,23.489999771118164,23.59833335876465,17.571746826171875,439200,0.0
2004-02-19,23.725000381469727,23.74333381652832,23.191667556762695,23.200000762939453,17.275142669677734,624000,0.0
2004-02-20,23.208332061767578,23.325000762939453,22.963333129882812,23.113332748413086,17.210607528686523,901200,0.0
2004-02-23,23.170000076293945,23.208332061767578,22.79833221435547,22.850000381469727,17.0145263671875,7419000,0.0
2004-02-24,22.84166717529297,23.078332901000977,22.684999465942383,22.916667938232422,17.064170837402344,3603600,0.0
2004-02-25,22.950000762939453,23.213333129882812,22.88166618347168,23.213333129882812,17.28506851196289,903600,0.0
2004-02-26,23.211666107177734,23.376667022705078,23.06833267211914,23.350000381469727,17.386829376220703,966000,0.0
2004-02-27,23.316667556762695,23.538333892822266,23.316667556762695,23.415000915527344,17.435245513916016,2383800,0.0
2004-03-01,23.558332443237305,23.873332977294922,23.468332290649414,23.873332977294922,17.776519775390625,2121000,0.0
2004-03-02,23.850000381469727,23.94333267211914,23.708332061767578,23.733333587646484,17.67227554321289,3931200,0.0
2004-03-03,23.71666717529297,23.84166717529297,23.518333435058594,23.774999618530273,17.70329475402832,1825800,0.0
2004-03-04,23.774999618530273,23.981666564941406,23.614999771118164,23.979999542236328,17.855937957763672,638400,0.0
2004-03-05,23.875,24.174999237060547,23.858333587646484,23.95166778564453,17.83484649658203,3079200,0.0
2004-03-08,24.133333206176758,24.156667709350586,23.75,23.75,17.68468475341797,687000,0.0
2004-03-09,23.76333236694336,23.84000015258789,23.501667022705078,23.626667022705078,17.59284019470215,453600,0.0
2004-03-10,23.639999389648438,23.741666793823242,23.075000762939453,23.116666793823242,17.213092803955078,703800,0.0
2004-03-11,23.046667098999023,23.383333206176758,22.864999771118164,22.876667022705078,17.03437614440918,4597800,0.0
2004-03-12,22.975000381469727,23.450000762939453,22.950000762939453,23.450000762939453,17.461301803588867,1882800,0.0
2004-03-15,23.325000762939453,23.34833335876465,22.86833381652832,22.916667938232422,17.064170837402344,1492800,0.0
2004-03-16,23.183332443237305,23.183332443237305,22.68833351135254,22.916667938232422,17.064170837402344,4893600,0.0
2004-03-17,23.06333351135254,23.325000762939453,23.03499984741211,23.266666412353516,17.32477378845215,1701000,0.0
2004-03-18,23.200000762939453,23.241666793823242,22.916667938232422,23.083332061767578,17.18825912475586,2016000,0.0
2004-03-19,23.11833381652832,23.226667404174805,22.90833282470703,22.950000762939453,17.088985443115234,1509600,0.0
2004-03-22,22.63166618347168,22.808332443237305,22.541667938232422,22.606666564941406,16.833341598510742,1242600,0.0
2004-03-23,22.666667938232422,22.883333206176758,22.56333351135254,22.608333587646484,16.834577560424805,1144800,0.0
2004-03-24,22.649999618530273,22.7450008392334,22.43833351135254,22.541667938232422,16.784936904907227,1214400,0.0
2004-03-25,22.641666412353516,23.0,22.641666412353516,22.969999313354492,17.1038761138916,669000,0.0
2004-03-26,23.041667938232422,23.18000030517578,23.0,23.023332595825195,17.143600463867188,1449000,0.0
2004-03-29,23.19333267211914,23.479999542236328,23.190000534057617,23.479999542236328,17.510896682739258,3316200,0.035833
2004-03-30,23.450000762939453,23.661666870117188,23.416667938232422,23.661666870117188,17.6463680267334,2571000,0.0
2004-03-31,23.56833267211914,23.741666793823242,23.479999542236328,23.733333587646484,17.699813842773438,2350800,0.0
2004-04-01,23.75,23.94333267211914,23.735000610351562,23.84166717529297,17.780611038208008,3900600,0.0
2004-04-02,24.28333282470703,24.28333282470703,24.045000076293945,24.125,17.991918563842773,4348800,0.0
2004-04-05,24.18666648864746,24.31833267211914,24.066667556762695,24.31833267211914,18.136104583740234,951000,0.0
2004-04-06,24.1299991607666,24.299999237060547,24.09000015258789,24.10333251953125,17.97575569152832,854400,0.0
2004-04-07,24.116666793823242,24.281667709350586,23.918333053588867,24.213333129882812,18.05780029296875,907800,0.0
2004-04-08,24.366666793823242,24.366666793823242,23.989999771118164,24.01333236694336,17.90863037109375,1648800,0.0
2004-04-12,24.14666748046875,24.246667861938477,24.084999084472656,24.133333206176758,17.998132705688477,935400,0.0
2004-04-13,24.261667251586914,24.264999389648438,23.57666778564453,23.614999771118164,17.61156463623047,2112000,0.0
2004-04-14,23.524999618530273,23.696666717529297,23.334999084472656,23.516666412353516,17.538230895996094,860400,0.0
2004-04-15,23.56333351135254,23.65166664123535,23.229999542236328,23.40833282470703,17.457439422607422,471600,0.0
2004-04-16,23.475000381469727,23.684999465942383,23.316667556762695,23.578332901000977,17.584228515625,1643400,0.0
2004-04-19,23.606666564941406,23.735000610351562,23.389999389648438,23.725000381469727,17.693607330322266,1006200,0.0
2004-04-20,23.816667556762695,23.899999618530273,23.295000076293945,23.295000076293945,17.37291717529297,1103400,0.0
2004-04-21,23.338333129882812,23.625,23.251667022705078,23.600000381469727,17.600387573242188,1010400,0.0
2004-04-22,23.600000381469727,24.06833267211914,23.600000381469727,24.041667938232422,17.929771423339844,1351200,0.0
2004-04-23,24.043333053588867,24.110000610351562,23.768333435058594,23.94499969482422,17.857683181762695,712800,0.0
2004-04-26,24.0,24.123332977294922,23.766666412353516,23.834999084472656,17.775644302368164,783000,0.0
2004-04-27,23.958332061767578,24.066667556762695,23.751667022705078,23.863332748413086,17.796775817871094,1364400,0.0
2004-04-28,23.753332138061523,23.753332138061523,23.354999542236328,23.450000762939453,17.488515853881836,1906800,0.0
2004-04-29,23.516666412353516,23.546667098999023,22.933332443237305,23.041667938232422,17.183988571166992,1204200,0.0
2004-04-30,23.15833282470703,23.218332290649414,22.809999465942383,22.809999465942383,17.01122283935547,2212800,0.0
2004-05-03,22.941667556762695,23.19499969482422,22.863332748413086,23.053333282470703,17.192697525024414,1600200,0.0
2004-05-04,23.058332443237305,23.468332290649414,23.02666664123535,23.22166633605957,17.318225860595703,7026600,0.0
2004-05-05,23.203332901000977,23.40333366394043,23.183332443237305,23.270000457763672,17.354278564453125,4677000,0.0
2004-05-06,23.058332443237305,23.135000228881836,22.739999771118164,23.0049991607666,17.156648635864258,3597600,0.0
2004-05-07,22.98666763305664,23.13166618347168,22.366666793823242,22.40833282470703,16.711660385131836,3781200,0.0
2004-05-10,22.183332443237305,22.308332443237305,21.850000381469727,22.001667022705078,16.40838050842285,11293800,0.0
2004-05-11,22.100000381469727,22.461666107177734,22.100000381469727,22.420000076293945,16.72036361694336,966600,0.0
2004-05-12,22.383333206176758,22.503332138061523,21.854999542236328,22.5,16.780027389526367,2111400,0.0
2004-05-13,22.475000381469727,22.566667556762695,22.25666618347168,22.299999237060547,16.63087272644043,2400000,0.0
2004-05-14,22.450000762939453,22.516666412353516,22.110000610351562,22.19499969482422,16.552555084228516,741000,0.0
2004-05-17,21.8799991607666,22.15999984741211,21.71666717529297,21.95166778564453,16.3710880279541,1906800,0.0
2004-05-18,22.049999237060547,22.22333335876465,22.018333435058594,22.22333335876465,16.573692321777344,871200,0.0
2004-05-19,22.450000762939453,22.601667404174805,22.084999084472656,22.084999084472656,16.47052574157715,1824600,0.0
2004-05-20,22.165000915527344,22.266666412353516,22.046667098999023,22.190000534057617,16.548837661743164,757200,0.0
2004-05-21,22.360000610351562,22.481666564941406,22.22333335876465,22.405000686645508,16.70917510986328,1035600,0.0
2004-05-24,22.594999313354492,22.69333267211914,22.49333381652832,22.655000686645508,16.89562225341797,751800,0.0
2004-05-25,22.65833282470703,23.2450008392334,22.61166763305664,23.200000762939453,17.302072525024414,3252600,0.0
2004-05-26,23.21666717529297,23.316667556762695,23.083332061767578,23.316667556762695,17.389076232910156,1966200,0.0
2004-05-27,23.34166717529297,23.448333740234375,23.101667404174805,23.301666259765625,17.377901077270508,5614800,0.0
2004-05-28,23.321666717529297,23.334999084472656,23.198333740234375,23.303333282470703,17.37912940979004,911400,0.0
2004-06-01,23.31333351135254,23.47833251953125,23.204999923706055,23.46666717529297,17.500938415527344,869400,0.0
2004-06-02,23.558332443237305,23.566667556762695,23.354999542236328,23.44333267211914,17.48354148864746,746400,0.0
2004-06-03,23.358333587646484,23.395000457763672,23.02833366394043,23.02833366394043,17.174053192138672,869400,0.0
2004-06-04,23.253332138061523,23.406667709350586,23.11833381652832,23.290000915527344,17.36919403076172,2381400,0.0
2004-06-07,23.385000228881836,23.741666793823242,23.334999084472656,23.73666763305664,17.702301025390625,2593800,0.0
2004-06-08,23.635000228881836,23.788333892822266,23.633333206176758,23.77166748046875,17.728412628173828,2307000,0.0
2004-06-09,23.741666793823242,23.793333053588867,23.43833351135254,23.489999771118164,17.518342971801758,2542800,0.0
2004-06-10,23.60333251953125,23.60333251953125,23.418333053588867,23.458332061767578,17.49472999572754,710400,0.0
2004-06-14,23.441667556762695,23.441667556762695,23.125,23.15999984741211,17.272239685058594,2347200,0.0
2004-06-15,23.331666946411133,23.621667861938477,23.331666946411133,23.520000457763672,17.540725708007812,582600,0.0
2004-06-16,23.600000381469727,23.700000762939453,23.516666412353516,23.700000762939453,17.674964904785156,1533000,0.0
2004-06-17,23.663333892822266,23.739999771118164,23.43000030517578,23.708332061767578,17.68117332458496,778200,0.0
2004-06-18,23.61833381652832,23.79833221435547,23.61833381652832,23.676666259765625,17.657564163208008,2302800,0.0
2004-06-21,23.766666412353516,23.823333740234375,23.633333206176758,23.683332443237305,17.662527084350586,2029200,0.0
2004-06-22,23.55666732788086,23.79833221435547,23.46666717529297,23.79833221435547,17.7482852935791,832800,0.0
2004-06-23,23.801666259765625,24.13833236694336,23.72333335876465,24.086666107177734,17.963335037231445,1290600,0.0
2004-06-24,24.093332290649414,24.204999923706055,24.0,24.038333892822266,17.927289962768555,998400,0.0
2004-06-25,24.053333282470703,24.28333282470703,24.036666870117188,24.258333206176758,18.091354370117188,1860600,0.0
2004-06-28,24.266666412353516,24.328332901000977,24.083332061767578,24.11833381652832,18.024465560913086,3483600,0.0505
2004-06-29,24.108333587646484,24.366666793823242,24.108333587646484,24.363332748413086,18.207571029663086,872400,0.0
2004-06-30,24.453332901000977,24.53333282470703,24.316667556762695,24.53333282470703,18.334611892700195,2307600,0.0
2004-07-01,24.549999237060547,24.549999237060547,24.176666259765625,24.235000610351562,18.111656188964844,2097000,0.0
2004-07-02,24.21666717529297,24.21666717529297,24.06166648864746,24.19499969482422,18.081758499145508,1328400,0.0
2004-07-06,24.125,24.125,23.801666259765625,23.88833236694336,17.852582931518555,1113000,0.0
2004-07-07,23.833332061767578,24.003332138061523,23.790000915527344,23.81333351135254,17.79652976989746,1221000,0.0
2004-07-08,23.780000686645508,23.79833221435547,23.416667938232422,23.416667938232422,17.500089645385742,1950000,0.0
2004-07-09,23.5,23.559999465942383,23.448333740234375,23.49333381652832,17.557384490966797,780000,0.0
2004-07-12,23.496667861938477,23.553333282470703,23.301666259765625,23.434999465942383,17.513784408569336,1201200,0.0
2004-07-13,23.46666717529297,23.56833267211914,23.454999923706055,23.48666763305664,17.552396774291992,682200,0.0
2004-07-14,23.338333129882812,23.614999771118164,23.338333129882812,23.358333587646484,17.45649528503418,1323000,0.0
2004-07-15,23.453332901000977,23.579999923706055,23.40999984741211,23.424999237060547,17.506315231323242,577200,0.0
2004-07-16,23.59166717529297,23.59166717529297,23.231666564941406,23.28499984741211,17.401697158813477,1336200,0.0
2004-07-19,23.325000762939453,23.354999542236328,23.11833381652832,23.258333206176758,17.381757736206055,1366800,0.0
2004-07-20,23.241666793823242,23.635000228881836,23.23666763305664,23.633333206176758,17.662006378173828,634800,0.0
2004-07-21,23.61166763305664,23.666667938232422,22.958332061767578,22.958332061767578,17.15755271911621,1810800,0.0
2004-07-22,22.941667556762695,23.071666717529297,22.636667251586914,22.875,17.09528160095215,3765600,0.0
2004-07-23,22.741666793823242,22.883333206176758,22.606666564941406,22.633333206176758,16.914674758911133,1320000,0.0
2004-07-26,22.733333587646484,22.75,22.303333282470703,22.405000686645508,16.744035720825195,1701000,0.0
2004-07-27,22.558332443237305,22.863332748413086,22.523332595825195,22.834999084472656,17.065387725830078,1312800,0.0
2004-07-28,22.7549991607666,22.871667861938477,22.459999084472656,22.75,17.001855850219727,1555800,0.0
2004-07-29,22.883333206176758,23.073333740234375,22.809999465942383,23.06333351135254,17.236032485961914,451200,0.0
2004-07-30,23.023332595825195,23.209999084472656,22.985000610351562,23.18166732788086,17.324464797973633,530400,0.0
2004-08-02,23.008333206176758,23.200000762939453,22.875,23.15333366394043,17.30328941345215,1057200,0.0
2004-08-03,23.058332443237305,23.086666107177734,22.856666564941406,22.856666564941406,17.081584930419922,1158600,0.0
2004-08-04,22.741666793823242,22.97833251953125,22.575000762939453,22.866666793823242,17.089054107666016,1146600,0.0
2004-08-05,22.791667938232422,22.801666259765625,22.375,22.389999389648438,16.732820510864258,945600,0.0
2004-08-06,22.084999084472656,22.208332061767578,21.843332290649414,21.916667938232422,16.37909698486328,2437200,0.0
2004-08-09,21.941667556762695,21.9950008392334,21.829999923706055,21.86166763305664,16.337980270385742,786600,0.0
2004-08-10,21.958332061767578,22.31166648864746,21.953332901000977,22.229999542236328,16.613250732421875,2154000,0.0
2004-08-11,22.016666412353516,22.329999923706055,21.833332061767578,22.208332061767578,16.597055435180664,1237200,0.0
2004-08-12,22.09166717529297,22.101667404174805,21.774999618530273,21.831666946411133,16.31556510925293,1293000,0.0
2004-08-13,21.850000381469727,21.998332977294922,21.733333587646484,21.81833267211914,16.30559539794922,534000,0.0
2004-08-16,21.975000381469727,22.261667251586914,21.93833351135254,22.241666793823242,16.62197494506836,920400,0.0
2004-08-17,22.39666748046875,22.523332595825195,22.308332443237305,22.325000762939453,16.684246063232422,3500400,0.0
2004-08-18,22.274999618530273,22.78333282470703,22.24333381652832,22.725000381469727,16.983182907104492,642600,0.0
2004-08-19,22.725000381469727,22.809999465942383,22.608333587646484,22.678333282470703,16.948307037353516,571800,0.0
2004-08-20,22.649999618530273,23.049999237060547,22.649999618530273,23.023332595825195,17.206138610839844,1724400,0.0
2004-08-23,23.133333206176758,23.13833236694336,22.838333129882812,22.866666793823242,17.089054107666016,2182200,0.0
2004-08-24,23.065000534057617,23.066667556762695,22.766666412353516,22.886667251586914,17.10401153564453,1247400,0.0
2004-08-25,22.916667938232422,23.041667938232422,22.751667022705078,23.018333435058594,17.202402114868164,844200,0.0
2004-08-26,22.941667556762695,23.03333282470703,22.891666412353516,22.948333740234375,17.150087356567383,426000,0.0
2004-08-27,23.016666412353516,23.15999984741211,22.983333587646484,23.141666412353516,17.29456329345703,608400,0.0
2004-08-30,23.024999618530273,23.06833267211914,22.816667556762695,22.816667556762695,17.051687240600586,886800,0.0
2004-08-31,22.833332061767578,22.9950008392334,22.711666107177734,22.950000762939453,17.15132713317871,1425000,0.0
2004-09-01,22.96666717529297,23.21500015258789,22.934999465942383,23.145000457763672,17.297054290771484,1455000,0.0
2004-09-02,23.183332443237305,23.5,23.126667022705078,23.5,17.562374114990234,1350000,0.0
2004-09-03,23.458332061767578,23.56999969482422,23.246667861938477,23.331666946411133,17.43657112121582,686400,0.0
2004-09-07,23.53333282470703,23.678333282470703,23.476667404174805,23.648332595825195,17.673219680786133,1123200,0.0
2004-09-08,23.683332443237305,23.768333435058594,23.434999465942383,23.43666648864746,17.515039443969727,931200,0.0
2004-09-09,23.600000381469727,23.81833267211914,23.546667098999023,23.725000381469727,17.730520248413086,547200,0.0
2004-09-10,23.713333129882812,23.915000915527344,23.614999771118164,23.858333587646484,17.830156326293945,1258800,0.0
2004-09-13,23.92333221435547,24.113332748413086,23.92333221435547,24.043333053588867,17.968414306640625,520200,0.0
2004-09-14,24.0,24.125,23.850000381469727,23.97166633605957,17.91486167907715,606600,0.0
2004-09-15,23.948333740234375,23.948333740234375,23.786666870117188,23.82666778564453,17.806499481201172,1395000,0.0
2004-09-16,23.918333053588867,24.125,23.918333053588867,24.051666259765625,17.97464370727539,1433400,0.0
2004-09-17,24.149999618530273,24.15833282470703,23.915000915527344,24.008333206176758,17.942264556884766,1754400,0.0
2004-09-20,24.075000762939453,24.081666946411133,23.916667938232422,23.958332061767578,17.904890060424805,6132000,0.0
2004-09-21,24.066667556762695,24.281667709350586,24.024999618530273,24.19499969482422,18.081758499145508,1382400,0.0
2004-09-22,24.081666946411133,24.083332061767578,23.81166648864746,23.831666946411133,17.81023597717285,1356000,0.0
2004-09-23,23.834999084472656,23.899999618530273,23.760000228881836,23.78333282470703,17.774106979370117,1143600,0.0
2004-09-24,23.833332061767578,23.996667861938477,23.801666259765625,23.84666633605957,17.82144546508789,1536000,0.0
2004-09-27,23.65833282470703,23.674999237060547,23.501667022705078,23.538333892822266,17.625886917114258,732600,0.047167
2004-09-28,23.559999465942383,23.81833267211914,23.49333381652832,23.78499984741211,17.81058692932129,936000,0.0
2004-09-29,23.75,24.075000762939453,23.75,24.058332443237305,18.015260696411133,1963800,0.0
2004-09-30,23.983333587646484,24.225000381469727,23.983333587646484,24.040000915527344,18.00153350830078,913800,0.0
2004-10-01,24.23666763305664,24.641666412353516,24.18666648864746,24.641666412353516,18.452072143554688,2283000,0.0
2004-10-04,24.81333351135254,24.953332901000977,24.706666946411133,24.713333129882812,18.5057430267334,3009000,0.0
2004-10-05,24.825000762939453,24.825000762939453,24.641666412353516,24.703332901000977,18.498247146606445,1178400,0.0
2004-10-06,24.700000762939453,24.918333053588867,24.65833282470703,24.8700008392334,18.6230525970459,2597400,0.0
2004-10-07,24.866666793823242,24.866666793823242,24.5,24.5,18.34598159790039,939000,0.0
2004-10-08,24.469999313354492,24.55500030517578,24.166667938232422,24.166667938232422,18.096376419067383,1386000,0.0
2004-10-11,24.200000762939453,24.26333236694336,24.079999923706055,24.23666763305664,18.14879608154297,3676200,0.0
2004-10-12,24.100000381469727,24.293333053588867,23.976667404174805,24.19333267211914,18.116348266601562,2136000,0.0
2004-10-13,24.3799991607666,24.3799991607666,23.878332138061523,23.915000915527344,17.90793228149414,3372600,0.0
2004-10-14,23.93166732788086,23.96666717529297,23.71666717529297,23.71666717529297,17.759410858154297,3069600,0.0
2004-10-15,23.833332061767578,24.083332061767578,23.674999237060547,23.924999237060547,17.9154109954834,3235800,0.0
2004-10-18,23.799999237060547,24.059999465942383,23.718332290649414,23.97333335876465,17.951608657836914,1198800,0.0
2004-10-19,24.001667022705078,24.183332443237305,23.753332138061523,23.753332138061523,17.786867141723633,1333200,0.0
2004-10-20,23.683332443237305,23.961666107177734,23.633333206176758,23.905000686645508,17.90043830871582,1743600,0.0
2004-10-21,23.924999237060547,24.22833251953125,23.86833381652832,24.219999313354492,18.136320114135742,1874400,0.0
2004-10-22,24.246667861938477,24.27666664123535,23.803333282470703,23.803333282470703,17.824312210083008,979800,0.0
2004-10-25,23.7549991607666,24.113332748413086,23.75,24.024999618530273,17.99030113220215,1415400,0.0
2004-10-26,24.058332443237305,24.34666633605957,23.84833335876465,24.34666633605957,18.23116683959961,1433400,0.0
2004-10-27,24.391666412353516,24.69333267211914,24.296667098999023,24.691667556762695,18.48950958251953,1718400,0.0
2004-10-28,24.641666412353516,24.641666412353516,24.40833282470703,24.543333053588867,18.37843132019043,1011600,0.0
2004-10-29,24.503332138061523,24.65999984741211,24.416667938232422,24.538333892822266,18.37468719482422,873000,0.0
2004-11-01,24.600000381469727,24.718332290649414,24.446666717529297,24.668333053588867,18.472034454345703,1569000,0.0
2004-11-02,24.725000381469727,24.883333206176758,24.538333892822266,24.616666793823242,18.433345794677734,3157200,0.0
2004-11-03,25.066667556762695,25.110000610351562,24.899999618530273,25.041667938232422,18.751596450805664,5586600,0.0
2004-11-04,25.041667938232422,25.3799991607666,24.928333282470703,25.358333587646484,18.98871612548828,3902400,0.0
2004-11-05,25.5,25.6200008392334,25.351667404174805,25.546667098999023,19.129751205444336,1353600,0.0
2004-11-08,25.543333053588867,25.565000534057617,25.364999771118164,25.428333282470703,19.041141510009766,1364400,0.0
2004-11-09,25.428333282470703,25.584999084472656,25.38166618347168,25.53333282470703,19.119770050048828,703200,0.0
2004-11-10,25.549999237060547,25.741666793823242,25.5049991607666,25.626667022705078,19.189651489257812,1315800,0.0
2004-11-11,25.683332443237305,25.90166664123535,25.639999389648438,25.843332290649414,19.35188865661621,1543800,0.0
2004-11-12,25.808332443237305,26.148332595825195,25.80500030517578,26.084999084472656,19.532854080200195,1440000,0.0
2004-11-15,26.051666259765625,26.19333267211914,26.0,26.19333267211914,19.613988876342773,1713000,0.0
2004-11-16,26.166667938232422,26.166667938232422,25.895000457763672,25.96500015258789,19.443004608154297,902400,0.0
2004-11-17,26.15833282470703,26.354999542236328,26.075000762939453,26.165000915527344,19.5927677154541,1504800,0.0
2004-11-18,26.133333206176758,26.184999465942383,26.008333206176758,26.148332595825195,19.580284118652344,1738200,0.0
2004-11-19,26.114999771118164,26.114999771118164,25.791667938232422,25.816667556762695,19.33192253112793,900600,0.0
2004-11-22,25.774999618530273,26.190000534057617,25.766666412353516,26.15999984741211,19.589021682739258,1131600,0.0
2004-11-23,26.174999237060547,26.31333351135254,25.983333587646484,26.25,19.656415939331055,5296800,0.0
2004-11-24,26.351667404174805,26.573333740234375,26.34666633605957,26.508333206176758,19.8498592376709,6715200,0.0
2004-11-26,26.59000015258789,26.684999465942383,26.546667098999023,26.549999237060547,19.881057739257812,1041600,0.0
2004-11-29,26.674999237060547,26.81999969482422,26.40166664123535,26.645000457763672,19.952198028564453,12855000,0.0
2004-11-30,26.645000457763672,26.801666259765625,26.633333206176758,26.691667556762695,19.987144470214844,10727400,0.0
2004-12-01,26.80500030517578,27.03499984741211,26.731666564941406,27.024999618530273,20.236743927001953,2319600,0.0
2004-12-02,26.958332061767578,27.016666412353516,26.80500030517578,26.86166763305664,20.11444664001465,1878000,0.0
2004-12-03,26.86166763305664,26.99333381652832,26.790000915527344,26.864999771118164,20.1169376373291,1048200,0.0
2004-12-06,26.833332061767578,26.866666793823242,26.614999771118164,26.67333221435547,19.973411560058594,945000,0.0
2004-12-07,26.75,26.75,26.116666793823242,26.174999237060547,19.600250244140625,979800,0.0
2004-12-08,26.200000762939453,26.389999389648438,26.081666946411133,26.303333282470703,19.696348190307617,2754000,0.0
2004-12-09,26.233333587646484,26.325000762939453,25.969999313354492,26.260000228881836,19.663904190063477,3222600,0.0
2004-12-10,26.225000381469727,26.446666717529297,26.156667709350586,26.424999237060547,19.787452697753906,1159800,0.0
2004-12-13,26.516666412353516,26.645000457763672,26.363332748413086,26.636667251586914,19.945960998535156,1330200,0.0
2004-12-14,26.641666412353516,26.850000381469727,26.633333206176758,26.815000534057617,20.079504013061523,2999400,0.0
2004-12-15,26.799999237060547,26.998332977294922,26.781667709350586,26.983333587646484,20.205549240112305,1281000,0.0
2004-12-16,27.016666412353516,27.024999618530273,26.684999465942383,26.801666259765625,20.06951332092285,3598800,0.0
2004-12-17,26.801666259765625,26.833332061767578,26.666667938232422,26.683332443237305,19.98090362548828,2755800,0.0
2004-12-20,26.866666793823242,26.95166778564453,26.581666946411133,26.725000381469727,20.0120906829834,2319000,0.0
2004-12-21,26.788333892822266,27.0,26.71666717529297,26.98666763305664,20.20804786682129,1228800,0.0
2004-12-22,27.049999237060547,27.166667938232422,27.0,27.09000015258789,20.285423278808594,2016000,0.0
2004-12-23,27.11166763305664,27.226667404174805,27.108333587646484,27.123332977294922,20.31038475036621,972600,0.0
2004-12-27,27.14666748046875,27.14666748046875,26.77166748046875,26.796667098999023,20.114341735839844,1363200,0.0655
2004-12-28,26.858333587646484,27.251667022705078,26.858333587646484,27.22833251953125,20.438365936279297,1275600,0.0
2004-12-29,27.21666717529297,27.266666412353516,27.143333435058594,27.200000762939453,20.417098999023438,1384200,0.0
2004-12-30,27.211666107177734,27.266666412353516,27.155000686645508,27.155000686645508,20.383323669433594,839400,0.0
2004-12-31,27.156667709350586,27.371667861938477,27.104999542236328,27.11833381652832,20.35579490661621,4044600,0.0
2005-01-03,27.28499984741211,27.333332061767578,26.61833381652832,26.668333053588867,20.018016815185547,3523800,0.0
2005-01-04,26.78333282470703,26.78333282470703,26.166667938232422,26.168333053588867,19.6427001953125,4683600,0.0
2005-01-05,26.15166664123535,26.219999313354492,25.75,25.75,19.32868194580078,6299400,0.0
2005-01-06,25.825000762939453,26.094999313354492,25.791667938232422,25.84666633605957,19.4012451171875,3650400,0.0
2005-01-07,25.75,25.98666763305664,25.575000762939453,25.57666778564453,19.198575973510742,3417600,0.0
2005-01-10,25.666667938232422,26.09666633605957,25.666667938232422,25.86833381652832,19.41750717163086,3473400,0.0
2005-01-11,25.75,25.788333892822266,25.558332443237305,25.649999618530273,19.253625869750977,2698800,0.0
2005-01-12,25.676666259765625,25.808332443237305,25.391666412353516,25.773332595825195,19.346202850341797,5243400,0.0
2005-01-13,25.733333587646484,25.941667556762695,25.60333251953125,25.671667098999023,19.269880294799805,2910000,0.0
2005-01-14,25.833332061767578,25.991666793823242,25.72166633605957,25.950000762939453,19.47880744934082,2393400,0.0
2005-01-18,25.941667556762695,26.325000762939453,25.876667022705078,26.308332443237305,19.747777938842773,3580200,0.0
2005-01-19,26.325000762939453,26.325000762939453,25.97166633605957,25.97166633605957,19.495079040527344,1500000,0.0
2005-01-20,25.864999771118164,26.046667098999023,25.799999237060547,25.84666633605957,19.4012451171875,868200,0.0
2005-01-21,25.941667556762695,26.083332061767578,25.758333206176758,25.78333282470703,19.35370445251465,3416400,0.0
2005-01-24,25.899999618530273,25.940000534057617,25.55500030517578,25.61833381652832,19.22985076904297,2735400,0.0
2005-01-25,25.725000381469727,25.924999237060547,25.641666412353516,25.71666717529297,19.303665161132812,2013600,0.0
2005-01-26,25.786666870117188,26.116666793823242,25.760000228881836,26.113332748413086,19.601409912109375,910800,0.0
2005-01-27,26.083332061767578,26.30666732788086,26.023332595825195,26.191667556762695,19.660219192504883,1209600,0.0
2005-01-28,26.258333206176758,26.258333206176758,25.90166664123535,26.084999084472656,19.58014488220215,1059000,0.0
2005-01-31,26.286666870117188,26.600000381469727,26.233333587646484,26.510000228881836,19.899158477783203,2450400,0.0
2005-02-01,26.575000762939453,26.790000915527344,26.52666664123535,26.731666564941406,20.0655517578125,2274000,0.0
2005-02-02,26.770000457763672,26.963333129882812,26.7549991607666,26.948333740234375,20.228187561035156,2480400,0.0
2005-02-03,26.93000030517578,26.93000030517578,26.703332901000977,26.866666793823242,20.166893005371094,1493400,0.0
2005-02-04,26.950000762939453,27.25666618347168,26.88833236694336,27.229999542236328,20.439620971679688,1775400,0.0
2005-02-07,27.333332061767578,27.405000686645508,27.093332290649414,27.2450008392334,20.450881958007812,1818600,0.0
2005-02-08,27.266666412353516,27.360000610351562,27.22166633605957,27.315000534057617,20.503416061401367,1082400,0.0
2005-02-09,27.391666412353516,27.391666412353516,26.768333435058594,26.768333435058594,20.093069076538086,1425600,0.0
2005-02-10,26.891666412353516,26.96666717529297,26.69499969482422,26.889999389648438,20.18439483642578,3687000,0.0
2005-02-11,26.863332748413086,27.22333335876465,26.626667022705078,27.183332443237305,20.404584884643555,3184800,0.0
2005-02-14,27.196666717529297,27.22833251953125,27.011667251586914,27.178333282470703,20.400836944580078,1816800,0.0
2005-02-15,27.191667556762695,27.31166648864746,27.04833221435547,27.176666259765625,20.399585723876953,1138200,0.0
2005-02-16,27.170000076293945,27.448333740234375,27.104999542236328,27.325000762939453,20.510923385620117,2458800,0.0
2005-02-17,27.433332443237305,27.441667556762695,27.06333351135254,27.078332901000977,20.325773239135742,4980000,0.0
2005-02-18,27.114999771118164,27.18666648864746,26.948333740234375,27.066667556762695,20.31700897216797,825600,0.0
2005-02-22,26.916667938232422,27.058332443237305,26.5,26.55500030517578,19.932937622070312,2109000,0.0
2005-02-23,26.676666259765625,26.858333587646484,26.6200008392334,26.678333282470703,20.025508880615234,1890000,0.0
2005-02-24,26.63833236694336,27.020000457763672,26.514999389648438,26.975000381469727,20.248201370239258,1639200,0.0
2005-02-25,27.008333206176758,27.42333221435547,26.93666648864746,27.42333221435547,20.584732055664062,2452800,0.0
2005-02-28,27.406667709350586,27.46500015258789,27.09833335876465,27.25,20.454639434814453,1788600,0.0
2005-03-01,27.413333892822266,27.541667938232422,27.268333435058594,27.468332290649414,20.618511199951172,1720800,0.0
2005-03-02,27.440000534057617,27.700000762939453,27.3700008392334,27.475000381469727,20.623516082763672,3146400,0.0
2005-03-03,27.53333282470703,27.645000457763672,27.31999969482422,27.475000381469727,20.623516082763672,1264800,0.0
2005-03-04,27.68666648864746,27.90999984741211,27.59000015258789,27.843332290649414,20.899995803833008,2652000,0.0
2005-03-07,27.89666748046875,27.976667404174805,27.816667556762695,27.844999313354492,20.9012451171875,1075800,0.0
2005-03-08,27.844999313354492,27.876667022705078,27.54833221435547,27.579999923706055,20.702329635620117,1350600,0.0
2005-03-09,27.56333351135254,27.56333351135254,27.251667022705078,27.251667022705078,20.455875396728516,1077000,0.0
2005-03-10,27.274999618530273,27.291667938232422,26.97166633605957,27.040000915527344,20.29698944091797,6145800,0.0
2005-03-11,27.113332748413086,27.290000915527344,26.975000381469727,27.108333587646484,20.34828758239746,3736800,0.0
2005-03-14,27.183332443237305,27.24333381652832,27.049999237060547,27.241666793823242,20.44837188720703,1821600,0.0
2005-03-15,27.31833267211914,27.44333267211914,27.051666259765625,27.051666259765625,20.30575942993164,3281400,0.0
2005-03-16,27.083332061767578,27.101667404174805,26.883333206176758,26.979999542236328,20.251962661743164,3809400,0.0
2005-03-17,26.918333053588867,27.126667022705078,26.833332061767578,26.95166778564453,20.230684280395508,1766400,0.0
2005-03-18,27.0,27.01333236694336,26.788333892822266,26.876667022705078,20.174392700195312,2446800,0.0
2005-03-21,26.891666412353516,26.950000762939453,26.72833251953125,26.883333206176758,20.179391860961914,1252200,0.0
2005-03-22,26.883333206176758,27.208332061767578,26.74333381652832,26.768333435058594,20.093069076538086,1996200,0.0
2005-03-23,26.649999618530273,26.656667709350586,26.45166778564453,26.463333129882812,19.86412811279297,5408400,0.0
2005-03-24,26.545000076293945,26.780000686645508,26.545000076293945,26.59166717529297,19.960464477539062,3629400,0.0
2005-03-28,26.55500030517578,26.671667098999023,26.48666763305664,26.538333892822266,19.98204803466797,5605200,0.082
2005-03-29,26.433332443237305,26.733333587646484,26.046667098999023,26.126667022705078,19.672082901000977,3060600,0.0
2005-03-30,26.14666748046875,26.53333282470703,26.14666748046875,26.508333206176758,19.95945930480957,2677200,0.0
2005-03-31,26.530000686645508,26.586666107177734,26.378332138061523,26.475000381469727,19.934354782104492,2559600,0.0
2005-04-01,26.645000457763672,26.74333381652832,26.2549991607666,26.351667404174805,19.841501235961914,5003400,0.0
2005-04-04,26.399999618530273,26.581666946411133,26.15999984741211,26.51333236694336,19.963224411010742,2914800,0.0
2005-04-05,26.52166748046875,26.645000457763672,26.5,26.575000762939453,20.009658813476562,2107800,0.0
2005-04-06,26.65833282470703,26.81833267211914,26.579999923706055,26.579999923706055,20.0134220123291,1899600,0.0
2005-04-07,26.501667022705078,26.770000457763672,26.461666107177734,26.703332901000977,20.10628318786621,1929000,0.0
2005-04-08,26.666667938232422,26.708332061767578,26.309999465942383,26.309999465942383,19.810115814208984,4696800,0.0
2005-04-11,26.31833267211914,26.40166664123535,26.18166732788086,26.246667861938477,19.762435913085938,2154600,0.0
2005-04-12,26.166667938232422,26.518333435058594,25.95166778564453,26.43000030517578,19.900480270385742,5261400,0.0
2005-04-13,26.360000610351562,26.43666648864746,25.958332061767578,26.016666412353516,19.58926010131836,1539000,0.0
2005-04-14,26.0,26.06833267211914,25.516666412353516,25.516666412353516,19.212778091430664,2008800,0.0
2005-04-15,25.458332061767578,25.56833267211914,24.96666717529297,25.083332061767578,18.886493682861328,4431000,0.0
2005-04-18,25.075000762939453,25.315000534057617,24.889999389648438,25.231666564941406,18.99819564819336,3914400,0.0
2005-04-19,25.40333366394043,25.68000030517578,25.40166664123535,25.668333053588867,19.32697868347168,1722000,0.0
2005-04-20,25.703332901000977,25.718332290649414,25.25,25.308332443237305,19.055912017822266,6667200,0.0
2005-04-21,25.46666717529297,25.866666793823242,25.393333435058594,25.81833267211914,19.439922332763672,1524600,0.0
2005-04-22,25.78333282470703,25.78333282470703,25.241666793823242,25.479999542236328,19.185169219970703,1149600,0.0
2005-04-25,25.52833366394043,25.764999389648438,25.52166748046875,25.758333206176758,19.39474868774414,751800,0.0
2005-04-26,25.608333587646484,25.850000381469727,25.334999084472656,25.358333587646484,19.09357261657715,655800,0.0
2005-04-27,25.25,25.55500030517578,25.058332443237305,25.364999771118164,19.098588943481445,4230000,0.0
2005-04-28,25.208332061767578,25.266666412353516,24.799999237060547,24.799999237060547,18.673168182373047,3130200,0.0
2005-04-29,25.0,25.233333587646484,24.594999313354492,25.001667022705078,18.825014114379883,5502000,0.0
2005-05-02,25.113332748413086,25.34166717529297,25.06999969482422,25.31166648864746,19.058427810668945,1411800,0.0
2005-05-03,25.281667709350586,25.489999771118164,25.178333282470703,25.333332061767578,19.074737548828125,1031400,0.0
2005-05-04,25.325000762939453,25.729999542236328,25.303333282470703,25.635000228881836,19.301881790161133,1173600,0.0
2005-05-05,25.71500015258789,25.88833236694336,25.546667098999023,25.69499969482422,19.347057342529297,1833600,0.0
2005-05-06,25.88833236694336,25.905000686645508,25.671667098999023,25.761667251586914,19.397260665893555,596400,0.0
2005-05-09,25.768333435058594,26.023332595825195,25.649999618530273,25.989999771118164,19.56917953491211,877800,0.0
2005-05-10,25.875,25.875,25.633333206176758,25.670000076293945,19.32823944091797,1259400,0.0
2005-05-11,25.73666763305664,25.799999237060547,25.441667556762695,25.735000610351562,19.377174377441406,1543800,0.0
2005-05-12,25.725000381469727,25.838333129882812,25.329999923706055,25.34833335876465,19.08603286743164,3526200,0.0
2005-05-13,25.411666870117188,25.46666717529297,25.0,25.226667404174805,18.994426727294922,4528200,0.0
2005-05-16,25.226667404174805,25.626667022705078,25.226667404174805,25.610000610351562,19.28306007385254,5888400,0.0
2005-05-17,25.583332061767578,25.81999969482422,25.426666259765625,25.780000686645508,19.411060333251953,5690400,0.0
2005-05-18,25.975000381469727,26.34166717529297,25.941667556762695,26.303333282470703,19.805099487304688,4991400,0.0
2005-05-19,26.303333282470703,26.450000762939453,26.27666664123535,26.399999618530273,19.877887725830078,2523600,0.0
2005-05-20,26.415000915527344,26.415000915527344,26.18666648864746,26.333332061767578,19.827699661254883,2708400,0.0
2005-05-23,26.383333206176758,26.648332595825195,26.375,26.56333351135254,20.000869750976562,1087800,0.0
2005-05-24,26.479999542236328,26.583332061767578,26.38833236694336,26.485000610351562,19.941898345947266,850800,0.0
2005-05-25,26.483333587646484,26.483333587646484,26.19333267211914,26.225000381469727,19.746122360229492,839400,0.0
2005-05-26,26.350000381469727,26.623332977294922,26.350000381469727,26.566667556762695,20.00337791442871,2890800,0.0
2005-05-27,26.610000610351562,26.75,26.5,26.735000610351562,20.1301212310791,5365800,0.0
2005-05-31,26.791667938232422,26.793333053588867,26.593332290649414,26.61833381652832,20.04228401184082,7117200,0.0
2005-06-01,26.68666648864746,27.038333892822266,26.68666648864746,26.96666717529297,20.3045597076416,2440800,0.0
2005-06-02,26.979999542236328,27.083332061767578,26.883333206176758,27.065000534057617,20.37860107421875,3031800,0.0
2005-06-03,27.043333053588867,27.116666793823242,26.791667938232422,26.84666633605957,20.214214324951172,1215000,0.0
2005-06-06,26.895000457763672,27.011667251586914,26.774999618530273,26.983333587646484,20.317110061645508,2019600,0.0
2005-06-07,27.125,27.416667938232422,27.023332595825195,27.066667556762695,20.379858016967773,9572400,0.0
2005-06-08,27.163333892822266,27.174999237060547,26.843332290649414,26.871667861938477,20.233030319213867,936600,0.0
2005-06-09,26.690000534057617,27.149999618530273,26.690000534057617,27.1200008392334,20.420019149780273,543600,0.0
2005-06-10,27.165000915527344,27.209999084472656,27.0,27.149999618530273,20.442602157592773,487600,0.0
2005-06-13,27.049999237060547,27.299999237060547,27.0,27.174999237060547,20.461429595947266,514200,0.0
2005-06-14,27.18000030517578,27.489999771118164,27.165000915527344,27.485000610351562,20.694849014282227,2332600,0.0
2005-06-15,27.600000381469727,27.600000381469727,27.235000610351562,27.56999969482422,20.758848190307617,3505200,0.0
2005-06-16,27.600000381469727,27.815000534057617,27.55500030517578,27.764999389648438,20.905672073364258,2498000,0.0
2005-06-17,27.959999084472656,28.045000076293945,27.674999237060547,27.674999237060547,20.837900161743164,2277800,0.0
2005-06-20,27.600000381469727,27.80500030517578,27.584999084472656,27.735000610351562,20.883081436157227,2784600,0.0
2005-06-21,27.579999923706055,27.729999542236328,27.514999389648438,27.674999237060547,20.87742042541504,853000,0.0525
2005-06-22,27.75,27.825000762939453,27.514999389648438,27.684999465942383,20.884967803955078,2347800,0.0
2005-06-23,27.700000762939453,27.719999313354492,27.264999389648438,27.325000762939453,20.613391876220703,917000,0.0
2005-06-24,27.2450008392334,27.260000228881836,26.84000015258789,26.850000381469727,20.25505828857422,7069200,0.0
2005-06-27,27.010000228881836,27.020000457763672,26.850000381469727,27.0,20.368207931518555,4082000,0.0
2005-06-28,27.125,27.469999313354492,27.075000762939453,27.450000762939453,20.707683563232422,3441800,0.0
2005-06-29,27.5,27.610000610351562,27.450000762939453,27.559999465942383,20.790666580200195,1567600,0.0
2005-06-30,27.59000015258789,27.75,27.415000915527344,27.510000228881836,20.752952575683594,2431200,0.0
2005-07-01,27.575000762939453,27.7450008392334,27.454999923706055,27.7450008392334,20.930221557617188,1844000,0.0
2005-07-05,27.559999465942383,28.065000534057617,27.559999465942383,28.065000534057617,21.171632766723633,2389800,0.0
2005-07-06,28.094999313354492,28.1299991607666,27.825000762939453,27.895000457763672,21.04337501525879,2238400,0.0
2005-07-07,27.700000762939453,27.979999542236328,27.5,27.975000381469727,21.103723526000977,1591200,0.0
2005-07-08,28.014999389648438,28.485000610351562,27.96500015258789,28.44499969482422,21.45828628540039,2228200,0.0
2005-07-11,28.475000381469727,28.844999313354492,28.475000381469727,28.78499984741211,21.71476936340332,9243600,0.0
2005-07-12,28.764999389648438,28.90999984741211,28.604999542236328,28.719999313354492,21.665752410888672,3483600,0.0
2005-07-13,28.764999389648438,28.80500030517578,28.530000686645508,28.645000457763672,21.609172821044922,647800,0.0
2005-07-14,28.860000610351562,28.860000610351562,28.3700008392334,28.399999618530273,21.424345016479492,3989400,0.0
2005-07-15,28.450000762939453,28.514999389648438,28.260000228881836,28.469999313354492,21.47714614868164,598600,0.0
2005-07-18,28.44499969482422,28.459999084472656,28.190000534057617,28.28499984741211,21.337581634521484,1940600,0.0
2005-07-19,28.459999084472656,28.709999084472656,28.344999313354492,28.670000076293945,21.62803077697754,1126800,0.0
2005-07-20,28.6200008392334,29.094999313354492,28.549999237060547,29.059999465942383,21.922231674194336,3772800,0.0
2005-07-21,29.0,29.05500030517578,28.524999618530273,28.600000381469727,21.575223922729492,4187800,0.0
2005-07-22,28.809999465942383,29.0,28.594999313354492,28.96500015258789,21.850566864013672,3505600,0.0
2005-07-25,29.020000457763672,29.135000228881836,28.709999084472656,28.81999969482422,21.741180419921875,2691800,0.0
2005-07-26,28.850000381469727,28.975000381469727,28.645000457763672,28.799999237060547,21.726091384887695,682400,0.0
2005-07-27,28.860000610351562,28.954999923706055,28.59000015258789,28.954999923706055,21.843017578125,927200,0.0
2005-07-28,28.959999084472656,29.30500030517578,28.899999618530273,29.290000915527344,22.09574317932129,1270400,0.0
2005-07-29,29.2549991607666,29.375,29.084999084472656,29.200000762939453,22.02784538269043,952000,0.0
2005-08-01,29.229999542236328,29.399999618530273,29.184999465942383,29.28499984741211,22.091968536376953,2190200,0.0
2005-08-02,29.424999237060547,29.55500030517578,29.325000762939453,29.524999618530273,22.273027420043945,772600,0.0
2005-08-03,29.399999618530273,29.524999618530273,29.325000762939453,29.405000686645508,22.182504653930664,859600,0.0
2005-08-04,29.19499969482422,29.30500030517578,28.989999771118164,28.9950008392334,21.873193740844727,2451200,0.0
2005-08-05,28.915000915527344,29.0049991607666,28.5,28.649999618530273,21.612934112548828,1179200,0.0
2005-08-08,28.645000457763672,28.78499984741211,28.415000915527344,28.459999084472656,21.4696102142334,1706400,0.0
2005-08-09,28.649999618530273,28.674999237060547,28.399999618530273,28.530000686645508,21.522422790527344,1184600,0.0
2005-08-10,28.725000381469727,28.899999618530273,28.389999389648438,28.600000381469727,21.575223922729492,3712400,0.0
2005-08-11,28.53499984741211,28.8700008392334,28.53499984741211,28.850000381469727,21.763811111450195,785400,0.0
2005-08-12,28.709999084472656,28.7549991607666,28.399999618530273,28.469999313354492,21.47714614868164,705600,0.0
2005-08-15,28.5049991607666,28.875,28.40999984741211,28.704999923706055,21.65442657470703,529600,0.0
2005-08-16,28.625,28.704999923706055,28.299999237060547,28.309999465942383,21.356447219848633,2009000,0.0
2005-08-17,28.204999923706055,28.424999237060547,28.149999618530273,28.155000686645508,21.239524841308594,2491200,0.0
2005-08-18,28.125,28.270000457763672,27.975000381469727,28.149999618530273,21.235755920410156,5259800,0.0
2005-08-19,28.155000686645508,28.274999618530273,28.135000228881836,28.270000457763672,21.32627296447754,482000,0.0
2005-08-22,28.2450008392334,28.399999618530273,28.149999618530273,28.354999542236328,21.390398025512695,4005800,0.0
2005-08-23,28.469999313354492,28.469999313354492,28.05500030517578,28.329999923706055,21.371538162231445,609400,0.0
2005-08-24,28.5,28.55500030517578,28.104999542236328,28.190000534057617,21.26591682434082,6579600,0.0
2005-08-25,28.2549991607666,28.375,28.174999237060547,28.34000015258789,21.379074096679688,369200,0.0
2005-08-26,28.260000228881836,28.30500030517578,27.834999084472656,27.8700008392334,21.024517059326172,892000,0.0
2005-08-29,27.889999389648438,28.360000610351562,27.725000381469727,28.145000457763672,21.231979370117188,1578400,0.0
2005-08-30,28.149999618530273,28.200000762939453,27.975000381469727,28.145000457763672,21.231979370117188,1787000,0.0
2005-08-31,28.049999237060547,28.75,28.049999237060547,28.725000381469727,21.66951560974121,5122600,0.0
2005-09-01,28.75,28.889999389648438,28.639999389648438,28.81999969482422,21.741180419921875,12822800,0.0
2005-09-02,28.8799991607666,28.90999984741211,28.540000915527344,28.59000015258789,21.567668914794922,1506600,0.0
2005-09-06,28.65999984741211,29.0,28.59000015258789,28.94499969482422,21.835487365722656,2806000,0.0
2005-09-07,29.024999618530273,29.114999771118164,28.875,29.049999237060547,21.914690017700195,2017000,0.0
2005-09-08,28.94499969482422,29.020000457763672,28.815000534057617,28.934999465942383,21.827930450439453,2433000,0.0
2005-09-09,29.100000381469727,29.19499969482422,28.969999313354492,29.125,21.971267700195312,472400,0.0
2005-09-12,29.200000762939453,29.364999771118164,29.100000381469727,29.2450008392334,22.061796188354492,1028000,0.0
2005-09-13,29.145000457763672,29.225000381469727,28.959999084472656,29.045000076293945,21.910921096801758,1279400,0.0
2005-09-14,29.010000228881836,29.05500030517578,28.725000381469727,28.774999618530273,21.707242965698242,2742000,0.0
2005-09-15,28.81999969482422,28.915000915527344,28.665000915527344,28.7549991607666,21.69214630126953,1129400,0.0
2005-09-16,28.774999618530273,29.045000076293945,28.774999618530273,28.94499969482422,21.835487365722656,2639000,0.0
2005-09-19,29.049999237060547,29.100000381469727,28.799999237060547,28.889999389648438,21.793989181518555,897200,0.0
2005-09-20,28.989999771118164,29.0,28.46500015258789,28.549999237060547,21.537494659423828,4103200,0.0
2005-09-21,28.459999084472656,28.475000381469727,28.135000228881836,28.145000457763672,21.231979370117188,6012800,0.0
2005-09-22,28.0,28.229999542236328,27.899999618530273,28.184999465942383,21.26215934753418,9415600,0.0
2005-09-23,28.19499969482422,28.44499969482422,27.985000610351562,28.3700008392334,21.401704788208008,3719200,0.0
2005-09-26,28.645000457763672,28.645000457763672,28.399999618530273,28.5049991607666,21.542659759521484,1910800,0.0515
2005-09-27,28.600000381469727,28.725000381469727,28.350000381469727,28.530000686645508,21.56156349182129,980400,0.0
2005-09-28,28.610000610351562,28.649999618530273,28.299999237060547,28.489999771118164,21.531314849853516,1572200,0.0
2005-09-29,28.53499984741211,28.8700008392334,28.325000762939453,28.829999923706055,21.788278579711914,1748600,0.0
2005-09-30,28.864999771118164,28.954999923706055,28.704999923706055,28.8799991607666,21.826068878173828,3290800,0.0
2005-10-03,29.024999618530273,29.21500015258789,28.875,29.065000534057617,21.96587562561035,778800,0.0
2005-10-04,29.125,29.239999771118164,28.65999984741211,28.65999984741211,21.659809112548828,577400,0.0
2005-10-05,28.635000228881836,28.684999465942383,27.899999618530273,27.950000762939453,21.123220443725586,1433000,0.0
2005-10-06,27.81999969482422,28.06999969482422,27.415000915527344,27.674999237060547,20.915388107299805,5511400,0.0
2005-10-07,27.674999237060547,28.040000915527344,27.674999237060547,28.040000915527344,21.191232681274414,1671600,0.0
2005-10-10,28.09000015258789,28.09000015258789,27.594999313354492,27.625,20.87759780883789,1270400,0.0
2005-10-11,27.815000534057617,27.829999923706055,27.334999084472656,27.354999542236328,20.67354393005371,946800,0.0
2005-10-12,27.225000381469727,27.405000686645508,26.68000030517578,26.889999389648438,20.32212257385254,9913200,0.0
2005-10-13,26.854999542236328,27.145000457763672,26.665000915527344,26.979999542236328,20.390146255493164,25430200,0.0
2005-10-14,27.229999542236328,27.489999771118164,26.674999237060547,27.43000030517578,20.730226516723633,2363600,0.0
2005-10-17,27.375,27.6299991607666,27.21500015258789,27.46500015258789,20.756681442260742,6298000,0.0
2005-10-18,27.399999618530273,27.549999237060547,27.145000457763672,27.19499969482422,20.552627563476562,11484600,0.0
2005-10-19,27.010000228881836,27.71500015258789,26.80500030517578,27.709999084472656,20.94184112548828,1473800,0.0
2005-10-20,27.844999313354492,27.844999313354492,26.96500015258789,27.190000534057617,20.548851013183594,1834400,0.0
2005-10-21,27.2549991607666,27.594999313354492,27.225000381469727,27.44499969482422,20.74156379699707,2536000,0.0
2005-10-24,27.434999465942383,28.010000228881836,27.434999465942383,28.010000228881836,21.168561935424805,1376000,0.0
2005-10-25,27.96500015258789,28.079999923706055,27.600000381469727,27.889999389648438,21.077871322631836,1176600,0.0
2005-10-26,27.71500015258789,28.110000610351562,27.579999923706055,27.579999923706055,20.843585968017578,1145400,0.0
2005-10-27,27.649999618530273,27.649999618530273,26.96500015258789,27.100000381469727,20.480833053588867,3017200,0.0
2005-10-28,27.25,27.600000381469727,27.014999389648438,27.594999313354492,20.85492706298828,2972000,0.0
2005-10-31,27.594999313354492,28.1299991607666,27.594999313354492,27.850000381469727,21.04764175415039,1396400,0.0
2005-11-01,27.850000381469727,28.114999771118164,27.78499984741211,27.9950008392334,21.157228469848633,1065000,0.0
2005-11-02,27.940000534057617,28.549999237060547,27.864999771118164,28.549999237060547,21.576663970947266,1235800,0.0
2005-11-03,28.84000015258789,28.8700008392334,28.5,28.600000381469727,21.61446189880371,3737200,0.0
2005-11-04,28.65999984741211,28.684999465942383,28.299999237060547,28.510000228881836,21.546445846557617,1765000,0.0
2005-11-07,28.844999313354492,28.885000228881836,28.44499969482422,28.600000381469727,21.61446189880371,1730800,0.0
2005-11-08,28.549999237060547,28.559999465942383,28.329999923706055,28.55500030517578,21.5804443359375,854000,0.0
2005-11-09,28.440000534057617,28.709999084472656,28.309999465942383,28.510000228881836,21.546445846557617,1621000,0.0
2005-11-10,28.524999618530273,28.719999313354492,28.139999389648438,28.6299991607666,21.637134552001953,1629000,0.0
2005-11-11,28.7450008392334,28.84000015258789,28.59000015258789,28.780000686645508,21.75049591064453,739400,0.0
2005-11-14,29.045000076293945,29.7549991607666,28.565000534057617,28.739999771118164,21.720260620117188,801200,0.0
2005-11-15,28.780000686645508,28.78499984741211,28.34000015258789,28.3799991607666,21.44819450378418,1160800,0.0
2005-11-16,28.375,28.479999542236328,28.165000915527344,28.434999465942383,21.48975372314453,1281800,0.0
2005-11-17,28.790000915527344,28.8700008392334,28.459999084472656,28.8700008392334,21.81850814819336,1619600,0.0
2005-11-18,29.200000762939453,29.200000762939453,28.850000381469727,29.014999389648438,21.92808723449707,1104000,0.0
2005-11-21,28.9950008392334,29.3799991607666,28.90999984741211,29.34000015258789,22.173704147338867,1033800,0.0
2005-11-22,29.239999771118164,29.575000762939453,29.239999771118164,29.489999771118164,22.287067413330078,1631200,0.0
2005-11-23,29.5,29.71500015258789,29.450000762939453,29.545000076293945,22.32863998413086,1981000,0.0
2005-11-25,29.485000610351562,29.635000228881836,29.440000534057617,29.565000534057617,22.34375762939453,257800,0.0
2005-11-28,29.559999465942383,29.6299991607666,29.030000686645508,29.100000381469727,21.992326736450195,2639800,0.0
2005-11-29,29.100000381469727,29.385000228881836,29.09000015258789,29.209999084472656,22.075468063354492,2047400,0.0
2005-11-30,29.219999313354492,29.440000534057617,29.184999465942383,29.28499984741211,22.132144927978516,2906200,0.0
2005-12-01,29.354999542236328,29.84000015258789,29.354999542236328,29.795000076293945,22.517578125,1739200,0.0
2005-12-02,29.829999923706055,29.844999313354492,29.575000762939453,29.844999313354492,22.555362701416016,4906000,0.0
2005-12-05,29.875,29.875,29.5049991607666,29.69499969482422,22.44200325012207,1251400,0.0
2005-12-06,29.885000228881836,29.989999771118164,29.725000381469727,29.764999389648438,22.494909286499023,1807400,0.0
2005-12-07,29.704999923706055,29.790000915527344,29.424999237060547,29.575000762939453,22.35131072998047,2881800,0.0
2005-12-08,29.59000015258789,29.799999237060547,29.3700008392334,29.6200008392334,22.38532066345215,2687200,0.0
2005-12-09,29.559999465942383,29.75,29.450000762939453,29.704999923706055,22.44956398010254,1126200,0.0
2005-12-12,29.84000015258789,29.895000457763672,29.614999771118164,29.770000457763672,22.498689651489258,972200,0.0
2005-12-13,29.774999618530273,29.93000030517578,29.635000228881836,29.829999923706055,22.544025421142578,1352200,0.0
2005-12-14,29.850000381469727,30.030000686645508,29.719999313354492,29.885000228881836,22.585588455200195,2460800,0.0
2005-12-15,29.864999771118164,29.90999984741211,29.434999465942383,29.565000534057617,22.34375762939453,6050200,0.0
2005-12-16,29.684999465942383,29.684999465942383,29.350000381469727,29.405000686645508,22.22284698486328,7941200,0.0
2005-12-19,29.364999771118164,29.364999771118164,28.950000762939453,29.024999618530273,21.93564224243164,1277400,0.0
2005-12-20,28.969999313354492,29.229999542236328,28.875,29.049999237060547,21.954545974731445,4351600,0.0
2005-12-21,29.1200008392334,29.395000457763672,29.1200008392334,29.350000381469727,22.181272506713867,4135000,0.0
2005-12-22,29.485000610351562,29.485000610351562,29.30500030517578,29.440000534057617,22.249284744262695,3583000,0.0
2005-12-23,29.489999771118164,29.545000076293945,29.385000228881836,29.545000076293945,22.377666473388672,954600,0.0645
2005-12-27,29.55500030517578,29.625,29.010000228881836,29.03499984741211,21.991390228271484,9287600,0.0
2005-12-28,29.065000534057617,29.30500030517578,28.975000381469727,29.225000381469727,22.135299682617188,2969600,0.0
2005-12-29,29.290000915527344,29.360000610351562,29.094999313354492,29.145000457763672,22.07470703125,1736200,0.0
2005-12-30,28.924999237060547,29.030000686645508,28.81999969482422,28.899999618530273,21.889137268066406,1575600,0.0
2006-01-03,29.100000381469727,29.5,28.635000228881836,29.40999984741211,22.27541732788086,5965600,0.0
2006-01-04,29.389999389648438,29.6299991607666,29.325000762939453,29.575000762939453,22.400394439697266,4911400,0.0
2006-01-05,29.600000381469727,29.665000915527344,29.434999465942383,29.665000915527344,22.468555450439453,1958800,0.0
2006-01-06,29.81999969482422,29.975000381469727,29.56999969482422,29.924999237060547,22.66547966003418,1455400,0.0
2006-01-09,29.94499969482422,30.34000015258789,29.889999389648438,30.219999313354492,22.888912200927734,7346400,0.0
2006-01-10,30.014999389648438,30.5049991607666,30.014999389648438,30.489999771118164,23.09342384338379,8590200,0.0
2006-01-11,30.56999969482422,30.56999969482422,30.219999313354492,30.434999465942383,23.051761627197266,2468400,0.0
2006-01-12,30.489999771118164,30.5,30.209999084472656,30.309999465942383,22.95709228515625,967000,0.0
2006-01-13,30.290000915527344,30.3700008392334,30.19499969482422,30.2549991607666,22.915430068969727,1317000,0.0
2006-01-17,30.209999084472656,30.209999084472656,29.954999923706055,30.149999618530273,22.835901260375977,1073000,0.0
2006-01-18,29.889999389648438,30.149999618530273,29.854999542236328,30.125,22.81695556640625,13425800,0.0
2006-01-19,30.170000076293945,30.579999923706055,30.125,30.520000457763672,23.116147994995117,6698600,0.0
2006-01-20,30.549999237060547,30.56999969482422,30.084999084472656,30.209999084472656,22.881345748901367,873800,0.0
2006-01-23,30.290000915527344,30.290000915527344,29.690000534057617,30.165000915527344,22.847257614135742,19683000,0.0
2006-01-24,30.280000686645508,30.610000610351562,30.225000381469727,30.565000534057617,23.15022850036621,4470400,0.0
2006-01-25,30.690000534057617,30.700000762939453,30.375,30.604999542236328,23.18052101135254,1622600,0.0
2006-01-26,30.75,31.030000686645508,30.59000015258789,30.985000610351562,23.46834373474121,7697400,0.0
2006-01-27,31.084999084472656,31.360000610351562,30.959999084472656,31.219999313354492,23.64632225036621,1448600,0.0
2006-01-30,31.209999084472656,31.34000015258789,31.155000686645508,31.204999923706055,23.634967803955078,9751400,0.0
2006-01-31,31.135000228881836,31.440000534057617,31.100000381469727,31.270000457763672,23.6841983795166,8807400,0.0
2006-02-01,31.399999618530273,31.450000762939453,31.204999923706055,31.385000228881836,23.771297454833984,4258800,0.0
2006-02-02,31.329999923706055,31.43000030517578,30.829999923706055,31.079999923706055,23.5402889251709,4217200,0.0
2006-02-03,30.924999237060547,31.165000915527344,30.790000915527344,30.94499969482422,23.43804931640625,966400,0.0
2006-02-06,30.905000686645508,31.1200008392334,30.739999771118164,31.104999542236328,23.559232711791992,1968200,0.0
2006-02-07,31.100000381469727,31.174999237060547,30.600000381469727,30.665000915527344,23.22596549987793,1787800,0.0
2006-02-08,30.7450008392334,30.84000015258789,30.454999923706055,30.809999465942383,23.335790634155273,1985000,0.0
2006-02-09,30.864999771118164,30.979999542236328,30.540000915527344,30.600000381469727,23.17673110961914,2459400,0.0
2006-02-10,30.510000228881836,30.600000381469727,30.170000076293945,30.549999237060547,23.13886833190918,3452400,0.0
2006-02-13,30.489999771118164,30.514999389648438,30.165000915527344,30.31999969482422,22.964662551879883,2628800,0.0
2006-02-14,30.375,30.7450008392334,30.110000610351562,30.665000915527344,23.22596549987793,4031600,0.0
2006-02-15,30.665000915527344,30.90999984741211,30.545000076293945,30.899999618530273,23.403953552246094,3565000,0.0
2006-02-16,30.950000762939453,31.200000762939453,30.940000534057617,31.200000762939453,23.631189346313477,1476000,0.0
2006-02-17,31.204999923706055,31.21500015258789,31.014999389648438,31.1200008392334,23.57059097290039,1126800,0.0
2006-02-21,31.260000228881836,31.264999389648438,30.899999618530273,31.094999313354492,23.55164909362793,2474400,0.0
2006-02-22,31.094999313354492,31.315000534057617,30.979999542236328,31.260000228881836,23.67662239074707,4106600,0.0
2006-02-23,31.235000610351562,31.40999984741211,31.079999923706055,31.235000610351562,23.657690048217773,2968200,0.0
2006-02-24,31.235000610351562,31.450000762939453,31.139999389648438,31.450000762939453,23.820531845092773,2657400,0.0
2006-02-27,31.5,31.670000076293945,31.44499969482422,31.485000610351562,23.847047805786133,10146800,0.0
2006-02-28,31.479999542236328,31.489999771118164,31.079999923706055,31.1200008392334,23.57059097290039,2187000,0.0
2006-03-01,31.2450008392334,31.610000610351562,31.110000610351562,31.610000610351562,23.94171905517578,7084000,0.0
2006-03-02,31.549999237060547,31.69499969482422,31.3799991607666,31.584999084472656,23.922779083251953,3757000,0.0
2006-03-03,31.46500015258789,31.71500015258789,31.364999771118164,31.385000228881836,23.771297454833984,3351800,0.0
2006-03-06,31.40999984741211,31.440000534057617,31.0,31.104999542236328,23.559232711791992,2963600,0.0
2006-03-07,31.010000228881836,31.040000915527344,30.579999923706055,30.690000534057617,23.244897842407227,2087600,0.0
2006-03-08,30.604999542236328,30.815000534057617,28.295000076293945,30.7549991607666,23.294132232666016,4032200,0.0
2006-03-09,30.75,30.93000030517578,30.540000915527344,30.540000915527344,23.131296157836914,813600,0.0
2006-03-10,30.575000762939453,31.0,30.454999923706055,30.9950008392334,23.47591209411621,3655000,0.0
2006-03-13,31.1200008392334,31.290000915527344,30.96500015258789,31.079999923706055,23.5402889251709,4841400,0.0
2006-03-14,31.0,31.434999465942383,30.899999618530273,31.434999465942383,23.80917739868164,2747600,0.0
2006-03-15,31.420000076293945,31.69499969482422,31.309999465942383,31.69499969482422,24.00609588623047,2044600,0.0
2006-03-16,31.81999969482422,31.954999923706055,31.65999984741211,31.65999984741211,23.979589462280273,6210600,0.0
2006-03-17,31.850000381469727,31.850000381469727,31.635000228881836,31.790000915527344,24.07805061340332,4664400,0.0
2006-03-20,31.84000015258789,31.895000457763672,31.665000915527344,31.825000762939453,24.104562759399414,7033200,0.0
2006-03-21,31.825000762939453,32.04999923706055,31.549999237060547,31.600000381469727,23.934144973754883,4584000,0.0
2006-03-22,31.434999465942383,31.985000610351562,31.40999984741211,31.8700008392334,24.138643264770508,2611800,0.0
2006-03-23,31.940000534057617,32.095001220703125,31.815000534057617,32.095001220703125,24.309062957763672,1360800,0.0
2006-03-24,32.099998474121094,32.27000045776367,32.0,32.27000045776367,24.441606521606445,1041400,0.0
2006-03-27,32.2599983215332,32.2599983215332,32.01499938964844,32.209999084472656,24.440467834472656,1114000,0.0585
2006-03-28,32.1150016784668,32.34000015258789,31.96500015258789,32.06999969482422,24.334243774414062,3168000,0.0
2006-03-29,32.165000915527344,32.54499816894531,32.06999969482422,32.529998779296875,24.68328857421875,3784400,0.0
2006-03-30,32.59000015258789,32.82500076293945,32.28499984741211,32.5,24.6605167388916,1420200,0.0
2006-03-31,32.599998474121094,32.6150016784668,32.345001220703125,32.6150016784668,24.74777603149414,1203400,0.0
2006-04-03,32.685001373291016,32.810001373291016,32.349998474121094,32.36000061035156,24.554292678833008,6796600,0.0
2006-04-04,32.67499923706055,32.67499923706055,32.279998779296875,32.599998474121094,24.736400604248047,5602000,0.0
2006-04-05,32.55500030517578,32.744998931884766,32.39500045776367,32.68000030517578,24.79709815979004,1106800,0.0
2006-04-06,32.68000030517578,32.73500061035156,32.46500015258789,32.689998626708984,24.8046875,1180800,0.0
2006-04-07,32.834999084472656,32.90999984741211,32.209999084472656,32.279998779296875,24.493589401245117,2517600,0.0
2006-04-10,32.28499984741211,32.439998626708984,32.060001373291016,32.19499969482422,24.4290828704834,1535200,0.0
2006-04-11,32.220001220703125,32.334999084472656,31.690000534057617,31.75,24.091432571411133,1955000,0.0
2006-04-12,31.7450008392334,31.989999771118164,31.719999313354492,31.96500015258789,24.254566192626953,3926600,0.0
2006-04-13,31.850000381469727,32.130001068115234,31.674999237060547,32.0099983215332,24.28870964050293,1163000,0.0
2006-04-17,32.02000045776367,32.130001068115234,31.799999237060547,32.02000045776367,24.296302795410156,2273200,0.0
2006-04-18,32.165000915527344,32.81999969482422,32.154998779296875,32.79999923706055,24.888160705566406,6028800,0.0
2006-04-19,32.810001373291016,33.17499923706055,32.810001373291016,33.084999084472656,25.104413986206055,6324200,0.0
2006-04-20,33.189998626708984,33.189998626708984,32.70000076293945,33.040000915527344,25.070270538330078,6371000,0.0
2006-04-21,33.189998626708984,33.20500183105469,32.79999923706055,33.01499938964844,25.051294326782227,5490800,0.0
2006-04-24,32.8650016784668,32.875,32.625,32.76499938964844,24.861597061157227,1822000,0.0
2006-04-25,32.81999969482422,32.81999969482422,32.44499969482422,32.64500045776367,24.770540237426758,1344800,0.0
2006-04-26,32.595001220703125,33.01499938964844,32.584999084472656,32.70000076293945,24.812278747558594,7657000,0.0
2006-04-27,32.51499938964844,32.78499984741211,32.150001525878906,32.400001525878906,24.584646224975586,8597800,0.0
2006-04-28,32.25,32.814998626708984,32.25,32.650001525878906,24.774341583251953,3925400,0.0
2006-05-01,32.849998474121094,32.86000061035156,32.45000076293945,32.45000076293945,24.62257957458496,1108400,0.0
2006-05-02,32.65999984741211,32.78499984741211,32.45000076293945,32.72999954223633,24.83503532409668,3448200,0.0
2006-05-03,32.72999954223633,32.84000015258789,32.529998779296875,32.70500183105469,24.816076278686523,1105800,0.0
2006-05-04,32.82500076293945,33.095001220703125,32.81999969482422,33.07500076293945,25.096817016601562,763400,0.0
2006-05-05,33.275001525878906,33.53499984741211,33.20000076293945,33.3849983215332,25.33203887939453,569000,0.0
2006-05-08,33.3650016784668,33.48500061035156,33.26499938964844,33.42499923706055,25.362398147583008,733400,0.0
2006-05-09,33.42499923706055,33.494998931884766,33.33000183105469,33.44499969482422,25.377559661865234,699000,0.0
2006-05-10,33.41999816894531,33.41999816894531,33.13999938964844,33.290000915527344,25.25995445251465,1270600,0.0
2006-05-11,33.30500030517578,33.30500030517578,32.53499984741211,32.55500030517578,24.70224380493164,3727000,0.0
2006-05-12,32.345001220703125,32.35499954223633,31.854999542236328,31.875,24.186279296875,4944000,0.0
2006-05-15,31.579999923706055,31.905000686645508,31.454999923706055,31.80500030517578,24.13315773010254,11121200,0.0
2006-05-16,31.94499969482422,31.989999771118164,31.649999618530273,31.850000381469727,24.167312622070312,3632000,0.0
2006-05-17,31.625,31.764999389648438,31.28499984741211,31.299999237060547,23.749971389770508,5809600,0.0
2006-05-18,31.399999618530273,31.614999771118164,30.959999084472656,30.959999084472656,23.49199867248535,1760600,0.0
2006-05-19,31.0,31.350000381469727,30.700000762939453,31.19499969482422,23.670307159423828,7471200,0.0
2006-05-22,30.860000610351562,31.229999542236328,30.584999084472656,31.0,23.522336959838867,16386200,0.0
2006-05-23,31.25,31.510000228881836,30.604999542236328,30.604999542236328,23.222618103027344,15575000,0.0
2006-05-24,30.700000762939453,31.020000457763672,30.075000762939453,30.795000076293945,23.36679458618164,4274800,0.0
2006-05-25,31.1299991607666,31.360000610351562,30.93000030517578,31.34000015258789,23.780332565307617,4508000,0.0
2006-05-26,31.475000381469727,31.559999465942383,31.280000686645508,31.489999771118164,23.89414405822754,3732800,0.0
2006-05-30,31.334999084472656,31.34000015258789,30.670000076293945,30.69499969482422,23.290903091430664,2567800,0.0
2006-05-31,30.7549991607666,31.165000915527344,30.719999313354492,31.165000915527344,23.647539138793945,2213400,0.0
2006-06-01,31.200000762939453,31.665000915527344,31.06999969482422,31.665000915527344,24.02692985534668,3029800,0.0
2006-06-02,31.84000015258789,31.905000686645508,31.40999984741211,31.655000686645508,24.019344329833984,2455800,0.0
2006-06-05,31.520000457763672,31.600000381469727,30.760000228881836,30.850000381469727,23.40852165222168,2367200,0.0
2006-06-06,30.920000076293945,30.94499969482422,30.260000228881836,30.700000762939453,23.29470443725586,2517600,0.0
2006-06-07,30.649999618530273,30.9950008392334,30.3799991607666,30.389999389648438,23.05948257446289,13374800,0.0
2006-06-08,30.114999771118164,30.459999084472656,29.5049991607666,30.424999237060547,23.086036682128906,5541000,0.0
2006-06-09,30.53499984741211,30.7450008392334,30.1299991607666,30.219999313354492,22.93048095703125,1682400,0.0
2006-06-12,30.184999465942383,30.225000381469727,29.454999923706055,29.565000534057617,22.433483123779297,9763400,0.0
2006-06-13,29.364999771118164,29.809999465942383,29.040000915527344,29.170000076293945,22.133760452270508,11233600,0.0
2006-06-14,29.075000762939453,29.40999984741211,28.985000610351562,29.28499984741211,22.221019744873047,3901600,0.0
2006-06-15,29.594999313354492,30.309999465942383,29.514999389648438,30.270000457763672,22.968429565429688,2093600,0.0
2006-06-16,30.229999542236328,30.2549991607666,29.774999618530273,29.774999618530273,22.592832565307617,1846800,0.0
2006-06-19,30.0,30.030000686645508,29.385000228881836,29.479999542236328,22.36899185180664,2789000,0.0
2006-06-20,29.489999771118164,29.69499969482422,29.325000762939453,29.375,22.28931427001953,2711200,0.0
2006-06-21,29.360000610351562,29.959999084472656,29.350000381469727,29.8799991607666,22.672508239746094,7755200,0.0
2006-06-22,29.739999771118164,29.864999771118164,29.584999084472656,29.735000610351562,22.56247901916504,3049400,0.0
2006-06-23,29.674999237060547,30.040000915527344,29.514999389648438,29.854999542236328,22.693603515625,1026400,0.0525
2006-06-26,30.05500030517578,30.190000534057617,29.975000381469727,30.190000534057617,22.948240280151367,3810000,0.0
2006-06-27,30.229999542236328,30.325000762939453,29.614999771118164,29.684999465942383,22.56437873840332,1560800,0.0
2006-06-28,29.790000915527344,29.81999969482422,29.459999084472656,29.81999969482422,22.667001724243164,2931200,0.0
2006-06-29,30.040000915527344,30.8700008392334,29.969999313354492,30.8700008392334,23.46512794494629,3572400,0.0
2006-06-30,31.024999618530273,31.049999237060547,30.610000610351562,31.049999237060547,23.60194206237793,4919200,0.0
2006-07-03,30.924999237060547,31.28499984741211,30.90999984741211,31.25,23.75398063659668,5423600,0.0
2006-07-05,30.895000457763672,30.975000381469727,30.625,30.899999618530273,23.487924575805664,2403000,0.0
2006-07-06,30.989999771118164,31.229999542236328,30.795000076293945,30.93000030517578,23.510738372802734,1145600,0.0
2006-07-07,30.885000228881836,31.014999389648438,30.485000610351562,30.514999389648438,23.195283889770508,1019000,0.0
2006-07-10,30.540000915527344,30.844999313354492,30.399999618530273,30.540000915527344,23.214296340942383,3561200,0.0
2006-07-11,30.434999465942383,30.719999313354492,30.145000457763672,30.700000762939453,23.335893630981445,5379800,0.0
2006-07-12,30.649999618530273,30.725000381469727,30.155000686645508,30.155000686645508,22.9216365814209,850800,0.0
2006-07-13,29.885000228881836,30.05500030517578,29.540000915527344,29.55500030517578,22.46556854248047,2542200,0.0
2006-07-14,29.584999084472656,29.584999084472656,29.05500030517578,29.299999237060547,22.271730422973633,6218800,0.0
2006-07-17,29.200000762939453,29.5,29.049999237060547,29.170000076293945,22.172908782958984,3497400,0.0
2006-07-18,29.389999389648438,29.46500015258789,28.780000686645508,29.25,22.233720779418945,10178200,0.0
2006-07-19,29.174999237060547,30.114999771118164,29.174999237060547,30.084999084472656,22.86843490600586,2846800,0.0
2006-07-20,30.225000381469727,30.225000381469727,29.165000915527344,29.165000915527344,22.16911506652832,2121200,0.0
2006-07-21,29.190000534057617,29.190000534057617,28.610000610351562,28.770000457763672,21.868858337402344,3449800,0.0
2006-07-24,29.045000076293945,29.559999465942383,29.045000076293945,29.559999465942383,22.4693603515625,1658600,0.0
2006-07-25,29.559999465942383,29.985000610351562,29.405000686645508,29.790000915527344,22.644195556640625,864000,0.0
2006-07-26,29.704999923706055,29.885000228881836,29.299999237060547,29.625,22.518774032592773,1287800,0.0
2006-07-27,29.895000457763672,29.979999542236328,29.239999771118164,29.295000076293945,22.267932891845703,1361000,0.0
2006-07-28,29.44499969482422,29.905000686645508,29.420000076293945,29.8700008392334,22.704998016357422,765600,0.0
2006-07-31,29.864999771118164,30.045000076293945,29.735000610351562,29.899999618530273,22.727807998657227,1006200,0.0
2006-08-01,29.7450008392334,29.75,29.395000457763672,29.579999923706055,22.48457145690918,1165000,0.0
2006-08-02,29.649999618530273,30.010000228881836,29.645000457763672,29.850000381469727,22.689804077148438,1140200,0.0
2006-08-03,29.559999465942383,30.260000228881836,29.5,30.260000228881836,23.001453399658203,1208000,0.0
2006-08-04,30.579999923706055,30.700000762939453,29.770000457763672,30.024999618530273,22.822826385498047,2460600,0.0
2006-08-07,29.979999542236328,29.979999542236328,29.645000457763672,29.8799991607666,22.712610244750977,664400,0.0
2006-08-08,29.885000228881836,30.084999084472656,29.440000534057617,29.489999771118164,22.416156768798828,1665200,0.0
2006-08-09,29.815000534057617,29.924999237060547,29.219999313354492,29.2549991607666,22.237520217895508,1392400,0.0
2006-08-10,29.040000915527344,29.549999237060547,29.0,29.43000030517578,22.37054443359375,1669400,0.0
2006-08-11,29.344999313354492,29.344999313354492,29.059999465942383,29.190000534057617,22.188119888305664,1068000,0.0
2006-08-14,29.399999618530273,29.65999984741211,29.209999084472656,29.309999465942383,22.279329299926758,1004200,0.0
2006-08-15,29.709999084472656,29.924999237060547,29.579999923706055,29.920000076293945,22.743009567260742,795000,0.0
2006-08-16,30.1299991607666,30.399999618530273,30.010000228881836,30.385000228881836,23.096464157104492,2765800,0.0
2006-08-17,30.31999969482422,30.545000076293945,30.270000457763672,30.350000381469727,23.069862365722656,1191800,0.0
2006-08-18,30.469999313354492,30.489999771118164,30.135000228881836,30.489999771118164,23.1762752532959,615600,0.0
2006-08-21,30.399999618530273,30.399999618530273,30.045000076293945,30.19499969482422,22.952037811279297,1113000,0.0
2006-08-22,30.110000610351562,30.329999923706055,30.06999969482422,30.270000457763672,23.00904655456543,1049400,0.0
2006-08-23,30.235000610351562,30.375,29.725000381469727,29.81999969482422,22.667001724243164,915400,0.0
2006-08-24,29.850000381469727,29.905000686645508,29.520000457763672,29.700000762939453,22.575777053833008,1496200,0.0
2006-08-25,29.65999984741211,29.969999313354492,29.655000686645508,29.75,22.613800048828125,668000,0.0
2006-08-28,29.75,30.139999389648438,29.7450008392334,30.065000534057617,22.853229522705078,940800,0.0
2006-08-29,30.100000381469727,30.385000228881836,29.8799991607666,30.299999237060547,23.03185272216797,1637400,0.0
2006-08-30,30.350000381469727,30.549999237060547,30.239999771118164,30.434999465942383,23.13446807861328,4724400,0.0
2006-08-31,30.510000228881836,30.604999542236328,30.420000076293945,30.440000534057617,23.138267517089844,510600,0.0
2006-09-01,30.559999465942383,30.704999923706055,30.385000228881836,30.584999084472656,23.248489379882812,567800,0.0
2006-09-05,30.625,30.834999084472656,30.520000457763672,30.760000228881836,23.381511688232422,1201000,0.0
2006-09-06,30.594999313354492,30.594999313354492,30.174999237060547,30.190000534057617,22.948240280151367,976800,0.0
2006-09-07,30.024999618530273,30.30500030517578,29.920000076293945,30.010000228881836,22.81142234802246,1783600,0.0
2006-09-08,30.03499984741211,30.145000457763672,29.969999313354492,30.1299991607666,22.902637481689453,877600,0.0
2006-09-11,29.969999313354492,30.184999465942383,29.709999084472656,30.030000686645508,22.826623916625977,582200,0.0
2006-09-12,30.040000915527344,30.760000228881836,30.040000915527344,30.674999237060547,23.3169002532959,847600,0.0
2006-09-13,30.760000228881836,30.9950008392334,30.639999389648438,30.96500015258789,23.5373477935791,3142400,0.0
2006-09-14,30.809999465942383,30.924999237060547,30.69499969482422,30.799999237060547,23.41192054748535,1142600,0.0
2006-09-15,31.0,31.079999923706055,30.780000686645508,30.8700008392334,23.46512794494629,4482400,0.0
2006-09-18,30.829999923706055,31.114999771118164,30.75,30.950000762939453,23.525938034057617,877600,0.0
2006-09-19,30.920000076293945,30.950000762939453,30.364999771118164,30.764999389648438,23.38531494140625,1125000,0.0
2006-09-20,30.96500015258789,31.225000381469727,30.905000686645508,31.100000381469727,23.639955520629883,4125200,0.0
2006-09-21,31.139999389648438,31.235000610351562,30.700000762939453,30.829999923706055,23.43473243713379,747800,0.0
2006-09-22,30.670000076293945,30.719999313354492,30.290000915527344,30.479999542236328,23.168672561645508,1198400,0.0
2006-09-25,30.545000076293945,30.924999237060547,30.280000686645508,30.815000534057617,23.423316955566406,1504800,0.0
2006-09-26,30.825000762939453,31.079999923706055,30.7450008392334,30.989999771118164,23.55634117126465,2749200,0.0
2006-09-27,31.020000457763672,31.15999984741211,30.899999618530273,31.15999984741211,23.73343276977539,2056800,0.0625
2006-09-28,31.104999542236328,31.225000381469727,30.825000762939453,30.9950008392334,23.607759475708008,1102600,0.0
2006-09-29,30.954999923706055,31.075000762939453,30.639999389648438,30.645000457763672,23.341176986694336,2926200,0.0
2006-10-02,30.649999618530273,30.704999923706055,30.309999465942383,30.354999542236328,23.120285034179688,1504200,0.0
2006-10-03,30.309999465942383,30.540000915527344,30.075000762939453,30.350000381469727,23.116483688354492,2412000,0.0
2006-10-04,30.2549991607666,31.0,30.165000915527344,30.969999313354492,23.588706970214844,1289000,0.0
2006-10-05,31.0,31.364999771118164,30.975000381469727,31.360000610351562,23.885772705078125,1904800,0.0
2006-10-06,31.239999771118164,31.299999237060547,30.959999084472656,31.155000686645508,23.729618072509766,1680000,0.0
2006-10-09,31.239999771118164,31.434999465942383,31.0,31.3799991607666,23.9010009765625,781800,0.0
2006-10-10,31.415000915527344,31.520000457763672,31.2450008392334,31.450000762939453,23.954313278198242,1914400,0.0
2006-10-11,31.34000015258789,31.5,31.075000762939453,31.375,23.897186279296875,1235800,0.0
2006-10-12,31.479999542236328,31.920000076293945,31.405000686645508,31.920000076293945,24.31229591369629,1003000,0.0
2006-10-13,31.985000610351562,32.185001373291016,31.875,32.14500045776367,24.483661651611328,1741800,0.0
2006-10-16,32.16999816894531,32.44499969482422,32.099998474121094,32.38999938964844,24.67028045654297,810800,0.0
2006-10-17,32.28499984741211,32.28499984741211,31.924999237060547,32.165000915527344,24.4989013671875,893600,0.0
2006-10-18,32.255001068115234,32.505001068115234,31.979999542236328,32.130001068115234,24.47223472595215,474800,0.0
2006-10-19,32.125,32.28499984741211,31.954999923706055,32.189998626708984,24.517955780029297,538400,0.0
2006-10-20,32.290000915527344,32.290000915527344,31.889999389648438,31.985000610351562,24.36180305480957,1146600,0.0
2006-10-23,31.905000686645508,32.244998931884766,31.75,32.029998779296875,24.396072387695312,1456200,0.0
2006-10-24,31.649999618530273,32.165000915527344,31.649999618530273,32.11000061035156,24.45701026916504,804000,0.0
2006-10-25,32.189998626708984,32.41999816894531,32.084999084472656,32.400001525878906,24.67789077758789,2184200,0.0
2006-10-26,32.4900016784668,32.69499969482422,32.185001373291016,32.650001525878906,24.868318557739258,2229000,0.0
2006-10-27,32.4900016784668,32.64500045776367,32.18000030517578,32.27000045776367,24.57887840270996,1270000,0.0
2006-10-30,32.084999084472656,32.44499969482422,31.9950008392334,32.369998931884766,24.655040740966797,544600,0.0
2006-10-31,32.45500183105469,32.459999084472656,32.0,32.220001220703125,24.54079818725586,829600,0.0
2006-11-01,32.345001220703125,32.3650016784668,31.6299991607666,31.6299991607666,24.091407775878906,1288600,0.0
2006-11-02,31.415000915527344,31.719999313354492,31.405000686645508,31.540000915527344,24.02286148071289,2711400,0.0
2006-11-03,31.7450008392334,31.864999771118164,31.290000915527344,31.639999389648438,24.099027633666992,1328000,0.0
2006-11-06,31.899999618530273,32.185001373291016,31.7450008392334,32.130001068115234,24.47223472595215,1074400,0.0
2006-11-07,32.150001525878906,32.474998474121094,32.125,32.209999084472656,24.533180236816406,849200,0.0
2006-11-08,32.04999923706055,32.494998931884766,31.954999923706055,32.435001373291016,24.704559326171875,688600,0.0
2006-11-09,32.404998779296875,32.48500061035156,31.985000610351562,32.119998931884766,24.464632034301758,1841200,0.0
2006-11-10,32.165000915527344,32.34000015258789,32.04499816894531,32.314998626708984,24.613155364990234,870400,0.0
2006-11-13,32.334999084472656,32.54499816894531,32.220001220703125,32.45000076293945,24.715980529785156,569400,0.0
2006-11-14,32.525001525878906,33.0,32.33000183105469,32.994998931884766,25.13107681274414,571200,0.0
2006-11-15,33.03499984741211,33.369998931884766,32.93000030517578,33.25,25.325305938720703,1229400,0.0
2006-11-16,33.400001525878906,33.400001525878906,33.084999084472656,33.150001525878906,25.2491397857666,1429000,0.0
2006-11-17,33.0,33.060001373291016,32.84000015258789,33.060001373291016,25.18058967590332,685600,0.0
2006-11-20,33.025001525878906,33.19499969482422,32.88999938964844,33.119998931884766,25.22629165649414,2851600,0.0
2006-11-21,33.20000076293945,33.279998779296875,33.04499816894531,33.279998779296875,25.348154067993164,1137600,0.0
2006-11-22,33.275001525878906,33.35499954223633,33.16999816894531,33.334999084472656,25.390052795410156,974200,0.0
2006-11-24,33.08000183105469,33.36000061035156,33.064998626708984,33.220001220703125,25.302453994750977,183600,0.0
2006-11-27,33.099998474121094,33.14500045776367,32.47999954223633,32.47999954223633,24.738832473754883,2931600,0.0
2006-11-28,32.45500183105469,32.65999984741211,32.310001373291016,32.529998779296875,24.776912689208984,1959600,0.0
2006-11-29,32.814998626708984,33.04999923706055,32.709999084472656,33.04999923706055,25.172969818115234,1574800,0.0
2006-11-30,33.0,33.2400016784668,32.80500030517578,33.064998626708984,25.18440055847168,3437800,0.0
2006-12-01,33.025001525878906,33.189998626708984,32.60499954223633,32.95000076293945,25.096803665161133,1957800,0.0
2006-12-04,32.92499923706055,33.525001525878906,32.92499923706055,33.525001525878906,25.534765243530273,1321000,0.0
2006-12-05,33.53499984741211,33.689998626708984,33.43000030517578,33.61000061035156,25.599510192871094,1545600,0.0
2006-12-06,33.54999923706055,33.67499923706055,33.3650016784668,33.54999923706055,25.553810119628906,905000,0.0
2006-12-07,33.65999984741211,33.65999984741211,33.345001220703125,33.42499923706055,25.45860481262207,689400,0.0
2006-12-08,33.42499923706055,33.560001373291016,33.10499954223633,33.36000061035156,25.409090042114258,1259000,0.0
2006-12-11,33.39500045776367,33.46500015258789,33.255001068115234,33.39500045776367,25.435758590698242,8358800,0.0
2006-12-12,33.400001525878906,33.400001525878906,33.01499938964844,33.20000076293945,25.287221908569336,672800,0.0
2006-12-13,33.39500045776367,33.45000076293945,33.11000061035156,33.220001220703125,25.302453994750977,1579200,0.0
2006-12-14,33.224998474121094,33.6349983215332,33.224998474121094,33.48500061035156,25.504295349121094,1787000,0.0
2006-12-15,33.584999084472656,33.584999084472656,33.25,33.31999969482422,25.378637313842773,3236600,0.0
2006-12-18,33.375,33.44499969482422,32.83000183105469,32.8849983215332,25.047298431396484,1390200,0.0
2006-12-19,32.709999084472656,33.05500030517578,32.595001220703125,33.0,25.134891510009766,1197400,0.0
2006-12-20,33.005001068115234,33.244998931884766,33.0,33.099998474121094,25.21105194091797,1416800,0.0
2006-12-21,33.06999969482422,33.20000076293945,32.7599983215332,32.82500076293945,25.061796188354492,2971800,0.0795
2006-12-22,32.79999923706055,32.95500183105469,32.625,32.724998474121094,24.985443115234375,1348800,0.0
2006-12-26,32.77000045776367,33.07500076293945,32.77000045776367,33.01499938964844,25.20685577392578,1164800,0.0
2006-12-27,33.154998779296875,33.474998474121094,33.154998779296875,33.474998474121094,25.558069229125977,772000,0.0
2006-12-28,33.40999984741211,33.474998474121094,33.255001068115234,33.345001220703125,25.458820343017578,1281400,0.0
2006-12-29,33.32500076293945,33.36000061035156,32.959999084472656,32.994998931884766,25.19158935546875,3924200,0.0
2007-01-03,33.29999923706055,33.31999969482422,32.57500076293945,32.95000076293945,25.157238006591797,2803200,0.0
2007-01-04,32.94499969482422,33.064998626708984,32.60499954223633,32.92499923706055,25.138145446777344,2464200,0.0
2007-01-05,32.869998931884766,32.869998931884766,32.39500045776367,32.560001373291016,24.85945701599121,3867800,0.0
2007-01-08,32.53499984741211,32.61000061035156,32.21500015258789,32.540000915527344,24.844196319580078,1362400,0.0
2007-01-09,32.5099983215332,32.650001525878906,32.185001373291016,32.60499954223633,24.893821716308594,4730600,0.0
2007-01-10,32.42499923706055,32.650001525878906,32.34000015258789,32.6150016784668,24.901477813720703,3508000,0.0
2007-01-11,32.7400016784668,33.084999084472656,32.650001525878906,32.94499969482422,25.153409957885742,1180800,0.0
2007-01-12,33.025001525878906,33.2599983215332,32.97999954223633,33.25,25.386272430419922,1631000,0.0
2007-01-16,33.310001373291016,33.404998779296875,33.0099983215332,33.125,25.29084587097168,2550000,0.0
2007-01-17,32.974998474121094,33.244998931884766,32.974998474121094,33.13999938964844,25.302288055419922,1408800,0.0
2007-01-18,33.09000015258789,33.10499954223633,32.65999984741211,32.724998474121094,24.985443115234375,1400000,0.0
2007-01-19,32.61000061035156,33.0,32.61000061035156,32.94499969482422,25.153409957885742,1399600,0.0
2007-01-22,32.95000076293945,32.970001220703125,32.56999969482422,32.65999984741211,24.93581199645996,1840400,0.0
2007-01-23,32.59000015258789,33.1150016784668,32.59000015258789,33.029998779296875,25.218313217163086,1382000,0.0
2007-01-24,33.07500076293945,33.380001068115234,33.02000045776367,33.380001068115234,25.485546112060547,1376600,0.0
2007-01-25,33.33000183105469,33.400001525878906,32.875,32.96500015258789,25.16869354248047,1178600,0.0
2007-01-26,33.150001525878906,33.150001525878906,32.73500061035156,33.040000915527344,25.2259521484375,760200,0.0
2007-01-29,33.04499816894531,33.36000061035156,33.025001525878906,33.255001068115234,25.390100479125977,2259600,0.0
2007-01-30,33.380001068115234,33.505001068115234,33.18000030517578,33.5,25.577146530151367,844400,0.0
2007-01-31,33.459999084472656,33.79999923706055,33.2599983215332,33.654998779296875,25.69549560546875,4896600,0.0
2007-02-01,33.86000061035156,34.1150016784668,33.72999954223633,34.099998474121094,26.035259246826172,5634800,0.0
2007-02-02,34.1150016784668,34.19499969482422,33.9900016784668,34.11000061035156,26.042888641357422,1114400,0.0
2007-02-05,34.14500045776367,34.18000030517578,33.915000915527344,34.03499984741211,25.985620498657227,1678600,0.0
2007-02-06,34.119998931884766,34.165000915527344,33.88999938964844,34.165000915527344,26.084890365600586,961800,0.0
2007-02-07,34.279998779296875,34.439998626708984,34.1349983215332,34.439998626708984,26.294841766357422,914600,0.0
2007-02-08,34.17499923706055,34.3849983215332,34.13999938964844,34.34000015258789,26.218486785888672,1420200,0.0
2007-02-09,34.334999084472656,34.3650016784668,33.82500076293945,34.11000061035156,26.042888641357422,1601000,0.0
2007-02-12,34.064998626708984,34.064998626708984,33.72999954223633,33.849998474121094,25.844371795654297,3457400,0.0
2007-02-13,33.98500061035156,34.16999816894531,33.90999984741211,34.16999816894531,26.088695526123047,8696600,0.0
2007-02-14,34.20000076293945,34.415000915527344,34.125,34.26499938964844,26.161224365234375,1418600,0.0
2007-02-15,34.27000045776367,34.42499923706055,34.1349983215332,34.30500030517578,26.1917724609375,1028400,0.0
2007-02-16,34.32500076293945,34.459999084472656,34.1150016784668,34.415000915527344,26.2757511138916,1274600,0.0
2007-02-20,34.400001525878906,34.82500076293945,34.220001220703125,34.744998931884766,26.527711868286133,1387800,0.0
2007-02-21,34.595001220703125,34.88999938964844,34.595001220703125,34.880001068115234,26.63079261779785,2720200,0.0
2007-02-22,34.93000030517578,34.95500183105469,34.619998931884766,34.90999984741211,26.653688430786133,1743200,0.0
2007-02-23,34.88999938964844,34.88999938964844,34.64500045776367,34.7599983215332,26.539161682128906,2454000,0.0
2007-02-26,34.900001525878906,34.94499969482422,34.45000076293945,34.68000030517578,26.478078842163086,2041200,0.0
2007-02-27,34.119998931884766,34.209999084472656,33.244998931884766,33.244998931884766,25.382461547851562,4130000,0.0
2007-02-28,33.28499984741211,33.654998779296875,33.04499816894531,33.439998626708984,25.531347274780273,2401000,0.0
2007-03-01,32.869998931884766,33.57500076293945,32.584999084472656,33.3650016784668,25.474082946777344,4275800,0.0
2007-03-02,33.279998779296875,33.314998626708984,32.73500061035156,32.73500061035156,24.993085861206055,2883400,0.0
2007-03-05,32.275001525878906,32.875,32.07500076293945,32.07500076293945,24.489171981811523,3769600,0.0
2007-03-06,32.5,32.98500061035156,32.41999816894531,32.814998626708984,25.054161071777344,2088600,0.0
2007-03-07,32.82500076293945,33.040000915527344,32.685001373291016,32.775001525878906,25.02361297607422,1182200,0.0
2007-03-08,33.08000183105469,33.28499984741211,32.95500183105469,33.1150016784668,25.28321075439453,1809600,0.0
2007-03-09,33.345001220703125,33.345001220703125,32.9900016784668,33.25,25.386272430419922,1192600,0.0
2007-03-12,33.224998474121094,33.400001525878906,33.11000061035156,33.334999084472656,25.451181411743164,1168400,0.0
2007-03-13,33.150001525878906,33.220001220703125,32.540000915527344,32.56999969482422,24.867101669311523,1575600,0.0
2007-03-14,32.470001220703125,32.93000030517578,32.2400016784668,32.88999938964844,25.111419677734375,3960800,0.0
2007-03-15,32.85499954223633,33.18000030517578,32.85499954223633,33.125,25.29084587097168,3329200,0.0
2007-03-16,33.20000076293945,33.244998931884766,32.900001525878906,33.025001525878906,25.214494705200195,2034400,0.0
2007-03-19,33.20500183105469,33.48500061035156,33.20500183105469,33.36000061035156,25.470272064208984,2571600,0.0
2007-03-20,33.314998626708984,33.650001525878906,33.2599983215332,33.650001525878906,25.691692352294922,883200,0.0
2007-03-21,33.709999084472656,34.27000045776367,33.58000183105469,34.21500015258789,26.123056411743164,1333200,0.0
2007-03-22,34.30500030517578,34.30500030517578,34.03499984741211,34.26499938964844,26.161224365234375,1083000,0.0
2007-03-23,34.279998779296875,34.38999938964844,34.20000076293945,34.35499954223633,26.229944229125977,3073800,0.0
2007-03-26,34.400001525878906,34.415000915527344,33.9900016784668,34.165000915527344,26.12862205505371,2912400,0.0575
2007-03-27,34.1349983215332,34.13999938964844,33.89500045776367,34.064998626708984,26.052133560180664,699600,0.0
2007-03-28,33.880001068115234,34.02000045776367,33.65999984741211,33.790000915527344,25.841829299926758,1562200,0.0
2007-03-29,34.01499938964844,34.099998474121094,33.65999984741211,33.95500183105469,25.968013763427734,1571800,0.0
2007-03-30,34.01499938964844,34.16999816894531,33.75,33.95500183105469,25.968013763427734,1677400,0.0
2007-04-02,34.02000045776367,34.13999938964844,33.915000915527344,34.06999969482422,26.055946350097656,1382600,0.0
2007-04-03,34.18000030517578,34.5,34.18000030517578,34.39500045776367,26.304519653320312,951600,0.0
2007-04-04,34.44499969482422,34.459999084472656,34.275001525878906,34.45000076293945,26.346572875976562,991600,0.0
2007-04-05,34.345001220703125,34.540000915527344,34.345001220703125,34.400001525878906,26.308338165283203,1920400,0.0
2007-04-09,34.55500030517578,34.55500030517578,34.369998931884766,34.439998626708984,26.33892250061035,1732000,0.0
2007-04-10,34.404998779296875,34.63999938964844,34.404998779296875,34.560001373291016,26.430696487426758,1094200,0.0
2007-04-11,34.6150016784668,34.6150016784668,34.18000030517578,34.31999969482422,26.24715805053711,1279400,0.0
2007-04-12,34.279998779296875,34.56999969482422,34.08000183105469,34.5,26.384815216064453,7800200,0.0
2007-04-13,34.505001068115234,34.76499938964844,34.43000030517578,34.76499938964844,26.587480545043945,1604200,0.0
2007-04-16,34.94499969482422,35.18000030517578,34.8849983215332,35.18000030517578,26.90485954284668,912400,0.0
2007-04-17,35.22999954223633,35.2400016784668,34.95500183105469,35.099998474121094,26.84367561340332,1535600,0.0
2007-04-18,34.98500061035156,35.040000915527344,34.849998474121094,34.875,26.671607971191406,2140400,0.0
2007-04-19,34.66999816894531,34.95500183105469,34.52000045776367,34.80500030517578,26.618057250976562,11006600,0.0
2007-04-20,35.125,35.20000076293945,34.974998474121094,35.20000076293945,26.920154571533203,4917800,0.0
2007-04-23,35.099998474121094,35.310001373291016,35.04499816894531,35.14500045776367,26.878097534179688,1833200,0.0
2007-04-24,35.20000076293945,35.20500183105469,34.8650016784668,35.119998931884766,26.858976364135742,707800,0.0
2007-04-25,35.369998931884766,35.48500061035156,35.11000061035156,35.334999084472656,27.023393630981445,888400,0.0
2007-04-26,35.334999084472656,35.53499984741211,35.150001525878906,35.52000045776367,27.164886474609375,955000,0.0
2007-04-27,35.349998474121094,35.45000076293945,35.21500015258789,35.35499954223633,27.038692474365234,827200,0.0
2007-04-30,35.435001373291016,35.435001373291016,34.650001525878906,34.744998931884766,26.572175979614258,1301200,0.0
2007-05-01,34.75,34.970001220703125,34.525001525878906,34.939998626708984,26.721315383911133,2699000,0.0
2007-05-02,34.849998474121094,35.52000045776367,34.849998474121094,35.41999816894531,27.088403701782227,2059600,0.0
2007-05-03,35.474998474121094,35.54499816894531,35.290000915527344,35.404998779296875,27.076934814453125,3149400,0.0
2007-05-04,35.619998931884766,35.755001068115234,35.42499923706055,35.755001068115234,27.344606399536133,2495400,0.0
2007-05-07,35.54999923706055,35.744998931884766,35.54999923706055,35.6150016784668,27.237546920776367,1205800,0.0
2007-05-08,35.349998474121094,35.595001220703125,35.18000030517578,35.51499938964844,27.16105842590332,3897000,0.0
2007-05-09,35.45000076293945,35.88999938964844,35.38999938964844,35.720001220703125,27.317846298217773,1338200,0.0
2007-05-10,35.54999923706055,35.654998779296875,35.10499954223633,35.275001525878906,26.977508544921875,1219800,0.0
2007-05-11,35.279998779296875,35.599998474121094,35.26499938964844,35.54499816894531,27.18400764465332,831400,0.0
2007-05-14,35.53499984741211,35.65999984741211,35.19499969482422,35.244998931884766,26.95458221435547,2096800,0.0
2007-05-15,35.25,35.53499984741211,34.94499969482422,35.07500076293945,26.82455062866211,3143200,0.0
2007-05-16,35.119998931884766,35.23500061035156,34.83000183105469,35.20500183105469,26.923982620239258,1792000,0.0
2007-05-17,35.17499923706055,35.220001220703125,34.95000076293945,35.03499984741211,26.793975830078125,1738400,0.0
2007-05-18,35.025001525878906,35.45000076293945,34.974998474121094,35.3650016784668,27.046350479125977,2194400,0.0
2007-05-21,35.244998931884766,35.915000915527344,35.244998931884766,35.76499938964844,27.35224151611328,3201600,0.0
2007-05-22,35.775001525878906,36.064998626708984,35.689998626708984,35.98500061035156,27.520498275756836,2353600,0.0
2007-05-23,36.03499984741211,36.29499816894531,35.814998626708984,35.84000015258789,27.409608840942383,1887000,0.0
2007-05-24,35.82500076293945,36.095001220703125,35.224998474121094,35.42499923706055,27.09223175048828,1900800,0.0
2007-05-25,35.54499816894531,35.70000076293945,35.43000030517578,35.61000061035156,27.23371696472168,1370400,0.0
2007-05-29,35.68000030517578,35.974998474121094,35.68000030517578,35.904998779296875,27.45931053161621,1727600,0.0
2007-05-30,35.625,36.17499923706055,35.625,36.130001068115234,27.631397247314453,1718600,0.0
2007-05-31,36.244998931884766,36.435001373291016,36.165000915527344,36.26499938964844,27.734638214111328,1125600,0.0
2007-06-01,36.525001525878906,36.72999954223633,36.415000915527344,36.599998474121094,27.9908390045166,1634200,0.0
2007-06-04,36.529998779296875,36.685001373291016,36.40999984741211,36.630001068115234,28.013784408569336,1387600,0.0
2007-06-05,36.59000015258789,36.59000015258789,36.23500061035156,36.404998779296875,27.84172248840332,1932800,0.0
2007-06-06,36.19499969482422,36.209999084472656,35.814998626708984,35.959999084472656,27.501379013061523,1735200,0.0
2007-06-07,35.77000045776367,35.900001525878906,35.224998474121094,35.224998474121094,26.939279556274414,4941400,0.0
2007-06-08,35.310001373291016,35.7400016784668,35.16999816894531,35.625,27.24518585205078,3136600,0.0
2007-06-11,35.60499954223633,35.83000183105469,35.439998626708984,35.70500183105469,27.306367874145508,2108600,0.0
2007-06-12,35.404998779296875,35.67499923706055,35.13999938964844,35.13999938964844,26.874271392822266,3609600,0.0
2007-06-13,35.369998931884766,35.7599983215332,35.189998626708984,35.64500045776367,27.260480880737305,3611400,0.0
2007-06-14,35.77000045776367,36.084999084472656,35.70500183105469,35.95000076293945,27.493741989135742,3695800,0.0
2007-06-15,36.30500030517578,36.51499938964844,36.209999084472656,36.349998474121094,27.79965591430664,3815800,0.0
2007-06-18,36.61000061035156,36.61000061035156,36.11000061035156,36.27000045776367,27.73846435546875,3064200,0.0
2007-06-19,36.150001525878906,36.470001220703125,36.029998779296875,36.40999984741211,27.84552764892578,1663000,0.0
2007-06-20,36.400001525878906,36.525001525878906,35.900001525878906,35.90999984741211,27.46314239501953,1830400,0.0
2007-06-21,35.880001068115234,36.11000061035156,35.584999084472656,36.08000183105469,27.59316635131836,1601200,0.0
2007-06-22,35.96500015258789,36.04499816894531,35.54999923706055,35.779998779296875,27.363723754882812,1855600,0.0
2007-06-25,35.65999984741211,35.90999984741211,35.369998931884766,35.564998626708984,27.19930648803711,3503400,0.0
2007-06-26,35.665000915527344,35.68000030517578,35.224998474121094,35.224998474121094,26.939279556274414,1507800,0.0
2007-06-27,35.15999984741211,35.875,35.05500030517578,35.875,27.436372756958008,1421600,0.0
2007-06-28,35.849998474121094,36.20500183105469,35.77000045776367,35.90999984741211,27.46314239501953,1257800,0.0
2007-06-29,35.849998474121094,36.07500076293945,35.494998931884766,35.54999923706055,27.288137435913086,2120600,0.132
2007-07-02,35.790000915527344,36.05500030517578,35.70500183105469,36.02000045776367,27.648900985717773,3981000,0.0
2007-07-03,36.099998474121094,36.185001373291016,36.02000045776367,36.14500045776367,27.744848251342773,3535000,0.0
2007-07-05,36.099998474121094,36.2400016784668,35.90999984741211,36.209999084472656,27.79474639892578,891000,0.0
2007-07-06,36.2400016784668,36.3650016784668,36.03499984741211,36.290000915527344,27.85616111755371,1085600,0.0
2007-07-09,36.369998931884766,36.415000915527344,36.13999938964844,36.30500030517578,27.867671966552734,1779800,0.0
2007-07-10,36.125,36.125,35.709999084472656,35.709999084472656,27.41095542907715,1178600,0.0
2007-07-11,35.70500183105469,36.040000915527344,35.599998474121094,36.040000915527344,27.664262771606445,1321400,0.0
2007-07-12,36.09000015258789,36.60499954223633,36.09000015258789,36.400001525878906,27.940587997436523,1035400,0.0
2007-07-13,36.44499969482422,36.68000030517578,36.38999938964844,36.59000015258789,28.086427688598633,2597400,0.0
2007-07-16,36.54999923706055,36.685001373291016,36.32500076293945,36.47999954223633,28.002004623413086,1085800,0.0
2007-07-17,36.56999969482422,36.73500061035156,36.47999954223633,36.47999954223633,28.002004623413086,1155200,0.0
2007-07-18,36.224998474121094,36.41999816894531,35.96500015258789,36.375,27.921403884887695,3917800,0.0
2007-07-19,36.66999816894531,36.70500183105469,36.525001525878906,36.599998474121094,28.094120025634766,1055600,0.0
2007-07-20,36.540000915527344,36.58000183105469,35.79999923706055,36.03499984741211,27.660423278808594,1953000,0.0
2007-07-23,36.209999084472656,36.34000015258789,36.03499984741211,36.060001373291016,27.67960548400879,2138400,0.0
2007-07-24,35.66999816894531,35.7400016784668,35.03499984741211,35.224998474121094,27.038673400878906,3858000,0.0
2007-07-25,35.459999084472656,35.5099983215332,34.744998931884766,35.10499954223633,26.946552276611328,3521000,0.0
2007-07-26,34.45000076293945,34.900001525878906,33.709999084472656,34.220001220703125,26.267229080200195,8410800,0.0
2007-07-27,34.125,34.53499984741211,33.56999969482422,33.56999969482422,25.768285751342773,7165200,0.0
2007-07-30,33.75,34.244998931884766,33.45000076293945,34.10499954223633,26.178956985473633,3621200,0.0
2007-07-31,34.375,34.529998779296875,33.654998779296875,33.75,25.90646743774414,3637800,0.0
2007-08-01,33.630001068115234,34.060001373291016,33.005001068115234,33.8849983215332,26.010086059570312,6509400,0.0
2007-08-02,34.0,34.28499984741211,33.85499954223633,34.275001525878906,26.3094539642334,5503200,0.0
2007-08-03,34.150001525878906,34.224998474121094,32.90999984741211,32.96500015258789,25.30389976501465,4909000,0.0
2007-08-06,33.2400016784668,33.51499938964844,32.349998474121094,33.349998474121094,25.59942054748535,6426600,0.0
2007-08-07,33.17499923706055,34.14500045776367,33.025001525878906,33.76499938964844,25.917966842651367,12739000,0.0
2007-08-08,33.935001373291016,34.724998474121094,33.81999969482422,34.25,26.290250778198242,8333800,0.0
2007-08-09,33.73500061035156,34.21500015258789,33.32500076293945,33.494998931884766,25.71072006225586,9139600,0.0
2007-08-10,33.21500015258789,34.474998474121094,32.27000045776367,33.939998626708984,26.05229949951172,9434800,0.0
2007-08-13,34.349998474121094,34.65999984741211,33.75,33.75,25.90646743774414,5529200,0.0
2007-08-14,33.935001373291016,34.02000045776367,33.130001068115234,33.25,25.52264976501465,3829400,0.0
2007-08-15,33.09000015258789,33.654998779296875,32.540000915527344,32.93000030517578,25.277029037475586,5988000,0.0
2007-08-16,32.41999816894531,33.41999816894531,31.7450008392334,33.41999816894531,25.65315818786621,7869800,0.0
2007-08-17,34.32500076293945,34.8849983215332,33.525001525878906,34.03499984741211,26.125219345092773,3730800,0.0
2007-08-20,34.20000076293945,34.27000045776367,33.6150016784668,34.05500030517578,26.140573501586914,4603800,0.0
2007-08-21,34.099998474121094,34.31999969482422,33.90999984741211,34.22999954223633,26.2749080657959,3226200,0.0
2007-08-22,34.48500061035156,34.810001373291016,34.30500030517578,34.51499938964844,26.49367332458496,2636600,0.0
2007-08-23,34.81999969482422,34.81999969482422,34.05500030517578,34.154998779296875,26.217344284057617,2732200,0.0
2007-08-24,34.165000915527344,34.790000915527344,34.099998474121094,34.790000915527344,26.704755783081055,3051000,0.0
2007-08-27,34.5099983215332,34.625,34.20500183105469,34.33000183105469,26.351673126220703,2153000,0.0
2007-08-28,34.04499816894531,34.13999938964844,33.334999084472656,33.334999084472656,25.58791160583496,2293800,0.0
2007-08-29,33.6349983215332,34.20500183105469,33.505001068115234,34.20500183105469,26.255720138549805,2867600,0.0
2007-08-30,33.76499938964844,34.375,33.76499938964844,33.959999084472656,26.06764030456543,2169800,0.0
2007-08-31,34.189998626708984,34.560001373291016,33.95000076293945,34.380001068115234,26.390050888061523,4234800,0.0
2007-09-04,34.31999969482422,34.974998474121094,34.29999923706055,34.64500045776367,26.59346580505371,5260800,0.0
2007-09-05,34.52000045776367,34.53499984741211,34.20500183105469,34.439998626708984,26.43610191345215,2906000,0.0
2007-09-06,34.52000045776367,34.599998474121094,34.130001068115234,34.415000915527344,26.416898727416992,3927400,0.0
2007-09-07,33.845001220703125,33.9900016784668,33.599998474121094,33.9900016784668,26.090686798095703,4529000,0.0
2007-09-10,34.0,34.005001068115234,33.064998626708984,33.52000045776367,25.729917526245117,2236800,0.0
2007-09-11,33.689998626708984,34.099998474121094,33.43000030517578,34.099998474121094,26.175125122070312,2083800,0.0
2007-09-12,33.939998626708984,34.18000030517578,33.845001220703125,33.93000030517578,26.044626235961914,3517400,0.0
2007-09-13,34.01499938964844,34.26499938964844,33.779998779296875,33.92499923706055,26.040790557861328,5914200,0.0
2007-09-14,33.67499923706055,34.275001525878906,33.51499938964844,34.20000076293945,26.251880645751953,2469400,0.0
2007-09-17,33.974998474121094,34.099998474121094,33.77000045776367,33.810001373291016,25.952516555786133,2663400,0.0
2007-09-18,34.01499938964844,35.189998626708984,33.75,35.189998626708984,27.01180648803711,4285800,0.0
2007-09-19,35.45000076293945,35.82500076293945,35.375,35.55500030517578,27.291976928710938,9324800,0.0
2007-09-20,35.46500015258789,35.564998626708984,35.07500076293945,35.314998626708984,27.107749938964844,4397800,0.0
2007-09-21,35.404998779296875,35.55500030517578,35.19499969482422,35.34000015258789,27.126934051513672,3286600,0.0
2007-09-24,35.30500030517578,35.45000076293945,34.880001068115234,35.040000915527344,26.896663665771484,2893600,0.0
2007-09-25,34.77000045776367,34.94499969482422,34.57500076293945,34.88999938964844,26.781530380249023,4144800,0.0
2007-09-26,35.0,35.22999954223633,34.849998474121094,35.0099983215332,26.92108726501465,2341400,0.0615
2007-09-27,35.21500015258789,35.2599983215332,35.040000915527344,35.2599983215332,27.113323211669922,2438200,0.0
2007-09-28,35.150001525878906,35.290000915527344,34.790000915527344,34.875,26.81728744506836,4311200,0.0
2007-10-01,34.97999954223633,35.79999923706055,34.86000061035156,35.61000061035156,27.382461547851562,3622400,0.0
2007-10-02,35.650001525878906,35.959999084472656,35.650001525878906,35.904998779296875,27.60929298400879,3946600,0.0
2007-10-03,35.775001525878906,35.89500045776367,35.560001373291016,35.70000076293945,27.45167350769043,2373600,0.0
2007-10-04,35.79999923706055,35.8650016784668,35.564998626708984,35.79999923706055,27.52855682373047,2447000,0.0
2007-10-05,36.09000015258789,36.560001373291016,35.970001220703125,36.404998779296875,27.993793487548828,3201600,0.0
2007-10-08,36.345001220703125,36.46500015258789,36.10499954223633,36.18000030517578,27.820777893066406,1570000,0.0
2007-10-09,36.20000076293945,36.46500015258789,36.064998626708984,36.43000030517578,28.01300048828125,2267800,0.0
2007-10-10,36.310001373291016,36.43000030517578,36.10499954223633,36.31999969482422,27.928407669067383,6641800,0.0
2007-10-11,36.57500076293945,36.67499923706055,35.755001068115234,35.9900016784668,27.674671173095703,3589000,0.0
2007-10-12,35.96500015258789,36.310001373291016,35.834999084472656,36.25,27.874588012695312,2923000,0.0
2007-10-15,36.13999938964844,36.23500061035156,35.5099983215332,35.78499984741211,27.517026901245117,2947800,0.0
2007-10-16,35.564998626708984,35.665000915527344,35.275001525878906,35.35499954223633,27.186372756958008,2506000,0.0
2007-10-17,35.70500183105469,35.775001525878906,35.03499984741211,35.40999984741211,27.228668212890625,3067200,0.0
2007-10-18,35.130001068115234,35.48500061035156,35.07500076293945,35.2599983215332,27.113323211669922,1686400,0.0
2007-10-19,35.220001220703125,35.220001220703125,34.099998474121094,34.099998474121094,26.22134780883789,11862800,0.0
2007-10-22,33.875,34.79499816894531,33.68000030517578,34.720001220703125,26.698091506958008,5019200,0.0
2007-10-23,34.94499969482422,35.084999084472656,34.5099983215332,35.0,26.91339874267578,9733400,0.0
2007-10-24,34.845001220703125,34.92499923706055,34.084999084472656,34.78499984741211,26.748065948486328,3784400,0.0
2007-10-25,34.89500045776367,35.1150016784668,34.31999969482422,34.650001525878906,26.644269943237305,3041800,0.0
2007-10-26,35.130001068115234,35.34000015258789,34.75,35.34000015258789,27.174835205078125,1743200,0.0
2007-10-29,35.42499923706055,35.525001525878906,35.06999969482422,35.31999969482422,27.15946388244629,2229000,0.0
2007-10-30,35.1349983215332,35.29999923706055,34.92499923706055,35.029998779296875,26.93645668029785,3768400,0.0
2007-10-31,35.07500076293945,35.665000915527344,34.7400016784668,35.474998474121094,27.27865219116211,6784400,0.0
2007-11-01,34.814998626708984,34.85499954223633,33.939998626708984,34.099998474121094,26.22134780883789,5911400,0.0
2007-11-02,34.38999938964844,34.38999938964844,33.66999816894531,34.150001525878906,26.259794235229492,3654200,0.0
2007-11-05,33.869998931884766,33.9900016784668,33.474998474121094,33.73500061035156,25.940670013427734,2857600,0.0
2007-11-06,33.91999816894531,34.30500030517578,33.5,34.30500030517578,26.378976821899414,3098800,0.0
2007-11-07,33.59000015258789,33.91999816894531,33.05500030517578,33.20000076293945,25.529281616210938,4463400,0.0
2007-11-08,33.15999984741211,33.45000076293945,32.55500030517578,33.189998626708984,25.521587371826172,7205800,0.0
2007-11-09,33.060001373291016,33.275001525878906,32.595001220703125,32.91999816894531,25.31397247314453,5416400,0.0
2007-11-12,32.650001525878906,33.415000915527344,32.55500030517578,32.599998474121094,25.067901611328125,4668800,0.0
2007-11-13,33.22999954223633,33.665000915527344,32.98500061035156,33.53499984741211,25.786880493164062,3472400,0.0
2007-11-14,33.599998474121094,33.85499954223633,33.19499969482422,33.41999816894531,25.698455810546875,5459800,0.0
2007-11-15,33.185001373291016,33.314998626708984,32.61000061035156,32.95000076293945,25.337039947509766,10524600,0.0
2007-11-16,33.025001525878906,33.11000061035156,32.45500183105469,32.76499938964844,25.19477653503418,4798000,0.0
2007-11-19,32.599998474121094,32.599998474121094,31.989999771118164,32.125,24.70265769958496,4773000,0.0
2007-11-20,32.275001525878906,32.5,31.53499984741211,32.125,24.70265769958496,5090400,0.0
2007-11-21,31.979999542236328,32.17499923706055,31.610000610351562,31.649999618530273,24.337406158447266,1590000,0.0
2007-11-23,32.209999084472656,32.54999923706055,31.875,32.349998474121094,24.87567138671875,1756400,0.0
2007-11-26,32.20500183105469,32.43000030517578,31.34000015258789,31.34000015258789,24.099023818969727,4106000,0.0
2007-11-27,31.790000915527344,31.954999923706055,31.46500015258789,31.75,24.41429328918457,2727600,0.0
2007-11-28,31.985000610351562,32.939998626708984,31.985000610351562,32.939998626708984,25.329345703125,3402400,0.0
2007-11-29,32.54499816894531,32.939998626708984,32.53499984741211,32.81999969482422,25.237085342407227,1591600,0.0
2007-11-30,33.20000076293945,33.404998779296875,32.724998474121094,32.95000076293945,25.337039947509766,3527400,0.0
2007-12-03,33.04999923706055,33.04999923706055,32.5,32.5,24.991016387939453,2601800,0.0
2007-12-04,32.400001525878906,32.584999084472656,32.165000915527344,32.439998626708984,24.94487190246582,2605600,0.0
2007-12-05,32.80500030517578,32.92499923706055,32.5,32.849998474121094,25.260141372680664,2677000,0.0
2007-12-06,32.810001373291016,33.744998931884766,32.80500030517578,33.65999984741211,25.88300895690918,2185000,0.0
2007-12-07,33.79499816894531,33.81999969482422,33.44499969482422,33.619998931884766,25.852230072021484,2498600,0.0
2007-12-10,33.65999984741211,34.064998626708984,33.6150016784668,34.029998779296875,26.16750717163086,14993000,0.0
2007-12-11,34.0099983215332,34.1349983215332,32.7599983215332,32.790000915527344,25.214004516601562,2158800,0.0
2007-12-12,33.775001525878906,33.8650016784668,32.63999938964844,32.97999954223633,25.360116958618164,2264400,0.0
2007-12-13,32.685001373291016,32.959999084472656,32.44499969482422,32.64500045776367,25.102514266967773,1544800,0.0
2007-12-14,32.43000030517578,32.880001068115234,32.14500045776367,32.255001068115234,24.802616119384766,1553000,0.0
2007-12-17,32.005001068115234,32.185001373291016,31.604999542236328,31.690000534057617,24.3681640625,1794000,0.0
2007-12-18,32.005001068115234,32.17499923706055,31.360000610351562,32.119998931884766,24.698806762695312,3429600,0.0
2007-12-19,32.03499984741211,32.314998626708984,31.895000457763672,32.27000045776367,24.814146041870117,4525800,0.0
2007-12-20,32.439998626708984,32.724998474121094,31.94499969482422,32.724998474121094,25.164026260375977,2630200,0.0
2007-12-21,33.21500015258789,33.41999816894531,33.0099983215332,33.40999984741211,25.69075584411621,1931200,0.0
2007-12-24,33.60499954223633,33.7599983215332,33.45000076293945,33.66999816894531,25.89068031311035,928400,0.0
2007-12-26,33.59000015258789,33.915000915527344,33.43000030517578,33.67499923706055,25.894535064697266,1428200,0.0
2007-12-27,33.43000030517578,33.56999969482422,32.755001068115234,32.79999923706055,25.293434143066406,2923400,0.0955
2007-12-28,33.165000915527344,33.17499923706055,32.72999954223633,32.73500061035156,25.243303298950195,2679600,0.0
2007-12-31,32.54999923706055,32.78499984741211,32.30500030517578,32.5099983215332,25.06978988647461,4263600,0.0
2008-01-02,32.459999084472656,32.67499923706055,31.93000030517578,32.19499969482422,24.826887130737305,5538800,0.0
2008-01-03,32.189998626708984,32.42499923706055,31.725000381469727,31.78499984741211,24.510717391967773,4400000,0.0
2008-01-04,31.395000457763672,31.440000534057617,30.68000030517578,30.815000534057617,23.762710571289062,2734600,0.0
2008-01-07,30.920000076293945,31.190000534057617,30.459999084472656,30.975000381469727,23.886096954345703,3377600,0.0
2008-01-08,30.975000381469727,31.344999313354492,30.014999389648438,30.1200008392334,23.226770401000977,5954000,0.0
2008-01-09,30.014999389648438,30.46500015258789,29.454999923706055,30.46500015258789,23.492820739746094,5698000,0.0
2008-01-10,30.024999618530273,30.924999237060547,29.905000686645508,30.65999984741211,23.643186569213867,5867600,0.0
2008-01-11,30.5,30.575000762939453,29.940000534057617,30.040000915527344,23.16507911682129,4631800,0.0
2008-01-14,30.325000762939453,30.454999923706055,30.075000762939453,30.334999084472656,23.39257049560547,3538600,0.0
2008-01-15,29.924999237060547,30.049999237060547,29.604999542236328,29.75,22.941450119018555,2550400,0.0
2008-01-16,29.575000762939453,30.299999237060547,29.43000030517578,29.825000762939453,22.999284744262695,4091200,0.0
2008-01-17,29.94499969482422,30.110000610351562,29.065000534057617,29.135000228881836,22.467201232910156,4704400,0.0
2008-01-18,29.239999771118164,29.59000015258789,28.559999465942383,28.93000030517578,22.309110641479492,4785200,0.0
2008-01-22,26.274999618530273,29.350000381469727,26.274999618530273,28.844999313354492,22.243572235107422,5045800,0.0
2008-01-23,28.200000762939453,29.885000228881836,28.155000686645508,29.875,23.037845611572266,6595200,0.0
2008-01-24,30.075000762939453,30.40999984741211,29.565000534057617,29.834999084472656,23.006990432739258,4629600,0.0
2008-01-25,30.229999542236328,30.34000015258789,29.469999313354492,29.665000915527344,22.875904083251953,2801600,0.0
2008-01-28,29.559999465942383,30.280000686645508,29.295000076293945,30.219999313354492,23.303892135620117,2795600,0.0
2008-01-29,30.46500015258789,30.53499984741211,29.96500015258789,30.469999313354492,23.496671676635742,2032400,0.0
2008-01-30,30.354999542236328,31.0,30.030000686645508,30.06999969482422,23.188213348388672,2887400,0.0
2008-01-31,29.674999237060547,31.145000457763672,29.625,30.7549991607666,23.716445922851562,3557200,0.0
2008-02-01,31.03499984741211,31.735000610351562,30.940000534057617,31.614999771118164,24.379621505737305,2857200,0.0
2008-02-04,31.56999969482422,31.614999771118164,31.18000030517578,31.295000076293945,24.13286018371582,2983400,0.0
2008-02-05,30.7549991607666,31.100000381469727,30.399999618530273,30.514999389648438,23.531368255615234,7000400,0.0
2008-02-06,30.645000457763672,30.895000457763672,30.059999465942383,30.100000381469727,23.211349487304688,3228800,0.0
2008-02-07,30.065000534057617,30.7450008392334,29.889999389648438,30.5049991607666,23.523666381835938,4454400,0.0
2008-02-08,30.514999389648438,30.809999465942383,30.165000915527344,30.395000457763672,23.438831329345703,3319800,0.0
2008-02-11,30.399999618530273,30.670000076293945,30.06999969482422,30.475000381469727,23.500524520874023,2366800,0.0
2008-02-12,30.635000228881836,31.010000228881836,30.46500015258789,30.809999465942383,23.758861541748047,2617000,0.0
2008-02-13,31.05500030517578,31.350000381469727,30.81999969482422,31.309999465942383,24.144433975219727,2973000,0.0
2008-02-14,31.350000381469727,31.405000686645508,30.565000534057617,30.639999389648438,23.627763748168945,2325200,0.0
2008-02-15,30.469999313354492,30.604999542236328,30.149999618530273,30.604999542236328,23.600778579711914,2155800,0.0
2008-02-19,30.81999969482422,31.065000534057617,30.395000457763672,30.524999618530273,23.53908348083496,2552800,0.0
2008-02-20,30.329999923706055,30.969999313354492,30.184999465942383,30.93000030517578,23.851396560668945,4230400,0.0
2008-02-21,31.155000686645508,31.299999237060547,30.295000076293945,30.760000228881836,23.72028923034668,3560000,0.0
2008-02-22,30.375,30.44499969482422,29.8700008392334,30.415000915527344,23.45426368713379,2239200,0.0
2008-02-25,30.44499969482422,31.155000686645508,30.295000076293945,31.03499984741211,23.9323673248291,4540400,0.0
2008-02-26,30.915000915527344,31.635000228881836,30.860000610351562,31.375,24.194549560546875,4029200,0.0
2008-02-27,31.1200008392334,31.665000915527344,31.040000915527344,31.385000228881836,24.20226287841797,2494200,0.0
2008-02-28,31.014999389648438,31.204999923706055,30.719999313354492,30.844999313354492,23.78584861755371,2512200,0.0
2008-02-29,30.559999465942383,30.559999465942383,29.889999389648438,30.024999618530273,23.153514862060547,1774600,0.0
2008-03-03,29.934999465942383,30.135000228881836,29.55500030517578,29.985000610351562,23.12267303466797,4206000,0.0
2008-03-04,29.719999313354492,30.020000457763672,29.405000686645508,29.80500030517578,22.983858108520508,3019000,0.0
2008-03-05,30.049999237060547,30.219999313354492,29.674999237060547,30.040000915527344,23.16507911682129,6023400,0.0
2008-03-06,29.809999465942383,29.90999984741211,29.135000228881836,29.19499969482422,22.51346778869629,5046400,0.0
2008-03-07,29.0,29.485000610351562,28.81999969482422,29.0,22.36309242248535,4622400,0.0
2008-03-10,29.114999771118164,29.18000030517578,28.405000686645508,28.440000534057617,21.931259155273438,5883600,0.0
2008-03-11,29.315000534057617,29.565000534057617,28.7549991607666,29.4950008392334,22.744800567626953,4301400,0.0
2008-03-12,29.479999542236328,29.885000228881836,29.084999084472656,29.209999084472656,22.525033950805664,2757200,0.0
2008-03-13,29.024999618530273,29.905000686645508,28.600000381469727,29.905000686645508,23.060972213745117,8038400,0.0
2008-03-14,30.03499984741211,30.110000610351562,28.860000610351562,29.170000076293945,22.494186401367188,3814600,0.0
2008-03-17,28.299999237060547,29.079999923706055,28.184999465942383,28.625,22.073917388916016,4635400,0.0
2008-03-18,29.25,30.0049991607666,29.0049991607666,29.940000534057617,23.08795738220215,2281400,0.0
2008-03-19,30.155000686645508,30.325000762939453,29.155000686645508,29.155000686645508,22.482624053955078,3843800,0.0
2008-03-20,29.315000534057617,29.959999084472656,29.174999237060547,29.834999084472656,23.006990432739258,3279400,0.0
2008-03-24,30.03499984741211,30.924999237060547,29.96500015258789,30.760000228881836,23.72028923034668,2593400,0.0
2008-03-25,30.975000381469727,30.985000610351562,30.485000610351562,30.885000228881836,23.845373153686523,6475800,0.037
2008-03-26,30.670000076293945,30.80500030517578,30.434999465942383,30.684999465942383,23.69095802307129,2796400,0.0
2008-03-27,30.704999923706055,30.78499984741211,30.190000534057617,30.225000381469727,23.3358097076416,2276400,0.0
2008-03-28,30.280000686645508,30.375,29.80500030517578,29.850000381469727,23.04629135131836,4522200,0.0
2008-03-31,29.90999984741211,30.334999084472656,29.780000686645508,29.96500015258789,23.13507080078125,5380400,0.0
2008-04-01,30.420000076293945,31.100000381469727,30.354999542236328,31.100000381469727,24.01137351989746,3225000,0.0
2008-04-02,31.1200008392334,31.440000534057617,30.875,31.225000381469727,24.107885360717773,9126800,0.0
2008-04-03,30.989999771118164,31.395000457763672,30.924999237060547,31.170000076293945,24.065412521362305,2422600,0.0
2008-04-04,31.280000686645508,31.530000686645508,31.014999389648438,31.239999771118164,24.119464874267578,6994400,0.0
2008-04-07,31.459999084472656,31.524999618530273,31.03499984741211,31.079999923706055,23.995929718017578,1839200,0.0
2008-04-08,30.924999237060547,31.18000030517578,30.850000381469727,31.040000915527344,23.965051651000977,1978800,0.0
2008-04-09,31.094999313354492,31.204999923706055,30.459999084472656,30.565000534057617,23.59831428527832,2157800,0.0
2008-04-10,30.575000762939453,30.985000610351562,30.364999771118164,30.78499984741211,23.768163681030273,1449400,0.0
2008-04-11,30.5,30.530000686645508,29.979999542236328,30.09000015258789,23.231578826904297,2274000,0.0
2008-04-14,30.040000915527344,30.295000076293945,29.8799991607666,29.93000030517578,23.108047485351562,1735400,0.0
2008-04-15,30.1299991607666,30.21500015258789,29.864999771118164,30.09000015258789,23.231578826904297,3056000,0.0
2008-04-16,30.485000610351562,31.1200008392334,30.450000762939453,31.0,23.934160232543945,2378000,0.0
2008-04-17,30.93000030517578,30.969999313354492,30.635000228881836,30.875,23.8376522064209,967800,0.0
2008-04-18,31.405000686645508,31.549999237060547,31.170000076293945,31.309999465942383,24.173505783081055,3407400,0.0
2008-04-21,31.18000030517578,31.334999084472656,31.024999618530273,31.204999923706055,24.092439651489258,992600,0.0
2008-04-22,31.024999618530273,31.024999618530273,30.350000381469727,30.69499969482422,23.698680877685547,2941400,0.0
2008-04-23,30.725000381469727,30.90999984741211,30.475000381469727,30.764999389648438,23.75272560119629,2024200,0.0
2008-04-24,30.735000610351562,31.344999313354492,30.34000015258789,31.18000030517578,24.073143005371094,2488800,0.0
2008-04-25,31.344999313354492,31.584999084472656,30.934999465942383,31.510000228881836,24.32792091369629,1157000,0.0
2008-04-28,31.510000228881836,31.799999237060547,31.315000534057617,31.709999084472656,24.482337951660156,3426800,0.0
2008-04-29,31.594999313354492,31.655000686645508,31.225000381469727,31.424999237060547,24.262290954589844,1303600,0.0
2008-04-30,31.475000381469727,31.815000534057617,31.100000381469727,31.290000915527344,24.158071517944336,2517600,0.0
2008-05-01,31.325000762939453,31.8700008392334,31.174999237060547,31.75,24.513221740722656,2867800,0.0
2008-05-02,32.09000015258789,32.125,31.59000015258789,31.7450008392334,24.509353637695312,1628400,0.0
2008-05-05,31.670000076293945,31.81999969482422,31.450000762939453,31.59000015258789,24.389690399169922,2326800,0.0
2008-05-06,31.389999389648438,31.889999389648438,31.344999313354492,31.674999237060547,24.455303192138672,1817400,0.0
2008-05-07,31.75,31.93000030517578,31.170000076293945,31.260000228881836,24.134902954101562,1286800,0.0
2008-05-08,31.350000381469727,31.399999618530273,31.110000610351562,31.31999969482422,24.181217193603516,2629400,0.0
2008-05-09,31.125,31.450000762939453,31.014999389648438,31.364999771118164,24.21596908569336,1025600,0.0
2008-05-12,31.395000457763672,31.844999313354492,31.299999237060547,31.684999465942383,24.463029861450195,1917000,0.0
2008-05-13,31.850000381469727,32.13999938964844,31.68000030517578,32.064998626708984,24.75641441345215,3597800,0.0
2008-05-14,32.18000030517578,32.459999084472656,32.03499984741211,32.064998626708984,24.75641441345215,1657200,0.0
2008-05-15,32.1150016784668,32.459999084472656,31.940000534057617,32.44499969482422,25.049806594848633,967800,0.0
2008-05-16,32.53499984741211,32.56999969482422,31.975000381469727,32.46500015258789,25.06525230407715,2428200,0.0
2008-05-19,32.415000915527344,32.73500061035156,32.20000076293945,32.2599983215332,24.906970977783203,1263200,0.0
2008-05-20,32.224998474121094,32.2599983215332,31.895000457763672,32.18000030517578,24.845203399658203,2545800,0.0
2008-05-21,32.18000030517578,32.459999084472656,31.65999984741211,31.760000228881836,24.520933151245117,2007600,0.0
2008-05-22,31.854999542236328,32.150001525878906,31.825000762939453,31.9950008392334,24.70237159729004,2922800,0.0
2008-05-23,31.924999237060547,31.924999237060547,31.395000457763672,31.684999465942383,24.463029861450195,2674600,0.0
2008-05-27,31.690000534057617,32.095001220703125,31.655000686645508,32.095001220703125,24.779582977294922,1888000,0.0
2008-05-28,32.220001220703125,32.27000045776367,31.924999237060547,32.2599983215332,24.906970977783203,3026600,0.0
2008-05-29,32.17499923706055,32.775001525878906,32.13999938964844,32.42499923706055,25.034364700317383,3412600,0.0
2008-05-30,32.54499816894531,32.67499923706055,32.349998474121094,32.59000015258789,25.16176414489746,4179000,0.0
2008-06-02,32.619998931884766,32.619998931884766,32.0,32.3849983215332,25.003477096557617,2966000,0.0
2008-06-03,32.494998931884766,32.60499954223633,31.975000381469727,32.30500030517578,24.941720962524414,2442600,0.0
2008-06-04,32.20000076293945,32.744998931884766,32.099998474121094,32.435001373291016,25.042083740234375,3083800,0.0
2008-06-05,32.57500076293945,33.275001525878906,32.5,33.275001525878906,25.69061851501465,3136200,0.0
2008-06-06,33.095001220703125,33.099998474121094,32.165000915527344,32.165000915527344,24.833620071411133,5158200,0.0
2008-06-09,32.345001220703125,32.459999084472656,31.799999237060547,32.13999938964844,24.8143253326416,3700600,0.0
2008-06-10,31.94499969482422,32.185001373291016,31.799999237060547,32.0,24.706239700317383,3527200,0.0
2008-06-11,31.93000030517578,31.959999084472656,31.350000381469727,31.350000381469727,24.204395294189453,5257400,0.0
2008-06-12,31.635000228881836,31.93000030517578,31.325000762939453,31.395000457763672,24.2391300201416,2045200,0.0
2008-06-13,31.75,32.03499984741211,31.59000015258789,32.02000045776367,24.721677780151367,1542800,0.0
2008-06-16,31.93000030517578,32.42499923706055,31.8700008392334,32.345001220703125,24.97260093688965,2852800,0.0
2008-06-17,32.474998474121094,32.474998474121094,32.150001525878906,32.17499923706055,24.84134864807129,5566800,0.0
2008-06-18,32.03499984741211,32.1150016784668,31.7450008392334,32.0,24.706239700317383,3298600,0.0
2008-06-19,31.950000762939453,32.25,31.790000915527344,32.25,24.89925193786621,2537000,0.0
2008-06-20,32.09000015258789,32.15999984741211,31.4950008392334,31.704999923706055,24.478479385375977,8506600,0.0
2008-06-23,31.969999313354492,31.969999313354492,31.420000076293945,31.454999923706055,24.285451889038086,5960800,0.0
2008-06-24,31.114999771118164,31.354999542236328,30.825000762939453,30.8799991607666,23.900781631469727,2689800,0.078
2008-06-25,31.020000457763672,31.5049991607666,30.989999771118164,31.280000686645508,24.210384368896484,6148200,0.0
2008-06-26,30.94499969482422,31.014999389648438,30.5049991607666,30.584999084472656,23.672456741333008,2888200,0.0
2008-06-27,30.5049991607666,30.7450008392334,30.270000457763672,30.334999084472656,23.478958129882812,3921000,0.0
2008-06-30,30.399999618530273,30.614999771118164,30.084999084472656,30.084999084472656,23.28545570373535,4195400,0.0
2008-07-01,29.864999771118164,30.225000381469727,29.530000686645508,30.094999313354492,23.293201446533203,8285000,0.0
2008-07-02,30.125,30.299999237060547,29.28499984741211,29.30500030517578,22.681745529174805,3587000,0.0
2008-07-03,29.30500030517578,29.415000915527344,28.799999237060547,29.0049991607666,22.449554443359375,2284000,0.0
2008-07-07,29.235000610351562,29.309999465942383,28.454999923706055,28.80500030517578,22.294755935668945,3811000,0.0
2008-07-08,28.770000457763672,29.735000610351562,28.489999771118164,29.735000610351562,23.01456642150879,7117200,0.0
2008-07-09,29.71500015258789,29.774999618530273,28.8799991607666,28.889999389648438,22.36054801940918,5341400,0.0
2008-07-10,28.93000030517578,29.3799991607666,28.764999389648438,29.19499969482422,22.596616744995117,3566000,0.0
2008-07-11,28.934999465942383,29.5,28.604999542236328,29.190000534057617,22.592737197875977,3668000,0.0
2008-07-14,29.524999618530273,29.59000015258789,28.670000076293945,28.90999984741211,22.376026153564453,7201200,0.0
2008-07-15,28.579999923706055,29.204999923706055,28.094999313354492,28.635000228881836,22.163177490234375,6306600,0.0
2008-07-16,28.725000381469727,29.725000381469727,28.6200008392334,29.665000915527344,22.96038818359375,3335200,0.0
2008-07-17,29.829999923706055,30.145000457763672,29.524999618530273,30.114999771118164,23.30868148803711,3680200,0.0
2008-07-18,30.395000457763672,30.395000457763672,29.829999923706055,30.020000457763672,23.235158920288086,3365400,0.0
2008-07-21,30.174999237060547,30.270000457763672,29.915000915527344,30.18000030517578,23.358997344970703,4746400,0.0
2008-07-22,30.079999923706055,31.0049991607666,29.969999313354492,30.920000076293945,23.931743621826172,3885400,0.0
2008-07-23,30.94499969482422,31.389999389648438,30.850000381469727,31.125,24.09040641784668,8256000,0.0
2008-07-24,31.190000534057617,31.200000762939453,30.190000534057617,30.344999313354492,23.48670196533203,8170400,0.0
2008-07-25,30.549999237060547,30.850000381469727,30.40999984741211,30.559999465942383,23.653106689453125,2971200,0.0
2008-07-28,30.520000457763672,30.59000015258789,29.959999084472656,30.06999969482422,23.27385902404785,3866400,0.0
2008-07-29,30.135000228881836,30.8700008392334,30.114999771118164,30.829999923706055,23.862091064453125,5551200,0.0
2008-07-30,30.96500015258789,31.170000076293945,30.549999237060547,30.915000915527344,23.927881240844727,4434600,0.0
2008-07-31,30.565000534057617,31.059999465942383,30.549999237060547,30.655000686645508,23.72663688659668,8848000,0.0
2008-08-01,30.8700008392334,30.94499969482422,30.34000015258789,30.84000015258789,23.869827270507812,8102400,0.0
2008-08-04,30.825000762939453,30.825000762939453,30.174999237060547,30.450000762939453,23.56795883178711,2678600,0.0
2008-08-05,30.725000381469727,31.290000915527344,30.649999618530273,31.209999084472656,24.15619659423828,1901400,0.0
2008-08-06,31.225000381469727,31.4950008392334,30.954999923706055,31.360000610351562,24.27230453491211,2271000,0.0
2008-08-07,31.094999313354492,31.405000686645508,30.899999618530273,31.014999389648438,24.005273818969727,5259400,0.0
2008-08-08,31.075000762939453,31.969999313354492,30.90999984741211,31.850000381469727,24.651546478271484,3336200,0.0
2008-08-11,31.950000762939453,32.93000030517578,31.8799991607666,32.64500045776367,25.266876220703125,7436200,0.0
2008-08-12,32.58000183105469,32.630001068115234,32.244998931884766,32.38999938964844,25.069509506225586,6458400,0.0
2008-08-13,32.380001068115234,32.595001220703125,32.005001068115234,32.45000076293945,25.115947723388672,5575400,0.0
2008-08-14,32.25,32.80500030517578,32.224998474121094,32.665000915527344,25.2823486328125,3279400,0.0
2008-08-15,32.8650016784668,33.099998474121094,32.42499923706055,32.73500061035156,25.336536407470703,3390600,0.0
2008-08-18,32.814998626708984,32.814998626708984,32.01499938964844,32.154998779296875,24.887615203857422,4361800,0.0
2008-08-19,32.14500045776367,32.14500045776367,31.530000686645508,31.6299991607666,24.481271743774414,4351800,0.0
2008-08-20,31.905000686645508,32.10499954223633,31.424999237060547,31.69499969482422,24.53158187866211,6700000,0.0
2008-08-21,31.510000228881836,31.729999542236328,31.34000015258789,31.44499969482422,24.338085174560547,2904400,0.0
2008-08-22,31.665000915527344,32.119998931884766,31.625,31.989999771118164,24.759910583496094,2718800,0.0
2008-08-25,31.8700008392334,31.989999771118164,31.190000534057617,31.40999984741211,24.31100082397461,2076400,0.0
2008-08-26,31.434999465942383,31.575000762939453,31.1200008392334,31.46500015258789,24.35357093811035,5543600,0.0
2008-08-27,31.489999771118164,32.01499938964844,31.454999923706055,31.795000076293945,24.608985900878906,5603400,0.0
2008-08-28,31.934999465942383,32.375,31.864999771118164,32.29499816894531,24.995981216430664,2456400,0.0
2008-08-29,32.154998779296875,32.314998626708984,31.920000076293945,31.969999313354492,24.74443244934082,2062000,0.0
2008-09-02,32.45000076293945,32.7599983215332,31.735000610351562,32.130001068115234,24.868268966674805,5274000,0.0
2008-09-03,32.029998779296875,32.44499969482422,31.885000228881836,32.21500015258789,24.93406105041504,6443200,0.0
2008-09-04,31.934999465942383,31.94499969482422,31.100000381469727,31.219999313354492,24.163944244384766,5605600,0.0
2008-09-05,31.065000534057617,31.360000610351562,30.510000228881836,31.19499969482422,24.14458656311035,8992200,0.0
2008-09-08,32.18000030517578,32.400001525878906,31.399999618530273,31.94499969482422,24.725074768066406,6479600,0.0
2008-09-09,31.834999084472656,32.13999938964844,30.829999923706055,30.895000457763672,23.912391662597656,7604800,0.0
2008-09-10,31.200000762939453,31.545000076293945,30.78499984741211,31.2450008392334,24.183298110961914,3856000,0.0
2008-09-11,30.8799991607666,31.540000915527344,30.594999313354492,31.4950008392334,24.376785278320312,6315200,0.0
2008-09-12,31.274999618530273,31.635000228881836,31.09000015258789,31.56999969482422,24.43483543395996,5974600,0.0
2008-09-15,30.684999465942383,31.350000381469727,30.290000915527344,30.395000457763672,23.525394439697266,7832400,0.0
2008-09-16,29.84000015258789,31.290000915527344,29.0049991607666,31.290000915527344,24.21811866760254,8861600,0.0
2008-09-17,30.860000610351562,30.895000457763672,29.895000457763672,29.975000381469727,23.2003231048584,10016200,0.0
2008-09-18,30.579999923706055,31.889999389648438,29.700000762939453,31.739999771118164,24.56641387939453,10888200,0.0
2008-09-19,38.0,38.0,32.44499969482422,32.560001373291016,25.201080322265625,6237800,0.0
2008-09-22,33.04999923706055,33.04999923706055,31.424999237060547,31.600000381469727,24.458057403564453,6990000,0.0
2008-09-23,31.545000076293945,31.75,31.065000534057617,31.204999923706055,24.152326583862305,7226400,0.0
2008-09-24,31.145000457763672,31.219999313354492,30.594999313354492,30.6299991607666,23.70728302001953,4341800,0.0
2008-09-25,30.690000534057617,31.204999923706055,30.594999313354492,30.709999084472656,23.83885955810547,6131000,0.0895
2008-09-26,30.354999542236328,30.969999313354492,30.18000030517578,30.969999313354492,24.040693283081055,4920200,0.0
2008-09-29,30.30500030517578,30.969999313354492,28.854999542236328,29.075000762939453,22.569684982299805,5608600,0.0
2008-09-30,29.09000015258789,30.065000534057617,28.9950008392334,29.7549991607666,23.0975341796875,3953200,0.0
2008-10-01,29.565000534057617,29.7549991607666,29.280000686645508,29.7450008392334,23.089767456054688,4677600,0.0
2008-10-02,29.520000457763672,29.520000457763672,28.059999465942383,28.059999465942383,21.781782150268555,4922800,0.0
2008-10-03,28.4950008392334,28.905000686645508,27.315000534057617,27.475000381469727,21.32767105102539,6104400,0.0
2008-10-06,26.635000228881836,26.885000228881836,25.09000015258789,26.469999313354492,20.547523498535156,10572600,0.0
2008-10-07,26.75,26.889999389648438,24.809999465942383,24.885000228881836,19.317167282104492,7106400,0.0
2008-10-08,23.989999771118164,25.424999237060547,23.84000015258789,24.360000610351562,18.909629821777344,7271800,0.0
2008-10-09,24.899999618530273,24.934999465942383,22.334999084472656,22.334999084472656,17.337705612182617,6690400,0.0
2008-10-10,21.2450008392334,23.780000686645508,20.860000610351562,23.360000610351562,18.133377075195312,9937000,0.0
2008-10-13,24.475000381469727,25.239999771118164,23.360000610351562,25.1299991607666,19.507349014282227,4603800,0.0
2008-10-14,26.209999084472656,26.5,24.03499984741211,24.700000762939453,19.173553466796875,9022200,0.0
2008-10-15,24.350000381469727,24.5049991607666,22.3799991607666,22.44499969482422,17.423091888427734,5909400,0.0
2008-10-16,22.7450008392334,23.860000610351562,21.55500030517578,23.684999465942383,18.385656356811523,7976000,0.0
2008-10-17,22.96500015258789,24.485000610351562,22.514999389648438,23.065000534057617,17.904375076293945,5508200,0.0
2008-10-20,23.614999771118164,24.19499969482422,23.274999618530273,24.135000228881836,18.734966278076172,4285200,0.0
2008-10-21,23.989999771118164,24.204999923706055,23.420000076293945,23.645000457763672,18.354612350463867,3591400,0.0
2008-10-22,22.899999618530273,23.645000457763672,21.780000686645508,22.260000228881836,17.27948570251465,3338600,0.0
2008-10-23,22.399999618530273,22.5049991607666,20.594999313354492,21.625,16.786561965942383,6036400,0.0
2008-10-24,19.760000228881836,21.299999237060547,19.594999313354492,20.6299991607666,16.014192581176758,4857800,0.0
2008-10-27,20.545000076293945,21.059999465942383,19.860000610351562,20.075000762939453,15.583368301391602,3162000,0.0
2008-10-28,20.274999618530273,21.469999313354492,19.545000076293945,21.395000457763672,16.6080265045166,4617600,0.0
2008-10-29,21.405000686645508,22.565000534057617,21.21500015258789,21.829999923706055,16.94569969177246,7150800,0.0
2008-10-30,22.389999389648438,22.899999618530273,22.0,22.799999237060547,17.69866180419922,3358200,0.0
2008-10-31,22.764999389648438,23.940000534057617,22.350000381469727,23.875,18.533153533935547,5460600,0.0
2008-11-03,23.700000762939453,24.1200008392334,23.56999969482422,23.71500015258789,18.40894317626953,3287200,0.0
2008-11-04,24.299999237060547,24.364999771118164,23.6299991607666,24.084999084472656,18.6961612701416,3231400,0.0
2008-11-05,23.850000381469727,23.940000534057617,22.704999923706055,22.829999923706055,17.721952438354492,4311400,0.0
2008-11-06,22.639999389648438,22.860000610351562,21.96500015258789,21.96500015258789,17.050487518310547,6452800,0.0
2008-11-07,22.229999542236328,22.530000686645508,21.799999237060547,22.295000076293945,17.306652069091797,3558600,0.0
2008-11-10,22.834999084472656,22.834999084472656,21.59000015258789,21.80500030517578,16.926284790039062,3524200,0.0
2008-11-11,21.59000015258789,22.0,21.19499969482422,21.325000762939453,16.55369758605957,5946600,0.0
2008-11-12,20.985000610351562,21.114999771118164,20.06999969482422,20.125,15.622179985046387,6136000,0.0
2008-11-13,20.274999618530273,21.774999618530273,19.15999984741211,21.665000915527344,16.817617416381836,7845000,0.0
2008-11-14,21.280000686645508,21.549999237060547,20.174999237060547,20.174999237060547,15.660987854003906,5015200,0.0
2008-11-17,20.139999389648438,20.6299991607666,19.920000076293945,20.0,15.52514934539795,3823600,0.0
2008-11-18,20.079999923706055,20.389999389648438,19.149999618530273,19.96500015258789,15.497981071472168,4145600,0.0
2008-11-19,19.854999542236328,20.010000228881836,18.350000381469727,18.350000381469727,14.244325637817383,6851200,0.0
2008-11-20,18.219999313354492,18.65999984741211,17.165000915527344,17.165000915527344,13.324456214904785,10030400,0.0
2008-11-21,17.545000076293945,18.280000686645508,16.600000381469727,18.104999542236328,14.054137229919434,12584200,0.0
2008-11-24,18.424999237060547,19.575000762939453,18.19499969482422,19.399999618530273,15.059396743774414,7604600,0.0
2008-11-25,19.68000030517578,19.75,18.950000762939453,19.690000534057617,15.28450870513916,6064200,0.0
2008-11-26,19.219999313354492,20.809999465942383,19.170000076293945,20.690000534057617,16.060768127441406,6790200,0.0
2008-11-28,20.510000228881836,21.1299991607666,20.475000381469727,21.045000076293945,16.33633041381836,3409400,0.0
2008-12-01,20.46500015258789,20.610000610351562,18.600000381469727,18.825000762939453,14.613044738769531,5996200,0.0
2008-12-02,19.114999771118164,19.704999923706055,18.71500015258789,19.670000076293945,15.26898193359375,7915800,0.0
2008-12-03,19.25,20.364999771118164,19.1299991607666,20.31999969482422,15.773554801940918,7136200,0.0
2008-12-04,20.030000686645508,20.639999389648438,19.270000457763672,19.704999923706055,15.296149253845215,5965000,0.0
2008-12-05,19.295000076293945,20.4950008392334,18.895000457763672,20.405000686645508,15.83952808380127,5638200,0.0
2008-12-08,20.940000534057617,21.5,20.815000534057617,21.2450008392334,16.49158477783203,5079800,0.0
2008-12-09,21.104999542236328,21.790000915527344,20.469999313354492,20.68000030517578,16.053007125854492,7309600,0.0
2008-12-10,20.899999618530273,21.44499969482422,20.7450008392334,21.145000457763672,16.413965225219727,6290600,0.0
2008-12-11,20.93000030517578,21.135000228881836,19.799999237060547,20.03499984741211,15.552315711975098,5157800,0.0
2008-12-12,19.565000534057617,20.80500030517578,19.530000686645508,20.75,16.107351303100586,5986800,0.0
2008-12-15,20.850000381469727,20.975000381469727,19.7549991607666,20.135000228881836,15.6299409866333,4596000,0.0
2008-12-16,20.43000030517578,21.375,20.389999389648438,21.280000686645508,16.51875114440918,6390800,0.0
2008-12-17,21.18000030517578,21.889999389648438,21.0,21.670000076293945,16.821496963500977,4637800,0.0
2008-12-18,21.594999313354492,21.920000076293945,20.915000915527344,21.350000381469727,16.57309341430664,5013800,0.0
2008-12-19,21.635000228881836,22.024999618530273,21.334999084472656,21.44499969482422,16.646841049194336,6194600,0.0
2008-12-22,21.635000228881836,21.649999618530273,20.545000076293945,21.225000381469727,16.47605323791504,4903000,0.0
2008-12-23,21.31999969482422,21.450000762939453,20.760000228881836,20.829999923706055,16.169435501098633,4397600,0.0
2008-12-24,20.815000534057617,20.950000762939453,20.510000228881836,20.829999923706055,16.267053604125977,2342600,0.125
2008-12-26,21.059999465942383,21.155000686645508,20.799999237060547,21.155000686645508,16.520864486694336,1892400,0.0
2008-12-29,21.045000076293945,21.135000228881836,20.454999923706055,20.7549991607666,16.208492279052734,3983800,0.0
2008-12-30,20.940000534057617,21.530000686645508,20.860000610351562,21.459999084472656,16.759052276611328,4425000,0.0
2008-12-31,21.545000076293945,22.415000915527344,21.5049991607666,21.985000610351562,17.169042587280273,4561400,0.0
2009-01-02,22.155000686645508,22.575000762939453,21.889999389648438,22.354999542236328,17.457992553710938,3421000,0.0
2009-01-05,22.459999084472656,22.479999542236328,21.915000915527344,22.329999923706055,17.4384765625,5869400,0.0
2009-01-06,22.4950008392334,22.860000610351562,22.325000762939453,22.584999084472656,17.637619018554688,3612600,0.0
2009-01-07,22.219999313354492,22.25,21.614999771118164,21.860000610351562,17.071434020996094,3309200,0.0
2009-01-08,21.774999618530273,22.030000686645508,21.6200008392334,21.954999923706055,17.145626068115234,2796000,0.0
2009-01-09,22.0,22.014999389648438,21.06999969482422,21.139999389648438,16.509145736694336,3356800,0.0
2009-01-12,21.09000015258789,21.135000228881836,20.44499969482422,20.540000915527344,16.040578842163086,2942400,0.0
2009-01-13,20.530000686645508,20.875,20.405000686645508,20.719999313354492,16.1811580657959,3641400,0.0
2009-01-14,20.309999465942383,20.43000030517578,19.78499984741211,19.875,15.521254539489746,5013200,0.0
2009-01-15,19.90999984741211,20.405000686645508,19.260000228881836,20.15999984741211,15.743831634521484,5408800,0.0
2009-01-16,20.584999084472656,20.584999084472656,19.709999084472656,20.43000030517578,15.95467472076416,7233600,0.0
2009-01-20,20.174999237060547,20.295000076293945,19.03499984741211,19.065000534057617,14.888692855834961,5286800,0.0
2009-01-21,19.344999313354492,19.979999542236328,18.895000457763672,19.8799991607666,15.52515697479248,3939800,0.0
2009-01-22,19.424999237060547,19.84000015258789,18.989999771118164,19.31999969482422,15.087835311889648,3323800,0.0
2009-01-23,18.864999771118164,19.684999465942383,18.774999618530273,19.420000076293945,15.165925979614258,3829000,0.0
2009-01-26,19.424999237060547,20.075000762939453,19.31999969482422,19.6200008392334,15.322113037109375,5007400,0.0
2009-01-27,19.68000030517578,20.0049991607666,19.530000686645508,19.850000381469727,15.501725196838379,3110400,0.0
2009-01-28,20.229999542236328,20.774999618530273,20.174999237060547,20.645000457763672,16.122591018676758,4154000,0.0
2009-01-29,20.385000228881836,20.424999237060547,19.729999542236328,19.790000915527344,15.454876899719238,3630400,0.0
2009-01-30,19.93000030517578,20.049999237060547,19.235000610351562,19.415000915527344,15.162027359008789,4042000,0.0
2009-02-02,19.049999237060547,19.6200008392334,19.014999389648438,19.5049991607666,15.232301712036133,3776600,0.0
2009-02-03,19.645000457763672,19.760000228881836,19.270000457763672,19.579999923706055,15.290876388549805,3254400,0.0
2009-02-04,19.614999771118164,20.0049991607666,19.3799991607666,19.489999771118164,15.220595359802246,6927000,0.0
2009-02-05,19.344999313354492,19.9950008392334,19.25,19.69499969482422,15.380681037902832,3644600,0.0
2009-02-06,19.7450008392334,20.565000534057617,19.674999237060547,20.4950008392334,16.005447387695312,5420600,0.0
2009-02-09,20.360000610351562,20.479999542236328,20.084999084472656,20.28499984741211,15.84144115447998,2567200,0.0
2009-02-10,20.1200008392334,20.415000915527344,19.28499984741211,19.420000076293945,15.165925979614258,4003200,0.0
2009-02-11,19.469999313354492,19.594999313354492,19.1200008392334,19.40999984741211,15.158119201660156,3842200,0.0
2009-02-12,19.135000228881836,19.584999084472656,18.84000015258789,19.559999465942383,15.27525806427002,4690800,0.0
2009-02-13,19.549999237060547,19.81999969482422,19.34000015258789,19.354999542236328,15.115165710449219,3866600,0.0
2009-02-17,18.635000228881836,18.8799991607666,18.510000228881836,18.559999465942383,14.494308471679688,4037600,0.0
2009-02-18,18.78499984741211,18.78499984741211,18.239999771118164,18.3799991607666,14.353744506835938,3459400,0.0
2009-02-19,18.604999542236328,18.68000030517578,18.104999542236328,18.190000534057617,14.205366134643555,3326000,0.0
2009-02-20,17.829999923706055,18.200000762939453,17.559999465942383,18.045000076293945,14.092133522033691,5475000,0.0
2009-02-23,18.09000015258789,18.110000610351562,17.21500015258789,17.2450008392334,13.467375755310059,4329600,0.0
2009-02-24,17.46500015258789,18.030000686645508,17.274999618530273,17.889999389648438,13.971081733703613,6269400,0.0
2009-02-25,17.78499984741211,17.905000686645508,17.190000534057617,17.469999313354492,13.643088340759277,6829000,0.0
2009-02-26,17.684999465942383,17.764999389648438,17.100000381469727,17.200000762939453,13.432231903076172,3118400,0.0
2009-02-27,16.934999465942383,17.424999237060547,16.854999542236328,17.1200008392334,13.369756698608398,5158000,0.0
2009-03-02,16.670000076293945,16.774999618530273,16.094999313354492,16.145000457763672,12.6083345413208,5954400,0.0
2009-03-03,16.375,16.375,15.755000114440918,15.875,12.397481918334961,7862600,0.0
2009-03-04,16.114999771118164,16.469999313354492,15.859999656677246,16.184999465942383,12.639575958251953,3742000,0.0
2009-03-05,15.829999923706055,16.014999389648438,15.300000190734863,15.399999618530273,12.026533126831055,5759200,0.0
2009-03-06,15.520000457763672,15.720000267028809,14.979999542236328,15.350000381469727,11.9874849319458,7630200,0.0
2009-03-09,15.149999618530273,15.550000190734863,14.960000038146973,15.055000305175781,11.757105827331543,4004800,0.0
2009-03-10,15.385000228881836,16.040000915527344,15.3149995803833,15.970000267028809,12.47166919708252,5270800,0.0
2009-03-11,16.155000686645508,16.454999923706055,15.904999732971191,16.030000686645508,12.518529891967773,3920400,0.0
2009-03-12,15.949999809265137,17.020000457763672,15.739999771118164,16.885000228881836,13.186240196228027,5560800,0.0
2009-03-13,17.075000762939453,17.235000610351562,16.844999313354492,17.110000610351562,13.361948013305664,4171200,0.0
2009-03-16,17.295000076293945,17.485000610351562,16.81999969482422,16.885000228881836,13.186240196228027,4818000,0.0
2009-03-17,16.8799991607666,17.584999084472656,16.7450008392334,17.584999084472656,13.732893943786621,4227200,0.0
2009-03-18,17.514999389648438,18.309999465942383,17.309999465942383,18.165000915527344,14.185846328735352,4431800,0.0
2009-03-19,18.420000076293945,18.454999923706055,17.875,17.954999923706055,14.02184009552002,4041400,0.0
2009-03-20,18.139999389648438,18.15999984741211,17.315000534057617,17.325000762939453,13.529853820800781,4010400,0.0
2009-03-23,17.90999984741211,18.780000686645508,17.7549991607666,18.780000686645508,14.66612720489502,4292200,0.0
2009-03-24,18.510000228881836,18.71500015258789,18.049999237060547,18.125,14.154601097106934,3735400,0.0
2009-03-25,18.209999084472656,18.78499984741211,17.684999465942383,18.434999465942383,14.446115493774414,4710000,0.062
2009-03-26,18.704999923706055,19.25,18.565000534057617,19.2450008392334,15.080855369567871,5373800,0.0
2009-03-27,18.889999389648438,19.059999465942383,18.610000610351562,18.649999618530273,14.61458969116211,3160400,0.0
2009-03-30,18.09000015258789,18.219999313354492,17.709999084472656,18.104999542236328,14.18751335144043,3212600,0.0
2009-03-31,18.325000762939453,18.799999237060547,18.084999084472656,18.19499969482422,14.258040428161621,4402200,0.0
2009-04-01,17.969999313354492,18.665000915527344,17.895000457763672,18.59000015258789,14.567580223083496,4494000,0.0
2009-04-02,19.170000076293945,19.815000534057617,19.049999237060547,19.489999771118164,15.272841453552246,4180400,0.0
2009-04-03,19.530000686645508,19.864999771118164,19.315000534057617,19.864999771118164,15.566699981689453,3349800,0.0
2009-04-06,19.655000686645508,19.709999084472656,19.219999313354492,19.56999969482422,15.335524559020996,5024200,0.0
2009-04-07,19.239999771118164,19.3799991607666,18.790000915527344,18.844999313354492,14.767398834228516,3236600,0.0
2009-04-08,18.940000534057617,19.229999542236328,18.780000686645508,19.184999465942383,15.033834457397461,3247600,0.0
2009-04-09,19.704999923706055,20.3799991607666,19.625,20.354999542236328,15.950672149658203,4076000,0.0
2009-04-13,20.21500015258789,20.575000762939453,19.954999923706055,20.415000915527344,15.997685432434082,5750000,0.0
2009-04-14,20.075000762939453,20.315000534057617,19.764999389648438,19.770000457763672,15.49224853515625,3561000,0.0
2009-04-15,19.684999465942383,20.149999618530273,19.610000610351562,20.104999542236328,15.7547607421875,3044800,0.0
2009-04-16,20.350000381469727,20.864999771118164,20.0,20.65999984741211,16.189678192138672,6052800,0.0
2009-04-17,20.7450008392334,21.174999237060547,20.55500030517578,20.920000076293945,16.393421173095703,3066800,0.0
2009-04-20,20.540000915527344,20.645000457763672,19.8700008392334,19.899999618530273,15.594127655029297,7450200,0.0
2009-04-21,19.770000457763672,20.65999984741211,19.684999465942383,20.584999084472656,16.13090705871582,6175200,0.0
2009-04-22,20.264999389648438,21.219999313354492,20.200000762939453,20.729999542236328,16.24452781677246,7888800,0.0
2009-04-23,20.729999542236328,20.799999237060547,20.21500015258789,20.6200008392334,16.158334732055664,5758000,0.0
2009-04-24,20.78499984741211,21.329999923706055,20.594999313354492,20.979999542236328,16.4404354095459,4296400,0.0
2009-04-27,20.709999084472656,21.079999923706055,20.565000534057617,20.770000457763672,16.27587890625,2535400,0.0
2009-04-28,20.5,21.219999313354492,20.479999542236328,20.834999084472656,16.32681655883789,3397000,0.0
2009-04-29,21.09000015258789,21.860000610351562,20.989999771118164,21.559999465942383,16.894939422607422,4172400,0.0
2009-04-30,21.940000534057617,22.204999923706055,21.485000610351562,21.485000610351562,16.836170196533203,4512200,0.0
2009-05-01,21.5,21.7450008392334,21.344999313354492,21.575000762939453,16.906692504882812,2790400,0.0
2009-05-04,21.760000228881836,22.389999389648438,21.68000030517578,22.350000381469727,17.513999938964844,2889800,0.0
2009-05-05,22.28499984741211,22.350000381469727,21.895000457763672,22.204999923706055,17.400381088256836,4999000,0.0
2009-05-06,22.479999542236328,22.579999923706055,21.8700008392334,22.264999389648438,17.4473934173584,3748000,0.0
2009-05-07,22.674999237060547,22.725000381469727,21.655000686645508,21.8799991607666,17.145700454711914,5170000,0.0
2009-05-08,22.225000381469727,22.639999389648438,21.96500015258789,22.565000534057617,17.682483673095703,4752200,0.0
2009-05-11,22.155000686645508,22.31999969482422,21.975000381469727,22.1299991607666,17.34160614013672,2931600,0.0
2009-05-12,22.204999923706055,22.329999923706055,21.360000610351562,21.780000686645508,17.06733512878418,3448200,0.0
2009-05-13,21.375,21.420000076293945,20.69499969482422,20.75,16.260210037231445,3509800,0.0
2009-05-14,20.770000457763672,21.375,20.625,20.989999771118164,16.44826889038086,3401600,0.0
2009-05-15,20.940000534057617,21.260000228881836,20.7549991607666,20.90999984741211,16.385581970214844,3239400,0.0
2009-05-18,21.19499969482422,21.7549991607666,21.125,21.65999984741211,16.973299026489258,2263400,0.0
2009-05-19,21.670000076293945,21.93000030517578,21.415000915527344,21.6299991607666,16.94979476928711,2555800,0.0
2009-05-20,21.8700008392334,22.270000457763672,21.40999984741211,21.475000381469727,16.82833480834961,3372200,0.0
2009-05-21,21.139999389648438,21.354999542236328,20.78499984741211,21.125,16.554067611694336,2470000,0.0
2009-05-22,21.295000076293945,21.325000762939453,20.895000457763672,20.895000457763672,16.37382698059082,2411200,0.0
2009-05-26,20.725000381469727,22.010000228881836,20.684999465942383,21.959999084472656,17.208385467529297,4214000,0.0
2009-05-27,21.825000762939453,22.045000076293945,21.44499969482422,21.489999771118164,16.840091705322266,3593200,0.0
2009-05-28,21.614999771118164,21.770000457763672,21.010000228881836,21.4950008392334,16.8439998626709,2807800,0.0
2009-05-29,21.594999313354492,21.885000228881836,21.450000762939453,21.885000228881836,17.14961814880371,3146400,0.0
2009-06-01,22.3700008392334,22.90999984741211,22.280000686645508,22.81999969482422,17.882305145263672,3690000,0.0
2009-06-02,22.709999084472656,23.18000030517578,22.579999923706055,23.059999465942383,18.070384979248047,3730800,0.0
2009-06-03,22.850000381469727,22.940000534057617,22.56999969482422,22.80500030517578,17.87055778503418,3191800,0.0
2009-06-04,22.969999313354492,23.2549991607666,22.670000076293945,23.2549991607666,18.22318458557129,3386400,0.0
2009-06-05,23.434999465942383,23.46500015258789,22.959999084472656,23.229999542236328,18.20358657836914,3618600,0.0
2009-06-08,23.0,23.235000610351562,22.69499969482422,22.924999237060547,17.964584350585938,3194600,0.0
2009-06-09,23.094999313354492,23.2450008392334,22.93000030517578,23.049999237060547,18.06253433227539,2528800,0.0
2009-06-10,23.28499984741211,23.315000534057617,22.510000228881836,22.950000762939453,17.984172821044922,2697800,0.0
2009-06-11,23.0,23.229999542236328,22.829999923706055,22.829999923706055,17.890146255493164,5601600,0.0
2009-06-12,22.68000030517578,22.905000686645508,22.530000686645508,22.8700008392334,17.921485900878906,2452600,0.0
2009-06-15,22.55500030517578,22.600000381469727,22.024999618530273,22.299999237060547,17.474817276000977,2826400,0.0
2009-06-16,22.475000381469727,22.485000610351562,21.815000534057617,21.844999313354492,17.118274688720703,3877400,0.0
2009-06-17,21.8799991607666,22.295000076293945,21.65999984741211,22.05500030517578,17.282835006713867,4151600,0.0
2009-06-18,22.03499984741211,22.30500030517578,21.795000076293945,22.149999618530273,17.35727882385254,3086400,0.0
2009-06-19,22.434999465942383,22.530000686645508,22.19499969482422,22.28499984741211,17.46306800842285,3104200,0.0
2009-06-22,22.139999389648438,22.139999389648438,21.475000381469727,21.5049991607666,16.85183334350586,2954600,0.0
2009-06-23,21.56999969482422,21.6200008392334,21.184999465942383,21.25,16.696264266967773,3520400,0.057
2009-06-24,21.415000915527344,21.684999465942383,21.270000457763672,21.399999618530273,16.814125061035156,2719000,0.0
2009-06-25,21.21500015258789,21.975000381469727,21.190000534057617,21.954999923706055,17.250194549560547,3558000,0.0
2009-06-26,21.850000381469727,22.295000076293945,21.780000686645508,22.204999923706055,17.446619033813477,4512400,0.0
2009-06-29,22.239999771118164,22.3700008392334,21.860000610351562,22.2549991607666,17.48590850830078,3131400,0.0
2009-06-30,22.260000228881836,22.40999984741211,22.049999237060547,22.21500015258789,17.45448112487793,2834000,0.0
2009-07-01,22.344999313354492,22.75,22.325000762939453,22.600000381469727,17.756973266601562,2818200,0.0
2009-07-02,22.295000076293945,22.295000076293945,21.7549991607666,21.844999313354492,17.16377067565918,2819400,0.0
2009-07-06,21.614999771118164,21.764999389648438,21.295000076293945,21.639999389648438,17.002695083618164,3014600,0.0
2009-07-07,21.604999542236328,21.68000030517578,21.235000610351562,21.2549991607666,16.700197219848633,2855400,0.0
2009-07-08,21.325000762939453,21.40999984741211,20.78499984741211,21.149999618530273,16.617698669433594,4229000,0.0
2009-07-09,21.274999618530273,21.315000534057617,21.040000915527344,21.09000015258789,16.570556640625,3289600,0.0
2009-07-10,20.96500015258789,21.280000686645508,20.860000610351562,21.204999923706055,16.660911560058594,2651600,0.0
2009-07-13,21.225000381469727,21.735000610351562,20.885000228881836,21.684999465942383,17.038049697875977,3794600,0.0
2009-07-14,21.729999542236328,21.924999237060547,21.565000534057617,21.850000381469727,17.167694091796875,3142600,0.0
2009-07-15,22.239999771118164,22.725000381469727,22.139999389648438,22.670000076293945,17.811975479125977,4084800,0.0
2009-07-16,22.584999084472656,23.065000534057617,22.514999389648438,22.924999237060547,18.012332916259766,4318600,0.0
2009-07-17,22.9950008392334,23.014999389648438,22.760000228881836,22.8799991607666,17.976970672607422,3404400,0.0
2009-07-20,22.975000381469727,23.190000534057617,22.860000610351562,23.149999618530273,18.189117431640625,4057600,0.0
2009-07-21,23.329999923706055,23.3700008392334,22.78499984741211,23.06999969482422,18.126258850097656,4810800,0.0
2009-07-22,22.959999084472656,23.3700008392334,22.924999237060547,23.239999771118164,18.259824752807617,3182600,0.0
2009-07-23,23.2450008392334,24.045000076293945,23.165000915527344,23.934999465942383,18.805891036987305,4101800,0.0
2009-07-24,23.774999618530273,24.045000076293945,23.649999618530273,24.014999389648438,18.868745803833008,3708400,0.0
2009-07-27,24.024999618530273,24.145000457763672,23.809999465942383,24.084999084472656,18.923751831054688,3199200,0.0
2009-07-28,23.950000762939453,24.229999542236328,23.80500030517578,24.135000228881836,18.963029861450195,2622600,0.0
2009-07-29,24.014999389648438,24.15999984741211,23.895000457763672,24.014999389648438,18.868745803833008,1980600,0.0
2009-07-30,24.315000534057617,24.690000534057617,24.225000381469727,24.3799991607666,19.15553092956543,3366400,0.0
2009-07-31,24.354999542236328,24.719999313354492,24.31999969482422,24.3799991607666,19.15553092956543,5769400,0.0
2009-08-03,24.704999923706055,24.860000610351562,24.395000457763672,24.860000610351562,19.532670974731445,3225200,0.0
2009-08-04,24.704999923706055,25.145000457763672,24.655000686645508,25.0,19.64267349243164,4614600,0.0
2009-08-05,25.065000534057617,25.065000534057617,24.545000076293945,24.7549991607666,19.45017433166504,4665600,0.0
2009-08-06,24.875,24.96500015258789,24.385000228881836,24.43000030517578,19.1948184967041,5417600,0.0
2009-08-07,24.84000015258789,25.395000457763672,24.709999084472656,25.094999313354492,19.71731948852539,3601000,0.0
2009-08-10,24.9950008392334,25.264999389648438,24.905000686645508,25.094999313354492,19.71731948852539,2388800,0.0
2009-08-11,24.975000381469727,25.03499984741211,24.584999084472656,24.729999542236328,19.430532455444336,5251800,0.0
2009-08-12,24.739999771118164,25.354999542236328,24.71500015258789,25.014999389648438,19.65445327758789,3390000,0.0
2009-08-13,25.2450008392334,25.31999969482422,24.844999313354492,25.200000762939453,19.7998104095459,3220400,0.0
2009-08-14,25.19499969482422,25.204999923706055,24.450000762939453,24.735000610351562,19.43445587158203,3507600,0.0
2009-08-17,24.2450008392334,24.295000076293945,23.989999771118164,24.045000076293945,18.89232063293457,3088800,0.0
2009-08-18,24.184999465942383,24.459999084472656,24.059999465942383,24.385000228881836,19.159460067749023,2028000,0.0
2009-08-19,24.05500030517578,24.614999771118164,24.030000686645508,24.53499984741211,19.27732276916504,1806800,0.0
2009-08-20,24.53499984741211,24.905000686645508,24.424999237060547,24.844999313354492,19.520891189575195,2737200,0.0
2009-08-21,25.125,25.540000915527344,25.024999618530273,25.405000686645508,19.96088981628418,2153000,0.0
2009-08-24,25.55500030517578,25.69499969482422,25.315000534057617,25.3700008392334,19.933393478393555,2461600,0.0
2009-08-25,25.559999465942383,25.780000686645508,25.450000762939453,25.454999923706055,20.00016975402832,2472200,0.0
2009-08-26,25.479999542236328,25.674999237060547,25.354999542236328,25.5,20.0355281829834,2779600,0.0
2009-08-27,25.489999771118164,25.594999313354492,25.014999389648438,25.475000381469727,20.0158748626709,2067600,0.0
2009-08-28,25.770000457763672,25.84000015258789,25.184999465942383,25.385000228881836,19.945167541503906,1955200,0.0
2009-08-31,25.125,25.184999465942383,24.854999542236328,24.959999084472656,19.611249923706055,1682000,0.0
2009-09-01,24.815000534057617,25.350000381469727,24.395000457763672,24.420000076293945,19.186960220336914,2940400,0.0
2009-09-02,24.350000381469727,24.540000915527344,24.280000686645508,24.309999465942383,19.10053062438965,2145000,0.0
2009-09-03,24.450000762939453,24.600000381469727,24.100000381469727,24.600000381469727,19.328393936157227,1617600,0.0
2009-09-04,24.565000534057617,24.90999984741211,24.364999771118164,24.8700008392334,19.540529251098633,1206600,0.0
2009-09-08,25.139999389648438,25.170000076293945,24.825000762939453,25.170000076293945,19.7762393951416,1537800,0.0
2009-09-09,25.15999984741211,25.625,25.049999237060547,25.454999923706055,20.00016975402832,2343400,0.0
2009-09-10,25.4950008392334,25.854999542236328,25.274999618530273,25.760000228881836,20.23981475830078,2296400,0.0
2009-09-11,25.860000610351562,26.020000457763672,25.670000076293945,25.780000686645508,20.255525588989258,3830000,0.0
2009-09-14,25.6299991607666,26.014999389648438,25.579999923706055,26.010000228881836,20.43623161315918,2779000,0.0
2009-09-15,26.0049991607666,26.264999389648438,25.885000228881836,26.2450008392334,20.62087059020996,2737000,0.0
2009-09-16,26.329999923706055,26.770000457763672,26.219999313354492,26.735000610351562,21.005874633789062,2891000,0.0
2009-09-17,26.69499969482422,26.989999771118164,26.6200008392334,26.700000762939453,20.978382110595703,2222600,0.0
2009-09-18,26.940000534057617,26.940000534057617,26.55500030517578,26.795000076293945,21.05301284790039,2443200,0.0
2009-09-21,26.520000457763672,26.790000915527344,26.450000762939453,26.674999237060547,20.958724975585938,5796200,0.0
2009-09-22,26.885000228881836,26.940000534057617,26.649999618530273,26.860000610351562,21.10408592224121,1473200,0.0
2009-09-23,26.850000381469727,27.049999237060547,26.520000457763672,26.584999084472656,20.93751335144043,1935400,0.0635
2009-09-24,26.645000457763672,26.670000076293945,25.920000076293945,26.059999465942383,20.52404022216797,2697200,0.0
2009-09-25,25.954999923706055,26.149999618530273,25.799999237060547,25.94499969482422,20.433462142944336,2368000,0.0
2009-09-28,26.125,26.709999084472656,26.03499984741211,26.549999237060547,20.909950256347656,1626800,0.0
2009-09-29,26.6299991607666,26.770000457763672,26.40999984741211,26.5049991607666,20.87451171875,6099600,0.0
2009-09-30,26.510000228881836,26.56999969482422,25.850000381469727,26.170000076293945,20.610673904418945,6294800,0.0
2009-10-01,26.079999923706055,26.125,25.385000228881836,25.405000686645508,20.008182525634766,2844200,0.0
2009-10-02,25.15999984741211,25.440000534057617,25.079999923706055,25.165000915527344,19.81916618347168,2400800,0.0
2009-10-05,25.30500030517578,25.709999084472656,25.19499969482422,25.6200008392334,20.177509307861328,2694400,0.0
2009-10-06,25.825000762939453,26.219999313354492,25.770000457763672,26.05500030517578,20.520099639892578,2657600,0.0
2009-10-07,26.03499984741211,26.209999084472656,25.96500015258789,26.1200008392334,20.571290969848633,2490800,0.0
2009-10-08,26.354999542236328,26.59000015258789,26.184999465942383,26.385000228881836,20.780000686645508,2921200,0.0
2009-10-09,26.385000228881836,26.704999923706055,26.344999313354492,26.665000915527344,21.000520706176758,1699200,0.0
2009-10-12,26.829999923706055,26.96500015258789,26.600000381469727,26.729999542236328,21.051712036132812,1445400,0.0
2009-10-13,26.700000762939453,26.7549991607666,26.389999389648438,26.649999618530273,20.988712310791016,2435000,0.0
2009-10-14,27.010000228881836,27.200000762939453,26.80500030517578,27.155000686645508,21.386432647705078,1836200,0.0
2009-10-15,26.979999542236328,27.204999923706055,26.90999984741211,27.139999389648438,21.374614715576172,2078600,0.0
2009-10-16,26.975000381469727,27.030000686645508,26.645000457763672,26.875,21.165912628173828,2242000,0.0
2009-10-19,26.989999771118164,27.280000686645508,26.7450008392334,27.155000686645508,21.386432647705078,1784800,0.0
2009-10-20,27.155000686645508,27.174999237060547,26.610000610351562,26.78499984741211,21.09502601623535,1653600,0.0
2009-10-21,26.725000381469727,27.219999313354492,26.385000228881836,26.405000686645508,20.795747756958008,2821800,0.0
2009-10-22,26.389999389648438,26.875,26.075000762939453,26.75,21.067462921142578,1723800,0.0
2009-10-23,26.834999084472656,26.924999237060547,26.200000762939453,26.2549991607666,20.67761993408203,2229400,0.0
2009-10-26,26.290000915527344,26.69499969482422,25.8700008392334,26.040000915527344,20.50828742980957,2116400,0.0
2009-10-27,26.075000762939453,26.19499969482422,25.68000030517578,25.729999542236328,20.264135360717773,2740000,0.0
2009-10-28,25.614999771118164,25.760000228881836,24.885000228881836,24.969999313354492,19.665590286254883,3523200,0.0
2009-10-29,25.18000030517578,25.524999618530273,25.059999465942383,25.420000076293945,20.020004272460938,5195200,0.0
2009-10-30,25.260000228881836,25.280000686645508,24.545000076293945,24.709999084472656,19.460819244384766,4907000,0.0
2009-11-02,24.809999465942383,25.040000915527344,24.290000915527344,24.674999237060547,19.433259963989258,3338600,0.0
2009-11-03,24.4950008392334,25.0049991607666,24.44499969482422,24.979999542236328,19.673463821411133,3531600,0.0
2009-11-04,25.165000915527344,25.25,24.674999237060547,24.684999465942383,19.441137313842773,4764800,0.0
2009-11-05,24.96500015258789,25.434999465942383,24.84000015258789,25.395000457763672,20.00030517578125,1991800,0.0
2009-11-06,25.139999389648438,25.6299991607666,25.05500030517578,25.40999984741211,20.01211929321289,2981400,0.0
2009-11-09,25.614999771118164,25.934999465942383,25.59000015258789,25.90999984741211,20.405902862548828,2364000,0.0
2009-11-10,25.8700008392334,26.049999237060547,25.55500030517578,25.78499984741211,20.30746078491211,3618800,0.0
2009-11-11,25.989999771118164,26.219999313354492,25.7549991607666,25.979999542236328,20.461036682128906,1882600,0.0
2009-11-12,25.94499969482422,26.114999771118164,25.395000457763672,25.479999542236328,20.067256927490234,2957000,0.0
2009-11-13,25.520000457763672,25.774999618530273,25.204999923706055,25.655000686645508,20.20507049560547,2790600,0.0
2009-11-16,25.854999542236328,26.53499984741211,25.850000381469727,26.34000015258789,20.74456214904785,2540400,0.0
2009-11-17,26.28499984741211,26.405000686645508,26.100000381469727,26.315000534057617,20.72487449645996,1832200,0.0
2009-11-18,26.344999313354492,26.354999542236328,25.9950008392334,26.270000457763672,20.68942642211914,1883800,0.0
2009-11-19,26.030000686645508,26.045000076293945,25.389999389648438,25.59000015258789,20.153886795043945,2371200,0.0
2009-11-20,25.385000228881836,25.645000457763672,25.350000381469727,25.559999465942383,20.1302490234375,1692400,0.0
2009-11-23,25.924999237060547,26.334999084472656,25.90999984741211,26.065000534057617,20.527982711791992,2466800,0.0
2009-11-24,26.059999465942383,26.065000534057617,25.6299991607666,25.90999984741211,20.405902862548828,2709600,0.0
2009-11-25,26.065000534057617,26.110000610351562,25.854999542236328,25.899999618530273,20.398033142089844,2094400,0.0
2009-11-27,24.96500015258789,25.610000610351562,24.934999465942383,25.299999237060547,19.925487518310547,1803400,0.0
2009-11-30,25.204999923706055,25.405000686645508,24.829999923706055,25.354999542236328,19.968809127807617,4048600,0.0
2009-12-01,25.604999542236328,25.829999923706055,25.520000457763672,25.735000610351562,20.268081665039062,2108400,0.0
2009-12-02,25.7450008392334,26.2549991607666,25.7450008392334,26.020000457763672,20.492536544799805,2298000,0.0
2009-12-03,26.104999542236328,26.290000915527344,25.635000228881836,25.639999389648438,20.193262100219727,2423200,0.0
2009-12-04,26.184999465942383,26.524999618530273,25.825000762939453,26.274999618530273,20.6933650970459,4938200,0.0
2009-12-07,26.260000228881836,26.459999084472656,26.135000228881836,26.30500030517578,20.716995239257812,1919200,0.0
2009-12-08,26.1299991607666,26.329999923706055,25.844999313354492,26.200000762939453,20.63430404663086,2627200,0.0
2009-12-09,26.135000228881836,26.200000762939453,25.854999542236328,26.104999542236328,20.55948257446289,1919800,0.0
2009-12-10,26.209999084472656,27.584999084472656,25.8700008392334,25.950000762939453,20.437410354614258,2022600,0.0
2009-12-11,26.145000457763672,26.28499984741211,25.950000762939453,26.2549991607666,20.67761993408203,1277600,0.0
2009-12-14,26.459999084472656,26.719999313354492,26.19499969482422,26.700000762939453,21.028078079223633,2950800,0.0
2009-12-15,26.65999984741211,26.895000457763672,26.575000762939453,26.68000030517578,21.01234245300293,2341000,0.0
2009-12-16,26.860000610351562,26.950000762939453,26.639999389648438,26.834999084472656,21.1343994140625,2039600,0.0
2009-12-17,26.670000076293945,26.760000228881836,26.3799991607666,26.604999542236328,20.953264236450195,2069000,0.0
2009-12-18,26.799999237060547,26.854999542236328,26.44499969482422,26.854999542236328,21.15015411376953,2342000,0.0
2009-12-21,27.024999618530273,27.264999389648438,27.014999389648438,27.19499969482422,21.417932510375977,2088400,0.0
2009-12-22,27.270000457763672,27.5,27.209999084472656,27.479999542236328,21.64238929748535,2294400,0.0
2009-12-23,27.639999389648438,27.875,27.489999771118164,27.850000381469727,21.933780670166016,2021600,0.0
2009-12-24,27.84000015258789,27.864999771118164,27.735000610351562,27.864999771118164,22.012786865234375,448600,0.085
2009-12-28,27.969999313354492,27.975000381469727,27.690000534057617,27.834999084472656,21.98908805847168,1605400,0.0
2009-12-29,27.899999618530273,27.920000076293945,27.770000457763672,27.78499984741211,21.949588775634766,4386000,0.0
2009-12-30,27.704999923706055,27.924999237060547,27.579999923706055,27.815000534057617,21.97328758239746,2626600,0.0
2009-12-31,27.84000015258789,27.969999313354492,27.360000610351562,27.360000610351562,21.613842010498047,1852800,0.0
2010-01-04,27.799999237060547,28.079999923706055,27.780000686645508,28.03499984741211,22.14708709716797,3055600,0.0
2010-01-05,28.010000228881836,28.084999084472656,27.799999237060547,27.950000762939453,22.07993507385254,3071000,0.0
2010-01-06,27.90999984741211,28.05500030517578,27.815000534057617,27.920000076293945,22.056232452392578,1861400,0.0
2010-01-07,27.934999465942383,28.1200008392334,27.65999984741211,28.114999771118164,22.21028709411621,4175200,0.0
2010-01-08,28.03499984741211,28.225000381469727,27.94499969482422,28.225000381469727,22.297183990478516,1379000,0.0
2010-01-11,28.360000610351562,28.389999389648438,27.9950008392334,28.125,22.21818733215332,1642000,0.0
2010-01-12,27.959999084472656,28.045000076293945,27.71500015258789,27.860000610351562,22.008840560913086,3751800,0.0
2010-01-13,27.924999237060547,28.219999313354492,27.725000381469727,28.184999465942383,22.265579223632812,2655000,0.0
2010-01-14,28.075000762939453,28.3700008392334,28.040000915527344,28.295000076293945,22.352481842041016,2128600,0.0
2010-01-15,28.295000076293945,28.344999313354492,27.69499969482422,27.93000030517578,22.064136505126953,2658800,0.0
2010-01-19,28.024999618530273,28.420000076293945,28.024999618530273,28.420000076293945,22.451229095458984,5245600,0.0
2010-01-20,28.225000381469727,28.225000381469727,27.69499969482422,28.014999389648438,22.131284713745117,3393000,0.0
2010-01-21,28.030000686645508,28.225000381469727,27.510000228881836,27.690000534057617,21.87453842163086,3598600,0.0
2010-01-22,27.610000610351562,27.75,27.079999923706055,27.145000457763672,21.444000244140625,4356400,0.0
2010-01-25,27.34000015258789,27.350000381469727,27.020000457763672,27.18000030517578,21.471656799316406,3234600,0.0
2010-01-26,27.079999923706055,27.309999465942383,26.94499969482422,26.969999313354492,21.30575180053711,2654400,0.0
2010-01-27,26.875,27.30500030517578,26.770000457763672,27.25,21.52695083618164,3996000,0.0
2010-01-28,27.309999465942383,27.350000381469727,26.545000076293945,26.760000228881836,21.13985824584961,3349400,0.0
2010-01-29,26.8799991607666,27.15999984741211,26.450000762939453,26.5,20.93446922302246,4231400,0.0
2010-02-01,26.6299991607666,26.809999465942383,26.5,26.7549991607666,21.135908126831055,2750200,0.0
2010-02-02,26.825000762939453,27.065000534057617,26.655000686645508,26.9950008392334,21.325511932373047,2380000,0.0
2010-02-03,26.895000457763672,27.049999237060547,26.584999084472656,26.78499984741211,21.159605026245117,4552200,0.0
2010-02-04,26.6200008392334,26.645000457763672,25.954999923706055,25.975000381469727,20.51972198486328,6702600,0.0
2010-02-05,26.010000228881836,26.065000534057617,25.5049991607666,26.024999618530273,20.559234619140625,4664600,0.0
2010-02-08,25.885000228881836,26.104999542236328,25.735000610351562,25.739999771118164,20.334083557128906,11524400,0.0
2010-02-09,26.06999969482422,26.260000228881836,25.790000915527344,26.100000381469727,20.61847686767578,3415000,0.0
2010-02-10,26.040000915527344,26.25,25.774999618530273,26.200000762939453,20.697471618652344,2619600,0.0
2010-02-11,26.100000381469727,26.575000762939453,25.899999618530273,26.559999465942383,20.981863021850586,2126400,0.0
2010-02-12,26.30500030517578,26.764999389648438,26.21500015258789,26.7549991607666,21.135908126831055,2877800,0.0
2010-02-16,27.0049991607666,27.190000534057617,26.774999618530273,27.184999465942383,21.47559928894043,2129200,0.0
2010-02-17,27.295000076293945,27.395000457763672,27.139999389648438,27.34000015258789,21.598045349121094,1947000,0.0
2010-02-18,27.34000015258789,27.625,27.290000915527344,27.625,21.823184967041016,2744800,0.0
2010-02-19,27.485000610351562,27.795000076293945,27.459999084472656,27.69499969482422,21.87848663330078,2637800,0.0
2010-02-22,27.825000762939453,27.850000381469727,27.674999237060547,27.78499984741211,21.949588775634766,1655600,0.0
2010-02-23,27.719999313354492,27.780000686645508,27.385000228881836,27.479999542236328,21.70864486694336,2700400,0.0
2010-02-24,27.579999923706055,27.875,27.520000457763672,27.7450008392334,21.917997360229492,2197800,0.0
2010-02-25,27.3799991607666,27.760000228881836,27.30500030517578,27.69499969482422,21.87848663330078,2475400,0.0
2010-02-26,27.774999618530273,27.815000534057617,27.4950008392334,27.59000015258789,21.795541763305664,4093800,0.0
2010-03-01,27.829999923706055,28.2549991607666,27.829999923706055,28.200000762939453,22.27743148803711,1972400,0.0
2010-03-02,28.299999237060547,28.565000534057617,28.274999618530273,28.43000030517578,22.45912742614746,2441800,0.0
2010-03-03,28.53499984741211,28.739999771118164,28.440000534057617,28.565000534057617,22.56577491760254,2258000,0.0
2010-03-04,28.575000762939453,28.665000915527344,28.46500015258789,28.614999771118164,22.605270385742188,1925800,0.0
2010-03-05,28.809999465942383,29.19499969482422,28.700000762939453,29.155000686645508,23.0318660736084,2056000,0.0
2010-03-08,29.190000534057617,29.315000534057617,29.139999389648438,29.260000228881836,23.11480712890625,2383200,0.0
2010-03-09,29.155000686645508,29.559999465942383,29.149999618530273,29.3799991607666,23.20960235595703,1700600,0.0
2010-03-10,29.399999618530273,29.735000610351562,29.3700008392334,29.59000015258789,23.37550163269043,1983800,0.0
2010-03-11,29.440000534057617,29.690000534057617,29.315000534057617,29.65999984741211,23.43079948425293,1677400,0.0
2010-03-12,29.809999465942383,29.809999465942383,29.450000762939453,29.684999465942383,23.450542449951172,1760600,0.0
2010-03-15,29.719999313354492,29.735000610351562,29.399999618530273,29.610000610351562,23.39129638671875,8427400,0.0
2010-03-16,29.78499984741211,29.889999389648438,29.559999465942383,29.8700008392334,23.596694946289062,3483800,0.0
2010-03-17,29.940000534057617,30.219999313354492,29.924999237060547,30.100000381469727,23.77838897705078,2383600,0.0
2010-03-18,30.09000015258789,30.235000610351562,29.954999923706055,30.030000686645508,23.72309112548828,3964000,0.0
2010-03-19,29.68000030517578,30.1200008392334,29.584999084472656,29.68000030517578,23.44660186767578,2283000,0.0
2010-03-22,29.5049991607666,30.190000534057617,29.450000762939453,30.139999389648438,23.809986114501953,2221600,0.0
2010-03-23,30.190000534057617,30.4950008392334,29.989999771118164,30.469999313354492,24.0706787109375,1915200,0.0
2010-03-24,30.329999923706055,30.389999389648438,30.065000534057617,30.075000762939453,23.758649826049805,3044800,0.0
2010-03-25,30.290000915527344,30.454999923706055,29.825000762939453,29.854999542236328,23.634353637695312,3040400,0.063
2010-03-26,29.985000610351562,30.139999389648438,29.69499969482422,29.799999237060547,23.590824127197266,3735600,0.0
2010-03-29,29.93000030517578,30.049999237060547,29.780000686645508,29.905000686645508,23.673940658569336,2118800,0.0
2010-03-30,29.979999542236328,30.15999984741211,29.80500030517578,30.049999237060547,23.788721084594727,4281600,0.0
2010-03-31,29.924999237060547,30.21500015258789,29.719999313354492,29.725000381469727,23.531448364257812,1912400,0.0
2010-04-01,29.950000762939453,30.110000610351562,29.709999084472656,30.049999237060547,23.788721084594727,2214000,0.0
2010-04-05,30.1200008392334,30.594999313354492,30.014999389648438,30.594999313354492,24.22016716003418,4043000,0.0
2010-04-06,30.450000762939453,30.80500030517578,30.385000228881836,30.725000381469727,24.323087692260742,2023600,0.0
2010-04-07,30.690000534057617,30.80500030517578,30.450000762939453,30.655000686645508,24.267669677734375,1643600,0.0
2010-04-08,30.55500030517578,30.71500015258789,30.295000076293945,30.600000381469727,24.2241268157959,2085200,0.0
2010-04-09,30.6200008392334,30.760000228881836,30.395000457763672,30.760000228881836,24.35079002380371,1750000,0.0
2010-04-12,30.780000686645508,30.924999237060547,30.65999984741211,30.885000228881836,24.449739456176758,1899000,0.0
2010-04-13,30.799999237060547,30.96500015258789,30.614999771118164,30.96500015258789,24.513072967529297,1804000,0.0
2010-04-14,31.100000381469727,31.584999084472656,31.075000762939453,31.584999084472656,25.003890991210938,2497600,0.0
2010-04-15,31.545000076293945,31.709999084472656,31.520000457763672,31.6299991607666,25.039508819580078,3040200,0.0
2010-04-16,31.540000915527344,31.704999923706055,31.075000762939453,31.309999465942383,24.786191940307617,2852400,0.0
2010-04-19,31.094999313354492,31.405000686645508,30.739999771118164,31.2450008392334,24.7347354888916,2950000,0.0
2010-04-20,31.40999984741211,31.645000457763672,31.2549991607666,31.635000228881836,25.043472290039062,3788400,0.0
2010-04-21,31.700000762939453,31.920000076293945,31.584999084472656,31.875,25.233461380004883,3408600,0.0
2010-04-22,31.584999084472656,32.310001373291016,31.399999618530273,32.255001068115234,25.534278869628906,2806600,0.0
2010-04-23,32.314998626708984,32.61000061035156,32.1150016784668,32.564998626708984,25.779691696166992,1854400,0.0
2010-04-26,32.60499954223633,32.810001373291016,32.42499923706055,32.45000076293945,25.688648223876953,2533800,0.0
2010-04-27,32.31999969482422,32.6150016784668,31.665000915527344,31.709999084472656,25.10284423828125,4470800,0.0
2010-04-28,31.889999389648438,31.969999313354492,31.614999771118164,31.80500030517578,25.17804718017578,3517400,0.0
2010-04-29,32.01499938964844,32.57500076293945,31.829999923706055,32.564998626708984,25.779691696166992,9163800,0.0
2010-04-30,32.58000183105469,32.61000061035156,31.450000762939453,31.454999923706055,24.900978088378906,3087400,0.0
2010-05-03,31.649999618530273,32.20000076293945,31.649999618530273,32.15999984741211,25.45908546447754,2774600,0.0
2010-05-04,31.719999313354492,31.729999542236328,31.075000762939453,31.2450008392334,24.7347354888916,5584000,0.0
2010-05-05,30.985000610351562,31.299999237060547,30.649999618530273,30.825000762939453,24.40224266052246,4786000,0.0
2010-05-06,30.604999542236328,30.979999542236328,13.65999984741211,29.760000228881836,23.55915069580078,6893200,0.0
2010-05-07,29.46500015258789,29.920000076293945,28.670000076293945,28.985000610351562,22.945632934570312,7926000,0.0
2010-05-10,30.334999084472656,30.53499984741211,30.020000457763672,30.53499984741211,24.17266845703125,6384800,0.0
2010-05-11,30.149999618530273,31.135000228881836,30.06999969482422,30.68000030517578,24.287460327148438,5086800,0.0
2010-05-12,30.815000534057617,31.6299991607666,30.795000076293945,31.6200008392334,25.031593322753906,2908200,0.0
2010-05-13,31.520000457763672,31.78499984741211,31.15999984741211,31.344999313354492,24.813892364501953,4249400,0.0
2010-05-14,31.170000076293945,31.170000076293945,30.3700008392334,30.7549991607666,24.34683609008789,2644800,0.0
2010-05-17,30.9950008392334,31.235000610351562,30.024999618530273,30.950000762939453,24.501197814941406,11019200,0.0
2010-05-18,31.354999542236328,31.405000686645508,30.225000381469727,30.34000015258789,24.01830291748047,5304200,0.0
2010-05-19,30.149999618530273,30.530000686645508,29.600000381469727,30.03499984741211,23.776845932006836,4315800,0.0
2010-05-20,29.31999969482422,29.389999389648438,28.510000228881836,28.524999618530273,22.581478118896484,5512200,0.0
2010-05-21,28.030000686645508,29.1200008392334,27.924999237060547,28.924999237060547,22.89813232421875,5433200,0.0
2010-05-24,28.725000381469727,29.014999389648438,28.485000610351562,28.4950008392334,22.55772590637207,11913600,0.0
2010-05-25,27.764999389648438,28.454999923706055,27.385000228881836,28.440000534057617,22.514188766479492,11413200,0.0
2010-05-26,28.53499984741211,29.165000915527344,28.31999969482422,28.420000076293945,22.49835205078125,4518600,0.0
2010-05-27,29.100000381469727,29.604999542236328,28.920000076293945,29.549999237060547,23.392906188964844,2859800,0.0
2010-05-28,29.520000457763672,29.56999969482422,29.010000228881836,29.204999923706055,23.11979103088379,4565400,0.0
2010-06-01,28.854999542236328,29.280000686645508,28.344999313354492,28.354999542236328,22.4468994140625,3427000,0.0
2010-06-02,28.489999771118164,29.15999984741211,28.270000457763672,29.145000457763672,23.072294235229492,2690200,0.0
2010-06-03,29.149999618530273,29.604999542236328,29.110000610351562,29.53499984741211,23.381032943725586,2891000,0.0
2010-06-04,28.725000381469727,28.989999771118164,28.014999389648438,28.110000610351562,22.252946853637695,5140400,0.0
2010-06-07,28.235000610351562,28.315000534057617,27.385000228881836,27.420000076293945,21.706716537475586,5136400,0.0
2010-06-08,27.5049991607666,27.684999465942383,26.899999618530273,27.354999542236328,21.655258178710938,6067800,0.0
2010-06-09,27.59000015258789,28.030000686645508,27.280000686645508,27.399999618530273,21.69089126586914,2735000,0.0
2010-06-10,27.850000381469727,28.290000915527344,27.770000457763672,28.280000686645508,22.387521743774414,2145400,0.0
2010-06-11,27.96500015258789,28.69499969482422,27.875,28.684999465942383,22.7081356048584,1976200,0.0
2010-06-14,29.03499984741211,29.329999923706055,28.7549991607666,28.84000015258789,22.83083724975586,2421400,0.0
2010-06-15,29.084999084472656,29.565000534057617,28.950000762939453,29.479999542236328,23.337488174438477,2140200,0.0
2010-06-16,29.235000610351562,29.6299991607666,29.165000915527344,29.31999969482422,23.21082878112793,2446400,0.0
2010-06-17,29.520000457763672,29.524999618530273,29.03499984741211,29.344999313354492,23.230619430541992,1458600,0.0
2010-06-18,29.475000381469727,29.600000381469727,29.21500015258789,29.360000610351562,23.242490768432617,1605600,0.0
2010-06-21,29.75,29.875,28.93000030517578,29.084999084472656,23.02480125427246,2044000,0.0
2010-06-22,29.209999084472656,29.510000228881836,28.5,28.524999618530273,22.581478118896484,2080400,0.0
2010-06-23,28.43000030517578,28.690000534057617,28.05500030517578,28.364999771118164,22.506486892700195,2387600,0.0655
2010-06-24,28.135000228881836,28.389999389648438,27.905000686645508,27.959999084472656,22.185142517089844,1970200,0.0
2010-06-25,28.06999969482422,28.530000686645508,27.790000915527344,28.4950008392334,22.609642028808594,4586800,0.0
2010-06-28,28.405000686645508,28.770000457763672,28.165000915527344,28.309999465942383,22.462848663330078,2019600,0.0
2010-06-29,27.889999389648438,27.920000076293945,27.174999237060547,27.344999313354492,21.697168350219727,3049800,0.0
2010-06-30,27.325000762939453,27.709999084472656,27.0,27.06999969482422,21.478958129882812,4220200,0.0
2010-07-01,27.09000015258789,27.204999923706055,26.239999771118164,26.8700008392334,21.320268630981445,7061800,0.0
2010-07-02,26.975000381469727,27.045000076293945,26.46500015258789,26.604999542236328,21.110013961791992,3756200,0.0
2010-07-06,27.05500030517578,27.290000915527344,26.1299991607666,26.280000686645508,20.852127075195312,4062600,0.0
2010-07-07,26.344999313354492,27.184999465942383,26.31999969482422,27.145000457763672,21.538480758666992,4316600,0.0
2010-07-08,27.46500015258789,27.584999084472656,27.155000686645508,27.545000076293945,21.85585594177246,2325400,0.0
2010-07-09,27.559999465942383,27.954999923706055,27.514999389648438,27.93000030517578,22.16133689880371,1949000,0.0
2010-07-12,27.895000457763672,28.06999969482422,27.399999618530273,27.674999237060547,21.959007263183594,2116600,0.0
2010-07-13,28.059999465942383,28.639999389648438,27.920000076293945,28.524999618530273,22.633447647094727,2854400,0.0
2010-07-14,28.454999923706055,28.600000381469727,28.209999084472656,28.434999465942383,22.56203269958496,1885000,0.0
2010-07-15,28.485000610351562,28.5,27.829999923706055,28.200000762939453,22.37557601928711,2917200,0.0
2010-07-16,27.989999771118164,28.024999618530273,27.135000228881836,27.209999084472656,21.590049743652344,2583800,0.0
2010-07-19,27.2549991607666,27.3799991607666,26.829999923706055,27.325000762939453,21.681289672851562,1884400,0.0
2010-07-20,26.979999542236328,27.834999084472656,26.854999542236328,27.780000686645508,22.04231834411621,2931600,0.0
2010-07-21,28.030000686645508,28.045000076293945,27.239999771118164,27.309999465942383,21.66939353942871,1907600,0.0
2010-07-22,27.665000915527344,28.30500030517578,27.665000915527344,28.229999542236328,22.399377822875977,2403200,0.0
2010-07-23,28.09000015258789,28.885000228881836,28.014999389648438,28.80500030517578,22.855615615844727,4186800,0.0
2010-07-26,28.96500015258789,29.469999313354492,28.780000686645508,29.454999923706055,23.371368408203125,3514800,0.0
2010-07-27,29.704999923706055,29.829999923706055,29.2450008392334,29.350000381469727,23.288049697875977,2414400,0.0
2010-07-28,29.299999237060547,29.43000030517578,28.729999542236328,28.8700008392334,22.907196044921875,6971600,0.0
2010-07-29,29.1200008392334,29.239999771118164,28.34000015258789,28.795000076293945,22.847675323486328,2017400,0.0
2010-07-30,28.420000076293945,29.040000915527344,28.28499984741211,28.815000534057617,22.863548278808594,2498000,0.0
2010-08-02,29.270000457763672,29.44499969482422,29.030000686645508,29.274999618530273,23.228540420532227,2348800,0.0
2010-08-03,29.174999237060547,29.389999389648438,28.78499984741211,28.96500015258789,22.982574462890625,2321400,0.0
2010-08-04,29.110000610351562,29.3700008392334,29.03499984741211,29.295000076293945,23.24441146850586,2346000,0.0
2010-08-05,29.030000686645508,29.200000762939453,28.895000457763672,28.915000915527344,22.942901611328125,2129400,0.0
2010-08-06,28.459999084472656,28.834999084472656,28.149999618530273,28.75,22.811973571777344,4315600,0.0
2010-08-09,28.950000762939453,29.135000228881836,28.75,29.020000457763672,23.026208877563477,1432600,0.0
2010-08-10,28.795000076293945,28.854999542236328,28.295000076293945,28.514999389648438,22.625505447387695,4139000,0.0
2010-08-11,27.975000381469727,27.979999542236328,27.3799991607666,27.459999084472656,21.788415908813477,6029000,0.0
2010-08-12,26.915000915527344,27.479999542236328,26.760000228881836,27.350000381469727,21.70113182067871,7467400,0.0
2010-08-13,27.25,27.28499984741211,26.985000610351562,27.010000228881836,21.431350708007812,4875800,0.0
2010-08-16,26.809999465942383,27.329999923706055,26.690000534057617,27.184999465942383,21.57021141052246,4736000,0.0
2010-08-17,27.450000762939453,27.885000228881836,27.315000534057617,27.645000457763672,21.935197830200195,2776600,0.0
2010-08-18,27.639999389648438,28.030000686645508,27.354999542236328,27.770000457763672,22.03438377380371,3098400,0.0
2010-08-19,27.649999618530273,27.725000381469727,26.940000534057617,27.045000076293945,21.459129333496094,3249800,0.0
2010-08-20,26.905000686645508,27.05500030517578,26.610000610351562,27.040000915527344,21.45516014099121,2798400,0.0
2010-08-23,27.204999923706055,27.3700008392334,26.684999465942383,26.690000534057617,21.177453994750977,1830000,0.0
2010-08-24,26.290000915527344,26.69499969482422,26.0049991607666,26.459999084472656,20.994945526123047,3295000,0.0
2010-08-25,26.19499969482422,26.864999771118164,26.104999542236328,26.78499984741211,21.252826690673828,2676200,0.0
2010-08-26,26.8799991607666,27.1200008392334,26.524999618530273,26.635000228881836,21.133808135986328,1897200,0.0
2010-08-27,26.885000228881836,27.329999923706055,26.3700008392334,27.280000686645508,21.64558219909668,2353000,0.0
2010-08-30,27.1200008392334,27.280000686645508,26.65999984741211,26.670000076293945,21.161579132080078,1987600,0.0
2010-08-31,26.575000762939453,26.90999984741211,26.3700008392334,26.625,21.125871658325195,2936400,0.0
2010-09-01,27.030000686645508,27.635000228881836,26.969999313354492,27.625,21.919334411621094,4458800,0.0
2010-09-02,27.625,28.0,27.53499984741211,27.924999237060547,22.157373428344727,1859600,0.0
2010-09-03,28.34000015258789,28.520000457763672,28.1200008392334,28.405000686645508,22.53823471069336,2023400,0.0
2010-09-07,28.299999237060547,28.325000762939453,27.809999465942383,27.8799991607666,22.121662139892578,1831000,0.0
2010-09-08,27.940000534057617,28.235000610351562,27.895000457763672,28.020000457763672,22.232751846313477,1745600,0.0
2010-09-09,28.420000076293945,28.450000762939453,27.81999969482422,28.014999389648438,22.228784561157227,1372200,0.0
2010-09-10,28.155000686645508,28.270000457763672,27.940000534057617,28.06999969482422,22.272422790527344,2148600,0.0
2010-09-13,28.399999618530273,28.81999969482422,28.329999923706055,28.725000381469727,22.79213523864746,2295000,0.0
2010-09-14,28.649999618530273,28.895000457763672,28.530000686645508,28.635000228881836,22.720720291137695,1893800,0.0
2010-09-15,28.540000915527344,28.899999618530273,28.350000381469727,28.815000534057617,22.863548278808594,1529200,0.0
2010-09-16,28.729999542236328,28.825000762939453,28.350000381469727,28.604999542236328,22.696929931640625,1834000,0.0
2010-09-17,28.825000762939453,28.844999313354492,28.30500030517578,28.725000381469727,22.79213523864746,2617800,0.0
2010-09-20,28.78499984741211,29.524999618530273,28.59000015258789,29.469999313354492,23.383264541625977,2464200,0.0
2010-09-21,29.475000381469727,29.635000228881836,29.25,29.290000915527344,23.240446090698242,2556000,0.0
2010-09-22,29.170000076293945,29.389999389648438,28.725000381469727,28.934999465942383,22.958765029907227,3941400,0.0
2010-09-23,28.719999313354492,29.155000686645508,28.53499984741211,28.604999542236328,22.696929931640625,2172800,0.0
2010-09-24,28.905000686645508,29.46500015258789,28.860000610351562,29.424999237060547,23.408523559570312,2421200,0.0745
2010-09-27,29.46500015258789,29.5049991607666,29.19499969482422,29.3700008392334,23.364778518676758,2494000,0.0
2010-09-28,29.424999237060547,29.670000076293945,28.8799991607666,29.584999084472656,23.535816192626953,2264400,0.0
2010-09-29,29.559999465942383,29.829999923706055,29.440000534057617,29.704999923706055,23.631277084350586,1955600,0.0
2010-09-30,29.90999984741211,30.024999618530273,29.299999237060547,29.545000076293945,23.503986358642578,2697200,0.0
2010-10-01,29.850000381469727,29.899999618530273,29.454999923706055,29.729999542236328,23.651159286499023,3365400,0.0
2010-10-04,29.670000076293945,29.825000762939453,29.1200008392334,29.329999923706055,23.332956314086914,1883200,0.0
2010-10-05,29.665000915527344,30.235000610351562,29.46500015258789,30.155000686645508,23.989261627197266,1579000,0.0
2010-10-06,30.170000076293945,30.239999771118164,29.860000610351562,30.03499984741211,23.893798828125,3567000,0.0
2010-10-07,30.239999771118164,30.260000228881836,29.780000686645508,29.959999084472656,23.834131240844727,2005600,0.0
2010-10-08,29.9950008392334,30.475000381469727,29.84000015258789,30.299999237060547,24.104612350463867,1478800,0.0
2010-10-11,30.385000228881836,30.625,30.309999465942383,30.329999923706055,24.12848663330078,7355600,0.0
2010-10-12,30.28499984741211,30.579999923706055,29.979999542236328,30.475000381469727,24.243837356567383,2339000,0.0
2010-10-13,30.684999465942383,31.174999237060547,30.55500030517578,30.934999465942383,24.609777450561523,1831000,0.0
2010-10-14,30.96500015258789,31.09000015258789,30.68000030517578,30.959999084472656,24.62966537475586,2037600,0.0
2010-10-15,31.190000534057617,31.28499984741211,30.69499969482422,30.864999771118164,24.554086685180664,1666800,0.0
2010-10-18,31.0,31.15999984741211,30.8799991607666,30.989999771118164,24.653535842895508,1492200,0.0
2010-10-19,30.71500015258789,31.09000015258789,30.354999542236328,30.549999237060547,24.303503036499023,1646800,0.0
2010-10-20,30.729999542236328,30.979999542236328,30.584999084472656,30.81999969482422,24.51828956604004,1951200,0.0
2010-10-21,30.94499969482422,31.155000686645508,30.309999465942383,30.690000534057617,24.41486930847168,3754600,0.0
2010-10-22,30.774999618530273,30.915000915527344,30.665000915527344,30.8799991607666,24.566030502319336,1323800,0.0
2010-10-25,31.1299991607666,31.3799991607666,30.954999923706055,31.0,24.661489486694336,1617800,0.0
2010-10-26,30.854999542236328,31.174999237060547,30.690000534057617,30.979999542236328,24.64557456970215,1464600,0.0
2010-10-27,30.774999618530273,30.934999465942383,30.489999771118164,30.889999389648438,24.573984146118164,1463800,0.0
2010-10-28,31.104999542236328,31.170000076293945,30.594999313354492,30.735000610351562,24.450679779052734,1072600,0.0
2010-10-29,30.639999389648438,30.989999771118164,30.610000610351562,30.799999237060547,24.502384185791016,1181400,0.0
2010-11-01,30.975000381469727,31.184999465942383,30.399999618530273,30.6200008392334,24.35918426513672,2035200,0.0
2010-11-02,30.975000381469727,31.280000686645508,30.825000762939453,31.25,24.86037254333496,1270600,0.0
2010-11-03,31.325000762939453,31.405000686645508,30.93000030517578,31.364999771118164,24.951862335205078,3711200,0.0
2010-11-04,31.875,32.18000030517578,31.81999969482422,32.150001525878906,25.57634735107422,3370400,0.0
2010-11-05,32.22999954223633,32.45000076293945,32.154998779296875,32.33000183105469,25.71954917907715,1279000,0.0
2010-11-08,32.310001373291016,32.400001525878906,32.064998626708984,32.29999923706055,25.695680618286133,1644800,0.0
2010-11-09,32.40999984741211,32.46500015258789,31.780000686645508,31.96500015258789,25.429180145263672,1595200,0.0
2010-11-10,31.979999542236328,32.349998474121094,31.690000534057617,32.34000015258789,25.727502822875977,1162600,0.0
2010-11-11,31.985000610351562,32.28499984741211,31.815000534057617,32.15999984741211,25.584308624267578,1115600,0.0
2010-11-12,31.899999618530273,32.095001220703125,31.625,31.655000686645508,25.182558059692383,1709000,0.0
2010-11-15,31.834999084472656,31.989999771118164,31.6299991607666,31.68000030517578,25.202455520629883,1379000,0.0
2010-11-16,31.440000534057617,31.540000915527344,30.8700008392334,31.09000015258789,24.73308563232422,2275800,0.0
2010-11-17,31.139999389648438,31.184999465942383,30.959999084472656,31.114999771118164,24.752973556518555,1754800,0.0
2010-11-18,31.420000076293945,31.815000534057617,31.40999984741211,31.639999389648438,25.17063331604004,1440600,0.0
2010-11-19,31.55500030517578,31.799999237060547,31.375,31.704999923706055,25.222341537475586,1084200,0.0
2010-11-22,31.6299991607666,31.979999542236328,31.43000030517578,31.8799991607666,25.361555099487305,1881000,0.0
2010-11-23,31.540000915527344,31.684999465942383,31.375,31.674999237060547,25.198471069335938,1506800,0.0
2010-11-24,31.979999542236328,32.41999816894531,31.934999465942383,32.404998779296875,25.779207229614258,4731200,0.0
2010-11-26,32.209999084472656,32.3849983215332,32.125,32.220001220703125,25.632038116455078,412200,0.0
2010-11-29,32.064998626708984,32.28499984741211,31.645000457763672,32.209999084472656,25.624074935913086,1242200,0.0
2010-11-30,31.854999542236328,32.125,31.670000076293945,31.975000381469727,25.4371337890625,2497200,0.0
2010-12-01,32.5,32.7400016784668,32.5,32.6349983215332,25.962182998657227,2268800,0.0
2010-12-02,32.689998626708984,33.005001068115234,32.6349983215332,32.96500015258789,26.224712371826172,1076000,0.0
2010-12-03,32.82500076293945,33.29499816894531,32.76499938964844,33.20500183105469,26.415639877319336,3282800,0.0
2010-12-06,33.18000030517578,33.46500015258789,33.095001220703125,33.39500045776367,26.566781997680664,2937800,0.0
2010-12-07,33.790000915527344,33.869998931884766,33.54499816894531,33.61000061035156,26.73781967163086,2776600,0.0
2010-12-08,33.70500183105469,33.81999969482422,33.54999923706055,33.55500030517578,26.694080352783203,1850200,0.0
2010-12-09,33.834999084472656,33.834999084472656,33.529998779296875,33.60499954223633,26.733858108520508,1853400,0.0
2010-12-10,33.72999954223633,34.099998474121094,33.63999938964844,34.01499938964844,27.060022354125977,2731600,0.0
2010-12-13,34.185001373291016,34.224998474121094,33.904998779296875,33.90999984741211,26.976482391357422,2258800,0.0
2010-12-14,34.005001068115234,34.099998474121094,33.84000015258789,33.88999938964844,26.96057891845703,979600,0.0
2010-12-15,33.86000061035156,34.244998931884766,33.75,33.79999923706055,26.888980865478516,1224800,0.0
2010-12-16,33.8650016784668,34.209999084472656,33.7400016784668,34.154998779296875,27.171396255493164,1763600,0.0
2010-12-17,34.150001525878906,34.32500076293945,33.91999816894531,34.31999969482422,27.302650451660156,1397600,0.0
2010-12-20,34.45500183105469,34.6349983215332,34.30500030517578,34.369998931884766,27.342432022094727,2116400,0.0
2010-12-21,34.54499816894531,34.79999923706055,34.525001525878906,34.755001068115234,27.64871597290039,1016400,0.0
2010-12-22,34.81999969482422,34.900001525878906,34.71500015258789,34.76499938964844,27.656675338745117,4184400,0.0
2010-12-23,34.650001525878906,34.72999954223633,34.525001525878906,34.58000183105469,27.64107894897461,1785000,0.1655
2010-12-27,34.529998779296875,34.72999954223633,34.38999938964844,34.65999984741211,27.70503044128418,940800,0.0
2010-12-28,34.72999954223633,34.72999954223633,34.48500061035156,34.59000015258789,27.64906883239746,3289400,0.0
2010-12-29,34.654998779296875,34.71500015258789,34.595001220703125,34.67499923706055,27.71702766418457,6781200,0.0
2010-12-30,34.654998779296875,34.779998779296875,34.61000061035156,34.61000061035156,27.66505241394043,1392400,0.0
2010-12-31,34.584999084472656,34.625,34.22999954223633,34.23500061035156,27.36530876159668,2799000,0.0
2011-01-03,34.5099983215332,35.06999969482422,34.494998931884766,34.869998931884766,27.872875213623047,5931600,0.0
2011-01-04,35.0,35.0,33.95000076293945,34.29499816894531,27.41327667236328,1926200,0.0
2011-01-05,34.2599983215332,34.6150016784668,34.165000915527344,34.6150016784668,27.669063568115234,1604000,0.0
2011-01-06,34.63999938964844,34.654998779296875,34.29999923706055,34.435001373291016,27.525184631347656,1804200,0.0
2011-01-07,34.5099983215332,34.625,33.78499984741211,34.185001373291016,27.325342178344727,2287600,0.0
2011-01-10,34.04999923706055,34.470001220703125,33.81999969482422,34.29499816894531,27.41327667236328,1496400,0.0
2011-01-11,34.45000076293945,34.56999969482422,34.23500061035156,34.415000915527344,27.509185791015625,1639600,0.0
2011-01-12,34.654998779296875,34.81999969482422,34.540000915527344,34.744998931884766,27.772968292236328,2762200,0.0
2011-01-13,34.744998931884766,34.8849983215332,34.61000061035156,34.76499938964844,27.788957595825195,1464600,0.0
2011-01-14,34.755001068115234,35.130001068115234,34.66999816894531,35.03499984741211,28.00477409362793,1523800,0.0
2011-01-18,34.93000030517578,35.084999084472656,34.77000045776367,35.084999084472656,28.04474639892578,2012200,0.0
2011-01-19,35.095001220703125,35.095001220703125,34.21500015258789,34.310001373291016,27.425254821777344,2375800,0.0
2011-01-20,34.14500045776367,34.3650016784668,33.880001068115234,34.0099983215332,27.185457229614258,2250800,0.0
2011-01-21,34.20000076293945,34.255001068115234,33.775001525878906,33.83000183105469,27.041582107543945,1148800,0.0
2011-01-24,33.810001373291016,34.17499923706055,33.779998779296875,34.08000183105469,27.241413116455078,1321200,0.0
2011-01-25,33.86000061035156,34.18000030517578,33.79999923706055,34.165000915527344,27.30935287475586,1871800,0.0
2011-01-26,34.2599983215332,34.845001220703125,34.1349983215332,34.69499969482422,27.733001708984375,2012800,0.0
2011-01-27,34.75,35.0099983215332,34.6150016784668,34.904998779296875,27.90086555480957,1074400,0.0
2011-01-28,34.88999938964844,34.900001525878906,34.02000045776367,34.04499816894531,27.21343421936035,2648000,0.0
2011-01-31,34.290000915527344,34.5,33.95500183105469,34.275001525878906,27.39728546142578,2070600,0.0
2011-02-01,34.560001373291016,35.06999969482422,34.439998626708984,34.95000076293945,27.936832427978516,2105200,0.0
2011-02-02,34.94499969482422,35.119998931884766,34.79999923706055,34.814998626708984,27.82892417907715,2473800,0.0
2011-02-03,34.76499938964844,34.959999084472656,34.3849983215332,34.86000061035156,27.86489486694336,1783400,0.0
2011-02-04,34.86000061035156,35.005001068115234,34.709999084472656,34.96500015258789,27.948823928833008,1026800,0.0
2011-02-07,35.02000045776367,35.529998779296875,34.96500015258789,35.310001373291016,28.224599838256836,1875600,0.0
2011-02-08,35.404998779296875,35.48500061035156,35.154998779296875,35.45000076293945,28.336503982543945,1996800,0.0
2011-02-09,35.43000030517578,35.5099983215332,35.13999938964844,35.310001373291016,28.224599838256836,6747200,0.0
2011-02-10,35.13999938964844,35.51499938964844,35.064998626708984,35.51499938964844,28.388465881347656,3912800,0.0
2011-02-11,35.345001220703125,35.86000061035156,35.28499984741211,35.86000061035156,28.664226531982422,2905400,0.0
2011-02-14,35.900001525878906,36.064998626708984,35.814998626708984,36.064998626708984,28.828100204467773,2598800,0.0
2011-02-15,35.935001373291016,36.02000045776367,35.67499923706055,35.724998474121094,28.556316375732422,3967000,0.0
2011-02-16,35.82500076293945,36.099998474121094,35.77000045776367,36.02000045776367,28.79213523864746,4821800,0.0
2011-02-17,36.029998779296875,36.435001373291016,35.959999084472656,36.314998626708984,29.027942657470703,6157400,0.0
2011-02-18,36.314998626708984,36.4900016784668,36.22999954223633,36.3650016784668,29.067895889282227,1490200,0.0
2011-02-22,36.07500076293945,36.20000076293945,35.415000915527344,35.4900016784668,28.368484497070312,3206600,0.0
2011-02-23,35.5099983215332,35.52000045776367,34.619998931884766,34.755001068115234,27.780961990356445,3246200,0.0
2011-02-24,34.755001068115234,35.084999084472656,34.540000915527344,34.959999084472656,27.9448184967041,1967400,0.0
2011-02-25,35.095001220703125,35.77000045776367,35.07500076293945,35.755001068115234,28.580305099487305,2123800,0.0
2011-02-28,35.994998931884766,36.005001068115234,35.52000045776367,35.79499816894531,28.612276077270508,1966200,0.0
2011-03-01,35.90999984741211,35.95000076293945,35.03499984741211,35.154998779296875,28.1007022857666,2598000,0.0
2011-03-02,35.099998474121094,35.415000915527344,34.939998626708984,35.209999084472656,28.144670486450195,2021000,0.0
2011-03-03,35.584999084472656,36.20000076293945,35.56999969482422,36.099998474121094,28.856082916259766,4681000,0.0
2011-03-04,36.119998931884766,36.119998931884766,35.55500030517578,35.9900016784668,28.768138885498047,2175600,0.0
2011-03-07,36.04999923706055,36.099998474121094,35.125,35.41999816894531,28.312532424926758,1768600,0.0
2011-03-08,35.404998779296875,36.15999984741211,35.20000076293945,36.025001525878906,28.79612922668457,2576200,0.0
2011-03-09,35.94499969482422,36.165000915527344,35.80500030517578,35.98500061035156,28.76415252685547,1253200,0.0
2011-03-10,35.584999084472656,35.584999084472656,34.994998931884766,35.11000061035156,28.06473159790039,1964000,0.0
2011-03-11,34.79999923706055,35.345001220703125,34.7599983215332,35.14500045776367,28.09270668029785,2644000,0.0
2011-03-14,34.80500030517578,35.185001373291016,34.6349983215332,34.970001220703125,27.95282554626465,2838000,0.0
2011-03-15,34.18000030517578,34.904998779296875,33.939998626708984,34.65999984741211,27.70503044128418,6232800,0.0
2011-03-16,34.525001525878906,34.84000015258789,34.1150016784668,34.255001068115234,27.381301879882812,11443200,0.0
2011-03-17,34.7400016784668,34.77000045776367,34.345001220703125,34.345001220703125,27.45323944091797,1889600,0.0
2011-03-18,34.755001068115234,34.845001220703125,34.64500045776367,34.810001373291016,27.824939727783203,6035000,0.0
2011-03-21,35.255001068115234,35.560001373291016,35.20000076293945,35.55500030517578,28.42043685913086,3918000,0.0
2011-03-22,35.599998474121094,35.685001373291016,35.31999969482422,35.38999938964844,28.28853988647461,1758000,0.0
2011-03-23,35.349998474121094,35.560001373291016,34.935001373291016,35.44499969482422,28.332508087158203,969600,0.0
2011-03-24,35.685001373291016,35.79999923706055,35.3650016784668,35.685001373291016,28.524343490600586,1806000,0.0
2011-03-25,35.790000915527344,36.28499984741211,35.66999816894531,35.900001525878906,28.748558044433594,1500400,0.065
2011-03-28,36.05500030517578,36.130001068115234,35.79999923706055,35.82500076293945,28.688501358032227,1122000,0.0
2011-03-29,35.86000061035156,36.16999816894531,35.63999938964844,36.119998931884766,28.92475700378418,973000,0.0
2011-03-30,36.30500030517578,36.64500045776367,36.22999954223633,36.584999084472656,29.2971134185791,1978200,0.0
2011-03-31,36.54999923706055,36.80500030517578,36.540000915527344,36.779998779296875,29.453258514404297,2060400,0.0
2011-04-01,36.97999954223633,37.165000915527344,36.81999969482422,36.88999938964844,29.54134750366211,2794600,0.0
2011-04-04,37.029998779296875,37.099998474121094,36.91999816894531,37.040000915527344,29.661474227905273,1483200,0.0
2011-04-05,36.9900016784668,37.45000076293945,36.974998474121094,37.17499923706055,29.76957893371582,1912800,0.0
2011-04-06,37.369998931884766,37.5,37.14500045776367,37.279998779296875,29.853662490844727,1066600,0.0
2011-04-07,37.290000915527344,37.45500183105469,36.96500015258789,37.07500076293945,29.689502716064453,1200400,0.0
2011-04-08,37.220001220703125,37.27000045776367,36.46500015258789,36.599998474121094,29.309125900268555,2195400,0.0
2011-04-11,36.564998626708984,36.7400016784668,36.23500061035156,36.369998931884766,29.124950408935547,982000,0.0
2011-04-12,36.150001525878906,36.33000183105469,35.904998779296875,35.935001373291016,28.776601791381836,1650600,0.0
2011-04-13,36.119998931884766,36.150001525878906,35.6349983215332,35.8849983215332,28.736568450927734,1261600,0.0
2011-04-14,35.55500030517578,36.10499954223633,35.54999923706055,36.10499954223633,28.912736892700195,2241200,0.0
2011-04-15,36.084999084472656,36.46500015258789,35.92499923706055,36.46500015258789,29.201021194458008,2014000,0.0
2011-04-18,35.869998931884766,36.01499938964844,35.625,35.93000030517578,28.772598266601562,2451000,0.0
2011-04-19,36.04499816894531,36.150001525878906,35.69499969482422,35.904998779296875,28.75257110595703,1437800,0.0
2011-04-20,36.51499938964844,36.6150016784668,36.3650016784668,36.61000061035156,29.3171443939209,1343200,0.0
2011-04-21,36.86000061035156,36.880001068115234,36.60499954223633,36.86000061035156,29.51734733581543,1441200,0.0
2011-04-25,36.849998474121094,36.88999938964844,36.58000183105469,36.790000915527344,29.46128273010254,813400,0.0
2011-04-26,36.88999938964844,37.38999938964844,36.814998626708984,37.21500015258789,29.80162811279297,1981000,0.0
2011-04-27,37.2599983215332,37.59000015258789,37.20500183105469,37.564998626708984,30.08189582824707,2164600,0.0
2011-04-28,37.470001220703125,37.83000183105469,37.45000076293945,37.654998779296875,30.153980255126953,1841000,0.0
2011-04-29,37.724998474121094,37.88999938964844,37.619998931884766,37.744998931884766,30.22603988647461,1740000,0.0
2011-05-02,37.904998779296875,37.904998779296875,37.36000061035156,37.42499923706055,29.969783782958984,3924200,0.0
2011-05-03,37.345001220703125,37.44499969482422,36.73500061035156,37.005001068115234,29.633445739746094,4374200,0.0
2011-05-04,37.029998779296875,37.05500030517578,36.404998779296875,36.584999084472656,29.2971134185791,1612200,0.0
2011-05-05,36.290000915527344,36.98500061035156,36.2400016784668,36.43000030517578,29.17300033569336,3851400,0.0
2011-05-06,36.79999923706055,37.06999969482422,36.46500015258789,36.584999084472656,29.2971134185791,2419200,0.0
2011-05-09,36.540000915527344,37.025001525878906,36.494998931884766,36.95000076293945,29.58941078186035,1328200,0.0
2011-05-10,37.209999084472656,37.595001220703125,37.150001525878906,37.584999084472656,30.097909927368164,2254600,0.0
2011-05-11,37.5,37.529998779296875,36.83000183105469,37.0099983215332,29.637449264526367,2469600,0.0
2011-05-12,36.779998779296875,37.439998626708984,36.64500045776367,37.31999969482422,29.885705947875977,3140400,0.0
2011-05-13,37.349998474121094,37.45000076293945,36.7599983215332,36.875,29.52934455871582,2074400,0.0
2011-05-16,36.650001525878906,36.994998931884766,36.369998931884766,36.375,29.12895393371582,2171800,0.0
2011-05-17,36.13999938964844,36.38999938964844,36.040000915527344,36.29499816894531,29.064882278442383,1792000,0.0
2011-05-18,36.314998626708984,36.78499984741211,36.26499938964844,36.76499938964844,29.441265106201172,1474600,0.0
2011-05-19,37.029998779296875,37.03499984741211,36.5,36.82500076293945,29.48931121826172,2861400,0.0
2011-05-20,36.709999084472656,36.81999969482422,36.345001220703125,36.54499816894531,29.26506996154785,1149000,0.0
2011-05-23,36.005001068115234,36.189998626708984,35.85499954223633,35.95000076293945,28.788610458374023,2133200,0.0
2011-05-24,36.0099983215332,36.119998931884766,35.685001373291016,35.755001068115234,28.632455825805664,3015200,0.0
2011-05-25,35.64500045776367,36.29499816894531,35.630001068115234,36.17499923706055,28.968788146972656,1763800,0.0
2011-05-26,36.084999084472656,36.625,36.01499938964844,36.599998474121094,29.309125900268555,4088400,0.0
2011-05-27,36.79499816894531,36.98500061035156,36.685001373291016,36.869998931884766,29.525352478027344,3814800,0.0
2011-05-31,37.25,37.42499923706055,36.935001373291016,37.41999816894531,29.965774536132812,2899200,0.0
2011-06-01,37.42499923706055,37.42499923706055,36.244998931884766,36.29999923706055,29.068899154663086,3329200,0.0
2011-06-02,36.380001068115234,36.5,36.04499816894531,36.20500183105469,28.992813110351562,1805600,0.0
2011-06-03,35.69499969482422,36.029998779296875,35.6150016784668,35.65999984741211,28.556371688842773,3239800,0.0
2011-06-06,35.52000045776367,35.685001373291016,35.13999938964844,35.154998779296875,28.151979446411133,9184400,0.0
2011-06-07,35.400001525878906,35.560001373291016,35.244998931884766,35.2599983215332,28.23607063293457,4304400,0.0
2011-06-08,35.13999938964844,35.244998931884766,34.86000061035156,34.904998779296875,27.9517822265625,4469200,0.0
2011-06-09,34.9900016784668,35.255001068115234,34.849998474121094,35.064998626708984,28.079910278320312,3083000,0.0
2011-06-10,34.8650016784668,34.88999938964844,34.3650016784668,34.52000045776367,27.643476486206055,3867200,0.0
2011-06-13,34.60499954223633,34.7599983215332,34.28499984741211,34.435001373291016,27.575407028198242,2567400,0.0
2011-06-14,34.77000045776367,35.29499816894531,34.7599983215332,35.19499969482422,28.184005737304688,2403200,0.0
2011-06-15,34.84000015258789,35.119998931884766,34.53499984741211,34.66999816894531,27.763586044311523,2882400,0.0
2011-06-16,34.68000030517578,35.040000915527344,34.349998474121094,34.78499984741211,27.855684280395508,5986200,0.0
2011-06-17,35.09000015258789,35.165000915527344,34.63999938964844,34.77000045776367,27.84367561340332,2858200,0.0
2011-06-20,34.64500045776367,35.220001220703125,34.64500045776367,35.119998931884766,28.12394142150879,2581000,0.0
2011-06-21,35.375,35.79499816894531,35.290000915527344,35.73500061035156,28.616443634033203,3837000,0.0
2011-06-22,35.51499938964844,35.93000030517578,35.48500061035156,35.494998931884766,28.42424774169922,2693600,0.0
2011-06-23,35.0099983215332,35.55500030517578,34.68000030517578,35.494998931884766,28.480411529541016,4544000,0.07
2011-06-24,35.595001220703125,35.654998779296875,35.1150016784668,35.279998779296875,28.30790138244629,2721200,0.0
2011-06-27,35.2400016784668,35.619998931884766,35.099998474121094,35.529998779296875,28.508495330810547,2743200,0.0
2011-06-28,35.665000915527344,36.095001220703125,35.584999084472656,36.095001220703125,28.961841583251953,3085000,0.0
2011-06-29,36.244998931884766,36.349998474121094,35.93000030517578,36.25,29.086225509643555,2452200,0.0
2011-06-30,36.3849983215332,36.685001373291016,36.31999969482422,36.65999984741211,29.41518211364746,3099800,0.0
2011-07-01,36.619998931884766,37.310001373291016,36.564998626708984,37.244998931884766,29.88457679748535,3943000,0.0
2011-07-05,37.20500183105469,37.45000076293945,37.11000061035156,37.375,29.98888397216797,10487800,0.0
2011-07-06,37.31999969482422,37.54499816894531,37.19499969482422,37.46500015258789,30.06110382080078,3725400,0.0
2011-07-07,37.875,38.1349983215332,37.71500015258789,37.994998931884766,30.486356735229492,3836200,0.0
2011-07-08,37.56999969482422,37.775001525878906,37.3849983215332,37.7599983215332,30.297794342041016,2691400,0.0
2011-07-11,37.2599983215332,37.4900016784668,36.915000915527344,37.0099983215332,29.696012496948242,2074800,0.0
2011-07-12,36.845001220703125,37.220001220703125,36.80500030517578,36.85499954223633,29.5716495513916,3002800,0.0
2011-07-13,37.029998779296875,37.5099983215332,37.0,37.15999984741211,29.816377639770508,3569200,0.0
2011-07-14,37.2400016784668,37.3849983215332,36.505001068115234,36.54499816894531,29.322895050048828,10662200,0.0
2011-07-15,36.70000076293945,36.814998626708984,36.494998931884766,36.7599983215332,29.49541473388672,2468800,0.0
2011-07-18,36.56999969482422,36.685001373291016,36.02000045776367,36.27000045776367,29.102252960205078,2953400,0.0
2011-07-19,36.55500030517578,37.1349983215332,36.55500030517578,37.07500076293945,29.748167037963867,3518200,0.0
2011-07-20,37.11000061035156,37.1150016784668,36.7599983215332,36.98500061035156,29.67596435546875,1797600,0.0
2011-07-21,37.119998931884766,37.47999954223633,37.01499938964844,37.345001220703125,29.964797973632812,1706800,0.0
2011-07-22,37.29999923706055,37.404998779296875,37.029998779296875,37.30500030517578,29.932714462280273,1419000,0.0
2011-07-25,36.85499954223633,37.220001220703125,36.73500061035156,36.93000030517578,29.6318359375,1968600,0.0
2011-07-26,36.82500076293945,36.915000915527344,36.53499984741211,36.619998931884766,29.38309097290039,1395000,0.0
2011-07-27,36.3849983215332,36.400001525878906,35.5,35.564998626708984,28.536575317382812,5640800,0.0
2011-07-28,35.5,36.0099983215332,35.435001373291016,35.46500015258789,28.456350326538086,7898000,0.0
2011-07-29,35.005001068115234,35.69499969482422,34.814998626708984,35.5,28.48442840576172,3986000,0.0
2011-08-01,35.904998779296875,36.04499816894531,34.94499969482422,35.29499816894531,28.3199405670166,3674200,0.0
2011-08-02,35.06999969482422,35.46500015258789,34.19499969482422,34.279998779296875,27.505517959594727,4466800,0.0
2011-08-03,34.209999084472656,34.5,33.3849983215332,34.46500015258789,27.653963088989258,8173800,0.0
2011-08-04,33.935001373291016,34.02000045776367,32.619998931884766,32.619998931884766,26.173574447631836,9939400,0.0
2011-08-05,33.0,33.1150016784668,31.385000228881836,32.1349983215332,25.784421920776367,7577800,0.0
2011-08-08,31.125,31.940000534057617,29.434999465942383,29.469999313354492,23.646085739135742,9788600,0.0
2011-08-09,30.125,31.299999237060547,28.739999771118164,31.264999389648438,25.086353302001953,8391400,0.0
2011-08-10,30.350000381469727,30.979999542236328,29.665000915527344,29.764999389648438,23.882783889770508,6350000,0.0
2011-08-11,29.979999542236328,31.71500015258789,29.760000228881836,31.2450008392334,25.070308685302734,6348200,0.0
2011-08-12,31.485000610351562,31.770000457763672,30.93000030517578,31.454999923706055,25.23880386352539,4374400,0.0
2011-08-15,31.739999771118164,32.29499816894531,31.665000915527344,32.2599983215332,25.88471794128418,3236600,0.0
2011-08-16,31.729999542236328,32.11000061035156,31.3799991607666,31.764999389648438,25.4875431060791,3848400,0.0
2011-08-17,31.9950008392334,32.150001525878906,31.375,31.68000030517578,25.419347763061523,3071800,0.0
2011-08-18,30.6299991607666,30.725000381469727,29.68000030517578,29.899999618530273,23.99110984802246,4820600,0.0
2011-08-19,29.3700008392334,30.354999542236328,29.260000228881836,29.440000534057617,23.622018814086914,4084000,0.0
2011-08-22,30.235000610351562,30.264999389648438,29.174999237060547,29.405000686645508,23.59393310546875,3624200,0.0
2011-08-23,29.549999237060547,30.875,29.295000076293945,30.834999084472656,24.741329193115234,3057400,0.0
2011-08-24,30.84000015258789,31.510000228881836,30.565000534057617,31.235000610351562,25.062280654907227,3234800,0.0
2011-08-25,31.6200008392334,31.7450008392334,30.354999542236328,30.5049991607666,24.47654914855957,3828600,0.0
2011-08-26,30.354999542236328,31.264999389648438,29.84000015258789,31.170000076293945,25.010133743286133,2594600,0.0
2011-08-29,31.55500030517578,32.61000061035156,31.55500030517578,32.599998474121094,26.157522201538086,2502800,0.0
2011-08-30,32.334999084472656,32.970001220703125,32.0099983215332,32.724998474121094,26.257827758789062,2773800,0.0
2011-08-31,32.915000915527344,33.26499938964844,32.400001525878906,32.73500061035156,26.265853881835938,5644400,0.0
2011-09-01,32.779998779296875,33.16999816894531,31.885000228881836,32.05500030517578,25.720237731933594,2489800,0.0
2011-09-02,31.325000762939453,31.635000228881836,30.780000686645508,30.924999237060547,24.813552856445312,2139600,0.0
2011-09-06,29.954999923706055,30.889999389648438,29.825000762939453,30.850000381469727,24.753366470336914,2547800,0.0
2011-09-07,31.399999618530273,32.064998626708984,31.260000228881836,32.040000915527344,25.708202362060547,2573800,0.0
2011-09-08,31.854999542236328,32.220001220703125,31.309999465942383,31.454999923706055,25.23880386352539,2551000,0.0
2011-09-09,31.114999771118164,31.2450008392334,30.18000030517578,30.520000457763672,24.48858642578125,3038000,0.0
2011-09-12,30.0049991607666,30.75,29.969999313354492,30.739999771118164,24.66510772705078,4534400,0.0
2011-09-13,30.940000534057617,31.325000762939453,30.665000915527344,31.225000381469727,25.05426025390625,3411600,0.0
2011-09-14,31.459999084472656,32.189998626708984,30.889999389648438,31.770000457763672,25.491554260253906,2714400,0.0
2011-09-15,32.04499816894531,32.21500015258789,31.549999237060547,32.189998626708984,25.828563690185547,3848600,0.0
2011-09-16,32.275001525878906,32.46500015258789,31.934999465942383,32.165000915527344,25.808500289916992,4544200,0.0
2011-09-19,31.604999542236328,31.989999771118164,31.274999618530273,31.674999237060547,25.415328979492188,3020600,0.0
2011-09-20,31.78499984741211,32.099998474121094,31.135000228881836,31.135000228881836,24.98204803466797,2328000,0.0
2011-09-21,31.139999389648438,31.364999771118164,29.975000381469727,30.0,24.071346282958984,4655800,0.0
2011-09-22,28.954999923706055,29.75,28.739999771118164,29.229999542236328,23.453514099121094,4894600,0.0
2011-09-23,29.165000915527344,29.760000228881836,29.05500030517578,29.55500030517578,23.714290618896484,2935600,0.0
2011-09-26,29.739999771118164,30.139999389648438,29.165000915527344,30.094999313354492,24.223796844482422,2979600,0.093
2011-09-27,30.690000534057617,31.44499969482422,30.5,30.719999313354492,24.726865768432617,4010000,0.0
2011-09-28,30.764999389648438,30.915000915527344,29.614999771118164,29.635000228881836,23.853538513183594,3749000,0.0
2011-09-29,30.309999465942383,30.459999084472656,29.295000076293945,30.209999084472656,24.316356658935547,3051800,0.0
2011-09-30,29.7450008392334,30.135000228881836,29.239999771118164,29.270000457763672,23.559749603271484,6590000,0.0
2011-10-03,29.104999542236328,29.594999313354492,27.790000915527344,27.809999465942383,22.384571075439453,5400000,0.0
2011-10-04,27.520000457763672,29.700000762939453,27.5049991607666,29.645000457763672,23.861576080322266,10200000,0.0
2011-10-05,29.69499969482422,30.219999313354492,29.290000915527344,30.040000915527344,24.17953109741211,5756600,0.0
2011-10-06,29.94499969482422,30.764999389648438,29.809999465942383,30.700000762939453,24.710763931274414,4045800,0.0
2011-10-07,30.7549991607666,30.920000076293945,29.844999313354492,29.979999542236328,24.131229400634766,5657400,0.0
2011-10-10,30.454999923706055,31.229999542236328,30.454999923706055,31.219999313354492,25.129318237304688,2067400,0.0
2011-10-11,30.9950008392334,31.510000228881836,30.899999618530273,31.3799991607666,25.25810432434082,2898400,0.0
2011-10-12,31.579999923706055,32.14500045776367,31.545000076293945,31.764999389648438,25.567995071411133,2776800,0.0
2011-10-13,31.614999771118164,31.920000076293945,31.295000076293945,31.770000457763672,25.572021484375,4540000,0.0
2011-10-14,32.095001220703125,32.43000030517578,31.81999969482422,32.345001220703125,26.034849166870117,2137600,0.0
2011-10-17,32.08000183105469,32.13999938964844,31.239999771118164,31.375,25.25408363342285,2255400,0.0
2011-10-18,31.43000030517578,32.35499954223633,30.844999313354492,32.165000915527344,25.889965057373047,3399600,0.0
2011-10-19,32.095001220703125,32.29499816894531,31.399999618530273,31.59000015258789,25.42713737487793,3337600,0.0
2011-10-20,31.594999313354492,31.69499969482422,30.834999084472656,31.665000915527344,25.487512588500977,1884000,0.0
2011-10-21,32.15999984741211,32.38999938964844,31.875,32.375,26.058998107910156,1904600,0.0
2011-10-24,32.560001373291016,33.4900016784668,32.47999954223633,33.39500045776367,26.880008697509766,3609200,0.0
2011-10-25,33.150001525878906,33.15999984741211,32.3849983215332,32.494998931884766,26.15558433532715,3780200,0.0
2011-10-26,33.04499816894531,33.20500183105469,32.130001068115234,33.02000045776367,26.578163146972656,1979400,0.0
2011-10-27,34.224998474121094,34.95000076293945,33.880001068115234,34.709999084472656,27.938457489013672,13475800,0.0
2011-10-28,34.595001220703125,34.92499923706055,34.400001525878906,34.599998474121094,27.84992027282715,7915400,0.0
2011-10-31,34.084999084472656,34.310001373291016,33.6349983215332,33.6349983215332,27.07318115234375,11105200,0.0
2011-11-01,32.38999938964844,33.20500183105469,32.33000183105469,32.560001373291016,26.207908630371094,5704600,0.0
2011-11-02,33.064998626708984,33.36000061035156,32.7400016784668,33.30500030517578,26.80755615234375,4092600,0.0
2011-11-03,33.79999923706055,34.17499923706055,32.88999938964844,34.1349983215332,27.47563362121582,3731000,0.0
2011-11-04,33.76499938964844,34.0,33.435001373291016,33.94499969482422,27.322702407836914,4692400,0.0
2011-11-07,33.8849983215332,34.06999969482422,33.20000076293945,33.90999984741211,27.29452896118164,3550800,0.0
2011-11-08,34.14500045776367,34.404998779296875,33.45000076293945,34.36000061035156,27.6567440032959,3760200,0.0
2011-11-09,33.48500061035156,33.654998779296875,32.77000045776367,32.84000015258789,26.43328285217285,3437600,0.0
2011-11-10,33.42499923706055,33.42499923706055,32.67499923706055,33.03499984741211,26.590240478515625,2529200,0.0
2011-11-11,33.494998931884766,34.040000915527344,33.38999938964844,33.95000076293945,27.32672882080078,2326800,0.0
2011-11-14,33.779998779296875,33.904998779296875,33.26499938964844,33.46500015258789,26.936355590820312,3595400,0.0
2011-11-15,33.35499954223633,34.084999084472656,33.11000061035156,33.8849983215332,27.274402618408203,2254800,0.0
2011-11-16,33.51499938964844,34.10499954223633,33.22999954223633,33.334999084472656,26.831707000732422,13886600,0.0
2011-11-17,33.26499938964844,33.53499984741211,32.7400016784668,32.935001373291016,26.509746551513672,4906800,0.0
2011-11-18,33.07500076293945,33.19499969482422,32.7400016784668,33.01499938964844,26.57413101196289,2144000,0.0
2011-11-21,32.380001068115234,32.529998779296875,31.985000610351562,32.19499969482422,25.91410255432129,2303600,0.0
2011-11-22,32.185001373291016,32.41999816894531,31.84000015258789,31.975000381469727,25.737030029296875,2946200,0.0
2011-11-23,31.645000457763672,31.71500015258789,30.989999771118164,31.030000686645508,24.976394653320312,2296600,0.0
2011-11-25,30.795000076293945,31.274999618530273,30.639999389648438,30.639999389648438,24.6624755859375,767400,0.0
2011-11-28,31.645000457763672,32.10499954223633,31.59000015258789,32.07500076293945,25.817520141601562,10598600,0.0
2011-11-29,32.10499954223633,32.220001220703125,31.770000457763672,31.954999923706055,25.720932006835938,2497200,0.0
2011-11-30,33.20000076293945,33.880001068115234,33.1150016784668,33.845001220703125,27.242206573486328,3031000,0.0
2011-12-01,33.78499984741211,34.060001373291016,33.59000015258789,33.63999938964844,27.07720184326172,2251200,0.0
2011-12-02,34.029998779296875,34.30500030517578,33.67499923706055,33.70000076293945,27.125499725341797,1663200,0.0
2011-12-05,34.375,34.52000045776367,33.970001220703125,34.209999084472656,27.535999298095703,3715000,0.0
2011-12-06,34.29999923706055,34.42499923706055,33.935001373291016,34.20000076293945,27.527952194213867,1731400,0.0
2011-12-07,34.0,34.34000015258789,33.45000076293945,34.189998626708984,27.51990509033203,2660200,0.0
2011-12-08,33.880001068115234,33.95000076293945,33.10499954223633,33.15999984741211,26.69084358215332,3290800,0.0
2011-12-09,33.27000045776367,34.3849983215332,33.20000076293945,34.185001373291016,27.515878677368164,2598000,0.0
2011-12-12,33.84000015258789,33.84000015258789,33.34000015258789,33.76499938964844,27.177812576293945,7602800,0.0
2011-12-13,34.060001373291016,34.21500015258789,32.96500015258789,33.154998779296875,26.686830520629883,3743800,0.0
2011-12-14,32.904998779296875,33.04499816894531,32.58000183105469,32.689998626708984,26.31254005432129,3797800,0.0
2011-12-15,33.165000915527344,33.20000076293945,32.779998779296875,33.099998474121094,26.64255142211914,4264000,0.0
2011-12-16,33.30500030517578,33.810001373291016,33.10499954223633,33.369998931884766,26.859882354736328,7157200,0.0
2011-12-19,33.65999984741211,33.78499984741211,32.76499938964844,32.80500030517578,26.405107498168945,2596400,0.0
2011-12-20,33.56999969482422,34.185001373291016,33.45500183105469,34.1349983215332,27.47563362121582,5089600,0.0
2011-12-21,33.97999954223633,34.40999984741211,33.650001525878906,34.32500076293945,27.628578186035156,4766200,0.0
2011-12-22,34.36000061035156,34.625,34.30500030517578,34.439998626708984,27.820016860961914,2380400,0.122
2011-12-23,34.599998474121094,34.64500045776367,34.345001220703125,34.54999923706055,27.908872604370117,1772800,0.0
2011-12-27,34.459999084472656,34.904998779296875,34.345001220703125,34.68000030517578,28.01387596130371,1653600,0.0
2011-12-28,34.72999954223633,34.78499984741211,34.01499938964844,34.084999084472656,27.533262252807617,4632000,0.0
2011-12-29,34.255001068115234,34.56999969482422,34.154998779296875,34.470001220703125,27.844247817993164,2141000,0.0
2011-12-30,34.474998474121094,34.584999084472656,34.13999938964844,34.150001525878906,27.585758209228516,2096600,0.0
2012-01-03,35.02000045776367,35.1150016784668,34.599998474121094,34.70000076293945,28.030038833618164,6111800,0.0
2012-01-04,34.529998779296875,34.6150016784668,34.26499938964844,34.5,27.86848258972168,3779000,0.0
2012-01-05,34.30500030517578,34.81999969482422,33.900001525878906,34.70500183105469,28.034076690673828,4720200,0.0
2012-01-06,34.66999816894531,34.849998474121094,34.35499954223633,34.59000015258789,27.94118309020996,2388200,0.0
2012-01-09,34.76499938964844,34.790000915527344,34.38999938964844,34.72999954223633,28.05426597595215,3079800,0.0
2012-01-10,35.18000030517578,35.28499984741211,35.07500076293945,35.19499969482422,28.42989158630371,3025400,0.0
2012-01-11,35.130001068115234,35.3849983215332,35.04999923706055,35.34000015258789,28.547016143798828,4237400,0.0
2012-01-12,35.439998626708984,35.525001525878906,35.05500030517578,35.474998474121094,28.65607452392578,4245600,0.0
2012-01-13,35.23500061035156,35.310001373291016,34.904998779296875,35.2400016784668,28.466238021850586,5263000,0.0
2012-01-17,35.595001220703125,35.65999984741211,35.20000076293945,35.255001068115234,28.47835922241211,3559800,0.0
2012-01-18,35.21500015258789,35.875,35.16999816894531,35.875,28.979185104370117,3296400,0.0
2012-01-19,36.064998626708984,36.16999816894531,35.82500076293945,36.08000183105469,29.144779205322266,3044600,0.0
2012-01-20,36.01499938964844,36.22999954223633,35.970001220703125,36.1349983215332,29.189208984375,1915600,0.0
2012-01-23,36.14500045776367,36.3650016784668,35.79499816894531,36.07500076293945,29.14073944091797,2919400,0.0
2012-01-24,35.810001373291016,36.349998474121094,35.70000076293945,36.29499816894531,29.318449020385742,2869800,0.0
2012-01-25,36.25,36.625,36.064998626708984,36.54999923706055,29.524444580078125,3105400,0.0
2012-01-26,36.78499984741211,36.78499984741211,36.279998779296875,36.474998474121094,29.463857650756836,3635400,0.0
2012-01-27,36.29999923706055,36.67499923706055,36.25,36.63999938964844,29.597148895263672,4863200,0.0
2012-01-30,36.310001373291016,36.4900016784668,36.119998931884766,36.3650016784668,29.3749942779541,8854200,0.0
2012-01-31,36.58000183105469,36.67499923706055,36.15999984741211,36.400001525878906,29.403268814086914,6161000,0.0
2012-02-01,36.724998474121094,37.25,36.59000015258789,37.17499923706055,30.029285430908203,4029600,0.0
2012-02-02,37.275001525878906,37.540000915527344,37.189998626708984,37.40999984741211,30.219127655029297,2583400,0.0
2012-02-03,37.939998626708984,38.345001220703125,37.91999816894531,38.21500015258789,30.869382858276367,2941600,0.0
2012-02-06,37.959999084472656,38.154998779296875,37.904998779296875,38.05500030517578,30.740148544311523,1866600,0.0
2012-02-07,38.005001068115234,38.19499969482422,37.78499984741211,37.9900016784668,30.687639236450195,2302000,0.0
2012-02-08,38.095001220703125,38.28499984741211,37.72999954223633,38.064998626708984,30.74822998046875,1982800,0.0
2012-02-09,38.18000030517578,38.189998626708984,37.654998779296875,37.869998931884766,30.590700149536133,3527600,0.0
2012-02-10,37.474998474121094,37.55500030517578,37.29499816894531,37.35499954223633,30.17470359802246,2406400,0.0
2012-02-13,37.775001525878906,37.880001068115234,37.51499938964844,37.834999084472656,30.562442779541016,2350800,0.0
2012-02-14,37.654998779296875,37.70000076293945,37.35499954223633,37.65999984741211,30.421085357666016,2629800,0.0
2012-02-15,37.89500045776367,37.89500045776367,37.220001220703125,37.345001220703125,30.16661262512207,3026000,0.0
2012-02-16,37.36000061035156,38.07500076293945,37.35499954223633,38.04999923706055,30.73611831665039,3334400,0.0
2012-02-17,38.26499938964844,38.26499938964844,38.02000045776367,38.06999969482422,30.75227165222168,2369400,0.0
2012-02-21,38.084999084472656,38.209999084472656,37.654998779296875,37.845001220703125,30.57051658630371,2230600,0.0
2012-02-22,37.75,37.904998779296875,37.52000045776367,37.59000015258789,30.364521026611328,2513400,0.0
2012-02-23,37.619998931884766,38.084999084472656,37.39500045776367,38.06999969482422,30.75227165222168,2328600,0.0
2012-02-24,38.084999084472656,38.09000015258789,37.845001220703125,37.915000915527344,30.627065658569336,1781800,0.0
2012-02-27,37.56999969482422,38.05500030517578,37.255001068115234,37.83000183105469,30.558399200439453,2246400,0.0
2012-02-28,37.845001220703125,38.095001220703125,37.54999923706055,37.75,30.4937744140625,1996800,0.0
2012-02-29,37.8849983215332,38.040000915527344,37.18000030517578,37.189998626708984,30.041418075561523,4519200,0.0
2012-03-01,37.33000183105469,37.834999084472656,37.310001373291016,37.42499923706055,30.231246948242188,3396800,0.0
2012-03-02,37.415000915527344,37.47999954223633,36.64500045776367,36.84000015258789,29.758695602416992,3785200,0.0
2012-03-05,36.665000915527344,36.935001373291016,36.474998474121094,36.875,29.786968231201172,2734800,0.0
2012-03-06,36.474998474121094,36.57500076293945,36.084999084472656,36.20500183105469,29.245744705200195,3578200,0.0
2012-03-07,36.310001373291016,36.53499984741211,36.20000076293945,36.525001525878906,29.50425148010254,2042600,0.0
2012-03-08,36.73500061035156,37.005001068115234,36.404998779296875,36.93000030517578,29.831401824951172,1744000,0.0
2012-03-09,36.959999084472656,37.650001525878906,36.88999938964844,37.404998779296875,30.215087890625,2312000,0.0
2012-03-12,37.44499969482422,37.57500076293945,37.224998474121094,37.400001525878906,30.211048126220703,1971200,0.0
2012-03-13,37.66999816894531,38.20500183105469,37.564998626708984,38.20500183105469,30.8613224029541,2207800,0.0
2012-03-14,38.19499969482422,38.275001525878906,37.73500061035156,37.904998779296875,30.61898422241211,2826800,0.0
2012-03-15,37.86000061035156,38.23500061035156,37.724998474121094,38.20500183105469,30.8613224029541,2885600,0.0
2012-03-16,38.25,38.28499984741211,38.0099983215332,38.099998474121094,30.776506423950195,2027600,0.0
2012-03-19,38.11000061035156,38.7400016784668,38.0,38.44499969482422,31.05518341064453,3978600,0.0
2012-03-20,38.220001220703125,38.2599983215332,37.93000030517578,38.099998474121094,30.776506423950195,2894000,0.0
2012-03-21,38.18000030517578,38.334999084472656,37.96500015258789,38.09000015258789,30.768413543701172,2114600,0.0
2012-03-22,37.75,37.869998931884766,37.5099983215332,37.7400016784668,30.485702514648438,2813400,0.0
2012-03-23,37.744998931884766,38.14500045776367,37.45500183105469,38.095001220703125,30.77245330810547,2384800,0.0
2012-03-26,38.439998626708984,38.82500076293945,38.38999938964844,38.814998626708984,31.446502685546875,3832000,0.112
2012-03-27,38.8650016784668,38.91999816894531,38.53499984741211,38.540000915527344,31.22372055053711,2933200,0.0
2012-03-28,38.5,38.619998931884766,38.03499984741211,38.380001068115234,31.09409523010254,3282800,0.0
2012-03-29,38.11000061035156,38.33000183105469,37.810001373291016,38.27000045776367,31.004987716674805,3331600,0.0
2012-03-30,38.52000045776367,38.52000045776367,38.03499984741211,38.154998779296875,30.91180419921875,2990600,0.0
2012-04-02,38.05500030517578,38.619998931884766,37.935001373291016,38.619998931884766,31.28852653503418,3755800,0.0
2012-04-03,38.619998931884766,38.71500015258789,38.22999954223633,38.41999816894531,31.126501083374023,3524400,0.0
2012-04-04,38.025001525878906,38.025001525878906,37.58000183105469,37.83000183105469,30.64850425720215,3552400,0.0
2012-04-05,37.64500045776367,37.834999084472656,37.58000183105469,37.65999984741211,30.510780334472656,2524800,0.0
2012-04-09,36.95500183105469,37.189998626708984,36.845001220703125,37.064998626708984,30.02872085571289,2689000,0.0
2012-04-10,36.935001373291016,36.96500015258789,36.130001068115234,36.185001373291016,29.3157958984375,4122200,0.0
2012-04-11,36.5099983215332,36.73500061035156,36.415000915527344,36.71500015258789,29.74516487121582,3498800,0.0
2012-04-12,36.75,37.3650016784668,36.70000076293945,37.224998474121094,30.158349990844727,2725000,0.0
2012-04-13,37.125,37.130001068115234,36.73500061035156,36.79999923706055,29.81402587890625,1876200,0.0
2012-04-16,36.959999084472656,37.125,36.505001068115234,36.8849983215332,29.882884979248047,2710800,0.0
2012-04-17,37.13999938964844,37.755001068115234,37.10499954223633,37.43000030517578,30.32442283630371,2328200,0.0
2012-04-18,37.185001373291016,37.29999923706055,36.935001373291016,37.11000061035156,30.065185546875,3424000,0.0
2012-04-19,37.154998779296875,37.439998626708984,36.650001525878906,36.90999984741211,29.903146743774414,4917600,0.0
2012-04-20,37.07500076293945,37.42499923706055,37.005001068115234,37.084999084472656,30.044919967651367,2440400,0.0
2012-04-23,36.564998626708984,36.59000015258789,36.18000030517578,36.54999923706055,29.611501693725586,5840400,0.0
2012-04-24,36.57500076293945,36.95000076293945,36.439998626708984,36.7599983215332,29.781631469726562,3784200,0.0
2012-04-25,37.255001068115234,37.54999923706055,37.16999816894531,37.34000015258789,30.251522064208984,3552600,0.0
2012-04-26,37.375,37.78499984741211,37.244998931884766,37.68000030517578,30.526981353759766,3677400,0.0
2012-04-27,37.76499938964844,38.125,37.404998779296875,38.03499984741211,30.814579010009766,2582600,0.0
2012-04-30,38.005001068115234,38.03499984741211,37.6349983215332,37.6349983215332,30.49051856994629,2648000,0.0
2012-05-01,37.665000915527344,38.375,37.595001220703125,37.685001373291016,30.531028747558594,5821800,0.0
2012-05-02,37.415000915527344,37.935001373291016,37.30500030517578,37.88999938964844,30.697114944458008,4687000,0.0
2012-05-03,37.900001525878906,37.900001525878906,37.20500183105469,37.380001068115234,30.283939361572266,3251800,0.0
2012-05-04,37.220001220703125,37.220001220703125,36.6349983215332,36.709999084472656,29.741127014160156,3016200,0.0
2012-05-07,36.540000915527344,36.91999816894531,36.5,36.81999969482422,29.830238342285156,2701200,0.0
2012-05-08,36.54999923706055,36.81999969482422,36.224998474121094,36.76499938964844,29.785676956176758,5036000,0.0
2012-05-09,36.32500076293945,36.79999923706055,36.220001220703125,36.58000183105469,29.63580322265625,6275200,0.0
2012-05-10,36.83000183105469,36.959999084472656,36.525001525878906,36.744998931884766,29.769479751586914,5434800,0.0
2012-05-11,36.369998931884766,36.939998626708984,36.369998931884766,36.64500045776367,29.68846321105957,3738400,0.0
2012-05-14,36.310001373291016,36.494998931884766,36.06999969482422,36.220001220703125,29.344141006469727,4299000,0.0
2012-05-15,36.220001220703125,36.54999923706055,36.099998474121094,36.2400016784668,29.360342025756836,3926000,0.0
2012-05-16,36.31999969482422,36.5,35.915000915527344,35.95000076293945,29.125389099121094,4126800,0.0
2012-05-17,35.9900016784668,36.03499984741211,35.16999816894531,35.19499969482422,28.51372528076172,5114800,0.0
2012-05-18,35.21500015258789,35.415000915527344,34.79499816894531,34.88999938964844,28.266620635986328,4391600,0.0
2012-05-21,34.92499923706055,35.525001525878906,34.709999084472656,35.4900016784668,28.75271987915039,8869800,0.0
2012-05-22,35.51499938964844,35.75,35.09000015258789,35.33000183105469,28.623096466064453,2395800,0.0
2012-05-23,34.95000076293945,35.54499816894531,34.70000076293945,35.5099983215332,28.768918991088867,3852200,0.0
2012-05-24,35.4900016784668,35.599998474121094,35.04499816894531,35.525001525878906,28.78107261657715,1757600,0.0
2012-05-25,35.48500061035156,35.65999984741211,35.3849983215332,35.54999923706055,28.80132293701172,1690600,0.0
2012-05-29,35.84000015258789,36.14500045776367,35.60499954223633,36.029998779296875,29.190202713012695,2430400,0.0
2012-05-30,35.720001220703125,35.720001220703125,35.29999923706055,35.380001068115234,28.663593292236328,2946400,0.0
2012-05-31,35.349998474121094,35.505001068115234,34.849998474121094,35.279998779296875,28.58258819580078,5592000,0.0
2012-06-01,34.505001068115234,34.76499938964844,34.209999084472656,34.28499984741211,27.776472091674805,3779400,0.0
2012-06-04,34.38999938964844,34.48500061035156,33.875,34.224998474121094,27.727863311767578,3609600,0.0
2012-06-05,34.03499984741211,34.56999969482422,33.974998474121094,34.529998779296875,27.974952697753906,2126200,0.0
2012-06-06,34.79499816894531,35.400001525878906,34.689998626708984,35.3650016784668,28.651447296142578,3580600,0.0
2012-06-07,35.94499969482422,35.959999084472656,35.18000030517578,35.189998626708984,28.50967025756836,5605000,0.0
2012-06-08,35.15999984741211,35.619998931884766,34.89500045776367,35.59000015258789,28.833728790283203,2153200,0.0
2012-06-11,35.8650016784668,36.0,34.67499923706055,34.75,28.153196334838867,3177400,0.0
2012-06-12,34.849998474121094,35.18000030517578,34.53499984741211,35.17499923706055,28.497512817382812,2628400,0.0
2012-06-13,35.060001373291016,35.27000045776367,34.55500030517578,34.720001220703125,28.128894805908203,2152600,0.0
2012-06-14,34.77000045776367,35.21500015258789,34.650001525878906,35.119998931884766,28.45294952392578,2430200,0.0
2012-06-15,35.150001525878906,35.58000183105469,35.04499816894531,35.494998931884766,28.75676727294922,2013000,0.0
2012-06-18,35.314998626708984,35.71500015258789,35.150001525878906,35.560001373291016,28.809438705444336,3078800,0.0
2012-06-19,35.560001373291016,36.255001068115234,35.54499816894531,36.03499984741211,29.30593490600586,2468000,0.1355
2012-06-20,36.01499938964844,36.23500061035156,35.75,35.96500015258789,29.24900245666504,3134200,0.0
2012-06-21,35.8849983215332,35.959999084472656,34.9900016784668,35.07500076293945,28.525205612182617,5288200,0.0
2012-06-22,35.25,35.564998626708984,35.09000015258789,35.474998474121094,28.85049819946289,4709400,0.0
2012-06-25,34.900001525878906,35.1150016784668,34.83000183105469,34.93000030517578,28.40726661682129,4735800,0.0
2012-06-26,35.02000045776367,35.2400016784668,34.7400016784668,35.064998626708984,28.517072677612305,2642600,0.0
2012-06-27,35.13999938964844,35.58000183105469,35.130001068115234,35.56999969482422,28.92775535583496,2654400,0.0
2012-06-28,35.2400016784668,35.60499954223633,35.04499816894531,35.560001373291016,28.919641494750977,2101400,0.0
2012-06-29,36.29999923706055,36.709999084472656,36.165000915527344,36.6349983215332,29.79387855529785,2501000,0.0
2012-07-02,36.86000061035156,36.959999084472656,36.470001220703125,36.935001373291016,30.037872314453125,2632800,0.0
2012-07-03,37.0,37.415000915527344,36.91999816894531,37.400001525878906,30.416038513183594,1735600,0.0
2012-07-05,37.369998931884766,37.53499984741211,37.18000030517578,37.369998931884766,30.39162826538086,2827400,0.0
2012-07-06,37.04999923706055,37.084999084472656,36.79499816894531,36.96500015258789,30.062253952026367,2317600,0.0
2012-07-09,36.94499969482422,36.994998931884766,36.665000915527344,36.904998779296875,30.013479232788086,1530400,0.0
2012-07-10,37.17499923706055,37.224998474121094,36.36000061035156,36.5,29.684091567993164,1540200,0.0
2012-07-11,36.57500076293945,36.630001068115234,36.165000915527344,36.35499954223633,29.566171646118164,1915600,0.0
2012-07-12,36.07500076293945,36.46500015258789,35.790000915527344,36.33000183105469,29.545833587646484,1852400,0.0
2012-07-13,36.459999084472656,36.90999984741211,36.41999816894531,36.79499816894531,29.92400360107422,1544800,0.0
2012-07-16,36.69499969482422,36.86000061035156,36.5,36.685001373291016,29.834537506103516,1492400,0.0
2012-07-17,36.904998779296875,36.95500183105469,36.29999923706055,36.779998779296875,29.911808013916016,2236200,0.0
2012-07-18,36.65999984741211,37.20000076293945,36.61000061035156,36.9900016784668,30.08260726928711,1921400,0.0
2012-07-19,37.17499923706055,37.220001220703125,36.875,36.95500183105469,30.054126739501953,1902400,0.0
2012-07-20,36.69499969482422,36.755001068115234,36.470001220703125,36.564998626708984,29.736948013305664,1963000,0.0
2012-07-23,35.875,36.150001525878906,35.7400016784668,36.005001068115234,29.281532287597656,1967200,0.0
2012-07-24,36.03499984741211,36.119998931884766,35.334999084472656,35.54999923706055,28.91148567199707,2335000,0.0
2012-07-25,35.654998779296875,35.869998931884766,35.45500183105469,35.595001220703125,28.948089599609375,1569600,0.0
2012-07-26,36.14500045776367,36.2400016784668,35.70000076293945,35.8849983215332,29.183937072753906,2123200,0.0
2012-07-27,36.02000045776367,36.89500045776367,35.85499954223633,36.76499938964844,29.899612426757812,2362600,0.0
2012-07-30,36.7400016784668,36.92499923706055,36.435001373291016,36.529998779296875,29.708499908447266,1547600,0.0
2012-07-31,36.470001220703125,36.755001068115234,36.33000183105469,36.349998474121094,29.562103271484375,1499600,0.0
2012-08-01,36.529998779296875,36.584999084472656,35.7400016784668,35.755001068115234,29.078218460083008,2900400,0.0
2012-08-02,35.44499969482422,35.8650016784668,35.375,35.720001220703125,29.049753189086914,1819200,0.0
2012-08-03,36.26499938964844,36.7400016784668,36.029998779296875,36.58000183105469,29.749155044555664,1841400,0.0
2012-08-06,36.6349983215332,37.0099983215332,36.564998626708984,36.82500076293945,29.948406219482422,1772400,0.0
2012-08-07,37.05500030517578,37.41999816894531,37.0099983215332,37.1349983215332,30.20050811767578,1534800,0.0
2012-08-08,37.025001525878906,37.29499816894531,36.89500045776367,37.154998779296875,30.216781616210938,1398200,0.0
2012-08-09,37.150001525878906,37.380001068115234,37.1349983215332,37.28499984741211,30.322505950927734,1092000,0.0
2012-08-10,37.119998931884766,37.22999954223633,36.9900016784668,37.19499969482422,30.249309539794922,1235600,0.0
2012-08-13,37.119998931884766,37.189998626708984,36.67499923706055,37.095001220703125,30.16798973083496,1153200,0.0
2012-08-14,37.290000915527344,37.36000061035156,36.834999084472656,36.994998931884766,30.086647033691406,1143200,0.0
2012-08-15,36.8849983215332,37.290000915527344,36.810001373291016,37.25,30.294038772583008,1521400,0.0
2012-08-16,37.275001525878906,37.7599983215332,37.064998626708984,37.65999984741211,30.627483367919922,1661000,0.0
2012-08-17,37.70500183105469,38.0099983215332,37.61000061035156,37.939998626708984,30.855195999145508,1401800,0.0
2012-08-20,37.88999938964844,37.89500045776367,37.599998474121094,37.845001220703125,30.7779483795166,1433400,0.0
2012-08-21,38.060001373291016,38.380001068115234,37.724998474121094,37.83000183105469,30.765745162963867,2236400,0.0
2012-08-22,37.75,37.86000061035156,37.54999923706055,37.68000030517578,30.64374351501465,1531800,0.0
2012-08-23,37.665000915527344,37.665000915527344,37.31999969482422,37.45500183105469,30.460763931274414,1755200,0.0
2012-08-24,37.349998474121094,37.689998626708984,37.275001525878906,37.54499816894531,30.533946990966797,1431200,0.0
2012-08-27,37.755001068115234,37.814998626708984,37.46500015258789,37.6349983215332,30.607149124145508,1192600,0.0
2012-08-28,37.6349983215332,37.880001068115234,37.540000915527344,37.83000183105469,30.765745162963867,1210000,0.0
2012-08-29,37.86000061035156,38.10499954223633,37.755001068115234,37.95000076293945,30.863330841064453,1308600,0.0
2012-08-30,37.755001068115234,37.79999923706055,37.53499984741211,37.6150016784668,30.590890884399414,1288000,0.0
2012-08-31,37.90999984741211,37.935001373291016,37.404998779296875,37.76499938964844,30.71286964416504,1916800,0.0
2012-09-04,37.7599983215332,38.29999923706055,37.48500061035156,38.189998626708984,31.058507919311523,2523200,0.0
2012-09-05,38.20000076293945,38.349998474121094,38.040000915527344,38.150001525878906,31.025976181030273,1394800,0.0
2012-09-06,38.369998931884766,39.0099983215332,38.32500076293945,38.83000183105469,31.57898712158203,2645600,0.0
2012-09-07,38.974998474121094,39.189998626708984,38.880001068115234,39.10499954223633,31.802637100219727,1934000,0.0
2012-09-10,39.125,39.22999954223633,38.970001220703125,39.025001525878906,31.73758888244629,2812200,0.0
2012-09-11,39.02000045776367,39.29499816894531,38.974998474121094,39.06999969482422,31.77418327331543,2023800,0.0
2012-09-12,39.224998474121094,39.29999923706055,38.974998474121094,39.224998474121094,31.90024185180664,1737400,0.0
2012-09-13,39.275001525878906,39.959999084472656,39.060001373291016,39.66999816894531,32.26213836669922,3038600,0.0
2012-09-14,39.84000015258789,40.29999923706055,39.80500030517578,40.06999969482422,32.58744430541992,7477800,0.0
2012-09-17,39.880001068115234,39.96500015258789,39.64500045776367,39.814998626708984,32.380062103271484,2711000,0.0
2012-09-18,39.73500061035156,39.790000915527344,39.584999084472656,39.7599983215332,32.3353157043457,2340200,0.0
2012-09-19,39.84000015258789,39.84000015258789,39.5099983215332,39.52000045776367,32.14016342163086,1605000,0.0
2012-09-20,39.33000183105469,39.45000076293945,39.09000015258789,39.345001220703125,31.99782943725586,1805400,0.0
2012-09-21,39.724998474121094,39.7400016784668,39.41999816894531,39.45500183105469,32.08728790283203,1556600,0.0
2012-09-24,39.25,39.529998779296875,39.17499923706055,39.2599983215332,31.9287166595459,2622200,0.0
2012-09-25,39.40999984741211,39.43000030517578,38.599998474121094,38.650001525878906,31.514083862304688,2354600,0.1015
2012-09-26,38.66999816894531,38.7400016784668,38.23500061035156,38.375,31.289865493774414,2041800,0.0
2012-09-27,38.4900016784668,38.915000915527344,38.31999969482422,38.790000915527344,31.628223419189453,4297200,0.0
2012-09-28,38.66999816894531,38.75,38.41999816894531,38.53499984741211,31.42032241821289,1714000,0.0
2012-10-01,38.70000076293945,39.025001525878906,38.474998474121094,38.64500045776367,31.5100040435791,1813000,0.0
2012-10-02,38.875,38.875,38.5099983215332,38.709999084472656,31.563011169433594,1100800,0.0
2012-10-03,38.755001068115234,38.84000015258789,38.3849983215332,38.54499816894531,31.428476333618164,1662600,0.0
2012-10-04,38.709999084472656,38.84000015258789,38.345001220703125,38.81999969482422,31.65269660949707,2878400,0.0
2012-10-05,38.95000076293945,39.2599983215332,38.64500045776367,38.75,31.59563446044922,1212800,0.0
2012-10-08,38.54999923706055,38.654998779296875,38.45000076293945,38.53499984741211,31.42032241821289,885400,0.0
2012-10-09,38.560001373291016,38.56999969482422,38.01499938964844,38.08000183105469,31.049331665039062,1378200,0.0
2012-10-10,38.095001220703125,38.14500045776367,37.88999938964844,37.994998931884766,30.980009078979492,1092200,0.0
2012-10-11,38.32500076293945,38.404998779296875,38.02000045776367,38.084999084472656,31.05339813232422,1071800,0.0
2012-10-12,38.04999923706055,38.15999984741211,37.665000915527344,37.744998931884766,30.776174545288086,957800,0.0
2012-10-15,37.880001068115234,38.005001068115234,37.630001068115234,37.97999954223633,30.9677791595459,884800,0.0
2012-10-16,38.185001373291016,38.34000015258789,38.130001068115234,38.275001525878906,31.208337783813477,828200,0.0
2012-10-17,38.375,38.67499923706055,38.314998626708984,38.619998931884766,31.489622116088867,858000,0.0
2012-10-18,38.55500030517578,38.66999816894531,38.404998779296875,38.42499923706055,31.33062744140625,1074200,0.0
2012-10-19,38.1150016784668,38.14500045776367,37.599998474121094,37.78499984741211,30.80879020690918,1133000,0.0
2012-10-22,37.67499923706055,37.814998626708984,37.560001373291016,37.7400016784668,30.772096633911133,693600,0.0
2012-10-23,37.45000076293945,37.64500045776367,37.14500045776367,37.59000015258789,30.64979362487793,947200,0.0
2012-10-24,37.7400016784668,37.779998779296875,37.35499954223633,37.474998474121094,30.556015014648438,1211000,0.0
2012-10-25,37.81999969482422,37.900001525878906,37.345001220703125,37.599998474121094,30.65794563293457,1070000,0.0
2012-10-26,37.56999969482422,37.77000045776367,37.16999816894531,37.44499969482422,30.531566619873047,2469400,0.0
2012-10-31,37.42499923706055,37.75,37.31999969482422,37.65999984741211,30.706880569458008,1460000,0.0
2012-11-01,37.814998626708984,38.255001068115234,37.709999084472656,38.185001373291016,31.13495445251465,1471800,0.0
2012-11-02,38.3650016784668,38.38999938964844,37.66999816894531,37.67499923706055,30.719097137451172,898800,0.0
2012-11-05,37.70000076293945,38.005001068115234,37.564998626708984,37.974998474121094,30.963708877563477,813000,0.0
2012-11-06,38.1150016784668,38.415000915527344,38.06999969482422,38.31999969482422,31.245027542114258,634600,0.0
2012-11-07,37.849998474121094,37.85499954223633,37.2400016784668,37.44499969482422,30.531566619873047,2026200,0.0
2012-11-08,37.375,37.470001220703125,36.8650016784668,36.8650016784668,30.058650970458984,4083400,0.0
2012-11-09,36.724998474121094,37.189998626708984,36.65999984741211,36.91999816894531,30.10348892211914,2388000,0.0
2012-11-12,36.974998474121094,37.029998779296875,36.76499938964844,36.814998626708984,30.01788330078125,1124600,0.0
2012-11-13,36.61000061035156,36.994998931884766,36.564998626708984,36.6349983215332,29.871109008789062,1230600,0.0
2012-11-14,36.724998474121094,36.76499938964844,35.95000076293945,36.04499816894531,29.39004135131836,1520000,0.0
2012-11-15,35.96500015258789,36.095001220703125,35.53499984741211,35.80500030517578,29.194353103637695,2726800,0.0
2012-11-16,35.77000045776367,36.119998931884766,35.470001220703125,36.060001373291016,29.402271270751953,1213200,0.0
2012-11-19,36.369998931884766,36.810001373291016,36.334999084472656,36.79999923706055,30.005638122558594,2206400,0.0
2012-11-20,36.755001068115234,36.935001373291016,36.59000015258789,36.90999984741211,30.095338821411133,1113400,0.0
2012-11-21,36.994998931884766,37.06999969482422,36.84000015258789,37.04999923706055,30.20948028564453,1091800,0.0
2012-11-23,37.150001525878906,37.44499969482422,37.1349983215332,37.44499969482422,30.531566619873047,623000,0.0
2012-11-26,37.349998474121094,37.584999084472656,37.27000045776367,37.584999084472656,30.645719528198242,1665200,0.0
2012-11-27,37.54999923706055,37.83000183105469,37.5,37.58000183105469,30.641647338867188,1038800,0.0
2012-11-28,37.39500045776367,37.82500076293945,37.130001068115234,37.814998626708984,30.833248138427734,1053600,0.0
2012-11-29,38.1349983215332,38.29499816894531,37.95000076293945,38.244998931884766,31.183855056762695,1128400,0.0
2012-11-30,38.31999969482422,38.31999969482422,37.97999954223633,38.150001525878906,31.10639190673828,1266800,0.0
2012-12-03,37.83000183105469,38.52000045776367,37.83000183105469,38.1150016784668,31.077869415283203,879200,0.0
2012-12-04,38.125,38.2400016784668,37.84000015258789,38.17499923706055,31.12678337097168,863600,0.0
2012-12-05,38.32500076293945,38.32500076293945,37.814998626708984,38.060001373291016,31.03302001953125,1358800,0.0
2012-12-06,38.064998626708984,38.189998626708984,37.875,38.130001068115234,31.090087890625,1485800,0.0
2012-12-07,38.31999969482422,38.31999969482422,37.97999954223633,38.130001068115234,31.090087890625,1443600,0.0
2012-12-10,38.185001373291016,38.345001220703125,38.14500045776367,38.279998779296875,31.21238899230957,1345800,0.0
2012-12-11,38.494998931884766,38.70500183105469,38.43000030517578,38.6150016784668,31.485544204711914,2532200,0.0
2012-12-12,38.79499816894531,38.82500076293945,38.345001220703125,38.41999816894531,31.326557159423828,5534400,0.0
2012-12-13,38.45500183105469,38.54499816894531,38.064998626708984,38.220001220703125,31.16347885131836,1571800,0.0
2012-12-14,38.13999938964844,38.310001373291016,38.0099983215332,38.14500045776367,31.102319717407227,1602200,0.0
2012-12-17,38.21500015258789,38.630001068115234,38.189998626708984,38.61000061035156,31.48146629333496,1574400,0.0
2012-12-18,38.79499816894531,39.2599983215332,38.65999984741211,39.22999954223633,31.98701286315918,2804000,0.0
2012-12-19,39.025001525878906,39.18000030517578,38.82500076293945,38.91999816894531,31.976730346679688,3449000,0.2975
2012-12-20,38.97999954223633,39.19499969482422,38.84000015258789,39.150001525878906,32.16569900512695,5134200,0.0
2012-12-21,38.58000183105469,39.029998779296875,38.505001068115234,39.029998779296875,32.06710433959961,2134000,0.0
2012-12-24,38.994998931884766,39.04999923706055,38.77000045776367,38.880001068115234,31.943866729736328,1821800,0.0
2012-12-26,38.970001220703125,38.970001220703125,38.540000915527344,38.540000915527344,31.664522171020508,2132200,0.0
2012-12-27,38.625,38.66999816894531,38.07500076293945,38.58000183105469,31.697397232055664,2267200,0.0
2012-12-28,38.400001525878906,38.689998626708984,38.30500030517578,38.31999969482422,31.48379135131836,1531200,0.0
2012-12-31,38.38999938964844,39.14500045776367,38.25,39.04999923706055,32.08354187011719,3456400,0.0
2013-01-02,40.05500030517578,40.314998626708984,39.880001068115234,40.154998779296875,32.99141311645508,3371400,0.0
2013-01-03,40.189998626708984,40.39500045776367,40.0,40.1349983215332,32.97495651245117,2760600,0.0
2013-01-04,40.290000915527344,40.48500061035156,40.16999816894531,40.39500045776367,33.1885871887207,2598600,0.0
2013-01-07,40.23500061035156,40.29499816894531,40.11000061035156,40.20500183105469,33.03249740600586,1891200,0.0
2013-01-08,40.26499938964844,40.26499938964844,39.96500015258789,40.119998931884766,32.96265411376953,1133400,0.0
2013-01-09,40.255001068115234,40.380001068115234,40.18000030517578,40.32500076293945,33.13108444213867,1131600,0.0
2013-01-10,40.4900016784668,40.4900016784668,40.13999938964844,40.380001068115234,33.17626190185547,2223600,0.0
2013-01-11,40.36000061035156,40.40999984741211,40.16999816894531,40.345001220703125,33.14751434326172,1080800,0.0
2013-01-14,40.244998931884766,40.435001373291016,40.20000076293945,40.31999969482422,33.12697219848633,1243400,0.0
2013-01-15,40.07500076293945,40.55500030517578,40.04499816894531,40.4900016784668,33.26665496826172,1133200,0.0
2013-01-16,40.41999816894531,40.505001068115234,40.314998626708984,40.404998779296875,33.19680404663086,1023200,0.0
2013-01-17,40.60499954223633,40.935001373291016,40.58000183105469,40.8650016784668,33.57475280761719,1481600,0.0
2013-01-18,40.869998931884766,41.03499984741211,40.78499984741211,41.01499938964844,33.697975158691406,1158400,0.0
2013-01-22,41.04499816894531,41.34000015258789,40.95000076293945,41.31999969482422,33.948577880859375,1871000,0.0
2013-01-23,41.31999969482422,41.34000015258789,41.154998779296875,41.20500183105469,33.85409927368164,2369000,0.0
2013-01-24,41.255001068115234,41.654998779296875,41.2400016784668,41.470001220703125,34.07181930541992,2225400,0.0
2013-01-25,41.67499923706055,41.744998931884766,41.459999084472656,41.70500183105469,34.2648811340332,1431200,0.0
2013-01-28,41.79499816894531,41.79499816894531,41.45000076293945,41.68000030517578,34.244361877441406,3149800,0.0
2013-01-29,41.625,41.72999954223633,41.52000045776367,41.70000076293945,34.26078414916992,2338600,0.0
2013-01-30,41.65999984741211,41.665000915527344,41.04499816894531,41.20000076293945,33.8499755859375,1521000,0.0
2013-01-31,41.125,41.415000915527344,41.06999969482422,41.31999969482422,33.948577880859375,2762200,0.0
2013-02-01,41.630001068115234,41.92499923706055,41.51499938964844,41.78499984741211,34.330623626708984,1591200,0.0
2013-02-04,41.55500030517578,41.685001373291016,41.22999954223633,41.29499816894531,33.92803955078125,1752600,0.0
2013-02-05,41.52000045776367,41.775001525878906,41.435001373291016,41.665000915527344,34.23203659057617,1299200,0.0
2013-02-06,41.45500183105469,41.869998931884766,41.40999984741211,41.8650016784668,34.39634704589844,1147400,0.0
2013-02-07,41.79999923706055,41.88999938964844,41.5,41.78499984741211,34.330623626708984,1668800,0.0
2013-02-08,41.83000183105469,42.1150016784668,41.814998626708984,42.04999923706055,34.548343658447266,2206800,0.0
2013-02-11,42.064998626708984,42.064998626708984,41.80500030517578,42.0,34.50727081298828,1490200,0.0
2013-02-12,42.02000045776367,42.25,41.97999954223633,42.189998626708984,34.66335678100586,912600,0.0
2013-02-13,42.2400016784668,42.35499954223633,42.10499954223633,42.32500076293945,34.77429962158203,1211000,0.0
2013-02-14,42.255001068115234,42.54499816894531,42.20000076293945,42.45500183105469,34.88109588623047,861200,0.0
2013-02-15,42.43000030517578,42.560001373291016,42.29999923706055,42.39500045776367,34.83179473876953,629000,0.0
2013-02-19,42.470001220703125,42.86000061035156,42.470001220703125,42.86000061035156,35.21384811401367,3305400,0.0
2013-02-20,42.869998931884766,42.88999938964844,42.025001525878906,42.060001373291016,34.55656051635742,1079400,0.0
2013-02-21,42.025001525878906,42.04499816894531,41.43000030517578,41.67499923706055,34.2402229309082,2040200,0.0
2013-02-22,41.869998931884766,42.095001220703125,41.83000183105469,42.095001220703125,34.58530807495117,1125000,0.0
2013-02-25,42.290000915527344,42.31999969482422,41.154998779296875,41.17499923706055,33.82944107055664,1101200,0.0
2013-02-26,41.35499954223633,41.525001525878906,41.095001220703125,41.349998474121094,33.97321701049805,1483400,0.0
2013-02-27,41.369998931884766,42.040000915527344,41.345001220703125,41.810001373291016,34.351158142089844,1305600,0.0
2013-02-28,41.775001525878906,42.13999938964844,41.7400016784668,41.904998779296875,34.4292106628418,1870800,0.0
2013-03-01,41.650001525878906,42.165000915527344,41.349998474121094,42.084999084472656,34.57709884643555,1754200,0.0
2013-03-04,41.994998931884766,42.1150016784668,41.67499923706055,42.060001373291016,34.55656051635742,1248000,0.0
2013-03-05,42.275001525878906,42.630001068115234,42.244998931884766,42.505001068115234,34.92218017578125,1729200,0.0
2013-03-06,42.60499954223633,42.69499969482422,42.5099983215332,42.64500045776367,35.037193298339844,1111200,0.0
2013-03-07,42.66999816894531,42.86000061035156,42.61000061035156,42.849998474121094,35.205623626708984,1447400,0.0
2013-03-08,43.19499969482422,43.22999954223633,42.845001220703125,43.220001220703125,35.509613037109375,1630400,0.0
2013-03-11,43.14500045776367,43.20000076293945,43.005001068115234,43.20000076293945,35.49319839477539,3102200,0.0
2013-03-12,43.09000015258789,43.185001373291016,42.92499923706055,43.02000045776367,35.34530258178711,1754600,0.0
2013-03-13,43.04499816894531,43.310001373291016,42.95000076293945,43.255001068115234,35.538368225097656,1162000,0.0
2013-03-14,43.34000015258789,43.720001220703125,43.29999923706055,43.720001220703125,35.92041778564453,1790200,0.0
2013-03-15,43.57500076293945,43.81999969482422,43.55500030517578,43.72999954223633,35.928627014160156,2114400,0.0
2013-03-18,43.32500076293945,43.630001068115234,43.25,43.470001220703125,35.71501159667969,2657400,0.0
2013-03-19,43.55500030517578,43.67499923706055,42.974998474121094,43.33000183105469,35.60000228881836,4025800,0.0
2013-03-20,43.564998626708984,43.720001220703125,43.525001525878906,43.70500183105469,35.908084869384766,957000,0.0
2013-03-21,43.45000076293945,43.61000061035156,43.165000915527344,43.32500076293945,35.59588623046875,4092000,0.0
2013-03-22,43.52000045776367,43.560001373291016,43.39500045776367,43.45000076293945,35.69858932495117,1048400,0.0
2013-03-25,43.474998474121094,43.75,43.09000015258789,43.380001068115234,35.734825134277344,1814000,0.114
2013-03-26,43.525001525878906,43.61000061035156,43.33000183105469,43.51499938964844,35.84604263305664,1016400,0.0
2013-03-27,43.2599983215332,43.560001373291016,43.060001373291016,43.525001525878906,35.854278564453125,1348800,0.0
2013-03-28,43.529998779296875,43.70500183105469,43.45000076293945,43.529998779296875,35.858402252197266,1334800,0.0
2013-04-01,43.45000076293945,43.59000015258789,42.814998626708984,43.06999969482422,35.479454040527344,3100800,0.0
2013-04-02,43.32500076293945,43.380001068115234,42.73500061035156,42.83000183105469,35.281761169433594,1997800,0.0
2013-04-03,42.91999816894531,42.994998931884766,42.1150016784668,42.20000076293945,34.76278305053711,1641600,0.0
2013-04-04,42.224998474121094,42.560001373291016,42.150001525878906,42.540000915527344,35.042877197265625,1434400,0.0
2013-04-05,41.95000076293945,42.47999954223633,41.904998779296875,42.470001220703125,34.98520278930664,1670200,0.0
2013-04-08,42.599998474121094,42.84000015258789,42.314998626708984,42.814998626708984,35.269386291503906,1129400,0.0
2013-04-09,42.92499923706055,42.93000030517578,42.599998474121094,42.63999938964844,35.125247955322266,1599200,0.0
2013-04-10,42.79499816894531,43.45500183105469,42.75,43.369998931884766,35.726600646972656,1564800,0.0
2013-04-11,43.314998626708984,43.64500045776367,43.30500030517578,43.38999938964844,35.74305725097656,771000,0.0
2013-04-12,43.23500061035156,43.3650016784668,42.939998626708984,43.20000076293945,35.5865592956543,1648600,0.0
2013-04-15,42.91999816894531,43.02000045776367,41.56999969482422,41.724998474121094,34.37150192260742,2442800,0.0
2013-04-16,42.01499938964844,42.439998626708984,41.869998931884766,42.400001525878906,34.92755126953125,1660800,0.0
2013-04-17,42.095001220703125,42.095001220703125,41.34000015258789,41.685001373291016,34.338558197021484,2781600,0.0
2013-04-18,41.75,41.92499923706055,41.255001068115234,41.43000030517578,34.12849807739258,2063600,0.0
2013-04-19,41.60499954223633,42.0,41.29499816894531,41.904998779296875,34.51978302001953,1977800,0.0
2013-04-22,41.994998931884766,42.06999969482422,41.23500061035156,41.96500015258789,34.569190979003906,1064400,0.0
2013-04-23,42.290000915527344,42.64500045776367,42.17499923706055,42.630001068115234,35.11701202392578,1324000,0.0
2013-04-24,42.65999984741211,42.939998626708984,42.564998626708984,42.900001525878906,35.339420318603516,1735800,0.0
2013-04-25,43.040000915527344,43.439998626708984,42.994998931884766,43.16999816894531,35.56182861328125,959800,0.0
2013-04-26,43.1150016784668,43.32500076293945,42.790000915527344,42.935001373291016,35.36825942993164,1100000,0.0
2013-04-29,43.1349983215332,43.31999969482422,43.025001525878906,43.17499923706055,35.56595993041992,796200,0.0
2013-04-30,43.224998474121094,43.48500061035156,43.064998626708984,43.459999084472656,35.80073547363281,2686200,0.0
2013-05-01,43.345001220703125,43.369998931884766,42.470001220703125,42.48500061035156,34.9975471496582,2397000,0.0
2013-05-02,42.71500015258789,43.23500061035156,42.650001525878906,43.16999816894531,35.56182861328125,2135800,0.0
2013-05-03,43.67499923706055,44.185001373291016,43.599998474121094,43.93000030517578,36.187896728515625,1693200,0.0
2013-05-06,43.959999084472656,44.189998626708984,43.92499923706055,44.154998779296875,36.37323760986328,823000,0.0
2013-05-07,44.220001220703125,44.595001220703125,44.06999969482422,44.58000183105469,36.72334671020508,979200,0.0
2013-05-08,44.474998474121094,44.79499816894531,44.39500045776367,44.7599983215332,36.87162399291992,1478000,0.0
2013-05-09,44.72999954223633,44.81999969482422,44.494998931884766,44.625,36.760414123535156,577200,0.0
2013-05-10,44.709999084472656,45.04999923706055,44.64500045776367,45.029998779296875,37.09402847290039,1082400,0.0
2013-05-13,44.970001220703125,45.084999084472656,44.79499816894531,44.939998626708984,37.019901275634766,545000,0.0
2013-05-14,44.970001220703125,45.5099983215332,44.970001220703125,45.494998931884766,37.47709655761719,1011600,0.0
2013-05-15,45.42499923706055,45.81999969482422,45.345001220703125,45.665000915527344,37.617130279541016,1339400,0.0
2013-05-16,45.54999923706055,45.779998779296875,45.36000061035156,45.474998474121094,37.46062088012695,1559400,0.0
2013-05-17,45.685001373291016,46.04499816894531,45.650001525878906,46.025001525878906,37.91368865966797,1122400,0.0
2013-05-20,45.94499969482422,46.314998626708984,45.90999984741211,46.1349983215332,38.00429916381836,808800,0.0
2013-05-21,46.16999816894531,46.32500076293945,46.02000045776367,46.20500183105469,38.06196212768555,1203000,0.0
2013-05-22,46.290000915527344,46.6349983215332,45.23500061035156,45.5099983215332,37.489437103271484,2247400,0.0
2013-05-23,44.9900016784668,45.5,44.845001220703125,45.43000030517578,37.42353820800781,1814400,0.0
2013-05-24,45.224998474121094,45.4900016784668,44.91999816894531,45.43000030517578,37.42353820800781,1937600,0.0
2013-05-28,46.099998474121094,46.46500015258789,45.775001525878906,46.05500030517578,37.938392639160156,1662000,0.0
2013-05-29,45.76499938964844,45.869998931884766,45.2599983215332,45.529998779296875,37.505916595458984,1005600,0.0
2013-05-30,45.665000915527344,45.92499923706055,45.56999969482422,45.790000915527344,37.720096588134766,1092600,0.0
2013-05-31,45.595001220703125,45.834999084472656,45.34000015258789,45.34000015258789,37.349403381347656,1438600,0.0
2013-06-03,45.5,45.834999084472656,45.07500076293945,45.755001068115234,37.69127655029297,4361200,0.0
2013-06-04,45.79999923706055,46.01499938964844,45.01499938964844,45.375,37.37823486328125,2236400,0.0
2013-06-05,45.27000045776367,45.34000015258789,44.71500015258789,44.79499816894531,36.90045928955078,1706400,0.0
2013-06-06,44.7400016784668,45.185001373291016,44.51499938964844,45.185001373291016,37.22172927856445,1272800,0.0
2013-06-07,45.459999084472656,45.66999816894531,45.18000030517578,45.55500030517578,37.52651596069336,1431200,0.0
2013-06-10,45.7400016784668,45.83000183105469,45.39500045776367,45.814998626708984,37.740692138671875,1537800,0.0
2013-06-11,45.494998931884766,45.67499923706055,45.064998626708984,45.334999084472656,37.34526824951172,1871600,0.0
2013-06-12,45.63999938964844,45.709999084472656,44.8849983215332,44.970001220703125,37.04460525512695,1154600,0.0
2013-06-13,44.970001220703125,45.814998626708984,44.790000915527344,45.709999084472656,37.6541862487793,870600,0.0
2013-06-14,45.650001525878906,45.755001068115234,45.189998626708984,45.349998474121094,37.35764694213867,1254000,0.0
2013-06-17,45.72999954223633,45.83000183105469,45.3849983215332,45.650001525878906,37.60477066040039,874200,0.0
2013-06-18,45.75,46.30500030517578,45.67499923706055,46.189998626708984,38.04961395263672,996400,0.0
2013-06-19,46.20500183105469,46.22999954223633,45.6150016784668,45.64500045776367,37.60065460205078,1244000,0.0
2013-06-20,44.875,45.18000030517578,44.40999984741211,44.54499816894531,36.69450759887695,2908000,0.0
2013-06-21,44.474998474121094,44.80500030517578,44.125,44.720001220703125,36.838687896728516,2174600,0.0
2013-06-24,44.2400016784668,44.505001068115234,43.79999923706055,44.15999984741211,36.377357482910156,3169000,0.0
2013-06-25,44.60499954223633,44.689998626708984,44.22999954223633,44.560001373291016,36.706886291503906,2476200,0.0
2013-06-26,44.834999084472656,44.96500015258789,44.404998779296875,44.584999084472656,36.83824157714844,1676000,0.134
2013-06-27,44.875,45.38999938964844,44.810001373291016,45.349998474121094,37.4703254699707,1695000,0.0
2013-06-28,45.29999923706055,45.4900016784668,45.08000183105469,45.154998779296875,37.309200286865234,2599200,0.0
2013-07-01,45.275001525878906,46.6349983215332,45.224998474121094,45.85499954223633,37.8875732421875,2893200,0.0
2013-07-02,45.869998931884766,46.17499923706055,45.595001220703125,45.89500045776367,37.92062759399414,1892200,0.0
2013-07-03,45.7400016784668,46.1150016784668,45.665000915527344,45.92499923706055,37.9454231262207,1400600,0.0
2013-07-05,46.525001525878906,46.650001525878906,46.025001525878906,46.64500045776367,38.54032516479492,1266400,0.0
2013-07-08,46.900001525878906,46.97999954223633,46.73500061035156,46.78499984741211,38.65599822998047,4286200,0.0
2013-07-09,47.125,47.369998931884766,46.91999816894531,47.314998626708984,39.093902587890625,4364400,0.0
2013-07-10,47.369998931884766,47.459999084472656,47.165000915527344,47.39500045776367,39.16000747680664,4187400,0.0
2013-07-11,47.93000030517578,48.0,47.650001525878906,47.834999084472656,39.523536682128906,2692200,0.0
2013-07-12,47.80500030517578,48.04999923706055,47.79499816894531,47.93000030517578,39.60205078125,1878000,0.0
2013-07-15,47.959999084472656,48.21500015258789,47.935001373291016,48.154998779296875,39.78793716430664,2202800,0.0
2013-07-16,48.20500183105469,48.244998931884766,47.8650016784668,47.95500183105469,39.62269973754883,1838400,0.0
2013-07-17,48.244998931884766,48.33000183105469,48.025001525878906,48.07500076293945,39.72184753417969,2177600,0.0
2013-07-18,48.22999954223633,48.619998931884766,48.189998626708984,48.4900016784668,40.064735412597656,1594400,0.0
2013-07-19,48.415000915527344,48.5099983215332,48.314998626708984,48.5,40.07300567626953,2180800,0.0
2013-07-22,48.53499984741211,48.69499969482422,48.435001373291016,48.6150016784668,40.16802215576172,1097200,0.0
2013-07-23,48.775001525878906,48.790000915527344,48.474998474121094,48.529998779296875,40.097782135009766,1243400,0.0
2013-07-24,48.790000915527344,48.8650016784668,48.14500045776367,48.16999816894531,39.80033874511719,2702400,0.0
2013-07-25,48.10499954223633,48.625,48.060001373291016,48.625,40.17628479003906,1167600,0.0
2013-07-26,48.33000183105469,48.400001525878906,48.0099983215332,48.3849983215332,39.97798538208008,1327200,0.0
2013-07-29,48.22999954223633,48.40999984741211,47.90999984741211,48.040000915527344,39.692928314208984,1028600,0.0
2013-07-30,48.18000030517578,48.310001373291016,47.95000076293945,48.130001068115234,39.76728820800781,1928000,0.0
2013-07-31,48.29999923706055,48.709999084472656,48.25,48.25,39.8664436340332,1939200,0.0
2013-08-01,48.69499969482422,48.994998931884766,48.67499923706055,48.900001525878906,40.40349197387695,1633200,0.0
2013-08-02,48.77000045776367,48.95500183105469,48.619998931884766,48.939998626708984,40.436553955078125,1368200,0.0
2013-08-05,48.900001525878906,49.16999816894531,48.814998626708984,49.13999938964844,40.601810455322266,1407800,0.0
2013-08-06,49.07500076293945,49.08000183105469,48.584999084472656,48.70500183105469,40.24238204956055,1061000,0.0
2013-08-07,48.51499938964844,48.779998779296875,48.310001373291016,48.3849983215332,39.97798538208008,1416800,0.0
2013-08-08,48.7400016784668,48.79499816894531,48.38999938964844,48.6150016784668,40.16802215576172,2538400,0.0
2013-08-09,48.564998626708984,48.779998779296875,48.36000061035156,48.584999084472656,40.14323043823242,1159600,0.0
2013-08-12,48.32500076293945,48.8849983215332,48.2599983215332,48.880001068115234,40.3869743347168,1799200,0.0
2013-08-13,48.959999084472656,48.959999084472656,48.54999923706055,48.8650016784668,40.37458038330078,898400,0.0
2013-08-14,48.8849983215332,48.98500061035156,48.66999816894531,48.67499923706055,40.21760559082031,2092000,0.0
2013-08-15,48.244998931884766,48.290000915527344,47.7599983215332,47.8849983215332,39.56485366821289,1921800,0.0
2013-08-16,47.724998474121094,47.94499969482422,47.599998474121094,47.66999816894531,39.38722610473633,1649400,0.0
2013-08-19,47.60499954223633,47.7400016784668,47.2400016784668,47.2400016784668,39.031944274902344,1204800,0.0
2013-08-20,47.25,48.040000915527344,47.224998474121094,47.94499969482422,39.61443328857422,2419000,0.0
2013-08-21,47.79999923706055,48.084999084472656,47.44499969482422,47.630001068115234,39.354164123535156,1476800,0.0
2013-08-22,47.814998626708984,48.314998626708984,47.790000915527344,48.279998779296875,39.8912239074707,1143800,0.0
2013-08-23,48.439998626708984,48.474998474121094,48.119998931884766,48.400001525878906,39.99038314819336,1369000,0.0
2013-08-26,48.47999954223633,48.6349983215332,48.16999816894531,48.310001373291016,39.916019439697266,1530800,0.0
2013-08-27,47.689998626708984,47.970001220703125,47.21500015258789,47.28499984741211,39.06911849975586,1845800,0.0
2013-08-28,47.20000076293945,47.53499984741211,47.154998779296875,47.334999084472656,39.11042785644531,1623600,0.0
2013-08-29,47.349998474121094,47.95500183105469,47.310001373291016,47.775001525878906,39.473976135253906,1149400,0.0
2013-08-30,47.81999969482422,47.834999084472656,47.005001068115234,47.125,38.936920166015625,1210000,0.0
2013-09-03,47.709999084472656,47.92499923706055,46.904998779296875,47.314998626708984,39.093902587890625,2879000,0.0
2013-09-04,47.349998474121094,47.69499969482422,47.185001373291016,47.630001068115234,39.354164123535156,1529200,0.0
2013-09-05,47.720001220703125,47.90999984741211,47.60499954223633,47.72999954223633,39.43678665161133,1078200,0.0
2013-09-06,47.90999984741211,48.04499816894531,47.10499954223633,47.79499816894531,39.49049377441406,1696000,0.0
2013-09-09,47.96500015258789,48.54499816894531,47.96500015258789,48.5,40.07300567626953,1179600,0.0
2013-09-10,48.8849983215332,48.98500061035156,48.64500045776367,48.96500015258789,40.45720672607422,1595600,0.0
2013-09-11,48.92499923706055,49.165000915527344,48.810001373291016,49.040000915527344,40.51918411254883,2135800,0.0
2013-09-12,49.01499938964844,49.03499984741211,48.685001373291016,48.70500183105469,40.24238204956055,992000,0.0
2013-09-13,48.8650016784668,49.005001068115234,48.630001068115234,48.994998931884766,40.48199462890625,1027600,0.0
2013-09-16,49.55500030517578,49.67499923706055,49.04999923706055,49.064998626708984,40.539833068847656,1209000,0.0
2013-09-17,49.130001068115234,49.470001220703125,49.10499954223633,49.470001220703125,40.87446975708008,1032200,0.0
2013-09-18,49.5099983215332,50.18000030517578,49.09000015258789,49.94499969482422,41.26691818237305,1583800,0.0
2013-09-19,50.099998474121094,50.209999084472656,49.76499938964844,49.849998474121094,41.18843460083008,2391000,0.0
2013-09-20,50.0,50.0,49.7400016784668,49.76499938964844,41.11820983886719,2045400,0.0
2013-09-23,49.75,49.880001068115234,49.400001525878906,49.79499816894531,41.14299011230469,4569600,0.0
2013-09-24,49.744998931884766,50.185001373291016,49.439998626708984,49.790000915527344,41.241146087646484,2018600,0.1235
2013-09-25,49.80500030517578,50.14500045776367,49.61000061035156,49.720001220703125,41.18316650390625,2200800,0.0
2013-09-26,49.869998931884766,50.15999984741211,49.67499923706055,50.01499938964844,41.427520751953125,1823200,0.0
2013-09-27,49.724998474121094,49.95500183105469,49.654998779296875,49.77000045776367,41.224571228027344,1248000,0.0
2013-09-30,49.275001525878906,49.935001373291016,49.154998779296875,49.900001525878906,41.33226013183594,6252400,0.0
2013-10-01,49.91999816894531,50.540000915527344,49.880001068115234,50.474998474121094,41.80854415893555,2897200,0.0
2013-10-02,50.185001373291016,50.30500030517578,49.939998626708984,50.19499969482422,41.57660675048828,1481200,0.0
2013-10-03,50.11000061035156,50.11000061035156,49.33000183105469,49.630001068115234,41.10862350463867,1457600,0.0
2013-10-04,49.689998626708984,50.08000183105469,49.55500030517578,49.959999084472656,41.38197326660156,1500000,0.0
2013-10-07,49.459999084472656,49.724998474121094,49.3650016784668,49.3650016784668,40.88911437988281,1109000,0.0
2013-10-08,49.415000915527344,49.52000045776367,48.70000076293945,48.73500061035156,40.367286682128906,3484600,0.0
2013-10-09,48.880001068115234,49.0099983215332,48.43000030517578,48.67499923706055,40.317596435546875,2103400,0.0
2013-10-10,49.349998474121094,49.875,49.22999954223633,49.80500030517578,41.25356674194336,1809200,0.0
2013-10-11,49.779998779296875,50.54999923706055,49.665000915527344,50.54999923706055,41.87065124511719,2521400,0.0
2013-10-14,50.32500076293945,50.875,50.154998779296875,50.814998626708984,42.09016418457031,2247200,0.0
2013-10-15,50.724998474121094,50.78499984741211,50.220001220703125,50.375,41.72570037841797,2554800,0.0
2013-10-16,50.71500015258789,50.974998474121094,50.56999969482422,50.89500045776367,42.15641784667969,1723400,0.0
2013-10-17,50.7400016784668,51.35499954223633,50.625,51.35499954223633,42.53743362426758,1872800,0.0
2013-10-18,51.64500045776367,52.0099983215332,51.42499923706055,51.97999954223633,43.05511474609375,989200,0.0
2013-10-21,52.06999969482422,52.290000915527344,51.81999969482422,51.91999816894531,43.005435943603516,1278400,0.0
2013-10-22,52.125,52.36000061035156,51.814998626708984,52.03499984741211,43.10069274902344,1557000,0.0
2013-10-23,51.775001525878906,52.0,51.64500045776367,51.959999084472656,43.03855514526367,1887000,0.0
2013-10-24,52.03499984741211,52.33000183105469,51.880001068115234,52.2400016784668,43.27049255371094,736200,0.0
2013-10-25,52.36000061035156,52.400001525878906,52.060001373291016,52.30500030517578,43.32432556152344,1085000,0.0
2013-10-28,52.45000076293945,52.45000076293945,52.08000183105469,52.345001220703125,43.35746383666992,768400,0.0
2013-10-29,52.56999969482422,52.6349983215332,52.19499969482422,52.54499816894531,43.523101806640625,1076200,0.0
2013-10-30,52.630001068115234,52.630001068115234,51.83000183105469,51.95500183105469,43.0344123840332,1343400,0.0
2013-10-31,51.959999084472656,52.119998931884766,51.560001373291016,51.685001373291016,42.810794830322266,3191600,0.0
2013-11-01,51.779998779296875,51.900001525878906,51.11000061035156,51.470001220703125,42.632686614990234,1640400,0.0
2013-11-04,51.68000030517578,52.189998626708984,51.5,52.125,43.17524337768555,2104400,0.0
2013-11-05,51.935001373291016,52.13999938964844,51.65999984741211,52.0,43.07168960571289,1067600,0.0
2013-11-06,52.29499816894531,52.369998931884766,51.84000015258789,51.94499969482422,43.026126861572266,1138200,0.0
2013-11-07,52.22999954223633,52.22999954223633,51.060001373291016,51.1150016784668,42.33864974975586,2420800,0.0
2013-11-08,51.1150016784668,52.08000183105469,51.1150016784668,51.98500061035156,43.059268951416016,1807200,0.0
2013-11-11,51.95500183105469,52.189998626708984,51.755001068115234,52.025001525878906,43.09238052368164,2283200,0.0
2013-11-12,51.91999816894531,52.064998626708984,51.71500015258789,52.029998779296875,43.09653854370117,2005200,0.0
2013-11-13,51.7400016784668,52.5099983215332,51.720001220703125,52.505001068115234,43.48998260498047,1021200,0.0
2013-11-14,52.5,52.55500030517578,52.14500045776367,52.48500061035156,43.473419189453125,1455000,0.0
2013-11-15,52.57500076293945,52.71500015258789,52.314998626708984,52.685001373291016,43.639076232910156,1952200,0.0
2013-11-18,52.849998474121094,52.974998474121094,52.290000915527344,52.47999954223633,43.46928024291992,2338400,0.0
2013-11-19,52.505001068115234,52.73500061035156,52.029998779296875,52.18000030517578,43.220787048339844,3974200,0.0
2013-11-20,52.494998931884766,52.52000045776367,51.93000030517578,52.130001068115234,43.179378509521484,1491400,0.0
2013-11-21,52.39500045776367,53.1150016784668,52.279998779296875,53.099998474121094,43.982826232910156,1356400,0.0
2013-11-22,53.099998474121094,53.349998474121094,52.939998626708984,53.26499938964844,44.11949157714844,2300200,0.0
2013-11-25,53.435001373291016,53.5,53.18000030517578,53.30500030517578,44.152618408203125,1087800,0.0
2013-11-26,53.404998779296875,53.779998779296875,53.290000915527344,53.685001373291016,44.46739196777344,1134000,0.0
2013-11-27,53.779998779296875,54.060001373291016,53.619998931884766,54.025001525878906,44.74899673461914,1410200,0.0
2013-11-29,54.27000045776367,54.29499816894531,53.9900016784668,54.0,44.728302001953125,919400,0.0
2013-12-02,54.084999084472656,54.154998779296875,53.21500015258789,53.369998931884766,44.20646667480469,1663200,0.0
2013-12-03,53.25,53.470001220703125,52.880001068115234,53.1349983215332,44.01182174682617,2905800,0.0
2013-12-04,52.88999938964844,53.40999984741211,52.415000915527344,52.904998779296875,43.82130813598633,1768600,0.0
2013-12-05,52.875,53.185001373291016,52.76499938964844,53.03499984741211,43.92898178100586,1230200,0.0
2013-12-06,53.5,53.70500183105469,53.35499954223633,53.435001373291016,44.26029968261719,855800,0.0
2013-12-09,53.505001068115234,53.70000076293945,53.20000076293945,53.36000061035156,44.19819641113281,2367200,0.0
2013-12-10,53.28499984741211,53.42499923706055,52.80500030517578,52.82500076293945,43.755043029785156,2232800,0.0
2013-12-11,52.92499923706055,52.92499923706055,52.005001068115234,52.125,43.17524337768555,2214600,0.0
2013-12-12,52.15999984741211,52.48500061035156,52.06999969482422,52.21500015258789,43.249786376953125,1394400,0.0
2013-12-13,52.31999969482422,52.59000015258789,52.099998474121094,52.404998779296875,43.40715789794922,1444200,0.0
2013-12-16,52.529998779296875,53.084999084472656,52.529998779296875,53.029998779296875,43.924842834472656,1532800,0.0
2013-12-17,53.064998626708984,53.2400016784668,52.6349983215332,52.935001373291016,43.846160888671875,2386400,0.0
2013-12-18,52.970001220703125,53.619998931884766,52.57500076293945,53.619998931884766,44.41355514526367,1809800,0.0
2013-12-19,53.6150016784668,53.6150016784668,53.10499954223633,53.14500045776367,44.02009582519531,2884000,0.0
2013-12-20,53.209999084472656,54.165000915527344,53.209999084472656,54.04999923706055,44.76970291137695,2989800,0.0
2013-12-23,54.22999954223633,54.43000030517578,54.060001373291016,54.369998931884766,45.18104553222656,2642000,0.175
2013-12-24,54.45500183105469,54.720001220703125,54.435001373291016,54.54499816894531,45.32647705078125,1353200,0.0
2013-12-26,54.84000015258789,54.91999816894531,54.560001373291016,54.6349983215332,45.4012565612793,1661800,0.0
2013-12-27,54.939998626708984,54.939998626708984,54.415000915527344,54.564998626708984,45.34309005737305,1251800,0.0
2013-12-30,54.6150016784668,54.720001220703125,54.46500015258789,54.54499816894531,45.32647705078125,1183400,0.0
2013-12-31,54.70000076293945,54.79999923706055,54.55500030517578,54.564998626708984,45.34309005737305,1827600,0.0
2014-01-02,54.32500076293945,54.55500030517578,53.72999954223633,53.915000915527344,44.80295181274414,2985400,0.0
2014-01-03,54.150001525878906,54.310001373291016,53.95500183105469,54.150001525878906,44.99822998046875,2788400,0.0
2014-01-06,54.400001525878906,54.45500183105469,53.68000030517578,53.70000076293945,44.6242790222168,2183400,0.0
2014-01-07,53.904998779296875,54.375,53.86000061035156,54.165000915527344,45.01070022583008,1227400,0.0
2014-01-08,54.13999938964844,54.28499984741211,53.775001525878906,54.025001525878906,44.89434814453125,1299200,0.0
2014-01-09,54.209999084472656,54.25,53.650001525878906,53.96500015258789,44.844505310058594,1305600,0.0
2014-01-10,54.0,54.220001220703125,53.71500015258789,54.16999816894531,45.01485061645508,1717600,0.0
2014-01-13,54.09000015258789,54.11000061035156,53.16999816894531,53.43000030517578,44.39990997314453,1525600,0.0
2014-01-14,53.564998626708984,54.099998474121094,53.494998931884766,54.060001373291016,44.92344284057617,1251800,0.0
2014-01-15,54.23500061035156,54.529998779296875,54.154998779296875,54.505001068115234,45.293235778808594,1399200,0.0
2014-01-16,54.44499969482422,54.5,54.255001068115234,54.45500183105469,45.25168228149414,845800,0.0
2014-01-17,54.439998626708984,54.439998626708984,54.05500030517578,54.16999816894531,45.01485061645508,1431400,0.0
2014-01-21,54.5,54.59000015258789,54.16999816894531,54.45500183105469,45.25168228149414,1131000,0.0
2014-01-22,54.54499816894531,54.849998474121094,54.459999084472656,54.790000915527344,45.53006362915039,1402800,0.0
2014-01-23,54.57500076293945,54.63999938964844,54.060001373291016,54.41999816894531,45.22259521484375,2087400,0.0
2014-01-24,54.099998474121094,54.125,53.025001525878906,53.150001525878906,44.16725158691406,1662800,0.0
2014-01-27,53.19499969482422,53.33000183105469,52.220001220703125,52.43000030517578,43.568904876708984,4335800,0.0
2014-01-28,52.595001220703125,52.90999984741211,52.474998474121094,52.89500045776367,43.95532989501953,1599600,0.0
2014-01-29,52.46500015258789,52.75,52.029998779296875,52.18000030517578,43.36117935180664,2378000,0.0
2014-01-30,52.564998626708984,53.130001068115234,52.375,52.845001220703125,43.913787841796875,1890000,0.0
2014-01-31,52.084999084472656,52.85499954223633,51.96500015258789,52.54499816894531,43.664493560791016,3955000,0.0
2014-02-03,52.380001068115234,52.47999954223633,50.72999954223633,50.93000030517578,42.32244873046875,3588400,0.0
2014-02-04,51.19499969482422,51.5099983215332,50.80500030517578,51.275001525878906,42.60912322998047,4005000,0.0
2014-02-05,51.040000915527344,51.150001525878906,50.3650016784668,50.90999984741211,42.305824279785156,3059200,0.0
2014-02-06,50.9900016784668,51.60499954223633,50.98500061035156,51.47999954223633,42.779483795166016,1769600,0.0
2014-02-07,51.70500183105469,51.97999954223633,51.435001373291016,51.834999084472656,43.074493408203125,1953400,0.0
2014-02-10,51.86000061035156,51.8849983215332,51.415000915527344,51.869998931884766,43.10357666015625,3427400,0.0
2014-02-11,51.974998474121094,52.44499969482422,51.84000015258789,52.33000183105469,43.4858283996582,2116800,0.0
2014-02-12,52.400001525878906,52.724998474121094,52.244998931884766,52.505001068115234,43.631248474121094,2397000,0.0
2014-02-13,52.07500076293945,53.224998474121094,52.0,53.189998626708984,44.200469970703125,1616000,0.0
2014-02-14,53.06999969482422,53.32500076293945,52.79499816894531,53.2400016784668,44.242027282714844,2470000,0.0
2014-02-18,53.40999984741211,53.790000915527344,53.2400016784668,53.724998474121094,44.645050048828125,5080800,0.0
2014-02-19,53.595001220703125,53.939998626708984,53.15999984741211,53.20500183105469,44.21294403076172,2411000,0.0
2014-02-20,53.22999954223633,53.900001525878906,53.21500015258789,53.83000183105469,44.73231887817383,1043000,0.0
2014-02-21,53.959999084472656,54.029998779296875,53.76499938964844,53.83000183105469,44.73231887817383,1108800,0.0
2014-02-24,53.875,54.595001220703125,53.875,54.275001525878906,45.10210418701172,1997400,0.0
2014-02-25,54.290000915527344,54.494998931884766,54.06999969482422,54.21500015258789,45.05225372314453,1114400,0.0
2014-02-26,54.2400016784668,54.98500061035156,54.18000030517578,54.650001525878906,45.41372299194336,1143800,0.0
2014-02-27,54.5099983215332,54.88999938964844,54.39500045776367,54.88999938964844,45.61316680908203,1662200,0.0
2014-02-28,54.82500076293945,55.275001525878906,54.599998474121094,54.86000061035156,45.5882568359375,3814600,0.0
2014-03-03,54.474998474121094,54.69499969482422,53.98500061035156,54.59000015258789,45.36387252807617,2260400,0.0
2014-03-04,55.13999938964844,56.220001220703125,55.13999938964844,55.95500183105469,46.49817657470703,2493600,0.0
2014-03-05,55.915000915527344,55.93000030517578,55.70500183105469,55.8849983215332,46.439998626708984,1671800,0.0
2014-03-06,56.040000915527344,56.08000183105469,55.79999923706055,55.97999954223633,46.51895523071289,931000,0.0
2014-03-07,56.22999954223633,56.31999969482422,55.810001373291016,56.060001373291016,46.58542251586914,796200,0.0
2014-03-10,55.994998931884766,56.060001373291016,55.619998931884766,55.95500183105469,46.49817657470703,1815600,0.0
2014-03-11,56.01499938964844,56.119998931884766,55.16999816894531,55.400001525878906,46.03697967529297,4614200,0.0
2014-03-12,55.099998474121094,55.525001525878906,54.89500045776367,55.4900016784668,46.11176300048828,1299400,0.0
2014-03-13,55.720001220703125,55.92499923706055,54.599998474121094,54.875,45.600704193115234,1315000,0.0
2014-03-14,54.69499969482422,55.26499938964844,54.61000061035156,55.09000015258789,45.779361724853516,1657400,0.0
2014-03-17,55.3849983215332,55.79999923706055,55.279998779296875,55.439998626708984,46.07021713256836,1389800,0.0
2014-03-18,55.494998931884766,56.17499923706055,55.46500015258789,56.16999816894531,46.67683792114258,725600,0.0
2014-03-19,56.15999984741211,56.15999984741211,55.439998626708984,55.775001525878906,46.348594665527344,1125800,0.0
2014-03-20,55.685001373291016,56.06999969482422,55.48500061035156,55.94499969482422,46.4898567199707,789200,0.0
2014-03-21,56.11000061035156,56.5,55.744998931884766,55.755001068115234,46.331974029541016,1103200,0.0
2014-03-24,55.91999816894531,56.005001068115234,54.88999938964844,55.28499984741211,45.9414176940918,2974400,0.0
2014-03-25,55.369998931884766,55.66999816894531,54.81999969482422,55.125,45.93807601928711,1403000,0.156
2014-03-26,55.43000030517578,55.45500183105469,54.15999984741211,54.15999984741211,45.133907318115234,2887400,0.0
2014-03-27,54.17499923706055,54.43000030517578,53.744998931884766,54.005001068115234,45.00473403930664,3335600,0.0
2014-03-28,54.099998474121094,54.82500076293945,53.98500061035156,54.10499954223633,45.088069915771484,2521400,0.0
2014-03-31,54.43000030517578,55.189998626708984,54.23500061035156,55.06999969482422,45.892234802246094,2428400,0.0
2014-04-01,55.07500076293945,55.76499938964844,55.07500076293945,55.7400016784668,46.450584411621094,3558800,0.0
2014-04-02,55.90999984741211,56.05500030517578,55.654998779296875,56.01499938964844,46.679752349853516,1845400,0.0
2014-04-03,56.025001525878906,56.060001373291016,55.38999938964844,55.61000061035156,46.342247009277344,856800,0.0
2014-04-04,55.96500015258789,56.029998779296875,54.30500030517578,54.4900016784668,45.40890121459961,1521800,0.0
2014-04-07,54.36000061035156,54.369998931884766,53.5099983215332,53.775001525878906,44.813053131103516,1783400,0.0
2014-04-08,53.814998626708984,54.45000076293945,53.59000015258789,54.19499969482422,45.16305923461914,2042400,0.0
2014-04-09,54.32500076293945,54.76499938964844,54.04499816894531,54.7599983215332,45.6339111328125,3764600,0.0
2014-04-10,54.68000030517578,54.755001068115234,53.189998626708984,53.39500045776367,44.49637985229492,1964400,0.0
2014-04-11,52.9900016784668,53.5,52.54499816894531,52.76499938964844,43.97138977050781,1368000,0.0
2014-04-14,53.14500045776367,53.470001220703125,52.560001373291016,53.025001525878906,44.188053131103516,1754200,0.0
2014-04-15,53.23500061035156,53.435001373291016,52.18000030517578,53.189998626708984,44.3255500793457,3175400,0.0
2014-04-16,53.53499984741211,53.709999084472656,53.255001068115234,53.70500183105469,44.754730224609375,3469400,0.0
2014-04-17,53.56999969482422,54.165000915527344,53.45000076293945,53.95000076293945,44.95889663696289,932000,0.0
2014-04-21,54.06999969482422,54.20500183105469,53.709999084472656,54.189998626708984,45.15889358520508,1095600,0.0
2014-04-22,54.26499938964844,54.779998779296875,54.130001068115234,54.63999938964844,45.533905029296875,1030400,0.0
2014-04-23,54.61000061035156,54.76499938964844,54.29499816894531,54.310001373291016,45.25889205932617,2245000,0.0
2014-04-24,54.55500030517578,54.654998779296875,53.845001220703125,54.154998779296875,45.12973403930664,1371400,0.0
2014-04-25,53.94499969482422,54.33000183105469,53.21500015258789,53.35499954223633,44.46305847167969,1831200,0.0
2014-04-28,53.59000015258789,53.755001068115234,52.415000915527344,53.064998626708984,44.221378326416016,1445000,0.0
2014-04-29,53.29499816894531,53.6150016784668,53.1349983215332,53.189998626708984,44.3255500793457,1289800,0.0
2014-04-30,52.994998931884766,53.57500076293945,52.619998931884766,53.564998626708984,44.638057708740234,1863200,0.0
2014-05-01,53.529998779296875,53.814998626708984,52.86000061035156,53.439998626708984,44.533897399902344,1557600,0.0
2014-05-02,53.45000076293945,54.07500076293945,53.380001068115234,53.560001373291016,44.63389587402344,956400,0.0
2014-05-05,53.2400016784668,53.584999084472656,52.845001220703125,53.46500015258789,44.55472946166992,1726800,0.0
2014-05-06,53.21500015258789,53.314998626708984,52.55500030517578,52.584999084472656,43.821372985839844,1608000,0.0
2014-05-07,52.61000061035156,52.85499954223633,52.0,52.79499816894531,43.99637222290039,1485600,0.0
2014-05-08,52.779998779296875,53.310001373291016,52.220001220703125,52.3849983215332,43.65470886230469,1409800,0.0
2014-05-09,52.29499816894531,52.82500076293945,52.064998626708984,52.790000915527344,43.99221420288086,2423600,0.0
2014-05-12,52.9900016784668,54.14500045776367,52.9900016784668,53.915000915527344,44.92974853515625,2609800,0.0
2014-05-13,53.78499984741211,54.0,53.310001373291016,53.33000183105469,44.44221496582031,1542800,0.0
2014-05-14,53.21500015258789,53.21500015258789,52.279998779296875,52.380001068115234,43.650535583496094,2261400,0.0
2014-05-15,52.11000061035156,52.244998931884766,51.404998779296875,52.08000183105469,43.40054702758789,1633800,0.0
2014-05-16,52.099998474121094,52.5,51.81999969482422,52.4900016784668,43.742210388183594,681000,0.0
2014-05-19,52.31999969482422,53.099998474121094,52.255001068115234,52.92499923706055,44.10472106933594,1301000,0.0
2014-05-20,52.845001220703125,52.845001220703125,51.900001525878906,52.185001373291016,43.48805236816406,1024800,0.0
2014-05-21,52.459999084472656,52.625,51.900001525878906,52.415000915527344,43.679718017578125,2110600,0.0
2014-05-22,52.505001068115234,53.02000045776367,52.415000915527344,52.875,44.06304931640625,497400,0.0
2014-05-23,52.81999969482422,53.44499969482422,52.775001525878906,53.42499923706055,44.521392822265625,1331600,0.0
2014-05-27,53.744998931884766,54.279998779296875,53.6150016784668,54.099998474121094,45.083900451660156,1076200,0.0
2014-05-28,54.125,54.20500183105469,53.584999084472656,53.7599983215332,44.80055618286133,1203000,0.0
2014-05-29,53.959999084472656,53.98500061035156,53.57500076293945,53.8849983215332,44.90472412109375,1918800,0.0
2014-05-30,53.8849983215332,53.95000076293945,53.5,53.650001525878906,44.70888900756836,1218000,0.0
2014-06-02,53.70500183105469,53.755001068115234,53.06999969482422,53.505001068115234,44.58807373046875,793600,0.0
2014-06-03,53.275001525878906,53.564998626708984,52.994998931884766,53.380001068115234,44.48389434814453,1160400,0.0
2014-06-04,53.17499923706055,53.66999816894531,53.025001525878906,53.619998931884766,44.683902740478516,789400,0.0
2014-06-05,53.744998931884766,54.75,53.404998779296875,54.66999816894531,45.55891036987305,1466000,0.0
2014-06-06,54.904998779296875,55.400001525878906,54.85499954223633,55.18000030517578,45.983917236328125,2250400,0.0
2014-06-09,55.19499969482422,55.84000015258789,55.060001373291016,55.61000061035156,46.342247009277344,1124000,0.0
2014-06-10,55.525001525878906,55.54999923706055,55.09000015258789,55.3650016784668,46.1380729675293,1041200,0.0
2014-06-11,55.13999938964844,55.244998931884766,54.80500030517578,55.099998474121094,45.91725158691406,3354800,0.0
2014-06-12,55.08000183105469,55.08000183105469,54.540000915527344,54.755001068115234,45.62974548339844,824200,0.0
2014-06-13,54.849998474121094,55.02000045776367,54.48500061035156,54.8849983215332,45.73808288574219,1754600,0.0
2014-06-16,54.810001373291016,54.98500061035156,54.560001373291016,54.95000076293945,45.7922477722168,558600,0.0
2014-06-17,54.880001068115234,55.53499984741211,54.80500030517578,55.35499954223633,46.12974548339844,3997000,0.0
2014-06-18,55.310001373291016,55.70500183105469,55.099998474121094,55.689998626708984,46.40892791748047,1009400,0.0
2014-06-19,55.8650016784668,55.875,55.415000915527344,55.72999954223633,46.44224548339844,998600,0.0
2014-06-20,55.77000045776367,55.91999816894531,55.60499954223633,55.880001068115234,46.5672607421875,878600,0.0
2014-06-23,56.04999923706055,56.209999084472656,55.650001525878906,55.779998779296875,46.48391342163086,1714800,0.0
2014-06-24,55.59000015258789,56.04999923706055,55.150001525878906,55.16999816894531,46.107418060302734,1231200,0.1595
2014-06-25,54.8849983215332,55.60499954223633,54.80500030517578,55.58000183105469,46.45006561279297,1788600,0.0
2014-06-26,55.63999938964844,55.63999938964844,55.05500030517578,55.40999984741211,46.30800247192383,818600,0.0
2014-06-27,55.27000045776367,55.8849983215332,55.20000076293945,55.845001220703125,46.67153549194336,1404000,0.0
2014-06-30,55.584999084472656,56.060001373291016,55.52000045776367,56.04499816894531,46.838687896728516,1718800,0.0
2014-07-01,56.1150016784668,57.13999938964844,56.1150016784668,56.709999084472656,47.394447326660156,1015000,0.0
2014-07-02,56.64500045776367,56.81999969482422,56.32500076293945,56.404998779296875,47.13956069946289,788200,0.0
2014-07-03,55.459999084472656,56.86000061035156,55.459999084472656,56.810001373291016,47.478031158447266,1183400,0.0
2014-07-07,56.619998931884766,56.7400016784668,55.95500183105469,56.0,46.80107498168945,1289400,0.0
2014-07-08,55.88999938964844,55.95000076293945,55.154998779296875,55.48500061035156,46.370689392089844,1806800,0.0
2014-07-09,55.66999816894531,55.77000045776367,55.345001220703125,55.5099983215332,46.39157485961914,1030800,0.0
2014-07-10,54.400001525878906,55.22999954223633,54.34000015258789,54.915000915527344,45.89432144165039,1313000,0.0
2014-07-11,54.86000061035156,54.935001373291016,54.5,54.72999954223633,45.73969650268555,1404000,0.0
2014-07-14,55.25,55.3849983215332,54.900001525878906,55.0099983215332,45.97371292114258,673800,0.0
2014-07-15,54.98500061035156,55.130001068115234,54.275001525878906,54.560001373291016,45.59761428833008,1182600,0.0
2014-07-16,54.834999084472656,54.834999084472656,54.2599983215332,54.45000076293945,45.505699157714844,848800,0.0
2014-07-17,54.09000015258789,54.43000030517578,53.619998931884766,53.70500183105469,44.88307571411133,1337200,0.0
2014-07-18,53.79499816894531,54.59000015258789,53.70500183105469,54.474998474121094,45.52658462524414,748800,0.0
2014-07-21,54.154998779296875,54.34000015258789,53.915000915527344,54.244998931884766,45.33436584472656,898200,0.0
2014-07-22,54.54499816894531,54.939998626708984,54.45500183105469,54.709999084472656,45.722984313964844,894400,0.0
2014-07-23,54.7400016784668,54.880001068115234,54.47999954223633,54.65999984741211,45.68120193481445,813000,0.0
2014-07-24,54.67499923706055,55.06999969482422,54.470001220703125,54.654998779296875,45.67701721191406,1183000,0.0
2014-07-25,54.32500076293945,54.32500076293945,53.97999954223633,54.17499923706055,45.27587127685547,662600,0.0
2014-07-28,54.1349983215332,54.27000045776367,53.59000015258789,53.959999084472656,45.096187591552734,897200,0.0
2014-07-29,54.125,54.43000030517578,53.95500183105469,54.08000183105469,45.196475982666016,687000,0.0
2014-07-30,54.40999984741211,54.44499969482422,53.9900016784668,54.150001525878906,45.254966735839844,959600,0.0
2014-07-31,53.720001220703125,53.73500061035156,52.93000030517578,52.93000030517578,44.235382080078125,1552600,0.0
2014-08-01,52.97999954223633,53.209999084472656,52.46500015258789,52.814998626708984,44.13926315307617,1591800,0.0
2014-08-04,52.71500015258789,53.33000183105469,52.415000915527344,53.2599983215332,44.51115417480469,2242600,0.0
2014-08-05,53.02000045776367,53.599998474121094,52.849998474121094,53.185001373291016,44.448486328125,1274800,0.0
2014-08-06,52.875,53.625,52.849998474121094,53.345001220703125,44.58220291137695,789200,0.0
2014-08-07,53.57500076293945,53.65999984741211,52.8849983215332,53.064998626708984,44.34819793701172,1264600,0.0
2014-08-08,53.1150016784668,53.619998931884766,53.01499938964844,53.55500030517578,44.7577018737793,772600,0.0
2014-08-11,53.775001525878906,54.40999984741211,53.68000030517578,54.0099983215332,45.13795852661133,708400,0.0
2014-08-12,53.8650016784668,54.084999084472656,53.435001373291016,53.665000915527344,44.849647521972656,2151200,0.0
2014-08-13,53.82500076293945,54.14500045776367,53.7400016784668,53.95500183105469,45.092010498046875,464400,0.0
2014-08-14,54.005001068115234,54.130001068115234,53.904998779296875,54.04499816894531,45.16722106933594,840000,0.0
2014-08-15,54.439998626708984,54.55500030517578,53.474998474121094,54.01499938964844,45.14214324951172,1791800,0.0
2014-08-18,54.40999984741211,54.790000915527344,54.349998474121094,54.76499938964844,45.768951416015625,1347200,0.0
2014-08-19,54.790000915527344,55.09000015258789,54.775001525878906,54.970001220703125,45.940277099609375,908200,0.0
2014-08-20,54.70000076293945,54.77000045776367,54.415000915527344,54.68000030517578,45.69791030883789,825200,0.0
2014-08-21,54.60499954223633,54.96500015258789,54.154998779296875,54.869998931884766,45.85670471191406,854400,0.0
2014-08-22,54.790000915527344,55.04999923706055,54.57500076293945,54.8650016784668,45.85251998901367,1676800,0.0
2014-08-25,55.119998931884766,55.244998931884766,54.72999954223633,54.93000030517578,45.90684127807617,1208800,0.0
2014-08-26,54.959999084472656,55.380001068115234,54.89500045776367,55.31999969482422,46.2327766418457,1203000,0.0
2014-08-27,55.33000183105469,55.380001068115234,55.125,55.185001373291016,46.119937896728516,752400,0.0
2014-08-28,55.040000915527344,55.064998626708984,54.72999954223633,54.88999938964844,45.8734130859375,538400,0.0
2014-08-29,55.0099983215332,55.25,54.755001068115234,55.18000030517578,46.115787506103516,1036000,0.0
2014-09-02,55.39500045776367,55.63999938964844,55.17499923706055,55.494998931884766,46.379051208496094,1196200,0.0
2014-09-03,55.77000045776367,55.810001373291016,55.17499923706055,55.275001525878906,46.195167541503906,1661200,0.0
2014-09-04,55.375,55.779998779296875,55.01499938964844,55.130001068115234,46.0739860534668,541600,0.0
2014-09-05,55.09000015258789,55.27000045776367,54.755001068115234,55.27000045776367,46.19099044799805,504400,0.0
2014-09-08,55.20500183105469,55.45000076293945,55.029998779296875,55.31999969482422,46.2327766418457,542000,0.0
2014-09-09,55.244998931884766,55.244998931884766,54.619998931884766,54.66999816894531,45.6895637512207,1427200,0.0
2014-09-10,54.66999816894531,54.915000915527344,54.41999816894531,54.834999084472656,45.827449798583984,516000,0.0
2014-09-11,54.61000061035156,55.310001373291016,54.529998779296875,55.21500015258789,46.1450309753418,579200,0.0
2014-09-12,55.150001525878906,55.189998626708984,54.44499969482422,54.689998626708984,45.70627212524414,1238600,0.0
2014-09-15,54.689998626708984,54.689998626708984,54.03499984741211,54.13999938964844,45.24662399291992,773000,0.0
2014-09-16,53.97999954223633,54.45000076293945,53.85499954223633,54.310001373291016,45.38868713378906,2110800,0.0
2014-09-17,54.34000015258789,54.720001220703125,54.185001373291016,54.45500183105469,45.509857177734375,587800,0.0
2014-09-18,54.65999984741211,54.86000061035156,54.560001373291016,54.78499984741211,45.78566360473633,474800,0.0
2014-09-19,55.04499816894531,55.06999969482422,54.0,54.10499954223633,45.217376708984375,1787800,0.0
2014-09-22,53.904998779296875,53.974998474121094,53.3650016784668,53.529998779296875,44.736812591552734,670600,0.0
2014-09-23,53.35499954223633,53.584999084472656,52.94499969482422,52.994998931884766,44.289695739746094,849600,0.0
2014-09-24,52.94499969482422,53.31999969482422,52.6150016784668,53.2599983215332,44.642574310302734,624000,0.156
2014-09-25,53.119998931884766,53.16999816894531,52.26499938964844,52.474998474121094,43.984596252441406,1219800,0.0
2014-09-26,52.584999084472656,52.880001068115234,52.47999954223633,52.779998779296875,44.24024200439453,1011400,0.0
2014-09-29,52.28499984741211,52.89500045776367,52.1349983215332,52.779998779296875,44.24024200439453,958400,0.0
2014-09-30,52.744998931884766,52.880001068115234,52.119998931884766,52.150001525878906,43.71217346191406,872800,0.0
2014-10-01,52.084999084472656,52.14500045776367,51.27000045776367,51.44499969482422,43.121246337890625,1780600,0.0
2014-10-02,51.369998931884766,52.084999084472656,51.11000061035156,51.86000061035156,43.46910095214844,1908000,0.0
2014-10-03,52.26499938964844,52.505001068115234,52.02000045776367,52.2400016784668,43.78762435913086,1017000,0.0
2014-10-06,52.31999969482422,52.435001373291016,51.689998626708984,51.790000915527344,43.41042709350586,1581800,0.0
2014-10-07,51.54499816894531,51.665000915527344,50.92499923706055,50.935001373291016,42.693763732910156,1194600,0.0
2014-10-08,50.84000015258789,51.92499923706055,50.45000076293945,51.875,43.481685638427734,2671600,0.0
2014-10-09,51.880001068115234,51.904998779296875,50.67499923706055,50.70500183105469,42.50098419189453,1194200,0.0
2014-10-10,50.58000183105469,51.095001220703125,50.10499954223633,50.17499923706055,42.05672073364258,3739800,0.0
2014-10-13,50.2400016784668,50.810001373291016,49.85499954223633,50.05500030517578,41.956138610839844,3381200,0.0
2014-10-14,50.494998931884766,51.314998626708984,50.31999969482422,50.65999984741211,42.4632568359375,3515000,0.0
2014-10-15,50.14500045776367,51.23500061035156,49.689998626708984,51.005001068115234,42.75244903564453,7149400,0.0
2014-10-16,50.34000015258789,51.779998779296875,50.150001525878906,51.47999954223633,43.15058135986328,5471000,0.0
2014-10-17,52.01499938964844,52.1150016784668,51.08000183105469,51.29999923706055,42.99971389770508,2983400,0.0
2014-10-20,51.099998474121094,51.89500045776367,51.084999084472656,51.88999938964844,43.49424743652344,1930400,0.0
2014-10-21,52.2400016784668,52.79499816894531,52.07500076293945,52.744998931884766,44.21091079711914,3653800,0.0
2014-10-22,52.91999816894531,53.07500076293945,52.084999084472656,52.119998931884766,43.68702697753906,2634800,0.0
2014-10-23,52.65999984741211,53.2400016784668,52.525001525878906,52.904998779296875,44.345027923583984,1820200,0.0
2014-10-24,52.95500183105469,53.1349983215332,52.724998474121094,53.02000045776367,44.441410064697266,1612000,0.0
2014-10-27,52.834999084472656,53.02000045776367,52.34000015258789,52.97999954223633,44.40787124633789,1357200,0.0
2014-10-28,53.255001068115234,54.564998626708984,53.14500045776367,54.564998626708984,45.736427307128906,1628000,0.0
2014-10-29,54.584999084472656,54.92499923706055,54.08000183105469,54.494998931884766,45.677764892578125,1867800,0.0
2014-10-30,54.275001525878906,55.119998931884766,54.220001220703125,54.935001373291016,46.04657745361328,1565600,0.0
2014-10-31,55.900001525878906,55.900001525878906,55.435001373291016,55.755001068115234,46.73389434814453,2852800,0.0
2014-11-03,55.970001220703125,56.14500045776367,55.51499938964844,55.70000076293945,46.68780517578125,2598000,0.0
2014-11-04,55.54999923706055,55.755001068115234,55.224998474121094,55.494998931884766,46.515960693359375,2054600,0.0
2014-11-05,55.904998779296875,55.904998779296875,55.40999984741211,55.6349983215332,46.63331604003906,1011000,0.0
2014-11-06,55.68000030517578,55.79499816894531,55.404998779296875,55.78499984741211,46.759037017822266,1085200,0.0
2014-11-07,55.775001525878906,55.80500030517578,55.400001525878906,55.79499816894531,46.767433166503906,1881000,0.0
2014-11-10,55.83000183105469,56.01499938964844,55.654998779296875,55.98500061035156,46.92667770385742,1430200,0.0
2014-11-11,55.97999954223633,56.04999923706055,55.82500076293945,55.9900016784668,46.93088150024414,1523600,0.0
2014-11-12,55.814998626708984,56.44499969482422,55.744998931884766,56.369998931884766,47.24938201904297,3543400,0.0
2014-11-13,56.38999938964844,56.525001525878906,55.80500030517578,55.939998626708984,46.888954162597656,986800,0.0
2014-11-14,55.904998779296875,56.064998626708984,55.72999954223633,55.845001220703125,46.809326171875,1017600,0.0
2014-11-17,55.77000045776367,55.89500045776367,55.29499816894531,55.314998626708984,46.365081787109375,1088400,0.0
2014-11-18,55.45000076293945,55.86000061035156,55.45000076293945,55.58000183105469,46.58721160888672,766800,0.0
2014-11-19,55.470001220703125,55.474998474121094,54.654998779296875,55.025001525878906,46.122013092041016,1327000,0.0
2014-11-20,54.78499984741211,55.665000915527344,54.78499984741211,55.665000915527344,46.65846252441406,937600,0.0
2014-11-21,56.39500045776367,56.43000030517578,55.46500015258789,55.650001525878906,46.645870208740234,2027800,0.0
2014-11-24,55.650001525878906,56.31999969482422,55.650001525878906,56.29499816894531,47.186519622802734,1209600,0.0
2014-11-25,56.38999938964844,56.665000915527344,56.095001220703125,56.29499816894531,47.186519622802734,1922600,0.0
2014-11-26,56.26499938964844,56.48500061035156,56.209999084472656,56.459999084472656,47.3248176574707,755200,0.0
2014-11-28,56.334999084472656,56.439998626708984,55.57500076293945,55.650001525878906,46.645870208740234,1040800,0.0
2014-12-01,55.349998474121094,55.61000061035156,54.869998931884766,54.900001525878906,46.01723098754883,2140000,0.0
2014-12-02,54.95500183105469,55.724998474121094,54.95500183105469,55.47999954223633,46.503387451171875,1859600,0.0
2014-12-03,55.5,56.20500183105469,55.369998931884766,56.04999923706055,46.98116683959961,2731400,0.0
2014-12-04,55.9900016784668,56.0,55.5,55.790000915527344,46.76323318481445,3295600,0.0
2014-12-05,55.92499923706055,56.29499816894531,55.875,56.13999938964844,47.05661392211914,2725200,0.0
2014-12-08,55.974998474121094,56.470001220703125,55.29999923706055,55.474998474121094,46.49919891357422,1036200,0.0
2014-12-09,54.880001068115234,56.439998626708984,54.845001220703125,56.43000030517578,47.2996711730957,3166600,0.0
2014-12-10,56.209999084472656,56.375,55.10499954223633,55.165000915527344,46.239356994628906,3514200,0.0
2014-12-11,55.404998779296875,56.04999923706055,55.220001220703125,55.33000183105469,46.37767028808594,2092200,0.0
2014-12-12,54.79499816894531,55.150001525878906,54.529998779296875,54.619998931884766,45.78253173828125,3034600,0.0
2014-12-15,54.88999938964844,55.07500076293945,53.98500061035156,54.17499923706055,45.409542083740234,3533600,0.0
2014-12-16,54.01499938964844,54.94499969482422,53.935001373291016,54.08000183105469,45.32991027832031,4394000,0.0
2014-12-17,54.185001373291016,55.58000183105469,54.099998474121094,55.54999923706055,46.56206130981445,2972600,0.0
2014-12-18,56.220001220703125,56.38999938964844,55.76499938964844,56.369998931884766,47.24938201904297,2901600,0.0
2014-12-19,56.415000915527344,56.59000015258789,55.994998931884766,56.345001220703125,47.22843551635742,2798400,0.0
2014-12-22,56.51499938964844,56.86000061035156,56.3650016784668,56.81999969482422,47.6265754699707,2068600,0.0
2014-12-23,57.16999816894531,57.33000183105469,56.95500183105469,57.099998474121094,47.86127853393555,3607600,0.0
2014-12-24,57.09000015258789,57.1349983215332,56.78499984741211,57.0,47.969417572021484,900600,0.2285
2014-12-26,57.19499969482422,57.505001068115234,57.08000183105469,57.36000061035156,48.272377014160156,1508400,0.0
2014-12-29,57.36000061035156,57.775001525878906,57.36000061035156,57.650001525878906,48.51643753051758,4691000,0.0
2014-12-30,57.52000045776367,57.724998474121094,57.3849983215332,57.3849983215332,48.29340744018555,2543400,0.0
2014-12-31,57.560001373291016,57.869998931884766,56.9900016784668,57.029998779296875,47.99466323852539,3558600,0.0
2015-01-02,57.255001068115234,57.44499969482422,56.060001373291016,56.61000061035156,47.64120101928711,4261200,0.0
2015-01-05,56.22999954223633,56.43000030517578,55.5,55.744998931884766,46.913246154785156,3445400,0.0
2015-01-06,55.875,55.900001525878906,54.40999984741211,54.814998626708984,46.13058853149414,5321000,0.0
2015-01-07,55.29999923706055,55.3849983215332,54.86000061035156,55.3849983215332,46.610286712646484,3437000,0.0
2015-01-08,55.7400016784668,56.40999984741211,55.7400016784668,56.35499954223633,47.42660140991211,2663400,0.0
2015-01-09,56.36000061035156,56.404998779296875,55.70000076293945,55.80500030517578,46.963741302490234,1801600,0.0
2015-01-12,55.80500030517578,55.915000915527344,55.119998931884766,55.6150016784668,46.803836822509766,2758800,0.0
2015-01-13,56.05500030517578,56.72999954223633,55.16999816894531,55.845001220703125,46.997398376464844,4351400,0.0
2015-01-14,55.439998626708984,55.68000030517578,54.974998474121094,55.57500076293945,46.77019119262695,6572600,0.0
2015-01-15,55.70000076293945,55.82500076293945,54.560001373291016,54.70000076293945,46.03380584716797,3146800,0.0
2015-01-16,54.505001068115234,55.66999816894531,54.505001068115234,55.584999084472656,46.778602600097656,2270000,0.0
2015-01-20,55.595001220703125,55.724998474121094,54.84000015258789,55.22999954223633,46.479827880859375,2322000,0.0
2015-01-21,55.1150016784668,55.474998474121094,54.85499954223633,55.1349983215332,46.39988708496094,2510000,0.0
2015-01-22,55.470001220703125,56.29999923706055,54.880001068115234,56.28499984741211,47.36769485473633,2216800,0.0
2015-01-23,56.20000076293945,56.42499923706055,55.92499923706055,56.130001068115234,47.237247467041016,2763200,0.0
2015-01-26,56.08000183105469,56.6349983215332,55.61000061035156,56.630001068115234,47.65803527832031,1768800,0.0
2015-01-27,56.01499938964844,56.564998626708984,55.880001068115234,56.33000183105469,47.405555725097656,1532800,0.0
2015-01-28,56.564998626708984,56.689998626708984,55.34000015258789,55.494998931884766,46.702850341796875,1941400,0.0
2015-01-29,55.68000030517578,56.165000915527344,55.21500015258789,56.150001525878906,47.25408935546875,1914800,0.0
2015-01-30,55.85499954223633,56.0,54.880001068115234,54.98500061035156,46.27366256713867,4240800,0.0
2015-02-02,55.20000076293945,55.665000915527344,54.45500183105469,55.650001525878906,46.833282470703125,2352000,0.0
2015-02-03,55.98500061035156,56.724998474121094,55.89500045776367,56.6349983215332,47.662227630615234,2091600,0.0
2015-02-04,56.435001373291016,56.904998779296875,56.3849983215332,56.51499938964844,47.56126022338867,3254200,0.0
2015-02-05,56.7400016784668,57.375,56.65999984741211,57.255001068115234,48.18400955200195,1763800,0.0
2015-02-06,57.39500045776367,57.584999084472656,56.994998931884766,57.209999084472656,48.146148681640625,3743000,0.0
2015-02-09,57.03499984741211,57.349998474121094,56.6349983215332,56.68000030517578,47.700111389160156,1941600,0.0
2015-02-10,57.060001373291016,57.07500076293945,56.26499938964844,56.970001220703125,47.94416809082031,1930600,0.0
2015-02-11,56.875,57.05500030517578,56.51499938964844,56.91999816894531,47.90208435058594,1542000,0.0
2015-02-12,57.30500030517578,57.65999984741211,57.154998779296875,57.619998931884766,48.49118423461914,1225800,0.0
2015-02-13,57.599998474121094,57.98500061035156,57.54999923706055,57.935001373291016,48.75627899169922,1479400,0.0
2015-02-17,57.904998779296875,58.08000183105469,57.755001068115234,57.9900016784668,48.802574157714844,1464200,0.0
2015-02-18,57.869998931884766,58.14500045776367,57.67499923706055,58.130001068115234,48.920379638671875,1481800,0.0
2015-02-19,58.060001373291016,58.21500015258789,57.86000061035156,58.07500076293945,48.87408447265625,1913600,0.0
2015-02-20,57.98500061035156,58.224998474121094,57.47999954223633,58.16999816894531,48.954044342041016,1443400,0.0
2015-02-23,58.025001525878906,58.27000045776367,57.625,58.27000045776367,49.03820037841797,1402800,0.0
2015-02-24,58.314998626708984,58.56999969482422,58.14500045776367,58.40999984741211,49.1560173034668,1095600,0.0
2015-02-25,58.44499969482422,58.529998779296875,58.125,58.400001525878906,49.14761734008789,1755800,0.0
2015-02-26,58.255001068115234,58.6349983215332,58.255001068115234,58.58000183105469,49.29909896850586,1340200,0.0
2015-02-27,58.525001525878906,58.63999938964844,58.290000915527344,58.290000915527344,49.05503463745117,1785800,0.0
2015-03-02,58.334999084472656,58.869998931884766,58.290000915527344,58.72999954223633,49.42531967163086,1885200,0.0
2015-03-03,58.6349983215332,58.6349983215332,58.165000915527344,58.3849983215332,49.13499450683594,1138400,0.0
2015-03-04,58.1150016784668,58.224998474121094,57.79999923706055,58.025001525878906,48.83202362060547,1100800,0.0
2015-03-05,58.084999084472656,58.185001373291016,57.73500061035156,58.099998474121094,48.89513397216797,1531400,0.0
2015-03-06,57.810001373291016,58.029998779296875,57.21500015258789,57.29999923706055,48.221900939941406,1368800,0.0
2015-03-09,57.43000030517578,57.78499984741211,57.43000030517578,57.68000030517578,48.54167938232422,1193400,0.0
2015-03-10,57.30500030517578,57.30500030517578,56.810001373291016,57.0,47.969417572021484,1615400,0.0
2015-03-11,57.04999923706055,57.3650016784668,56.82500076293945,57.3650016784668,48.276588439941406,1678400,0.0
2015-03-12,57.70000076293945,58.43000030517578,57.70000076293945,58.36000061035156,49.11394500732422,1553200,0.0
2015-03-13,58.369998931884766,58.369998931884766,57.45500183105469,58.154998779296875,48.94142150878906,1515800,0.0
2015-03-16,58.40999984741211,58.52000045776367,58.25,58.35499954223633,49.10974884033203,2162400,0.0
2015-03-17,58.26499938964844,58.540000915527344,58.07500076293945,58.47999954223633,49.214935302734375,1242600,0.0
2015-03-18,58.415000915527344,59.189998626708984,58.14500045776367,59.01499938964844,49.665184020996094,1931000,0.0
2015-03-19,58.8650016784668,59.14500045776367,58.7400016784668,59.125,49.75775909423828,1441000,0.0
2015-03-20,59.39500045776367,59.83000183105469,59.25,59.75,50.28373718261719,2186800,0.0
2015-03-23,59.77000045776367,60.04499816894531,59.755001068115234,59.84000015258789,50.35947036743164,1824200,0.0
2015-03-24,59.8650016784668,59.98500061035156,59.70500183105469,59.869998931884766,50.38470458984375,1420400,0.0
2015-03-25,59.779998779296875,59.779998779296875,58.3650016784668,58.42499923706055,49.34171676635742,1351000,0.21
2015-03-26,58.34000015258789,58.48500061035156,57.974998474121094,58.2400016784668,49.18548583984375,2783800,0.0
2015-03-27,58.290000915527344,58.599998474121094,57.98500061035156,58.53499984741211,49.434608459472656,1383600,0.0
2015-03-30,58.779998779296875,59.39500045776367,58.779998779296875,59.244998931884766,50.03424072265625,1507200,0.0
2015-03-31,59.025001525878906,59.17499923706055,58.84000015258789,59.01499938964844,49.84000015258789,1516200,0.0
2015-04-01,58.91999816894531,59.099998474121094,58.375,58.935001373291016,49.77243423461914,1970600,0.0
2015-04-02,59.0,59.459999084472656,58.94499969482422,59.1150016784668,49.92444610595703,1220600,0.0
2015-04-06,58.904998779296875,59.474998474121094,58.755001068115234,59.29999923706055,50.0806884765625,1757400,0.0
2015-04-07,59.2400016784668,59.32500076293945,58.86000061035156,58.880001068115234,49.725982666015625,2130200,0.0
2015-04-08,58.89500045776367,59.400001525878906,58.89500045776367,59.26499938964844,50.05112838745117,894000,0.0
2015-04-09,59.23500061035156,59.380001068115234,58.4900016784668,59.01499938964844,49.84000015258789,1309600,0.0
2015-04-10,59.22999954223633,59.34000015258789,59.125,59.28499984741211,50.068031311035156,1529800,0.0
2015-04-13,59.255001068115234,59.57500076293945,59.22999954223633,59.275001525878906,50.0595817565918,1577400,0.0
2015-04-14,59.310001373291016,59.435001373291016,58.875,59.275001525878906,50.0595817565918,1717000,0.0
2015-04-15,59.494998931884766,59.935001373291016,59.349998474121094,59.69499969482422,50.414283752441406,1665200,0.0
2015-04-16,59.599998474121094,59.720001220703125,59.474998474121094,59.540000915527344,50.28337478637695,1858800,0.0
2015-04-17,59.11000061035156,59.23500061035156,58.3849983215332,58.599998474121094,49.48951721191406,2244800,0.0
2015-04-20,58.900001525878906,59.435001373291016,58.875,59.2599983215332,50.04690170288086,2069000,0.0
2015-04-21,59.45000076293945,59.494998931884766,59.064998626708984,59.099998474121094,49.91178512573242,1475000,0.0
2015-04-22,59.099998474121094,59.28499984741211,58.625,59.209999084472656,50.00468444824219,1411000,0.0
2015-04-23,59.11000061035156,59.67499923706055,59.064998626708984,59.57500076293945,50.31292724609375,1343600,0.0
2015-04-24,59.6150016784668,59.665000915527344,59.345001220703125,59.45500183105469,50.211570739746094,1199000,0.0
2015-04-27,59.60499954223633,60.0,58.79999923706055,59.02000045776367,49.844215393066406,1696400,0.0
2015-04-28,59.040000915527344,59.494998931884766,58.61000061035156,59.40999984741211,50.173583984375,1952400,0.0
2015-04-29,59.154998779296875,59.28499984741211,58.70000076293945,58.7599983215332,49.624637603759766,1905400,0.0
2015-04-30,58.47999954223633,58.560001373291016,57.43000030517578,57.654998779296875,48.6914176940918,1662000,0.0
2015-05-01,57.85499954223633,58.08000183105469,57.56999969482422,58.0,48.9827880859375,1188400,0.0
2015-05-04,58.06999969482422,58.54499816894531,57.959999084472656,58.150001525878906,49.10947036743164,1377600,0.0
2015-05-05,58.150001525878906,58.2599983215332,57.314998626708984,57.540000915527344,48.59431457519531,1096000,0.0
2015-05-06,57.68000030517578,57.7599983215332,57.220001220703125,57.654998779296875,48.6914176940918,1342400,0.0
2015-05-07,57.65999984741211,58.185001373291016,57.45000076293945,57.904998779296875,48.90257263183594,1517600,0.0
2015-05-08,58.47999954223633,58.54999923706055,58.185001373291016,58.27000045776367,49.2108154296875,901800,0.0
2015-05-11,58.29999923706055,58.73500061035156,58.154998779296875,58.310001373291016,49.244598388671875,1208200,0.0
2015-05-12,58.13999938964844,58.33000183105469,57.400001525878906,58.150001525878906,49.10947036743164,950400,0.0
2015-05-13,58.2400016784668,58.40999984741211,57.904998779296875,58.1150016784668,49.079917907714844,1023000,0.0
2015-05-14,58.42499923706055,58.790000915527344,58.21500015258789,58.775001525878906,49.63730239868164,812000,0.0
2015-05-15,58.67499923706055,58.744998931884766,58.3849983215332,58.70000076293945,49.573974609375,1478800,0.0
2015-05-18,58.625,59.33000183105469,58.44499969482422,59.255001068115234,50.04269027709961,1370800,0.0
2015-05-19,59.224998474121094,59.29999923706055,58.96500015258789,59.22999954223633,50.021568298339844,2018000,0.0
2015-05-20,59.34000015258789,59.439998626708984,58.9900016784668,59.27000045776367,50.05536651611328,1157600,0.0
2015-05-21,59.2599983215332,59.46500015258789,59.04999923706055,59.23500061035156,50.02579116821289,874200,0.0
2015-05-22,59.15999984741211,59.32500076293945,58.779998779296875,58.95500183105469,49.789337158203125,1457800,0.0
2015-05-26,58.66999816894531,58.814998626708984,58.005001068115234,58.27000045776367,49.2108154296875,1037600,0.0
2015-05-27,58.345001220703125,59.0,58.11000061035156,58.935001373291016,49.77243423461914,1537000,0.0
2015-05-28,58.834999084472656,58.97999954223633,58.54999923706055,58.96500015258789,49.797767639160156,1081200,0.0
2015-05-29,58.869998931884766,58.95000076293945,58.26499938964844,58.494998931884766,49.40083694458008,2251000,0.0
2015-06-01,58.97999954223633,59.0,58.14500045776367,58.72999954223633,49.59929656982422,1350200,0.0
2015-06-02,58.560001373291016,59.255001068115234,58.41999816894531,58.88999938964844,49.73442459106445,1165800,0.0
2015-06-03,59.09000015258789,59.60499954223633,58.90999984741211,59.494998931884766,50.24538040161133,897600,0.0
2015-06-04,59.27000045776367,59.415000915527344,58.790000915527344,58.95000076293945,49.78510665893555,975000,0.0
2015-06-05,58.79499816894531,59.345001220703125,58.41999816894531,59.31999969482422,50.09758758544922,1574200,0.0
2015-06-08,59.224998474121094,59.39500045776367,58.974998474121094,59.04999923706055,49.86955642700195,1456800,0.0
2015-06-09,59.01499938964844,59.1349983215332,58.59000015258789,58.89500045776367,49.738651275634766,1080800,0.0
2015-06-10,59.14500045776367,59.9900016784668,59.084999084472656,59.72999954223633,50.4438362121582,1743400,0.0
2015-06-11,59.79499816894531,59.93000030517578,59.6150016784668,59.775001525878906,50.48183822631836,1385400,0.0
2015-06-12,59.61000061035156,59.775001525878906,59.39500045776367,59.665000915527344,50.38895034790039,1176200,0.0
2015-06-15,59.349998474121094,59.685001373291016,58.834999084472656,59.51499938964844,50.26225662231445,1295600,0.0
2015-06-16,59.40999984741211,60.040000915527344,59.40999984741211,59.95500183105469,50.63385772705078,992800,0.0
2015-06-17,60.029998779296875,60.189998626708984,59.69499969482422,59.79999923706055,50.50295639038086,1176800,0.0
2015-06-18,60.025001525878906,60.65999984741211,60.025001525878906,60.4900016784668,51.08568572998047,987800,0.0
2015-06-19,60.53499984741211,60.69499969482422,60.290000915527344,60.5,51.0941276550293,1525000,0.0
2015-06-22,60.82500076293945,60.94499969482422,60.689998626708984,60.834999084472656,51.37703323364258,1033800,0.0
2015-06-23,60.8650016784668,61.04999923706055,60.720001220703125,60.994998931884766,51.512168884277344,1181200,0.0
2015-06-24,60.81999969482422,60.89500045776367,60.314998626708984,60.404998779296875,51.1640510559082,977000,0.179
2015-06-25,60.665000915527344,60.665000915527344,60.084999084472656,60.32500076293945,51.096290588378906,1147200,0.0
2015-06-26,60.525001525878906,60.54999923706055,59.96500015258789,60.23500061035156,51.02005386352539,959800,0.0
2015-06-29,59.80500030517578,60.099998474121094,58.779998779296875,58.845001220703125,49.84269714355469,1984200,0.0
2015-06-30,59.369998931884766,59.369998931884766,58.755001068115234,58.939998626708984,49.92316818237305,2530200,0.0
2015-07-01,59.52000045776367,59.595001220703125,58.90999984741211,59.224998474121094,50.16456985473633,1490600,0.0
2015-07-02,59.26499938964844,59.35499954223633,58.650001525878906,58.84000015258789,49.83847427368164,2321600,0.0
2015-07-06,58.40999984741211,59.07500076293945,58.36000061035156,58.744998931884766,49.75799560546875,1187800,0.0
2015-07-07,58.8650016784668,58.8849983215332,57.790000915527344,58.83000183105469,49.82999801635742,1652200,0.0
2015-07-08,58.32500076293945,58.6150016784668,57.709999084472656,58.05500030517578,49.17356491088867,1716400,0.0
2015-07-09,58.6349983215332,58.72999954223633,58.10499954223633,58.185001373291016,49.2836799621582,2019000,0.0
2015-07-10,58.85499954223633,59.04499816894531,58.595001220703125,58.974998474121094,49.95280075073242,857600,0.0
2015-07-13,59.185001373291016,59.58000183105469,59.185001373291016,59.44499969482422,50.35091781616211,999400,0.0
2015-07-14,59.36000061035156,59.779998779296875,59.36000061035156,59.709999084472656,50.57535934448242,1486000,0.0
2015-07-15,59.71500015258789,59.7400016784668,59.20000076293945,59.29499816894531,50.22385025024414,897600,0.0
2015-07-16,59.69499969482422,59.900001525878906,59.52000045776367,59.689998626708984,50.55841827392578,930600,0.0
2015-07-17,59.7400016784668,59.7400016784668,59.18000030517578,59.334999084472656,50.25774002075195,1055000,0.0
2015-07-20,59.38999938964844,59.38999938964844,58.89500045776367,59.040000915527344,50.00786209106445,2083000,0.0
2015-07-21,59.06999969482422,59.41999816894531,58.68000030517578,58.880001068115234,49.87234878540039,1805400,0.0
2015-07-22,58.744998931884766,59.09000015258789,58.619998931884766,59.025001525878906,49.995155334472656,2101000,0.0
2015-07-23,59.154998779296875,59.189998626708984,58.21500015258789,58.29999923706055,49.381072998046875,1480800,0.0
2015-07-24,58.255001068115234,58.415000915527344,57.45500183105469,57.540000915527344,48.73733901977539,1754000,0.0
2015-07-27,57.2400016784668,57.51499938964844,57.01499938964844,57.17499923706055,48.42818832397461,2197800,0.0
2015-07-28,57.310001373291016,57.709999084472656,56.60499954223633,57.61000061035156,48.796634674072266,2452800,0.0
2015-07-29,57.59000015258789,58.08000183105469,57.404998779296875,57.91999816894531,49.0592041015625,2404800,0.0
2015-07-30,57.790000915527344,58.220001220703125,57.6349983215332,58.15999984741211,49.262489318847656,996200,0.0
2015-07-31,58.22999954223633,58.78499984741211,58.150001525878906,58.45000076293945,49.50813674926758,3225000,0.0
2015-08-03,58.46500015258789,58.595001220703125,57.744998931884766,58.1349983215332,49.24131393432617,2242000,0.0
2015-08-04,58.2400016784668,58.53499984741211,58.0,58.130001068115234,49.23707962036133,1373400,0.0
2015-08-05,58.459999084472656,58.96500015258789,58.20000076293945,58.3650016784668,49.43613815307617,1551400,0.0
2015-08-06,58.4900016784668,58.54999923706055,57.474998474121094,57.869998931884766,49.01687240600586,1405000,0.0
2015-08-07,57.65999984741211,57.779998779296875,57.244998931884766,57.57500076293945,48.76698684692383,1187000,0.0
2015-08-10,57.80500030517578,58.310001373291016,57.79499816894531,58.209999084472656,49.304847717285156,1088600,0.0
2015-08-11,57.79999923706055,58.095001220703125,57.564998626708984,57.810001373291016,48.96603775024414,2418200,0.0
2015-08-12,57.47999954223633,57.73500061035156,56.810001373291016,57.6150016784668,48.80086898803711,1473600,0.0
2015-08-13,57.61000061035156,57.93000030517578,57.34000015258789,57.525001525878906,48.724647521972656,2300000,0.0
2015-08-14,57.54499816894531,58.064998626708984,57.404998779296875,58.040000915527344,49.16084671020508,1747600,0.0
2015-08-17,57.869998931884766,58.52000045776367,57.6150016784668,58.470001220703125,49.52507019042969,935000,0.0
2015-08-18,58.459999084472656,58.459999084472656,58.040000915527344,58.125,49.23285675048828,1347800,0.0
2015-08-19,57.88999938964844,58.029998779296875,57.275001525878906,57.560001373291016,48.754276275634766,1575800,0.0
2015-08-20,57.14500045776367,57.165000915527344,56.334999084472656,56.334999084472656,47.71669006347656,2421200,0.0
2015-08-21,55.810001373291016,56.3650016784668,55.35499954223633,55.61000061035156,47.10260772705078,2989400,0.0
2015-08-24,53.595001220703125,55.15999984741211,38.76499938964844,53.45000076293945,45.273040771484375,5010000,0.0
2015-08-25,53.97999954223633,55.189998626708984,52.849998474121094,52.849998474121094,44.76483917236328,2735600,0.0
2015-08-26,53.375,54.220001220703125,52.8650016784668,54.16999816894531,45.88290023803711,6168600,0.0
2015-08-27,54.650001525878906,55.334999084472656,54.025001525878906,55.04499816894531,46.62403869628906,2353000,0.0
2015-08-28,54.98500061035156,55.540000915527344,54.89500045776367,55.45500183105469,46.9713249206543,1851000,0.0
2015-08-31,55.35499954223633,55.665000915527344,55.150001525878906,55.415000915527344,46.93742752075195,4522000,0.0
2015-09-01,54.8650016784668,54.8849983215332,53.70500183105469,53.90999984741211,45.66267013549805,2116000,0.0
2015-09-02,54.439998626708984,54.67499923706055,53.915000915527344,54.654998779296875,46.2936897277832,1120400,0.0
2015-09-03,54.810001373291016,55.314998626708984,54.67499923706055,54.75,46.37416458129883,1539200,0.0
2015-09-04,54.25,54.68000030517578,54.040000915527344,54.28499984741211,45.98030471801758,1495800,0.0
2015-09-08,55.07500076293945,55.494998931884766,54.8849983215332,55.415000915527344,46.93742752075195,3608000,0.0
2015-09-09,55.755001068115234,55.875,54.83000183105469,54.89500045776367,46.496986389160156,2121200,0.0
2015-09-10,54.81999969482422,55.345001220703125,54.70500183105469,54.93000030517578,46.52663803100586,1691800,0.0
2015-09-11,54.76499938964844,55.1349983215332,54.4900016784668,55.130001068115234,46.69602966308594,1515800,0.0
2015-09-14,55.2400016784668,55.244998931884766,54.834999084472656,54.91999816894531,46.51815414428711,636000,0.0
2015-09-15,55.04999923706055,55.665000915527344,54.970001220703125,55.525001525878906,47.03060531616211,1007000,0.0
2015-09-16,55.6150016784668,56.125,55.53499984741211,56.10499954223633,47.521873474121094,764400,0.0
2015-09-17,56.09000015258789,56.88999938964844,55.959999084472656,56.150001525878906,47.559993743896484,871600,0.0
2015-09-18,55.4900016784668,55.845001220703125,55.099998474121094,55.220001220703125,46.77227020263672,1081800,0.0
2015-09-21,55.56999969482422,56.10499954223633,55.275001525878906,55.435001373291016,46.95437240600586,1147000,0.0
2015-09-22,54.904998779296875,55.1349983215332,54.404998779296875,54.67499923706055,46.310630798339844,2177000,0.0
2015-09-23,54.724998474121094,54.994998931884766,54.375,54.619998931884766,46.26405334472656,1822600,0.0
2015-09-24,54.279998779296875,54.64500045776367,53.93000030517578,54.560001373291016,46.21323013305664,2316200,0.0
2015-09-25,54.880001068115234,54.880001068115234,54.06999969482422,54.32500076293945,46.16563415527344,1701800,0.179
2015-09-28,54.130001068115234,54.345001220703125,52.76499938964844,52.8650016784668,44.92493438720703,1926800,0.0
2015-09-29,52.915000915527344,53.16999816894531,52.380001068115234,52.630001068115234,44.72522735595703,3073200,0.0
2015-09-30,53.040000915527344,53.3650016784668,52.76499938964844,53.28499984741211,45.2818489074707,1758800,0.0
2015-10-01,53.415000915527344,53.540000915527344,52.435001373291016,53.08000183105469,45.107635498046875,3853000,0.0
2015-10-02,52.61000061035156,53.69499969482422,52.150001525878906,53.68000030517578,45.617523193359375,2350800,0.0
2015-10-05,54.224998474121094,55.19499969482422,54.005001068115234,55.1150016784668,46.83699035644531,1160200,0.0
2015-10-06,55.08000183105469,55.375,54.59000015258789,54.85499954223633,46.61604309082031,1328200,0.0
2015-10-07,55.16999816894531,55.76499938964844,54.95000076293945,55.76499938964844,47.38936233520508,1759000,0.0
2015-10-08,55.65999984741211,56.44499969482422,55.595001220703125,56.380001068115234,47.91200256347656,2316200,0.0
2015-10-09,56.52000045776367,56.68000030517578,56.314998626708984,56.45500183105469,47.97573471069336,1621800,0.0
2015-10-12,56.474998474121094,56.6150016784668,56.2400016784668,56.525001525878906,48.03522491455078,969200,0.0
2015-10-13,56.29499816894531,56.78499984741211,55.790000915527344,55.79499816894531,47.41486740112305,1162000,0.0
2015-10-14,55.849998474121094,56.1150016784668,55.119998931884766,55.20500183105469,46.91346740722656,4002400,0.0
2015-10-15,55.375,56.2599983215332,54.94499969482422,56.2599983215332,47.81000900268555,1305600,0.0
2015-10-16,56.369998931884766,56.40999984741211,55.78499984741211,56.2599983215332,47.81000900268555,1805400,0.0
2015-10-19,56.04999923706055,56.560001373291016,55.84000015258789,56.39500045776367,47.92474365234375,941200,0.0
2015-10-20,56.34000015258789,56.75,56.224998474121094,56.5,48.013973236083984,806600,0.0
2015-10-21,56.69499969482422,56.70500183105469,55.59000015258789,55.630001068115234,47.2746467590332,830200,0.0
2015-10-22,55.880001068115234,56.41999816894531,55.76499938964844,56.1349983215332,47.70376968383789,1312400,0.0
2015-10-23,56.625,56.75,56.130001068115234,56.69499969482422,48.179683685302734,1144200,0.0
2015-10-26,56.70500183105469,56.775001525878906,56.36000061035156,56.435001373291016,47.958740234375,2165000,0.0
2015-10-27,56.20000076293945,56.29999923706055,55.55500030517578,55.80500030517578,47.42335891723633,2635400,0.0
2015-10-28,55.974998474121094,57.31999969482422,55.93000030517578,57.30500030517578,48.698062896728516,2737000,0.0
2015-10-29,57.185001373291016,57.30500030517578,56.625,56.78499984741211,48.256160736083984,1616200,0.0
2015-10-30,56.67499923706055,56.904998779296875,56.42499923706055,56.525001525878906,48.03522491455078,1779000,0.0
2015-11-02,56.599998474121094,57.75,56.57500076293945,57.599998474121094,48.94874954223633,3102000,0.0
2015-11-03,57.48500061035156,58.165000915527344,57.470001220703125,57.8849983215332,49.190948486328125,1334200,0.0
2015-11-04,57.95000076293945,58.06999969482422,57.51499938964844,57.755001068115234,49.080482482910156,1043600,0.0
2015-11-05,57.68000030517578,57.9900016784668,57.31999969482422,57.8650016784668,49.1739501953125,1808400,0.0
2015-11-06,57.80500030517578,58.209999084472656,57.29999923706055,58.17499923706055,49.4373893737793,1819000,0.0
2015-11-09,58.119998931884766,58.119998931884766,57.11000061035156,57.33000183105469,48.71931076049805,1882600,0.0
2015-11-10,57.13999938964844,57.5,57.0,57.45500183105469,48.825531005859375,1102800,0.0
2015-11-11,57.525001525878906,57.54999923706055,56.95000076293945,56.959999084472656,48.40488815307617,892200,0.0
2015-11-12,56.650001525878906,56.69499969482422,55.880001068115234,55.93000030517578,47.529598236083984,1999800,0.0
2015-11-13,55.814998626708984,56.14500045776367,55.375,55.55500030517578,47.210899353027344,1891000,0.0
2015-11-16,55.439998626708984,56.189998626708984,55.404998779296875,56.17499923706055,47.73778533935547,1580200,0.0
2015-11-17,56.310001373291016,56.76499938964844,55.95000076293945,56.03499984741211,47.618804931640625,4310000,0.0
2015-11-18,56.220001220703125,56.96500015258789,56.01499938964844,56.8650016784668,48.32415008544922,1284000,0.0
2015-11-19,56.82500076293945,56.94499969482422,56.58000183105469,56.71500015258789,48.19668197631836,2024400,0.0
2015-11-20,56.970001220703125,57.38999938964844,56.915000915527344,57.15999984741211,48.57485580444336,4437600,0.0
2015-11-23,57.125,57.61000061035156,57.04499816894531,57.35499954223633,48.74056625366211,2121800,0.0
2015-11-24,57.17499923706055,57.834999084472656,56.959999084472656,57.744998931884766,49.07197570800781,2528200,0.0
2015-11-25,57.810001373291016,58.185001373291016,57.689998626708984,58.1349983215332,49.40339279174805,1742200,0.0
2015-11-27,58.1349983215332,58.45000076293945,57.96500015258789,58.29499816894531,49.53936767578125,1234000,0.0
2015-11-30,58.60499954223633,58.60499954223633,58.04499816894531,58.04999923706055,49.331172943115234,3281800,0.0
2015-12-01,58.30500030517578,58.52000045776367,58.029998779296875,58.47999954223633,49.69657897949219,1430000,0.0
2015-12-02,58.369998931884766,58.595001220703125,57.869998931884766,57.95000076293945,49.24618911743164,1186800,0.0
2015-12-03,58.09000015258789,58.349998474121094,56.82500076293945,57.040000915527344,48.47286605834961,1854200,0.0
2015-12-04,57.025001525878906,57.70000076293945,56.904998779296875,57.619998931884766,48.96574401855469,1992000,0.0
2015-12-07,57.6150016784668,57.6150016784668,56.540000915527344,56.755001068115234,48.23066711425781,2094400,0.0
2015-12-08,56.38999938964844,56.724998474121094,55.95500183105469,56.380001068115234,47.91200256347656,1886400,0.0
2015-12-09,56.290000915527344,56.76499938964844,55.53499984741211,55.720001220703125,47.351131439208984,2213600,0.0
2015-12-10,55.71500015258789,56.17499923706055,55.529998779296875,55.86000061035156,47.470088958740234,1628800,0.0
2015-12-11,55.34000015258789,55.46500015258789,54.584999084472656,54.814998626708984,46.58205795288086,1524800,0.0
2015-12-14,54.869998931884766,55.029998779296875,54.10499954223633,54.5099983215332,46.322853088378906,2794600,0.0
2015-12-15,54.755001068115234,55.375,54.755001068115234,55.26499938964844,46.964473724365234,2304600,0.0
2015-12-16,55.61000061035156,56.13999938964844,55.29999923706055,56.029998779296875,47.61455154418945,2347600,0.0
2015-12-17,56.29499816894531,56.29499816894531,55.349998474121094,55.400001525878906,47.079200744628906,1577800,0.0
2015-12-18,55.119998931884766,55.17499923706055,54.45000076293945,54.4900016784668,46.30585479736328,2633000,0.0
2015-12-21,54.6349983215332,55.07500076293945,54.5,54.92499923706055,46.67552185058594,2213200,0.0
2015-12-22,55.05500030517578,55.54999923706055,54.6349983215332,55.459999084472656,47.13016891479492,3573600,0.0
2015-12-23,55.779998779296875,56.185001373291016,55.68000030517578,56.09000015258789,47.665550231933594,2861000,0.0
2015-12-24,55.900001525878906,56.32500076293945,55.78499984741211,56.0,47.80169677734375,977400,0.2495
2015-12-28,55.779998779296875,55.869998931884766,55.26499938964844,55.775001525878906,47.60963439941406,2161000,0.0
2015-12-29,56.05500030517578,56.400001525878906,55.814998626708984,56.349998474121094,48.1004638671875,2294200,0.0
2015-12-30,56.349998474121094,56.400001525878906,55.779998779296875,55.790000915527344,47.62245559692383,2141200,0.0
2015-12-31,55.55500030517578,55.709999084472656,55.03499984741211,55.05500030517578,46.99504470825195,2692400,0.0
2016-01-04,54.130001068115234,54.150001525878906,53.31999969482422,53.77000045776367,45.898162841796875,3070400,0.0
2016-01-05,53.92499923706055,54.04499816894531,53.58000183105469,53.935001373291016,46.03901290893555,1527200,0.0
2016-01-06,53.19499969482422,53.68000030517578,53.025001525878906,53.31999969482422,45.514060974121094,1450800,0.0
2016-01-07,52.314998626708984,52.79999923706055,51.869998931884766,51.95000076293945,44.3446159362793,3565600,0.0
2016-01-08,52.13999938964844,52.36000061035156,51.02000045776367,51.084999084472656,43.60625457763672,2880800,0.0
2016-01-11,51.30500030517578,51.58000183105469,50.61000061035156,51.09000015258789,43.61051559448242,2257000,0.0
2016-01-12,51.38999938964844,51.720001220703125,50.415000915527344,51.224998474121094,43.72574996948242,1842200,0.0
2016-01-13,51.40999984741211,51.53499984741211,49.48500061035156,49.83000183105469,42.53497314453125,2215000,0.0
2016-01-14,50.029998779296875,50.95500183105469,49.415000915527344,50.5099983215332,43.115413665771484,4143800,0.0
2016-01-15,49.244998931884766,49.98500061035156,48.65999984741211,49.90999984741211,42.603267669677734,3906400,0.0
2016-01-19,50.30500030517578,50.41999816894531,48.814998626708984,49.36000061035156,42.1337890625,3130800,0.0
2016-01-20,48.65999984741211,50.01499938964844,47.625,49.46500015258789,42.22341537475586,4341200,0.0
2016-01-21,49.51499938964844,50.18000030517578,49.099998474121094,49.36000061035156,42.1337890625,4067400,0.0
2016-01-22,50.08000183105469,50.54999923706055,49.8849983215332,50.40999984741211,43.030067443847656,2233800,0.0
2016-01-25,50.18000030517578,50.32500076293945,49.3650016784668,49.47999954223633,42.2362060546875,1806800,0.0
2016-01-26,49.685001373291016,50.73500061035156,49.654998779296875,50.65999984741211,43.24346923828125,1994200,0.0
2016-01-27,50.459999084472656,50.86000061035156,49.68000030517578,49.95000076293945,42.63739776611328,2683000,0.0
2016-01-28,50.375,50.58000183105469,49.90999984741211,50.07500076293945,42.744110107421875,2337600,0.0
2016-01-29,50.2400016784668,51.689998626708984,50.2400016784668,51.665000915527344,44.1013298034668,2959400,0.0
2016-02-01,51.310001373291016,51.76499938964844,50.92499923706055,51.4900016784668,43.95194625854492,2044600,0.0
2016-02-02,50.95500183105469,51.06999969482422,50.275001525878906,50.474998474121094,43.08555603027344,2230800,0.0
2016-02-03,50.84000015258789,50.93000030517578,49.59000015258789,50.595001220703125,43.18799591064453,1598000,0.0
2016-02-04,50.47999954223633,51.33000183105469,50.404998779296875,50.85499954223633,43.409912109375,1538000,0.0
2016-02-05,50.625,50.790000915527344,49.66999816894531,49.70000076293945,42.42401123046875,2257000,0.0
2016-02-08,49.244998931884766,49.41999816894531,48.525001525878906,49.22999954223633,42.02280807495117,2138600,0.0
2016-02-09,48.625,49.4900016784668,48.540000915527344,48.98500061035156,41.813682556152344,1991000,0.0
2016-02-10,49.224998474121094,49.915000915527344,48.79999923706055,48.834999084472656,41.68564224243164,2360000,0.0
2016-02-11,47.9900016784668,48.58000183105469,47.709999084472656,48.275001525878906,41.20762252807617,2742200,0.0
2016-02-12,48.685001373291016,49.19499969482422,48.47999954223633,49.099998474121094,41.91184997558594,5761000,0.0
2016-02-16,49.70000076293945,50.275001525878906,49.404998779296875,50.189998626708984,42.84226989746094,2571800,0.0
2016-02-17,50.494998931884766,51.220001220703125,50.44499969482422,50.79999923706055,43.36296844482422,1974400,0.0
2016-02-18,50.85499954223633,50.95000076293945,50.5,50.70500183105469,43.28187942504883,1535200,0.0
2016-02-19,50.53499984741211,51.02000045776367,50.34000015258789,50.90999984741211,43.456871032714844,989200,0.0
2016-02-22,51.380001068115234,51.70000076293945,51.2599983215332,51.505001068115234,43.96476745605469,934400,0.0
2016-02-23,51.35499954223633,51.51499938964844,51.14500045776367,51.19499969482422,43.700138092041016,1226000,0.0
2016-02-24,50.70500183105469,51.744998931884766,50.45000076293945,51.685001373291016,44.118408203125,1906200,0.0
2016-02-25,51.810001373291016,52.19499969482422,51.584999084472656,52.154998779296875,44.519588470458984,1380600,0.0
2016-02-26,52.43000030517578,52.53499984741211,52.130001068115234,52.39500045776367,44.72446823120117,2078000,0.0
2016-02-29,52.380001068115234,52.81999969482422,52.21500015258789,52.22999954223633,44.583614349365234,2170600,0.0
2016-03-01,52.59000015258789,53.209999084472656,52.380001068115234,53.209999084472656,45.4201545715332,1785600,0.0
2016-03-02,53.150001525878906,53.67499923706055,53.02000045776367,53.67499923706055,45.81708908081055,1401400,0.0
2016-03-03,53.665000915527344,54.29499816894531,53.619998931884766,54.255001068115234,46.312164306640625,1617200,0.0
2016-03-04,54.279998779296875,54.880001068115234,54.1150016784668,54.560001373291016,46.5724983215332,2078800,0.0
2016-03-07,54.36000061035156,55.220001220703125,54.349998474121094,55.189998626708984,47.11028289794922,2616600,0.0
2016-03-08,54.92499923706055,54.935001373291016,53.90999984741211,53.959999084472656,46.06035232543945,1639400,0.0
2016-03-09,54.16999816894531,54.3650016784668,53.91999816894531,54.255001068115234,46.312164306640625,2089800,0.0
2016-03-10,54.44499969482422,54.599998474121094,53.345001220703125,53.8650016784668,45.97925567626953,1215800,0.0
2016-03-11,54.290000915527344,55.04499816894531,54.2599983215332,54.9900016784668,46.93956756591797,1097200,0.0
2016-03-14,54.845001220703125,54.91999816894531,54.5,54.720001220703125,46.70909881591797,1004400,0.0
2016-03-15,54.435001373291016,54.47999954223633,53.904998779296875,54.029998779296875,46.1201057434082,1079200,0.0
2016-03-16,53.79999923706055,54.560001373291016,53.79999923706055,54.345001220703125,46.38900375366211,1810800,0.0
2016-03-17,54.29499816894531,55.5099983215332,54.09000015258789,55.290000915527344,47.19564437866211,1766400,0.0
2016-03-18,55.40999984741211,55.939998626708984,55.28499984741211,55.82500076293945,47.65231704711914,1409200,0.0
2016-03-21,55.71500015258789,55.88999938964844,55.45000076293945,55.654998779296875,47.50720977783203,2346000,0.0
2016-03-22,55.310001373291016,55.73500061035156,55.125,55.4900016784668,47.36635971069336,1530200,0.0
2016-03-23,55.15999984741211,55.17499923706055,54.400001525878906,54.41999816894531,46.629066467285156,1652800,0.2095
2016-03-24,54.13999938964844,54.59000015258789,53.880001068115234,54.584999084472656,46.77043533325195,1208000,0.0
2016-03-28,54.72999954223633,54.8650016784668,54.255001068115234,54.64500045776367,46.82183837890625,1445000,0.0
2016-03-29,54.5099983215332,56.16999816894531,54.41999816894531,56.16999816894531,48.12852478027344,2309800,0.0
2016-03-30,56.439998626708984,56.5,56.05500030517578,56.224998474121094,48.1756477355957,1854200,0.0
2016-03-31,56.29499816894531,56.5,56.130001068115234,56.28499984741211,48.22705841064453,1486800,0.0
2016-04-01,55.810001373291016,56.459999084472656,55.64500045776367,56.43000030517578,48.351287841796875,1330000,0.0
2016-04-04,56.349998474121094,56.439998626708984,55.779998779296875,55.814998626708984,47.824344635009766,1202200,0.0
2016-04-05,55.38999938964844,55.650001525878906,55.10499954223633,55.1349983215332,47.24168395996094,1297600,0.0
2016-04-06,55.150001525878906,55.654998779296875,54.95500183105469,55.6150016784668,47.65297317504883,1035000,0.0
2016-04-07,55.26499938964844,55.3849983215332,54.564998626708984,54.849998474121094,46.997501373291016,1490200,0.0
2016-04-08,55.275001525878906,55.529998779296875,54.88999938964844,55.165000915527344,47.26741027832031,955200,0.0
2016-04-11,55.400001525878906,55.88999938964844,55.025001525878906,55.025001525878906,47.14743423461914,1676000,0.0
2016-04-12,55.07500076293945,55.744998931884766,54.939998626708984,55.599998474121094,47.6401252746582,2447400,0.0
2016-04-13,55.900001525878906,56.849998474121094,55.845001220703125,56.80500030517578,48.67261505126953,1825600,0.0
2016-04-14,56.77000045776367,56.89500045776367,56.474998474121094,56.67499923706055,48.561222076416016,2554200,0.0
2016-04-15,56.47999954223633,56.880001068115234,56.459999084472656,56.814998626708984,48.68117904663086,1549200,0.0
2016-04-18,56.59000015258789,57.255001068115234,56.494998931884766,57.20500183105469,49.015357971191406,1459400,0.0
2016-04-19,57.349998474121094,57.69499969482422,57.154998779296875,57.415000915527344,49.195274353027344,1663800,0.0
2016-04-20,57.375,57.72999954223633,57.185001373291016,57.439998626708984,49.216705322265625,1641400,0.0
2016-04-21,57.40999984741211,57.560001373291016,56.869998931884766,56.97999954223633,48.82256317138672,1983000,0.0
2016-04-22,57.029998779296875,57.650001525878906,57.01499938964844,57.584999084472656,49.34093475341797,2841800,0.0
2016-04-25,57.494998931884766,57.5,56.8849983215332,57.099998474121094,48.92537307739258,1527400,0.0
2016-04-26,57.314998626708984,57.875,57.165000915527344,57.845001220703125,49.563720703125,1723600,0.0
2016-04-27,57.834999084472656,58.20500183105469,57.6349983215332,58.119998931884766,49.79934310913086,1031000,0.0
2016-04-28,57.85499954223633,58.064998626708984,57.17499923706055,57.28499984741211,49.08388900756836,3825800,0.0
2016-04-29,57.279998779296875,57.44499969482422,56.599998474121094,56.959999084472656,48.80542755126953,1366200,0.0
2016-05-02,57.125,57.470001220703125,56.869998931884766,57.470001220703125,49.242401123046875,3336600,0.0
2016-05-03,56.994998931884766,57.025001525878906,56.224998474121094,56.60499954223633,48.50125503540039,1959400,0.0
2016-05-04,56.31999969482422,56.845001220703125,56.099998474121094,56.32500076293945,48.26133728027344,2807800,0.0
2016-05-05,56.494998931884766,56.595001220703125,55.935001373291016,55.9900016784668,47.97428894042969,865800,0.0
2016-05-06,55.775001525878906,56.43000030517578,55.68000030517578,56.43000030517578,48.351287841796875,1450800,0.0
2016-05-09,56.44499969482422,56.7599983215332,56.165000915527344,56.41999816894531,48.34272003173828,901400,0.0
2016-05-10,56.69499969482422,56.95000076293945,56.34000015258789,56.90999984741211,48.76258850097656,934800,0.0
2016-05-11,56.76499938964844,56.849998474121094,56.17499923706055,56.189998626708984,48.145652770996094,4386600,0.0
2016-05-12,56.369998931884766,56.5,55.56999969482422,56.0099983215332,47.99142837524414,2207400,0.0
2016-05-13,55.88999938964844,56.25,55.48500061035156,55.55500030517578,47.6015625,1141400,0.0
2016-05-16,55.709999084472656,56.415000915527344,55.6349983215332,56.18000030517578,48.13710021972656,3188800,0.0
2016-05-17,56.029998779296875,56.314998626708984,54.935001373291016,55.224998474121094,47.31879425048828,1669800,0.0
2016-05-18,54.97999954223633,55.95500183105469,54.900001525878906,55.494998931884766,47.55015563964844,1146400,0.0
2016-05-19,55.064998626708984,55.5,54.61000061035156,55.06999969482422,47.18599319458008,1535200,0.0
2016-05-20,55.29999923706055,55.935001373291016,55.244998931884766,55.935001373291016,47.92716598510742,1041200,0.0
2016-05-23,56.025001525878906,56.165000915527344,55.71500015258789,55.77000045776367,47.785797119140625,978600,0.0
2016-05-24,56.099998474121094,57.07500076293945,56.03499984741211,56.97999954223633,48.82256317138672,1449000,0.0
2016-05-25,57.185001373291016,57.48500061035156,57.05500030517578,57.28499984741211,49.08388900756836,2038200,0.0
2016-05-26,57.369998931884766,57.505001068115234,57.11000061035156,57.255001068115234,49.058189392089844,1381400,0.0
2016-05-27,57.21500015258789,57.76499938964844,57.20000076293945,57.76499938964844,49.495174407958984,1801000,0.0
2016-05-31,57.880001068115234,58.150001525878906,57.630001068115234,57.875,49.58942413330078,2168800,0.0
2016-06-01,57.73500061035156,58.380001068115234,57.60499954223633,58.29499816894531,49.94929885864258,1124400,0.0
2016-06-02,58.15999984741211,58.61000061035156,58.06999969482422,58.61000061035156,50.219207763671875,848400,0.0
2016-06-03,58.4900016784668,58.494998931884766,57.82500076293945,58.279998779296875,49.93645095825195,918800,0.0
2016-06-06,58.3849983215332,59.119998931884766,58.334999084472656,58.94499969482422,50.50624084472656,977200,0.0
2016-06-07,58.9900016784668,59.369998931884766,58.875,59.1349983215332,50.66903305053711,1169400,0.0
2016-06-08,59.220001220703125,59.790000915527344,59.19499969482422,59.67499923706055,51.1317253112793,863200,0.0
2016-06-09,59.470001220703125,59.525001525878906,59.08000183105469,59.3650016784668,50.866127014160156,1024200,0.0
2016-06-10,58.810001373291016,59.005001068115234,58.39500045776367,58.59000015258789,50.20206832885742,1431600,0.0
2016-06-13,58.375,58.6150016784668,57.82500076293945,57.935001373291016,49.640830993652344,699600,0.0
2016-06-14,57.72999954223633,58.119998931884766,57.48500061035156,57.845001220703125,49.563720703125,1981800,0.0
2016-06-15,58.060001373291016,58.43000030517578,57.80500030517578,57.84000015258789,49.55942916870117,1643200,0.0
2016-06-16,57.505001068115234,57.845001220703125,57.005001068115234,57.79999923706055,49.525169372558594,1038800,0.0
2016-06-17,57.8650016784668,58.06999969482422,57.44499969482422,57.64500045776367,49.39235305786133,1089800,0.0
2016-06-20,58.400001525878906,58.90999984741211,58.349998474121094,58.349998474121094,49.996429443359375,888400,0.0
2016-06-21,58.19499969482422,58.2599983215332,57.709999084472656,58.07500076293945,49.91349411010742,1033000,0.1785
2016-06-22,58.165000915527344,58.42499923706055,57.76499938964844,57.814998626708984,49.69002151489258,1035200,0.0
2016-06-23,58.40999984741211,58.994998931884766,58.349998474121094,58.994998931884766,50.70419692993164,1101000,0.0
2016-06-24,56.70000076293945,57.5099983215332,56.369998931884766,56.72999954223633,48.75751495361328,2542200,0.0
2016-06-27,56.084999084472656,56.185001373291016,54.73500061035156,54.97999954223633,47.253448486328125,3756800,0.0
2016-06-28,55.439998626708984,55.98500061035156,55.400001525878906,55.71500015258789,47.8851432800293,1857200,0.0
2016-06-29,56.275001525878906,56.974998474121094,56.255001068115234,56.849998474121094,48.86064910888672,1929400,0.0
2016-06-30,57.05500030517578,58.10499954223633,56.810001373291016,58.10499954223633,49.93927001953125,2637600,0.0
2016-07-01,58.099998474121094,58.470001220703125,57.91999816894531,58.189998626708984,50.0123291015625,1616000,0.0
2016-07-05,58.0099983215332,58.13999938964844,57.064998626708984,57.400001525878906,49.333351135253906,1674200,0.0
2016-07-06,57.15999984741211,57.869998931884766,57.04499816894531,57.78499984741211,49.664241790771484,1421400,0.0
2016-07-07,57.90999984741211,58.29499816894531,57.54499816894531,57.85499954223633,49.72439956665039,1498200,0.0
2016-07-08,58.44499969482422,59.334999084472656,58.29999923706055,59.26499938964844,50.93624496459961,1502000,0.0
2016-07-11,59.61000061035156,60.02000045776367,59.5,59.935001373291016,51.51210021972656,2041000,0.0
2016-07-12,60.29999923706055,61.040000915527344,60.209999084472656,60.7400016784668,52.2039680480957,2881400,0.0
2016-07-13,60.92499923706055,61.0,60.400001525878906,60.619998931884766,52.10081481933594,2906400,0.0
2016-07-14,61.02000045776367,61.125,60.630001068115234,60.63999938964844,52.11802291870117,1667400,0.0
2016-07-15,60.94499969482422,61.0,60.625,60.79499816894531,52.25123596191406,3797000,0.0
2016-07-18,60.75,61.11000061035156,60.63999938964844,60.82500076293945,52.27701950073242,2647000,0.0
2016-07-19,60.720001220703125,60.84000015258789,60.35499954223633,60.45000076293945,51.95471954345703,1406200,0.0
2016-07-20,60.56999969482422,60.98500061035156,60.314998626708984,60.83000183105469,52.28129959106445,1444400,0.0
2016-07-21,60.775001525878906,60.94499969482422,60.29999923706055,60.44499969482422,51.950416564941406,1402800,0.0
2016-07-22,60.48500061035156,60.9900016784668,60.314998626708984,60.88999938964844,52.332881927490234,2061000,0.0
2016-07-25,60.724998474121094,60.849998474121094,60.5,60.654998779296875,52.13091278076172,1144600,0.0
2016-07-26,60.665000915527344,61.04499816894531,60.54999923706055,61.0,52.42744064331055,2549600,0.0
2016-07-27,61.15999984741211,61.290000915527344,60.78499984741211,61.165000915527344,52.569236755371094,1783000,0.0
2016-07-28,61.060001373291016,61.130001068115234,60.83000183105469,60.91999816894531,52.35866165161133,1153000,0.0
2016-07-29,60.93000030517578,61.349998474121094,60.54999923706055,61.005001068115234,52.43170928955078,1482800,0.0
2016-08-01,61.060001373291016,61.279998779296875,60.665000915527344,61.04999923706055,52.47039794921875,3528800,0.0
2016-08-02,61.029998779296875,61.04499816894531,59.9900016784668,60.14500045776367,51.69258117675781,2765600,0.0
2016-08-03,60.02000045776367,60.459999084472656,59.81999969482422,60.459999084472656,51.963321685791016,1732800,0.0
2016-08-04,60.46500015258789,60.779998779296875,60.369998931884766,60.470001220703125,51.97191619873047,1467200,0.0
2016-08-05,60.84000015258789,61.435001373291016,60.744998931884766,61.30500030517578,52.68955612182617,1530400,0.0
2016-08-08,61.334999084472656,61.5099983215332,61.11000061035156,61.224998474121094,52.62080001831055,1747800,0.0
2016-08-09,61.2400016784668,61.404998779296875,61.150001525878906,61.244998931884766,52.63799285888672,1244000,0.0
2016-08-10,61.29999923706055,61.3650016784668,60.68000030517578,60.900001525878906,52.341487884521484,1702400,0.0
2016-08-11,61.15999984741211,61.349998474121094,60.970001220703125,61.19499969482422,52.59501647949219,1381400,0.0
2016-08-12,61.05500030517578,61.2599983215332,60.82500076293945,61.1150016784668,52.52627182006836,1472600,0.0
2016-08-15,61.26499938964844,61.779998779296875,61.21500015258789,61.70500183105469,53.03334426879883,1221800,0.0
2016-08-16,61.57500076293945,61.595001220703125,61.209999084472656,61.275001525878906,52.663780212402344,3211200,0.0
2016-08-17,61.17499923706055,61.345001220703125,60.810001373291016,61.07500076293945,52.49188232421875,7790600,0.0
2016-08-18,61.14500045776367,61.529998779296875,61.09000015258789,61.5099983215332,52.86574935913086,1532200,0.0
2016-08-19,61.45000076293945,61.54499816894531,61.18000030517578,61.4900016784668,52.848575592041016,1148200,0.0
2016-08-22,61.375,61.724998474121094,61.15999984741211,61.65999984741211,52.99467849731445,1531200,0.0
2016-08-23,61.880001068115234,62.275001525878906,61.84000015258789,62.08000183105469,53.35565948486328,3356600,0.0
2016-08-24,62.04499816894531,62.14500045776367,61.6349983215332,61.775001525878906,53.09352111816406,2276800,0.0
2016-08-25,61.584999084472656,62.06999969482422,61.529998779296875,61.95500183105469,53.24822998046875,1913000,0.0
2016-08-26,61.994998931884766,62.415000915527344,61.400001525878906,61.755001068115234,53.07632064819336,1451200,0.0
2016-08-29,61.8650016784668,62.279998779296875,61.7599983215332,62.119998931884766,53.390018463134766,1117400,0.0
2016-08-30,62.125,62.26499938964844,61.89500045776367,62.17499923706055,53.437286376953125,1158200,0.0
2016-08-31,62.07500076293945,62.154998779296875,61.505001068115234,61.86000061035156,53.166568756103516,1497800,0.0
2016-09-01,61.915000915527344,62.07500076293945,61.25,61.89500045776367,53.19664764404297,1918400,0.0
2016-09-02,62.255001068115234,62.6349983215332,62.10499954223633,62.6349983215332,53.8326530456543,2174400,0.0
2016-09-06,62.73500061035156,62.7599983215332,62.165000915527344,62.5,53.71663284301758,2262200,0.0
2016-09-07,62.4900016784668,62.91999816894531,62.435001373291016,62.880001068115234,54.0432243347168,1124600,0.0
2016-09-08,62.869998931884766,62.904998779296875,62.584999084472656,62.63999938964844,53.836952209472656,1224400,0.0
2016-09-09,62.25,62.3849983215332,60.80500030517578,60.810001373291016,52.264122009277344,1949800,0.0
2016-09-12,60.59000015258789,61.529998779296875,60.46500015258789,61.4900016784668,52.848575592041016,2008000,0.0
2016-09-13,61.125,61.1349983215332,60.095001220703125,60.435001373291016,51.94182205200195,2891800,0.0
2016-09-14,60.52000045776367,60.66999816894531,60.13999938964844,60.25,51.7828254699707,1472800,0.0
2016-09-15,60.255001068115234,61.0,60.15999984741211,60.974998474121094,52.40593719482422,3185600,0.0
2016-09-16,60.77000045776367,60.95000076293945,60.564998626708984,60.8650016784668,52.3114013671875,1378800,0.0
2016-09-19,61.11000061035156,61.630001068115234,60.935001373291016,61.2599983215332,52.65087890625,985400,0.0
2016-09-20,61.459999084472656,61.54999923706055,61.02000045776367,61.02000045776367,52.444618225097656,2371400,0.0
2016-09-21,61.244998931884766,61.970001220703125,61.13999938964844,61.959999084472656,53.25251007080078,1800600,0.0
2016-09-22,62.34000015258789,62.904998779296875,62.26499938964844,62.849998474121094,54.0174446105957,3236400,0.0
2016-09-23,62.755001068115234,62.900001525878906,62.435001373291016,62.435001373291016,53.6607551574707,1502800,0.0
2016-09-26,61.935001373291016,62.040000915527344,61.4900016784668,61.54999923706055,53.05009841918945,1221600,0.1765
2016-09-27,61.48500061035156,61.7599983215332,61.30500030517578,61.63999938964844,53.127662658691406,1833800,0.0
2016-09-28,61.72999954223633,62.220001220703125,61.45500183105469,62.19499969482422,53.606021881103516,1005800,0.0
2016-09-29,62.18000030517578,62.18000030517578,61.3650016784668,61.42499923706055,52.94234848022461,1633000,0.0
2016-09-30,61.755001068115234,62.345001220703125,61.459999084472656,62.07500076293945,53.502620697021484,1917600,0.0
2016-10-03,61.89500045776367,62.029998779296875,61.61000061035156,61.915000915527344,53.364688873291016,7649200,0.0
2016-10-04,62.0,62.23500061035156,61.41999816894531,61.665000915527344,53.14923095703125,2118800,0.0
2016-10-05,61.84000015258789,62.32500076293945,61.84000015258789,62.01499938964844,53.45088577270508,1940000,0.0
2016-10-06,61.880001068115234,62.03499984741211,61.415000915527344,61.95000076293945,53.39485549926758,1766200,0.0
2016-10-07,62.02000045776367,62.189998626708984,61.185001373291016,61.44499969482422,52.9595947265625,2682800,0.0
2016-10-10,61.78499984741211,62.3849983215332,61.78499984741211,62.130001068115234,53.55000686645508,1294000,0.0
2016-10-11,62.0099983215332,62.125,60.790000915527344,61.11000061035156,52.67086410522461,2896800,0.0
2016-10-12,61.16999816894531,61.529998779296875,60.93000030517578,61.209999084472656,52.75705337524414,1956400,0.0
2016-10-13,60.790000915527344,60.875,60.275001525878906,60.60499954223633,52.235599517822266,1459800,0.0
2016-10-14,60.779998779296875,61.09000015258789,60.43000030517578,60.439998626708984,52.093379974365234,2610800,0.0
2016-10-17,60.5099983215332,60.685001373291016,60.31999969482422,60.34000015258789,52.0071907043457,1506600,0.0
2016-10-18,60.89500045776367,60.98500061035156,60.46500015258789,60.529998779296875,52.17094802856445,1484000,0.0
2016-10-19,60.63999938964844,61.0,60.29999923706055,60.775001525878906,52.38212966918945,1044600,0.0
2016-10-20,60.53499984741211,60.70500183105469,60.10499954223633,60.39500045776367,52.05459213256836,1347200,0.0
2016-10-21,59.994998931884766,60.38999938964844,59.81999969482422,60.224998474121094,51.90807342529297,991400,0.0
2016-10-24,60.6349983215332,61.04999923706055,60.52000045776367,60.73500061035156,52.347633361816406,1154400,0.0
2016-10-25,60.71500015258789,60.76499938964844,60.07500076293945,60.16999816894531,51.86067581176758,1403800,0.0
2016-10-26,59.90999984741211,60.275001525878906,59.564998626708984,59.724998474121094,51.47712326049805,1495400,0.0
2016-10-27,59.8849983215332,59.915000915527344,59.0099983215332,59.11000061035156,50.947059631347656,1285200,0.0
2016-10-28,59.09000015258789,59.44499969482422,58.810001373291016,59.0,50.852237701416016,2161200,0.0
2016-10-31,59.08000183105469,59.3650016784668,58.79999923706055,59.334999084472656,51.140987396240234,3526800,0.0
2016-11-01,59.439998626708984,59.439998626708984,58.185001373291016,58.525001525878906,50.442832946777344,2915800,0.0
2016-11-02,58.439998626708984,58.599998474121094,57.8650016784668,57.95500183105469,49.95155334472656,3508600,0.0
2016-11-03,58.154998779296875,58.31999969482422,57.71500015258789,57.790000915527344,49.80935287475586,2173000,0.0
2016-11-04,57.96500015258789,58.69499969482422,57.8650016784668,58.064998626708984,50.046363830566406,1846400,0.0
2016-11-07,59.2400016784668,59.599998474121094,59.099998474121094,59.47999954223633,51.26595687866211,1597600,0.0
2016-11-08,59.32500076293945,59.88999938964844,59.040000915527344,59.619998931884766,51.38661193847656,1457400,0.0
2016-11-09,59.345001220703125,61.59000015258789,59.17499923706055,61.470001220703125,52.98115158081055,3216800,0.0
2016-11-10,61.939998626708984,63.0,61.654998779296875,62.630001068115234,53.9809455871582,9484600,0.0
2016-11-11,63.0,64.33000183105469,62.72999954223633,64.20500183105469,55.33845901489258,5500400,0.0
2016-11-14,64.90499877929688,65.79000091552734,64.73999786376953,65.18499755859375,56.183109283447266,8589400,0.0
2016-11-15,65.03500366210938,65.51000213623047,64.69999694824219,65.37000274658203,56.34256362915039,3272600,0.0
2016-11-16,65.4749984741211,65.54499816894531,65.11499786376953,65.4000015258789,56.36842727661133,3297200,0.0
2016-11-17,65.62999725341797,66.0199966430664,65.48500061035156,65.70999908447266,56.6356201171875,3511800,0.0
2016-11-18,65.81500244140625,66.08000183105469,65.62999725341797,66.0199966430664,56.90279769897461,3922000,0.0
2016-11-21,66.25,66.51000213623047,65.80999755859375,66.28500366210938,57.13121032714844,3321800,0.0
2016-11-22,66.61499786376953,67.18499755859375,66.38500213623047,67.13999938964844,57.868133544921875,4302000,0.0
2016-11-23,67.08000183105469,67.57499694824219,66.88999938964844,67.55000305175781,58.22151184082031,3674400,0.0
2016-11-25,67.66500091552734,67.8550033569336,67.58000183105469,67.83499908447266,58.467159271240234,1912600,0.0
2016-11-28,67.7699966430664,67.8949966430664,66.90499877929688,67.0250015258789,57.769020080566406,4056600,0.0
2016-11-29,67.06500244140625,67.38999938964844,66.93000030517578,67.00499725341797,57.751773834228516,3733000,0.0
2016-11-30,67.40499877929688,67.46499633789062,66.62999725341797,66.76499938964844,57.544918060302734,4893200,0.0
2016-12-01,67.01499938964844,67.37000274658203,66.26499938964844,66.55999755859375,57.36822509765625,4633000,0.0
2016-12-02,66.56500244140625,66.90499877929688,66.41000366210938,66.56999969482422,57.37685012817383,4470400,0.0
2016-12-05,67.1449966430664,67.81999969482422,67.125,67.72000122070312,58.3680305480957,4135600,0.0
2016-12-06,67.8949966430664,68.58000183105469,67.48500061035156,68.48500061035156,59.027400970458984,4492200,0.0
2016-12-07,68.47000122070312,69.33999633789062,68.25,69.19999694824219,59.64365005493164,4262800,0.0
2016-12-08,69.4800033569336,70.42500305175781,69.19499969482422,70.3499984741211,60.634830474853516,4212800,0.0
2016-12-09,70.66500091552734,70.67500305175781,70.19000244140625,70.49500274658203,60.75983428955078,4095200,0.0
2016-12-12,70.3949966430664,70.63999938964844,69.66000366210938,69.78500366210938,60.14788055419922,2896200,0.0
2016-12-13,70.0999984741211,70.45999908447266,69.51000213623047,69.86499786376953,60.21680450439453,7634600,0.0
2016-12-14,69.75,70.05999755859375,68.83999633789062,68.99500274658203,59.46697998046875,4911600,0.0
2016-12-15,69.18000030517578,70.05500030517578,68.95500183105469,69.63999938964844,60.022884368896484,3087000,0.0
2016-12-16,69.74500274658203,70.20500183105469,69.16000366210938,69.2249984741211,59.66519546508789,2683800,0.0
2016-12-19,69.38999938964844,69.86000061035156,69.24500274658203,69.61000061035156,59.997032165527344,3163800,0.0
2016-12-20,69.94000244140625,70.44499969482422,69.87000274658203,70.31999969482422,60.608985900878906,3387000,0.0
2016-12-21,70.05500030517578,70.16000366210938,69.6449966430664,69.66000366210938,60.27199172973633,2929200,0.2705
2016-12-22,69.69499969482422,69.80000305175781,68.76499938964844,68.97000122070312,59.67497253417969,2457000,0.0
2016-12-23,69.06500244140625,69.31500244140625,68.94000244140625,69.2750015258789,59.93887710571289,2268600,0.0
2016-12-27,69.41000366210938,69.93000030517578,69.36000061035156,69.69499969482422,60.3022575378418,2934000,0.0
2016-12-28,69.80000305175781,69.87000274658203,68.75499725341797,68.87999725341797,59.597103118896484,2424000,0.0
2016-12-29,69.02999877929688,69.44999694824219,68.66500091552734,69.02999877929688,59.72688674926758,2052000,0.0
2016-12-30,69.19999694824219,69.33499908447266,68.54499816894531,68.76000213623047,59.493282318115234,4189400,0.0
2017-01-03,69.625,69.72000122070312,68.61499786376953,69.1449966430664,59.826385498046875,5173800,0.0
2017-01-04,69.41000366210938,70.375,69.37000274658203,70.30000305175781,60.82571029663086,4880400,0.0
2017-01-05,70.1500015258789,70.19499969482422,69.00499725341797,69.28500366210938,59.947513580322266,3876400,0.0
2017-01-06,69.45500183105469,69.5199966430664,68.87999725341797,68.9000015258789,59.61438751220703,3063000,0.0
2017-01-09,68.74500274658203,68.84500122070312,68.19000244140625,68.30500030517578,59.09957504272461,3750200,0.0
2017-01-10,68.42500305175781,69.06500244140625,68.25499725341797,68.91999816894531,59.6317024230957,3589200,0.0
2017-01-11,68.96499633789062,69.20500183105469,68.55000305175781,69.1449966430664,59.826385498046875,5510800,0.0
2017-01-12,69.08499908447266,69.22000122070312,67.63500213623047,68.40499877929688,59.18611526489258,4505200,0.0
2017-01-13,68.54000091552734,69.2750015258789,68.50499725341797,68.90499877929688,59.61872482299805,3381800,0.0
2017-01-17,68.63999938964844,68.66000366210938,67.93000030517578,68.01499938964844,58.84866714477539,4245800,0.0
2017-01-18,68.1449966430664,68.33999633789062,67.79000091552734,68.27999877929688,59.077964782714844,4445600,0.0
2017-01-19,68.27999877929688,68.54000091552734,67.3499984741211,67.62999725341797,58.515560150146484,2971300,0.0
2017-01-20,67.73999786376953,68.22000122070312,67.66999816894531,67.95999908447266,58.80109405517578,2637500,0.0
2017-01-23,67.83999633789062,68.05999755859375,67.33000183105469,67.7300033569336,58.60208511352539,2102300,0.0
2017-01-24,67.91999816894531,68.91000366210938,67.88999938964844,68.72000122070312,59.45866394042969,2790000,0.0
2017-01-25,69.25,69.58000183105469,69.25,69.48999786376953,60.12489700317383,2888200,0.0
2017-01-26,69.58000183105469,69.63999938964844,68.91999816894531,69.12000274658203,59.80473709106445,3572400,0.0
2017-01-27,69.23999786376953,69.27999877929688,68.55999755859375,68.83000183105469,59.55384826660156,2588900,0.0
2017-01-30,68.33999633789062,68.5,67.3499984741211,67.9000015258789,58.74916076660156,3571800,0.0
2017-01-31,67.75,68.55999755859375,67.55000305175781,68.36000061035156,59.14717102050781,5252300,0.0
2017-02-01,68.94999694824219,69.19999694824219,68.05999755859375,68.29000091552734,59.08660888671875,2388100,0.0
2017-02-02,68.38999938964844,68.4800033569336,67.79000091552734,67.94999694824219,58.792423248291016,2336500,0.0
2017-02-03,68.55000305175781,69.08999633789062,68.27999877929688,69.04000091552734,59.73552703857422,2576600,0.0
2017-02-06,68.86000061035156,68.94000244140625,68.19999694824219,68.4000015258789,59.181793212890625,1972300,0.0
2017-02-07,68.52999877929688,68.7699966430664,67.91999816894531,68.16999816894531,58.982791900634766,2165300,0.0
2017-02-08,68.16999816894531,68.18000030517578,67.47000122070312,68.05999755859375,58.88761901855469,2238400,0.0
2017-02-09,68.05999755859375,69.30000305175781,68.05999755859375,69.1500015258789,59.83070755004883,4452500,0.0
2017-02-10,69.51000213623047,69.8499984741211,69.25,69.70999908447266,60.31523895263672,2580100,0.0
2017-02-13,70.0999984741211,70.30999755859375,69.73999786376953,69.87000274658203,60.45369338989258,4105400,0.0
2017-02-14,69.66999816894531,70.08000183105469,69.4800033569336,70.02999877929688,60.59214401245117,2742300,0.0
2017-02-15,69.80000305175781,70.54000091552734,69.75,70.44000244140625,60.946876525878906,2779800,0.0
2017-02-16,70.33999633789062,70.58000183105469,69.79000091552734,70.30000305175781,60.82571029663086,3625800,0.0
2017-02-17,70.1500015258789,70.20999908447266,69.83000183105469,70.19999694824219,60.739200592041016,3376400,0.0
2017-02-21,70.37999725341797,70.83999633789062,70.3499984741211,70.80999755859375,61.2669792175293,3172300,0.0
2017-02-22,70.69999694824219,70.72000122070312,70.33999633789062,70.55999755859375,61.05068588256836,2285200,0.0
2017-02-23,70.7300033569336,70.79000091552734,69.62000274658203,70.05999755859375,60.618072509765625,2568500,0.0
2017-02-24,69.48999786376953,70.05000305175781,69.37000274658203,70.04000091552734,60.60077667236328,1896600,0.0
2017-02-27,69.98999786376953,70.62999725341797,69.80000305175781,70.58999633789062,61.07661437988281,2712400,0.0
2017-02-28,70.36000061035156,70.37999725341797,69.45999908447266,69.45999908447266,60.09894943237305,4709800,0.0
2017-03-01,70.16999816894531,70.9800033569336,70.13999938964844,70.73999786376953,61.2064208984375,3423500,0.0
2017-03-02,70.69999694824219,70.73999786376953,69.88999938964844,69.97000122070312,60.54022216796875,2518000,0.0
2017-03-03,69.9800033569336,70.2699966430664,69.44000244140625,69.7699966430664,60.36713790893555,2765800,0.0
2017-03-06,69.36000061035156,69.44000244140625,68.95999908447266,69.29000091552734,59.951839447021484,2627300,0.0
2017-03-07,69.16999816894531,69.2699966430664,68.72000122070312,68.80000305175781,59.52789306640625,3159200,0.0
2017-03-08,68.97000122070312,69.18000030517578,68.29000091552734,68.3499984741211,59.13853073120117,3385800,0.0
2017-03-09,68.30999755859375,68.58000183105469,67.80000305175781,67.95999908447266,58.80109405517578,3946700,0.0
2017-03-10,68.5,68.5199966430664,67.80999755859375,68.30000305175781,59.09526824951172,2638900,0.0
2017-03-13,68.19000244140625,68.73999786376953,68.19000244140625,68.51000213623047,59.276973724365234,3787600,0.0
2017-03-14,68.19999694824219,68.33999633789062,67.68000030517578,68.19000244140625,59.00008773803711,2994100,0.0
2017-03-15,68.51000213623047,69.47000122070312,68.41000366210938,69.2699966430664,59.93452453613281,3513800,0.0
2017-03-16,69.4800033569336,69.66000366210938,69.16999816894531,69.4000015258789,60.0470085144043,4991800,0.0
2017-03-17,69.41999816894531,69.94000244140625,69.01000213623047,69.79000091552734,60.38446044921875,2416800,0.0
2017-03-20,69.81999969482422,69.91000366210938,69.23999786376953,69.41000366210938,60.055667877197266,1512900,0.0
2017-03-21,69.79000091552734,69.80000305175781,67.55000305175781,67.56999969482422,58.46363067626953,5551800,0.0
2017-03-22,67.44000244140625,67.68000030517578,66.80999755859375,67.45999908447266,58.36846923828125,7786500,0.0
2017-03-23,67.52999877929688,68.3499984741211,67.30999755859375,67.88999938964844,58.74053192138672,4930300,0.0
2017-03-24,67.88999938964844,68.16999816894531,67.30999755859375,67.66000366210938,58.735321044921875,3999800,0.224
2017-03-27,66.97000122070312,67.8499984741211,66.54000091552734,67.7300033569336,58.796104431152344,4875400,0.0
2017-03-28,67.44999694824219,68.31999969482422,67.3499984741211,68.2699966430664,59.26485061645508,3461600,0.0
2017-03-29,68.11000061035156,68.56999969482422,68.01000213623047,68.44999694824219,59.421112060546875,2195000,0.0
2017-03-30,68.52999877929688,69.12000274658203,68.44999694824219,69.02999877929688,59.92459487915039,2774300,0.0
2017-03-31,69.08000183105469,69.47000122070312,68.86000061035156,69.16000366210938,60.03744888305664,3695100,0.0
2017-04-03,69.3499984741211,69.36000061035156,67.83999633789062,67.88999938964844,58.93496322631836,13685000,0.0
2017-04-04,67.88999938964844,68.22000122070312,67.6500015258789,67.94000244140625,58.97838592529297,4014300,0.0
2017-04-05,68.33999633789062,68.70999908447266,67.05000305175781,67.19999694824219,58.33598327636719,3488700,0.0
2017-04-06,67.29000091552734,67.94999694824219,67.0,67.8499984741211,58.90024948120117,2352800,0.0
2017-04-07,67.66000366210938,68.06999969482422,67.44000244140625,67.83999633789062,58.89155960083008,2462200,0.0
2017-04-10,67.87000274658203,68.55000305175781,67.66999816894531,68.05000305175781,59.07386779785156,2050200,0.0
2017-04-11,67.83000183105469,68.69000244140625,67.69999694824219,68.69000244140625,59.62943649291992,2755500,0.0
2017-04-12,68.55000305175781,68.55999755859375,67.61000061035156,67.69000244140625,58.761356353759766,3390600,0.0
2017-04-13,67.55999755859375,67.7699966430664,66.8499984741211,66.9000015258789,58.075565338134766,3081600,0.0
2017-04-17,67.05999755859375,67.72000122070312,66.91999816894531,67.66000366210938,58.735321044921875,1956200,0.0
2017-04-18,67.44000244140625,67.83000183105469,67.19999694824219,67.72000122070312,58.787391662597656,2315400,0.0
2017-04-19,67.97000122070312,68.58000183105469,67.87000274658203,68.0999984741211,59.11725997924805,3258800,0.0
2017-04-20,68.41000366210938,69.12000274658203,68.29000091552734,69.04000091552734,59.93328094482422,4383700,0.0
2017-04-21,68.95999908447266,69.0999984741211,68.62999725341797,68.86000061035156,59.77702713012695,3690600,0.0
2017-04-24,69.81999969482422,69.9800033569336,69.44000244140625,69.72000122070312,60.52359390258789,2216800,0.0
2017-04-25,70.27999877929688,70.69000244140625,70.27999877929688,70.33999633789062,61.06180191040039,2934300,0.0
2017-04-26,70.30000305175781,71.16000366210938,70.0999984741211,70.80000305175781,61.46113586425781,2978900,0.0
2017-04-27,70.87000274658203,71.16999816894531,70.5,70.7300033569336,61.400360107421875,2277900,0.0
2017-04-28,70.83999633789062,71.0,69.79000091552734,69.79000091552734,60.5843505859375,2841500,0.0
2017-05-01,70.0999984741211,70.38999938964844,69.58000183105469,70.16000366210938,60.90555191040039,2677800,0.0
2017-05-02,70.25,70.37000274658203,69.66999816894531,69.87000274658203,60.65378952026367,2189700,0.0
2017-05-03,69.61000061035156,69.69000244140625,69.1500015258789,69.44000244140625,60.28050994873047,2383400,0.0
2017-05-04,69.68000030517578,69.77999877929688,68.88999938964844,69.37999725341797,60.22842788696289,1847800,0.0
2017-05-05,69.62000274658203,69.77999877929688,69.05999755859375,69.69000244140625,60.497554779052734,1815500,0.0
2017-05-08,69.58999633789062,69.80000305175781,69.20999908447266,69.44000244140625,60.28050994873047,1555100,0.0
2017-05-09,69.56999969482422,69.7300033569336,69.23999786376953,69.52999877929688,60.358665466308594,1931500,0.0
2017-05-10,69.38999938964844,69.95999908447266,69.23999786376953,69.91000366210938,60.68853759765625,1869600,0.0
2017-05-11,69.61000061035156,69.91000366210938,68.73999786376953,69.38999938964844,60.23711395263672,1671200,0.0
2017-05-12,69.12000274658203,69.37000274658203,68.70999908447266,68.83999633789062,59.75966262817383,2104500,0.0
2017-05-15,69.0199966430664,69.6500015258789,68.9800033569336,69.27999877929688,60.14162063598633,2115200,0.0
2017-05-16,69.41999816894531,69.52999877929688,68.7699966430664,69.27999877929688,60.14162063598633,2112500,0.0
2017-05-17,68.22000122070312,68.47000122070312,67.45999908447266,67.54000091552734,58.63114547729492,3058500,0.0
2017-05-18,67.33999633789062,67.91999816894531,67.25,67.63999938964844,58.71794891357422,2805800,0.0
2017-05-19,67.73999786376953,68.38999938964844,67.69999694824219,67.94999694824219,58.9870491027832,2459900,0.0
2017-05-22,68.12000274658203,68.58999633789062,68.06999969482422,68.48999786376953,59.455833435058594,2630900,0.0
2017-05-23,68.69999694824219,68.79000091552734,68.12000274658203,68.72000122070312,59.65550231933594,3886400,0.0
2017-05-24,68.76000213623047,69.08000183105469,68.38999938964844,68.69000244140625,59.62943649291992,4660900,0.0
2017-05-25,68.95999908447266,69.2300033569336,68.5,68.77999877929688,59.70758056640625,2152700,0.0
2017-05-26,68.69000244140625,68.86000061035156,68.37999725341797,68.7699966430664,59.69888687133789,2850400,0.0
2017-05-30,68.5,68.72000122070312,68.16000366210938,68.37999725341797,59.36034393310547,4212400,0.0
2017-05-31,68.54000091552734,68.75,67.47000122070312,68.33000183105469,59.316932678222656,2921200,0.0
2017-06-01,68.30999755859375,69.55999755859375,68.20999908447266,69.5199966430664,60.34996032714844,2355700,0.0
2017-06-02,69.68000030517578,70.5999984741211,69.56999969482422,69.97000122070312,60.74061965942383,2338200,0.0
2017-06-05,69.95999908447266,70.0,69.45999908447266,69.51000213623047,60.34128189086914,1915200,0.0
2017-06-06,69.13999938964844,69.80000305175781,68.9000015258789,69.41000366210938,60.25447082519531,1963000,0.0
2017-06-07,69.47000122070312,69.7300033569336,69.26000213623047,69.5199966430664,60.34996032714844,1957600,0.0
2017-06-08,69.5,70.7699966430664,69.37000274658203,70.45999908447266,61.165985107421875,2112700,0.0
2017-06-09,70.66999816894531,71.52999877929688,70.56999969482422,71.04000091552734,61.66947555541992,4117800,0.0
2017-06-12,71.05000305175781,71.41999816894531,70.66999816894531,70.88999938964844,61.53926086425781,2098500,0.0
2017-06-13,71.16000366210938,71.4000015258789,70.9000015258789,71.2300033569336,61.83440399169922,3274600,0.0
2017-06-14,71.22000122070312,71.25,70.37999725341797,70.79000091552734,61.452449798583984,3024800,0.0
2017-06-15,70.0999984741211,70.69000244140625,69.97000122070312,70.44999694824219,61.157283782958984,2099900,0.0
2017-06-16,70.27999877929688,70.27999877929688,69.7699966430664,70.06999969482422,60.827423095703125,6700500,0.0
2017-06-19,70.33000183105469,70.55999755859375,70.08999633789062,70.38999938964844,61.10519027709961,7898900,0.0
2017-06-20,70.27999877929688,70.27999877929688,69.54000091552734,69.55000305175781,60.37602233886719,2833500,0.0
2017-06-21,69.70999908447266,69.9800033569336,69.16000366210938,69.2300033569336,60.09821701049805,2303100,0.0
2017-06-22,69.23999786376953,69.73999786376953,69.0199966430664,69.4800033569336,60.31525421142578,1672600,0.0
2017-06-23,69.62999725341797,70.19999694824219,69.37999725341797,70.06999969482422,60.827423095703125,2745100,0.0
2017-06-26,70.27999877929688,70.51000213623047,69.80999755859375,70.19999694824219,60.94027328491211,1945000,0.0
2017-06-27,70.01000213623047,70.25,69.45999908447266,69.47000122070312,60.48406219482422,2140900,0.206
2017-06-28,69.81999969482422,70.68000030517578,69.7699966430664,70.58999633789062,61.45917892456055,2449300,0.0
2017-06-29,70.7699966430664,70.77999877929688,69.41999816894531,70.1500015258789,61.076087951660156,2619300,0.0
2017-06-30,70.22000122070312,70.4800033569336,70.02999877929688,70.11000061035156,61.04127502441406,2280300,0.0
2017-07-03,70.44999694824219,70.9800033569336,70.38999938964844,70.7699966430664,61.61589431762695,1078400,0.0
2017-07-05,70.63999938964844,70.68000030517578,69.91000366210938,70.3499984741211,61.250221252441406,2086800,0.0
2017-07-06,69.79000091552734,70.04000091552734,69.22000122070312,69.37999725341797,60.40568542480469,1765400,0.0
2017-07-07,69.51000213623047,70.22000122070312,69.4000015258789,70.11000061035156,61.04127502441406,1829200,0.0
2017-07-10,69.83000183105469,70.23999786376953,69.47000122070312,69.69000244140625,60.675601959228516,1394400,0.0
2017-07-11,69.69000244140625,69.91999816894531,69.16999816894531,69.8499984741211,60.814903259277344,2568900,0.0
2017-07-12,70.16000366210938,70.81999969482422,70.1500015258789,70.37999725341797,61.27634048461914,2050800,0.0
2017-07-13,70.37999725341797,70.58000183105469,70.0,70.55000305175781,61.42436218261719,1906600,0.0
2017-07-14,70.41999816894531,70.93000030517578,70.41999816894531,70.7300033569336,61.5810661315918,2827000,0.0
2017-07-17,70.7300033569336,71.12000274658203,70.45999908447266,70.91000366210938,61.7378044128418,1480200,0.0
2017-07-18,70.70999908447266,70.80999755859375,70.37000274658203,70.69000244140625,61.5462532043457,1534500,0.0
2017-07-19,70.8499984741211,71.55000305175781,70.8499984741211,71.5,62.25148010253906,2123000,0.0
2017-07-20,71.56999969482422,71.72000122070312,71.33999633789062,71.5999984741211,62.338539123535156,3196100,0.0
2017-07-21,71.55000305175781,71.69999694824219,71.08000183105469,71.25,62.03378677368164,1840100,0.0
2017-07-24,71.23999786376953,71.26000213623047,70.87999725341797,71.26000213623047,62.04252624511719,1870100,0.0
2017-07-25,71.61000061035156,72.05000305175781,71.4000015258789,71.93000030517578,62.62584686279297,1747500,0.0
2017-07-26,71.91999816894531,71.91999816894531,71.30000305175781,71.44000244140625,62.19923400878906,1690000,0.0
2017-07-27,71.52999877929688,71.69000244140625,70.73999786376953,71.11000061035156,61.91193771362305,1649600,0.0
2017-07-28,70.91000366210938,71.19000244140625,70.68000030517578,71.0,61.816162109375,2241300,0.0
2017-07-31,71.12999725341797,71.2300033569336,70.55000305175781,70.80999755859375,61.650733947753906,1629000,0.0
2017-08-01,71.19000244140625,71.25,70.61000061035156,71.0199966430664,61.83356857299805,2353300,0.0
2017-08-02,70.94999694824219,71.0199966430664,69.86000061035156,70.0999984741211,61.03254699707031,1860600,0.0
2017-08-03,70.2300033569336,70.37999725341797,69.66000366210938,69.86000061035156,60.82359313964844,1706600,0.0
2017-08-04,69.94999694824219,70.19999694824219,69.75,70.13999938964844,61.067378997802734,1195400,0.0
2017-08-07,70.20999908447266,70.36000061035156,69.83000183105469,70.06999969482422,61.006439208984375,1345100,0.0
2017-08-08,70.06999969482422,70.80000305175781,69.70999908447266,69.87999725341797,60.84101104736328,1827900,0.0
2017-08-09,69.51000213623047,69.70999908447266,69.0199966430664,69.29000091552734,60.32734298706055,4105100,0.0
2017-08-10,69.01000213623047,69.0999984741211,68.19000244140625,68.22000122070312,59.39574432373047,2990600,0.0
2017-08-11,68.19999694824219,68.38999938964844,67.95999908447266,68.19999694824219,59.37830352783203,4949300,0.0
2017-08-14,68.69000244140625,69.2699966430664,68.58000183105469,69.20999908447266,60.2576789855957,2375200,0.0
2017-08-15,69.37000274658203,69.37000274658203,68.5,68.52999877929688,59.66563415527344,1949000,0.0
2017-08-16,68.68000030517578,69.0199966430664,68.45999908447266,68.62000274658203,59.744014739990234,1944300,0.0
2017-08-17,68.30999755859375,68.63999938964844,67.2699966430664,67.29000091552734,58.58604049682617,2081400,0.0
2017-08-18,67.05000305175781,67.41000366210938,66.77999877929688,67.16999816894531,58.481563568115234,1839900,0.0
2017-08-21,67.04000091552734,67.19000244140625,66.7699966430664,67.08000183105469,58.40320587158203,4175200,0.0
2017-08-22,67.33000183105469,67.80999755859375,67.2699966430664,67.7300033569336,58.96913528442383,1635500,0.0
2017-08-23,67.38999938964844,67.79000091552734,67.33999633789062,67.55000305175781,58.812408447265625,1158000,0.0
2017-08-24,67.83999633789062,68.01000213623047,67.58000183105469,67.63999938964844,58.89076232910156,1587600,0.0
2017-08-25,67.87000274658203,68.1500015258789,67.66999816894531,67.97000122070312,59.17807388305664,1581700,0.0
2017-08-28,68.11000061035156,68.22000122070312,67.80000305175781,68.04000091552734,59.2390251159668,1271500,0.0
2017-08-29,67.61000061035156,68.11000061035156,67.4000015258789,68.0199966430664,59.22159957885742,3588000,0.0
2017-08-30,67.9800033569336,68.44000244140625,67.9000015258789,68.4000015258789,59.552467346191406,1940800,0.0
2017-08-31,68.58000183105469,69.19999694824219,68.5199966430664,69.06999969482422,60.13578796386719,3149700,0.0
2017-09-01,69.19000244140625,69.6500015258789,69.1500015258789,69.55999755859375,60.562416076660156,2238900,0.0
2017-09-05,69.55000305175781,69.69000244140625,68.61000061035156,68.83999633789062,59.935546875,2188500,0.0
2017-09-06,69.13999938964844,69.27999877929688,68.83000183105469,69.05000305175781,60.11838150024414,1925900,0.0
2017-09-07,69.12999725341797,69.23999786376953,68.55999755859375,68.8499984741211,59.944244384765625,1151600,0.0
2017-09-08,68.69999694824219,69.25,68.54000091552734,68.94999694824219,60.03131103515625,1883900,0.0
2017-09-11,69.45999908447266,69.81999969482422,69.06999969482422,69.69000244140625,60.675601959228516,1099200,0.0
2017-09-12,69.87000274658203,70.23999786376953,69.77999877929688,70.19999694824219,61.11962127685547,1728900,0.0
2017-09-13,70.0999984741211,70.55999755859375,70.05000305175781,70.43000030517578,61.31987762451172,2011600,0.0
2017-09-14,70.37999725341797,70.51000213623047,70.20999908447266,70.4000015258789,61.293758392333984,3171700,0.0
2017-09-15,70.31999969482422,70.77999877929688,70.19000244140625,70.77999877929688,61.624603271484375,1209800,0.0
2017-09-18,70.87999725341797,71.5,70.7699966430664,71.33999633789062,62.11215591430664,1596000,0.0
2017-09-19,71.41000366210938,71.41000366210938,71.11000061035156,71.19000244140625,61.981544494628906,1368400,0.0
2017-09-20,71.30000305175781,71.5999984741211,71.19000244140625,71.44999694824219,62.207923889160156,4533900,0.0
2017-09-21,71.55999755859375,71.69000244140625,71.30999755859375,71.48999786376953,62.24274826049805,1572100,0.0
2017-09-22,71.4800033569336,72.05000305175781,71.44999694824219,71.94999694824219,62.64326477050781,1924600,0.0
2017-09-25,71.86000061035156,72.31999969482422,71.69000244140625,72.16999816894531,62.834800720214844,3975500,0.0
2017-09-26,72.06999969482422,72.58000183105469,71.91000366210938,72.30999755859375,63.15446472167969,2822200,0.226
2017-09-27,72.69000244140625,73.95999908447266,72.44999694824219,73.79000091552734,64.44709014892578,4172500,0.0
2017-09-28,73.63999938964844,74.05999755859375,73.3499984741211,73.98999786376953,64.62176513671875,4407200,0.0
2017-09-29,74.05999755859375,74.30999755859375,73.94000244140625,74.22000122070312,64.82264709472656,3310500,0.0
2017-10-02,74.33000183105469,75.23999786376953,74.1500015258789,75.2300033569336,65.70476531982422,5437700,0.0
2017-10-03,75.31999969482422,75.4000015258789,74.86000061035156,75.4000015258789,65.85321807861328,3122500,0.0
2017-10-04,75.3499984741211,75.4800033569336,74.88999938964844,75.06999969482422,65.56503295898438,5886400,0.0
2017-10-05,75.30000305175781,75.44999694824219,75.08999633789062,75.2300033569336,65.70476531982422,2746600,0.0
2017-10-06,75.02999877929688,75.26000213623047,74.8499984741211,75.0999984741211,65.59120178222656,2147600,0.0
2017-10-09,75.12999725341797,75.41999816894531,74.62000274658203,74.75,65.2855224609375,1429700,0.0
2017-10-10,75.01000213623047,75.13999938964844,74.7300033569336,74.93000030517578,65.44273376464844,4481600,0.0
2017-10-11,74.8499984741211,74.98999786376953,74.62000274658203,74.70999908447266,65.2505874633789,1921400,0.0
2017-10-12,74.58000183105469,74.81999969482422,74.33000183105469,74.62000274658203,65.17198181152344,2125500,0.0
2017-10-13,74.7699966430664,74.9800033569336,74.48999786376953,74.58999633789062,65.14579010009766,2064000,0.0
2017-10-16,74.69000244140625,74.9800033569336,74.33999633789062,74.47000122070312,65.0409927368164,3411100,0.0
2017-10-17,74.43000030517578,74.72000122070312,74.13999938964844,74.29000091552734,64.8837661743164,2183900,0.0
2017-10-18,74.5999984741211,74.94999694824219,74.54000091552734,74.77999877929688,65.31172943115234,1250800,0.0
2017-10-19,74.33000183105469,74.62000274658203,74.01000213623047,74.62000274658203,65.17198181152344,2086600,0.0
2017-10-20,75.12999725341797,75.23999786376953,74.9000015258789,74.9800033569336,65.48638153076172,2050500,0.0
2017-10-23,75.05999755859375,75.1500015258789,74.54000091552734,74.61000061035156,65.16325378417969,2221600,0.0
2017-10-24,74.83000183105469,75.16999816894531,74.69999694824219,74.81999969482422,65.34668731689453,4188000,0.0
2017-10-25,74.69999694824219,74.75,73.83000183105469,74.43000030517578,65.00603485107422,1898600,0.0
2017-10-26,74.66999816894531,74.97000122070312,74.5999984741211,74.77999877929688,65.31172943115234,2507200,0.0
2017-10-27,74.79000091552734,75.23999786376953,74.41999816894531,75.18000030517578,65.6611099243164,1686900,0.0
2017-10-30,74.79000091552734,74.97000122070312,73.7300033569336,74.12000274658203,64.73529815673828,2742400,0.0
2017-10-31,74.37000274658203,75.12000274658203,74.20999908447266,74.86000061035156,65.38160705566406,2936300,0.0
2017-11-01,75.33000183105469,75.43000030517578,73.87999725341797,74.33000183105469,64.91871643066406,2406700,0.0
2017-11-02,74.2699966430664,74.69999694824219,73.91999816894531,74.41999816894531,64.99730682373047,3878700,0.0
2017-11-03,74.25,74.25,73.86000061035156,73.94000244140625,64.57807922363281,2121200,0.0
2017-11-06,73.95999908447266,74.38999938964844,73.86000061035156,74.0999984741211,64.71783447265625,2870500,0.0
2017-11-07,74.12999725341797,74.23999786376953,73.01000213623047,73.30000305175781,64.01912689208984,4853100,0.0
2017-11-08,73.16000366210938,73.72000122070312,72.83000183105469,73.62999725341797,64.30733489990234,1828700,0.0
2017-11-09,73.08999633789062,73.69000244140625,72.63999938964844,73.29000091552734,64.01038360595703,3065100,0.0
2017-11-10,73.29000091552734,73.62999725341797,73.26000213623047,73.3499984741211,64.06277465820312,2210600,0.0
2017-11-13,73.08999633789062,73.58999633789062,72.9000015258789,73.4800033569336,64.17633056640625,2264100,0.0
2017-11-14,73.20999908447266,73.54000091552734,73.08999633789062,73.45999908447266,64.15887451171875,2516100,0.0
2017-11-15,72.95999908447266,73.38999938964844,72.56999969482422,73.05999755859375,63.80950164794922,2174600,0.0
2017-11-16,73.37999725341797,74.56999969482422,73.33999633789062,74.30999755859375,64.90123748779297,3502900,0.0
2017-11-17,74.08000183105469,74.98999786376953,74.06999969482422,74.62999725341797,65.18070983886719,1769300,0.0
2017-11-20,74.7699966430664,75.2300033569336,74.62000274658203,75.19999694824219,65.67854309082031,1499600,0.0
2017-11-21,75.5,76.2300033569336,75.41999816894531,76.22000122070312,66.56941986083984,3565500,0.0
2017-11-22,76.33000183105469,76.54000091552734,76.02999877929688,76.05999755859375,66.4296646118164,4837600,0.0
2017-11-24,76.26000213623047,76.26000213623047,75.87000274658203,76.11000061035156,66.47332000732422,2888000,0.0
2017-11-27,76.29000091552734,76.38999938964844,75.72000122070312,75.73999786376953,66.15016174316406,2905000,0.0
2017-11-28,75.98999786376953,77.06999969482422,75.8499984741211,77.02999877929688,67.27684783935547,3300700,0.0
2017-11-29,77.29000091552734,77.75,77.11000061035156,77.5,67.68733215332031,3774900,0.0
2017-11-30,77.95999908447266,77.98999786376953,77.29000091552734,77.4800033569336,67.66987609863281,4278500,0.0
2017-12-01,77.41999816894531,77.44000244140625,74.77999877929688,77.0199966430664,67.26810455322266,4281900,0.0
2017-12-04,78.0,78.33999633789062,77.01000213623047,77.05999755859375,67.30302429199219,3216200,0.0
2017-12-05,76.79000091552734,77.33999633789062,76.25,76.25,66.5956039428711,2703100,0.0
2017-12-06,76.1500015258789,76.38999938964844,75.88999938964844,75.91999816894531,66.3073959350586,1887500,0.0
2017-12-07,76.30000305175781,76.6500015258789,75.75,76.30000305175781,66.63928985595703,2505800,0.0
2017-12-08,76.63999938964844,76.7300033569336,76.19000244140625,76.25,66.5956039428711,1893400,0.0
2017-12-11,76.30999755859375,76.5199966430664,75.9000015258789,76.04000091552734,66.4122085571289,2288100,0.0
2017-12-12,76.19999694824219,76.37999725341797,75.83000183105469,75.86000061035156,66.25497436523438,6476900,0.0
2017-12-13,75.80999755859375,76.77999877929688,75.80999755859375,76.23999786376953,66.58686828613281,4061800,0.0
2017-12-14,76.3499984741211,76.47000122070312,75.16000366210938,75.37000274658203,65.8270263671875,3630000,0.0
2017-12-15,75.76000213623047,77.12000274658203,75.70999908447266,76.62999725341797,66.9275131225586,3617000,0.0
2017-12-18,77.30000305175781,78.0999984741211,77.18000030517578,77.73999786376953,67.89694213867188,2212200,0.0
2017-12-19,77.66999816894531,77.69000244140625,76.69999694824219,76.77999877929688,67.2878646850586,3209800,0.265
2017-12-20,77.27999877929688,77.30000305175781,76.63999938964844,76.94999694824219,67.43682861328125,2483400,0.0
2017-12-21,77.0999984741211,77.52999877929688,77.04000091552734,77.26000213623047,67.7085189819336,2464600,0.0
2017-12-22,77.23999786376953,77.23999786376953,76.88999938964844,77.05999755859375,67.53324127197266,1739800,0.0
2017-12-26,77.04000091552734,77.25,76.9800033569336,77.12999725341797,67.5945816040039,1850500,0.0
2017-12-27,77.16000366210938,77.45999908447266,76.88999938964844,77.04000091552734,67.51571655273438,2178400,0.0
2017-12-28,77.16000366210938,77.37999725341797,76.97000122070312,77.3499984741211,67.78738403320312,1935600,0.0
2017-12-29,77.58000183105469,77.66000366210938,76.79000091552734,76.80999755859375,67.31416320800781,2369000,0.0
2018-01-02,77.19000244140625,77.54000091552734,76.91000366210938,77.38999938964844,67.82247924804688,4904300,0.0
2018-01-03,77.43000030517578,77.5999984741211,77.04000091552734,77.31999969482422,67.76111602783203,3770200,0.0
2018-01-04,77.73999786376953,77.91999816894531,77.31999969482422,77.52999877929688,67.94513702392578,3149700,0.0
2018-01-05,77.75,77.88999938964844,77.30999755859375,77.86000061035156,68.23434448242188,2756300,0.0
2018-01-08,77.76000213623047,78.05000305175781,77.13999938964844,77.9800033569336,68.33953094482422,2500200,0.0
2018-01-09,78.05000305175781,78.19000244140625,77.80000305175781,77.9000015258789,68.2694091796875,1975100,0.0
2018-01-10,77.73999786376953,77.97000122070312,77.45999908447266,77.7699966430664,68.15547180175781,2257000,0.0
2018-01-11,77.97000122070312,79.30999755859375,77.91999816894531,79.19999694824219,69.40869903564453,2596000,0.0
2018-01-12,79.37999725341797,79.94999694824219,79.22000122070312,79.55999755859375,69.72418975830078,2125500,0.0
2018-01-16,79.9000015258789,80.30000305175781,78.52999877929688,78.7699966430664,69.03184509277344,2485000,0.0
2018-01-17,79.08999633789062,79.76000213623047,78.83999633789062,79.55999755859375,69.72418975830078,3496300,0.0
2018-01-18,79.44000244140625,79.5199966430664,78.80000305175781,78.91000366210938,69.15453338623047,3266900,0.0
2018-01-19,78.91000366210938,80.0999984741211,78.91000366210938,80.05999755859375,70.162353515625,2954500,0.0
2018-01-22,79.95999908447266,80.26000213623047,79.72000122070312,80.26000213623047,70.33763885498047,2344500,0.0
2018-01-23,80.19999694824219,80.51000213623047,79.73999786376953,80.33999633789062,70.40775299072266,3638700,0.0
2018-01-24,80.6500015258789,80.68000030517578,79.56999969482422,79.87000274658203,69.99586486816406,4232500,0.0
2018-01-25,80.27999877929688,80.33999633789062,79.4000015258789,80.08999633789062,70.18863677978516,5933700,0.0
2018-01-26,80.38999938964844,80.44999694824219,79.88999938964844,80.36000061035156,70.42529296875,2244400,0.0
2018-01-29,80.19000244140625,80.48999786376953,79.91000366210938,79.91000366210938,70.03092193603516,2585000,0.0
2018-01-30,79.3499984741211,79.66000366210938,78.88999938964844,79.16999816894531,69.38240814208984,5380400,0.0
2018-01-31,79.30000305175781,79.79000091552734,78.5,78.73999786376953,69.00553894042969,2377200,0.0
2018-02-01,78.48999786376953,79.19000244140625,78.30000305175781,79.06999969482422,69.29476928710938,3152200,0.0
2018-02-02,78.5999984741211,78.72000122070312,77.31999969482422,77.5,67.91886138916016,5615200,0.0
2018-02-05,76.8499984741211,77.43000030517578,74.43000030517578,74.44999694824219,65.24591827392578,5411200,0.0
2018-02-06,73.25,75.76000213623047,72.41000366210938,75.37999725341797,66.0609359741211,7559000,0.0
2018-02-07,75.3499984741211,75.91000366210938,74.80999755859375,75.41999816894531,66.09599304199219,3627200,0.0
2018-02-08,75.43000030517578,75.6500015258789,73.3499984741211,73.3499984741211,64.28192138671875,6048300,0.0
2018-02-09,74.01000213623047,74.76000213623047,72.12000274658203,74.13999938964844,64.97422790527344,5564800,0.0
2018-02-12,74.19999694824219,75.22000122070312,73.37999725341797,74.86000061035156,65.60523223876953,4885300,0.0
2018-02-13,74.4800033569336,75.12000274658203,74.26000213623047,74.91000366210938,65.64905548095703,3800400,0.0
2018-02-14,74.5,76.47000122070312,74.33999633789062,76.29000091552734,66.85844421386719,3029500,0.0
2018-02-15,76.86000061035156,77.0999984741211,76.01000213623047,77.05999755859375,67.53324127197266,2732800,0.0
2018-02-16,76.94000244140625,77.83000183105469,76.80000305175781,77.33000183105469,67.7698745727539,2787900,0.0
2018-02-20,77.0,77.48999786376953,76.44000244140625,76.66000366210938,67.18270111083984,3343800,0.0
2018-02-21,76.87000274658203,78.02999877929688,76.72000122070312,76.83000183105469,67.33168029785156,1933600,0.0
2018-02-22,77.16000366210938,77.69999694824219,76.72000122070312,76.7699966430664,67.27909851074219,2811400,0.0
2018-02-23,77.26000213623047,77.76000213623047,76.93000030517578,77.76000213623047,68.1467056274414,5333400,0.0
2018-02-26,78.0,78.43000030517578,77.45999908447266,78.29000091552734,68.61119079589844,2512800,0.0
2018-02-27,78.30999755859375,78.6500015258789,77.1500015258789,77.1500015258789,67.61213684082031,2832100,0.0
2018-02-28,77.27999877929688,77.51000213623047,75.72000122070312,75.73999786376953,66.37643432617188,2439400,0.0
2018-03-01,75.63999938964844,76.33999633789062,74.68000030517578,75.43000030517578,66.10477447509766,5559800,0.0
2018-03-02,74.87000274658203,76.87000274658203,74.73999786376953,76.66999816894531,67.19145202636719,2825000,0.0
2018-03-05,76.3499984741211,77.62000274658203,76.19999694824219,77.2300033569336,67.6822509765625,2803200,0.0
2018-03-06,77.55000305175781,78.19999694824219,76.80000305175781,78.16000366210938,68.49723052978516,2686500,0.0
2018-03-07,77.62999725341797,78.80000305175781,77.55999755859375,78.7300033569336,68.99681091308594,3157200,0.0
2018-03-08,78.88999938964844,79.11000061035156,78.16000366210938,78.61000061035156,68.8916244506836,1935700,0.0
2018-03-09,79.0199966430664,79.9000015258789,78.75,79.80999755859375,69.9432601928711,2873000,0.0
2018-03-12,79.9800033569336,80.45999908447266,79.77999877929688,80.11000061035156,70.2061767578125,3385800,0.0
2018-03-13,80.5,80.62999725341797,79.70999908447266,79.8499984741211,69.97834014892578,3522000,0.0
2018-03-14,80.23999786376953,80.3499984741211,79.33999633789062,79.47000122070312,69.64530944824219,2747900,0.0
2018-03-15,79.62999725341797,79.66999816894531,78.83000183105469,79.12000274658203,69.33857727050781,1478800,0.0
2018-03-16,79.11000061035156,79.91000366210938,79.0199966430664,79.70999908447266,69.85564422607422,3000900,0.0
2018-03-19,79.52999877929688,79.62000274658203,78.0199966430664,79.01000213623047,69.24217987060547,2388800,0.0
2018-03-20,79.12999725341797,79.3499984741211,78.69999694824219,78.98999786376953,69.22465515136719,2498100,0.0
2018-03-21,78.97000122070312,79.9000015258789,78.87999725341797,79.33000183105469,69.52262878417969,2188800,0.0
2018-03-22,78.5,79.0199966430664,77.43000030517578,77.45999908447266,68.08893585205078,3742200,0.239
2018-03-23,77.58999633789062,77.81999969482422,75.7699966430664,75.79000091552734,66.62096405029297,4260300,0.0
2018-03-26,76.7699966430664,77.5,76.05000305175781,77.5,68.12409973144531,3527800,0.0
2018-03-27,77.70999908447266,77.7699966430664,75.87000274658203,76.19000244140625,66.97257232666016,3165900,0.0
2018-03-28,76.33999633789062,76.81999969482422,75.9000015258789,76.29000091552734,67.06048583984375,4947000,0.0
2018-03-29,76.66000366210938,77.62000274658203,76.61000061035156,77.01000213623047,67.69338989257812,2769500,0.0
2018-04-02,76.91000366210938,77.0999984741211,74.76000213623047,75.25,66.14628601074219,3610000,0.0
2018-04-03,75.69000244140625,76.5999984741211,75.48999786376953,76.37999725341797,67.13959503173828,4636000,0.0
2018-04-04,75.56999969482422,77.56999969482422,75.4000015258789,77.33999633789062,67.98345184326172,3353200,0.0
2018-04-05,77.75,78.23999786376953,77.45999908447266,78.16999816894531,68.71306610107422,3874300,0.0
2018-04-06,77.70999908447266,78.22000122070312,76.11000061035156,76.76000213623047,67.47361755371094,3738800,0.0
2018-04-09,77.18000030517578,77.58000183105469,76.52999877929688,76.55999755859375,67.29780578613281,1926700,0.0
2018-04-10,77.38999938964844,78.30000305175781,77.19999694824219,78.01000213623047,68.57239532470703,2853400,0.0
2018-04-11,77.76000213623047,78.36000061035156,77.56999969482422,78.13999938964844,68.68667602539062,3872700,0.0
2018-04-12,78.54000091552734,78.88999938964844,78.25,78.52999877929688,69.02949523925781,3589500,0.0
2018-04-13,78.7699966430664,78.9000015258789,78.05999755859375,78.25,68.78336334228516,5484200,0.0
2018-04-16,78.70999908447266,79.33999633789062,78.33999633789062,79.12000274658203,69.54810333251953,3141300,0.0
2018-04-17,79.54000091552734,80.13999938964844,79.41000366210938,79.87000274658203,70.20738983154297,5426700,0.0
2018-04-18,80.08000183105469,80.58000183105469,79.87000274658203,80.16000366210938,70.4623031616211,3754400,0.0
2018-04-19,79.9800033569336,80.12000274658203,79.23999786376953,79.52999877929688,69.90851593017578,3295300,0.0
2018-04-20,79.29000091552734,79.66999816894531,78.83000183105469,79.05999755859375,69.495361328125,2407600,0.0
2018-04-23,79.22000122070312,79.54000091552734,78.68000030517578,79.02999877929688,69.46898651123047,2228200,0.0
2018-04-24,79.12999725341797,79.68000030517578,78.04000091552734,78.66000366210938,69.14375305175781,2558800,0.0
2018-04-25,78.58000183105469,78.80000305175781,77.94999694824219,78.52999877929688,69.02949523925781,2196600,0.0
2018-04-26,78.6500015258789,79.01000213623047,78.33000183105469,78.77999877929688,69.24925231933594,1945900,0.0
2018-04-27,78.81999969482422,78.9800033569336,78.12999725341797,78.5199966430664,69.02069091796875,2181400,0.0
2018-04-30,78.7300033569336,78.95999908447266,77.81999969482422,77.81999969482422,68.40538024902344,3297100,0.0
2018-05-01,77.7699966430664,78.2699966430664,76.97000122070312,78.16000366210938,68.70420837402344,3133400,0.0
2018-05-02,78.0999984741211,78.88999938964844,78.0,78.3499984741211,68.87126159667969,2061600,0.0
2018-05-03,78.12000274658203,78.33999633789062,77.11000061035156,77.87000274658203,68.44932556152344,2554500,0.0
2018-05-04,77.5199966430664,79.2300033569336,77.33999633789062,78.83000183105469,69.29316711425781,2222200,0.0
2018-05-07,79.0199966430664,79.79000091552734,78.9800033569336,79.44000244140625,69.82939147949219,2140500,0.0
2018-05-08,79.41000366210938,80.12999725341797,79.38999938964844,80.12000274658203,70.42716217041016,3580900,0.0
2018-05-09,80.23999786376953,80.73999786376953,79.88999938964844,80.56999969482422,70.82268524169922,3414100,0.0
2018-05-10,80.6500015258789,81.23999786376953,80.55000305175781,81.0,71.20065307617188,2773800,0.0
2018-05-11,81.04000091552734,81.37999725341797,80.81999969482422,81.12999725341797,71.31494903564453,2334300,0.0
2018-05-14,81.2699966430664,81.54000091552734,80.68000030517578,80.77999877929688,71.00727844238281,2148100,0.0
2018-05-15,80.5,80.98999786376953,80.27999877929688,80.81999969482422,71.04242706298828,2539500,0.0
2018-05-16,80.95999908447266,82.05999755859375,80.91999816894531,81.77999877929688,71.88630676269531,4193900,0.0
2018-05-17,81.94999694824219,82.4800033569336,81.80000305175781,82.27999877929688,72.32581329345703,4287200,0.0
2018-05-18,82.44999694824219,82.58999633789062,82.19000244140625,82.44999694824219,72.4752426147461,3508700,0.0
2018-05-21,82.70999908447266,83.25,82.66999816894531,83.20999908447266,73.14330291748047,2649300,0.0
2018-05-22,83.38999938964844,83.45999908447266,82.47000122070312,82.52999877929688,72.54557037353516,2877500,0.0
2018-05-23,82.27999877929688,82.75,82.12000274658203,82.61000061035156,72.61589050292969,2657900,0.0
2018-05-24,82.55999755859375,82.77999877929688,81.9000015258789,82.62999725341797,72.63349151611328,3017000,0.0
2018-05-25,82.45999908447266,82.76000213623047,82.31999969482422,82.51000213623047,72.5279769897461,2237900,0.0
2018-05-29,82.0999984741211,82.7699966430664,81.7699966430664,82.55999755859375,72.57193756103516,4274900,0.0
2018-05-30,82.91999816894531,83.93000030517578,82.8499984741211,83.72000122070312,73.59159088134766,2972900,0.0
2018-05-31,83.68000030517578,83.87000274658203,82.72000122070312,82.83999633789062,72.81804656982422,3180300,0.0
2018-06-01,83.41000366210938,83.73999786376953,83.19999694824219,83.41000366210938,73.31909942626953,4018200,0.0
2018-06-04,83.7300033569336,84.37000274658203,83.52999877929688,84.37000274658203,74.1629867553711,5916000,0.0
2018-06-05,84.3499984741211,84.98999786376953,84.11000061035156,84.9800033569336,74.69917297363281,8198000,0.0
2018-06-06,84.98999786376953,85.5199966430664,84.80999755859375,85.5199966430664,75.17383575439453,2663400,0.0
2018-06-07,85.56999969482422,85.6500015258789,84.80999755859375,85.19999694824219,74.8925552368164,4035600,0.0
2018-06-08,85.12000274658203,85.5199966430664,85.08000183105469,85.41000366210938,75.07715606689453,4287700,0.0
2018-06-11,85.45999908447266,85.81999969482422,85.37000274658203,85.6500015258789,75.28813171386719,3705200,0.0
2018-06-12,85.70999908447266,85.95999908447266,85.38999938964844,85.73999786376953,75.36721801757812,2885300,0.0
2018-06-13,85.81999969482422,85.88999938964844,85.12000274658203,85.2300033569336,74.91893005371094,2717900,0.0
2018-06-14,85.4800033569336,85.62000274658203,84.9800033569336,85.5199966430664,75.17383575439453,3441800,0.0
2018-06-15,85.26000213623047,85.56999969482422,84.86000061035156,85.55000305175781,75.20021057128906,3209400,0.0
2018-06-18,85.19999694824219,86.05999755859375,85.01000213623047,86.05000305175781,75.63973999023438,3089800,0.0
2018-06-19,85.5199966430664,86.05999755859375,84.86000061035156,85.97000122070312,75.56938171386719,3111200,0.0
2018-06-20,86.30999755859375,86.69999694824219,86.0199966430664,86.63999938964844,76.15834045410156,3501400,0.0
2018-06-21,86.58999633789062,86.66000366210938,85.55999755859375,85.77999877929688,75.40240478515625,4374200,0.0
2018-06-22,86.20999908447266,86.25,85.38999938964844,85.76000213623047,75.38481140136719,2963800,0.0
2018-06-25,85.55999755859375,85.62999725341797,83.95999908447266,84.43000030517578,74.21572875976562,4693300,0.0
2018-06-26,84.29000091552734,85.02999877929688,84.06999969482422,84.69999694824219,74.67147827148438,4383800,0.247
2018-06-27,84.87000274658203,85.0999984741211,83.4800033569336,83.51000213623047,73.62238311767578,4205900,0.0
2018-06-28,83.43000030517578,83.94000244140625,82.98999786376953,83.7300033569336,73.81636047363281,4382200,0.0
2018-06-29,84.01000213623047,84.29000091552734,83.45999908447266,83.45999908447266,73.57831573486328,4272700,0.0
2018-07-02,83.08000183105469,84.38999938964844,82.8499984741211,84.33000183105469,74.34530639648438,5637100,0.0
2018-07-03,84.77999877929688,84.94999694824219,84.47000122070312,84.54000091552734,74.53043365478516,3012100,0.0
2018-07-05,85.0199966430664,85.56999969482422,84.44999694824219,85.56999969482422,75.4384994506836,3629200,0.0
2018-07-06,85.5999984741211,86.36000061035156,85.44000244140625,86.22000122070312,76.01152801513672,2709800,0.0
2018-07-09,86.66000366210938,86.86000061035156,86.3499984741211,86.86000061035156,76.57574462890625,2789900,0.0
2018-07-10,87.0199966430664,87.13999938964844,85.95999908447266,86.44999694824219,76.21431732177734,3688500,0.0
2018-07-11,86.05000305175781,86.45999908447266,85.69000244140625,85.7300033569336,75.57953643798828,4650600,0.0
2018-07-12,86.19000244140625,86.25,85.37999725341797,85.93000030517578,75.75585174560547,3201400,0.0
2018-07-13,86.0,86.5,85.79000091552734,85.8499984741211,75.68534088134766,3374100,0.0
2018-07-16,86.02999877929688,86.19000244140625,85.18000030517578,85.55000305175781,75.42085266113281,5540100,0.0
2018-07-17,85.55999755859375,86.25,85.4800033569336,86.0199966430664,75.835205078125,3242500,0.0
2018-07-18,86.05000305175781,86.43000030517578,85.62000274658203,86.37000274658203,76.14376831054688,3236500,0.0
2018-07-19,86.4000015258789,87.08000183105469,86.0199966430664,87.04000091552734,76.73444366455078,3365800,0.0
2018-07-20,86.98999786376953,87.16000366210938,86.62999725341797,86.72000122070312,76.45232391357422,3738800,0.0
2018-07-23,86.62000274658203,86.94999694824219,86.2699966430664,86.75,76.47876739501953,2762600,0.0
2018-07-24,87.12999725341797,87.30000305175781,85.51000213623047,85.94000244140625,75.7646713256836,4010400,0.0
2018-07-25,85.95999908447266,86.12000274658203,85.37000274658203,86.12000274658203,75.9233627319336,4410600,0.0
2018-07-26,86.29000091552734,87.3499984741211,86.20999908447266,87.04000091552734,76.73444366455078,5702600,0.0
2018-07-27,87.19000244140625,87.33000183105469,85.37000274658203,85.55000305175781,75.42085266113281,3896300,0.0
2018-07-30,85.54000091552734,86.04000091552734,85.08999633789062,85.16000366210938,75.07704162597656,3386800,0.0
2018-07-31,85.37000274658203,86.44000244140625,85.30000305175781,86.16000366210938,75.95864868164062,3423400,0.0
2018-08-01,86.0999984741211,86.30000305175781,85.37999725341797,86.12999725341797,75.93217468261719,3512800,0.0
2018-08-02,85.77999877929688,87.01000213623047,85.69000244140625,86.88999938964844,76.60221099853516,3355600,0.0
2018-08-03,86.98999786376953,87.2699966430664,86.11000061035156,86.61000061035156,76.35536193847656,2949400,0.0
2018-08-06,86.58999633789062,87.29000091552734,86.43000030517578,87.18000030517578,76.85783386230469,3183000,0.0
2018-08-07,87.47000122070312,87.7699966430664,87.31999969482422,87.3499984741211,77.00772857666016,2889200,0.0
2018-08-08,87.37000274658203,87.47000122070312,86.69999694824219,87.30000305175781,76.9636459350586,2583900,0.0
2018-08-09,87.27999877929688,87.7300033569336,87.22000122070312,87.4000015258789,77.05182647705078,3251300,0.0
2018-08-10,86.9000015258789,87.75,86.80999755859375,87.22000122070312,76.89311981201172,3323600,0.0
2018-08-13,87.31999969482422,87.55000305175781,86.47000122070312,86.83000183105469,76.54932403564453,2582900,0.0
2018-08-14,87.04000091552734,88.06999969482422,87.04000091552734,87.94999694824219,77.53669738769531,3759500,0.0
2018-08-15,87.63999938964844,87.73999786376953,86.44000244140625,86.93000030517578,76.63748168945312,4626300,0.0
2018-08-16,87.33000183105469,87.95999908447266,87.2300033569336,87.63999938964844,77.2634048461914,2602100,0.0
2018-08-17,87.61000061035156,88.2699966430664,87.30000305175781,88.19000244140625,77.74828338623047,2952800,0.0
2018-08-20,88.4000015258789,88.70999908447266,87.94999694824219,88.48999786376953,78.01275634765625,3066600,0.0
2018-08-21,88.69999694824219,89.83000183105469,88.61000061035156,89.54000091552734,78.93844604492188,3229500,0.0
2018-08-22,89.5,89.86000061035156,89.30999755859375,89.72000122070312,79.09711456298828,4498200,0.0
2018-08-23,89.7300033569336,89.8499984741211,89.19999694824219,89.44999694824219,78.85910034179688,2877700,0.0
2018-08-24,89.66999816894531,89.87999725341797,89.5,89.7699966430664,79.14122772216797,2505700,0.0
2018-08-27,90.08000183105469,90.55999755859375,89.75,89.83000183105469,79.1941146850586,5784200,0.0
2018-08-28,90.08999633789062,90.29000091552734,89.4800033569336,89.83000183105469,79.1941146850586,3079000,0.0
2018-08-29,89.97000122070312,90.18000030517578,89.4800033569336,90.0199966430664,79.3615951538086,2548000,0.0
2018-08-30,89.87000274658203,90.33999633789062,89.55000305175781,89.79000091552734,79.15882873535156,5097800,0.0
2018-08-31,89.69000244140625,90.45999908447266,89.56999969482422,90.30999755859375,79.61727905273438,3362200,0.0
2018-09-04,90.22000122070312,90.30999755859375,89.26000213623047,89.93000030517578,79.28227996826172,4121400,0.0
2018-09-05,89.83999633789062,89.95999908447266,89.0,89.83999633789062,79.20291137695312,3233600,0.0
2018-09-06,90.01000213623047,90.13999938964844,89.16999816894531,89.16999816894531,78.61223602294922,4474900,0.0
2018-09-07,89.05999755859375,89.47000122070312,88.6500015258789,88.97000122070312,78.43592834472656,3015000,0.0
2018-09-10,89.37999725341797,89.58000183105469,88.93000030517578,89.06999969482422,78.52410125732422,2384500,0.0
2018-09-11,88.94000244140625,89.41999816894531,88.55999755859375,89.0999984741211,78.5505142211914,3091300,0.0
2018-09-12,89.0199966430664,89.08000183105469,88.16000366210938,88.81999969482422,78.30368041992188,3317700,0.0
2018-09-13,89.2699966430664,89.2699966430664,88.62999725341797,88.83000183105469,78.31251525878906,3208500,0.0
2018-09-14,88.9800033569336,89.58000183105469,88.69999694824219,89.47000122070312,78.87669372558594,4313300,0.0
2018-09-17,89.47000122070312,89.5199966430664,88.44000244140625,88.4800033569336,78.00392150878906,5411600,0.0
2018-09-18,88.66999816894531,89.04000091552734,88.51000213623047,88.7300033569336,78.22433471679688,3816300,0.0
2018-09-19,88.81999969482422,89.05999755859375,87.9800033569336,88.16999816894531,77.73062896728516,5189500,0.0
2018-09-20,88.48999786376953,88.94999694824219,88.25,88.93000030517578,78.4006576538086,4631500,0.0
2018-09-21,89.02999877929688,89.33000183105469,88.38999938964844,88.44000244140625,77.96868133544922,4118400,0.0
2018-09-24,88.43000030517578,88.43000030517578,87.44000244140625,87.8499984741211,77.44853210449219,3293900,0.0
2018-09-25,87.9800033569336,88.12999725341797,87.79000091552734,87.9000015258789,77.49259948730469,2769900,0.0
2018-09-26,87.80999755859375,88.01000213623047,86.76000213623047,86.87000274658203,76.83544158935547,3023000,0.287
2018-09-27,86.98999786376953,87.33999633789062,86.7699966430664,86.9000015258789,76.86199188232422,3311000,0.0
2018-09-28,86.69999694824219,87.45999908447266,86.51000213623047,87.23999786376953,77.16270446777344,4448200,0.0
2018-10-01,87.62999725341797,87.7699966430664,85.72000122070312,85.94000244140625,76.01286315917969,5355800,0.0
2018-10-02,85.93000030517578,86.0999984741211,84.83999633789062,85.0199966430664,75.19912719726562,5929800,0.0
2018-10-03,85.3499984741211,86.16999816894531,85.02999877929688,85.7699966430664,75.86249542236328,3912400,0.0
2018-10-04,85.56999969482422,85.7699966430664,84.44000244140625,84.75,74.9603271484375,4548800,0.0
2018-10-05,84.79000091552734,84.93000030517578,83.12999725341797,83.80999755859375,74.12891387939453,4618900,0.0
2018-10-08,83.62000274658203,83.98999786376953,83.0999984741211,83.73999786376953,74.06700897216797,3111000,0.0
2018-10-09,83.68000030517578,84.1500015258789,83.36000061035156,83.4800033569336,73.8370361328125,4401100,0.0
2018-10-10,83.33000183105469,83.37000274658203,81.05999755859375,81.19999694824219,71.82039642333984,6657700,0.0
2018-10-11,80.7699966430664,81.51000213623047,79.44000244140625,79.44000244140625,70.26371002197266,8382000,0.0
2018-10-12,80.52999877929688,80.5999984741211,78.45999908447266,79.30000305175781,70.139892578125,5153400,0.0
2018-10-15,79.22000122070312,80.26000213623047,78.80999755859375,79.66999816894531,70.46713256835938,4459800,0.0
2018-10-16,80.2300033569336,81.98999786376953,79.5,81.83999633789062,72.38645935058594,4351800,0.0
2018-10-17,81.69999694824219,81.69999694824219,80.37999725341797,81.43000030517578,72.02383422851562,3564900,0.0
2018-10-18,81.08999633789062,81.26000213623047,79.54000091552734,79.87999725341797,70.65286254882812,4535100,0.0
2018-10-19,79.91999816894531,80.45999908447266,78.7699966430664,79.0999984741211,69.96295928955078,3240000,0.0
2018-10-22,79.3499984741211,79.80999755859375,78.81999969482422,79.02999877929688,69.90106964111328,2281200,0.0
2018-10-23,78.05000305175781,79.01000213623047,76.9800033569336,78.41000366210938,69.35267639160156,6499200,0.0
2018-10-24,78.41999816894531,78.51000213623047,75.58000183105469,75.6500015258789,66.91150665283203,4053900,0.0
2018-10-25,75.9800033569336,77.69999694824219,75.91999816894531,77.30000305175781,68.37091064453125,3623300,0.0
2018-10-26,76.5199966430664,77.58999633789062,75.12000274658203,76.56999969482422,67.7252426147461,6275200,0.0
2018-10-29,77.45999908447266,78.29000091552734,75.55000305175781,76.3499984741211,67.5306396484375,5859300,0.0
2018-10-30,76.38999938964844,78.19999694824219,76.27999877929688,78.11000061035156,69.08733367919922,5529300,0.0
2018-10-31,78.9000015258789,79.08000183105469,77.95999908447266,78.05000305175781,69.03425598144531,10482900,0.0
2018-11-01,78.51000213623047,79.79000091552734,78.33000183105469,79.55999755859375,70.36981964111328,4011200,0.0
2018-11-02,79.91999816894531,80.37999725341797,79.2699966430664,80.02999877929688,70.78556823730469,4993500,0.0
2018-11-05,80.13999938964844,80.43000030517578,79.2699966430664,80.11000061035156,70.8563003540039,4628900,0.0
2018-11-06,80.12000274658203,80.7300033569336,79.94999694824219,80.55999755859375,71.25433349609375,3846000,0.0
2018-11-07,80.98999786376953,81.61000061035156,80.25,81.55000305175781,72.12995910644531,3533000,0.0
2018-11-08,81.37000274658203,81.77999877929688,80.97000122070312,81.37999725341797,71.97960662841797,3289600,0.0
2018-11-09,80.93000030517578,80.93000030517578,79.38999938964844,79.97000122070312,70.73249053955078,2936000,0.0
2018-11-12,79.95999908447266,79.97000122070312,78.44000244140625,78.5199966430664,69.449951171875,2331400,0.0
2018-11-13,78.76000213623047,79.5999984741211,78.22000122070312,78.3499984741211,69.2995834350586,3033100,0.0
2018-11-14,79.0,79.2699966430664,77.33999633789062,77.81999969482422,68.83082580566406,4329600,0.0
2018-11-15,77.41000366210938,78.97000122070312,77.11000061035156,78.86000061035156,69.75069427490234,6647200,0.0
2018-11-16,78.30999755859375,79.2300033569336,78.05999755859375,79.11000061035156,69.9718246459961,3790500,0.0
2018-11-19,78.91999816894531,79.16000366210938,77.51000213623047,77.80000305175781,68.81314086914062,3073800,0.0
2018-11-20,76.94999694824219,77.61000061035156,76.13999938964844,76.30000305175781,67.48640441894531,4155000,0.0
2018-11-21,76.58000183105469,77.86000061035156,76.44999694824219,77.08999633789062,68.18515014648438,2821600,0.0
2018-11-23,76.48999786376953,77.68000030517578,76.43000030517578,77.08000183105469,68.17630767822266,1504900,0.0
2018-11-26,77.73999786376953,78.2699966430664,77.33999633789062,77.79000091552734,68.8043212890625,2774300,0.0
2018-11-27,77.56999969482422,77.76000213623047,77.04000091552734,77.22000122070312,68.30012512207031,2875100,0.0
2018-11-28,77.51000213623047,79.1500015258789,76.63999938964844,79.08999633789062,69.95410919189453,3304100,0.0
2018-11-29,78.7699966430664,79.16999816894531,78.08999633789062,78.69999694824219,69.6091537475586,3075300,0.0
2018-11-30,78.58000183105469,79.4000015258789,78.36000061035156,79.30000305175781,70.139892578125,4538300,0.0
2018-12-03,80.18000030517578,80.63999938964844,78.66999816894531,79.77999877929688,70.56442260742188,4625100,0.0
2018-12-04,79.58999633789062,79.76000213623047,76.0,76.18000030517578,67.38028717041016,4408400,0.0
2018-12-06,75.05999755859375,75.93000030517578,74.06999969482422,75.91000366210938,67.14143371582031,7244600,0.0
2018-12-07,76.0,76.54000091552734,74.05999755859375,74.4800033569336,65.87664031982422,6185400,0.0
2018-12-10,74.5,74.75,72.97000122070312,73.98999786376953,65.44322967529297,7963900,0.0
2018-12-11,74.94999694824219,75.29000091552734,73.41000366210938,73.91999816894531,65.38131713867188,7356800,0.0
2018-12-12,74.69999694824219,75.66000366210938,74.52999877929688,74.6500015258789,66.02701568603516,5524100,0.0
2018-12-13,74.80999755859375,75.0,73.36000061035156,73.51000213623047,65.0186996459961,4448000,0.0
2018-12-14,73.01000213623047,73.80000305175781,72.0999984741211,72.37000274658203,64.01036834716797,5736200,0.0
2018-12-17,71.8499984741211,72.38999938964844,70.0199966430664,70.37000274658203,62.518714904785156,6119000,0.321
2018-12-18,70.88999938964844,71.5999984741211,70.23999786376953,70.45999908447266,62.598663330078125,11210500,0.0
2018-12-19,70.45999908447266,71.37999725341797,68.55000305175781,68.91000366210938,61.22159194946289,13154400,0.0
2018-12-20,68.62999725341797,69.19000244140625,67.19999694824219,67.94000244140625,60.35982894897461,12767500,0.0
2018-12-21,68.12999725341797,68.63999938964844,66.20999908447266,66.37000274658203,58.96498107910156,12592600,0.0
2018-12-24,66.05000305175781,66.52999877929688,65.08999633789062,65.13999938964844,57.87221908569336,6493800,0.0
2018-12-26,65.41999816894531,68.23999786376953,65.04000091552734,68.16999816894531,60.56414794921875,11261000,0.0
2018-12-27,67.30999755859375,68.5999984741211,66.25,68.58000183105469,60.928401947021484,11373100,0.0
2018-12-28,68.70999908447266,69.98999786376953,68.20999908447266,68.9000015258789,61.21272659301758,12073300,0.0
2018-12-31,69.31999969482422,69.38999938964844,68.23999786376953,69.31999969482422,61.585845947265625,9400900,0.0
2019-01-02,68.44000244140625,69.9800033569336,68.0999984741211,69.63999938964844,61.87015151977539,4747200,0.0
2019-01-03,69.27999877929688,69.54000091552734,68.01000213623047,68.33999633789062,60.71519088745117,4969800,0.0
2019-01-04,69.1500015258789,70.94999694824219,69.05000305175781,70.80999755859375,62.909610748291016,4879300,0.0
2019-01-07,70.72000122070312,72.18000030517578,70.37000274658203,71.75,63.74473571777344,4983200,0.0
2019-01-08,72.38999938964844,72.87000274658203,71.80999755859375,72.83999633789062,64.71310424804688,5268500,0.0
2019-01-09,73.2300033569336,73.80000305175781,72.87999725341797,73.58000183105469,65.37055969238281,4934200,0.0
2019-01-10,73.1500015258789,73.88999938964844,72.80000305175781,73.83999633789062,65.60153198242188,5003200,0.0
2019-01-11,73.55999755859375,74.12000274658203,73.41000366210938,73.98999786376953,65.73481750488281,4256700,0.0
2019-01-14,73.55999755859375,73.95999908447266,73.23999786376953,73.36000061035156,65.17509460449219,4203600,0.0
2019-01-15,73.56999969482422,73.91000366210938,73.13999938964844,73.86000061035156,65.61931610107422,4151900,0.0
2019-01-16,73.94000244140625,74.69999694824219,73.88999938964844,74.43000030517578,66.1257095336914,6304000,0.0
2019-01-17,74.18000030517578,75.3499984741211,74.08000183105469,75.1500015258789,66.76538848876953,6830600,0.0
2019-01-18,75.5199966430664,76.19000244140625,75.2699966430664,75.91000366210938,67.44058990478516,5462500,0.0
2019-01-22,75.48999786376953,75.56999969482422,74.20999908447266,74.6500015258789,66.3211898803711,5317400,0.0
2019-01-23,74.91000366210938,75.29000091552734,73.9800033569336,74.5199966430664,66.2056884765625,4978600,0.0
2019-01-24,74.44000244140625,75.12000274658203,74.41000366210938,74.94000244140625,66.57881164550781,5033000,0.0
2019-01-25,75.41999816894531,75.97000122070312,75.37000274658203,75.76000213623047,67.30731964111328,4057600,0.0
2019-01-28,75.1500015258789,75.55000305175781,74.70999908447266,75.30000305175781,66.8986587524414,4146300,0.0
2019-01-29,75.44000244140625,75.52999877929688,75.08999633789062,75.29000091552734,66.88976287841797,3148800,0.0
2019-01-30,75.58999633789062,76.37000274658203,75.0199966430664,76.06999969482422,67.5827407836914,3518400,0.0
2019-01-31,76.05000305175781,76.77999877929688,75.87999725341797,76.69000244140625,68.13358306884766,4551600,0.0
2019-02-01,76.83000183105469,76.93000030517578,76.29000091552734,76.62000274658203,68.07138061523438,3571500,0.0
2019-02-04,76.70999908447266,77.61000061035156,76.4000015258789,77.5999984741211,68.94205474853516,5088400,0.0
2019-02-05,77.68000030517578,77.9000015258789,77.1500015258789,77.66000366210938,68.99531555175781,4699800,0.0
2019-02-06,77.58000183105469,77.75,77.26000213623047,77.55000305175781,68.89762115478516,2718200,0.0
2019-02-07,77.05999755859375,77.38999938964844,76.23999786376953,76.86000061035156,68.28460693359375,3318700,0.0
2019-02-08,76.51000213623047,76.94000244140625,76.19000244140625,76.81999969482422,68.24908447265625,2645700,0.0
2019-02-11,77.0199966430664,77.5,76.62000274658203,77.44999694824219,68.80879974365234,3239700,0.0
2019-02-12,77.80999755859375,78.54000091552734,77.80999755859375,78.5,69.74161529541016,3433000,0.0
2019-02-13,78.66999816894531,78.98999786376953,78.41000366210938,78.80999755859375,70.01701354980469,3182000,0.0
2019-02-14,78.44000244140625,79.33999633789062,78.30000305175781,78.98999786376953,70.17694854736328,4943600,0.0
2019-02-15,79.36000061035156,80.22000122070312,79.20999908447266,80.16999816894531,71.22531127929688,3196200,0.0
2019-02-19,79.93000030517578,80.81999969482422,79.7300033569336,80.61000061035156,71.61620330810547,4345300,0.0
2019-02-20,80.62999725341797,81.26000213623047,80.52999877929688,81.18000030517578,72.12260437011719,4049500,0.0
2019-02-21,81.06999969482422,81.16000366210938,80.41000366210938,80.80000305175781,71.7850112915039,2753700,0.0
2019-02-22,80.88999938964844,81.18000030517578,80.7699966430664,81.16999816894531,72.11373901367188,2770500,0.0
2019-02-25,81.55000305175781,81.79000091552734,80.95999908447266,80.98999786376953,71.95382690429688,2780500,0.0
2019-02-26,80.88999938964844,80.95999908447266,80.19999694824219,80.20999908447266,71.2608413696289,3865200,0.0
2019-02-27,80.0,80.36000061035156,79.68000030517578,80.33000183105469,71.3674545288086,4049300,0.0
2019-02-28,80.30000305175781,80.36000061035156,79.80000305175781,80.0199966430664,71.0920181274414,2307200,0.0
2019-03-01,80.61000061035156,80.72000122070312,79.83000183105469,80.4800033569336,71.50072479248047,6804800,0.0
2019-03-04,80.66000366210938,80.70999908447266,79.16999816894531,79.6500015258789,70.7633056640625,5721000,0.0
2019-03-05,79.76000213623047,79.76000213623047,79.26000213623047,79.31999969482422,70.47012329101562,2715500,0.0
2019-03-06,79.33000183105469,79.43000030517578,77.69000244140625,77.76000213623047,69.08416748046875,5507000,0.0
2019-03-07,77.80999755859375,77.80999755859375,76.83000183105469,76.94999694824219,68.36454010009766,3739400,0.0
2019-03-08,76.5199966430664,76.97000122070312,76.4000015258789,76.87000274658203,68.29349517822266,2874800,0.0
2019-03-11,77.06999969482422,78.11000061035156,77.0,78.0999984741211,69.3862533569336,2579800,0.0
2019-03-12,78.19999694824219,78.38999938964844,77.7699966430664,77.9800033569336,69.2796630859375,4244200,0.0
2019-03-13,78.29000091552734,78.70999908447266,78.18000030517578,78.27999877929688,69.54615020751953,2904300,0.0
2019-03-14,78.30999755859375,78.37000274658203,77.87000274658203,77.94999694824219,69.25296020507812,4727000,0.0
2019-03-15,78.02999877929688,78.5999984741211,77.80000305175781,77.97000122070312,69.27075958251953,3964300,0.0
2019-03-18,78.11000061035156,78.80999755859375,77.8499984741211,78.58000183105469,69.81270599365234,2619600,0.0
2019-03-19,78.94999694824219,78.9800033569336,77.87000274658203,78.01000213623047,69.30628204345703,3113000,0.0
2019-03-20,77.80999755859375,78.29000091552734,76.75,77.16999816894531,68.78926849365234,3903400,0.26
2019-03-21,76.93000030517578,78.62000274658203,76.93000030517578,78.18000030517578,69.6895980834961,4706600,0.0
2019-03-22,77.66000366210938,77.81999969482422,75.30999755859375,75.33000183105469,67.14910888671875,5429000,0.0
2019-03-25,75.2300033569336,76.20999908447266,74.7300033569336,75.69000244140625,67.47000885009766,3949800,0.0
2019-03-26,76.25,76.94000244140625,75.97000122070312,76.4000015258789,68.1028823852539,2922200,0.0
2019-03-27,76.37000274658203,76.66999816894531,75.41999816894531,76.37999725341797,68.08507537841797,5062400,0.0
2019-03-28,76.58999633789062,77.18000030517578,76.18000030517578,77.0999984741211,68.72687530517578,5499000,0.0
2019-03-29,77.55999755859375,77.73999786376953,76.69999694824219,77.1500015258789,68.77145385742188,4139200,0.0
2019-04-01,77.63999938964844,78.22000122070312,77.51000213623047,78.0999984741211,69.61829376220703,3882400,0.0
2019-04-02,78.19999694824219,78.19999694824219,77.33000183105469,77.66000366210938,69.22605895996094,3313300,0.0
2019-04-03,78.2699966430664,78.61000061035156,77.81999969482422,78.04000091552734,69.56480407714844,3407100,0.0
2019-04-04,78.08999633789062,78.69999694824219,78.04000091552734,78.66000366210938,70.11746215820312,2789300,0.0
2019-04-05,78.81999969482422,79.41999816894531,78.80999755859375,79.3499984741211,70.7325439453125,2807100,0.0
2019-04-08,79.18000030517578,79.30999755859375,78.80999755859375,79.29000091552734,70.67906188964844,2272900,0.0
2019-04-09,79.01000213623047,79.13999938964844,78.16000366210938,78.30000305175781,69.79656219482422,5496400,0.0
2019-04-10,78.4000015258789,79.55999755859375,78.4000015258789,79.48999786376953,70.85733795166016,4409700,0.0
2019-04-11,79.5199966430664,79.66000366210938,79.16999816894531,79.33000183105469,70.7147216796875,2696500,0.0
2019-04-12,79.80000305175781,79.94999694824219,79.3499984741211,79.69000244140625,71.03560638427734,2138800,0.0
2019-04-15,79.87000274658203,79.9800033569336,79.12000274658203,79.37999725341797,70.75926971435547,2578900,0.0
2019-04-16,79.66999816894531,79.79000091552734,79.33999633789062,79.69999694824219,71.04451751708984,2474900,0.0
2019-04-17,79.9800033569336,79.9800033569336,78.86000061035156,79.33999633789062,70.72361755371094,2474900,0.0
2019-04-18,79.27999877929688,79.41999816894531,78.66000366210938,79.05999755859375,70.47401428222656,2426400,0.0
2019-04-22,78.91000366210938,79.05999755859375,78.29000091552734,78.6500015258789,70.10853576660156,1769300,0.0
2019-04-23,78.7699966430664,80.05999755859375,78.70999908447266,79.80999755859375,71.14256286621094,2477100,0.0
2019-04-24,79.83000183105469,80.31999969482422,79.68000030517578,80.05999755859375,71.36540985107422,2833900,0.0
2019-04-25,79.75,79.87000274658203,78.63999938964844,79.2300033569336,70.62556457519531,2144900,0.0
2019-04-26,79.30000305175781,79.98999786376953,79.0,79.94000244140625,71.25845336914062,1668100,0.0
2019-04-29,80.0,80.62999725341797,79.97000122070312,80.33000183105469,71.60610961914062,7272000,0.0
2019-04-30,80.30999755859375,80.43000030517578,79.4800033569336,80.12999725341797,71.42781829833984,2517500,0.0
2019-05-01,80.3499984741211,80.41999816894531,79.41000366210938,79.41000366210938,70.78601837158203,2800100,0.0
2019-05-02,79.37000274658203,80.0999984741211,78.8499984741211,79.66000366210938,71.00886535644531,2673300,0.0
2019-05-03,79.98999786376953,81.33999633789062,79.98999786376953,81.2300033569336,72.40837097167969,3276600,0.0
2019-05-06,80.02999877929688,81.5,80.01000213623047,81.37000274658203,72.53316497802734,2678500,0.0
2019-05-07,80.69999694824219,80.95999908447266,79.20999908447266,79.87999725341797,71.2049789428711,2528400,0.0
2019-05-08,79.73999786376953,80.04000091552734,79.19999694824219,79.23999786376953,70.6344985961914,2284700,0.0
2019-05-09,78.61000061035156,79.33999633789062,77.93000030517578,79.05999755859375,70.47401428222656,2378800,0.0
2019-05-10,78.80000305175781,79.41999816894531,77.81999969482422,79.31999969482422,70.70578002929688,2603200,0.0
2019-05-13,77.87999725341797,78.11000061035156,76.62999725341797,76.83999633789062,68.4951171875,3702100,0.0
2019-05-14,77.0199966430664,77.98999786376953,76.87999725341797,77.66000366210938,69.22605895996094,2395700,0.0
2019-05-15,77.11000061035156,77.98999786376953,76.88999938964844,77.80000305175781,69.35086059570312,2106000,0.0
2019-05-16,77.97000122070312,78.69000244140625,77.91000366210938,78.0999984741211,69.61829376220703,2125000,0.0
2019-05-17,77.55000305175781,78.11000061035156,76.76000213623047,76.83000183105469,68.4862060546875,2372700,0.0
2019-05-20,76.33000183105469,76.83000183105469,76.13999938964844,76.29000091552734,68.0048599243164,2278400,0.0
2019-05-21,76.79000091552734,77.41000366210938,76.72000122070312,77.30999755859375,68.9140625,3378400,0.0
2019-05-22,77.0,77.05999755859375,76.25,76.55000305175781,68.23661804199219,2335000,0.0
2019-05-23,75.77999877929688,76.0,74.37000274658203,74.7300033569336,66.61427307128906,3590700,0.0
2019-05-24,75.13999938964844,75.58999633789062,74.94000244140625,75.4800033569336,67.2828140258789,1881800,0.0
2019-05-28,75.63999938964844,75.91999816894531,74.95999908447266,74.9800033569336,66.83710479736328,2015400,0.0
2019-05-29,74.54000091552734,74.56999969482422,73.77999877929688,74.37000274658203,66.29336547851562,2618600,0.0
2019-05-30,74.58000183105469,75.0199966430664,73.73999786376953,74.16000366210938,66.10615539550781,2086900,0.0
2019-05-31,73.30999755859375,73.4800033569336,72.81999969482422,73.16999816894531,65.22367858886719,3227100,0.0
2019-06-03,73.1500015258789,73.9000015258789,72.98999786376953,73.55000305175781,65.56241607666016,5017200,0.0
2019-06-04,74.36000061035156,75.62000274658203,74.33000183105469,75.55000305175781,67.34520721435547,2430600,0.0
2019-06-05,75.87000274658203,75.9000015258789,74.68000030517578,75.37999725341797,67.19365692138672,2697500,0.0
2019-06-06,75.43000030517578,75.6500015258789,74.37000274658203,75.20999908447266,67.0421371459961,2127100,0.0
2019-06-07,75.4800033569336,76.06999969482422,75.22000122070312,75.69999694824219,67.47892761230469,2592100,0.0
2019-06-10,76.05000305175781,76.88999938964844,76.0,76.23999786376953,67.96028137207031,2560500,0.0
2019-06-11,76.76000213623047,77.04000091552734,75.7300033569336,76.06999969482422,67.8087387084961,1935800,0.0
2019-06-12,76.0199966430664,76.12000274658203,75.5999984741211,75.91000366210938,67.6661148071289,1437100,0.0
2019-06-13,76.38999938964844,76.83000183105469,76.19999694824219,76.80000305175781,68.45948791503906,2323200,0.0
2019-06-14,76.6500015258789,76.69999694824219,76.05000305175781,76.05000305175781,67.79090881347656,2060700,0.0
2019-06-17,76.0,76.31999969482422,75.80000305175781,75.87000274658203,67.85442352294922,2323000,0.251
2019-06-18,76.4000015258789,77.44000244140625,76.27999877929688,76.86000061035156,68.73981475830078,2605800,0.0
2019-06-19,76.83000183105469,77.11000061035156,76.5999984741211,77.05000305175781,68.90977478027344,1830700,0.0
2019-06-20,77.80000305175781,77.88999938964844,77.12999725341797,77.56999969482422,69.37480926513672,2241500,0.0
2019-06-21,77.48999786376953,77.48999786376953,76.75,76.94000244140625,68.81137084960938,2271000,0.0
2019-06-24,77.16000366210938,77.16000366210938,76.08000183105469,76.08000183105469,68.042236328125,2457400,0.0
2019-06-25,76.20999908447266,76.30000305175781,75.69000244140625,75.69000244140625,67.69343566894531,4102400,0.0
2019-06-26,75.97000122070312,76.27999877929688,75.72000122070312,75.7699966430664,67.76497650146484,4388000,0.0
2019-06-27,75.97000122070312,77.2699966430664,75.80999755859375,77.25,69.088623046875,4744800,0.0
2019-06-28,77.37999725341797,78.51000213623047,77.37999725341797,78.27999877929688,70.00980377197266,3936000,0.0
2019-07-01,79.20999908447266,79.54000091552734,78.02999877929688,78.44000244140625,70.15289306640625,6441000,0.0
2019-07-02,78.45999908447266,78.47000122070312,77.4800033569336,77.98999786376953,69.75045776367188,2474000,0.0
2019-07-03,78.30000305175781,78.5199966430664,77.94999694824219,78.43000030517578,70.14396667480469,1706500,0.0
2019-07-05,78.08000183105469,78.7699966430664,77.72000122070312,78.73999786376953,70.42118072509766,1560200,0.0
2019-07-08,78.55000305175781,78.61000061035156,77.83000183105469,77.91000366210938,69.67887878417969,2485100,0.0
2019-07-09,77.66999816894531,77.8499984741211,77.44000244140625,77.80999755859375,69.58944702148438,1802600,0.0
2019-07-10,78.19000244140625,78.45999908447266,77.69000244140625,78.0199966430664,69.77728271484375,2188900,0.0
2019-07-11,78.06999969482422,78.13999938964844,77.22000122070312,77.6500015258789,69.44638061523438,2982900,0.0
2019-07-12,77.69999694824219,78.58999633789062,77.5999984741211,78.33000183105469,70.0545425415039,2237200,0.0
2019-07-15,78.47000122070312,78.58999633789062,77.55999755859375,77.83000183105469,69.60734558105469,2210700,0.0
2019-07-16,77.79000091552734,78.38999938964844,77.54000091552734,77.91000366210938,69.67887878417969,2631700,0.0
2019-07-17,77.91000366210938,78.0199966430664,77.13999938964844,77.33000183105469,69.16015625,2407300,0.0
2019-07-18,77.2300033569336,77.66000366210938,77.05000305175781,77.4800033569336,69.29431915283203,2120700,0.0
2019-07-19,77.52999877929688,78.01000213623047,77.2699966430664,77.27999877929688,69.11543273925781,2155800,0.0
2019-07-22,77.44000244140625,77.79000091552734,77.02999877929688,77.16999816894531,69.0170669555664,1844200,0.0
2019-07-23,77.4000015258789,77.88999938964844,77.19000244140625,77.88999938964844,69.66099548339844,1891800,0.0
2019-07-24,77.66000366210938,79.29000091552734,77.54000091552734,79.19999694824219,70.83260345458984,2270800,0.0
2019-07-25,79.12000274658203,79.26000213623047,78.22000122070312,78.33999633789062,70.0634536743164,2194500,0.0
2019-07-26,78.4800033569336,79.33000183105469,78.37999725341797,79.13999938964844,70.77893829345703,3256100,0.0
2019-07-29,79.19000244140625,79.27999877929688,78.48999786376953,78.73999786376953,70.42118072509766,2506100,0.0
2019-07-30,78.2699966430664,79.62000274658203,77.9800033569336,79.58999633789062,71.18138885498047,2088300,0.0
2019-07-31,79.61000061035156,80.45999908447266,78.69000244140625,79.20999908447266,70.84153747558594,4150900,0.0
2019-08-01,79.30999755859375,79.94999694824219,77.63999938964844,78.0,69.7593765258789,5233800,0.0
2019-08-02,77.5999984741211,77.72000122070312,76.48999786376953,77.08999633789062,68.94552612304688,3206200,0.0
2019-08-05,75.76000213623047,75.97000122070312,74.04000091552734,75.0,67.07633209228516,7994900,0.0
2019-08-06,75.51000213623047,75.9000015258789,74.73999786376953,75.79000091552734,67.78287506103516,3918500,0.0
2019-08-07,75.13999938964844,76.08999633789062,74.55000305175781,75.91000366210938,67.89018249511719,4180700,0.0
2019-08-08,76.23999786376953,77.56999969482422,76.23999786376953,77.55000305175781,69.35692596435547,3598100,0.0
2019-08-09,77.29000091552734,77.30999755859375,76.33000183105469,76.58999633789062,68.49834442138672,2345800,0.0
2019-08-12,76.08000183105469,76.25,75.5199966430664,75.7300033569336,67.72920227050781,3017700,0.0
2019-08-13,75.47000122070312,77.33000183105469,75.2300033569336,76.5199966430664,68.43573760986328,3322600,0.0
2019-08-14,75.19999694824219,75.27999877929688,74.05999755859375,74.2699966430664,66.42345428466797,3461000,0.0
2019-08-15,74.47000122070312,74.52999877929688,73.62999725341797,73.98999786376953,66.17304992675781,4254800,0.0
2019-08-16,74.33999633789062,75.79000091552734,74.2300033569336,75.63999938964844,67.64872741699219,3137400,0.0
2019-08-19,76.47000122070312,76.91000366210938,76.37000274658203,76.41999816894531,68.34630584716797,6560500,0.0
2019-08-20,76.29000091552734,76.30999755859375,75.69000244140625,75.79000091552734,67.78287506103516,2947900,0.0
2019-08-21,76.80000305175781,76.88999938964844,76.08000183105469,76.4000015258789,68.32841491699219,1839100,0.0
2019-08-22,76.55999755859375,76.7699966430664,75.79000091552734,76.19000244140625,68.14063262939453,2708300,0.0
2019-08-23,75.69999694824219,76.18000030517578,73.56999969482422,73.86000061035156,66.0567626953125,4362400,0.0
2019-08-26,74.37999725341797,74.61000061035156,74.0199966430664,74.55000305175781,66.67384338378906,3821400,0.0
2019-08-27,74.97000122070312,75.05999755859375,73.54000091552734,73.61000061035156,65.83318328857422,5595800,0.0
2019-08-28,73.43000030517578,75.0,73.30999755859375,74.48999786376953,66.62020111083984,5205700,0.0
2019-08-29,75.3499984741211,75.87000274658203,75.2699966430664,75.7300033569336,67.72920227050781,3488700,0.0
2019-08-30,76.19999694824219,76.2300033569336,75.23999786376953,75.58000183105469,67.5950698852539,3211900,0.0
2019-09-03,75.01000213623047,75.30000305175781,74.22000122070312,74.54000091552734,66.6649398803711,6176600,0.0
2019-09-04,75.30999755859375,75.5,74.91000366210938,75.30000305175781,67.34463500976562,5029400,0.0
2019-09-05,76.22000122070312,77.52999877929688,76.01000213623047,76.7699966430664,68.65933990478516,3090600,0.0
2019-09-06,76.88999938964844,77.16999816894531,76.52999877929688,76.55999755859375,68.47150421142578,2933900,0.0
2019-09-09,76.83999633789062,77.75,76.58999633789062,77.7300033569336,69.51790618896484,4104300,0.0
2019-09-10,77.66999816894531,78.72000122070312,77.16000366210938,78.69999694824219,70.3853988647461,3179200,0.0
2019-09-11,78.91999816894531,80.37000274658203,78.44000244140625,80.2699966430664,71.78953552246094,3775500,0.0
2019-09-12,80.37000274658203,80.73999786376953,79.48999786376953,80.2699966430664,71.78953552246094,3200800,0.0
2019-09-13,80.66000366210938,81.23999786376953,80.36000061035156,80.4000015258789,71.90579986572266,2888600,0.0
2019-09-16,80.33999633789062,81.06999969482422,80.12000274658203,80.66999816894531,72.14728546142578,3833000,0.0
2019-09-17,80.41999816894531,80.54000091552734,79.95999908447266,80.48999786376953,71.98629760742188,3079800,0.0
2019-09-18,80.48999786376953,80.55000305175781,79.30999755859375,80.05000305175781,71.59280395507812,2729600,0.0
2019-09-19,80.16999816894531,80.62999725341797,79.47000122070312,79.52999877929688,71.12775421142578,3438000,0.0
2019-09-20,79.4800033569336,79.91000366210938,78.7699966430664,79.26000213623047,70.88626861572266,3903400,0.0
2019-09-23,78.97000122070312,79.68000030517578,78.79000091552734,79.31999969482422,70.93992614746094,3607600,0.0
2019-09-24,79.2699966430664,79.36000061035156,77.83000183105469,78.04000091552734,70.04683685302734,3637500,0.285
2019-09-25,77.95999908447266,79.20999908447266,77.87999725341797,79.08000183105469,70.98033905029297,3148700,0.0
2019-09-26,79.02999877929688,79.02999877929688,77.98999786376953,78.26000213623047,70.2442855834961,2618000,0.0
2019-09-27,78.44000244140625,78.75,77.38999938964844,77.79000091552734,69.82247924804688,3231900,0.0
2019-09-30,77.94000244140625,78.30999755859375,77.58999633789062,77.83999633789062,69.86731719970703,4353300,0.0
2019-10-01,78.19999694824219,78.91000366210938,76.05000305175781,76.30999755859375,68.49401092529297,6716800,0.0
2019-10-02,75.87999725341797,75.94000244140625,74.97000122070312,75.55000305175781,67.81185913085938,4223800,0.0
2019-10-03,75.27999877929688,75.79000091552734,74.31999969482422,75.66000366210938,67.91059112548828,3906600,0.0
2019-10-04,75.86000061035156,76.47000122070312,75.41000366210938,76.4000015258789,68.57481384277344,2246900,0.0
2019-10-07,76.27999877929688,76.91999816894531,75.87000274658203,76.33999633789062,68.52095031738281,3527000,0.0
2019-10-08,75.62000274658203,75.72000122070312,74.87000274658203,75.05000305175781,67.36307525634766,2724900,0.0
2019-10-09,75.52999877929688,75.62999725341797,75.05999755859375,75.29000091552734,67.57850646972656,2711200,0.0
2019-10-10,75.4000015258789,75.98999786376953,75.22000122070312,75.47000122070312,67.74007415771484,2404700,0.0
2019-10-11,76.43000030517578,77.7699966430664,76.43000030517578,76.8499984741211,68.97871398925781,2879100,0.0
2019-10-14,76.73999786376953,76.7699966430664,76.18000030517578,76.6500015258789,68.79922485351562,1745700,0.0
2019-10-15,76.77999877929688,77.83999633789062,76.5999984741211,77.48999786376953,69.55316162109375,2161300,0.0
2019-10-16,77.33999633789062,78.08999633789062,77.33999633789062,77.69000244140625,69.73269653320312,2315400,0.0
2019-10-17,78.04000091552734,78.6500015258789,77.93000030517578,78.56999969482422,70.52256774902344,3720800,0.0
2019-10-18,78.23999786376953,78.62999725341797,77.54000091552734,78.08000183105469,70.08275604248047,1895200,0.0
2019-10-21,78.83999633789062,79.44000244140625,78.72000122070312,78.83000183105469,70.75592041015625,2667400,0.0
2019-10-22,78.9800033569336,79.41000366210938,78.55000305175781,79.05000305175781,70.95339965820312,2182400,0.0
2019-10-23,79.02999877929688,79.27999877929688,78.69000244140625,79.25,71.13290405273438,1604100,0.0
2019-10-24,79.43000030517578,79.47000122070312,78.68000030517578,79.11000061035156,71.00724792480469,2177800,0.0
2019-10-25,78.94999694824219,79.87999725341797,78.91999816894531,79.58000183105469,71.42911529541016,2363200,0.0
2019-10-28,79.94000244140625,80.69000244140625,79.80000305175781,80.31999969482422,72.09330749511719,3246700,0.0
2019-10-29,80.12999725341797,80.86000061035156,80.0,80.63999938964844,72.38053131103516,3149500,0.0
2019-10-30,80.55000305175781,80.55999755859375,79.66999816894531,80.20999908447266,71.99458312988281,2482900,0.0
2019-10-31,80.05000305175781,80.08000183105469,78.81999969482422,79.41999816894531,71.28549194335938,4793100,0.0
2019-11-01,79.80999755859375,80.70999908447266,79.7300033569336,80.6500015258789,72.38951873779297,2503800,0.0
2019-11-04,81.29000091552734,81.54000091552734,80.9800033569336,81.30999755859375,72.98190307617188,4628200,0.0
2019-11-05,81.51000213623047,82.16000366210938,81.33999633789062,81.44000244140625,73.09858703613281,3786000,0.0
2019-11-06,81.41000366210938,81.44999694824219,80.79000091552734,81.06999969482422,72.76649475097656,2757900,0.0
2019-11-07,81.76000213623047,82.12999725341797,81.02999877929688,81.26000213623047,72.93701171875,2499500,0.0
2019-11-08,81.05000305175781,81.44999694824219,80.86000061035156,81.37999725341797,73.04474639892578,2117400,0.0
2019-11-11,80.8499984741211,81.20999908447266,80.69999694824219,81.13999938964844,72.82930755615234,1906800,0.0
2019-11-12,81.2300033569336,81.66999816894531,81.0,81.11000061035156,72.8023910522461,1790800,0.0
2019-11-13,80.6500015258789,80.83999633789062,80.2300033569336,80.6500015258789,72.38951873779297,2444800,0.0
2019-11-14,80.4800033569336,80.98999786376953,80.37999725341797,80.48999786376953,72.24588775634766,2141700,0.0
2019-11-15,81.0,81.12000274658203,80.5,80.91999816894531,72.63186645507812,2862200,0.0
2019-11-18,80.80000305175781,80.80000305175781,80.31999969482422,80.55999755859375,72.30873107910156,2830900,0.0
2019-11-19,80.91999816894531,80.98999786376953,80.41000366210938,80.70999908447266,72.44336700439453,1920200,0.0
2019-11-20,80.44000244140625,80.87999725341797,79.73999786376953,80.27999877929688,72.05738067626953,2706100,0.0
2019-11-21,80.30999755859375,80.37000274658203,79.56999969482422,79.8499984741211,71.67146301269531,2170700,0.0
2019-11-22,80.11000061035156,80.22000122070312,79.62999725341797,80.04000091552734,71.84198760986328,2226800,0.0
2019-11-25,80.44999694824219,82.22000122070312,80.44000244140625,82.04000091552734,73.63716125488281,9387400,0.0
2019-11-26,82.06999969482422,82.48999786376953,81.81999969482422,81.97000122070312,73.57432556152344,2887700,0.0
2019-11-27,82.20999908447266,82.5199966430664,82.11000061035156,82.33999633789062,73.90641784667969,1911400,0.0
2019-11-29,82.20999908447266,82.27999877929688,81.70999908447266,81.80999755859375,73.43070220947266,1026700,0.0
2019-12-02,82.05999755859375,82.06999969482422,80.77999877929688,80.9000015258789,72.6139144897461,2714600,0.0
2019-12-03,80.16999816894531,80.58000183105469,79.73999786376953,80.56999969482422,72.31769561767578,3181200,0.0
2019-12-04,80.95999908447266,81.51000213623047,80.86000061035156,81.19999694824219,72.8831787109375,5287300,0.0
2019-12-05,81.45999908447266,81.70999908447266,81.12999725341797,81.47000122070312,73.12552642822266,3016100,0.0
2019-12-06,82.29000091552734,82.94999694824219,82.2699966430664,82.61000061035156,74.14875793457031,4987300,0.0
2019-12-09,82.52999877929688,82.69999694824219,82.3499984741211,82.38999938964844,73.9512939453125,3193200,0.0
2019-12-10,82.38999938964844,82.5999984741211,82.08999633789062,82.37000274658203,73.93334197998047,2292700,0.0
2019-12-11,82.44000244140625,82.52999877929688,81.98999786376953,82.3499984741211,73.91539764404297,3847400,0.0
2019-12-12,82.31999969482422,83.79000091552734,82.18000030517578,83.23999786376953,74.7142333984375,3249100,0.0
2019-12-13,83.16999816894531,83.58000183105469,82.41999816894531,82.70999908447266,74.23851776123047,2817100,0.0
2019-12-16,82.87000274658203,83.37000274658203,82.63999938964844,82.63999938964844,74.5461196899414,2498500,0.411
2019-12-17,82.83999633789062,83.36000061035156,82.7300033569336,83.3499984741211,75.18658447265625,2870500,0.0
2019-12-18,83.56999969482422,83.77999877929688,83.20999908447266,83.63999938964844,75.44818115234375,2154000,0.0
2019-12-19,83.7300033569336,83.91999816894531,83.52999877929688,83.9000015258789,75.6827163696289,2262100,0.0
2019-12-20,84.38999938964844,84.38999938964844,83.7699966430664,83.7699966430664,75.5654296875,6053200,0.0
2019-12-23,83.97000122070312,84.06999969482422,83.56999969482422,83.91000366210938,75.69172668457031,3374700,0.0
2019-12-24,84.12000274658203,84.13999938964844,83.83000183105469,84.13999938964844,75.89923095703125,1303300,0.0
2019-12-26,84.12999725341797,84.22000122070312,83.83000183105469,84.02999877929688,75.79998779296875,1725700,0.0
2019-12-27,84.25,84.26000213623047,83.47000122070312,83.6500015258789,75.45719909667969,2179200,0.0
2019-12-30,83.72000122070312,84.01000213623047,83.18000030517578,83.5999984741211,75.4120864868164,3056200,0.0
2019-12-31,83.52999877929688,84.18000030517578,83.27999877929688,83.8499984741211,75.63760375976562,4094800,0.0
2020-01-02,84.30999755859375,84.38999938964844,83.12999725341797,83.91000366210938,75.69172668457031,4221600,0.0
2020-01-03,83.12999725341797,83.93000030517578,83.04000091552734,83.86000061035156,75.6466293334961,4290600,0.0
2020-01-06,83.18000030517578,83.87999725341797,82.91999816894531,83.77999877929688,75.57447814941406,4593000,0.0
2020-01-07,83.45999908447266,83.62999725341797,83.12000274658203,83.30000305175781,75.14147186279297,2429400,0.0
2020-01-08,83.30000305175781,83.86000061035156,83.1500015258789,83.4800033569336,75.30384826660156,3024000,0.0
2020-01-09,83.8499984741211,83.87000274658203,83.3499984741211,83.45999908447266,75.28579711914062,2870800,0.0
2020-01-10,83.47000122070312,83.5,82.63999938964844,83.06999969482422,74.93399047851562,2586800,0.0
2020-01-13,83.06999969482422,83.83000183105469,82.7300033569336,83.76000213623047,75.55644226074219,2965600,0.0
2020-01-14,83.51000213623047,84.5999984741211,83.36000061035156,84.06999969482422,75.83605194091797,3345300,0.0
2020-01-15,83.91000366210938,84.75,83.83999633789062,84.43000030517578,76.16081237792969,2947000,0.0
2020-01-16,84.98999786376953,85.80000305175781,84.94999694824219,85.5199966430664,77.14404296875,2773700,0.0
2020-01-17,85.88999938964844,85.91999816894531,85.2300033569336,85.37000274658203,77.00873565673828,2661900,0.0
2020-01-21,84.98999786376953,85.04000091552734,84.4000015258789,84.56999969482422,76.2870864868164,3074200,0.0
2020-01-22,84.88999938964844,85.02999877929688,84.44999694824219,84.56999969482422,76.2870864868164,1957100,0.0
2020-01-23,84.3499984741211,84.86000061035156,83.63999938964844,84.75,76.44947814941406,4458100,0.0
2020-01-24,84.9000015258789,84.94000244140625,82.94000244140625,83.43000030517578,75.25875091552734,3165800,0.0
2020-01-27,82.11000061035156,82.9800033569336,81.91000366210938,82.51000213623047,74.42884063720703,3194700,0.0
2020-01-28,83.0199966430664,83.4000015258789,82.7699966430664,83.0999984741211,74.9610595703125,2690200,0.0
2020-01-29,83.31999969482422,83.68000030517578,82.5,82.52999877929688,74.44689178466797,2983900,0.0
2020-01-30,81.93000030517578,82.51000213623047,81.4800033569336,82.44000244140625,74.36572265625,2747000,0.0
2020-01-31,82.02999877929688,82.16999816894531,80.29000091552734,80.4800033569336,72.59768676757812,4374300,0.0
2020-02-03,80.9800033569336,81.66999816894531,80.4800033569336,81.23999786376953,73.28325653076172,5889100,0.0
2020-02-04,82.29000091552734,82.62000274658203,82.1500015258789,82.26000213623047,74.20332336425781,2743700,0.0
2020-02-05,82.9800033569336,83.94999694824219,82.80000305175781,83.83000183105469,75.61959838867188,2908000,0.0
2020-02-06,84.19999694824219,84.29000091552734,83.55000305175781,83.5999984741211,75.4120864868164,1787500,0.0
2020-02-07,83.16999816894531,83.30000305175781,82.12000274658203,82.33999633789062,74.27549743652344,3515000,0.0
2020-02-10,82.16000366210938,82.63999938964844,82.05999755859375,82.61000061035156,74.51905059814453,2281800,0.0
2020-02-11,83.02999877929688,83.80999755859375,82.88999938964844,83.29000091552734,75.13245391845703,3385100,0.0
2020-02-12,83.81999969482422,83.95999908447266,83.47000122070312,83.8499984741211,75.63760375976562,2967800,0.0
2020-02-13,83.33999633789062,84.29000091552734,83.33999633789062,84.12999725341797,75.89019012451172,2667200,0.0
2020-02-14,84.19000244140625,84.19000244140625,83.43000030517578,83.68000030517578,75.4842529296875,1930900,0.0
2020-02-18,83.45999908447266,83.69999694824219,82.76000213623047,83.2300033569336,75.0783462524414,2408500,0.0
2020-02-19,83.52999877929688,83.81999969482422,83.26000213623047,83.55000305175781,75.36701202392578,2137700,0.0
2020-02-20,83.44000244140625,84.11000061035156,82.94000244140625,83.98999786376953,75.7638931274414,2857600,0.0
2020-02-21,83.75,83.75,82.66999816894531,83.0199966430664,74.88890838623047,3849400,0.0
2020-02-24,80.4000015258789,80.97000122070312,80.01000213623047,80.56999969482422,72.67884826660156,3776800,0.0
2020-02-25,80.7699966430664,81.0,77.56999969482422,77.8499984741211,70.22525787353516,6347400,0.0
2020-02-26,78.08000183105469,78.77999877929688,76.7300033569336,76.86000061035156,69.33222961425781,5228100,0.0
2020-02-27,75.22000122070312,76.83000183105469,73.81999969482422,74.0,66.75232696533203,10352200,0.0
2020-02-28,71.73999786376953,73.55000305175781,71.38999938964844,72.79000091552734,65.66084289550781,14251100,0.0
2020-03-02,73.05999755859375,74.68000030517578,71.94000244140625,74.6500015258789,67.33866882324219,9547300,0.0
2020-03-03,74.7300033569336,76.20999908447266,72.2300033569336,73.08000183105469,65.92243194580078,8093900,0.0
2020-03-04,74.30000305175781,75.44000244140625,73.30000305175781,75.33999633789062,67.96109008789062,10571100,0.0
2020-03-05,73.5999984741211,74.04000091552734,71.81999969482422,72.6500015258789,65.53455352783203,7076800,0.0
2020-03-06,70.5,72.13999938964844,69.75,71.3499984741211,64.36188507080078,8790400,0.0
2020-03-09,66.6500015258789,67.5999984741211,64.27999877929688,64.37000274658203,58.06550979614258,10855200,0.0
2020-03-10,66.55000305175781,66.66999816894531,63.279998779296875,66.27999877929688,59.7884521484375,12834400,0.0
2020-03-11,64.58000183105469,65.16999816894531,61.459999084472656,62.310001373291016,56.207271575927734,11179800,0.0
2020-03-12,57.709999084472656,59.400001525878906,50.0,55.2400016784668,49.829715728759766,14233700,0.0
2020-03-13,57.75,59.84000015258789,54.40999984741211,59.47999954223633,53.65443801879883,14582200,0.0
2020-03-16,52.5,55.43000030517578,50.56999969482422,52.47999954223633,47.34003829956055,11082200,0.0
2020-03-17,52.58000183105469,55.220001220703125,50.2599983215332,55.11000061035156,49.712440490722656,14536000,0.0
2020-03-18,51.869998931884766,53.130001068115234,47.90999984741211,50.0,45.10293197631836,11300400,0.0
2020-03-19,48.95000076293945,53.11000061035156,47.779998779296875,51.720001220703125,46.65447235107422,15072800,0.0
2020-03-20,52.43000030517578,53.86000061035156,49.529998779296875,49.779998779296875,44.90447998046875,12587600,0.0
2020-03-23,49.45000076293945,50.34000015258789,47.52000045776367,49.11000061035156,44.30009460449219,16239400,0.0
2020-03-24,51.08000183105469,53.540000915527344,51.0099983215332,53.380001068115234,48.15188980102539,13173900,0.0
2020-03-25,53.52000045776367,55.9900016784668,51.7400016784668,53.59000015258789,48.57061767578125,10330200,0.252
2020-03-26,54.18000030517578,57.59000015258789,54.18000030517578,57.27000045776367,51.90592956542969,10927200,0.0
2020-03-27,55.38999938964844,56.689998626708984,54.38999938964844,54.959999084472656,49.812294006347656,15468700,0.0
2020-03-30,55.34000015258789,56.380001068115234,54.16999816894531,56.25,50.981468200683594,12111700,0.0
2020-03-31,56.150001525878906,56.93000030517578,55.06999969482422,56.11000061035156,50.85459518432617,9601600,0.0
2020-04-01,53.77000045776367,54.13999938964844,51.70000076293945,52.189998626708984,47.30173873901367,11180800,0.0
2020-04-02,52.119998931884766,54.290000915527344,51.439998626708984,52.91999816894531,47.9633674621582,10329700,0.0
2020-04-03,52.52000045776367,53.11000061035156,50.029998779296875,50.9900016784668,46.214141845703125,8491200,0.0
2020-04-06,53.13999938964844,55.45000076293945,53.0,55.150001525878906,49.984500885009766,7813500,0.0
2020-04-07,57.08000183105469,58.38999938964844,55.16999816894531,55.47999954223633,50.28359603881836,8730900,0.0
2020-04-08,56.22999954223633,58.5,55.779998779296875,58.0099983215332,52.57662582397461,8057400,0.0
2020-04-09,59.54999923706055,61.33000183105469,59.369998931884766,61.02000045776367,55.30469512939453,9649700,0.0
2020-04-13,60.52000045776367,60.959999084472656,58.310001373291016,58.91999816894531,53.40138244628906,8629800,0.0
2020-04-14,60.45000076293945,61.08000183105469,59.2400016784668,59.95000076293945,54.33491897583008,8388200,0.0
2020-04-15,57.95000076293945,58.20000076293945,56.720001220703125,57.20000076293945,51.84248733520508,8537700,0.0
2020-04-16,57.27000045776367,57.810001373291016,55.56999969482422,56.7400016784668,51.42557907104492,9521500,0.0
2020-04-17,58.97999954223633,59.709999084472656,58.41999816894531,59.31999969482422,53.76392364501953,8196800,0.0
2020-04-20,58.0,59.2400016784668,57.599998474121094,58.130001068115234,52.685386657714844,8016400,0.0
2020-04-21,56.70000076293945,57.439998626708984,56.15999984741211,56.88999938964844,51.561519622802734,6999200,0.0
2020-04-22,58.150001525878906,58.31999969482422,57.09000015258789,57.290000915527344,51.92405319213867,5867400,0.0
2020-04-23,57.66999816894531,59.029998779296875,57.40999984741211,58.0099983215332,52.57662582397461,5029400,0.0
2020-04-24,58.59000015258789,59.16999816894531,57.77000045776367,58.720001220703125,53.220115661621094,3678600,0.0
2020-04-27,59.290000915527344,61.790000915527344,59.18000030517578,61.220001220703125,55.48596954345703,7691500,0.0
2020-04-28,62.88999938964844,63.34000015258789,61.63999938964844,62.58000183105469,56.71858596801758,7368900,0.0
2020-04-29,64.5199966430664,66.68000030517578,63.86000061035156,66.06999969482422,59.8817024230957,6120300,0.0
2020-04-30,64.58999633789062,64.61000061035156,63.20000076293945,63.349998474121094,57.416465759277344,6400100,0.0
2020-05-01,61.790000915527344,61.93000030517578,59.81999969482422,60.7400016784668,55.050926208496094,6576600,0.0
2020-05-04,60.029998779296875,60.900001525878906,59.16999816894531,60.52000045776367,54.85153579711914,6500800,0.0
2020-05-05,61.54999923706055,62.59000015258789,60.5,60.68000030517578,54.99654769897461,5095700,0.0
2020-05-06,61.029998779296875,61.540000915527344,59.849998474121094,59.959999084472656,54.34397506713867,4430200,0.0
2020-05-07,60.84000015258789,61.34000015258789,60.33000183105469,60.810001373291016,55.114376068115234,7886300,0.0
2020-05-08,61.95000076293945,63.43000030517578,61.72999954223633,63.38999938964844,57.45271682739258,5220300,0.0
2020-05-11,62.52000045776367,63.060001373291016,61.400001525878906,62.22999954223633,56.401363372802734,5034000,0.0
2020-05-12,62.68000030517578,62.7400016784668,59.869998931884766,59.91999816894531,54.30772399902344,6105100,0.0
2020-05-13,59.43000030517578,59.5,56.75,57.619998931884766,52.22315216064453,8610200,0.0
2020-05-14,56.209999084472656,57.88999938964844,54.70000076293945,57.84000015258789,52.422550201416016,9813800,0.0
2020-05-15,57.38999938964844,58.939998626708984,57.040000915527344,58.619998931884766,53.12948226928711,7020100,0.0
2020-05-18,61.119998931884766,63.08000183105469,60.95000076293945,62.79999923706055,56.91797637939453,4653800,0.0
2020-05-19,62.630001068115234,63.130001068115234,61.52000045776367,61.52000045776367,55.75787353515625,5928300,0.0
2020-05-20,62.720001220703125,63.86000061035156,62.540000915527344,63.439998626708984,57.49803161621094,5389600,0.0
2020-05-21,63.41999816894531,64.02999877929688,62.79999923706055,63.5,57.55242156982422,6890400,0.0
2020-05-22,63.63999938964844,63.88999938964844,62.83000183105469,63.7599983215332,57.788055419921875,3908800,0.0
2020-05-26,66.05999755859375,66.83999633789062,66.01000213623047,66.38999938964844,60.1717414855957,3805200,0.0
2020-05-27,67.93000030517578,69.19999694824219,66.33999633789062,68.9800033569336,62.51915740966797,5434900,0.0
2020-05-28,69.80000305175781,69.80000305175781,66.55000305175781,66.94000244140625,60.67021179199219,5054600,0.0
2020-05-29,66.29000091552734,66.61000061035156,65.11000061035156,66.13999938964844,59.945152282714844,5467600,0.0
2020-06-01,66.37000274658203,67.69999694824219,66.0199966430664,66.87000274658203,60.606781005859375,4681900,0.0
2020-06-02,67.4000015258789,67.9000015258789,66.86000061035156,67.62999725341797,61.29560852050781,5352000,0.0
2020-06-03,68.75,70.44000244140625,68.66000366210938,69.94000244140625,63.38922882080078,4690000,0.0
2020-06-04,69.6500015258789,71.45999908447266,69.0999984741211,70.87999725341797,64.24117279052734,21357900,0.0
2020-06-05,74.37000274658203,75.1500015258789,73.55000305175781,73.9800033569336,67.05082702636719,7519600,0.0
2020-06-08,75.33000183105469,75.80000305175781,74.80999755859375,75.55000305175781,68.4737548828125,8887400,0.0
2020-06-09,74.22000122070312,74.52999877929688,73.01000213623047,73.70999908447266,66.8061294555664,7009400,0.0
2020-06-10,73.44999694824219,73.47000122070312,71.0,71.02999877929688,64.37713623046875,5492600,0.0
2020-06-11,67.80999755859375,68.22000122070312,65.05000305175781,65.2300033569336,59.12037658691406,8064800,0.0
2020-06-12,67.52999877929688,68.4800033569336,64.9800033569336,66.87999725341797,60.615840911865234,9590000,0.0
2020-06-15,64.02999877929688,68.69000244140625,64.02999877929688,68.12000274658203,61.957401275634766,6943700,0.235
2020-06-16,70.91999816894531,71.16999816894531,68.30000305175781,69.8499984741211,63.5308723449707,5812600,0.0
2020-06-17,70.0,70.02999877929688,68.18000030517578,68.33000183105469,62.14838409423828,5190500,0.0
2020-06-18,67.56999969482422,68.94999694824219,67.18000030517578,68.05999755859375,61.90283203125,3908400,0.0
2020-06-19,69.31999969482422,69.31999969482422,66.73999786376953,67.16999816894531,61.09333801269531,4417100,0.0
2020-06-22,66.87000274658203,67.79000091552734,66.0199966430664,67.76000213623047,61.62997055053711,4172600,0.0
2020-06-23,68.5999984741211,68.77999877929688,67.62000274658203,67.97000122070312,61.82097625732422,4468600,0.0
2020-06-24,67.0199966430664,67.16000366210938,64.73999786376953,65.61000061035156,59.674468994140625,7331700,0.0
2020-06-25,65.0199966430664,66.69000244140625,64.7300033569336,66.62999725341797,60.60219192504883,5618900,0.0
2020-06-26,66.20999908447266,66.33999633789062,64.56999969482422,64.63999938964844,58.79222869873047,5415500,0.0
2020-06-29,65.62000274658203,67.70999908447266,65.1500015258789,67.38999938964844,61.29342269897461,5684200,0.0
2020-06-30,67.19000244140625,68.5199966430664,67.06999969482422,68.29000091552734,62.111995697021484,3766100,0.0
2020-07-01,68.44999694824219,69.0,67.06999969482422,67.30999755859375,61.22066879272461,7103700,0.0
2020-07-02,68.69000244140625,69.22000122070312,67.48999786376953,67.69000244140625,61.56629943847656,3485100,0.0
2020-07-06,69.12000274658203,69.33000183105469,68.0,68.33000183105469,62.14838409423828,4402200,0.0
2020-07-07,67.69999694824219,68.12999725341797,66.79000091552734,66.94999694824219,60.89323043823242,3895600,0.0
2020-07-08,66.94999694824219,67.62000274658203,65.9800033569336,67.2300033569336,61.14790725708008,3755900,0.0
2020-07-09,67.26000213623047,67.33999633789062,64.95999908447266,65.69000244140625,59.74723434448242,3089200,0.0
2020-07-10,65.7300033569336,67.19999694824219,65.54000091552734,67.1500015258789,61.07514953613281,3904200,0.0
2020-07-13,67.79000091552734,68.6500015258789,66.4800033569336,66.5,60.483951568603516,4037400,0.0
2020-07-14,66.4000015258789,67.62000274658203,66.11000061035156,67.58999633789062,61.475337982177734,4742900,0.0
2020-07-15,68.63999938964844,70.52999877929688,68.63999938964844,70.18000030517578,63.831031799316406,5502800,0.0
2020-07-16,69.63999938964844,70.16000366210938,69.16999816894531,69.69000244140625,63.3853645324707,2804500,0.0
2020-07-17,69.81999969482422,70.2300033569336,69.25,69.69999694824219,63.39446258544922,3506500,0.0
2020-07-20,69.47000122070312,69.66000366210938,68.8499984741211,69.1500015258789,62.894203186035156,2338100,0.0
2020-07-21,69.94000244140625,71.01000213623047,69.76000213623047,70.69000244140625,64.2948989868164,3965900,0.0
2020-07-22,70.29000091552734,71.11000061035156,70.16999816894531,70.75,64.3494644165039,3553400,0.0
2020-07-23,70.69000244140625,71.87999725341797,70.44000244140625,71.23999786376953,64.79512023925781,5186900,0.0
2020-07-24,70.7300033569336,71.0199966430664,69.87000274658203,70.02999877929688,63.694610595703125,2868400,0.0
2020-07-27,70.16000366210938,70.88999938964844,69.6500015258789,70.83000183105469,64.4222412109375,2119800,0.0
2020-07-28,70.66000366210938,71.13999938964844,70.2699966430664,70.33999633789062,63.97657775878906,2427300,0.0
2020-07-29,70.70999908447266,72.2300033569336,70.68000030517578,72.12000274658203,65.59554290771484,3972200,0.0
2020-07-30,71.16999816894531,71.87000274658203,70.62999725341797,71.66999816894531,65.1862564086914,3683500,0.0
2020-07-31,71.43000030517578,71.52999877929688,69.76000213623047,71.20999908447266,64.76786041259766,6358700,0.0
2020-08-03,71.56999969482422,72.19000244140625,71.05000305175781,72.0199966430664,65.50457000732422,3721200,0.0
2020-08-04,71.8499984741211,72.5,71.55000305175781,72.44000244140625,65.8865966796875,3545100,0.0
2020-08-05,73.1500015258789,74.12999725341797,72.95999908447266,74.0999984741211,67.3963851928711,6657500,0.0
2020-08-06,73.94000244140625,74.12000274658203,73.33000183105469,73.69000244140625,67.02349090576172,3598200,0.0
2020-08-07,73.55999755859375,75.05000305175781,73.44000244140625,75.02999877929688,68.24227905273438,4866600,0.0
2020-08-10,75.16999816894531,76.36000061035156,75.16999816894531,75.77999877929688,68.9244155883789,3327600,0.0
2020-08-11,76.51000213623047,77.19999694824219,75.30999755859375,75.69999694824219,68.85165405273438,3905900,0.0
2020-08-12,76.47000122070312,76.6500015258789,75.41000366210938,75.95999908447266,69.088134765625,3022200,0.0
2020-08-13,75.62999725341797,76.16999816894531,75.20999908447266,75.5199966430664,68.68795013427734,3062300,0.0
2020-08-14,74.95999908447266,75.91999816894531,74.80000305175781,75.48999786376953,68.66064453125,3204200,0.0
2020-08-17,75.63999938964844,75.73999786376953,75.05000305175781,75.61000061035156,68.7697982788086,2628200,0.0
2020-08-18,75.55999755859375,75.61000061035156,74.5199966430664,74.69999694824219,67.9421157836914,3147700,0.0
2020-08-19,75.01000213623047,75.5,74.52999877929688,74.69000244140625,67.93302917480469,2953100,0.0
2020-08-20,74.01000213623047,74.62999725341797,73.77999877929688,74.08999633789062,67.3873062133789,2213100,0.0
2020-08-21,73.79000091552734,74.08999633789062,73.12999725341797,73.61000061035156,66.95074462890625,2767900,0.0
2020-08-24,74.29000091552734,74.94000244140625,73.6500015258789,74.94000244140625,68.16040802001953,2472200,0.0
2020-08-25,75.16000366210938,75.30000305175781,74.19999694824219,74.87999725341797,68.1058349609375,2241700,0.0
2020-08-26,74.87000274658203,75.0199966430664,74.16000366210938,74.25,67.5328598022461,2448600,0.0
2020-08-27,74.52999877929688,75.20999908447266,74.05999755859375,74.51000213623047,67.7693099975586,2883000,0.0
2020-08-28,74.9000015258789,75.08000183105469,74.41999816894531,75.08000183105469,68.2877426147461,4779800,0.0
2020-08-31,74.97000122070312,75.0,73.93000030517578,73.97000122070312,67.2781753540039,3522500,0.0
2020-09-01,73.80999755859375,74.86000061035156,73.37999725341797,74.81999969482422,68.05127716064453,4565700,0.0
2020-09-02,75.05999755859375,75.91000366210938,74.54000091552734,75.68000030517578,68.83346557617188,4236600,0.0
2020-09-03,75.44999694824219,75.66999816894531,73.33000183105469,73.80000305175781,67.12351989746094,6135700,0.0
2020-09-04,74.72000122070312,74.80000305175781,72.02999877929688,73.41000366210938,66.76884460449219,3673700,0.0
2020-09-08,72.47000122070312,72.8499984741211,71.45999908447266,71.62999725341797,65.14987182617188,3558000,0.0
2020-09-09,72.30999755859375,72.75,71.7300033569336,72.44000244140625,65.8865966796875,3512600,0.0
2020-09-10,72.70999908447266,73.02999877929688,71.37999725341797,71.47000122070312,65.00432586669922,4090400,0.0
2020-09-11,71.80999755859375,71.87999725341797,70.33999633789062,70.9800033569336,64.55864715576172,4168200,0.0
2020-09-14,71.5999984741211,72.37000274658203,71.2699966430664,72.20999908447266,65.67740631103516,2160300,0.0
2020-09-15,72.80999755859375,73.02999877929688,72.06999969482422,72.2300033569336,65.69558715820312,2194600,0.0
2020-09-16,72.56999969482422,73.69000244140625,72.37999725341797,72.72000122070312,66.1412582397461,1975000,0.0
2020-09-17,71.72000122070312,72.4800033569336,71.2699966430664,72.13999938964844,65.61373138427734,2394000,0.0
2020-09-18,72.30000305175781,72.86000061035156,70.8499984741211,71.7300033569336,65.24079895019531,3328600,0.0
2020-09-21,70.19999694824219,70.30999755859375,68.41000366210938,69.23999786376953,62.97607421875,3860600,0.0
2020-09-22,69.41999816894531,69.81999969482422,68.70999908447266,69.6500015258789,63.34899139404297,3820000,0.0
2020-09-23,69.4000015258789,70.05999755859375,67.44000244140625,67.5,61.649295806884766,4273500,0.289
2020-09-24,67.51000213623047,68.91000366210938,66.73999786376953,67.7699966430664,61.8958854675293,5878600,0.0
2020-09-25,67.48999786376953,68.69000244140625,67.4800033569336,68.4800033569336,62.54435729980469,5457700,0.0
2020-09-28,69.29000091552734,70.69000244140625,69.29000091552734,70.43000030517578,64.3252944946289,2605300,0.0
2020-09-29,70.38999938964844,70.48999786376953,69.26000213623047,70.02999877929688,63.96000671386719,2743400,0.0
2020-09-30,70.16000366210938,71.37999725341797,69.6500015258789,70.2300033569336,64.1426773071289,5629500,0.0
2020-10-01,70.69000244140625,71.26000213623047,69.95999908447266,71.2300033569336,65.05597686767578,2885400,0.0
2020-10-02,69.87000274658203,72.2699966430664,69.69999694824219,71.91999816894531,65.6861801147461,5841400,0.0
2020-10-05,72.62000274658203,73.6500015258789,72.61000061035156,73.52999877929688,67.1566162109375,2810100,0.0
2020-10-06,74.1500015258789,75.5,73.41000366210938,73.51000213623047,67.13837432861328,4653000,0.0
2020-10-07,74.30000305175781,74.91000366210938,73.94999694824219,74.55999755859375,68.09735107421875,13428700,0.0
2020-10-08,75.1500015258789,75.7699966430664,74.83000183105469,75.68000030517578,69.1202621459961,3757500,0.0
2020-10-09,76.33000183105469,76.62000274658203,75.66000366210938,76.08000183105469,69.485595703125,6687300,0.0
2020-10-12,76.41000366210938,76.7300033569336,75.9800033569336,76.58999633789062,69.9513931274414,2396800,0.0
2020-10-13,76.11000061035156,76.11000061035156,75.37999725341797,75.7300033569336,69.16593933105469,3202600,0.0
2020-10-14,75.91999816894531,76.43000030517578,75.26000213623047,75.30000305175781,68.77320861816406,2948700,0.0
2020-10-15,74.43000030517578,76.4800033569336,74.16999816894531,76.2699966430664,69.65911865234375,3249300,0.0
2020-10-16,76.33000183105469,76.56999969482422,75.83000183105469,75.83000183105469,69.25727081298828,2788900,0.0
2020-10-19,76.12999725341797,76.61000061035156,74.80999755859375,75.0,68.49922180175781,2960400,0.0
2020-10-20,75.48999786376953,76.27999877929688,75.25,75.51000213623047,68.9649887084961,3273800,0.0
2020-10-21,75.61000061035156,75.8499984741211,75.05000305175781,75.08999633789062,68.58140563964844,3141900,0.0
2020-10-22,75.41999816894531,76.37999725341797,75.0199966430664,76.31999969482422,69.70478057861328,2707400,0.0
2020-10-23,76.68000030517578,76.94000244140625,75.93000030517578,76.68000030517578,70.03358459472656,2760600,0.0
2020-10-26,75.7300033569336,75.8499984741211,74.0999984741211,75.08999633789062,68.58140563964844,4045200,0.0
2020-10-27,75.01000213623047,75.18000030517578,74.06999969482422,74.11000061035156,67.68634796142578,3135400,0.0
2020-10-28,72.47000122070312,72.97000122070312,71.7699966430664,71.83999633789062,65.61310577392578,4107300,0.0
2020-10-29,71.7300033569336,73.26000213623047,71.0999984741211,72.94999694824219,66.62689208984375,4278300,0.0
2020-10-30,72.56999969482422,73.12000274658203,71.27999877929688,72.0199966430664,65.77752685546875,9430600,0.0
2020-11-02,72.88999938964844,73.55999755859375,72.54000091552734,73.54000091552734,67.16576385498047,5332100,0.0
2020-11-03,74.66999816894531,75.83000183105469,74.54000091552734,75.38999938964844,68.85540771484375,4183500,0.0
2020-11-04,74.63999938964844,75.66999816894531,73.75,74.66999816894531,68.19782257080078,5991500,0.0
2020-11-05,75.44000244140625,77.1500015258789,75.43000030517578,76.86000061035156,70.19800567626953,4466700,0.0
2020-11-06,77.08999633789062,77.18000030517578,75.98999786376953,76.11000061035156,69.51299285888672,5220400,0.0
2020-11-09,81.04000091552734,82.45999908447266,79.68000030517578,79.77999877929688,72.86489868164062,8625100,0.0
2020-11-10,80.47000122070312,82.27999877929688,80.18000030517578,81.87999725341797,74.78286743164062,9854200,0.0
2020-11-11,82.29000091552734,82.29000091552734,80.5999984741211,81.33999633789062,74.28968811035156,3545900,0.0
2020-11-12,80.56999969482422,80.69999694824219,78.83999633789062,79.5999984741211,72.70050048828125,4184600,0.0
2020-11-13,80.33000183105469,82.0999984741211,80.31999969482422,81.7300033569336,74.6458740234375,6354700,0.0
2020-11-16,83.63999938964844,84.30000305175781,82.95999908447266,84.19000244140625,76.89262390136719,5598300,0.0
2020-11-17,83.61000061035156,84.88999938964844,82.55999755859375,84.66000366210938,77.3219223022461,7079000,0.0
2020-11-18,85.04000091552734,85.33999633789062,83.45999908447266,83.4800033569336,76.24418640136719,3790300,0.0
2020-11-19,83.27999877929688,84.08000183105469,82.73999786376953,83.97000122070312,76.69170379638672,3325200,0.0
2020-11-20,83.58000183105469,84.0999984741211,83.2300033569336,83.87999725341797,76.60948944091797,2839900,0.0
2020-11-23,84.70999908447266,86.33000183105469,84.56999969482422,85.83000183105469,78.39049530029297,8663600,0.0
2020-11-24,87.0,88.41000366210938,86.7300033569336,87.93000030517578,80.30847930908203,5105800,0.0
2020-11-25,87.66999816894531,87.66999816894531,86.5199966430664,87.23999786376953,79.67829895019531,3538200,0.0
2020-11-27,87.23999786376953,87.37999725341797,86.47000122070312,87.08999633789062,79.54126739501953,1077700,0.0
2020-11-30,86.80000305175781,86.8499984741211,84.88999938964844,85.13999938964844,77.76030731201172,3378000,0.0
2020-12-01,86.20999908447266,86.80999755859375,85.58000183105469,86.08000183105469,78.61882019042969,7141700,0.0
2020-12-02,85.87999725341797,86.77999877929688,85.45999908447266,86.4800033569336,78.98416137695312,3458700,0.0
2020-12-03,86.83999633789062,87.73999786376953,86.62000274658203,87.05000305175781,79.50474548339844,2396700,0.0
2020-12-04,87.68000030517578,89.37999725341797,87.66999816894531,89.20999908447266,81.47752380371094,3437600,0.0
2020-12-07,89.19999694824219,89.2300033569336,88.51000213623047,88.98999786376953,81.2765884399414,3566800,0.0
2020-12-08,88.3499984741211,89.80999755859375,88.2300033569336,89.6500015258789,81.87939453125,2807300,0.0
2020-12-09,90.37999725341797,90.93000030517578,89.08999633789062,89.69999694824219,81.92506408691406,6729800,0.0
2020-12-10,89.08000183105469,90.29000091552734,88.75,90.12000274658203,82.30865478515625,2335200,0.0
2020-12-11,89.47000122070312,90.16999816894531,88.62999725341797,89.38999938964844,81.64192962646484,2002400,0.0
2020-12-14,90.04000091552734,90.41000366210938,88.91000366210938,88.94000244140625,81.45691680908203,3821000,0.248
2020-12-15,89.66000366210938,91.30999755859375,89.38999938964844,91.27999877929688,83.60003662109375,2575800,0.0
2020-12-16,91.47000122070312,91.55999755859375,90.44000244140625,90.83000183105469,83.18791198730469,3263200,0.0
2020-12-17,91.16999816894531,91.69000244140625,90.69000244140625,91.6500015258789,83.93891143798828,2505100,0.0
2020-12-18,91.93000030517578,92.16999816894531,90.69999694824219,90.87000274658203,83.22452545166016,5477200,0.0
2020-12-21,89.5199966430664,90.7699966430664,89.05999755859375,90.55000305175781,82.93145751953125,4070800,0.0
2020-12-22,90.69999694824219,91.23999786376953,90.19999694824219,91.12000274658203,83.45349884033203,3272000,0.0
2020-12-23,91.54000091552734,92.31999969482422,91.48999786376953,91.98999786376953,84.25029754638672,3739900,0.0
2020-12-24,92.37999725341797,92.38999938964844,91.61000061035156,92.06999969482422,84.32357025146484,1537800,0.0
2020-12-28,92.93000030517578,93.13999938964844,92.31999969482422,92.41999816894531,84.64412689208984,5026300,0.0
2020-12-29,92.61000061035156,92.76000213623047,90.43000030517578,90.83999633789062,83.19703674316406,5530100,0.0
2020-12-30,91.19000244140625,92.2300033569336,91.19000244140625,91.76000213623047,84.0396499633789,2465400,0.0
2020-12-31,91.72000122070312,92.2300033569336,91.04000091552734,91.9000015258789,84.16789245605469,3016500,0.0
2021-01-04,92.5,92.80000305175781,89.79000091552734,91.04000091552734,83.38021850585938,5909100,0.0
2021-01-05,90.80999755859375,93.62000274658203,90.80000305175781,92.9800033569336,85.15703582763672,4135000,0.0
2021-01-06,94.0,98.36000061035156,94.0,97.5,89.29671478271484,7860600,0.0
2021-01-07,97.87000274658203,98.72000122070312,97.51000213623047,98.52999877929688,90.24005889892578,4208200,0.0
2021-01-08,99.33999633789062,99.33999633789062,96.55999755859375,97.72000122070312,89.49822235107422,5387800,0.0
2021-01-11,96.91000366210938,98.22000122070312,96.62000274658203,98.16999816894531,89.91035461425781,3933400,0.0
2021-01-12,98.54000091552734,99.91999816894531,98.44000244140625,99.86000061035156,91.4581527709961,5205100,0.0
2021-01-13,99.95999908447266,100.08000183105469,98.7699966430664,98.9800033569336,90.6521987915039,7116800,0.0
2021-01-14,99.87999725341797,101.68000030517578,99.80999755859375,101.33000183105469,92.80447387695312,14533100,0.0
2021-01-15,100.08999633789062,100.2699966430664,98.56999969482422,99.55999755859375,91.18338012695312,5677800,0.0
2021-01-19,100.68000030517578,100.8499984741211,99.76000213623047,100.51000213623047,92.053466796875,5382000,0.0
2021-01-20,100.95999908447266,101.6500015258789,100.22000122070312,101.05000305175781,92.54803466796875,4398400,0.0
2021-01-21,101.3499984741211,101.54000091552734,99.69000244140625,99.9000015258789,91.49479675292969,5196500,0.0
2021-01-22,98.9800033569336,101.29000091552734,98.56999969482422,101.16000366210938,92.6487808227539,5859500,0.0
2021-01-25,101.22000122070312,103.43000030517578,100.2699966430664,101.30999755859375,92.7861557006836,7380400,0.0
2021-01-26,102.01000213623047,102.29000091552734,100.31999969482422,101.31999969482422,92.79530334472656,3428700,0.0
2021-01-27,100.72000122070312,102.05999755859375,99.62999725341797,101.04000091552734,92.53887176513672,4063300,0.0
2021-01-28,101.30999755859375,102.31999969482422,98.43000030517578,99.04000091552734,90.7071533203125,13807700,0.0
2021-01-29,98.9800033569336,100.44999694824219,97.12000274658203,97.56999969482422,89.3608169555664,6915400,0.0
2021-02-01,98.5,99.63999938964844,96.95999908447266,99.30000305175781,90.94528198242188,5005800,0.0
2021-02-02,100.01000213623047,100.22000122070312,98.7300033569336,99.56999969482422,91.19255065917969,3855500,0.0
2021-02-03,100.08000183105469,100.30999755859375,98.69999694824219,99.93000030517578,91.52227020263672,3779200,0.0
2021-02-04,100.41000366210938,101.80000305175781,100.33000183105469,101.72000122070312,93.1616439819336,4241000,0.0
2021-02-05,102.81999969482422,102.98999786376953,101.75,102.93000030517578,94.26984405517578,4816700,0.0
2021-02-08,103.91000366210938,105.81999969482422,103.83000183105469,105.77999877929688,96.88006591796875,4350800,0.0
2021-02-09,105.77999877929688,107.02999877929688,105.19999694824219,106.54000091552734,97.57610321044922,2898300,0.0
2021-02-10,107.22000122070312,107.36000061035156,105.44000244140625,106.18000030517578,97.24640655517578,4292800,0.0
2021-02-11,106.77999877929688,107.41000366210938,104.66000366210938,106.41999816894531,97.4662094116211,5330400,0.0
2021-02-12,106.04000091552734,106.83000183105469,105.66999816894531,106.62999725341797,97.65853118896484,3924900,0.0
2021-02-16,107.47000122070312,107.72000122070312,105.91000366210938,106.37999725341797,97.42958068847656,2983400,0.0
2021-02-17,105.58999633789062,106.11000061035156,104.55000305175781,105.81999969482422,96.91670227050781,3346900,0.0
2021-02-18,105.11000061035156,105.2699966430664,103.79000091552734,104.22000122070312,95.4513168334961,3009100,0.0
2021-02-19,104.80999755859375,106.4000015258789,104.69999694824219,105.98999786376953,97.0724105834961,2559000,0.0
2021-02-22,105.29000091552734,107.4000015258789,105.2699966430664,106.62999725341797,97.65853118896484,4124900,0.0
2021-02-23,105.55999755859375,106.52999877929688,103.7699966430664,106.02999877929688,97.10902404785156,7638900,0.0
2021-02-24,106.52999877929688,109.12999725341797,106.3499984741211,108.95999908447266,99.79252624511719,4692200,0.0
2021-02-25,109.72000122070312,109.76000213623047,105.38999938964844,105.58999633789062,96.70604705810547,5220500,0.0
2021-02-26,105.72000122070312,106.80999755859375,103.62999725341797,105.08999633789062,96.24813079833984,6631400,0.0
2021-03-01,107.05000305175781,108.6500015258789,106.86000061035156,108.33999633789062,99.22466278076172,4046200,0.0
2021-03-02,108.25,108.3499984741211,106.44000244140625,106.45999908447266,97.50283813476562,3937000,0.0
2021-03-03,107.11000061035156,108.55999755859375,106.37000274658203,106.62000274658203,97.64937591552734,4573200,0.0
2021-03-04,106.5199966430664,107.43000030517578,102.9000015258789,104.66999816894531,95.86344146728516,4998000,0.0
2021-03-05,106.0999984741211,107.19000244140625,102.7699966430664,107.05000305175781,98.04322052001953,11493100,0.0
2021-03-08,108.16999816894531,110.16999816894531,107.41999816894531,109.0999984741211,99.92072296142578,4385100,0.0
2021-03-09,110.51000213623047,111.30999755859375,109.37999725341797,110.16999816894531,100.90071105957031,5623700,0.0
2021-03-10,111.16000366210938,113.0199966430664,110.91000366210938,112.44999694824219,102.98888397216797,6059600,0.0
2021-03-11,113.20999908447266,114.05999755859375,112.7699966430664,113.91000366210938,104.32603454589844,6257600,0.0
2021-03-12,114.01000213623047,115.19999694824219,113.8499984741211,115.01000213623047,105.33349609375,6463300,0.0
2021-03-15,114.83000183105469,115.16999816894531,113.83999633789062,114.79000091552734,105.13199615478516,4626100,0.0
2021-03-16,114.5999984741211,114.72000122070312,112.63999938964844,113.01000213623047,103.50175476074219,6166800,0.0
2021-03-17,112.55000305175781,113.93000030517578,111.87000274658203,113.62999725341797,104.069580078125,8264400,0.0
2021-03-18,113.30000305175781,114.5199966430664,110.72000122070312,111.12000274658203,101.77078247070312,7820600,0.0
2021-03-19,110.79000091552734,112.12000274658203,109.51000213623047,111.36000061035156,101.99058532714844,6622700,0.0
2021-03-22,111.68000030517578,111.73999786376953,109.31999969482422,109.80000305175781,100.56182098388672,3248200,0.0
2021-03-23,108.91000366210938,109.26000213623047,105.45999908447266,106.0,97.08155822753906,7215700,0.0
2021-03-24,107.0,108.4800033569336,104.1500015258789,104.1500015258789,95.38719940185547,4561400,0.0
2021-03-25,102.91999816894531,107.2300033569336,102.52999877929688,106.69000244140625,97.96369934082031,6354200,0.266
2021-03-26,107.86000061035156,109.33999633789062,107.23999786376953,109.29000091552734,100.35104370117188,4713000,0.0
2021-03-29,108.80000305175781,109.95999908447266,106.45999908447266,106.58999633789062,97.87188720703125,4432600,0.0
2021-03-30,106.44999694824219,108.4800033569336,106.33000183105469,108.12999725341797,99.28591918945312,2869900,0.0
2021-03-31,108.61000061035156,109.48999786376953,108.0,108.52999877929688,99.65321350097656,3455900,0.0
2021-04-01,109.13999938964844,110.08999633789062,108.86000061035156,110.08999633789062,101.08560943603516,6232700,0.0
2021-04-05,111.11000061035156,111.2699966430664,109.8499984741211,110.56999969482422,101.52635192871094,6699200,0.0
2021-04-06,110.6500015258789,111.62999725341797,110.19999694824219,110.45999908447266,101.42535400390625,3571400,0.0
2021-04-07,110.36000061035156,110.54000091552734,108.54000091552734,108.81999969482422,99.91948699951172,3130300,0.0
2021-04-08,109.44999694824219,109.4800033569336,107.91000366210938,109.38999938964844,100.44285583496094,7016100,0.0
2021-04-09,109.30000305175781,109.73999786376953,108.79000091552734,109.51000213623047,100.55305480957031,2753900,0.0
2021-04-12,109.7300033569336,109.98999786376953,108.9800033569336,109.63999938964844,100.67240905761719,2761500,0.0
2021-04-13,109.5199966430664,109.77999877929688,107.95999908447266,108.88999938964844,99.98374938964844,4550000,0.0
2021-04-14,109.08000183105469,111.13999938964844,109.06999969482422,110.08999633789062,101.08560943603516,3206900,0.0
2021-04-15,110.93000030517578,110.93000030517578,109.37999725341797,110.44000244140625,101.406982421875,3368300,0.0
2021-04-16,111.0999984741211,111.13999938964844,110.0,110.7699966430664,101.71000671386719,3171800,0.0
2021-04-19,110.43000030517578,110.69000244140625,108.69000244140625,109.6500015258789,100.68159484863281,2890000,0.0
2021-04-20,109.13999938964844,109.33000183105469,106.08999633789062,107.06999969482422,98.3126220703125,10173400,0.0
2021-04-21,107.0,109.54000091552734,106.37999725341797,109.52999877929688,100.5714111328125,3653900,0.0
2021-04-22,109.79000091552734,110.61000061035156,108.75,108.88999938964844,99.98374938964844,6823600,0.0
2021-04-23,109.41999816894531,111.55000305175781,109.02999877929688,110.91000366210938,101.83855438232422,4901400,0.0
2021-04-26,111.5199966430664,112.16999816894531,111.26000213623047,111.44999694824219,102.33436584472656,2639800,0.0
2021-04-27,111.8499984741211,112.22000122070312,111.33999633789062,111.81999969482422,102.67411804199219,3419400,0.0
2021-04-28,111.68000030517578,112.27999877929688,111.20999908447266,112.02999877929688,102.86691284179688,2820700,0.0
2021-04-29,112.83000183105469,112.98999786376953,111.16999816894531,112.0999984741211,102.93120574951172,3310900,0.0
2021-04-30,111.23999786376953,111.8499984741211,110.22000122070312,110.54000091552734,101.49881744384766,2674400,0.0
2021-05-03,111.5999984741211,112.3499984741211,111.0,111.79000091552734,102.64656829833984,3144100,0.0
2021-05-04,111.11000061035156,111.44999694824219,109.88999938964844,111.27999877929688,102.17828369140625,3804800,0.0
2021-05-05,111.80000305175781,111.88999938964844,110.25,111.2300033569336,102.13237762451172,3160100,0.0
2021-05-06,111.2699966430664,111.97000122070312,109.83999633789062,111.97000122070312,102.81184387207031,4351400,0.0
2021-05-07,111.69000244140625,112.94000244140625,111.23999786376953,112.80999755859375,103.58313751220703,3262500,0.0
2021-05-10,112.93000030517578,113.37000274658203,110.47000122070312,110.48999786376953,101.45288848876953,3381100,0.0
2021-05-11,108.37999725341797,110.29000091552734,108.08000183105469,109.76000213623047,100.78260803222656,5016200,0.0
2021-05-12,109.19000244140625,109.87999725341797,106.13999938964844,106.37999725341797,97.67903900146484,3787300,0.0
2021-05-13,106.86000061035156,109.5,106.66000366210938,109.05000305175781,100.13067626953125,4024600,0.0
2021-05-14,109.86000061035156,111.44000244140625,109.44000244140625,111.2300033569336,102.13237762451172,3279800,0.0
2021-05-17,110.73999786376953,111.66000366210938,109.98999786376953,111.51000213623047,102.38945007324219,3626600,0.0
2021-05-18,111.66999816894531,112.0199966430664,110.26000213623047,110.41000366210938,101.37944793701172,3701500,0.0
2021-05-19,108.58000183105469,109.75,107.5199966430664,109.69000244140625,100.71833038330078,3270900,0.0
2021-05-20,109.75,110.20999908447266,108.66999816894531,109.91999816894531,100.92951202392578,3377900,0.0
2021-05-21,110.97000122070312,111.54000091552734,110.08000183105469,110.44999694824219,101.4161605834961,2124300,0.0
2021-05-24,110.95999908447266,111.4800033569336,110.30999755859375,111.01000213623047,101.93037414550781,3101300,0.0
2021-05-25,111.37000274658203,112.12000274658203,109.7300033569336,109.75,100.77342224121094,2585200,0.0
2021-05-26,110.19000244140625,112.1500015258789,110.18000030517578,112.08999633789062,102.9220199584961,3554700,0.0
2021-05-27,112.68000030517578,113.58000183105469,112.54000091552734,113.18000030517578,103.92288208007812,2763500,0.0
2021-05-28,113.63999938964844,113.69000244140625,112.38999938964844,112.8499984741211,103.619873046875,3384100,0.0
2021-06-01,113.88999938964844,114.91000366210938,113.54000091552734,114.77999877929688,105.39203643798828,4559100,0.0
2021-06-02,114.79000091552734,114.91999816894531,113.8499984741211,114.43000030517578,105.07063293457031,3951600,0.0
2021-06-03,113.76000213623047,113.9800033569336,112.55000305175781,113.45999908447266,104.17996215820312,3615000,0.0
2021-06-04,114.1500015258789,114.16000366210938,113.16000366210938,113.87000274658203,104.55645751953125,1877900,0.0
2021-06-07,114.12999725341797,115.06999969482422,114.06999969482422,114.9800033569336,105.5756607055664,2932700,0.0
2021-06-08,115.19999694824219,116.61000061035156,114.91000366210938,116.30000305175781,106.78768157958984,2451700,0.0
2021-06-09,116.54000091552734,116.73999786376953,115.2300033569336,115.44000244140625,105.99806213378906,3132600,0.0
2021-06-10,115.55999755859375,115.61000061035156,113.37000274658203,113.37999725341797,104.3351821899414,2653600,0.253
2021-06-11,113.9000015258789,114.58000183105469,113.7699966430664,114.5199966430664,105.38423919677734,2399500,0.0
2021-06-14,114.6500015258789,115.19999694824219,113.51000213623047,113.95999908447266,104.86890411376953,3056300,0.0
2021-06-15,113.94999694824219,114.4000015258789,112.9800033569336,114.16000366210938,105.0529556274414,2450700,0.0
2021-06-16,113.93000030517578,114.55999755859375,113.08000183105469,114.12000274658203,105.0161361694336,2673000,0.0
2021-06-17,113.70999908447266,114.30000305175781,110.86000061035156,112.11000061035156,103.16650390625,4399100,0.0
2021-06-18,110.54000091552734,111.25,109.01000213623047,109.18000030517578,100.47023010253906,3055300,0.0
2021-06-21,110.11000061035156,112.0199966430664,110.11000061035156,111.62999725341797,102.72476959228516,2798000,0.0
2021-06-22,111.61000061035156,112.5199966430664,110.75,112.25,103.29532623291016,2870200,0.0
2021-06-23,112.45999908447266,113.2300033569336,112.33999633789062,112.44000244140625,103.47016143798828,4044300,0.0
2021-06-24,113.05000305175781,114.0999984741211,112.54000091552734,113.94000244140625,104.85050201416016,3858800,0.0
2021-06-25,114.30999755859375,115.0999984741211,113.97000122070312,114.05999755859375,104.96092987060547,4289100,0.0
2021-06-28,114.1500015258789,114.25,112.05999755859375,112.88999938964844,103.88426971435547,2692200,0.0
2021-06-29,113.22000122070312,113.62999725341797,112.31999969482422,112.62999725341797,103.64500427246094,2103500,0.0
2021-06-30,112.30000305175781,113.25,112.08999633789062,112.9800033569336,103.96708679199219,2700600,0.0
2021-07-01,113.68000030517578,114.0199966430664,113.11000061035156,113.69000244140625,104.62043762207031,3411000,0.0
2021-07-02,113.98999786376953,113.98999786376953,112.31999969482422,112.48999786376953,103.51616668701172,4312900,0.0
2021-07-06,112.73999786376953,112.79000091552734,109.7300033569336,110.8499984741211,102.00700378417969,3439800,0.0
2021-07-07,110.69999694824219,111.33000183105469,109.22000122070312,110.11000061035156,101.32604217529297,2869700,0.0
2021-07-08,108.16000366210938,110.16000366210938,107.2699966430664,108.81999969482422,100.13893127441406,3787000,0.0
2021-07-09,110.26000213623047,111.70999908447266,110.19000244140625,111.58999633789062,102.68798065185547,2502100,0.0
2021-07-12,111.22000122070312,112.23999786376953,110.75,112.12000274658203,103.17568969726562,11474200,0.0
2021-07-13,111.55000305175781,111.62999725341797,109.95999908447266,110.0199966430664,101.24320983886719,2841400,0.0
2021-07-14,110.5199966430664,111.20999908447266,108.66000366210938,108.7300033569336,100.05612182617188,2931600,0.0
2021-07-15,108.18000030517578,108.72000122070312,107.08000183105469,108.23999786376953,99.60521697998047,3745100,0.0
2021-07-16,109.16000366210938,109.16000366210938,106.44999694824219,106.66999816894531,98.16046142578125,4849200,0.0
2021-07-19,104.6500015258789,106.02999877929688,103.5199966430664,104.62000274658203,96.27399444580078,5832000,0.0
2021-07-20,104.93000030517578,108.51000213623047,104.73999786376953,107.7699966430664,99.17269134521484,4366400,0.0
2021-07-21,108.45999908447266,110.05000305175781,108.45999908447266,109.56999969482422,100.8291244506836,2425700,0.0
2021-07-22,109.31999969482422,109.41000366210938,107.08000183105469,107.5199966430664,98.94264221191406,3225500,0.0
2021-07-23,108.19000244140625,108.47000122070312,107.12000274658203,108.4000015258789,99.7524642944336,3696700,0.0
2021-07-26,108.72000122070312,109.9000015258789,108.6500015258789,109.36000061035156,100.6358642578125,3165400,0.0
2021-07-27,108.62000274658203,108.69000244140625,107.38999938964844,108.33000183105469,99.68804168701172,2889400,0.0
2021-07-28,108.93000030517578,110.13999938964844,107.62999725341797,109.25,100.5346450805664,3124400,0.0
2021-07-29,110.11000061035156,111.30999755859375,109.88999938964844,110.61000061035156,101.78614807128906,2682800,0.0
2021-07-30,110.0999984741211,111.38999938964844,109.80999755859375,110.26000213623047,101.46407318115234,2679300,0.0
2021-08-02,110.68000030517578,112.36000061035156,109.44999694824219,109.55999755859375,100.81991577148438,7429100,0.0
2021-08-03,109.93000030517578,110.70999908447266,108.43000030517578,110.56999969482422,101.74935150146484,5104800,0.0
2021-08-04,109.55999755859375,110.16000366210938,108.55999755859375,108.62000274658203,99.95489501953125,2722900,0.0
2021-08-05,109.26000213623047,110.43000030517578,109.16000366210938,110.13999938964844,101.35364532470703,2553900,0.0
2021-08-06,111.0,111.95999908447266,110.70999908447266,111.48999786376953,102.595947265625,3035800,0.0
2021-08-09,111.18000030517578,111.19000244140625,110.19999694824219,110.55000305175781,101.73094940185547,2633700,0.0
2021-08-10,110.75,111.86000061035156,110.22000122070312,111.62000274658203,102.71558380126953,2724600,0.0
2021-08-11,111.7699966430664,112.41999816894531,110.87999725341797,112.4000015258789,103.4333724975586,5037200,0.0
2021-08-12,112.38999938964844,112.4800033569336,111.19999694824219,111.83000183105469,102.9088134765625,2208300,0.0
2021-08-13,111.91999816894531,111.93000030517578,110.87000274658203,111.01000213623047,102.15425872802734,1859900,0.0
2021-08-16,110.43000030517578,110.9000015258789,109.54000091552734,110.45999908447266,101.64812469482422,2233700,0.0
2021-08-17,109.55000305175781,109.66999816894531,107.63999938964844,108.86000061035156,100.17576599121094,2841000,0.0
2021-08-18,108.69999694824219,109.66999816894531,107.87000274658203,107.9800033569336,99.365966796875,2897800,0.0
2021-08-19,106.83999633789062,107.7699966430664,106.19999694824219,107.0199966430664,98.48255920410156,3421400,0.0
2021-08-20,106.87999725341797,108.87999725341797,106.76000213623047,108.63999938964844,99.97331237792969,2793900,0.0
2021-08-23,109.54000091552734,110.20999908447266,109.19000244140625,110.0199966430664,101.24320983886719,2604900,0.0
2021-08-24,110.2300033569336,110.95999908447266,109.97000122070312,110.79000091552734,101.95179748535156,2831000,0.0
2021-08-25,110.79000091552734,111.95999908447266,110.41000366210938,111.19999694824219,102.3290786743164,2632000,0.0
2021-08-26,110.94999694824219,111.2300033569336,109.7699966430664,109.97000122070312,101.19721984863281,2361000,0.0
2021-08-27,110.16999816894531,113.41000366210938,110.12000274658203,113.19999694824219,104.16954040527344,3440200,0.0
2021-08-30,113.54000091552734,113.58000183105469,112.33000183105469,112.52999877929688,103.55297088623047,3330700,0.0
2021-08-31,112.36000061035156,112.80999755859375,111.66000366210938,112.37000274658203,103.40576171875,3138100,0.0
2021-09-01,112.91999816894531,113.20999908447266,111.5999984741211,112.88999938964844,103.88426971435547,4466300,0.0
2021-09-02,113.2699966430664,114.0199966430664,112.88999938964844,113.37000274658203,104.32597351074219,4272900,0.0
2021-09-03,113.04000091552734,113.33000183105469,112.29000091552734,112.66999816894531,103.68181610107422,2515600,0.0
2021-09-07,112.61000061035156,112.93000030517578,111.58999633789062,111.63999938964844,102.73399353027344,3065200,0.0
2021-09-08,111.33999633789062,111.51000213623047,110.18000030517578,110.69999694824219,101.86897277832031,3496800,0.0
2021-09-09,110.48999786376953,111.61000061035156,110.2300033569336,110.41999816894531,101.6113052368164,5794200,0.0
2021-09-10,111.0,111.19000244140625,109.16000366210938,109.30000305175781,100.58065032958984,2971000,0.0
2021-09-13,110.0199966430664,110.2300033569336,108.91000366210938,110.12999725341797,101.34444427490234,3854800,0.0
2021-09-14,110.54000091552734,110.54000091552734,108.1500015258789,108.72000122070312,100.04692840576172,3192600,0.0
2021-09-15,108.75,109.98999786376953,108.55000305175781,109.88999938964844,101.12358856201172,3489500,0.0
2021-09-16,109.79000091552734,110.16999816894531,108.69000244140625,109.4800033569336,100.74629974365234,3056700,0.0
2021-09-17,109.2699966430664,109.95999908447266,108.58000183105469,109.41999816894531,100.69107055664062,4850100,0.0
2021-09-20,107.20999908447266,107.9800033569336,106.0199966430664,107.55000305175781,98.97026824951172,5710500,0.0
2021-09-21,108.19000244140625,108.45999908447266,106.55000305175781,107.3499984741211,98.78620910644531,4770500,0.0
2021-09-22,108.0,109.9800033569336,107.9800033569336,109.08999633789062,100.38739776611328,3340600,0.0
2021-09-23,109.77999877929688,111.69999694824219,109.52999877929688,110.94999694824219,102.09902954101562,3067800,0.0
2021-09-24,109.93000030517578,111.0199966430664,109.69999694824219,110.30000305175781,101.96131896972656,3567200,0.501
2021-09-27,110.52999877929688,113.18000030517578,110.52999877929688,112.33000183105469,103.83782958984375,3875700,0.0
2021-09-28,112.05000305175781,112.3499984741211,110.5,110.7300033569336,102.3587875366211,3985300,0.0
2021-09-29,111.05000305175781,111.56999969482422,110.4000015258789,111.06999969482422,102.67308044433594,2552000,0.0
2021-09-30,111.55000305175781,111.79000091552734,109.18000030517578,109.19000244140625,100.93522644042969,5323300,0.0
2021-10-01,109.83999633789062,112.08000183105469,109.12000274658203,111.33999633789062,102.92266845703125,5374900,0.0
2021-10-04,111.12999725341797,111.83000183105469,110.23999786376953,110.94999694824219,102.56216430664062,4453400,0.0
2021-10-05,111.2699966430664,112.13999938964844,110.5999984741211,111.25,102.83946990966797,3114200,0.0
2021-10-06,110.0999984741211,110.70999908447266,108.69000244140625,110.45999908447266,102.10919952392578,3933800,0.0
2021-10-07,111.30000305175781,112.87000274658203,111.23999786376953,112.13999938964844,103.66219329833984,2741800,0.0
2021-10-08,112.23999786376953,112.55000305175781,111.4000015258789,111.41000366210938,102.98738098144531,2107200,0.0
2021-10-11,111.63999938964844,112.33000183105469,110.72000122070312,110.77999877929688,102.40499877929688,1922900,0.0
2021-10-12,110.9000015258789,111.55999755859375,110.62000274658203,111.08000183105469,102.68235778808594,2992400,0.0
2021-10-13,111.23999786376953,111.26000213623047,109.83000183105469,111.04000091552734,102.6453628540039,2399700,0.0
2021-10-14,112.1500015258789,112.5999984741211,111.80999755859375,112.52999877929688,104.02268981933594,2160900,0.0
2021-10-15,113.94000244140625,114.12999725341797,111.83999633789062,112.0,103.53277587890625,3971500,0.0
2021-10-18,111.4800033569336,112.55999755859375,111.44000244140625,112.19000244140625,103.7083969116211,3076400,0.0
2021-10-19,112.70999908447266,112.80999755859375,111.73999786376953,112.37000274658203,103.87480926513672,2384700,0.0
2021-10-20,112.20999908447266,113.33999633789062,111.87999725341797,113.22000122070312,104.6605453491211,2116200,0.0
2021-10-21,112.83999633789062,113.70999908447266,112.45999908447266,113.33999633789062,104.77147674560547,2948600,0.0
2021-10-22,113.29000091552734,113.9000015258789,112.75,113.41000366210938,104.83617401123047,2067600,0.0
2021-10-25,113.62000274658203,114.5,113.19999694824219,114.36000061035156,105.71436309814453,2079300,0.0
2021-10-26,114.58000183105469,114.58999633789062,113.2699966430664,113.30000305175781,104.7344970703125,2622900,0.0
2021-10-27,112.91000366210938,113.11000061035156,111.05000305175781,111.08000183105469,102.68235778808594,2945000,0.0
2021-10-28,111.69999694824219,113.23999786376953,111.54000091552734,113.2300033569336,104.6697769165039,2332000,0.0
2021-10-29,113.06999969482422,113.4800033569336,112.38999938964844,113.05999755859375,104.51263427734375,2739000,0.0
2021-11-01,113.41000366210938,115.86000061035156,113.41000366210938,115.68000030517578,106.93455505371094,4053200,0.0
2021-11-02,115.9000015258789,116.08000183105469,115.19999694824219,115.55999755859375,106.82363891601562,2623900,0.0
2021-11-03,115.56999969482422,118.68000030517578,115.5,118.08000183105469,109.15313720703125,3328600,0.0
2021-11-04,118.44000244140625,119.11000061035156,117.36000061035156,117.77999877929688,108.87578582763672,3448600,0.0
2021-11-05,119.06999969482422,120.80000305175781,118.9800033569336,120.30999755859375,111.21453857421875,3590300,0.0
2021-11-08,121.0999984741211,121.44999694824219,120.08000183105469,120.31999969482422,111.2237777709961,3404000,0.0
2021-11-09,120.16000366210938,120.55000305175781,119.3499984741211,120.1500015258789,111.06663513183594,6678900,0.0
2021-11-10,119.56999969482422,120.41000366210938,118.5,118.81999969482422,109.83719635009766,3171500,0.0
2021-11-11,119.3499984741211,120.18000030517578,118.9000015258789,119.73999786376953,110.68762969970703,2574700,0.0
2021-11-12,119.87000274658203,120.11000061035156,119.43000030517578,119.47000122070312,110.43803405761719,2435600,0.0
2021-11-15,120.2300033569336,120.29000091552734,119.08000183105469,119.55000305175781,110.5119857788086,4452700,0.0
2021-11-16,119.3499984741211,120.22000122070312,119.02999877929688,119.8499984741211,110.78933715820312,3052100,0.0
2021-11-17,119.52999877929688,119.55999755859375,118.1500015258789,118.55000305175781,109.58757019042969,3784300,0.0
2021-11-18,118.97000122070312,119.12999725341797,117.2699966430664,118.3499984741211,109.40271759033203,2621600,0.0
2021-11-19,117.27999877929688,117.77999877929688,116.7699966430664,116.95999908447266,108.11779022216797,3436700,0.0
2021-11-22,117.72000122070312,119.33999633789062,117.36000061035156,117.72000122070312,108.8203353881836,2907600,0.0
2021-11-23,117.62000274658203,118.47000122070312,116.9000015258789,117.83000183105469,108.92202758789062,2657500,0.0
2021-11-24,116.97000122070312,117.66000366210938,116.58000183105469,117.45999908447266,108.57999420166016,2248300,0.0
2021-11-26,114.13999938964844,114.4800033569336,111.30999755859375,113.05000305175781,104.50338745117188,4490200,0.0
2021-11-29,114.70999908447266,114.83000183105469,112.06999969482422,112.77999877929688,104.25379180908203,4288400,0.0
2021-11-30,111.69000244140625,112.05999755859375,109.44999694824219,110.30999755859375,101.97052001953125,9402000,0.0
2021-12-01,112.77999877929688,113.54000091552734,108.58999633789062,108.66999816894531,100.45452117919922,8366200,0.0
2021-12-02,109.16999816894531,112.12000274658203,108.91999816894531,111.69999694824219,103.25545501708984,6513700,0.0
2021-12-03,112.45999908447266,112.5,109.43000030517578,110.38999938964844,102.04447937011719,6150300,0.0
2021-12-06,111.44000244140625,113.80000305175781,110.62999725341797,113.02999877929688,104.48489379882812,4955900,0.0
2021-12-07,114.43000030517578,115.72000122070312,114.12000274658203,114.5999984741211,105.93621826171875,3325700,0.0
2021-12-08,114.98999786376953,115.62000274658203,114.41999816894531,115.05999755859375,106.3614273071289,2820800,0.0
2021-12-09,114.37000274658203,114.7300033569336,113.16000366210938,113.19999694824219,104.64205169677734,2857000,0.0
2021-12-10,114.0,114.23999786376953,112.2699966430664,113.20999908447266,104.65128326416016,2913100,0.0
2021-12-13,112.0999984741211,112.36000061035156,110.19000244140625,110.61000061035156,102.91510772705078,4522000,0.734
2021-12-14,109.93000030517578,111.69999694824219,109.7300033569336,109.9800033569336,102.32893371582031,5721600,0.0
2021-12-15,109.98999786376953,111.76000213623047,108.5999984741211,111.41000366210938,103.65946960449219,8527300,0.0
2021-12-16,112.22000122070312,112.37999725341797,109.02999877929688,109.51000213623047,101.89163970947266,6106400,0.0
2021-12-17,109.19000244140625,111.0199966430664,108.26000213623047,109.77999877929688,102.14285278320312,5326100,0.0
2021-12-20,108.16999816894531,108.55000305175781,106.52999877929688,108.26000213623047,100.72862243652344,7657200,0.0
2021-12-21,109.33000183105469,111.4800033569336,109.33000183105469,111.41999816894531,103.66876983642578,4781100,0.0
2021-12-22,111.36000061035156,112.72000122070312,111.0,112.72000122070312,104.87830352783203,3221100,0.0
2021-12-23,113.19000244140625,113.70999908447266,112.86000061035156,113.33000183105469,105.44589233398438,3498300,0.0
2021-12-27,113.5999984741211,115.05000305175781,112.9000015258789,115.0199966430664,107.01830291748047,2423200,0.0
2021-12-28,114.87999725341797,115.83999633789062,114.44999694824219,114.68000030517578,106.70197296142578,2725000,0.0
2021-12-29,114.76000213623047,115.29000091552734,114.30999755859375,115.18000030517578,107.16719055175781,2497000,0.0
2021-12-30,115.08999633789062,116.0,114.52999877929688,114.6500015258789,106.674072265625,3181000,0.0
2021-12-31,114.54000091552734,115.0999984741211,114.13999938964844,114.51000213623047,106.5438003540039,4508400,0.0
2022-01-03,115.06999969482422,116.83999633789062,115.04000091552734,115.7699966430664,107.71612548828125,4530400,0.0
2022-01-04,116.08000183105469,117.12999725341797,115.88999938964844,116.69000244140625,108.5721435546875,4983800,0.0
2022-01-05,116.66999816894531,117.3499984741211,113.6500015258789,113.69999694824219,105.79015350341797,5332400,0.0
2022-01-06,114.13999938964844,115.23999786376953,113.19999694824219,114.44000244140625,106.47867584228516,3578800,0.0
2022-01-07,114.27999877929688,114.93000030517578,113.12000274658203,113.16000366210938,105.2877197265625,4067300,0.0
2022-01-10,112.69999694824219,112.80000305175781,111.06999969482422,112.69999694824219,104.85971069335938,3737400,0.0
2022-01-11,112.83999633789062,113.73999786376953,111.44999694824219,113.5199966430664,105.62268829345703,4571700,0.0
2022-01-12,113.91999816894531,114.36000061035156,112.3499984741211,113.06999969482422,105.2039794921875,3744100,0.0
2022-01-13,113.5,114.48999786376953,112.58999633789062,112.97000122070312,105.11092376708984,3181000,0.0
2022-01-14,112.0,113.51000213623047,111.77999877929688,113.48999786376953,105.59475708007812,2862800,0.0
2022-01-18,112.61000061035156,112.70999908447266,110.33999633789062,110.54000091552734,102.84998321533203,7301700,0.0
2022-01-19,110.97000122070312,111.06999969482422,108.5199966430664,108.5999984741211,101.04495239257812,8789800,0.0
2022-01-20,108.98999786376953,110.36000061035156,106.08000183105469,106.30000305175781,98.90496063232422,6931600,0.0
2022-01-21,105.73999786376953,107.8499984741211,104.77999877929688,104.80000305175781,97.5093002319336,7677800,0.0
2022-01-24,103.2699966430664,107.63999938964844,102.43000030517578,107.29000091552734,99.82608795166016,11261400,0.0
2022-01-25,105.5199966430664,107.44000244140625,103.69000244140625,106.0999984741211,98.71887969970703,7983500,0.0
2022-01-26,107.44000244140625,108.16999816894531,103.22000122070312,104.43000030517578,97.16504669189453,7071600,0.0
2022-01-27,104.98999786376953,106.13999938964844,101.75,102.31999969482422,95.20181274414062,15401100,0.0
2022-01-28,102.45999908447266,104.31999969482422,100.58000183105469,104.0199966430664,96.78355407714844,8197700,0.0
2022-01-31,103.63999938964844,106.25,103.3499984741211,106.25,98.85842895507812,7572400,0.0
2022-02-01,106.4800033569336,107.16999816894531,104.58000183105469,106.94999694824219,99.50973510742188,6294200,0.0
2022-02-02,107.41000366210938,107.52999877929688,105.38999938964844,106.45999908447266,99.05381774902344,7445300,0.0
2022-02-03,105.55000305175781,106.63999938964844,104.7699966430664,104.97000122070312,97.66748809814453,4927600,0.0
2022-02-04,104.76000213623047,105.73999786376953,103.30000305175781,104.97000122070312,97.66748809814453,4448900,0.0
2022-02-07,104.95999908447266,105.81999969482422,104.5199966430664,105.08000183105469,97.76982879638672,4561000,0.0
2022-02-08,105.0999984741211,107.11000061035156,105.08999633789062,106.93000030517578,99.49111938476562,2883500,0.0
2022-02-09,107.75,108.26000213623047,107.38999938964844,108.1500015258789,100.62625885009766,3152900,0.0
2022-02-10,106.66000366210938,109.19000244140625,106.06999969482422,106.69000244140625,99.267822265625,3523900,0.0
2022-02-11,107.0,108.19000244140625,105.54000091552734,106.38999938964844,98.98869323730469,4769500,0.0
2022-02-14,106.58000183105469,107.37999725341797,105.44000244140625,106.16999816894531,98.78398132324219,4411000,0.0
2022-02-15,106.98999786376953,108.63999938964844,106.91999816894531,108.47000122070312,100.92398834228516,3421000,0.0
2022-02-16,108.19000244140625,109.22000122070312,107.80999755859375,108.80999755859375,101.24034881591797,3337000,0.0
2022-02-17,108.01000213623047,108.16000366210938,106.37000274658203,106.75,99.3236312866211,3769500,0.0
2022-02-18,106.06999969482422,107.62000274658203,105.79000091552734,106.16000366210938,98.77469635009766,3400500,0.0
2022-02-22,105.77999877929688,106.5199966430664,104.0999984741211,104.66999816894531,97.3883285522461,6211400,0.0
2022-02-23,105.43000030517578,105.91000366210938,102.91999816894531,103.13999938964844,95.96479034423828,4307600,0.0
2022-02-24,100.80000305175781,105.12999725341797,100.5999984741211,104.87999725341797,97.58373260498047,5866800,0.0
2022-02-25,105.19000244140625,107.30999755859375,104.80999755859375,107.2300033569336,99.770263671875,5537500,0.0
2022-02-28,106.23999786376953,108.11000061035156,106.04000091552734,107.70999908447266,100.21685791015625,9735200,0.0
2022-03-01,107.37999725341797,107.94999694824219,104.86000061035156,105.70999908447266,98.35599517822266,7718300,0.0
2022-03-02,106.23999786376953,109.02999877929688,106.23999786376953,108.56999969482422,101.01704406738281,5715800,0.0
2022-03-03,108.9800033569336,109.0999984741211,106.98999786376953,107.77999877929688,100.281982421875,3917500,0.0
2022-03-04,106.73999786376953,106.83000183105469,105.36000061035156,106.33000183105469,98.932861328125,4974500,0.0
2022-03-07,106.47000122070312,106.7300033569336,103.81999969482422,103.94999694824219,96.71843719482422,4402200,0.0
2022-03-08,104.2300033569336,106.66000366210938,103.83999633789062,104.25,96.99756622314453,5239200,0.0
2022-03-09,105.83999633789062,106.98999786376953,105.61000061035156,106.55000305175781,99.1375732421875,4342400,0.0
2022-03-10,105.30000305175781,106.54000091552734,104.88999938964844,106.47000122070312,99.06311798095703,3542000,0.0
2022-03-11,106.87999725341797,107.4000015258789,105.11000061035156,105.16000366210938,97.84425354003906,4094900,0.0
2022-03-14,105.5199966430664,105.70999908447266,103.5,104.0,96.76496124267578,4936900,0.0
2022-03-15,104.2300033569336,105.22000122070312,103.9000015258789,105.08999633789062,97.77912902832031,7774600,0.0
2022-03-16,106.0199966430664,107.80999755859375,105.23999786376953,107.72000122070312,100.22615814208984,5165200,0.0
2022-03-17,107.37000274658203,109.13999938964844,107.16999816894531,109.05000305175781,101.4636459350586,3758900,0.0
2022-03-18,108.63999938964844,109.77999877929688,108.16999816894531,109.5999984741211,101.97537994384766,4812100,0.0
2022-03-21,109.79000091552734,110.56999969482422,108.27999877929688,108.98999786376953,101.4078140258789,4214400,0.0
2022-03-22,109.41999816894531,110.61000061035156,108.79000091552734,109.44999694824219,101.83580780029297,4507200,0.0
2022-03-23,109.06999969482422,109.18000030517578,107.41000366210938,107.5,100.0214614868164,3256900,0.0
2022-03-24,107.86000061035156,108.25,107.08000183105469,108.23999786376953,100.86856842041016,3618300,0.169
2022-03-25,108.4800033569336,109.04000091552734,108.02999877929688,108.87000274658203,101.45567321777344,2873500,0.0
2022-03-28,108.61000061035156,108.66999816894531,107.30000305175781,108.52999877929688,101.1388168334961,4453300,0.0
2022-03-29,109.16000366210938,111.38999938964844,109.16000366210938,111.11000061035156,103.5431137084961,9822800,0.0
2022-03-30,110.91999816894531,111.19999694824219,108.68000030517578,109.0199966430664,101.5954360961914,4232900,0.0
2022-03-31,108.93000030517578,109.68000030517578,107.83999633789062,107.87999725341797,100.5330810546875,3878800,0.0
2022-04-01,108.3499984741211,109.0999984741211,107.73999786376953,109.0199966430664,101.5954360961914,5515300,0.0
2022-04-04,109.08000183105469,109.29000091552734,107.66999816894531,108.58000183105469,101.18541717529297,4129400,0.0
2022-04-05,108.66000366210938,109.30999755859375,105.87999725341797,106.12999725341797,98.9022445678711,3708800,0.0
2022-04-06,105.54000091552734,105.72000122070312,104.4000015258789,104.95999908447266,97.81194305419922,6048300,0.0
2022-04-07,104.93000030517578,105.31999969482422,103.52999877929688,104.83999633789062,97.70011138916016,4133800,0.0
2022-04-08,104.87000274658203,105.44000244140625,104.11000061035156,104.23999786376953,97.14096069335938,3833000,0.0
2022-04-11,103.80999755859375,105.18000030517578,103.41999816894531,103.56999969482422,96.5166015625,3134900,0.0
2022-04-12,104.45999908447266,105.98999786376953,103.81999969482422,104.18000030517578,97.08506774902344,4678400,0.0
2022-04-13,104.33999633789062,106.19999694824219,104.33000183105469,105.87999725341797,98.6692886352539,3623100,0.0
2022-04-14,106.01000213623047,106.72000122070312,105.08999633789062,105.1500015258789,97.98899841308594,3658700,0.0
2022-04-18,104.8499984741211,105.44000244140625,104.27999877929688,104.7699966430664,97.63487243652344,3799400,0.0
2022-04-19,104.7699966430664,107.16000366210938,104.7699966430664,106.80000305175781,99.52664947509766,3114500,0.0
2022-04-20,107.4800033569336,108.20999908447266,107.30999755859375,107.55000305175781,100.22555541992188,3412500,0.0
2022-04-21,108.47000122070312,108.72000122070312,105.47000122070312,105.8499984741211,98.6413345336914,4067700,0.0
2022-04-22,105.3499984741211,105.51000213623047,103.08999633789062,103.23999786376953,96.2090835571289,3653400,0.0
2022-04-25,102.45999908447266,103.66000366210938,101.04000091552734,103.51000213623047,96.460693359375,5055300,0.0
2022-04-26,102.70999908447266,102.9800033569336,100.4000015258789,100.5,93.65567016601562,3851500,0.0
2022-04-27,100.62000274658203,101.27999877929688,99.68000030517578,100.11000061035156,93.29225158691406,5225000,0.0
2022-04-28,101.02999877929688,102.58000183105469,99.30000305175781,102.0999984741211,95.14671325683594,4235000,0.0
2022-04-29,101.66000366210938,102.55999755859375,99.19999694824219,99.41999816894531,92.64923858642578,3823400,0.0
2022-05-02,99.48999786376953,100.83999633789062,98.05999755859375,100.1500015258789,93.32952117919922,5766000,0.0
2022-05-03,100.13999938964844,101.58000183105469,99.56999969482422,101.22000122070312,94.32666015625,4400900,0.0
2022-05-04,101.4000015258789,104.04000091552734,100.1500015258789,103.79000091552734,96.72161865234375,4489000,0.0
2022-05-05,102.80000305175781,102.80000305175781,98.86000061035156,100.08000183105469,93.26428985595703,5039600,0.0
2022-05-06,99.76000213623047,100.23999786376953,97.9000015258789,99.01000213623047,92.26714324951172,5375700,0.0
2022-05-09,97.62999725341797,98.19000244140625,95.7699966430664,96.22000122070312,89.66716003417969,6568400,0.0
2022-05-10,97.1500015258789,97.79000091552734,93.87000274658203,95.62999725341797,89.11731719970703,6725700,0.0
2022-05-11,95.69999694824219,97.55999755859375,93.83999633789062,94.0,87.59835815429688,6776600,0.0
2022-05-12,93.58000183105469,95.61000061035156,93.29000091552734,95.19999694824219,88.71662902832031,6293100,0.0
2022-05-13,96.16999816894531,98.11000061035156,96.16999816894531,97.45999908447266,90.82270812988281,5282200,0.0
2022-05-16,97.13999938964844,98.05999755859375,96.44999694824219,97.16999816894531,90.55243682861328,4248300,0.0
2022-05-17,98.62999725341797,100.12000274658203,98.31999969482422,100.06999969482422,93.25496673583984,4091100,0.0
2022-05-18,98.9000015258789,99.2699966430664,96.19000244140625,96.97000122070312,90.36608123779297,24837500,0.0
2022-05-19,96.1500015258789,97.72000122070312,95.81999969482422,96.4800033569336,89.90945434570312,7905200,0.0
2022-05-20,97.47000122070312,97.68000030517578,94.0,96.0999984741211,89.55532836914062,4691500,0.0
2022-05-23,97.0199966430664,97.66000366210938,95.87000274658203,97.11000061035156,90.49654388427734,4524900,0.0
2022-05-24,96.37000274658203,96.62999725341797,94.11000061035156,96.0199966430664,89.48078918457031,4293100,0.0
2022-05-25,95.80000305175781,98.56999969482422,95.73999786376953,98.01000213623047,91.33524322509766,3936700,0.0
2022-05-26,98.56999969482422,100.62000274658203,98.56999969482422,100.06999969482422,93.25496673583984,3160100,0.0
2022-05-27,100.5999984741211,102.4000015258789,100.5,102.4000015258789,95.42628479003906,3320000,0.0
2022-05-31,102.08000183105469,102.11000061035156,100.68000030517578,101.27999877929688,94.38255310058594,4894500,0.0
2022-06-01,101.76000213623047,102.12999725341797,99.58999633789062,101.0,94.12163543701172,5000400,0.0
2022-06-02,101.02999877929688,103.01000213623047,100.8499984741211,102.97000122070312,95.95745849609375,3352500,0.0
2022-06-03,102.2699966430664,102.36000061035156,101.4000015258789,102.01000213623047,95.06285858154297,2684400,0.0
2022-06-06,102.8499984741211,103.05000305175781,101.98999786376953,102.66000366210938,95.6685791015625,2273000,0.0
2022-06-07,101.88999938964844,103.83000183105469,101.61000061035156,103.7699966430664,96.7029800415039,2088000,0.0
2022-06-08,103.29000091552734,103.41999816894531,101.5999984741211,102.04000091552734,95.09080505371094,3197400,0.0
2022-06-09,101.33999633789062,101.48999786376953,99.7699966430664,99.8499984741211,93.3261489868164,2204500,0.302
2022-06-10,98.27999877929688,98.73999786376953,96.87000274658203,97.33000183105469,90.97079467773438,5557600,0.0
2022-06-13,94.83000183105469,95.45999908447266,92.5999984741211,93.02999877929688,86.9517593383789,7297200,0.0
2022-06-14,93.30000305175781,93.72000122070312,91.91999816894531,92.73999786376953,86.68067932128906,5481000,0.0
2022-06-15,93.55000305175781,94.77999877929688,92.16999816894531,93.62999725341797,87.51254272460938,5430500,0.0
2022-06-16,91.68000030517578,91.9000015258789,88.52999877929688,89.02999877929688,83.21310424804688,5470000,0.0
2022-06-17,89.5999984741211,90.80999755859375,88.87000274658203,89.58000183105469,83.72714233398438,6151900,0.0
2022-06-21,90.97000122070312,91.94999694824219,90.16000366210938,90.9800033569336,85.03568267822266,4321900,0.0
2022-06-22,89.77999877929688,91.44000244140625,89.68000030517578,90.79000091552734,84.85810089111328,4489900,0.0
2022-06-23,90.94999694824219,91.69999694824219,90.02999877929688,91.4800033569336,85.50302124023438,3753400,0.0
2022-06-24,92.1500015258789,94.30999755859375,92.08000183105469,94.2699966430664,88.11072540283203,3822300,0.0
2022-06-27,94.7699966430664,95.68000030517578,94.11000061035156,95.05000305175781,88.83975982666016,4447500,0.0
2022-06-28,95.61000061035156,96.4000015258789,93.58999633789062,93.63999938964844,87.52188873291016,2959500,0.0
2022-06-29,93.68000030517578,93.83000183105469,91.83000183105469,92.80000305175781,86.73678588867188,3542300,0.0
2022-06-30,91.2699966430664,93.45999908447266,90.9000015258789,92.41000366210938,86.37225341796875,9692500,0.0
2022-07-01,91.97000122070312,93.45999908447266,91.2300033569336,93.27999877929688,87.18540954589844,4420600,0.0
2022-07-05,91.7699966430664,93.37999725341797,90.5199966430664,93.3499984741211,87.25083923339844,6426900,0.0
2022-07-06,93.08999633789062,93.58000183105469,91.33999633789062,92.30000305175781,86.26944732666016,3633200,0.0
2022-07-07,93.04000091552734,94.16999816894531,93.01000213623047,93.93000030517578,87.79293823242188,2871000,0.0
2022-07-08,93.80000305175781,94.36000061035156,92.95999908447266,93.73999786376953,87.61534881591797,3505100,0.0
2022-07-11,93.02999877929688,93.5199966430664,92.22000122070312,92.47000122070312,86.4283447265625,2970900,0.0
2022-07-12,92.22000122070312,93.30999755859375,91.83000183105469,92.33000183105469,86.29750061035156,5176100,0.0
2022-07-13,91.16999816894531,92.44999694824219,90.87000274658203,92.08999633789062,86.07316589355469,3018400,0.0
2022-07-14,90.91000366210938,91.4000015258789,89.87999725341797,91.23999786376953,85.2786865234375,3542000,0.0
2022-07-15,92.33000183105469,93.33999633789062,91.33999633789062,93.13999938964844,87.05455780029297,3600300,0.0
2022-07-18,94.11000061035156,94.68000030517578,92.8499984741211,93.12999725341797,87.04521179199219,2758500,0.0
2022-07-19,94.2699966430664,96.5999984741211,94.02999877929688,96.41999816894531,90.1202621459961,3304900,0.0
2022-07-20,96.31999969482422,97.94999694824219,96.08000183105469,97.81999969482422,91.42877960205078,4995400,0.0
2022-07-21,97.16999816894531,98.08999633789062,96.19999694824219,98.04000091552734,91.63441467285156,15376400,0.0
2022-07-22,98.27999877929688,98.5,96.26000213623047,97.18000030517578,90.83061218261719,5515000,0.0
2022-07-25,97.44999694824219,98.05000305175781,96.8499984741211,97.73999786376953,91.35400390625,7629400,0.0
2022-07-26,97.33000183105469,97.76000213623047,96.95999908447266,97.22000122070312,90.86799621582031,3515700,0.0
2022-07-27,97.83999633789062,99.9000015258789,97.58999633789062,99.41999816894531,92.92425537109375,3932000,0.0
2022-07-28,99.63999938964844,100.9000015258789,98.70999908447266,100.7699966430664,94.18603515625,3601700,0.0
2022-07-29,100.83999633789062,101.83000183105469,100.51000213623047,101.58999633789062,94.95246124267578,4413600,0.0
2022-08-01,101.06999969482422,102.52999877929688,100.2300033569336,101.9000015258789,95.24223327636719,6214100,0.0
2022-08-02,101.55000305175781,102.20999908447266,100.9000015258789,101.01000213623047,94.41036987304688,3841200,0.0
2022-08-03,101.6500015258789,102.2300033569336,100.9800033569336,101.9800033569336,95.31697845458984,2629400,0.0
2022-08-04,101.91000366210938,101.95999908447266,100.94000244140625,101.0999984741211,94.4944839477539,3295500,0.0
2022-08-05,100.43000030517578,101.70999908447266,100.18000030517578,101.62000274658203,94.98050689697266,2909700,0.0
2022-08-08,102.05000305175781,103.16999816894531,101.83000183105469,102.27999877929688,95.5973892211914,2789200,0.0
2022-08-09,101.86000061035156,102.0199966430664,100.36000061035156,100.86000061035156,94.27014923095703,4219700,0.0
2022-08-10,102.44999694824219,103.27999877929688,102.20999908447266,103.02999877929688,96.29839324951172,3171200,0.0
2022-08-11,103.87999725341797,104.87999725341797,103.58000183105469,103.7300033569336,96.95265197753906,3076200,0.0
2022-08-12,104.23999786376953,105.62000274658203,103.83999633789062,105.58000183105469,98.68177795410156,2786800,0.0
2022-08-15,104.75,106.06999969482422,104.55999755859375,106.02999877929688,99.10236358642578,2813700,0.0
2022-08-16,105.83000183105469,106.9800033569336,105.56999969482422,106.5,99.54167175292969,2913400,0.0
2022-08-17,105.41999816894531,105.7699966430664,104.43000030517578,105.05000305175781,98.1863784790039,2454700,0.0
2022-08-18,105.11000061035156,106.11000061035156,104.87999725341797,105.95999908447266,99.03694915771484,1970000,0.0
2022-08-19,104.94999694824219,105.12000274658203,103.66000366210938,104.04000091552734,97.24238586425781,4166500,0.0
2022-08-22,103.0199966430664,103.0999984741211,101.45999908447266,101.7300033569336,95.08332061767578,1866800,0.0
2022-08-23,101.9800033569336,102.7300033569336,101.51000213623047,101.66000366210938,95.01790618896484,3768900,0.0
2022-08-24,101.51000213623047,102.37000274658203,101.1500015258789,101.94000244140625,95.27960968017578,1983100,0.0
2022-08-25,102.33999633789062,103.94000244140625,102.12000274658203,103.87000274658203,97.08350372314453,1856300,0.0
2022-08-26,103.81999969482422,103.94000244140625,100.43000030517578,100.58000183105469,94.00845336914062,2148500,0.0
2022-08-29,99.69000244140625,100.44999694824219,99.44999694824219,99.63999938964844,93.1298828125,2293600,0.0
2022-08-30,99.83999633789062,100.01000213623047,97.72000122070312,98.12999725341797,91.71851348876953,5512700,0.0
2022-08-31,98.33000183105469,98.48999786376953,97.11000061035156,97.19999694824219,90.84928131103516,2759500,0.0
2022-09-01,96.37999725341797,96.5999984741211,94.94000244140625,96.04000091552734,89.76506042480469,4859800,0.0
2022-09-02,97.16000366210938,97.37000274658203,94.86000061035156,95.33000183105469,89.10147094726562,3720200,0.0
2022-09-06,95.6500015258789,95.87999725341797,93.5999984741211,94.0999984741211,87.95183563232422,4376300,0.0
2022-09-07,93.91999816894531,95.86000061035156,93.87999725341797,95.7300033569336,89.47533416748047,3248300,0.0
2022-09-08,95.0199966430664,96.19999694824219,94.26000213623047,96.16000366210938,89.87724304199219,3543400,0.0
2022-09-09,96.94999694824219,98.16999816894531,96.8499984741211,98.01000213623047,91.60636138916016,2272900,0.0
2022-09-12,98.6500015258789,99.41000366210938,98.44999694824219,99.19999694824219,92.71862030029297,4170600,0.0
2022-09-13,96.94999694824219,97.41000366210938,95.02999877929688,95.4000015258789,89.16690063476562,3161400,0.0
2022-09-14,95.51000213623047,95.70999908447266,94.33999633789062,95.44000244140625,89.20427703857422,3754500,0.0
2022-09-15,94.87000274658203,96.08000183105469,94.2699966430664,94.62000274658203,88.43788146972656,2938200,0.0
2022-09-16,93.68000030517578,94.02999877929688,92.6500015258789,93.95999908447266,87.82098388671875,4862000,0.0
2022-09-19,93.13999938964844,95.11000061035156,93.12000274658203,95.02999877929688,88.82107543945312,2993800,0.0
2022-09-20,94.20999908447266,94.41999816894531,93.04000091552734,93.86000061035156,87.72752380371094,2645300,0.0
2022-09-21,94.43000030517578,95.44000244140625,92.72000122070312,92.7699966430664,86.70872497558594,3454200,0.0
2022-09-22,92.55000305175781,92.83999633789062,90.4800033569336,90.80999755859375,84.87680053710938,4619300,0.0
2022-09-23,89.58000183105469,89.77999877929688,87.61000061035156,88.8499984741211,83.04484558105469,5769200,0.0
2022-09-26,87.9800033569336,89.38999938964844,86.79000091552734,87.04000091552734,81.77188110351562,6186000,0.455
2022-09-27,87.9000015258789,88.5999984741211,86.4000015258789,87.11000061035156,81.8376235961914,5412000,0.0
2022-09-28,87.7300033569336,90.05000305175781,87.20999908447266,89.4800033569336,84.06419372558594,5584300,0.0
2022-09-29,88.4000015258789,88.5199966430664,86.61000061035156,87.69999694824219,82.39192199707031,4778500,0.0
2022-09-30,87.61000061035156,89.26000213623047,87.05000305175781,87.19000244140625,81.91279602050781,5549300,0.0
2022-10-03,88.20999908447266,89.93000030517578,87.30999755859375,89.38999938964844,83.97962951660156,5302700,0.0
2022-10-04,90.91999816894531,92.81999969482422,90.88999938964844,92.79000091552734,87.1738510131836,4211500,0.0
2022-10-05,91.5999984741211,92.56999969482422,90.7300033569336,92.19999694824219,86.61955261230469,3295700,0.0
2022-10-06,91.87999725341797,92.83000183105469,91.31999969482422,91.70999908447266,86.15922546386719,3621400,0.0
2022-10-07,90.98999786376953,91.13999938964844,89.05000305175781,89.44000244140625,84.02660369873047,3144700,0.0
2022-10-10,89.73999786376953,90.22000122070312,88.86000061035156,89.44999694824219,84.03598022460938,3811700,0.0
2022-10-11,88.9800033569336,90.69999694824219,88.31999969482422,89.68000030517578,84.25206756591797,5974800,0.0
2022-10-12,89.55000305175781,89.7699966430664,88.55999755859375,89.08999633789062,83.69778442382812,3518600,0.0
2022-10-13,87.48999786376953,91.83999633789062,86.73999786376953,91.37000274658203,85.83978271484375,5329600,0.0
2022-10-14,92.0,92.58000183105469,89.23999786376953,89.2699966430664,83.86688232421875,4600500,0.0
2022-10-17,90.7699966430664,92.06999969482422,90.7699966430664,91.73999786376953,86.1874008178711,4328700,0.0
2022-10-18,93.5,94.37000274658203,92.08000183105469,92.80999755859375,87.19264221191406,5753900,0.0
2022-10-19,92.08000183105469,92.55999755859375,90.31999969482422,91.43000030517578,85.89615631103516,3612000,0.0
2022-10-20,91.29000091552734,92.44000244140625,89.7699966430664,90.08999633789062,84.63726043701172,8856800,0.0
2022-10-21,90.38999938964844,92.55999755859375,89.95999908447266,92.23999786376953,86.65713500976562,4513400,0.0
2022-10-24,92.63999938964844,93.23999786376953,91.81999969482422,93.04000091552734,87.40872192382812,3991100,0.0
2022-10-25,93.12000274658203,95.66999816894531,93.05999755859375,95.2300033569336,89.4661636352539,3993500,0.0
2022-10-26,95.69000244140625,97.30000305175781,95.05000305175781,95.62999725341797,89.8419418334961,5735100,0.0
2022-10-27,96.30999755859375,97.38999938964844,95.76000213623047,95.94000244140625,90.1332015991211,4547000,0.0
2022-10-28,96.16999816894531,98.13999938964844,95.79000091552734,97.94000244140625,92.01213073730469,5531700,0.0
2022-10-31,97.54000091552734,98.33000183105469,97.01000213623047,97.91999816894531,91.99334716796875,5236600,0.0
2022-11-01,98.91999816894531,98.98999786376953,97.80999755859375,98.30999755859375,92.3597412109375,5650200,0.0
2022-11-02,97.70999908447266,98.62999725341797,94.91000366210938,95.0,89.25008392333984,5273000,0.0
2022-11-03,93.88999938964844,95.0999984741211,93.01000213623047,94.45999908447266,88.74276733398438,4609100,0.0
2022-11-04,95.58000183105469,96.43000030517578,94.20999908447266,95.94000244140625,90.1332015991211,4061900,0.0
2022-11-07,96.41999816894531,97.08999633789062,95.70999908447266,96.87999725341797,91.01629638671875,2837600,0.0
2022-11-08,97.2699966430664,98.18000030517578,95.94000244140625,97.0199966430664,91.14781951904297,4124600,0.0
2022-11-09,96.33999633789062,96.66000366210938,94.54000091552734,94.7699966430664,89.03398895263672,5100800,0.0
2022-11-10,98.1500015258789,100.41999816894531,98.08999633789062,100.3499984741211,94.27627563476562,3800600,0.0
2022-11-11,100.69999694824219,101.86000061035156,100.55000305175781,100.9000015258789,94.7929916381836,3579100,0.0
2022-11-14,100.4000015258789,101.44999694824219,99.86000061035156,99.91000366210938,93.86289978027344,5060700,0.0
2022-11-15,101.31999969482422,102.33000183105469,100.5199966430664,101.19999694824219,95.07482147216797,3642300,0.0
2022-11-16,100.58000183105469,100.62999725341797,99.37999725341797,99.52999877929688,93.50590515136719,2812400,0.0
2022-11-17,98.0999984741211,99.16999816894531,97.83999633789062,99.12999725341797,93.13009643554688,6531900,0.0
2022-11-18,100.31999969482422,100.68000030517578,99.27999877929688,99.80999755859375,93.76895141601562,3186600,0.0
2022-11-21,99.41000366210938,99.63999938964844,98.7699966430664,99.48999786376953,93.46832275390625,2688800,0.0
2022-11-22,100.08000183105469,100.80999755859375,99.69000244140625,100.69999694824219,94.60509490966797,2950200,0.0
2022-11-23,100.5,101.16999816894531,100.0999984741211,100.81999969482422,94.71782684326172,2502700,0.0
2022-11-25,100.68000030517578,101.51000213623047,100.62000274658203,101.04000091552734,94.92451477050781,1044100,0.0
2022-11-28,100.22000122070312,100.48999786376953,98.7699966430664,99.08999633789062,93.09252166748047,2621600,0.0
2022-11-29,99.06999969482422,99.95999908447266,99.04000091552734,99.44999694824219,93.43074798583984,3027100,0.0
2022-11-30,99.5999984741211,101.91000366210938,98.44000244140625,101.83999633789062,95.67608642578125,6205600,0.0
2022-12-01,102.25,102.83000183105469,101.30000305175781,101.72000122070312,95.56334686279297,4128600,0.0
2022-12-02,100.31999969482422,102.54000091552734,100.29000091552734,102.12999725341797,95.94854736328125,3298000,0.0
2022-12-05,101.43000030517578,101.5,98.95999908447266,99.27999877929688,93.27102661132812,5099000,0.0
2022-12-06,99.31999969482422,99.47000122070312,97.75,98.33000183105469,92.37853240966797,3855300,0.0
2022-12-07,98.23999786376953,99.04000091552734,97.73999786376953,97.91999816894531,91.99334716796875,4148800,0.0
2022-12-08,98.43000030517578,99.4000015258789,97.9000015258789,98.37999725341797,92.42549896240234,3019800,0.0
2022-12-09,97.91000366210938,98.37000274658203,97.2699966430664,97.33000183105469,91.4390640258789,3440900,0.0
2022-12-12,97.41000366210938,98.5199966430664,96.94999694824219,98.37999725341797,92.42549896240234,3129600,0.0
2022-12-13,100.81999969482422,101.37000274658203,97.94000244140625,98.30000305175781,92.73872375488281,5335100,0.412
2022-12-14,98.20999908447266,99.12000274658203,96.95999908447266,97.55000305175781,92.0311508178711,4951200,0.0
2022-12-15,96.36000061035156,96.6500015258789,94.91000366210938,95.19999694824219,89.81409454345703,4037000,0.0
2022-12-16,93.83999633789062,94.80000305175781,93.55999755859375,94.33000183105469,88.99332427978516,5067900,0.0
2022-12-19,94.41000366210938,94.75,93.33999633789062,93.66000366210938,88.36123657226562,7244700,0.0
2022-12-20,93.37999725341797,94.52999877929688,93.16000366210938,93.97000122070312,88.6536865234375,4145200,0.0
2022-12-21,94.72000122070312,95.88999938964844,94.69000244140625,95.43000030517578,90.03108215332031,5079500,0.0
2022-12-22,94.61000061035156,94.95999908447266,92.7300033569336,94.25,88.9178466796875,3722100,0.0
2022-12-23,94.22000122070312,95.0199966430664,93.73999786376953,94.87000274658203,89.50276947021484,2978300,0.0
2022-12-27,94.91000366210938,95.22000122070312,94.2300033569336,94.81999969482422,89.4555892944336,3225500,0.0
2022-12-28,94.75,95.2300033569336,93.01000213623047,93.0199966430664,87.75743865966797,4145000,0.0
2022-12-29,93.58999633789062,95.30000305175781,93.51000213623047,95.06999969482422,89.69145202636719,3785500,0.0
2022-12-30,94.2699966430664,94.8499984741211,93.93000030517578,94.63999938964844,89.28578186035156,5026200,0.0
2023-01-03,95.44000244140625,96.1500015258789,93.75,94.5,89.1537094116211,4922600,0.0
2023-01-04,95.12999725341797,96.37999725341797,95.11000061035156,95.63999938964844,90.22921752929688,4668400,0.0
2023-01-05,95.0,95.44000244140625,94.0199966430664,94.80999755859375,89.44617462158203,2951100,0.0
2023-01-06,95.6500015258789,97.25,95.2300033569336,97.04000091552734,91.55001068115234,3398400,0.0
2023-01-09,97.68000030517578,98.19999694824219,96.9000015258789,97.02999877929688,91.54056549072266,3275300,0.0
2023-01-10,96.94000244140625,98.33999633789062,96.63999938964844,98.27999877929688,92.7198486328125,2424100,0.0
2023-01-11,98.5,99.41000366210938,98.48999786376953,99.38999938964844,93.7670669555664,4777300,0.0
2023-01-12,100.0999984741211,100.93000030517578,99.0999984741211,100.79000091552734,95.08786010742188,3959600,0.0
2023-01-13,100.06999969482422,101.58000183105469,99.91999816894531,101.41000366210938,95.67279052734375,3146400,0.0
2023-01-17,101.38999938964844,101.75,100.8499984741211,101.05000305175781,95.33314514160156,3900600,0.0
2023-01-18,101.41000366210938,102.08999633789062,99.37999725341797,99.45999908447266,93.83308410644531,3066700,0.0
2023-01-19,98.76000213623047,99.12999725341797,97.88999938964844,98.61000061035156,93.03118896484375,3629900,0.0
2023-01-20,99.08000183105469,100.12999725341797,98.18000030517578,100.08999633789062,94.42745971679688,2847900,0.0
2023-01-23,100.30999755859375,101.58999633789062,99.94000244140625,101.19000244140625,95.4652099609375,2884400,0.0
2023-01-24,100.75,101.33999633789062,100.33999633789062,100.83999633789062,95.13500213623047,2415400,0.0
2023-01-25,100.08999633789062,101.22000122070312,99.4800033569336,101.08999633789062,95.37088012695312,3311100,0.0
2023-01-26,101.8499984741211,102.4000015258789,100.58000183105469,101.80999755859375,96.0501480102539,5868000,0.0
2023-01-27,101.58999633789062,102.62000274658203,101.4000015258789,102.22000122070312,96.43694305419922,2927400,0.0
2023-01-30,101.27999877929688,102.36000061035156,101.04000091552734,101.08999633789062,95.37088012695312,2719400,0.0
2023-01-31,101.4000015258789,103.68000030517578,101.4000015258789,103.63999938964844,97.77664184570312,3002800,0.0
2023-02-01,103.44000244140625,106.19000244140625,102.98999786376953,105.25,99.2955322265625,4187800,0.0
2023-02-02,105.87000274658203,108.05999755859375,105.87000274658203,107.68000030517578,101.58804321289062,4626500,0.0
2023-02-03,106.55000305175781,108.23999786376953,106.41000366210938,107.38999938964844,101.314453125,5536800,0.0
2023-02-06,106.58000183105469,106.87999725341797,105.22000122070312,105.61000061035156,99.63513946533203,3015200,0.0
2023-02-07,105.19000244140625,106.62000274658203,104.44000244140625,106.3499984741211,100.33329010009766,3397200,0.0
2023-02-08,105.72000122070312,106.04000091552734,104.51000213623047,104.73999786376953,98.81437683105469,2791900,0.0
2023-02-09,105.66999816894531,105.94999694824219,103.12999725341797,103.38999938964844,97.54075622558594,2397100,0.0
2023-02-10,103.22000122070312,103.83000183105469,102.69000244140625,103.62999725341797,97.76716613769531,2525800,0.0
2023-02-13,104.05999755859375,104.98999786376953,103.16000366210938,104.97000122070312,99.0313720703125,3389700,0.0
2023-02-14,104.38999938964844,105.44999694824219,103.55000305175781,104.62999725341797,98.71060180664062,2353900,0.0
2023-02-15,103.76000213623047,105.66000366210938,103.66999816894531,105.62000274658203,99.64459228515625,2357800,0.0
2023-02-16,104.31999969482422,105.8499984741211,103.9800033569336,104.91999816894531,98.98419952392578,4099700,0.0
2023-02-17,104.94999694824219,105.2699966430664,104.12999725341797,105.0999984741211,99.1540298461914,2652500,0.0
2023-02-21,103.79000091552734,104.18000030517578,101.91000366210938,101.95999908447266,96.19165802001953,3953200,0.0
2023-02-22,102.20999908447266,102.98999786376953,101.83999633789062,102.3499984741211,96.55960083007812,3623900,0.0
2023-02-23,102.93000030517578,103.47000122070312,101.66000366210938,102.9800033569336,97.1539535522461,3057200,0.0
2023-02-24,101.5999984741211,102.25,101.1500015258789,102.19000244140625,96.40865325927734,3262200,0.0
2023-02-27,103.08000183105469,103.58000183105469,102.16000366210938,102.41999816894531,96.62562561035156,2902900,0.0
2023-02-28,102.38999938964844,103.3499984741211,102.30999755859375,102.38999938964844,96.59732818603516,2500900,0.0
2023-03-01,102.30000305175781,102.98999786376953,101.81999969482422,102.62999725341797,96.8237533569336,3928700,0.0
2023-03-02,101.79000091552734,103.1500015258789,101.4800033569336,102.94000244140625,97.11622619628906,3391900,0.0
2023-03-03,103.4800033569336,104.3499984741211,102.58999633789062,104.13999938964844,98.24832153320312,4145000,0.0
2023-03-06,104.19000244140625,104.19000244140625,101.30000305175781,101.77999877929688,96.02183532714844,5170100,0.0
2023-03-07,101.70999908447266,102.01000213623047,100.44000244140625,100.7699966430664,95.06897735595703,3627000,0.0
2023-03-08,100.8499984741211,101.29000091552734,100.0999984741211,100.94000244140625,95.2293701171875,3360300,0.0
2023-03-09,100.9800033569336,101.2300033569336,98.52999877929688,98.63999938964844,93.05948638916016,4698100,0.0
2023-03-10,98.12999725341797,98.16000366210938,95.18000030517578,96.16999816894531,90.7292251586914,6754500,0.0
2023-03-13,94.0999984741211,95.63999938964844,93.16999816894531,93.83999633789062,88.53104400634766,10263100,0.0
2023-03-14,96.4800033569336,97.2300033569336,94.66000366210938,95.75,90.33296966552734,5148400,0.0
2023-03-15,93.22000122070312,94.33999633789062,92.51000213623047,94.22000122070312,88.88955688476562,5870700,0.0
2023-03-16,93.13999938964844,96.4000015258789,92.48999786376953,95.72000122070312,90.30469512939453,7781000,0.0
2023-03-17,94.63999938964844,94.91000366210938,92.77999877929688,93.0,87.73855590820312,17693700,0.0
2023-03-20,93.9000015258789,95.54000091552734,93.9000015258789,94.36000061035156,89.0216293334961,7469500,0.0
2023-03-21,96.02999877929688,96.95999908447266,95.45999908447266,95.94000244140625,90.51224517822266,4100600,0.0
2023-03-22,95.83999633789062,96.33000183105469,93.33999633789062,93.37000274658203,88.087646484375,4381900,0.0
2023-03-23,93.62999725341797,94.51000213623047,91.5199966430664,92.2699966430664,87.35767364501953,4371200,0.329
2023-03-24,91.37999725341797,93.41999816894531,90.83000183105469,93.25,88.28550720214844,4181100,0.0
2023-03-27,94.4800033569336,94.76000213623047,93.62000274658203,94.25,89.23226928710938,3831900,0.0
2023-03-28,93.88999938964844,94.70999908447266,93.70999908447266,94.31999969482422,89.29855346679688,2812900,0.0
2023-03-29,95.30000305175781,95.30000305175781,94.23999786376953,94.95999908447266,89.90447235107422,3210800,0.0
2023-03-30,95.66000366210938,95.9000015258789,94.52999877929688,94.93000030517578,89.87605285644531,3171300,0.0
2023-03-31,95.52999877929688,96.75,95.51000213623047,96.69999694824219,91.55183410644531,4956200,0.0
2023-04-03,96.86000061035156,97.38999938964844,95.6500015258789,96.79000091552734,91.63704681396484,7170300,0.0
2023-04-04,97.0999984741211,97.13999938964844,94.33000183105469,94.87000274658203,89.81926727294922,3680400,0.0
2023-04-05,94.44999694824219,94.63999938964844,93.56999969482422,94.13999938964844,89.12811279296875,3438900,0.0
2023-04-06,94.12000274658203,94.44000244140625,93.62000274658203,94.16999816894531,89.15653991699219,2997800,0.0
2023-04-10,93.93000030517578,95.44000244140625,93.83999633789062,95.37000274658203,90.29264068603516,3557900,0.0
2023-04-11,95.70999908447266,96.55999755859375,95.44999694824219,96.02999877929688,90.91748809814453,3223400,0.0
2023-04-12,96.79000091552734,96.80000305175781,95.12999725341797,95.23999786376953,90.1695556640625,3138700,0.0
2023-04-13,95.68000030517578,96.33999633789062,95.16999816894531,96.05000305175781,90.93644714355469,6362600,0.0
2023-04-14,96.08000183105469,96.7699966430664,94.69000244140625,95.27999877929688,90.20743560791016,3198700,0.0
2023-04-17,95.44000244140625,95.94000244140625,95.02999877929688,95.86000061035156,90.75654602050781,4655300,0.0
2023-04-18,96.26000213623047,96.3499984741211,94.8499984741211,95.3499984741211,90.27369689941406,3325500,0.0
2023-04-19,95.01000213623047,95.81999969482422,94.5999984741211,95.63999938964844,90.54827880859375,2943700,0.0
2023-04-20,95.0199966430664,95.73999786376953,94.75,95.20999908447266,90.14117431640625,5263700,0.0
2023-04-21,95.30999755859375,95.62000274658203,94.33000183105469,95.0199966430664,89.9612808227539,3346300,0.0
2023-04-24,94.95999908447266,95.6500015258789,94.66000366210938,95.06999969482422,90.00860595703125,2158200,0.0
2023-04-25,94.20999908447266,94.23999786376953,92.55000305175781,92.56999969482422,87.6417007446289,3355800,0.0
2023-04-26,92.22000122070312,92.80999755859375,91.44999694824219,91.70999908447266,86.82749938964844,3860100,0.0
2023-04-27,92.0999984741211,93.25,91.66000366210938,93.13999938964844,88.18135070800781,3979600,0.0
2023-04-28,93.06999969482422,94.33000183105469,93.01000213623047,94.0,88.9955825805664,4365700,0.0
2023-05-01,93.91999816894531,95.18000030517578,93.70999908447266,93.97000122070312,88.96717834472656,4383400,0.0
2023-05-02,93.43000030517578,93.48999786376953,91.0,92.22000122070312,87.31034851074219,5714100,0.0
2023-05-03,92.43000030517578,93.97000122070312,92.16000366210938,92.25,87.3387451171875,4669800,0.0
2023-05-04,91.62999725341797,91.87999725341797,90.27999877929688,91.13999938964844,86.28783416748047,5080900,0.0
2023-05-05,92.62999725341797,93.63999938964844,92.58000183105469,93.33999633789062,88.37069702148438,4224000,0.0
2023-05-08,93.86000061035156,94.0199966430664,92.51000213623047,92.93000030517578,87.98253631591797,3132200,0.0
2023-05-09,92.30999755859375,92.81999969482422,91.75,92.37999725341797,87.4618148803711,3074600,0.0
2023-05-10,93.68000030517578,93.68000030517578,91.72000122070312,92.70999908447266,87.7742691040039,4960500,0.0
2023-05-11,92.11000061035156,92.30000305175781,91.44000244140625,92.08000183105469,87.17779541015625,4761200,0.0
2023-05-12,92.4000015258789,92.66000366210938,91.26000213623047,91.80999755859375,86.92216491699219,3460200,0.0
2023-05-15,92.12999725341797,93.26000213623047,91.86000061035156,92.83000183105469,87.88787078857422,3056000,0.0
2023-05-16,92.38999938964844,92.41000366210938,91.56999969482422,91.5999984741211,86.72335052490234,2875100,0.0
2023-05-17,92.2300033569336,94.01000213623047,91.66000366210938,93.80000305175781,88.80622100830078,5297500,0.0
2023-05-18,93.55999755859375,94.83000183105469,93.20999908447266,94.6500015258789,89.6109619140625,3790800,0.0
2023-05-19,95.43000030517578,95.43000030517578,93.41000366210938,93.94000244140625,88.93877410888672,5404600,0.0
2023-05-22,94.19999694824219,95.08999633789062,93.66000366210938,94.66000366210938,89.62045288085938,3208500,0.0
2023-05-23,94.44999694824219,96.01000213623047,94.27999877929688,94.54000091552734,89.50682830810547,4500700,0.0
2023-05-24,94.08999633789062,94.27999877929688,92.98999786376953,93.37999725341797,88.4085922241211,3440400,0.0
2023-05-25,93.2699966430664,93.43000030517578,92.13999938964844,93.05999755859375,88.10560607910156,3597500,0.0
2023-05-26,93.12999725341797,94.30999755859375,93.0,94.08999633789062,89.0807876586914,2688100,0.0
2023-05-30,94.44999694824219,94.66999816894531,93.33999633789062,93.6500015258789,88.6642074584961,3597500,0.0
2023-05-31,93.25,93.83000183105469,91.83999633789062,92.43000030517578,87.50916290283203,4214400,0.0
2023-06-01,92.58000183105469,93.55000305175781,91.98999786376953,93.22000122070312,88.2571029663086,4974200,0.0
2023-06-02,94.41000366210938,97.16999816894531,94.30000305175781,97.05999755859375,91.89266967773438,5284500,0.0
2023-06-05,96.1500015258789,96.70999908447266,94.08000183105469,95.05999755859375,89.99913787841797,7488200,0.0
2023-06-06,94.87999725341797,98.0999984741211,94.76000213623047,97.7699966430664,92.56485748291016,5192600,0.0
2023-06-07,98.05000305175781,100.12000274658203,97.9000015258789,99.80999755859375,94.83672332763672,4211800,0.351
2023-06-08,99.44999694824219,99.86000061035156,98.33999633789062,99.18000030517578,94.23812866210938,3053800,0.0
2023-06-09,99.18000030517578,99.19999694824219,98.12000274658203,98.36000061035156,93.45896911621094,3515200,0.0
2023-06-12,98.44000244140625,99.19000244140625,97.86000061035156,98.61000061035156,93.69652557373047,3618600,0.0
2023-06-13,99.0,100.27999877929688,98.80999755859375,99.4000015258789,94.44715118408203,4935100,0.0
2023-06-14,99.72000122070312,100.20999908447266,97.72000122070312,98.19999694824219,93.30694580078125,5450100,0.0
2023-06-15,97.81999969482422,99.16999816894531,97.81999969482422,99.0999984741211,94.16210174560547,4940500,0.0
2023-06-16,99.66999816894531,99.94999694824219,97.9800033569336,98.63999938964844,93.72502136230469,9572900,0.0
2023-06-20,98.45999908447266,98.55999755859375,97.7699966430664,98.26000213623047,93.36396026611328,3775900,0.0
2023-06-21,97.91000366210938,98.75,97.4000015258789,98.13999938964844,93.24994659423828,4817300,0.0
2023-06-22,97.86000061035156,97.88999938964844,96.75,97.0999984741211,92.26175689697266,4145800,0.0
2023-06-23,96.08000183105469,96.83999633789062,95.29000091552734,95.54000091552734,90.77949523925781,3866700,0.0
2023-06-26,95.61000061035156,96.98999786376953,95.4000015258789,96.1500015258789,91.35909271240234,2902600,0.0
2023-06-27,96.3499984741211,98.0999984741211,96.0199966430664,97.81999969482422,92.94587707519531,3432600,0.0
2023-06-28,97.68000030517578,98.02999877929688,97.04000091552734,97.94000244140625,93.05989837646484,2935200,0.0
2023-06-29,98.1500015258789,99.70999908447266,98.05000305175781,99.55999755859375,94.59918975830078,4641700,0.0
2023-06-30,100.44999694824219,100.5199966430664,99.55000305175781,99.6500015258789,94.68470764160156,3401000,0.0
2023-07-03,99.62999725341797,100.54000091552734,99.51000213623047,100.27999877929688,95.28330993652344,2683700,0.0
2023-07-05,99.80999755859375,99.8499984741211,98.70999908447266,98.79000091552734,93.86754608154297,4293500,0.0
2023-07-06,97.8499984741211,97.8499984741211,96.41000366210938,97.43000030517578,92.57530975341797,3618900,0.0
2023-07-07,97.5999984741211,99.36000061035156,97.44000244140625,98.38999938964844,93.48748016357422,3519500,0.0
2023-07-10,98.2300033569336,99.88999938964844,98.01000213623047,99.68000030517578,94.71320343017578,3874200,0.0
2023-07-11,100.11000061035156,100.72000122070312,99.72000122070312,100.5999984741211,95.58736419677734,3076800,0.0
2023-07-12,102.08999633789062,102.31999969482422,101.47000122070312,101.69999694824219,96.63255310058594,3643600,0.0
2023-07-13,101.83000183105469,102.38999938964844,101.43000030517578,102.2699966430664,97.17415618896484,3950900,0.0
2023-07-14,102.12999725341797,102.16000366210938,100.66000366210938,101.41000366210938,96.35701751708984,4580700,0.0
2023-07-17,101.41999816894531,102.61000061035156,101.16000366210938,102.22000122070312,97.12663269042969,2949000,0.0
2023-07-18,102.33999633789062,103.76000213623047,102.22000122070312,103.62999725341797,98.46637725830078,3949800,0.0
2023-07-19,103.9800033569336,104.36000061035156,103.55000305175781,104.19999694824219,99.00798034667969,2848500,0.0
2023-07-20,104.13999938964844,104.16000366210938,102.97000122070312,103.41999816894531,98.26683807373047,3406200,0.0
2023-07-21,104.04000091552734,104.12000274658203,102.93000030517578,103.04000091552734,97.90577697753906,3060100,0.0
2023-07-24,103.18000030517578,104.08999633789062,103.01000213623047,103.62999725341797,98.46637725830078,3667900,0.0
2023-07-25,103.47000122070312,104.25,103.27999877929688,103.5999984741211,98.4378890991211,4002900,0.0
2023-07-26,103.54000091552734,104.6500015258789,103.47000122070312,104.36000061035156,99.16002655029297,2808400,0.0
2023-07-27,104.98999786376953,105.05999755859375,102.94999694824219,103.25,98.10533142089844,2757500,0.0
2023-07-28,104.16999816894531,104.63999938964844,103.83000183105469,104.23999786376953,99.04598999023438,2548800,0.0
2023-07-31,104.4800033569336,105.22000122070312,104.33999633789062,105.16000366210938,99.92015838623047,2693600,0.0
2023-08-01,104.58000183105469,104.81999969482422,103.66999816894531,104.63999938964844,99.42605590820312,3333400,0.0
2023-08-02,103.70999908447266,104.05999755859375,103.30999755859375,103.7699966430664,98.59941101074219,3182700,0.0
2023-08-03,103.43000030517578,103.81999969482422,102.51000213623047,103.37999725341797,98.22884368896484,3150300,0.0
2023-08-04,103.47000122070312,104.3499984741211,102.94000244140625,103.37000274658203,98.21935272216797,3058600,0.0
2023-08-07,103.58999633789062,104.01000213623047,103.05000305175781,103.95999908447266,98.77993774414062,2547200,0.0
2023-08-08,102.66999816894531,103.33000183105469,101.7699966430664,103.25,98.10533142089844,2796900,0.0
2023-08-09,103.12999725341797,103.12999725341797,101.98999786376953,102.51000213623047,97.40218353271484,3571300,0.0
2023-08-10,102.93000030517578,103.91999816894531,101.73999786376953,102.12000274658203,97.03163146972656,2779400,0.0
2023-08-11,101.73999786376953,102.52999877929688,101.68000030517578,102.02999877929688,96.94612121582031,2665100,0.0
2023-08-14,101.56999969482422,101.61000061035156,100.73999786376953,101.58000183105469,96.5185317993164,2698800,0.0
2023-08-15,100.94000244140625,100.98999786376953,100.31999969482422,100.41999816894531,95.41635131835938,3304200,0.0
2023-08-16,100.26000213623047,101.0,99.2300033569336,99.25,94.30463409423828,3152100,0.0
2023-08-17,99.48999786376953,99.80000305175781,98.19999694824219,98.20999908447266,93.31645202636719,2639700,0.0
2023-08-18,97.55999755859375,99.04000091552734,97.41999816894531,98.70999908447266,93.79154968261719,3534600,0.0
2023-08-21,98.63999938964844,99.13999938964844,97.79000091552734,98.23999786376953,93.34495544433594,2793600,0.0
2023-08-22,98.54000091552734,98.95999908447266,97.73999786376953,98.05000305175781,93.16442108154297,2779800,0.0
2023-08-23,98.2699966430664,99.26000213623047,97.8499984741211,99.08999633789062,94.15260314941406,2908400,0.0
2023-08-24,98.95999908447266,99.76000213623047,98.08000183105469,98.0999984741211,93.21192932128906,3090200,0.0
2023-08-25,98.58000183105469,99.0,97.19000244140625,98.33999633789062,93.43997192382812,3885900,0.0
2023-08-28,98.83999633789062,99.81999969482422,98.81999969482422,99.13999938964844,94.20011138916016,2740700,0.0
2023-08-29,99.20999908447266,100.4800033569336,98.5999984741211,100.47000122070312,95.46383666992188,3465700,0.0
2023-08-30,100.3499984741211,101.23999786376953,100.11000061035156,100.91000366210938,95.88192749023438,2838400,0.0
2023-08-31,100.91999816894531,101.55999755859375,100.73999786376953,100.77999877929688,95.75839233398438,2900600,0.0
2023-09-01,101.54000091552734,102.44000244140625,101.41999816894531,101.80999755859375,96.7370834350586,2877200,0.0
2023-09-05,100.91999816894531,101.25,98.79000091552734,98.87000274658203,93.94357299804688,5224900,0.0
2023-09-06,99.08999633789062,99.72000122070312,98.05999755859375,98.54000091552734,93.63001251220703,3679300,0.0
2023-09-07,98.20999908447266,98.36000061035156,97.37999725341797,97.83999633789062,92.96488952636719,6034600,0.0
2023-09-08,97.91999816894531,97.97000122070312,97.16000366210938,97.45999908447266,92.60382843017578,2822000,0.0
2023-09-11,98.05999755859375,98.38999938964844,97.44000244140625,97.44000244140625,92.58482360839844,2555400,0.0
2023-09-12,97.44000244140625,97.91999816894531,97.23999786376953,97.44000244140625,92.58482360839844,2811800,0.0
2023-09-13,97.58000183105469,97.70999908447266,96.62999725341797,96.87000274658203,92.04322052001953,3417600,0.0
2023-09-14,97.8499984741211,98.58000183105469,97.7300033569336,98.54000091552734,93.63001251220703,3197400,0.0
2023-09-15,98.33000183105469,98.33000183105469,96.9800033569336,97.61000061035156,92.7463607788086,5240100,0.0
2023-09-18,97.68000030517578,97.69999694824219,97.0,97.0,92.166748046875,2693100,0.0
2023-09-19,97.19000244140625,97.66999816894531,96.51000213623047,96.80000305175781,91.97671508789062,3183000,0.0
2023-09-20,97.23999786376953,97.80999755859375,95.95999908447266,96.0199966430664,91.2355728149414,4272500,0.0
2023-09-21,95.41000366210938,95.48999786376953,94.58000183105469,94.61000061035156,89.89583587646484,3800900,0.0
2023-09-22,94.86000061035156,95.25,94.26000213623047,94.29000091552734,89.59178161621094,2940300,0.0
2023-09-25,93.87000274658203,94.9800033569336,93.80000305175781,94.7300033569336,90.00984954833984,4525600,0.0
2023-09-26,93.69999694824219,94.30000305175781,92.87000274658203,92.9000015258789,88.70082092285156,3913700,0.459
2023-09-27,93.58999633789062,94.3499984741211,93.12000274658203,93.81999969482422,89.5792465209961,4931200,0.0
2023-09-28,93.95999908447266,95.48999786376953,93.95999908447266,94.9800033569336,90.68679809570312,5989500,0.0
2023-09-29,95.62999725341797,95.66000366210938,94.11000061035156,94.33000183105469,90.0661849975586,4753800,0.0
2023-10-02,94.16000366210938,94.33000183105469,92.58000183105469,92.95999908447266,88.75810241699219,5212600,0.0
2023-10-03,92.5199966430664,92.80000305175781,91.16000366210938,91.5199966430664,87.38319396972656,4304500,0.0
2023-10-04,91.5199966430664,91.93000030517578,90.58999633789062,91.69999694824219,87.55506134033203,6212000,0.0
2023-10-05,91.38999938964844,92.06999969482422,90.95999908447266,91.58000183105469,87.44049072265625,3246000,0.0
2023-10-06,90.94999694824219,92.80000305175781,90.48999786376953,92.1500015258789,87.98472595214844,4479200,0.0
2023-10-09,91.58000183105469,93.19999694824219,91.58000183105469,92.93000030517578,88.72946166992188,2770800,0.0
2023-10-10,93.26000213623047,94.5199966430664,93.25,93.94000244140625,89.69380950927734,3607500,0.0
2023-10-11,94.05000305175781,94.66999816894531,93.38999938964844,94.05999755859375,89.80838775634766,3531100,0.0
2023-10-12,94.13999938964844,94.16000366210938,91.68000030517578,92.29000091552734,88.11839294433594,3432500,0.0
2023-10-13,92.54000091552734,92.75,91.0,91.22000122070312,87.09675598144531,3137700,0.0
2023-10-16,91.94999694824219,93.01000213623047,91.7300033569336,92.8499984741211,88.653076171875,3826400,0.0
2023-10-17,92.23999786376953,94.72000122070312,92.2300033569336,93.93000030517578,89.68424987792969,4739800,0.0
2023-10-18,93.25,93.30000305175781,92.0199966430664,92.13999938964844,87.97516632080078,4369000,0.0
2023-10-19,92.05000305175781,92.66999816894531,90.58000183105469,90.70999908447266,86.60980987548828,5084400,0.0
2023-10-20,90.83000183105469,91.12000274658203,89.5999984741211,89.6500015258789,85.59770965576172,5621600,0.0
2023-10-23,89.23999786376953,90.13999938964844,88.81999969482422,88.83999633789062,84.82434844970703,4925500,0.0
2023-10-24,89.45999908447266,90.0,88.88999938964844,89.37000274658203,85.33038330078125,4632500,0.0
2023-10-25,88.69999694824219,89.18000030517578,88.0999984741211,88.29000091552734,84.29920196533203,4736800,0.0
2023-10-26,88.56999969482422,89.43000030517578,88.08000183105469,88.5199966430664,84.518798828125,5716500,0.0
2023-10-27,88.69999694824219,88.87999725341797,87.31999969482422,87.61000061035156,83.64994812011719,4912100,0.0
2023-10-30,88.29000091552734,88.95999908447266,87.52999877929688,88.16999816894531,84.18461608886719,4827400,0.0
2023-10-31,88.22000122070312,89.04000091552734,88.05999755859375,88.88999938964844,84.87207794189453,5397100,0.0
2023-11-01,88.68000030517578,89.33999633789062,88.02999877929688,89.27999877929688,85.24445343017578,6469400,0.0
2023-11-02,90.51000213623047,91.7300033569336,90.3499984741211,91.66000366210938,87.51687622070312,6569300,0.0
2023-11-03,93.3499984741211,94.83000183105469,93.25,94.22000122070312,89.96116638183594,5700100,0.0
2023-11-06,94.08999633789062,94.19000244140625,92.80000305175781,93.2699966430664,89.05409240722656,7269500,0.0
2023-11-07,92.70999908447266,93.0999984741211,92.27999877929688,92.58999633789062,88.40483093261719,3394200,0.0
2023-11-08,92.69000244140625,92.79000091552734,91.44999694824219,91.72000122070312,87.57415771484375,4647700,0.0
2023-11-09,92.2300033569336,92.26000213623047,90.36000061035156,90.4800033569336,86.39021301269531,4401900,0.0
2023-11-10,90.97000122070312,91.77999877929688,90.29000091552734,91.43000030517578,87.29727172851562,5098800,0.0
2023-11-13,91.01000213623047,91.83999633789062,90.69000244140625,91.43000030517578,87.29727172851562,4431700,0.0
2023-11-14,94.2300033569336,96.4800033569336,93.98999786376953,96.4000015258789,92.0426254272461,6410600,0.0
2023-11-15,96.30000305175781,98.05000305175781,96.20999908447266,96.54000091552734,92.17628479003906,5753700,0.0
2023-11-16,96.30000305175781,96.58000183105469,94.83000183105469,95.12000274658203,90.82048034667969,4872300,0.0
2023-11-17,95.86000061035156,96.48999786376953,95.76000213623047,96.18000030517578,91.83255004882812,4034600,0.0
2023-11-20,96.19999694824219,96.68000030517578,95.69000244140625,96.55000305175781,92.18583679199219,3860000,0.0
2023-11-21,95.98999786376953,96.19000244140625,95.37000274658203,95.4000015258789,91.08781433105469,3721900,0.0
2023-11-22,96.05999755859375,96.58999633789062,95.55000305175781,95.91000366210938,91.57477569580078,3379600,0.0
2023-11-24,95.91000366210938,96.58000183105469,95.73999786376953,96.37000274658203,92.01396179199219,1516300,0.0
2023-11-27,96.01000213623047,96.30000305175781,95.41000366210938,96.12000274658203,91.77528381347656,3545500,0.0
2023-11-28,95.9000015258789,96.29000091552734,95.19999694824219,95.62000274658203,91.2978744506836,4868900,0.0
2023-11-29,96.41000366210938,97.48999786376953,95.80000305175781,95.91999816894531,91.58430480957031,5779800,0.0
2023-11-30,96.48999786376953,96.62999725341797,95.55000305175781,96.23999786376953,91.88984680175781,4775500,0.0
2023-12-01,95.97000122070312,99.05999755859375,95.55999755859375,99.05000305175781,94.57283020019531,10053100,0.0
2023-12-04,98.33000183105469,100.37999725341797,98.33000183105469,100.33999633789062,95.80451965332031,12247800,0.0
2023-12-05,99.87000274658203,99.91999816894531,98.5999984741211,98.81999969482422,94.35322570800781,5405300,0.0
2023-12-06,99.5,100.86000061035156,98.55000305175781,98.61000061035156,94.15272521972656,4820500,0.0
2023-12-07,98.81999969482422,99.80000305175781,98.38999938964844,99.72000122070312,95.21253967285156,3465200,0.0
2023-12-08,99.52999877929688,100.81999969482422,99.44000244140625,100.3499984741211,95.81407928466797,4296500,0.0
2023-12-11,100.23999786376953,101.02999877929688,100.18000030517578,100.88999938964844,96.32966613769531,3307200,0.0
2023-12-12,100.75,101.13999938964844,100.08000183105469,100.75,96.19600677490234,3495400,0.0
2023-12-13,100.7699966430664,104.2300033569336,100.08999633789062,104.12999725341797,99.42321014404297,6609700,0.0
2023-12-14,105.88999938964844,107.7699966430664,105.75,107.08000183105469,102.23987579345703,7162300,0.0
2023-12-15,107.48999786376953,107.5999984741211,105.55000305175781,106.16999816894531,101.37097930908203,6910100,0.0
2023-12-18,106.54000091552734,106.91000366210938,105.87999725341797,106.0199966430664,101.227783203125,4599200,0.0
2023-12-19,106.7300033569336,108.41999816894531,106.4800033569336,108.16999816894531,103.28060150146484,9177100,0.0
2023-12-20,107.6500015258789,109.01000213623047,105.9800033569336,106.01000213623047,101.48373413085938,6468600,0.283
2023-12-21,107.25,107.80999755859375,106.5999984741211,107.7699966430664,103.16858673095703,4325500,0.0
2023-12-22,108.20999908447266,109.19000244140625,107.72000122070312,108.33999633789062,103.7142562866211,4237200,0.0
2023-12-26,108.7300033569336,109.88999938964844,108.41999816894531,109.58000183105469,104.90132141113281,2873900,0.0
2023-12-27,109.94999694824219,110.55000305175781,109.4800033569336,110.11000061035156,105.40868377685547,5578100,0.0
2023-12-28,109.51000213623047,110.13999938964844,109.25,109.75,105.06404876708984,4819200,0.0
2023-12-29,109.54000091552734,109.80999755859375,108.2300033569336,108.25,103.62811279296875,4730400,0.0
2024-01-02,107.3499984741211,108.7300033569336,107.02999877929688,107.7300033569336,103.13030242919922,5473600,0.0
2024-01-03,106.58000183105469,106.66999816894531,104.63999938964844,104.86000061035156,100.38284301757812,7970300,0.0
2024-01-04,104.86000061035156,105.48999786376953,104.56999969482422,104.63999938964844,100.17222595214844,5645900,0.0
2024-01-05,103.9800033569336,105.66999816894531,103.8499984741211,104.38999938964844,99.93290710449219,4304600,0.0
2024-01-08,104.3499984741211,106.08000183105469,103.91000366210938,106.08000183105469,101.5507583618164,4099800,0.0
2024-01-09,104.7300033569336,105.2699966430664,104.22000122070312,104.88999938964844,100.41156005859375,4427000,0.0
2024-01-10,104.66999816894531,105.37000274658203,104.12000274658203,105.2699966430664,100.77532196044922,4680600,0.0
2024-01-11,104.7699966430664,105.0,103.33000183105469,104.58000183105469,100.11479187011719,6278200,0.0
2024-01-12,105.66000366210938,106.11000061035156,103.95999908447266,104.36000061035156,99.9041976928711,3378600,0.0
2024-01-16,103.41000366210938,103.83000183105469,102.88999938964844,103.33000183105469,98.91815948486328,4203800,0.0
2024-01-17,101.83999633789062,102.81999969482422,101.5,102.3499984741211,97.9800033569336,3860200,0.0
2024-01-18,103.05999755859375,103.4000015258789,102.01000213623047,103.30999755859375,98.89901733398438,4142000,0.0
2024-01-19,104.0,104.43000030517578,102.51000213623047,104.33999633789062,99.88504028320312,4546600,0.0
2024-01-22,105.16000366210938,106.5999984741211,105.12000274658203,106.43000030517578,101.88581085205078,4651000,0.0
2024-01-23,107.37000274658203,107.62999725341797,105.44999694824219,105.88999938964844,101.36886596679688,8442600,0.0
2024-01-24,106.97000122070312,107.06999969482422,104.9000015258789,105.06999969482422,100.5838623046875,4685500,0.0
2024-01-25,106.4000015258789,106.87000274658203,105.02999877929688,105.8499984741211,101.33055877685547,3538700,0.0
2024-01-26,106.36000061035156,106.91999816894531,105.62999725341797,106.0,101.47417449951172,4066400,0.0
2024-01-29,106.0199966430664,107.26000213623047,105.41999816894531,107.25,102.6707992553711,5290800,0.0
2024-01-30,106.68000030517578,107.23999786376953,106.31999969482422,106.70999908447266,102.1538314819336,8763700,0.0
2024-01-31,106.43000030517578,107.11000061035156,103.83999633789062,104.0,99.55956268310547,4647900,0.0
2024-02-01,104.6500015258789,105.2699966430664,103.0,105.1500015258789,100.66046905517578,4456400,0.0
2024-02-02,104.01000213623047,105.29000091552734,103.48999786376953,104.69000244140625,100.22010803222656,4571500,0.0
2024-02-05,103.5999984741211,103.7699966430664,102.2300033569336,103.04000091552734,98.64054107666016,4213600,0.0
2024-02-06,102.86000061035156,103.83999633789062,102.41999816894531,103.62000274658203,99.19579315185547,7213100,0.0
2024-02-07,103.8499984741211,103.88999938964844,102.80000305175781,103.31999969482422,98.90858459472656,8498900,0.0
2024-02-08,103.29000091552734,104.80999755859375,102.94000244140625,104.7300033569336,100.25839233398438,4466000,0.0
2024-02-09,104.94000244140625,106.06999969482422,104.37999725341797,106.0,101.47417449951172,3706800,0.0
2024-02-12,106.2300033569336,108.26000213623047,106.19999694824219,107.88999938964844,103.28346252441406,4422900,0.0
2024-02-13,104.66000366210938,105.5999984741211,103.12999725341797,104.01000213623047,99.56912231445312,6297400,0.0
2024-02-14,105.31999969482422,106.26000213623047,104.36000061035156,105.95999908447266,101.43587493896484,4223800,0.0
2024-02-15,106.75,108.77999877929688,106.69999694824219,108.5999984741211,103.96315002441406,4546500,0.0
2024-02-16,107.33000183105469,108.5199966430664,106.86000061035156,107.37999725341797,102.79524993896484,3897100,0.0
2024-02-20,106.16999816894531,106.81999969482422,105.87000274658203,106.31999969482422,101.78050231933594,3809700,0.0
2024-02-21,105.75,106.13999938964844,105.2300033569336,106.0,101.47417449951172,3563000,0.0
2024-02-22,106.0,106.43000030517578,105.61000061035156,106.26000213623047,101.72306823730469,4061600,0.0
2024-02-23,106.30000305175781,107.13999938964844,105.7699966430664,106.58000183105469,102.02941131591797,4956800,0.0
2024-02-26,106.37999725341797,107.19999694824219,106.01000213623047,106.61000061035156,102.05813598632812,3267600,0.0
2024-02-27,107.41000366210938,107.70999908447266,107.0999984741211,107.51000213623047,102.91968536376953,3126000,0.0
2024-02-28,106.44999694824219,107.44999694824219,106.22000122070312,106.80999755859375,102.24957275390625,3592100,0.0
2024-02-29,107.81999969482422,108.4800033569336,106.83000183105469,107.3499984741211,102.76652526855469,4635100,0.0
2024-03-01,107.5999984741211,108.05000305175781,106.63999938964844,107.9000015258789,103.29304504394531,4165100,0.0
2024-03-04,107.94999694824219,108.41000366210938,107.16999816894531,107.3499984741211,102.76652526855469,5335500,0.0
2024-03-05,106.7300033569336,107.75,106.55999755859375,106.87999725341797,102.31658172607422,3521300,0.0
2024-03-06,107.63999938964844,107.7300033569336,106.7300033569336,107.26000213623047,102.68038177490234,3672500,0.0
2024-03-07,107.9800033569336,108.77999877929688,107.87000274658203,108.0999984741211,103.4844970703125,4257800,0.0
2024-03-08,108.93000030517578,109.61000061035156,107.63999938964844,108.01000213623047,103.39833068847656,4353400,0.0
2024-03-11,107.52999877929688,108.11000061035156,106.94000244140625,107.5199966430664,102.92925262451172,2626800,0.0
2024-03-12,107.45999908447266,107.6500015258789,106.55999755859375,107.2300033569336,102.65165710449219,2975700,0.0
2024-03-13,107.02999877929688,107.94999694824219,106.94000244140625,107.31999969482422,102.73779296875,2468000,0.0
2024-03-14,107.12999725341797,107.20999908447266,104.87999725341797,105.68000030517578,101.1678237915039,3651600,0.0
2024-03-15,105.0,106.43000030517578,105.0,106.06999969482422,101.54117584228516,4662000,0.0
2024-03-18,106.22000122070312,106.48999786376953,105.52999877929688,105.7300033569336,101.21568298339844,3195300,0.0
2024-03-19,105.31999969482422,106.69999694824219,105.31999969482422,106.45999908447266,101.91452026367188,4088600,0.0
2024-03-20,106.12999725341797,108.7300033569336,105.88999938964844,108.22000122070312,103.59937286376953,3779500,0.0
2024-03-21,108.45999908447266,109.4800033569336,108.4000015258789,109.1500015258789,104.80538177490234,5468500,0.326
2024-03-22,109.23999786376953,109.45999908447266,107.75,107.7699966430664,103.48031616210938,3703400,0.0
2024-03-25,108.1500015258789,108.63999938964844,107.51000213623047,107.54000091552734,103.25946044921875,4477600,0.0
2024-03-26,108.19000244140625,108.3499984741211,107.30999755859375,107.37999725341797,103.10585021972656,3186500,0.0
2024-03-27,108.2699966430664,109.97000122070312,108.06999969482422,109.95999908447266,105.58313751220703,6933600,0.0
2024-03-28,110.06999969482422,111.16000366210938,110.06999969482422,110.5199966430664,106.12083435058594,4048900,0.0
2024-04-01,110.72000122070312,111.0,109.29000091552734,109.38999938964844,105.03584289550781,3667400,0.0
2024-04-02,108.2300033569336,108.36000061035156,106.87000274658203,107.4800033569336,103.20185852050781,3865600,0.0
2024-04-03,107.13999938964844,108.4000015258789,107.08999633789062,108.16999816894531,103.8644027709961,3705900,0.0
2024-04-04,109.16000366210938,109.52999877929688,106.94999694824219,107.26000213623047,102.9906234741211,3908400,0.0
2024-04-05,107.01000213623047,108.06999969482422,106.9000015258789,107.62000274658203,103.33628845214844,3611100,0.0
2024-04-08,108.20999908447266,108.73999786376953,107.87000274658203,108.4000015258789,104.0852279663086,2596900,0.0
2024-04-09,108.61000061035156,109.18000030517578,107.95999908447266,108.9000015258789,104.5653305053711,3132600,0.0
2024-04-10,106.27999877929688,106.88999938964844,105.02999877929688,105.66000366210938,101.45430755615234,4930800,0.0
2024-04-11,106.0999984741211,106.41999816894531,105.0999984741211,106.11000061035156,101.8863754272461,4597100,0.0
2024-04-12,105.5999984741211,105.95999908447266,104.05999755859375,104.51000213623047,100.3500747680664,3342500,0.0
2024-04-15,104.95999908447266,105.56999969482422,103.05999755859375,103.54000091552734,99.41867065429688,5000800,0.0
2024-04-16,102.83000183105469,103.52999877929688,102.11000061035156,102.9800033569336,98.8809814453125,4319300,0.0
2024-04-17,103.70999908447266,103.87000274658203,102.11000061035156,102.12999725341797,98.06480407714844,4057300,0.0
2024-04-18,102.48999786376953,103.58999633789062,101.91999816894531,102.33999633789062,98.26644134521484,3541800,0.0
2024-04-19,101.8499984741211,103.44000244140625,101.8499984741211,103.22000122070312,99.11141967773438,4812300,0.0
2024-04-22,103.61000061035156,104.6500015258789,103.02999877929688,104.11000061035156,99.96598815917969,2959800,0.0
2024-04-23,104.0999984741211,106.3499984741211,103.97000122070312,105.95999908447266,101.74236297607422,3006200,0.0
2024-04-24,105.62000274658203,106.08000183105469,104.98999786376953,105.70999908447266,101.50230407714844,2933600,0.0
2024-04-25,104.56999969482422,105.12000274658203,103.63999938964844,104.86000061035156,100.68614196777344,3789600,0.0
2024-04-26,105.16999816894531,106.08000183105469,104.87999725341797,105.6500015258789,101.44469451904297,2258900,0.0
2024-04-29,106.05999755859375,106.62000274658203,105.95999908447266,106.41000366210938,102.17445373535156,2439900,0.0
2024-04-30,105.56999969482422,105.87999725341797,104.38999938964844,104.38999938964844,100.23484802246094,3270700,0.0
2024-05-01,104.5999984741211,106.72000122070312,104.41999816894531,104.73999786376953,100.5709228515625,4969100,0.0
2024-05-02,105.83000183105469,106.43000030517578,104.86000061035156,106.33000183105469,102.09764099121094,3560600,0.0
2024-05-03,108.04000091552734,108.4000015258789,106.79000091552734,107.12999725341797,102.86579132080078,3724000,0.0
2024-05-06,107.80999755859375,108.47000122070312,107.76000213623047,108.26000213623047,103.95081329345703,2548800,0.0
2024-05-07,108.58000183105469,109.33999633789062,108.44999694824219,108.62000274658203,104.29647827148438,2951800,0.0
2024-05-08,107.4800033569336,108.31999969482422,107.30000305175781,108.26000213623047,103.95081329345703,2989700,0.0
2024-05-09,108.29000091552734,109.63999938964844,108.12999725341797,109.55999755859375,105.19905853271484,2736800,0.0
2024-05-10,109.6500015258789,109.83000183105469,108.58000183105469,108.9800033569336,104.64215087890625,3485700,0.0
2024-05-13,109.80000305175781,110.16999816894531,109.20999908447266,109.30999755859375,104.95901489257812,2541700,0.0
2024-05-14,110.5199966430664,111.0199966430664,109.93000030517578,110.4000015258789,106.00562286376953,2098400,0.0
2024-05-15,111.44000244140625,111.56999969482422,110.5,110.87999725341797,106.4665298461914,2583000,0.0
2024-05-16,110.58999633789062,110.94000244140625,110.31999969482422,110.41000366210938,106.01524353027344,2958000,0.0
2024-05-17,110.58000183105469,110.6500015258789,110.11000061035156,110.38999938964844,105.99602508544922,1709700,0.0
2024-05-20,110.30000305175781,110.94000244140625,110.1500015258789,110.22000122070312,105.83279418945312,2028800,0.0
2024-05-21,109.87000274658203,110.30000305175781,109.70999908447266,110.16000366210938,105.77519226074219,2773000,0.0
2024-05-22,109.87000274658203,110.16999816894531,109.0,109.38999938964844,105.03584289550781,2778300,0.0
2024-05-23,109.66000366210938,109.66000366210938,107.41000366210938,107.80999755859375,103.51870727539062,2082200,0.0
2024-05-24,108.66000366210938,108.86000061035156,108.12000274658203,108.81999969482422,104.48851013183594,1874500,0.0
2024-05-28,109.31999969482422,109.44000244140625,108.0,108.41999816894531,104.10443115234375,1850800,0.0
2024-05-29,107.12999725341797,107.55999755859375,106.79000091552734,107.0999984741211,102.83695983886719,2093400,0.0
2024-05-30,107.69999694824219,108.66000366210938,107.62000274658203,108.41000366210938,104.09484100341797,1925700,0.0
2024-05-31,108.7699966430664,109.66000366210938,108.44999694824219,109.6500015258789,105.28547668457031,2369100,0.0
2024-06-03,110.58999633789062,110.62999725341797,108.68000030517578,109.26000213623047,104.9110107421875,2314400,0.0
2024-06-04,108.48999786376953,108.61000061035156,107.55000305175781,107.62000274658203,103.33628845214844,4154600,0.0
2024-06-05,108.33000183105469,108.83999633789062,107.3499984741211,108.80999755859375,104.4789047241211,3191200,0.0
2024-06-06,108.37999725341797,108.8499984741211,107.8499984741211,108.05000305175781,103.74916076660156,3399600,0.0
2024-06-07,107.02999877929688,107.69999694824219,106.58999633789062,106.93000030517578,102.67375183105469,2556500,0.0
2024-06-10,105.80999755859375,106.54000091552734,105.31999969482422,106.44999694824219,102.21286010742188,3625500,0.0
2024-06-11,105.31999969482422,105.8499984741211,104.72000122070312,105.6500015258789,101.8138656616211,2258300,0.386
2024-06-12,108.43000030517578,109.11000061035156,107.04000091552734,107.30999755859375,103.41361236572266,3323900,0.0
2024-06-13,107.0199966430664,107.19999694824219,105.51000213623047,106.26000213623047,102.40174865722656,2568600,0.0
2024-06-14,104.9800033569336,105.25,104.12000274658203,104.68000030517578,100.87910461425781,2643900,0.0
2024-06-17,104.29000091552734,105.70999908447266,103.93000030517578,105.66999816894531,101.83316802978516,2768600,0.0
2024-06-18,105.52999877929688,106.11000061035156,105.4000015258789,105.69999694824219,101.86206817626953,2549900,0.0
2024-06-20,105.26000213623047,106.0999984741211,104.9800033569336,105.29000091552734,101.46694946289062,2941300,0.0
2024-06-21,105.27999877929688,105.4800033569336,104.6500015258789,105.44000244140625,101.61151123046875,4472400,0.0
2024-06-24,105.6500015258789,106.93000030517578,105.5999984741211,106.16000366210938,102.30536651611328,3616600,0.0
2024-06-25,105.87999725341797,105.88999938964844,104.95999908447266,105.25,101.42842102050781,2119800,0.0
2024-06-26,104.75,105.45999908447266,104.44999694824219,105.30000305175781,101.47660064697266,1876500,0.0
2024-06-27,105.33000183105469,105.80000305175781,105.0199966430664,105.80000305175781,101.95844268798828,3225400,0.0
2024-06-28,106.56999969482422,107.19000244140625,105.87999725341797,106.66000366210938,102.78720092773438,4403400,0.0
2024-07-01,107.01000213623047,107.30999755859375,105.45999908447266,105.83000183105469,101.98735046386719,3226100,0.0
2024-07-02,105.95999908447266,106.4800033569336,105.79000091552734,106.38999938964844,102.52703094482422,2810600,0.0
2024-07-03,106.58999633789062,106.97000122070312,106.16999816894531,106.33999633789062,102.47883605957031,1535000,0.0
2024-07-05,106.0,106.27999877929688,105.26000213623047,105.52999877929688,101.6982421875,2205100,0.0
2024-07-08,106.29000091552734,106.98999786376953,106.05000305175781,106.22000122070312,102.36319732666016,2108800,0.0
2024-07-09,105.95999908447266,106.27999877929688,105.33999633789062,105.54000091552734,101.70787811279297,1877300,0.0
2024-07-10,106.0199966430664,106.72000122070312,105.68000030517578,106.66999816894531,102.79684448242188,1721200,0.0
2024-07-11,108.5999984741211,110.38999938964844,108.23999786376953,110.2300033569336,106.22758483886719,3973200,0.0
2024-07-12,111.33999633789062,112.1500015258789,111.0199966430664,111.29000091552734,107.24909210205078,4825000,0.0
2024-07-15,111.88999938964844,113.68000030517578,111.72000122070312,112.80999755859375,108.71391296386719,4078900,0.0
2024-07-16,113.80000305175781,116.93000030517578,113.75,116.83000183105469,112.58794403076172,4912000,0.0
2024-07-17,115.93000030517578,118.26000213623047,115.80000305175781,116.29000091552734,112.06754302978516,6984200,0.0
2024-07-18,115.83000183105469,117.66999816894531,113.94000244140625,114.5,110.3425521850586,5189800,0.0
2024-07-19,114.41000366210938,114.6500015258789,113.19000244140625,113.70999908447266,109.58122253417969,4813000,0.0
2024-07-22,114.11000061035156,115.55000305175781,112.8499984741211,115.37000274658203,111.18095397949219,4397100,0.0
2024-07-23,114.54000091552734,116.91999816894531,114.54000091552734,116.2699966430664,112.04827117919922,5362800,0.0
2024-07-24,115.66000366210938,117.0,114.01000213623047,114.12999725341797,109.98597717285156,5649600,0.0
2024-07-25,114.31999969482422,117.30999755859375,114.26000213623047,115.58000183105469,111.38333129882812,4479900,0.0
2024-07-26,117.36000061035156,118.05999755859375,116.44999694824219,117.73999786376953,113.46489715576172,3420700,0.0
2024-07-29,118.0999984741211,118.43000030517578,116.4800033569336,116.98999786376953,112.74211883544922,4422500,0.0
2024-07-30,117.22000122070312,118.19999694824219,116.94000244140625,117.6500015258789,113.37818145751953,4295600,0.0
2024-07-31,118.38999938964844,120.73999786376953,117.30999755859375,118.33999633789062,114.0431137084961,4838200,0.0
2024-08-01,118.51000213623047,119.08999633789062,114.19000244140625,115.0199966430664,110.84365844726562,10935800,0.0
2024-08-02,111.4000015258789,112.31999969482422,110.08999633789062,111.0999984741211,107.06598663330078,14823000,0.0
2024-08-05,105.37999725341797,108.97000122070312,104.88999938964844,107.66999816894531,103.76052856445312,6932300,0.0
2024-08-06,107.75,110.20999908447266,107.0,108.91000366210938,104.95552062988281,3937000,0.0
2024-08-07,110.79000091552734,110.94000244140625,107.66000366210938,107.86000061035156,103.94364929199219,3019000,0.0
2024-08-08,109.2300033569336,110.37999725341797,108.80000305175781,110.29000091552734,106.28540802001953,2434500,0.0
2024-08-09,110.44000244140625,110.51000213623047,109.43000030517578,110.08000183105469,106.08304595947266,2042000,0.0
2024-08-12,110.19000244140625,110.36000061035156,108.38999938964844,108.73999786376953,104.79168701171875,2173100,0.0
2024-08-13,109.51000213623047,110.8499984741211,108.88999938964844,110.5999984741211,106.58414459228516,1991700,0.0
2024-08-14,111.0,111.11000061035156,109.69000244140625,110.06999969482422,106.07339477539062,2733000,0.0
2024-08-15,112.37000274658203,113.3499984741211,111.87000274658203,112.66000366210938,108.56935119628906,3918200,0.0
2024-08-16,112.44000244140625,113.77999877929688,112.36000061035156,112.98999786376953,108.88735961914062,2136900,0.0
2024-08-19,113.0999984741211,113.98999786376953,113.04000091552734,113.94000244140625,109.8028793334961,1935500,0.0
2024-08-20,113.69000244140625,113.79000091552734,112.47000122070312,112.62999725341797,108.5404281616211,2495400,0.0
2024-08-21,113.43000030517578,114.05999755859375,112.72000122070312,113.93000030517578,109.79324340820312,2537800,0.0
2024-08-22,113.75,114.30999755859375,112.86000061035156,113.06999969482422,108.96446228027344,2383100,0.0
2024-08-23,113.79000091552734,116.91999816894531,113.63999938964844,116.44999694824219,112.22173309326172,4583700,0.0
2024-08-26,117.2699966430664,117.55000305175781,116.23999786376953,116.41000366210938,112.18318939208984,2829800,0.0
2024-08-27,115.61000061035156,115.95999908447266,115.12000274658203,115.69000244140625,111.48933410644531,2554200,0.0
2024-08-28,115.20999908447266,116.12000274658203,114.83999633789062,115.33000183105469,111.14241027832031,2103300,0.0
2024-08-29,115.94000244140625,116.9800033569336,115.18000030517578,115.93000030517578,111.72061920166016,2781100,0.0
2024-08-30,116.2300033569336,116.70999908447266,115.16999816894531,116.5,112.2699203491211,2058600,0.0
2024-09-03,115.30000305175781,116.02999877929688,112.83000183105469,113.16999816894531,109.06083679199219,7932800,0.0
2024-09-04,112.79000091552734,113.9800033569336,112.4000015258789,112.88999938964844,108.79100799560547,2749200,0.0
2024-09-05,113.27999877929688,113.62000274658203,112.0199966430664,112.41000366210938,108.32842254638672,3308600,0.0
2024-09-06,112.38999938964844,113.06999969482422,110.16999816894531,110.4800033569336,106.46851348876953,3164500,0.0
2024-09-09,110.45999908447266,111.05000305175781,109.80000305175781,110.20999908447266,106.20830535888672,5370800,0.0
2024-09-10,110.5,110.55999755859375,108.7300033569336,109.83999633789062,105.85174560546875,9054000,0.0
2024-09-11,109.33000183105469,110.16999816894531,107.52999877929688,110.04000091552734,106.04448699951172,3883800,0.0
2024-09-12,110.5999984741211,112.05000305175781,109.9000015258789,111.44999694824219,107.40328979492188,3796300,0.0
2024-09-13,112.68000030517578,114.41000366210938,112.68000030517578,114.3499984741211,110.197998046875,2583400,0.0
2024-09-16,114.58000183105469,115.04000091552734,113.98999786376953,114.81999969482422,110.65092468261719,2216100,0.0
2024-09-17,115.68000030517578,116.93000030517578,115.37999725341797,115.70999908447266,111.50860595703125,3526400,0.0
2024-09-18,115.7699966430664,118.54000091552734,115.20999908447266,115.86000061035156,111.65315246582031,4473300,0.0
2024-09-19,118.38999938964844,118.70999908447266,116.87000274658203,118.12000274658203,113.83110809326172,3381600,0.0
2024-09-20,117.62999725341797,117.75,116.75,116.94999694824219,112.70358276367188,3733700,0.0
2024-09-23,117.2699966430664,117.77999877929688,116.44999694824219,116.94000244140625,112.6939468383789,2678300,0.0
2024-09-24,117.44999694824219,117.62999725341797,116.5,116.97000122070312,112.72286224365234,2792400,0.0
2024-09-25,116.33000183105469,116.4800033569336,114.80999755859375,114.94999694824219,111.2660903930664,3450600,0.515
2024-09-26,116.19000244140625,116.75,115.41000366210938,115.69000244140625,111.98236846923828,2345600,0.0
2024-09-27,116.87000274658203,117.83000183105469,116.1500015258789,116.55999755859375,112.82450103759766,4658800,0.0
2024-09-30,116.19999694824219,117.23999786376953,115.81999969482422,116.95999908447266,113.211669921875,3630500,0.0
2024-10-01,116.5199966430664,116.66999816894531,114.63999938964844,115.44999694824219,111.75006866455078,5628000,0.0
2024-10-02,115.0199966430664,115.86000061035156,114.69999694824219,114.91999816894531,111.237060546875,2997500,0.0
2024-10-03,114.18000030517578,114.55999755859375,113.52999877929688,114.05999755859375,110.40461730957031,3157600,0.0
2024-10-04,115.79000091552734,116.1500015258789,114.7699966430664,115.77999877929688,112.0694808959961,2531300,0.0
2024-10-07,115.3499984741211,115.3499984741211,113.86000061035156,114.68000030517578,111.00474548339844,2889600,0.0
2024-10-08,114.83000183105469,115.01000213623047,114.0999984741211,114.55000305175781,110.87890625,3522500,0.0
2024-10-09,114.41999816894531,115.72000122070312,114.19000244140625,114.87000274658203,111.18865966796875,3033500,0.0
2024-10-10,113.91999816894531,114.12999725341797,113.13999938964844,114.08999633789062,110.43364715576172,2777500,0.0
2024-10-11,114.3499984741211,116.33000183105469,114.23999786376953,116.19999694824219,112.47602081298828,2641000,0.0
2024-10-14,116.08999633789062,117.08999633789062,115.62000274658203,116.98999786376953,113.2406997680664,2132800,0.0
2024-10-15,116.6500015258789,118.52999877929688,116.62000274658203,117.13999938964844,113.38590240478516,2946500,0.0
2024-10-16,118.05999755859375,119.12000274658203,117.86000061035156,118.72000122070312,114.91526794433594,2258600,0.0
2024-10-17,118.80000305175781,118.80000305175781,117.87000274658203,118.5199966430664,114.7216796875,2002300,0.0
2024-10-18,118.86000061035156,118.98999786376953,118.08999633789062,118.1500015258789,114.3635482788086,2238600,0.0
2024-10-21,118.05000305175781,118.12999725341797,116.0199966430664,116.06999969482422,112.35020446777344,2679000,0.0
2024-10-22,115.7699966430664,115.94999694824219,115.16000366210938,115.38999938964844,111.6919937133789,1882700,0.0
2024-10-23,114.95999908447266,115.33999633789062,113.76000213623047,114.66000366210938,110.98539733886719,2531900,0.0
2024-10-24,115.08000183105469,115.33999633789062,114.2699966430664,114.9800033569336,111.29513549804688,2965500,0.0
2024-10-25,115.81999969482422,116.04000091552734,114.26000213623047,114.47000122070312,110.80147552490234,2472600,0.0
2024-10-28,115.2699966430664,116.55000305175781,115.26000213623047,116.19999694824219,112.47602081298828,1852800,0.0
2024-10-29,115.06999969482422,115.76000213623047,114.80000305175781,115.66999816894531,111.96302795410156,2635300,0.0
2024-10-30,115.4000015258789,117.38999938964844,115.4000015258789,115.80999755859375,112.09852600097656,3674500,0.0
2024-10-31,115.58999633789062,115.98999786376953,113.9000015258789,113.91999816894531,110.26910400390625,3061700,0.0
2024-11-01,114.75,115.41000366210938,114.06999969482422,114.29000091552734,110.62723541259766,3325300,0.0
2024-11-04,114.13999938964844,115.75,113.97000122070312,115.0,111.31449127197266,2654400,0.0
2024-11-05,114.77999877929688,117.37000274658203,114.58999633789062,117.37000274658203,113.60853576660156,2090300,0.0
2024-11-06,123.72000122070312,124.66000366210938,122.18000030517578,124.4000015258789,120.41324615478516,7114400,0.0
2024-11-07,124.08999633789062,124.7699966430664,123.0999984741211,123.52999877929688,119.57111358642578,5039900,0.0
2024-11-08,123.81999969482422,124.63999938964844,123.33000183105469,124.25,120.26805114746094,5808200,0.0
2024-11-11,125.66999816894531,126.7300033569336,125.51000213623047,126.26000213623047,122.21363067626953,4364300,0.0
2024-11-12,125.5,126.33000183105469,123.91000366210938,124.31999969482422,120.33580017089844,4386800,0.0
2024-11-13,125.04000091552734,125.44000244140625,123.12999725341797,123.2699966430664,119.3194351196289,5180300,0.0
2024-11-14,123.5,124.06999969482422,121.27999877929688,121.68000030517578,117.78040313720703,2868100,0.0
2024-11-15,121.91000366210938,122.08000183105469,120.16000366210938,120.52999877929688,116.66725158691406,3511500,0.0
2024-11-18,120.58999633789062,121.43000030517578,120.36000061035156,120.58999633789062,116.72533416748047,3288300,0.0
2024-11-19,119.12999725341797,120.95999908447266,119.08000183105469,120.86000061035156,116.98668670654297,3856900,0.0
2024-11-20,120.56999969482422,121.0199966430664,119.69000244140625,121.0199966430664,117.14154815673828,3135900,0.0
2024-11-21,121.55000305175781,123.36000061035156,121.30999755859375,122.9800033569336,119.03874969482422,3650800,0.0
2024-11-22,123.51000213623047,125.36000061035156,123.2699966430664,125.05000305175781,121.04240417480469,3141900,0.0
2024-11-25,126.5,128.61000061035156,126.31999969482422,127.37999725341797,123.2977294921875,5004800,0.0
2024-11-26,126.62999725341797,126.83000183105469,125.4800033569336,126.1500015258789,122.10716247558594,4767700,0.0
2024-11-27,126.83000183105469,127.87000274658203,126.11000061035156,126.22000122070312,122.17491912841797,2964300,0.0
2024-11-29,127.01000213623047,127.5,126.30999755859375,126.52999877929688,122.4749755859375,1940500,0.0
2024-12-02,126.55000305175781,127.19000244140625,125.55999755859375,126.83000183105469,122.76536560058594,6416300,0.0
2024-12-03,126.70999908447266,127.06999969482422,125.51000213623047,125.88999938964844,121.85548400878906,3030500,0.0
2024-12-04,125.9000015258789,126.58000183105469,125.41000366210938,126.33000183105469,122.28138732910156,4264700,0.0
2024-12-05,125.94000244140625,126.16999816894531,124.38999938964844,124.51000213623047,120.51971435546875,2987300,0.0
2024-12-06,125.36000061035156,125.48999786376953,124.12000274658203,124.5199966430664,120.52938842773438,3519600,0.0
2024-12-09,125.13999938964844,125.97000122070312,124.30000305175781,124.37000274658203,120.38420104980469,2767200,0.0
2024-12-10,124.5199966430664,124.91999816894531,123.29000091552734,123.93000030517578,119.95829772949219,3667600,0.0
2024-12-11,125.04000091552734,125.3499984741211,124.18000030517578,124.66999816894531,120.67457580566406,3558500,0.0
2024-12-12,124.38999938964844,124.69000244140625,123.55000305175781,123.66999816894531,119.70662689208984,2990300,0.0
2024-12-13,123.63999938964844,123.70999908447266,122.12000274658203,122.83000183105469,118.89354705810547,2926400,0.0
2024-12-16,122.54000091552734,123.77999877929688,122.30000305175781,123.2699966430664,119.3194351196289,4468700,0.0
2024-12-17,121.47000122070312,121.88999938964844,120.25,120.41000366210938,117.63711547851562,4515200,1.138
2024-12-18,121.2300033569336,121.44000244140625,114.79000091552734,115.51000213623047,112.84993743896484,5755000,0.0
2024-12-19,116.4000015258789,117.37000274658203,114.83000183105469,115.08999633789062,112.43961334228516,6162000,0.0
2024-12-20,114.62000274658203,117.18000030517578,114.12999725341797,115.83000183105469,113.16258239746094,5225400,0.0
2024-12-23,115.55999755859375,115.94000244140625,114.63999938964844,115.62999725341797,112.96717834472656,3856400,0.0
2024-12-24,115.75,116.69000244140625,115.12999725341797,116.5999984741211,113.91484069824219,1342800,0.0
2024-12-26,115.98999786376953,117.58000183105469,115.55000305175781,117.38999938964844,114.68665313720703,2905600,0.0
2024-12-27,116.5999984741211,117.29000091552734,114.83999633789062,115.80000305175781,113.1332778930664,2962200,0.0
2024-12-30,114.93000030517578,115.58000183105469,113.69000244140625,114.97000122070312,112.3223876953125,5050500,0.0
2024-12-31,115.61000061035156,116.41999816894531,114.91999816894531,115.22000122070312,112.5666275024414,4369600,0.0
2025-01-02,116.06999969482422,116.80000305175781,114.4000015258789,114.97000122070312,112.3223876953125,4150100,0.0
2025-01-03,115.41000366210938,116.41000366210938,114.62000274658203,116.2300033569336,113.5533676147461,4248300,0.0
2025-01-06,116.81999969482422,117.54000091552734,116.0,116.22000122070312,113.54359436035156,4338800,0.0
2025-01-07,116.58000183105469,117.06999969482422,114.72000122070312,115.36000061035156,112.70340728759766,3894100,0.0
2025-01-08,114.69000244140625,115.55000305175781,113.88999938964844,115.38999938964844,112.73270416259766,3639900,0.0
2025-01-10,113.75,114.0199966430664,112.36000061035156,113.08000183105469,110.47591400146484,7189900,0.0
2025-01-13,112.02999877929688,113.62000274658203,111.77999877929688,113.54000091552734,110.9253158569336,5558200,0.0
2025-01-14,114.2699966430664,115.22000122070312,113.80000305175781,115.08999633789062,112.43961334228516,4259500,0.0
2025-01-15,118.05999755859375,118.06999969482422,116.45999908447266,117.02999877929688,114.3349380493164,4335200,0.0
2025-01-16,117.02999877929688,117.72000122070312,116.27999877929688,117.37000274658203,114.66710662841797,3487500,0.0
2025-01-17,118.51000213623047,118.56999969482422,117.55000305175781,117.98999786376953,115.2728271484375,3816700,0.0
2025-01-21,119.04000091552734,120.04000091552734,118.94999694824219,119.95999908447266,117.19746398925781,3173900,0.0
2025-01-22,119.80000305175781,119.80000305175781,118.79000091552734,118.91999816894531,116.18140411376953,3603700,0.0
2025-01-23,118.52999877929688,119.5199966430664,118.20999908447266,119.31999969482422,116.57219696044922,4451500,0.0
2025-01-24,119.08999633789062,119.63999938964844,118.6500015258789,119.06999969482422,116.32796478271484,4033000,0.0
2025-01-27,118.45999908447266,119.97000122070312,118.19000244140625,118.7699966430664,116.03487396240234,4742900,0.0
2025-01-28,118.72000122070312,119.18000030517578,118.16000366210938,118.69999694824219,115.96647644042969,2767000,0.0
2025-01-29,118.58000183105469,119.44999694824219,117.5999984741211,118.31999969482422,115.59523010253906,4307900,0.0
2025-01-30,119.16999816894531,120.25,118.69000244140625,119.44000244140625,116.68943786621094,3129100,0.0
2025-01-31,119.61000061035156,120.11000061035156,117.94999694824219,118.44000244140625,115.71246337890625,3536900,0.0
2025-02-03,115.97000122070312,117.8499984741211,115.41999816894531,116.87000274658203,114.17864227294922,6266800,0.0
2025-02-04,116.66999816894531,118.33000183105469,116.55999755859375,118.18000030517578,115.45845794677734,3358200,0.0
2025-02-05,118.81999969482422,119.2699966430664,118.0999984741211,119.23999786376953,116.49404907226562,2706200,0.0
2025-02-06,119.73999786376953,119.80000305175781,118.05000305175781,118.80999755859375,116.0739517211914,3332700,0.0
2025-02-07,118.63999938964844,118.76000213623047,117.0,117.1500015258789,114.4521713256836,3971300,0.0
2025-02-10,117.66000366210938,117.83000183105469,116.76000213623047,117.27999877929688,114.57917785644531,2486700,0.0
2025-02-11,116.19000244140625,117.33000183105469,116.19000244140625,117.06999969482422,114.3740234375,4664400,0.0
2025-02-12,115.27999877929688,116.08999633789062,115.0199966430664,115.5999984741211,112.93787384033203,4269900,0.0
2025-02-13,116.41999816894531,117.30999755859375,115.9800033569336,117.18000030517578,114.48148345947266,2918600,0.0
2025-02-14,117.83000183105469,118.25,116.8499984741211,117.08999633789062,114.39356231689453,2572300,0.0
2025-02-18,117.22000122070312,117.81999969482422,116.97000122070312,117.81999969482422,115.10674285888672,3005000,0.0
2025-02-19,116.81999969482422,117.80000305175781,116.5999984741211,117.37000274658203,114.66710662841797,3004100,0.0
2025-02-20,116.95999908447266,117.13999938964844,115.41999816894531,116.04000091552734,113.36773681640625,3119200,0.0
2025-02-21,116.86000061035156,116.86000061035156,112.66000366210938,112.95999908447266,110.3586654663086,4124400,0.0
2025-02-24,113.43000030517578,113.56999969482422,112.18000030517578,112.54000091552734,109.94833374023438,4432600,0.0
2025-02-25,112.62999725341797,113.38999938964844,111.86000061035156,112.6500015258789,110.0558090209961,4352400,0.0
2025-02-26,112.94000244140625,113.93000030517578,112.06999969482422,112.41999816894531,109.83110046386719,3224900,0.0
2025-02-27,112.25,112.63999938964844,110.77999877929688,110.83999633789062,108.28748321533203,3803700,0.0
2025-02-28,110.54000091552734,111.79000091552734,110.13999938964844,111.79000091552734,109.21561431884766,5009400,0.0
2025-03-03,112.13999938964844,112.48999786376953,108.5,109.19000244140625,106.67547607421875,7784100,0.0
2025-03-04,107.69000244140625,109.2699966430664,106.23999786376953,107.52999877929688,105.05371856689453,6948300,0.0
2025-03-05,107.48999786376953,108.77999877929688,106.80000305175781,108.6500015258789,106.14791107177734,5011500,0.0
2025-03-06,107.27999877929688,108.5,106.6500015258789,107.26000213623047,104.78993225097656,6042300,0.0
2025-03-07,107.04000091552734,108.2699966430664,105.66000366210938,107.80999755859375,105.3272705078125,5850700,0.0
2025-03-10,106.47000122070312,107.25,104.33000183105469,105.27999877929688,102.85552978515625,6572200,0.0
2025-03-11,105.5199966430664,106.19000244140625,103.77999877929688,104.69999694824219,102.28888702392578,8552400,0.0
2025-03-12,105.62000274658203,105.9000015258789,103.66999816894531,104.23999786376953,101.8394775390625,6692100,0.0
2025-03-13,104.26000213623047,104.58000183105469,101.98999786376953,102.48999786376953,100.12976837158203,5304000,0.0
2025-03-14,103.47000122070312,105.0999984741211,103.05999755859375,105.0,102.58198547363281,5555100,0.0
2025-03-17,104.80000305175781,106.47000122070312,104.80000305175781,106.12000274658203,103.67618560791016,5127200,0.0
2025-03-18,105.37999725341797,105.45999908447266,104.62000274658203,105.13999938964844,103.03235626220703,3680100,0.323
2025-03-19,105.13999938964844,107.2300033569336,105.13999938964844,106.55999755859375,104.42388153076172,4123800,0.0
2025-03-20,105.52999877929688,107.11000061035156,105.5199966430664,106.05000305175781,103.92411041259766,4296400,0.0
2025-03-21,104.76000213623047,105.72000122070312,104.29000091552734,105.37000274658203,103.25774383544922,4656600,0.0
2025-03-24,106.91000366210938,108.12999725341797,106.66000366210938,108.01000213623047,105.84481811523438,3663000,0.0
2025-03-25,107.91999816894531,108.19999694824219,107.05000305175781,107.36000061035156,105.20783996582031,3604800,0.0
2025-03-26,107.5199966430664,108.05000305175781,106.29000091552734,106.79000091552734,104.64927673339844,3509300,0.0
2025-03-27,106.62999725341797,107.08000183105469,105.80999755859375,106.30999755859375,104.17888641357422,4285200,0.0
2025-03-28,106.02999877929688,106.19999694824219,103.44000244140625,104.01000213623047,101.92501068115234,4265200,0.0
2025-03-31,102.9800033569336,105.18000030517578,102.30999755859375,104.56999969482422,102.47378540039062,8488700,0.0
2025-04-01,104.43000030517578,105.43000030517578,103.23999786376953,104.80000305175781,102.69917297363281,4474500,0.0
2025-04-02,103.5,106.58000183105469,103.4000015258789,106.3499984741211,104.21809387207031,4012000,0.0
2025-04-03,101.70999908447266,102.33999633789062,98.73999786376953,98.9000015258789,96.91744995117188,8644100,0.0
2025-04-04,95.19000244140625,96.02999877929688,92.16000366210938,94.62999725341797,92.73303985595703,12602500,0.0
2025-04-07,91.05999755859375,98.0,89.68000030517578,93.33000183105469,91.45909118652344,20827100,0.0
2025-04-08,96.22000122070312,96.54000091552734,89.43000030517578,90.55999755859375,88.74462890625,12353300,0.0
2025-04-09,89.44999694824219,99.5999984741211,89.22000122070312,98.55999755859375,96.58425903320312,15187000,0.0
2025-04-10,95.80999755859375,96.29000091552734,91.87000274658203,94.22000122070312,92.33126831054688,8607800,0.0
2025-04-11,93.91999816894531,95.66999816894531,92.30000305175781,95.41000366210938,93.49740600585938,10360900,0.0
2025-04-14,97.19999694824219,97.25,94.75,96.45999908447266,94.52635192871094,5610300,0.0
2025-04-15,96.30999755859375,97.52999877929688,95.91999816894531,96.2300033569336,94.30097198486328,7265100,0.0
2025-04-16,95.91000366210938,96.43000030517578,94.18000030517578,95.27999877929688,93.37000274658203,5101900,0.0
2025-04-17,95.25,96.7300033569336,95.25,96.30000305175781,94.36955261230469,4353000,0.0
2025-04-21,95.37000274658203,95.58000183105469,93.37000274658203,94.37999725341797,92.48805236816406,4820300,0.0
2025-04-22,95.52999877929688,96.9800033569336,95.12999725341797,96.66000366210938,94.72234344482422,5663400,0.0
2025-04-23,99.44000244140625,100.9000015258789,97.61000061035156,97.88999938964844,95.92769622802734,5554500,0.0
2025-04-24,97.97000122070312,100.05999755859375,97.6500015258789,99.87999725341797,97.87779998779297,4156500,0.0
2025-04-25,99.12000274658203,99.9000015258789,98.4800033569336,99.83999633789062,97.83859252929688,3014200,0.0
2025-04-28,100.01000213623047,100.88999938964844,99.05000305175781,100.19000244140625,98.18157958984375,6376400,0.0
2025-04-29,99.87000274658203,101.18000030517578,99.19000244140625,100.83999633789062,98.81855010986328,4778700,0.0
2025-04-30,99.41999816894531,100.45999908447266,98.20999908447266,100.12999725341797,98.12278747558594,4352300,0.0
2025-05-01,100.69999694824219,101.68000030517578,99.6500015258789,100.75,98.73036193847656,4016500,0.0
2025-05-02,101.94999694824219,103.37000274658203,101.83999633789062,103.02999877929688,100.96464538574219,4072800,0.0
2025-05-05,102.19000244140625,103.12999725341797,101.81999969482422,102.29000091552734,100.23948669433594,4713900,0.0
2025-05-06,101.27999877929688,102.31999969482422,100.68000030517578,101.6500015258789,99.61231994628906,3113400,0.0
2025-05-07,102.2300033569336,102.37999725341797,101.08999633789062,101.79000091552734,99.74950408935547,3422000,0.0
2025-05-08,102.7699966430664,104.41999816894531,102.22000122070312,103.6500015258789,101.57221984863281,3245100,0.0
2025-05-09,103.93000030517578,104.31999969482422,103.22000122070312,103.62000274658203,101.5428237915039,4763500,0.0
2025-05-12,107.80999755859375,108.56999969482422,106.56999969482422,107.5199966430664,105.3646469116211,5502000,0.0
2025-05-13,108.1500015258789,108.5,107.70999908447266,108.0199966430664,105.85460662841797,4724200,0.0
2025-05-14,107.70999908447266,107.87999725341797,106.91000366210938,106.91999816894531,104.77667236328125,4395000,0.0
2025-05-15,106.69999694824219,107.66000366210938,106.43000030517578,107.66000366210938,105.5018310546875,2557900,0.0
2025-05-16,107.4800033569336,108.62999725341797,107.4000015258789,108.48999786376953,106.31520080566406,3408200,0.0
2025-05-19,106.87000274658203,107.93000030517578,106.5199966430664,107.79000091552734,105.62923431396484,3920900,0.0
2025-05-20,107.56999969482422,108.11000061035156,107.37000274658203,107.61000061035156,105.45284271240234,3251900,0.0
2025-05-21,106.43000030517578,106.77999877929688,104.4800033569336,104.63999938964844,102.54236602783203,4150300,0.0
2025-05-22,104.33999633789062,105.12000274658203,103.9000015258789,104.54000091552734,102.44438171386719,4538400,0.0
2025-05-23,102.62999725341797,104.33000183105469,102.56999969482422,103.98999786376953,101.90540313720703,3543300,0.0
2025-05-27,105.43000030517578,106.66000366210938,104.72000122070312,106.62999725341797,104.49247741699219,4091500,0.0
2025-05-28,106.56999969482422,106.77999877929688,105.20999908447266,105.3499984741211,103.23814392089844,3332600,0.0
2025-05-29,106.05000305175781,106.19000244140625,104.80999755859375,105.83999633789062,103.71831512451172,3626900,0.0
2025-05-30,105.29000091552734,105.94000244140625,104.58999633789062,105.37000274658203,103.25774383544922,4465600,0.0
2025-06-02,105.31999969482422,105.43000030517578,103.75,105.01000213623047,102.90496063232422,4200700,0.0
2025-06-03,105.19000244140625,106.94999694824219,104.66000366210938,106.69999694824219,104.56108093261719,4671800,0.0
2025-06-04,106.73999786376953,107.0199966430664,106.29000091552734,106.41999816894531,104.28669738769531,3539500,0.0
2025-06-05,106.47000122070312,107.04000091552734,105.6500015258789,106.38999938964844,104.25729370117188,3927400,0.0
2025-06-06,107.76000213623047,108.11000061035156,107.1500015258789,107.66999816894531,105.51163482666016,5014800,0.0
2025-06-09,108.69000244140625,109.37999725341797,108.0999984741211,108.81999969482422,106.63858795166016,5930700,0.0
2025-06-10,109.2300033569336,109.9000015258789,108.94000244140625,109.4800033569336,107.28536224365234,5853800,0.0
2025-06-11,109.9800033569336,110.11000061035156,108.63999938964844,108.81999969482422,106.63858795166016,4894600,0.0
2025-06-12,108.0,108.58000183105469,107.62000274658203,108.4000015258789,106.22699737548828,6290400,0.0
2025-06-13,107.06999969482422,107.63999938964844,105.93000030517578,106.30000305175781,104.16909790039062,4255300,0.0
2025-06-16,106.95999908447266,107.69999694824219,106.47000122070312,106.9800033569336,105.21952819824219,3309300,0.388
2025-06-17,106.05999755859375,106.83999633789062,105.80000305175781,105.8499984741211,104.10812377929688,3898000,0.0
2025-06-18,105.83999633789062,107.30999755859375,105.55000305175781,106.29000091552734,104.54088592529297,5284200,0.0
2025-06-20,107.06999969482422,107.08999633789062,105.83000183105469,106.13999938964844,104.39334869384766,4310000,0.0
2025-06-23,105.94000244140625,107.55999755859375,105.1500015258789,107.55999755859375,105.78998565673828,4218800,0.0
2025-06-24,108.27999877929688,108.91000366210938,107.75,108.63999938964844,106.85221862792969,2974000,0.0
2025-06-25,108.66999816894531,108.66999816894531,107.5,107.55999755859375,105.78998565673828,3264300,0.0
2025-06-26,107.88999938964844,109.2300033569336,107.88999938964844,109.16000366210938,107.36366271972656,3505800,0.0
2025-06-27,109.62999725341797,110.13999938964844,108.62000274658203,109.48999786376953,107.68822479248047,5696400,0.0
2025-06-30,109.91000366210938,109.91000366210938,109.06999969482422,109.29000091552734,107.49151611328125,5688000,0.0
2025-07-01,108.83999633789062,112.37999725341797,108.58999633789062,110.95999908447266,109.13402557373047,8660000,0.0
2025-07-02,111.20999908447266,112.48999786376953,110.68000030517578,112.47000122070312,110.61917877197266,7312000,0.0
2025-07-03,112.80999755859375,113.38999938964844,112.75,113.08000183105469,111.21915435791016,2798000,0.0
2025-07-07,112.2699966430664,113.16000366210938,110.66000366210938,111.16000366210938,109.33074188232422,4469200,0.0
2025-07-08,111.43000030517578,112.69999694824219,111.36000061035156,112.0199966430664,110.17658233642578,5427300,0.0
2025-07-09,112.5199966430664,112.9800033569336,111.58999633789062,112.94999694824219,111.09127807617188,6594400,0.0
2025-07-10,113.0,114.80000305175781,112.91000366210938,114.06999969482422,112.1928482055664,7859600,0.0
2025-07-11,113.31999969482422,113.47000122070312,112.58000183105469,112.81999969482422,110.96342468261719,3712900,0.0
2025-07-14,112.58999633789062,113.19000244140625,112.33000183105469,113.12000274658203,111.25849151611328,3990200,0.0
2025-07-15,113.55999755859375,113.66999816894531,110.80000305175781,110.81999969482422,108.996337890625,8046900,0.0
2025-07-16,111.31999969482422,111.72000122070312,109.75,111.55999755859375,109.72415924072266,7664000,0.0
2025-07-17,111.43000030517578,113.16000366210938,111.37000274658203,112.87000274658203,111.01260375976562,7646500,0.0
2025-07-18,113.37999725341797,113.52999877929688,111.66000366210938,111.87000274658203,110.02906799316406,6600200,0.0
2025-07-21,112.44999694824219,112.8499984741211,111.58000183105469,111.61000061035156,109.77333068847656,4394100,0.0
2025-07-22,111.76000213623047,113.2300033569336,111.76000213623047,112.83000183105469,110.9732666015625,5827200,0.0
2025-07-23,113.62000274658203,114.19000244140625,113.16999816894531,114.1500015258789,112.27153778076172,3264200,0.0
2025-07-24,113.62000274658203,113.62000274658203,112.2699966430664,112.31999969482422,110.47164916992188,3662100,0.0
2025-07-25,112.77999877929688,112.97000122070312,111.87999725341797,112.91000366210938,111.05194854736328,3046700,0.0
2025-07-28,113.18000030517578,113.31999969482422,112.48999786376953,112.80000305175781,110.94375610351562,2951900,0.0
2025-07-29,113.44999694824219,113.5,112.02999877929688,112.3499984741211,110.50115203857422,3104400,0.0
2025-07-30,112.80000305175781,113.26000213623047,110.93000030517578,111.55999755859375,109.72415924072266,5070600,0.0
2025-07-31,110.88999938964844,111.47000122070312,109.97000122070312,110.27999877929688,108.46521759033203,5909300,0.0
2025-08-01,109.0999984741211,109.12000274658203,107.08999633789062,108.45999908447266,106.67516326904297,5402900,0.0
2025-08-04,109.06999969482422,110.29000091552734,108.79000091552734,110.29000091552734,108.47505950927734,4455700,0.0
2025-08-05,110.70999908447266,110.93000030517578,109.45999908447266,110.81999969482422,108.996337890625,3896100,0.0
2025-08-06,111.01000213623047,111.08999633789062,110.5,110.80999755859375,108.98650360107422,3694800,0.0
2025-08-07,111.91000366210938,111.95999908447266,110.05000305175781,110.58999633789062,108.77011108398438,4727700,0.0
2025-08-08,111.20999908447266,111.5199966430664,110.69000244140625,110.88999938964844,109.06517791748047,3370600,0.0
2025-08-11,111.22000122070312,111.69999694824219,110.5999984741211,110.81999969482422,108.996337890625,3357400,0.0
2025-08-12,111.69000244140625,114.41000366210938,111.44000244140625,114.37999725341797,112.49774932861328,4638100,0.0
2025-08-13,115.0,116.9000015258789,114.79000091552734,116.80000305175781,114.8779296875,3962600,0.0
2025-08-14,115.4000015258789,115.47000122070312,114.27999877929688,115.1500015258789,113.25508117675781,4793200,0.0
2025-08-15,115.52999877929688,115.52999877929688,114.0199966430664,114.44000244140625,112.55677032470703,4003700,0.0
2025-08-18,114.36000061035156,114.9800033569336,114.2699966430664,114.61000061035156,112.72396087646484,5534000,0.0
2025-08-19,114.81999969482422,115.76000213623047,114.3499984741211,114.75,112.86166381835938,3390100,0.0
2025-08-20,114.58000183105469,114.80999755859375,113.66999816894531,114.20999908447266,112.3305435180664,3981600,0.0
2025-08-21,113.61000061035156,114.29000091552734,113.2699966430664,114.12000274658203,112.24202728271484,2780100,0.0
2025-08-22,114.81999969482422,118.77999877929688,114.55000305175781,118.5,116.54995727539062,4982300,0.0
2025-08-25,118.06999969482422,118.18000030517578,117.37999725341797,117.37999725341797,115.44837951660156,6943900,0.0
2025-08-26,117.33999633789062,118.23999786376953,117.22000122070312,117.77999877929688,115.84180450439453,3829200,0.0
2025-08-27,117.54000091552734,118.83999633789062,117.5,118.76000213623047,116.80567169189453,4079700,0.0
2025-08-28,119.18000030517578,119.2699966430664,117.9000015258789,118.52999877929688,116.57946014404297,4132300,0.0
2025-08-29,118.66999816894531,118.87000274658203,117.69000244140625,118.04000091552734,116.0975341796875,3949800,0.0
2025-09-02,116.70999908447266,117.2699966430664,116.22000122070312,117.1500015258789,115.22216796875,5492900,0.0
2025-09-03,116.80999755859375,117.80999755859375,116.37000274658203,117.01000213623047,115.08447265625,3793000,0.0
2025-09-04,117.33000183105469,118.80000305175781,117.12000274658203,118.76000213623047,116.80567169189453,3203200,0.0
2025-09-05,119.0999984741211,120.33000183105469,118.02999877929688,119.12999725341797,117.16958618164062,6395900,0.0
2025-09-08,119.22000122070312,119.25,117.86000061035156,118.94999694824219,116.99253845214844,6611600,0.0
2025-09-09,118.68000030517578,118.7300033569336,117.47000122070312,117.91000366210938,115.96965789794922,4063700,0.0
2025-09-10,118.12000274658203,118.41000366210938,117.1500015258789,117.62000274658203,115.68443298339844,3788900,0.0
2025-09-11,118.1500015258789,120.19999694824219,117.7699966430664,120.0999984741211,118.12361907958984,5320700,0.0
2025-09-12,119.83000183105469,119.83000183105469,118.41999816894531,118.45999908447266,116.51061248779297,3530000,0.0
2025-09-15,118.9000015258789,119.29000091552734,118.38999938964844,118.56999969482422,116.61880493164062,3621400,0.0
2025-09-16,118.2699966430664,118.30000305175781,117.1500015258789,117.9800033569336,116.47467041015625,6143000,0.444
2025-09-17,118.30000305175781,120.81999969482422,117.19000244140625,117.94999694824219,116.4450454711914,5292000,0.0
2025-09-18,118.77999877929688,120.80999755859375,118.4800033569336,120.62999725341797,119.09085083007812,3536900,0.0
2025-09-19,120.94999694824219,120.95999908447266,119.04000091552734,119.26000213623047,117.73832702636719,5282400,0.0
2025-09-22,119.19999694824219,119.7699966430664,118.68000030517578,119.56999969482422,118.04437255859375,3241300,0.0
2025-09-23,119.88999938964844,121.0,119.2300033569336,119.33000183105469,117.80743408203125,3554900,0.0
2025-09-24,119.37999725341797,119.83999633789062,118.26000213623047,118.33999633789062,116.83007049560547,3417400,0.0
2025-09-25,117.44000244140625,117.5999984741211,116.75,117.30999755859375,115.8132095336914,4406000,0.0
2025-09-26,117.5,118.58999633789062,117.37999725341797,118.47000122070312,116.95841217041016,2879300,0.0
2025-09-29,119.1500015258789,119.1500015258789,118.05000305175781,118.58000183105469,117.06700897216797,3403300,0.0
2025-09-30,118.3499984741211,118.9000015258789,117.61000061035156,118.83000183105469,117.3138198852539,4515800,0.0
2025-10-01,118.19999694824219,119.48999786376953,118.16000366210938,119.18000030517578,117.65935516357422,4728400,0.0
2025-10-02,119.2699966430664,119.68000030517578,118.44999694824219,119.54000091552734,118.01476287841797,5585200,0.0
2025-10-03,119.91000366210938,121.38999938964844,119.87999725341797,120.08000183105469,118.54786682128906,6272700,0.0
2025-10-06,120.86000061035156,121.02999877929688,119.76000213623047,119.7699966430664,118.24181365966797,4023700,0.0
2025-10-07,120.0,120.1500015258789,118.0999984741211,118.23999786376953,116.73133850097656,4051300,0.0
2025-10-08,118.80999755859375,119.33000183105469,118.08999633789062,119.31999969482422,117.79756164550781,3011100,0.0
2025-10-09,119.0,119.33999633789062,117.68000030517578,117.94999694824219,116.4450454711914,3089100,0.0
2025-10-10,118.25,118.43000030517578,114.12999725341797,114.2699966430664,112.8119888305664,6793400,0.0
2025-10-13,116.01000213623047,116.7699966430664,115.45999908447266,116.58000183105469,115.09252166748047,4831200,0.0
2025-10-14,115.06999969482422,118.9000015258789,114.9000015258789,118.3499984741211,116.8399429321289,4608600,0.0
2025-10-15,119.2300033569336,120.41999816894531,118.27999877929688,119.3499984741211,117.82717895507812,4099800,0.0
2025-10-16,119.54000091552734,119.66000366210938,117.23999786376953,117.79000091552734,116.28707885742188,6155600,0.0
2025-10-17,117.13999938964844,118.16999816894531,116.93000030517578,117.58999633789062,116.08963012695312,5326300,0.0
2025-10-20,118.55000305175781,119.66999816894531,118.52999877929688,119.44999694824219,117.9259033203125,3561300,0.0
2025-10-21,119.2300033569336,120.16000366210938,118.87999725341797,119.79000091552734,118.26156616210938,2914100,0.0
2025-10-22,119.62000274658203,120.19000244140625,118.04000091552734,118.91000366210938,117.39279174804688,5042500,0.0
2025-10-23,118.94999694824219,120.33000183105469,118.69000244140625,120.08999633789062,118.55773162841797,3340900,0.0
2025-10-24,121.43000030517578,121.94000244140625,121.06999969482422,121.13999938964844,119.5943374633789,2778000,0.0
2025-10-27,121.87000274658203,122.06999969482422,120.7699966430664,121.1500015258789,119.60421752929688,2791200,0.0
2025-10-28,120.79000091552734,121.0199966430664,119.9000015258789,120.44999694824219,118.91313934326172,4642300,0.0
2025-10-29,120.18000030517578,120.87000274658203,117.95999908447266,118.88999938964844,117.373046875,7255500,0.0
2025-10-30,118.4000015258789,119.41999816894531,117.43000030517578,117.5999984741211,116.0995101928711,5836400,0.0
2025-10-31,117.44999694824219,118.02999877929688,116.66000366210938,117.80000305175781,116.29695892333984,4238900,0.0
2025-11-03,117.73999786376953,118.04000091552734,116.29000091552734,118.04000091552734,116.53389739990234,9132200,0.0
2025-11-04,116.56999969482422,117.5199966430664,116.23999786376953,116.5999984741211,115.11227416992188,8215900,0.0
2025-11-05,117.04000091552734,119.0999984741211,116.86000061035156,118.55000305175781,117.03739929199219,3490400,0.0
2025-11-06,118.56999969482422,118.94000244140625,116.87000274658203,116.94000244140625,115.44792938232422,5207000,0.0
2025-11-07,116.41000366210938,117.97000122070312,116.05000305175781,117.94999694824219,116.4450454711914,7873600,0.0
2025-11-10,119.16999816894531,119.7699966430664,118.33000183105469,119.11000061035156,117.59024047851562,3720600,0.0
2025-11-11,119.0999984741211,119.91000366210938,118.80000305175781,119.58999633789062,118.0641098022461,4345800,0.0
2025-11-12,119.68000030517578,120.8499984741211,119.41000366210938,119.5,117.97526550292969,6681000,0.0
2025-11-13,118.79000091552734,119.5,116.44999694824219,116.94999694824219,115.45779418945312,6408900,0.0
2025-11-14,115.36000061035156,117.30000305175781,115.31999969482422,116.8499984741211,115.35908508300781,6414600,0.0
2025-11-17,116.47000122070312,116.98999786376953,113.94999694824219,114.30000305175781,112.84162139892578,4103000,0.0
2025-11-18,113.66999816894531,114.95999908447266,113.19000244140625,114.20999908447266,112.75276184082031,6898600,0.0
2025-11-19,114.58999633789062,115.33000183105469,113.63999938964844,114.08000183105469,112.62442016601562,6050100,0.0
2025-11-20,115.68000030517578,115.97000122070312,112.0,112.05000305175781,110.62033081054688,8077100,0.0
2025-11-21,112.66999816894531,116.3499984741211,112.48999786376953,115.58000183105469,114.10527801513672,7648900,0.0
2025-11-24,115.80000305175781,117.33000183105469,115.37999725341797,117.08999633789062,115.59601593017578,5926500,0.0
2025-11-25,117.73999786376953,120.56999969482422,117.62000274658203,120.11000061035156,118.57748413085938,9042800,0.0
2025-11-26,120.1500015258789,121.93000030517578,119.83000183105469,120.77999877929688,119.23893737792969,12467500,0.0
2025-11-28,120.97000122070312,121.08000183105469,120.55999755859375,120.87000274658203,119.32779693603516,2617800,0.0
2025-12-01,119.54000091552734,120.98999786376953,119.54000091552734,120.22000122070312,118.68608093261719,5674400,0.0
2025-12-02,120.91000366210938,120.91000366210938,119.94999694824219,120.2699966430664,118.73543548583984,4488300,0.0
2025-12-03,120.61000061035156,122.16000366210938,120.5199966430664,121.94000244140625,120.3841323852539,4461300,0.0
2025-12-04,121.70999908447266,122.47000122070312,121.27999877929688,121.83999633789062,120.28540802001953,4716000,0.0
2025-12-05,121.73999786376953,122.4800033569336,121.48999786376953,121.62999725341797,120.07808685302734,4981500,0.0
2025-12-08,122.30000305175781,122.30000305175781,121.05999755859375,121.12999725341797,119.58446502685547,4856100,0.0
2025-12-09,120.9800033569336,122.5,120.9800033569336,121.69000244140625,120.1373291015625,3280100,0.0
2025-12-10,121.55999755859375,124.91000366210938,121.55999755859375,124.08999633789062,122.50669860839844,7043300,0.0
2025-12-11,123.88999938964844,125.55999755859375,123.88999938964844,125.45999908447266,123.85922241210938,6080900,0.0
2025-12-12,125.62999725341797,125.83999633789062,123.79000091552734,124.12000274658203,122.53632354736328,5233000,0.0
2025-12-15,124.9000015258789,125.0,123.44999694824219,123.72000122070312,122.14143371582031,7348200,0.0
2025-12-16,122.97000122070312,123.44000244140625,121.72000122070312,122.23999786376953,121.24083709716797,5853600,0.572
2025-12-17,122.38999938964844,123.63999938964844,121.66000366210938,121.87999725341797,120.88378143310547,5758500,0.0
2025-12-18,122.81999969482422,123.38999938964844,121.95999908447266,122.12999725341797,121.13174438476562,6072000,0.0
2025-12-19,121.9800033569336,122.70999908447266,121.88999938964844,122.37999725341797,121.37969207763672,5572600,0.0
2025-12-22,122.79000091552734,123.88999938964844,122.75,123.30000305175781,122.29218292236328,3820900,0.0
2025-12-23,123.01000213623047,123.36000061035156,122.47000122070312,122.73999786376953,121.73676300048828,3645300,0.0
2025-12-24,122.6500015258789,123.25,122.47000122070312,123.13999938964844,122.13348388671875,3144200,0.0
2025-12-26,123.16000366210938,123.18000030517578,122.58000183105469,123.12999725341797,122.12356567382812,2104500,0.0
2025-12-29,122.79000091552734,123.20999908447266,122.19999694824219,122.52999877929688,121.52847290039062,3318200,0.0
2025-12-30,122.51000213623047,122.5999984741211,121.66000366210938,121.69000244140625,120.69534301757812,2948800,0.0
2025-12-31,121.4800033569336,121.56999969482422,120.13999938964844,120.18000030517578,119.19767761230469,3373600,0.0
2026-01-02,120.6500015258789,121.63999938964844,119.87000274658203,121.37000274658203,120.37796020507812,6534600,0.0
2026-01-05,121.41999816894531,123.58999633789062,121.41999816894531,122.88999938964844,121.88553619384766,6186000,0.0
2026-01-06,122.77999877929688,124.80000305175781,122.37000274658203,124.72000122070312,123.70057678222656,5384600,0.0
2026-01-07,124.83000183105469,125.01000213623047,123.19999694824219,123.72000122070312,122.70874786376953,4166500,0.0
2026-01-08,123.22000122070312,125.75,123.01000213623047,125.47000122070312,124.44445037841797,4697700,0.0
2026-01-09,125.77999877929688,126.58000183105469,124.91000366210938,126.41999816894531,125.38667297363281,4541300,0.0
2026-01-12,125.8499984741211,126.79000091552734,125.27999877929688,126.54000091552734,125.50570678710938,3811700,0.0
2026-01-13,127.18000030517578,127.29000091552734,126.26000213623047,126.5199966430664,125.4858627319336,3850300,0.0
2026-01-14,126.37999725341797,127.3499984741211,125.98999786376953,127.23999786376953,126.1999740600586,5752600,0.0
2026-01-15,127.66000366210938,129.47999572753906,127.55999755859375,129.05999755859375,128.00509643554688,6010000,0.0
2026-01-16,129.0,129.1699981689453,128.3000030517578,128.6199951171875,127.56869506835938,3933100,0.0
2026-01-20,126.66999816894531,128.02000427246094,126.51000213623047,126.81999969482422,125.78340911865234,13840500,0.0
2026-01-21,127.86000061035156,130.5500030517578,127.70999908447266,130.1199951171875,129.0564422607422,5952800,0.0
2026-01-22,130.88999938964844,131.63999938964844,130.27999877929688,130.42999267578125,129.36390686035156,5029400,0.0
2026-01-23,130.00999450683594,130.11000061035156,127.72000122070312,128.08999633789062,127.04302215576172,7828200,0.0
2026-01-26,128.1999969482422,128.89999389648438,127.58000183105469,128.13999938964844,127.09262084960938,5053400,0.0
2026-01-27,128.0,128.1999969482422,127.06999969482422,127.66000366210938,126.6165542602539,4132300,0.0
2026-01-28,128.27000427246094,128.74000549316406,126.94000244140625,127.05999755859375,126.02144622802734,8923000,0.0
2026-01-29,127.55000305175781,128.38999938964844,126.16000366210938,127.86000061035156,126.81491088867188,7843400,0.0
2026-01-30,126.91000366210938,127.81999969482422,125.95999908447266,127.02999877929688,125.99169158935547,8859300,0.0
2026-02-02,126.61000061035156,128.88999938964844,126.38999938964844,128.35000610351562,127.30091094970703,7149400,0.0
2026-02-03,128.39999389648438,129.72000122070312,126.69999694824219,128.24000549316406,127.19181823730469,7071500,0.0
2026-02-04,129.0500030517578,130.33999633789062,128.11000061035156,129.33999633789062,128.28280639648438,6374000,0.0
2026-02-05,128.8000030517578,130.19000244140625,128.0399932861328,128.42999267578125,127.3802490234375,8071600,0.0
2026-02-06,129.58999633789062,132.35000610351562,129.5800018310547,131.97000122070312,130.89132690429688,5503400,0.0
2026-02-09,131.77000427246094,132.4199981689453,131.02999877929688,131.99000549316406,130.91116333007812,5628800,0.0
2026-02-10,132.16000366210938,133.02000427246094,131.94000244140625,132.07000732421875,130.99049377441406,6453100,0.0
2026-02-11,133.00999450683594,133.52000427246094,131.07000732421875,131.82000732421875,130.74253845214844,4544700,0.0
2026-02-12,132.60000610351562,133.1999969482422,128.5,129.39999389648438,128.3423309326172,9423500,0.0
2026-02-13,129.75,131.61000061035156,129.02999877929688,130.9499969482422,129.87965393066406,6806400,0.0
2026-02-17,130.9199981689453,131.77000427246094,129.38999938964844,130.80999755859375,129.7407989501953,5024300,0.0
2026-02-18,130.74000549316406,132.32000732421875,130.3699951171875,131.17999267578125,130.10777282714844,5186500,0.0
2026-02-19,130.5399932861328,131.0500030517578,129.9600067138672,130.92999267578125,129.85980224609375,5427800,0.0
2026-02-20,130.22000122070312,132.30999755859375,130.19000244140625,131.6300048828125,130.55410766601562,6178700,0.0
2026-02-23,131.0800018310547,131.25,128.13999938964844,128.99000549316406,127.93567657470703,7504500,0.0
2026-02-24,129.13999938964844,130.72000122070312,128.9600067138672,130.17999267578125,129.11595153808594,6458800,0.0
2026-02-25,131.00999450683594,131.10000610351562,129.33999633789062,130.66000366210938,129.59202575683594,4264400,0.0
2026-02-26,131.0500030517578,131.92999267578125,129.88999938964844,131.38999938964844,130.31605529785156,6859100,0.0
2026-02-27,129.9499969482422,130.1300048828125,128.6999969482422,129.6999969482422,128.63987731933594,6141600,0.0
2026-03-02,128.16000366210938,130.92999267578125,127.80999755859375,130.5800018310547,129.51266479492188,8442500,0.0
2026-03-03,127.45999908447266,129.92999267578125,126.12000274658203,129.1999969482422,128.14395141601562,10454400,0.0
2026-03-04,129.9499969482422,130.38999938964844,128.64999389648438,129.91000366210938,128.84814453125,5607500,0.0
2026-03-05,128.64999389648438,129.44000244140625,126.55999755859375,127.66000366210938,126.6165542602539,6905700,0.0
2026-03-06,125.37000274658203,125.37999725341797,123.9800033569336,124.79000091552734,123.77000427246094,9184900,0.0
2026-03-09,122.76000213623047,125.76000213623047,120.9800033569336,125.37000274658203,124.34526062011719,9648900,0.0
2026-03-10,124.95999908447266,126.86000061035156,124.2699966430664,124.79000091552734,123.77000427246094,9643800,0.0
2026-03-11,124.25,125.01000213623047,123.43000030517578,124.5199966430664,123.50221252441406,7253600,0.0
2026-03-12,122.77999877929688,123.45999908447266,122.02999877929688,122.19999694824219,121.20116424560547,8272900,0.0
2026-03-13,123.19000244140625,123.62000274658203,121.58000183105469,122.05000305175781,121.05239868164062,6926200,0.0
2026-03-16,123.33999633789062,124.19000244140625,122.91000366210938,122.94999694824219,121.94503784179688,5340900,0.0
2026-03-17,123.55999755859375,124.58000183105469,123.30000305175781,123.83000183105469,123.01194763183594,5014800,0.194
2026-03-18,123.19000244140625,123.66000366210938,122.19999694824219,122.2300033569336,121.42251586914062,9352300,0.0
2026-03-19,120.98999786376953,123.80999755859375,120.86000061035156,122.7699966430664,121.95894622802734,8421900,0.0
2026-03-20,122.68000030517578,123.05000305175781,119.77999877929688,120.41000366210938,119.61454772949219,13403000,0.0
2026-03-23,122.80000305175781,124.68000030517578,122.19000244140625,122.88999938964844,122.07815551757812,11182900,0.0
2026-03-24,121.91000366210938,124.58999633789062,121.58000183105469,123.7699966430664,122.95233917236328,8134200,0.0
2026-03-25,124.9000015258789,125.41999816894531,123.5999984741211,125.08000183105469,124.25369262695312,7321800,0.0
2026-03-26,123.87000274658203,125.54000091552734,123.5199966430664,123.66999816894531,122.8530044555664,6166400,0.0
2026-03-27,122.94000244140625,123.3499984741211,121.38999938964844,121.75,120.94568634033203,5046600,0.0
2026-03-30,123.0,123.0,120.47000122070312,120.87000274658203,120.07150268554688,6740400,0.0
2026-03-31,122.7699966430664,125.18000030517578,121.97000122070312,124.30999755859375,123.48877716064453,8840100,0.0
2026-04-01,125.0,126.12999725341797,124.83999633789062,124.91999816894531,124.0947494506836,9807800,0.0
2026-04-02,123.12000274658203,126.19999694824219,122.86000061035156,125.43000030517578,124.60137939453125,4573700,0.0
2026-04-06,125.12999725341797,126.23999786376953,124.66999816894531,126.11000061035156,125.27688598632812,4933100,0.0
2026-04-07,125.69999694824219,126.95999908447266,125.38999938964844,126.5199966430664,125.68417358398438,5153900,0.0
2026-04-08,129.83999633789062,130.6300048828125,129.22999572753906,129.8300018310547,128.97230529785156,4683000,0.0
2026-04-09,129.24000549316406,131.27000427246094,129.1300048828125,130.75,129.88623046875,4684600,0.0
2026-04-10,131.0500030517578,131.0500030517578,129.77999877929688,130.19000244140625,129.32992553710938,2739500,0.0
2026-04-13,129.74000549316406,131.8699951171875,129.5,131.80999755859375,130.93922424316406,3426500,0.0
2026-04-14,132.27000427246094,132.85000610351562,131.5500030517578,132.42999267578125,131.55511474609375,4821000,0.0
2026-04-15,132.22999572753906,132.52000427246094,131.66000366210938,132.25999450683594,131.38626098632812,2777700,0.0
2026-04-16,132.10000610351562,133.02999877929688,132.02999877929688,132.69000244140625,131.81341552734375,3677600,0.0
2026-04-17,134.13999938964844,136.52999877929688,133.77000427246094,135.38999938964844,134.49557495117188,4586500,0.0
2026-04-20,134.82000732421875,136.30999755859375,134.77999877929688,136.14999389648438,135.25054931640625,3453900,0.0
2026-04-21,136.36000061035156,137.2899932861328,134.7899932861328,135.0800018310547,134.18763732910156,9650600,0.0
2026-04-22,136.38999938964844,136.5399932861328,135.1199951171875,135.6199951171875,134.7240447998047,3268600,0.0
2026-04-23,135.75999450683594,136.22000122070312,133.9600067138672,135.57000732421875,134.6743927001953,4059300,0.0
2026-04-24,136.22000122070312,136.6699981689453,135.08999633789062,136.3000030517578,135.39956665039062,5484400,0.0
2026-04-27,136.55999755859375,137.33999633789062,136.22999572753906,136.55999755859375,135.6578369140625,2847300,0.0
2026-04-28,136.63999938964844,137.27999877929688,135.35000610351562,135.7899932861328,134.89292907714844,5096800,0.0
2026-04-29,135.75999450683594,135.99000549316406,134.27000427246094,134.72999572753906,133.83993530273438,5046400,0.0
2026-04-30,135.16000366210938,137.38999938964844,134.88999938964844,137.10000610351562,136.1942901611328,4430000,0.0
2026-05-01,137.61000061035156,137.86000061035156,136.66000366210938,137.44000244140625,136.5320281982422,3445100,0.0
2026-05-04,137.00999450683594,137.6999969482422,135.49000549316406,136.1699981689453,135.27041625976562,3224600,0.0
2026-05-05,136.82000732421875,138.4600067138672,136.7100067138672,138.11000061035156,137.19760131835938,2421300,0.0
2026-05-06,138.85000610351562,139.1199951171875,138.02999877929688,138.92999267578125,138.01217651367188,2726300,0.0
2026-05-07,139.27999877929688,139.49000549316406,137.4600067138672,137.63999938964844,136.730712890625,3937200,0.0
2026-05-08,138.27999877929688,138.6699981689453,137.60000610351562,138.35000610351562,137.43601989746094,2350000,0.0
2026-05-11,138.69000244140625,139.0500030517578,137.2100067138672,137.35000610351562,136.44264221191406,2455800,0.0
2026-05-12,137.07000732421875,137.08999633789062,134.49000549316406,135.7899932861328,134.89292907714844,3815800,0.0
2026-05-13,135.94000244140625,135.94000244140625,134.6999969482422,135.27999877929688,134.38629150390625,3177600,0.0
2026-05-14,136.1199951171875,136.97999572753906,135.66000366210938,136.13999938964844,135.24061584472656,2341400,0.0
2026-05-15,134.94000244140625,135.10000610351562,133.83999633789062,133.92999267578125,133.0452117919922,3818500,0.0
2026-05-18,134.6199951171875,135.4600067138672,133.92999267578125,134.39999389648438,133.51211547851562,3467600,0.0
2026-05-19,133.97999572753906,134.07000732421875,132.6999969482422,133.16000366210938,132.2803192138672,4168700,0.0
2026-05-20,133.7100067138672,135.91000366210938,132.88999938964844,135.86000061035156,134.96246337890625,4146800,0.0
2026-05-21,134.99000549316406,136.74000549316406,134.0,136.27000427246094,135.36978149414062,3595500,0.0
2026-05-22,136.8000030517578,137.6999969482422,136.4199981689453,137.39999389648438,136.49229431152344,2500300,0.0
2026-05-26,138.33999633789062,139.6199951171875,138.27000427246094,139.58999633789062,138.66783142089844,5274700,0.0
2026-05-27,139.92999267578125,140.52999877929688,139.39999389648438,139.6199951171875,138.6976318359375,2691000,0.0
2026-05-28,139.0800018310547,139.91000366210938,138.4499969482422,139.72000122070312,138.79698181152344,3453000,0.0
2026-05-29,139.41000366210938,139.57000732421875,138.5,138.66000366210938,137.7439727783203,4724800,0.0
2026-06-01,137.74000549316406,138.67999267578125,137.08999633789062,138.4600067138672,137.54530334472656,5984200,0.0
2026-06-02,138.38999938964844,139.8000030517578,138.27000427246094,139.69000244140625,138.7671661376953,4102000,0.0
2026-06-03,139.1199951171875,139.27999877929688,138.14999389648438,138.4499969482422,137.5353546142578,2605200,0.0
2026-06-04,138.8800048828125,140.4499969482422,138.61000061035156,140.25999450683594,139.33338928222656,3076500,0.0
2026-06-05,139.61000061035156,139.89999389648438,137.1699981689453,137.67999267578125,136.77044677734375,3275200,0.0
2026-06-08,139.0399932861328,139.85000610351562,138.49000549316406,138.5800018310547,137.6645050048828,4041000,0.0
2026-06-09,139.72000122070312,141.85000610351562,137.08999633789062,139.88999938964844,138.96585083007812,6005900,0.0
2026-06-10,139.80999755859375,141.52000427246094,138.83999633789062,138.89999389648438,137.98239135742188,5041700,0.0
2026-06-11,140.1300048828125,142.41000366210938,139.49000549316406,142.2899932861328,141.34999084472656,5761000,0.0
2026-06-12,142.88999938964844,144.67999267578125,142.47999572753906,143.6699981689453,142.7208709716797,3566000,0.0
2026-06-15,144.35000610351562,145.05999755859375,143.1300048828125,143.38999938964844,142.87332153320312,3876800,0.433
2026-06-16,143.86000061035156,144.57000732421875,142.32000732421875,142.6199951171875,142.10609436035156,6070400,0.0
2026-06-17,142.75,143.55999755859375,140.3300018310547,140.6699981689453,140.1631317138672,5839800,0.0
2026-06-18,142.6699981689453,143.4199981689453,141.9499969482422,143.2100067138672,142.69398498535156,5811600,0.0
2026-06-22,143.27000427246094,143.99000549316406,143.02999877929688,143.25999450683594,142.74378967285156,3101800,0.0
2026-06-23,141.6300048828125,143.4600067138672,141.41000366210938,142.77000427246094,142.2555694580078,2778900,0.0
2026-06-24,143.13999938964844,145.3300018310547,143.05999755859375,144.4199981689453,143.8996124267578,7781900,0.0
2026-06-25,145.4199981689453,147.19000244140625,145.32000732421875,146.27000427246094,145.74295043945312,4236800,0.0
2026-06-26,145.52000427246094,147.60000610351562,145.4499969482422,147.41000366210938,146.87884521484375,6011200,0.0
2026-06-29,147.1199951171875,147.5399932861328,145.67999267578125,147.36000061035156,146.8290252685547,6673300,0.0
2026-06-30,147.27000427246094,148.57000732421875,146.6999969482422,148.30999755859375,147.7755889892578,3856000,0.0
2026-07-01,147.99000549316406,149.35000610351562,147.47000122070312,147.5399932861328,147.00836181640625,4656000,0.0
2026-07-02,148.13999938964844,148.63999938964844,145.25,146.47999572753906,145.9521942138672,4003200,0.0
2026-07-06,146.57000732421875,147.52000427246094,146.55999755859375,146.80999755859375,146.281005859375,2668000,0.0
2026-07-07,146.69000244140625,147.0800018310547,145.02000427246094,145.38999938964844,144.86611938476562,3142000,0.0
2026-07-08,144.47999572753906,144.88999938964844,142.9199981689453,143.69000244140625,143.1722412109375,2946400,0.0
2026-07-09,144.6699981689453,145.8800048828125,144.4199981689453,145.47000122070312,144.94583129882812,2086600,0.0
2026-07-10,145.5800018310547,146.0,144.75,145.55999755859375,145.03550720214844,2329600,0.0
2026-07-13,145.27999877929688,146.07000732421875,144.61000061035156,144.99000549316406,144.46755981445312,2552800,0.0
2026-07-14,145.9600067138672,146.25,144.83999633789062,145.3800048828125,144.8561553955078,2445800,0.0
2026-07-15,145.66000366210938,146.97000122070312,145.63999938964844,146.16000366210938,145.6333465576172,2931800,0.0
2026-07-16,145.8000030517578,147.94000244140625,145.66000366210938,147.16000366210938,146.62974548339844,3635200,0.0
2026-07-17,145.4600067138672,147.10000610351562,145.32000732421875,146.02000427246094,145.4938507080078,3998400,0.0
2026-07-20,146.38999938964844,146.72000122070312,145.0500030517578,145.10000610351562,144.57716369628906,3727500,0.0
2026-07-21,145.5399932861328,146.67999267578125,145.11000061035156,146.57000732421875,146.0418701171875,3984700,0.0
2026-07-22,146.25999450683594,146.85000610351562,145.52000427246094,145.77999877929688,145.2547149658203,3329200,0.0
2026-07-23,144.52999877929688,145.36000061035156,144.1199951171875,144.8800048828125,144.3579559326172,5198100,0.0
2026-07-24,145.5,146.10000610351562,144.57000732421875,144.86000061035156,144.33802795410156,2599500,0.0
2026-07-27,145.89999389648438,146.6199951171875,144.77999877929688,145.50999450683594,144.98568725585938,2414000,0.0
2026-07-28,145.74000549316406,146.4499969482422,145.19000244140625,146.30999755859375,145.78280639648438,2604300,0.0
2026-07-29,145.8300018310547,146.41000366210938,144.14999389648438,144.32000732421875,143.79998779296875,4128200,0.0
2026-07-30,145.8000030517578,145.88999938964844,143.97000122070312,145.5,144.97572326660156,2449800,0.0
2026-07-31,146.22999572753906,146.2899932861328,143.8699951171875,145.4600067138672,144.9358673095703,3941600,0.0
2026-08-03,145.91000366210938,148.0399932861328,145.75,147.86000061035156,147.3272247314453,3531600,0.0
2026-08-04,148.39999389648438,150.69000244140625,148.0800018310547,150.41000366210938,149.8680419921875,3437300,0.0
2026-08-05,150.60000610351562,150.6199951171875,148.9199981689453,148.94000244140625,148.40333557128906,3432600,0.0
2026-08-06,148.97999572753906,149.49000549316406,147.6999969482422,147.82000732421875,147.28736877441406,2740400,0.0
2026-08-07,148.3300018310547,149.32000732421875,148.27999877929688,148.92999267578125,148.3933563232422,2561100,0.0
2026-08-10,148.61000061035156,148.82000732421875,147.8000030517578,148.05999755859375,147.5264892578125,2348600,0.0
2026-08-11,148.36000061035156,149.1699981689453,148.22000122070312,148.41000366210938,147.875244140625,2350400,0.0
2026-08-12,148.9600067138672,149.4499969482422,148.11000061035156,149.0399932861328,148.50296020507812,2079200,0.0
2026-08-13,149.72000122070312,150.1199951171875,149.22999572753906,149.72000122070312,149.18051147460938,1915000,0.0
2026-08-14,149.63999938964844,150.49000549316406,149.41000366210938,150.44000244140625,149.89791870117188,1911900,0.0
2026-08-17,149.99000549316406,150.5,149.6199951171875,149.8300018310547,149.2901153564453,1851700,0.0
2026-08-18,149.52000427246094,149.52000427246094,147.6300048828125,147.69000244140625,147.1578369140625,2465000,0.0
2026-08-19,148.80999755859375,149.11000061035156,147.77000427246094,147.9199981689453,147.3870086669922,2063000,0.0
2026-08-20,146.89999389648438,147.41000366210938,146.2899932861328,146.3699951171875,145.84259033203125,2723200,0.0
2026-08-21,147.3000030517578,147.47999572753906,146.42999267578125,147.30999755859375,146.77920532226562,2111400,0.0
2026-08-24,147.14999389648438,147.42999267578125,146.41000366210938,146.77000427246094,146.24114990234375,1960500,0.0
2026-08-25,147.50999450683594,147.50999450683594,146.13999938964844,146.6999969482422,146.17140197753906,1503100,0.0
2026-08-26,146.63999938964844,147.27000427246094,146.25999450683594,146.77000427246094,146.24114990234375,2125300,0.0
2026-08-27,146.47999572753906,147.02999877929688,146.05999755859375,146.77999877929688,146.25111389160156,2133100,0.0
2026-08-28,147.08999633789062,147.39999389648438,145.52000427246094,145.5800018310547,145.05543518066406,2780500,0.0
2026-08-31,145.39999389648438,145.5800018310547,144.1699981689453,144.52000427246094,143.99925231933594,2601100,0.0
2026-09-01,143.75999450683594,144.27999877929688,142.64999389648438,142.9199981689453,142.40501403808594,4054300,0.0
2026-09-02,143.3000030517578,144.74000549316406,143.14999389648438,144.30999755859375,143.79000854492188,3750100,0.0
2026-09-03,145.30999755859375,145.4199981689453,143.97999572753906,144.8000030517578,144.2782440185547,2226400,0.0
2026-09-04,144.1699981689453,145.52000427246094,144.0399932861328,145.33999633789062,144.81629943847656,2441500,0.0
2026-09-08,144.9600067138672,145.19000244140625,144.11000061035156,144.25,143.730224609375,2768300,0.0
2026-09-09,143.64999389648438,144.0399932861328,142.5399932861328,142.6999969482422,142.18580627441406,3781800,0.0
2026-09-10,141.9199981689453,142.27999877929688,141.13999938964844,141.44000244140625,140.93035888671875,3494300,0.0
2026-09-11,142.9199981689453,143.2100067138672,141.97999572753906,142.19000244140625,141.6776580810547,3782100,0.0
2026-09-14,141.32000732421875,142.1199951171875,141.0399932861328,141.25999450683594,140.75099182128906,2826800,0.0
2026-09-15,140.6699981689453,140.75999450683594,139.7100067138672,140.0500030517578,140.0500030517578,3160000,0.509
2026-09-16,140.1999969482422,141.10000610351562,138.24000549316406,139.4600067138672,139.4600067138672,5282400,0.0
2026-09-17,141.14999389648438,141.3000030517578,139.49000549316406,139.5,139.5,2899800,0.0
2026-09-18,139.1300048828125,139.36000061035156,138.2899932861328,138.89999389648438,138.89999389648438,5050900,0.0
2026-09-21,139.80999755859375,139.80999755859375,138.92999267578125,139.24000549316406,139.24000549316406,2646600,0.0
2026-09-22,140.3800048828125,140.80999755859375,139.38999938964844,139.6999969482422,139.6999969482422,2090100,0.0
2026-09-23,139.1999969482422,139.22999572753906,138.08999633789062,138.13999938964844,138.13999938964844,2314900,0.0
2026-09-24,137.89999389648438,138.25999450683594,136.85000610351562,137.77999877929688,137.77999877929688,2304800,0.0
2026-09-25,138.1999969482422,138.85000610351562,137.47000122070312,138.2899932861328,138.2899932861328,2173500,0.0
