Date,Open,High,Low,Close,Adj Close,Volume,Dividends
2000-07-28,19.5546875,19.7109375,19.421875,19.421875,15.851943969726562,8000,0.0
2000-07-31,19.453125,19.69921875,19.453125,19.69921875,16.07832145690918,6800,0.0
2000-08-01,19.69921875,19.69921875,19.69921875,19.69921875,16.07832145690918,0,0.0
2000-08-02,20.0,20.0,20.0,20.0,16.323806762695312,1600,0.0
2000-08-03,19.5625,19.5625,19.5625,19.5625,15.966720581054688,400,0.0
2000-08-04,20.03125,20.03125,20.03125,20.03125,16.349308013916016,1600,0.0
2000-08-07,20.296875,20.296875,20.296875,20.296875,16.566116333007812,800,0.0
2000-08-08,20.3515625,20.3515625,20.25,20.296875,16.566116333007812,6400,0.0
2000-08-09,20.296875,20.296875,20.296875,20.296875,16.566116333007812,0,0.0
2000-08-10,20.28125,20.28125,20.2734375,20.2734375,16.546981811523438,1200,0.0
2000-08-11,19.96875,19.96875,19.96875,19.96875,16.29829216003418,2000,0.0
2000-08-14,19.96875,19.96875,19.96875,19.96875,16.29829216003418,0,0.0
2000-08-15,19.96875,19.96875,19.96875,19.96875,16.29829216003418,0,0.0
2000-08-16,20.609375,20.609375,20.5625,20.5625,16.78292465209961,8800,0.0
2000-08-17,20.5625,20.5625,20.5625,20.5625,16.78292465209961,0,0.0
2000-08-18,21.0390625,21.0390625,21.0390625,21.0390625,17.171876907348633,1600,0.0
2000-08-21,21.0625,21.0625,21.0625,21.0625,17.191007614135742,1600,0.0
2000-08-22,21.1484375,21.1484375,21.1484375,21.1484375,17.261157989501953,1200,0.0
2000-08-23,21.01953125,21.01953125,20.94921875,20.94921875,17.098552703857422,800,0.0
2000-08-24,21.046875,21.48046875,21.046875,21.47265625,17.525772094726562,145200,0.0
2000-08-25,21.6171875,21.6640625,21.6171875,21.65625,17.675634384155273,88800,0.0
2000-08-28,21.6796875,21.80859375,21.5859375,21.5859375,17.61823272705078,21200,0.0
2000-08-29,21.7734375,21.9375,21.7421875,21.9375,17.905170440673828,12400,0.0
2000-08-30,21.9296875,21.96484375,21.9296875,21.96484375,17.927494049072266,2800,0.0
2000-08-31,22.109375,22.390625,22.109375,22.25,18.160236358642578,9600,0.0
2000-09-01,22.4375,22.4375,22.3359375,22.40625,18.28777313232422,52800,0.0
2000-09-05,22.5,22.5,22.09375,22.09375,18.032711029052734,23600,0.0
2000-09-06,22.09375,22.09375,22.09375,22.09375,18.032711029052734,0,0.0
2000-09-07,22.08203125,22.09375,22.015625,22.09375,18.032711029052734,7200,0.0
2000-09-08,22.1875,22.1875,21.984375,21.984375,17.943443298339844,1200,0.0
2000-09-11,21.875,22.0078125,21.7734375,21.8125,17.80315589904785,138400,0.0
2000-09-12,21.859375,22.046875,21.859375,22.046875,17.99445343017578,8800,0.0
2000-09-13,21.6484375,21.703125,21.6484375,21.703125,17.71387481689453,1600,0.0
2000-09-14,22.08203125,22.234375,22.08203125,22.0859375,18.02634048461914,12000,0.0
2000-09-15,21.90625,21.90625,21.8046875,21.8046875,17.79677391052246,4800,0.0
2000-09-18,21.80078125,21.80078125,21.15625,21.15625,17.267536163330078,178000,0.0
2000-09-19,21.21875,21.21875,21.1015625,21.1015625,17.22288703918457,5200,0.0
2000-09-20,21.07421875,21.2890625,21.07421875,21.2890625,17.375932693481445,3200,0.0
2000-09-21,21.28125,21.28125,21.10546875,21.10546875,17.22608757019043,1200,0.0
2000-09-22,20.578125,20.859375,20.578125,20.859375,17.02522850036621,7600,0.0
2000-09-25,21.515625,21.515625,21.47265625,21.47265625,17.525772094726562,4000,0.0
2000-09-26,21.15625,21.171875,20.8828125,20.8828125,17.044349670410156,10000,0.0
2000-09-27,21.078125,21.078125,21.078125,21.078125,17.203758239746094,2800,0.0
2000-09-28,20.87890625,20.90625,20.87890625,20.90625,17.0634765625,1200,0.0
2000-09-29,21.2734375,21.2734375,21.2734375,21.2734375,17.363178253173828,400,0.0
2000-10-02,21.078125,21.078125,20.9765625,20.9765625,17.12087059020996,25600,0.0
2000-10-03,20.91796875,20.91796875,20.49609375,20.49609375,16.728713989257812,9600,0.0
2000-10-04,20.1484375,20.375,20.1484375,20.375,16.62987518310547,5600,0.0
2000-10-05,20.671875,20.671875,20.671875,20.671875,16.872177124023438,16000,0.0
2000-10-06,20.15625,20.15625,19.5703125,19.5703125,15.97311019897461,13600,0.0
2000-10-09,19.46875,19.46875,19.46875,19.46875,15.890205383300781,1200,0.0
2000-10-10,19.46875,19.46875,19.46875,19.46875,15.890205383300781,0,0.0
2000-10-11,19.06640625,19.1953125,19.06640625,19.15625,15.635148048400879,3200,0.0
2000-10-12,19.125,19.125,18.82421875,18.8515625,15.386468887329102,7200,0.0
2000-10-13,18.7890625,19.12890625,18.7890625,19.125,15.60964298248291,8800,0.0
2000-10-16,19.8828125,20.078125,19.78125,20.078125,16.38756561279297,6400,0.0
2000-10-17,20.06640625,20.06640625,19.3515625,19.3984375,15.832815170288086,8400,0.0
2000-10-18,18.75,19.484375,18.75,19.484375,15.902956008911133,6000,0.0
2000-10-19,19.86328125,20.0,19.86328125,20.0,16.323806762695312,1200,0.0
2000-10-20,20.5078125,20.62109375,20.5078125,20.62109375,16.830739974975586,7200,0.0
2000-10-23,20.56640625,20.73046875,20.53125,20.6328125,16.84030532836914,18800,0.0
2000-10-24,20.5625,20.5625,20.546875,20.546875,16.77015495300293,1600,0.0
2000-10-25,20.0859375,20.2734375,19.984375,20.015625,16.33655548095703,36800,0.0
2000-10-26,20.0078125,20.0078125,19.7734375,19.78125,16.145265579223633,19600,0.0
2000-10-27,20.34375,20.34375,20.1953125,20.265625,16.540605545043945,26400,0.0
2000-10-30,19.96875,20.171875,19.96875,20.15625,16.451343536376953,104800,0.0
2000-10-31,20.65625,21.125,20.65625,21.125,17.242015838623047,4000,0.0
2000-11-01,21.03125,21.078125,20.9375,20.9375,17.0889835357666,6400,0.0
2000-11-02,21.0390625,21.32421875,21.0390625,21.3125,17.395063400268555,8400,0.0
2000-11-03,21.3046875,21.49609375,21.3046875,21.421875,17.484331130981445,210000,0.0
2000-11-06,21.50390625,21.50390625,21.1953125,21.1953125,17.29941177368164,19200,0.0
2000-11-07,21.125,21.125,21.00390625,21.11328125,17.23246192932129,53600,0.0
2000-11-08,21.2265625,21.2265625,20.6875,20.6875,16.884944915771484,126000,0.0
2000-11-09,20.3984375,20.5234375,20.15625,20.4609375,16.700023651123047,16800,0.0
2000-11-10,20.2890625,20.2890625,19.8828125,19.8828125,16.228160858154297,12400,0.0
2000-11-13,19.4375,19.72265625,18.99609375,19.71484375,16.0910587310791,71600,0.0
2000-11-14,19.9375,20.2421875,19.9375,20.16796875,16.460912704467773,87200,0.0
2000-11-15,20.21875,20.734375,20.21875,20.5234375,16.751033782958984,3200,0.0
2000-11-16,20.5234375,20.5234375,20.5234375,20.5234375,16.751033782958984,0,0.0
2000-11-17,20.1328125,20.37890625,20.1328125,20.13671875,16.435405731201172,6000,0.0
2000-11-20,19.88671875,19.88671875,19.5859375,19.640625,16.030494689941406,3200,0.0
2000-11-21,19.71484375,19.71484375,19.38671875,19.38671875,15.82325267791748,31600,0.0
2000-11-22,19.19921875,19.21875,18.80859375,18.90234375,15.427913665771484,24000,0.0
2000-11-24,19.2265625,19.2265625,19.2109375,19.2109375,15.679787635803223,6400,0.0
2000-11-27,19.8359375,19.8359375,19.75,19.828125,16.18352699279785,3200,0.0
2000-11-28,19.55859375,19.55859375,18.890625,18.890625,15.418352127075195,8800,0.0
2000-11-29,18.83984375,18.8984375,18.3984375,18.3984375,15.016633987426758,37600,0.0
2000-11-30,18.25,18.28515625,17.890625,18.28515625,14.924171447753906,13200,0.0
2000-12-01,18.3125,18.953125,18.3125,18.953125,15.469364166259766,18000,0.0
2000-12-04,18.78125,18.8125,18.50390625,18.52734375,15.121848106384277,24800,0.0
2000-12-05,18.8671875,19.578125,18.8671875,19.578125,15.979462623596191,30400,0.0
2000-12-06,19.56640625,19.7421875,19.30078125,19.30078125,15.7531099319458,48000,0.0
2000-12-07,19.125,19.1875,18.9765625,19.171875,15.647906303405762,30800,0.0
2000-12-08,19.609375,19.8515625,19.609375,19.8515625,16.202653884887695,8400,0.0
2000-12-11,20.2421875,20.4375,20.2421875,20.4375,16.68089485168457,18800,0.0
2000-12-12,20.484375,20.53125,20.44140625,20.44140625,16.684080123901367,58400,0.0
2000-12-13,20.1796875,20.1796875,19.765625,19.796875,16.280874252319336,24800,0.15425
2000-12-14,19.671875,19.671875,19.28125,19.28125,15.856823921203613,95600,0.0
2000-12-15,19.0625,19.15625,18.90625,19.15625,15.754026412963867,11200,0.0
2000-12-18,19.2421875,19.5078125,19.203125,19.24609375,15.82791519165039,18800,0.0
2000-12-19,19.25390625,19.4921875,18.99609375,19.015625,15.638378143310547,140800,0.0
2000-12-20,18.5234375,18.5234375,17.98828125,18.125,14.905933380126953,127600,0.0
2000-12-21,18.03125,18.44921875,17.984375,18.109375,14.89307975769043,95600,0.0
2000-12-22,18.359375,18.9921875,18.359375,18.984375,15.612682342529297,71200,0.0
2000-12-26,18.96875,19.1640625,18.96875,19.1640625,15.76045036315918,27200,0.0
2000-12-27,18.90625,19.515625,18.90625,19.5,16.036727905273438,77200,0.0
2000-12-28,19.359375,20.078125,19.359375,20.078125,16.512165069580078,31600,0.0
2000-12-29,20.140625,20.140625,19.6015625,19.6015625,16.120243072509766,29600,0.0
2001-01-02,18.890625,18.890625,18.5,18.5,15.214338302612305,29600,0.0
2001-01-03,18.21875,19.2734375,18.21875,19.2734375,15.850407600402832,32000,0.0
2001-01-04,19.375,19.375,18.828125,18.8828125,15.529152870178223,32000,0.0
2001-01-05,18.6875,18.6875,18.2421875,18.2421875,15.00230598449707,15600,0.0
2001-01-08,18.1875,18.21484375,18.03125,18.16796875,14.94127082824707,32800,0.0
2001-01-09,18.3359375,18.40625,18.05859375,18.1640625,14.938053131103516,24000,0.0
2001-01-10,18.1328125,18.5234375,18.1328125,18.5234375,15.233607292175293,14400,0.0
2001-01-11,18.765625,19.1015625,18.75,19.1015625,15.709053039550781,37600,0.0
2001-01-12,18.953125,19.1875,18.953125,19.15625,15.754026412963867,15600,0.0
2001-01-16,19.15625,19.171875,18.859375,19.08203125,15.69299030303955,38800,0.0
2001-01-17,19.375,19.5,19.078125,19.078125,15.689773559570312,24000,0.0
2001-01-18,19.140625,19.171875,18.9765625,19.171875,15.766881942749023,248800,0.0
2001-01-19,19.28125,19.296875,18.91015625,18.96875,15.599830627441406,44400,0.0
2001-01-22,18.9140625,19.0,18.9140625,18.96875,15.599830627441406,20800,0.0
2001-01-23,19.0,19.47265625,18.96875,19.47265625,16.014244079589844,90400,0.0
2001-01-24,19.5,19.515625,19.390625,19.4765625,16.01744842529297,42800,0.0
2001-01-25,19.40625,19.46875,19.37109375,19.46875,16.01102638244629,18800,0.0
2001-01-26,19.234375,19.4765625,19.13671875,19.44921875,15.99496078491211,24000,0.0
2001-01-29,19.399999618530273,19.662500381469727,19.399999618530273,19.625,16.13951873779297,21600,0.0
2001-01-30,19.670000076293945,19.677499771118164,19.577499389648438,19.600000381469727,16.118967056274414,25600,0.0
2001-01-31,19.760000228881836,19.84749984741211,19.575000762939453,19.575000762939453,16.098403930664062,93200,0.0
2001-02-01,19.44499969482422,19.592500686645508,19.44499969482422,19.5,16.036727905273438,18000,0.0
2001-02-02,19.657499313354492,19.657499313354492,19.24250030517578,19.24250030517578,15.82496166229248,16800,0.0
2001-02-05,19.184999465942383,19.302499771118164,19.184999465942383,19.272499084472656,15.849627494812012,68000,0.0
2001-02-06,19.450000762939453,19.672500610351562,19.450000762939453,19.604999542236328,16.123069763183594,6400,0.0
2001-02-07,19.512500762939453,19.774999618530273,19.415000915527344,19.75749969482422,16.248493194580078,41200,0.0
2001-02-08,19.709999084472656,19.8174991607666,19.575000762939453,19.600000381469727,16.118967056274414,25200,0.0
2001-02-09,19.264999389648438,19.264999389648438,19.19499969482422,19.19499969482422,15.78589153289795,4000,0.0
2001-02-12,19.075000762939453,19.602500915527344,19.075000762939453,19.602500915527344,16.121013641357422,42800,0.0
2001-02-13,19.625,19.905000686645508,19.387500762939453,19.387500762939453,15.944202423095703,87600,0.0
2001-02-14,19.375,19.489999771118164,19.350000381469727,19.47249984741211,16.014108657836914,106400,0.0
2001-02-15,19.8125,19.86750030517578,19.6875,19.6875,16.1909236907959,8800,0.0
2001-02-16,19.25,19.389999389648438,19.1200008392334,19.21500015258789,15.802353858947754,39200,0.0
2001-02-20,19.209999084472656,19.27750015258789,18.787500381469727,18.787500381469727,15.45077133178711,16400,0.0
2001-02-21,18.700000762939453,18.739999771118164,18.487499237060547,18.487499237060547,15.20404052734375,9200,0.0
2001-02-22,18.399999618530273,18.399999618530273,18.0625,18.100000381469727,14.885363578796387,5600,0.0
2001-02-23,18.0674991607666,18.209999084472656,17.735000610351562,18.209999084472656,14.975831985473633,12000,0.0
2001-02-26,18.537500381469727,18.697500228881836,18.537500381469727,18.697500228881836,15.376753807067871,8400,0.0
2001-02-27,18.475000381469727,18.512500762939453,18.297500610351562,18.297500610351562,15.047797203063965,10000,0.0
2001-02-28,18.25749969482422,18.287500381469727,17.9325008392334,17.962499618530273,14.772293090820312,13200,0.0
2001-03-01,17.75,17.922500610351562,17.489999771118164,17.922500610351562,14.739395141601562,10000,0.0
2001-03-02,17.700000762939453,18.170000076293945,17.700000762939453,18.107500076293945,14.891541481018066,4000,0.0
2001-03-05,18.225000381469727,18.225000381469727,18.0,18.020000457763672,14.819575309753418,11600,0.0
2001-03-06,18.262500762939453,18.375,18.25,18.325000762939453,15.070420265197754,11200,0.0
2001-03-07,18.50749969482422,18.537500381469727,18.399999618530273,18.454999923706055,15.17732048034668,14400,0.0
2001-03-08,18.372499465942383,18.385000228881836,18.299999237060547,18.337499618530273,15.080690383911133,4400,0.0
2001-03-09,18.112499237060547,18.122499465942383,17.875,17.875,14.700333595275879,14000,0.0
2001-03-12,17.6875,17.6875,17.260000228881836,17.260000228881836,14.195348739624023,38000,0.001
2001-03-13,17.200000762939453,17.36750030517578,17.030000686645508,17.36750030517578,14.28376579284668,54400,0.0
2001-03-14,17.012500762939453,17.387500762939453,16.950000762939453,17.125,14.084320068359375,11600,0.0
2001-03-15,17.212499618530273,17.309999465942383,16.959999084472656,16.959999084472656,13.948616027832031,24800,0.0
2001-03-16,17.017499923706055,17.017499923706055,16.587499618530273,16.587499618530273,13.642260551452637,80400,0.0
2001-03-19,16.575000762939453,16.9375,16.575000762939453,16.907499313354492,13.905440330505371,26800,0.0
2001-03-20,16.987499237060547,17.207500457763672,16.712499618530273,16.712499618530273,13.74506950378418,22800,0.0
2001-03-21,16.774999618530273,16.774999618530273,16.212499618530273,16.28499984741211,13.393473625183105,44000,0.0
2001-03-22,16.225000381469727,16.225000381469727,15.819999694824219,16.09000015258789,13.233094215393066,9200,0.0
2001-03-23,16.75,16.84000015258789,16.5625,16.770000457763672,13.792353630065918,38800,0.0
2001-03-26,17.012500762939453,17.094999313354492,16.9375,16.959999084472656,13.948616027832031,15200,0.0
2001-03-27,17.0,17.184999465942383,16.857500076293945,17.174999237060547,14.125442504882812,30000,0.0
2001-03-28,16.940000534057617,16.99250030517578,16.7549991607666,16.84749984741211,13.856094360351562,25200,0.0
2001-03-29,16.739999771118164,16.80500030517578,16.604999542236328,16.6299991607666,13.677207946777344,9200,0.0
2001-03-30,16.662500381469727,16.957500457763672,16.662500381469727,16.957500457763672,13.946563720703125,6800,0.0
2001-04-02,16.822500228881836,16.822500228881836,16.487499237060547,16.487499237060547,13.560017585754395,3600,0.0
2001-04-03,16.25,16.25,15.800000190734863,15.800000190734863,12.994586944580078,4400,0.0
2001-04-04,15.770000457763672,16.037500381469727,15.770000457763672,15.912500381469727,13.087111473083496,22000,0.0
2001-04-05,16.137500762939453,16.72249984741211,16.137500762939453,16.72249984741211,13.753290176391602,34800,0.0
2001-04-06,16.475000381469727,16.549999237060547,16.282499313354492,16.424999237060547,13.5086088180542,104800,0.0
2001-04-09,16.737499237060547,16.737499237060547,16.524999618530273,16.670000076293945,13.710113525390625,12000,0.0
2001-04-10,16.80500030517578,17.212499618530273,16.80500030517578,17.212499618530273,14.156285285949707,36400,0.0
2001-04-11,17.475000381469727,17.475000381469727,17.049999237060547,17.1825008392334,14.131610870361328,27600,0.0
2001-04-12,17.042499542236328,17.1924991607666,16.987499237060547,17.177499771118164,14.127503395080566,13600,0.0
2001-04-16,17.25,17.360000610351562,17.212499618530273,17.337499618530273,14.259099006652832,6800,0.0
2001-04-17,17.325000762939453,17.4325008392334,17.28499984741211,17.412500381469727,14.320775985717773,51200,0.0
2001-04-18,17.737499237060547,18.5,17.737499237060547,18.0625,14.855360984802246,77200,0.0
2001-04-19,18.049999237060547,18.200000762939453,17.969999313354492,18.200000762939453,14.968448638916016,120400,0.0
2001-04-20,17.9950008392334,18.045000076293945,17.72249984741211,17.924999237060547,14.742278099060059,337600,0.0
2001-04-23,17.75,17.75,17.602500915527344,17.602500915527344,14.477033615112305,31200,0.0
2001-04-24,17.56999969482422,17.84749984741211,17.5,17.5,14.392738342285156,173600,0.0
2001-04-25,17.825000762939453,18.112499237060547,17.825000762939453,18.112499237060547,14.896483421325684,68800,0.0
2001-04-26,18.174999237060547,18.412500381469727,18.174999237060547,18.375,15.112378120422363,42800,0.0
2001-04-27,18.487499237060547,18.497499465942383,18.3799991607666,18.424999237060547,15.15349006652832,152000,0.0
2001-04-30,18.674999237060547,18.825000762939453,18.625,18.674999237060547,15.359112739562988,10000,0.0
2001-05-01,18.649999618530273,18.799999237060547,18.512500762939453,18.799999237060547,15.46191120147705,16400,0.0
2001-05-02,18.862499237060547,18.907499313354492,18.690000534057617,18.907499313354492,15.550321578979492,8800,0.0
2001-05-03,18.61750030517578,18.657499313354492,18.487499237060547,18.657499313354492,15.344714164733887,34800,0.0
2001-05-04,18.27750015258789,18.75749969482422,18.27750015258789,18.75749969482422,15.426953315734863,48000,0.0
2001-05-07,18.762500762939453,18.837499618530273,18.729999542236328,18.762500762939453,15.431065559387207,74400,0.0
2001-05-08,18.787500381469727,18.787500381469727,18.63249969482422,18.75,15.420788764953613,52000,0.0
2001-05-09,18.709999084472656,18.905000686645508,18.709999084472656,18.787500381469727,15.451635360717773,56400,0.0
2001-05-10,18.850000381469727,18.887500762939453,18.767499923706055,18.767499923706055,15.43517780303955,42000,0.0
2001-05-11,18.709999084472656,18.709999084472656,18.5575008392334,18.645000457763672,15.334439277648926,70800,0.0
2001-05-14,18.649999618530273,18.6875,18.512500762939453,18.56999969482422,15.272749900817871,27200,0.0
2001-05-15,18.674999237060547,18.825000762939453,18.642499923706055,18.8075008392334,15.468082427978516,36400,0.0
2001-05-16,18.712499618530273,19.172500610351562,18.712499618530273,19.172500610351562,15.768279075622559,30800,0.0
2001-05-17,19.225000381469727,19.524999618530273,19.225000381469727,19.475000381469727,16.017061233520508,22400,0.0
2001-05-18,19.475000381469727,19.655000686645508,19.405000686645508,19.655000686645508,16.16510772705078,26000,0.0
2001-05-21,19.655000686645508,20.0575008392334,19.655000686645508,20.0575008392334,16.496139526367188,32400,0.0
2001-05-22,20.087499618530273,20.21500015258789,19.985000610351562,20.162500381469727,16.582487106323242,72800,0.0
2001-05-23,20.024999618530273,20.024999618530273,19.642499923706055,19.657499313354492,16.16714859008789,51200,0.0
2001-05-24,19.600000381469727,19.600000381469727,19.399999618530273,19.584999084472656,16.10753059387207,23200,0.0
2001-05-25,19.537500381469727,19.607500076293945,19.5,19.5,16.03762435913086,14400,0.0
2001-05-29,19.375,19.427499771118164,19.149999618530273,19.2450008392334,15.827899932861328,26400,0.0
2001-05-30,19.0,19.0,18.72249984741211,18.790000915527344,15.453691482543945,24800,0.0
2001-05-31,18.895000457763672,19.075000762939453,18.895000457763672,18.962499618530273,15.595553398132324,9200,0.0
2001-06-01,18.907499313354492,19.024999618530273,18.774999618530273,19.0049991607666,15.630515098571777,18000,0.0
2001-06-04,19.149999618530273,19.229999542236328,19.125,19.229999542236328,15.815567016601562,7200,0.0
2001-06-05,19.274999618530273,19.5625,19.274999618530273,19.5625,16.08902359008789,14800,0.0
2001-06-06,19.5625,19.5625,19.375,19.399999618530273,15.955390930175781,24000,0.0
2001-06-07,19.415000915527344,19.5049991607666,19.389999389648438,19.5,16.03762435913086,8800,0.0
2001-06-08,19.475000381469727,19.475000381469727,19.219999313354492,19.424999237060547,15.97593879699707,15600,0.0
2001-06-11,19.3799991607666,19.3799991607666,19.065000534057617,19.200000762939453,15.792917251586914,19200,0.0025
2001-06-12,18.987499237060547,19.102500915527344,18.829999923706055,19.09000015258789,15.702438354492188,14000,0.0
2001-06-13,19.100000381469727,19.207500457763672,19.00749969482422,19.00749969482422,15.634583473205566,5200,0.0
2001-06-14,18.6875,18.6875,18.517499923706055,18.517499923706055,15.231531143188477,12000,0.0
2001-06-15,18.424999237060547,18.545000076293945,18.287500381469727,18.434999465942383,15.16367244720459,24000,0.0
2001-06-18,18.399999618530273,18.46500015258789,18.212499618530273,18.274999618530273,15.032064437866211,12800,0.0
2001-06-19,18.412500381469727,18.412500381469727,18.092500686645508,18.170000076293945,14.94570255279541,76000,0.0
2001-06-20,18.100000381469727,18.2549991607666,18.075000762939453,18.2549991607666,15.015612602233887,12400,0.0
2001-06-21,18.4325008392334,18.475000381469727,18.315000534057617,18.459999084472656,15.184236526489258,121600,0.0
2001-06-22,18.482500076293945,18.50749969482422,18.21500015258789,18.262500762939453,15.021781921386719,25200,0.0
2001-06-25,18.387500762939453,18.389999389648438,18.170000076293945,18.239999771118164,15.00327205657959,26000,0.0
2001-06-26,18.087499618530273,18.462499618530273,18.049999237060547,18.462499618530273,15.186290740966797,34800,0.0
2001-06-27,18.459999084472656,18.645000457763672,18.459999084472656,18.61750030517578,15.313782691955566,46000,0.0
2001-06-28,18.795000076293945,19.014999389648438,18.790000915527344,18.9375,15.57699966430664,30400,0.0
2001-06-29,19.037500381469727,19.405000686645508,19.037500381469727,19.274999618530273,15.854620933532715,54800,0.0
2001-07-02,19.362499237060547,19.38249969482422,19.049999237060547,19.049999237060547,15.669539451599121,32800,0.0
2001-07-03,19.0625,19.0625,18.93000030517578,19.047500610351562,15.667484283447266,14800,0.0
2001-07-05,18.887500762939453,18.950000762939453,18.837499618530273,18.885000228881836,15.533825874328613,22800,0.0
2001-07-06,18.774999618530273,18.774999618530273,18.415000915527344,18.450000762939453,15.176012992858887,19600,0.0
2001-07-09,18.389999389648438,18.547500610351562,18.389999389648438,18.514999389648438,15.229475975036621,49200,0.0
2001-07-10,18.532499313354492,18.6299991607666,18.18000030517578,18.1924991607666,14.964212417602539,58800,0.0
2001-07-11,18.237499237060547,18.260000228881836,18.075000762939453,18.225000381469727,14.990942001342773,25200,0.0
2001-07-12,18.469999313354492,18.837499618530273,18.469999313354492,18.837499618530273,15.494747161865234,43600,0.0
2001-07-13,18.799999237060547,18.99250030517578,18.799999237060547,18.947500228881836,15.585227966308594,28000,0.0
2001-07-16,18.9375,18.96500015258789,18.665000915527344,18.697500228881836,15.379585266113281,42400,0.0
2001-07-17,18.612499237060547,18.9325008392334,18.537500381469727,18.9325008392334,15.572895050048828,32400,0.0
2001-07-18,18.725000381469727,18.832500457763672,18.670000076293945,18.735000610351562,15.410439491271973,42800,0.0
2001-07-19,18.899999618530273,19.032499313354492,18.6875,18.6875,15.371362686157227,18000,0.0
2001-07-20,18.787500381469727,18.897499084472656,18.787500381469727,18.88249969482422,15.531764030456543,9200,0.0
2001-07-23,18.75,18.834999084472656,18.747499465942383,18.772499084472656,15.44128704071045,98800,0.0
2001-07-24,18.677499771118164,18.677499771118164,18.282499313354492,18.38249969482422,15.120488166809082,91600,0.0
2001-07-25,18.424999237060547,18.424999237060547,18.19499969482422,18.329999923706055,15.077299118041992,23600,0.0
2001-07-26,18.469999313354492,18.86750030517578,18.459999084472656,18.84000015258789,15.496800422668457,36400,0.0
2001-07-27,18.832500457763672,19.002500534057617,18.764999389648438,19.002500534057617,15.63046932220459,12000,0.0
2001-07-30,19.0,19.0,18.887500762939453,18.940000534057617,15.57906436920166,12000,0.0
2001-07-31,18.9950008392334,19.13249969482422,18.827499389648438,18.899999618530273,15.546154975891113,198400,0.0
2001-08-01,19.0049991607666,19.09749984741211,18.9375,18.962499618530273,15.597561836242676,68800,0.0
2001-08-02,19.125,19.125,18.8700008392334,18.9424991607666,15.581117630004883,82800,0.0
2001-08-03,18.862499237060547,18.99250030517578,18.667499542236328,18.962499618530273,15.597561836242676,46000,0.0
2001-08-06,18.774999618530273,18.827499389648438,18.587499618530273,18.63249969482422,15.326116561889648,37600,0.0
2001-08-07,18.612499237060547,18.614999771118164,18.46500015258789,18.594999313354492,15.295283317565918,10800,0.0
2001-08-08,18.4950008392334,18.700000762939453,18.18000030517578,18.267499923706055,15.025897979736328,29200,0.0
2001-08-09,18.28499984741211,18.40999984741211,18.135000228881836,18.40999984741211,15.143111228942871,22000,0.0
2001-08-10,18.387500762939453,18.517499923706055,18.200000762939453,18.510000228881836,15.225356101989746,24000,0.0
2001-08-13,18.489999771118164,18.642499923706055,18.452499389648438,18.56999969482422,15.274704933166504,22400,0.0
2001-08-14,18.662500381469727,18.772499084472656,18.662500381469727,18.700000762939453,15.381654739379883,6400,0.0
2001-08-15,18.774999618530273,18.774999618530273,18.540000915527344,18.69499969482422,15.377538681030273,18000,0.0
2001-08-16,18.645000457763672,18.844999313354492,18.524999618530273,18.844999313354492,15.500920295715332,20400,0.0
2001-08-17,18.670000076293945,18.690000534057617,18.524999618530273,18.690000534057617,15.3734130859375,9600,0.0
2001-08-20,18.579999923706055,18.729999542236328,18.547500610351562,18.729999542236328,15.406330108642578,61200,0.0
2001-08-21,18.799999237060547,18.84749984741211,18.452499389648438,18.452499389648438,15.178062438964844,15600,0.0
2001-08-22,18.625,18.655000686645508,18.415000915527344,18.655000686645508,15.344630241394043,18400,0.0
2001-08-23,18.735000610351562,18.809999465942383,18.522499084472656,18.522499084472656,15.235644340515137,8800,0.0
2001-08-24,18.65999984741211,18.770000457763672,18.65999984741211,18.767499923706055,15.437171936035156,23600,0.0
2001-08-27,18.780000686645508,18.860000610351562,18.704999923706055,18.84000015258789,15.496800422668457,41600,0.0
2001-08-28,18.719999313354492,18.797500610351562,18.575000762939453,18.602500915527344,15.301454544067383,18800,0.0
2001-08-29,18.665000915527344,18.665000915527344,18.479999542236328,18.524999618530273,15.237706184387207,16400,0.0
2001-08-30,18.412500381469727,18.547500610351562,18.2450008392334,18.2450008392334,15.007390022277832,42400,0.0
2001-08-31,18.290000915527344,18.479999542236328,18.290000915527344,18.479999542236328,15.20068359375,27200,0.0
2001-09-04,18.34000015258789,18.55500030517578,18.299999237060547,18.34749984741211,15.091697692871094,23200,0.0
2001-09-05,18.3075008392334,18.3075008392334,17.950000762939453,18.077499389648438,14.869613647460938,36400,0.0
2001-09-06,18.0,18.020000457763672,17.7450008392334,17.787500381469727,14.631071090698242,50000,0.0
2001-09-07,17.600000381469727,17.625,17.325000762939453,17.43000030517578,14.337006568908691,148800,0.0
2001-09-10,17.299999237060547,17.420000076293945,17.13249969482422,17.235000610351562,14.176617622375488,37200,0.0
2001-09-17,16.225000381469727,16.712499618530273,16.225000381469727,16.424999237060547,13.510348320007324,61600,0.0
2001-09-18,16.4375,16.4375,15.949999809265137,15.949999809265137,13.119644165039062,54400,0.0
2001-09-19,16.037500381469727,16.112499237060547,15.279999732971191,15.654999732971191,12.87698745727539,68800,0.0
2001-09-20,15.375,15.612500190734863,15.149999618530273,15.15999984741211,12.469830513000488,24000,0.0
2001-09-21,14.712499618530273,15.074999809265137,14.625,14.987500190734863,12.327937126159668,47600,0.0
2001-09-24,15.399999618530273,15.640000343322754,15.399999618530273,15.625,12.852314949035645,57200,0.0
2001-09-25,15.774999618530273,15.845000267028809,15.6875,15.845000267028809,13.03327465057373,33200,0.0
2001-09-26,15.875,15.875,15.532500267028809,15.612500190734863,12.842032432556152,64400,0.0
2001-09-27,15.5,15.8125,15.387499809265137,15.699999809265137,12.914003372192383,61200,0.0
2001-09-28,15.9375,16.1200008392334,15.925000190734863,16.094999313354492,13.238907814025879,39200,0.0
2001-10-01,15.962499618530273,15.962499618530273,15.604999542236328,15.789999961853027,12.988029479980469,30400,0.0
2001-10-02,15.835000038146973,16.0674991607666,15.835000038146973,16.03499984741211,13.19520092010498,42800,0.00675
2001-10-03,15.887499809265137,16.655000686645508,15.887499809265137,16.6299991607666,13.684823036193848,31600,0.0
2001-10-04,16.690000534057617,16.852500915527344,16.587499618530273,16.657499313354492,13.707459449768066,48800,0.0
2001-10-05,16.625,16.670000076293945,16.252500534057617,16.627500534057617,13.682762145996094,36400,0.0
2001-10-08,16.424999237060547,16.59749984741211,16.352500915527344,16.397499084472656,13.493497848510742,44400,0.0
2001-10-09,16.372499465942383,16.450000762939453,16.337499618530273,16.385000228881836,13.483216285705566,8000,0.0
2001-10-10,16.5575008392334,16.857500076293945,16.5575008392334,16.857500076293945,13.872027397155762,34000,0.0
2001-10-11,17.0625,17.397499084472656,17.0625,17.247499465942383,14.19296646118164,48000,0.0
2001-10-12,17.075000762939453,17.190000534057617,16.797500610351562,17.05500030517578,14.034551620483398,52000,0.0
2001-10-15,17.012500762939453,17.1924991607666,16.852500915527344,17.177499771118164,14.135366439819336,23200,0.0
2001-10-16,17.219999313354492,17.354999542236328,17.15250015258789,17.3125,14.246454238891602,158000,0.0
2001-10-17,17.399999618530273,17.40999984741211,16.780000686645508,16.780000686645508,13.808259010314941,60000,0.0
2001-10-18,16.780000686645508,16.9375,16.684999465942383,16.684999465942383,13.730085372924805,51600,0.0
2001-10-19,16.712499618530273,17.042499542236328,16.637500762939453,16.99250030517578,13.983123779296875,22400,0.0
2001-10-22,16.887500762939453,17.252500534057617,16.887500762939453,17.174999237060547,14.133306503295898,51600,0.0
2001-10-23,17.3125,17.362499237060547,17.172500610351562,17.184999465942383,14.141535758972168,28400,0.0
2001-10-24,17.13249969482422,17.15999984741211,16.989999771118164,17.104999542236328,14.075701713562012,28400,0.0
2001-10-25,16.924999237060547,17.47249984741211,16.915000915527344,17.47249984741211,14.378113746643066,34800,0.0
2001-10-26,17.364999771118164,17.637500762939453,17.364999771118164,17.637500762939453,14.513900756835938,53200,0.0
2001-10-29,17.612499237060547,17.612499237060547,17.2450008392334,17.2450008392334,14.190906524658203,126000,0.0
2001-10-30,17.049999237060547,17.059999465942383,16.782499313354492,16.857500076293945,13.872027397155762,28400,0.0
2001-10-31,16.915000915527344,17.1875,16.86750030517578,17.1875,14.143589973449707,117600,0.0
2001-11-01,17.125,17.325000762939453,16.90250015258789,17.325000762939453,14.256739616394043,65600,0.0
2001-11-02,17.337499618530273,17.46500015258789,17.287500381469727,17.372499465942383,14.29582691192627,67200,0.0
2001-11-05,17.462499618530273,17.549999237060547,17.462499618530273,17.549999237060547,14.441888809204102,32000,0.0
2001-11-06,17.524999618530273,17.6825008392334,17.47249984741211,17.6825008392334,14.55092716217041,80400,0.0
2001-11-07,17.622499465942383,17.770000457763672,17.594999313354492,17.594999313354492,14.478923797607422,96400,0.0
2001-11-08,17.735000610351562,17.837499618530273,17.5,17.559999465942383,14.450126647949219,90000,0.0
2001-11-09,17.5,17.53499984741211,17.415000915527344,17.467500686645508,14.374004364013672,54400,0.0
2001-11-12,17.325000762939453,17.522499084472656,17.162500381469727,17.482500076293945,14.386348724365234,42800,0.0
2001-11-13,17.600000381469727,17.792499542236328,17.600000381469727,17.792499542236328,14.641446113586426,108400,0.0
2001-11-14,17.975000381469727,18.020000457763672,17.760000228881836,18.010000228881836,14.820425987243652,191600,0.0
2001-11-15,17.94499969482422,17.94499969482422,17.727500915527344,17.8174991607666,14.662016868591309,79200,0.0
2001-11-16,17.7549991607666,17.834999084472656,17.68000030517578,17.797500610351562,14.645562171936035,345200,0.0
2001-11-19,17.8125,17.997499465942383,17.8125,17.997499465942383,14.810133934020996,94800,0.0
2001-11-20,18.024999618530273,18.15999984741211,17.969999313354492,18.014999389648438,14.824540138244629,125200,0.0
2001-11-21,17.975000381469727,17.975000381469727,17.787500381469727,17.875,14.709330558776855,64800,0.0
2001-11-23,17.837499618530273,18.135000228881836,17.837499618530273,18.135000228881836,14.923284530639648,28000,0.0
2001-11-26,18.172500610351562,18.252500534057617,18.075000762939453,18.252500534057617,15.019975662231445,67600,0.0
2001-11-27,18.22249984741211,18.34000015258789,18.037500381469727,18.197500228881836,14.974726676940918,32000,0.0
2001-11-28,18.00749969482422,18.135000228881836,17.850000381469727,17.899999618530273,14.729903221130371,215200,0.0
2001-11-29,17.887500762939453,18.107500076293945,17.782499313354492,18.107500076293945,14.900654792785645,46400,0.0
2001-11-30,18.142499923706055,18.19499969482422,18.094999313354492,18.19499969482422,14.972660064697266,30400,0.0
2001-12-03,18.040000915527344,18.0625,17.872499465942383,18.059999465942383,14.86156940460205,21200,0.0
2001-12-04,18.00749969482422,18.447500228881836,18.00749969482422,18.399999618530273,15.141350746154785,56000,0.0
2001-12-05,18.625,18.982500076293945,18.625,18.97249984741211,15.612469673156738,86400,0.0
2001-12-06,18.825000762939453,19.022499084472656,18.825000762939453,18.887500762939453,15.542521476745605,62400,0.0
2001-12-07,18.825000762939453,18.979999542236328,18.825000762939453,18.917499542236328,15.567214965820312,33200,0.0
2001-12-10,18.799999237060547,18.892499923706055,18.565000534057617,18.625,15.32651138305664,64800,0.0
2001-12-11,18.725000381469727,18.795000076293945,18.575000762939453,18.575000762939453,15.285365104675293,72000,0.0
2001-12-12,18.600000381469727,18.700000762939453,18.395000457763672,18.545000076293945,15.260675430297852,978000,0.0
2001-12-13,18.417499542236328,18.520000457763672,18.302499771118164,18.302499771118164,15.061123847961426,78800,0.0
2001-12-14,18.350000381469727,18.467500686645508,18.22249984741211,18.407499313354492,15.147526741027832,94000,0.0
2001-12-17,18.362499237060547,18.670000076293945,18.362499237060547,18.655000686645508,15.355785369873047,87200,0.0055
2001-12-18,18.799999237060547,18.94499969482422,18.799999237060547,18.93000030517578,15.582152366638184,44000,0.0
2001-12-19,18.712499618530273,18.979999542236328,18.712499618530273,18.905000686645508,15.561564445495605,106800,0.0
2001-12-20,18.887500762939453,18.887500762939453,18.600000381469727,18.655000686645508,15.355785369873047,119200,0.0
2001-12-21,18.725000381469727,19.079999923706055,18.697500228881836,19.079999923706055,15.705621719360352,131200,0.0
2001-12-24,19.075000762939453,19.209999084472656,19.05500030517578,19.200000762939453,15.804399490356445,40400,0.0
2001-12-26,19.3125,19.412500381469727,19.3125,19.40999984741211,15.977262496948242,208400,0.0
2001-12-27,19.450000762939453,19.524999618530273,19.375,19.475000381469727,16.030763626098633,300000,0.0
2001-12-28,19.530000686645508,19.602500915527344,19.475000381469727,19.485000610351562,16.038986206054688,302000,0.0
2001-12-31,19.5049991607666,19.55500030517578,19.237499237060547,19.237499237060547,15.8352689743042,190000,0.0
2002-01-02,19.337499618530273,19.337499618530273,18.885000228881836,19.147499084472656,15.761185646057129,153600,0.0
2002-01-03,19.200000762939453,19.454999923706055,19.200000762939453,19.4424991607666,16.004013061523438,133200,0.0
2002-01-04,19.575000762939453,19.674999237060547,19.420000076293945,19.622499465942383,16.152175903320312,193600,0.0
2002-01-07,19.6875,19.700000762939453,19.350000381469727,19.350000381469727,15.927868843078613,265200,0.0
2002-01-08,19.362499237060547,19.537500381469727,19.262500762939453,19.537500381469727,16.082218170166016,92400,0.0
2002-01-09,19.6875,19.712499618530273,19.360000610351562,19.362499237060547,15.938155174255371,878800,0.0
2002-01-10,19.399999618530273,19.399999618530273,19.302499771118164,19.3700008392334,15.944336891174316,42800,0.0
2002-01-11,19.399999618530273,19.5,19.1825008392334,19.1825008392334,15.789998054504395,77200,0.0
2002-01-14,19.079999923706055,19.094999313354492,18.827499389648438,18.875,15.536874771118164,132400,0.0
2002-01-15,18.912500381469727,18.967500686645508,18.774999618530273,18.924999237060547,15.578034400939941,98800,0.0
2002-01-16,18.8125,18.852500915527344,18.59749984741211,18.59749984741211,15.30844783782959,133200,0.0
2002-01-17,18.825000762939453,18.915000915527344,18.56999969482422,18.915000915527344,15.569811820983887,204800,0.0
2002-01-18,18.790000915527344,18.850000381469727,18.587499618530273,18.614999771118164,15.322846412658691,43600,0.0
2002-01-22,18.649999618530273,18.74250030517578,18.389999389648438,18.424999237060547,15.16645622253418,403600,0.0
2002-01-23,18.5,18.80500030517578,18.387500762939453,18.772499084472656,15.452498435974121,164800,0.0
2002-01-24,18.93000030517578,18.997499465942383,18.77750015258789,18.827499389648438,15.497773170471191,79600,0.0
2002-01-25,18.729999542236328,18.9375,18.729999542236328,18.922500610351562,15.575980186462402,182800,0.0
2002-01-28,18.950000762939453,19.010000228881836,18.795000076293945,18.985000610351562,15.627421379089355,63200,0.0
2002-01-29,19.010000228881836,19.02750015258789,18.5674991607666,18.6825008392334,15.378426551818848,118800,0.0
2002-01-30,18.625,18.957500457763672,18.477500915527344,18.952499389648438,15.600674629211426,321600,0.0
2002-01-31,19.087499618530273,19.25,18.952499389648438,19.25,15.84555721282959,108800,0.0
2002-02-01,19.225000381469727,19.295000076293945,19.040000915527344,19.114999771118164,15.734430313110352,143200,0.0
2002-02-04,19.100000381469727,19.100000381469727,18.577499389648438,18.655000686645508,15.355785369873047,78400,0.0
2002-02-05,18.537500381469727,18.747499465942383,18.49250030517578,18.602500915527344,15.3125638961792,61200,0.0
2002-02-06,18.684999465942383,18.927499771118164,18.350000381469727,18.417499542236328,15.160299301147461,168400,0.0
2002-02-07,18.424999237060547,18.424999237060547,18.149999618530273,18.149999618530273,14.940093040466309,69600,0.0
2002-02-08,18.149999618530273,18.459999084472656,18.114999771118164,18.459999084472656,15.195276260375977,81200,0.0
2002-02-11,18.5049991607666,18.78499984741211,18.467500686645508,18.770000457763672,15.450451850891113,45200,0.0
2002-02-12,18.612499237060547,18.809999465942383,18.52750015258789,18.760000228881836,15.442209243774414,102400,0.0
2002-02-13,18.787500381469727,18.9424991607666,18.727500915527344,18.887500762939453,15.547162055969238,86400,0.0
2002-02-14,19.022499084472656,19.087499618530273,18.727500915527344,18.752500534057617,15.436040878295898,69600,0.0
2002-02-15,18.697500228881836,18.780000686645508,18.5625,18.707500457763672,15.399006843566895,34400,0.0
2002-02-19,18.5,18.53499984741211,18.25,18.282499313354492,15.04915714263916,52800,0.0
2002-02-20,18.362499237060547,18.5,18.09749984741211,18.5,15.22819995880127,193600,0.0
2002-02-21,18.477500915527344,18.579999923706055,18.174999237060547,18.1924991607666,14.975076675415039,151200,0.0
2002-02-22,18.212499618530273,18.397499084472656,18.077499389648438,18.325000762939453,15.084152221679688,123600,0.0
2002-02-25,18.475000381469727,18.604999542236328,18.3700008392334,18.579999923706055,15.294045448303223,108800,0.0
2002-02-26,18.549999237060547,18.735000610351562,18.467500686645508,18.68000030517578,15.376358032226562,71200,0.0
2002-02-27,18.792499542236328,18.897499084472656,18.637500762939453,18.700000762939453,15.39282512664795,102800,0.0
2002-02-28,18.862499237060547,18.862499237060547,18.582500457763672,18.610000610351562,15.318741798400879,56400,0.0
2002-03-01,18.69499969482422,19.017499923706055,18.657499313354492,19.017499923706055,15.654169082641602,80800,0.0
2002-03-04,19.174999237060547,19.50749969482422,19.125,19.497499465942383,16.049283981323242,262400,0.0
2002-03-05,19.424999237060547,19.594999313354492,19.292499542236328,19.354999542236328,15.931992530822754,140800,0.0
2002-03-06,19.325000762939453,19.600000381469727,19.2450008392334,19.582500457763672,16.119258880615234,278400,0.0
2002-03-07,19.700000762939453,19.795000076293945,19.537500381469727,19.59000015258789,16.125436782836914,165600,0.0
2002-03-08,19.799999237060547,19.88249969482422,19.700000762939453,19.782499313354492,16.28388023376465,151600,0.0
2002-03-11,19.762500762939453,19.8700008392334,19.602500915527344,19.8075008392334,16.31064224243164,88800,0.0075
2002-03-12,19.530000686645508,19.77750015258789,19.477500915527344,19.700000762939453,16.22212028503418,120800,0.0
2002-03-13,19.575000762939453,19.684999465942383,19.5,19.584999084472656,16.12742805480957,89200,0.0
2002-03-14,19.612499237060547,19.760000228881836,19.514999389648438,19.59000015258789,16.13154411315918,71200,0.0
2002-03-15,19.5625,19.782499313354492,19.512500762939453,19.72249984741211,16.24065399169922,84400,0.0
2002-03-18,19.875,19.934999465942383,19.74250030517578,19.889999389648438,16.37858009338379,100400,0.0
2002-03-19,19.862499237060547,19.9950008392334,19.837499618530273,19.99250030517578,16.462982177734375,94800,0.0
2002-03-20,19.8700008392334,19.8700008392334,19.670000076293945,19.727500915527344,16.244762420654297,101200,0.0
2002-03-21,19.729999542236328,19.8799991607666,19.552499771118164,19.837499618530273,16.335338592529297,122400,0.0
2002-03-22,19.8125,20.03499984741211,19.782499313354492,19.792499542236328,16.29828643798828,105600,0.0
2002-03-25,19.8075008392334,19.81999969482422,19.485000610351562,19.549999237060547,16.098602294921875,109200,0.0
2002-03-26,19.610000610351562,19.727500915527344,19.522499084472656,19.65250015258789,16.18300437927246,88000,0.0
2002-03-27,19.655000686645508,19.9325008392334,19.655000686645508,19.9325008392334,16.413570404052734,112400,0.0
2002-03-28,19.987499237060547,20.149999618530273,19.905000686645508,19.977500915527344,16.450632095336914,160000,0.0
2002-04-01,19.737499237060547,19.934999465942383,19.612499237060547,19.852500915527344,16.347698211669922,456000,0.0
2002-04-02,19.6875,19.84000015258789,19.674999237060547,19.71500015258789,16.234468460083008,158800,0.0
2002-04-03,19.697500228881836,19.735000610351562,19.459999084472656,19.587499618530273,16.129484176635742,90800,0.0
2002-04-04,19.487499237060547,19.709999084472656,19.482500076293945,19.709999084472656,16.23036003112793,50000,0.0
2002-04-05,19.787500381469727,19.8174991607666,19.627500534057617,19.645000457763672,16.176836013793945,531600,0.0
2002-04-08,19.5,19.895000457763672,19.4424991607666,19.8174991607666,16.31887435913086,90000,0.0
2002-04-09,19.875,20.00749969482422,19.829999923706055,19.88249969482422,16.372392654418945,106400,0.0
2002-04-10,19.917499542236328,20.145000457763672,19.899999618530273,20.145000457763672,16.58856201171875,201200,0.0
2002-04-11,20.100000381469727,20.125,19.799999237060547,19.857500076293945,16.3518123626709,138000,0.0
2002-04-12,20.03499984741211,20.1825008392334,19.877500534057617,20.1825008392334,16.61944580078125,78000,0.0
2002-04-15,20.287500381469727,20.332500457763672,20.09000015258789,20.09000015258789,16.54326629638672,155600,0.0
2002-04-16,20.350000381469727,20.5625,20.350000381469727,20.5625,16.932355880737305,294800,0.0
2002-04-17,20.575000762939453,20.604999542236328,20.377500534057617,20.420000076293945,16.815013885498047,202800,0.0
2002-04-18,20.420000076293945,20.469999313354492,20.1825008392334,20.457500457763672,16.84588623046875,100000,0.0
2002-04-19,20.524999618530273,20.532499313354492,20.385000228881836,20.44499969482422,16.83559799194336,55600,0.0
2002-04-22,20.38249969482422,20.38249969482422,20.162500381469727,20.219999313354492,16.65031623840332,92000,0.0
2002-04-23,20.25,20.325000762939453,20.1875,20.1875,16.623565673828125,54800,0.0
2002-04-24,20.357500076293945,20.4325008392334,20.174999237060547,20.197500228881836,16.631790161132812,63600,0.0
2002-04-25,20.024999618530273,20.2450008392334,19.987499237060547,20.21500015258789,16.646211624145508,197600,0.0
2002-04-26,20.25,20.3125,19.934999465942383,19.934999465942383,16.415630340576172,107200,0.0
2002-04-29,20.0049991607666,20.010000228881836,19.78499984741211,19.905000686645508,16.39093017578125,64400,0.0
2002-04-30,19.924999237060547,20.2549991607666,19.924999237060547,20.200000762939453,16.633846282958984,156000,0.0
2002-05-01,20.212499618530273,20.362499237060547,19.967500686645508,20.270000457763672,16.691482543945312,164400,0.0
2002-05-02,20.3125,20.452499389648438,20.229999542236328,20.292499542236328,16.71001625061035,151200,0.0
2002-05-03,20.31999969482422,20.31999969482422,20.11750030517578,20.219999313354492,16.65031623840332,56000,0.0
2002-05-06,20.274999618530273,20.309999465942383,19.852500915527344,19.852500915527344,16.347698211669922,218400,0.0
2002-05-07,19.950000762939453,19.950000762939453,19.645000457763672,19.72249984741211,16.24065399169922,67600,0.0
2002-05-08,20.012500762939453,20.177499771118164,19.967500686645508,20.170000076293945,16.609148025512695,325200,0.0
2002-05-09,20.112499237060547,20.149999618530273,19.809999465942383,19.809999465942383,16.31270408630371,144800,0.0
2002-05-10,19.875,19.875,19.549999237060547,19.584999084472656,16.12742805480957,71600,0.0
2002-05-13,19.645000457763672,19.832500457763672,19.5,19.832500457763672,16.33123016357422,246800,0.0
2002-05-14,20.1200008392334,20.3799991607666,20.040000915527344,20.329999923706055,16.74090003967285,1307600,0.0
2002-05-15,20.292499542236328,20.582500457763672,20.1825008392334,20.34000015258789,16.749141693115234,372400,0.0
2002-05-16,20.450000762939453,20.452499389648438,20.072500228881836,20.13249969482422,16.578264236450195,283600,0.0
2002-05-17,20.174999237060547,20.3075008392334,20.0674991607666,20.262500762939453,16.685314178466797,199200,0.0
2002-05-20,20.125,20.170000076293945,19.952499389648438,19.952499389648438,16.43004035949707,556800,0.0
2002-05-21,20.012500762939453,20.077499389648438,19.540000915527344,19.6200008392334,16.156253814697266,117200,0.0
2002-05-22,19.612499237060547,19.625,19.399999618530273,19.572500228881836,16.11712646484375,87600,0.0
2002-05-23,19.649999618530273,19.877500534057617,19.482500076293945,19.815000534057617,16.31680679321289,66000,0.0
2002-05-24,19.795000076293945,19.795000076293945,19.582500457763672,19.61750030517578,16.154190063476562,75200,0.0
2002-05-28,19.625,19.625,19.225000381469727,19.510000228881836,16.065664291381836,145600,0.0
2002-05-29,19.424999237060547,19.424999237060547,19.209999084472656,19.21500015258789,15.822742462158203,75600,0.0
2002-05-30,19.145000457763672,19.360000610351562,19.0625,19.272499084472656,15.870096206665039,730400,0.0
2002-05-31,19.350000381469727,19.537500381469727,19.290000915527344,19.309999465942383,15.90096664428711,67200,0.0
2002-06-03,19.274999618530273,19.274999618530273,18.672500610351562,18.672500610351562,15.376021385192871,170800,0.0
2002-06-04,18.700000762939453,18.725000381469727,18.412500381469727,18.575000762939453,15.295731544494629,158400,0.0
2002-06-05,18.625,18.729999542236328,18.530000686645508,18.729999542236328,15.423361778259277,161600,0.0
2002-06-06,18.674999237060547,18.725000381469727,18.43000030517578,18.450000762939453,15.19279670715332,123200,0.0
2002-06-07,18.25,18.704999923706055,18.137500762939453,18.65999984741211,15.365724563598633,124000,0.0
2002-06-10,18.712499618530273,18.897499084472656,18.712499618530273,18.75,15.43984317779541,120400,0.0
2002-06-11,18.8125,18.842500686645508,18.392499923706055,18.417499542236328,15.166036605834961,54400,0.0
2002-06-12,18.387500762939453,18.49250030517578,18.190000534057617,18.422500610351562,15.170151710510254,124400,0.0
2002-06-13,18.354999542236328,18.475000381469727,18.149999618530273,18.149999618530273,14.945762634277344,167200,0.0
2002-06-14,17.899999618530273,18.2450008392334,17.704999923706055,18.235000610351562,15.015761375427246,370800,0.0
2002-06-17,18.325000762939453,18.8125,18.325000762939453,18.809999465942383,15.49455451965332,91600,0.00625
2002-06-18,18.887500762939453,18.997499465942383,18.735000610351562,18.75,15.445138931274414,77200,0.0
2002-06-19,18.700000762939453,18.934999465942383,18.479999542236328,18.479999542236328,15.22272777557373,47200,0.0
2002-06-20,18.637500762939453,18.637500762939453,18.30500030517578,18.327499389648438,15.097101211547852,97600,0.0
2002-06-21,18.274999618530273,18.4375,18.174999237060547,18.18000030517578,14.975595474243164,86000,0.0
2002-06-24,18.075000762939453,18.352500915527344,17.825000762939453,18.209999084472656,15.000307083129883,222800,0.0
2002-06-25,18.287500381469727,18.337499618530273,17.732500076293945,17.78499984741211,14.650223731994629,292400,0.0
2002-06-26,17.325000762939453,17.81999969482422,17.25,17.770000457763672,14.637866020202637,168000,0.0
2002-06-27,18.045000076293945,18.125,17.75,18.125,14.93029499053955,79600,0.0
2002-06-28,18.149999618530273,18.357500076293945,18.125,18.125,14.93029499053955,82000,0.0
2002-07-01,18.100000381469727,18.190000534057617,17.522499084472656,17.53499984741211,14.444286346435547,252000,0.0
2002-07-02,17.399999618530273,17.399999618530273,16.975000381469727,16.975000381469727,13.982989311218262,98000,0.0
2002-07-03,16.899999618530273,17.079999923706055,16.592500686645508,16.947500228881836,13.96033763885498,145600,0.0
2002-07-05,17.0625,17.475000381469727,17.0625,17.475000381469727,14.394869804382324,84400,0.0
2002-07-08,17.5,17.502500534057617,17.212499618530273,17.24250030517578,14.20334529876709,137600,0.0
2002-07-09,17.274999618530273,17.325000762939453,16.934999465942383,16.934999465942383,13.950043678283691,76800,0.0
2002-07-10,17.087499618530273,17.087499618530273,16.542499542236328,16.607500076293945,13.680269241333008,76800,0.0
2002-07-11,16.375,16.522499084472656,16.0674991607666,16.512500762939453,13.602007865905762,243600,0.0
2002-07-12,16.549999237060547,16.702499389648438,16.372499465942383,16.457500457763672,13.556707382202148,75600,0.0
2002-07-15,16.212499618530273,16.260000228881836,15.604999542236328,16.1200008392334,13.278694152832031,115200,0.0
2002-07-16,16.149999618530273,16.282499313354492,15.842499732971191,15.842499732971191,13.050108909606934,67200,0.0
2002-07-17,16.299999237060547,16.392499923706055,15.739999771118164,16.077499389648438,13.243682861328125,121600,0.0
2002-07-18,16.075000762939453,16.075000762939453,15.569999694824219,15.704999923706055,12.936843872070312,59600,0.0
2002-07-19,15.4375,15.52750015258789,15.09749984741211,15.167499542236328,12.494084358215332,225200,0.0
2002-07-22,15.125,15.367500305175781,14.6274995803833,14.800000190734863,12.191359519958496,238000,0.0
2002-07-23,14.925000190734863,15.010000228881836,14.397500038146973,14.397500038146973,11.859797477722168,196400,0.0
2002-07-24,13.9375,15.305000305175781,13.9375,15.282500267028809,12.588808059692383,140800,0.0
2002-07-25,15.149999618530273,15.607500076293945,15.125,15.307499885559082,12.609402656555176,214800,0.0
2002-07-26,15.300000190734863,15.5,15.164999961853027,15.460000038146973,12.735025405883789,258800,0.0
2002-07-29,15.824999809265137,16.357500076293945,15.787500381469727,16.327499389648438,13.449620246887207,235200,0.0
2002-07-30,16.237499237060547,16.5049991607666,15.917499542236328,16.334999084472656,13.45579719543457,138800,0.0
2002-07-31,16.274999618530273,16.297500610351562,15.930000305175781,16.0,13.179842948913574,129600,0.0
2002-08-01,15.899999618530273,16.065000534057617,15.7475004196167,15.765000343322754,12.986266136169434,109200,0.0
2002-08-02,15.762499809265137,15.762499809265137,15.15999984741211,15.3100004196167,12.611465454101562,91600,0.0
2002-08-05,15.1875,15.289999961853027,14.875,14.892499923706055,12.267553329467773,121600,0.0
2002-08-06,15.1875,15.524999618530273,15.1875,15.414999961853027,12.697957038879395,91600,0.0
2002-08-07,15.739999771118164,15.739999771118164,15.300000190734863,15.617500305175781,12.864764213562012,103600,0.0
2002-08-08,15.625,15.9975004196167,15.507499694824219,15.957500457763672,13.144835472106934,107600,0.0
2002-08-09,15.762499809265137,16.087499618530273,15.645000457763672,15.922499656677246,13.116007804870605,107600,0.0
2002-08-12,15.672499656677246,16.05500030517578,15.672499656677246,15.967499732971191,13.153070449829102,91200,0.0
2002-08-13,15.75,16.072500228881836,15.557499885559082,15.600000381469727,12.850345611572266,254800,0.0
2002-08-14,15.734999656677246,16.11750030517578,15.462499618530273,16.104999542236328,13.266339302062988,140400,0.0
2002-08-15,16.237499237060547,16.385000228881836,16.167499542236328,16.3125,13.437263488769531,335600,0.0
2002-08-16,16.262500762939453,16.59749984741211,16.25,16.450000762939453,13.550524711608887,326000,0.0
2002-08-19,16.487499237060547,16.860000610351562,16.440000534057617,16.827499389648438,13.861492156982422,111200,0.0
2002-08-20,16.700000762939453,16.780000686645508,16.607500076293945,16.6924991607666,13.750283241271973,294400,0.0
2002-08-21,16.854999542236328,16.950000762939453,16.645000457763672,16.950000762939453,13.962401390075684,138000,0.0
2002-08-22,16.912500381469727,17.162500381469727,16.864999771118164,17.122499465942383,14.104491233825684,237600,0.0
2002-08-23,17.012500762939453,17.047500610351562,16.674999237060547,16.719999313354492,13.772936820983887,136800,0.0
2002-08-26,16.75,16.887500762939453,16.4950008392334,16.764999389648438,13.810009956359863,88000,0.0
2002-08-27,16.892499923706055,16.892499923706055,16.395000457763672,16.5049991607666,13.595830917358398,732000,0.0
2002-08-28,16.362499237060547,16.407499313354492,16.0625,16.149999618530273,13.303406715393066,114000,0.0
2002-08-29,16.0625,16.479999542236328,15.9399995803833,16.44499969482422,13.546407699584961,87600,0.0
2002-08-30,16.299999237060547,16.520000457763672,16.299999237060547,16.302499771118164,13.429025650024414,79200,0.0
2002-09-03,16.162500381469727,16.162500381469727,15.704999923706055,15.704999923706055,12.936843872070312,199200,0.0
2002-09-04,15.800000190734863,16.1825008392334,15.739999771118164,16.09000015258789,13.25397777557373,128400,0.0
2002-09-05,15.987500190734863,16.104999542236328,15.832500457763672,15.887499809265137,13.087173461914062,106800,0.0
2002-09-06,16.1875,16.417499542236328,16.059999465942383,16.264999389648438,13.39813232421875,82400,0.0
2002-09-09,16.274999618530273,16.532499313354492,16.094999313354492,16.447500228881836,13.548470497131348,147200,0.0
2002-09-10,16.4375,16.622499465942383,16.362499237060547,16.5625,13.643194198608398,150400,0.0
2002-09-11,16.850000381469727,16.850000381469727,16.575000762939453,16.612499237060547,13.684386253356934,702400,0.0
2002-09-12,16.549999237060547,16.549999237060547,16.1875,16.25,13.385782241821289,108800,0.0
2002-09-13,16.0625,16.427499771118164,16.049999237060547,16.40250015258789,13.511401176452637,71600,0.0
2002-09-16,16.1875,16.344999313354492,16.177499771118164,16.252500534057617,13.424053192138672,121200,0.04425
2002-09-17,16.350000381469727,16.385000228881836,15.914999961853027,16.010000228881836,13.223753929138184,168800,0.0
2002-09-18,15.75,15.912500381469727,15.604999542236328,15.75,13.009008407592773,727200,0.0
2002-09-19,15.537500381469727,15.6875,15.362500190734863,15.375,12.699267387390137,749600,0.0
2002-09-20,15.5625,15.5649995803833,15.369999885559082,15.507499694824219,12.808706283569336,543200,0.0
2002-09-23,15.412500381469727,15.412500381469727,15.037500381469727,15.072500228881836,12.449413299560547,345600,0.0
2002-09-24,15.037500381469727,15.267499923706055,15.0,15.02750015258789,12.412240982055664,122000,0.0
2002-09-25,15.237500190734863,15.53499984741211,15.077500343322754,15.467499732971191,12.775671005249023,391200,0.0
2002-09-26,15.637499809265137,15.744999885559082,15.52750015258789,15.677499771118164,12.949117660522461,109200,0.0
2002-09-27,15.77750015258789,15.835000038146973,15.392499923706055,15.489999771118164,12.794256210327148,54000,0.0
2002-09-30,15.125,15.550000190734863,14.949999809265137,15.432499885559082,12.746760368347168,1436000,0.0
2002-10-01,15.550000190734863,15.71500015258789,15.172499656677246,15.71500015258789,12.98009204864502,677600,0.0
2002-10-02,15.699999809265137,15.8100004196167,15.364999771118164,15.417499542236328,12.734368324279785,294000,0.0
2002-10-03,15.357500076293945,15.5024995803833,15.199999809265137,15.202500343322754,12.556784629821777,94000,0.0
2002-10-04,15.262499809265137,15.262499809265137,14.595000267028809,14.699999809265137,12.141740798950195,262800,0.0
2002-10-07,14.662500381469727,14.744999885559082,14.232500076293945,14.232500076293945,11.755599975585938,151600,0.0
2002-10-08,14.4375,14.710000038146973,14.229999542236328,14.539999961853027,12.00958251953125,106800,0.0
2002-10-09,14.475000381469727,14.520000457763672,14.100000381469727,14.102499961853027,11.648221969604492,181600,0.0
2002-10-10,14.119999885559082,14.609999656677246,14.017499923706055,14.572500228881836,12.036428451538086,244400,0.0
2002-10-11,14.912500381469727,15.234999656677246,14.912500381469727,14.96500015258789,12.360624313354492,186800,0.0
2002-10-14,14.912500381469727,15.204999923706055,14.912500381469727,15.125,12.492777824401855,100000,0.0
2002-10-15,15.662500381469727,15.800000190734863,15.649999618530273,15.75,13.009008407592773,565600,0.0
2002-10-16,15.587499618530273,15.625,15.267499923706055,15.327500343322754,12.660030364990234,320400,0.0
2002-10-17,15.649999618530273,15.850000381469727,15.649999618530273,15.802499771118164,13.052367210388184,267600,0.0
2002-10-18,15.762499809265137,15.975000381469727,15.71500015258789,15.975000381469727,13.19485092163086,604000,0.0
2002-10-21,15.912500381469727,16.3174991607666,15.795000076293945,16.262500762939453,13.432315826416016,217200,0.0
2002-10-22,16.024999618530273,16.197500228881836,15.912500381469727,16.00749969482422,13.221691131591797,347200,0.0
2002-10-23,15.912500381469727,16.200000762939453,15.8125,16.200000762939453,13.38068962097168,222800,0.0
2002-10-24,16.262500762939453,16.30500030517578,15.952500343322754,15.962499618530273,13.18452262878418,199200,0.0
2002-10-25,15.970000267028809,16.21500015258789,15.962499618530273,16.21500015258789,13.393080711364746,100400,0.0
2002-10-28,16.344999313354492,16.344999313354492,15.9350004196167,15.962499618530273,13.18452262878418,789200,0.0
2002-10-29,15.914999961853027,15.962499618530273,15.59749984741211,15.914999961853027,13.145293235778809,1808800,0.0
2002-10-30,15.914999961853027,16.177499771118164,15.914999961853027,16.147499084472656,13.337327003479004,2566400,0.0
2002-10-31,16.299999237060547,16.322500228881836,16.100000381469727,16.155000686645508,13.343518257141113,1427200,0.0
2002-11-01,16.112499237060547,16.502500534057617,16.02750015258789,16.4325008392334,13.572721481323242,1728000,0.0
2002-11-04,16.712499618530273,16.875,16.517499923706055,16.552499771118164,13.671847343444824,1000000,0.0
2002-11-05,16.549999237060547,16.587499618530273,16.34749984741211,16.5049991607666,13.632607460021973,636400,0.0
2002-11-06,16.5,16.822500228881836,16.452499389648438,16.75,13.834975242614746,441200,0.0
2002-11-07,16.642499923706055,16.65999984741211,16.377500534057617,16.4375,13.576858520507812,393600,0.0
2002-11-08,16.424999237060547,16.482500076293945,16.139999389648438,16.235000610351562,13.409598350524902,344800,0.0
2002-11-11,16.125,16.172500610351562,15.807499885559082,15.854999542236328,13.095727920532227,569600,0.0
2002-11-12,15.949999809265137,16.125,15.852499961853027,16.0049991607666,13.21963119506836,122400,0.0
2002-11-13,15.899999618530273,16.264999389648438,15.850000381469727,16.165000915527344,13.351785659790039,388000,0.0
2002-11-14,16.350000381469727,16.545000076293945,16.329999923706055,16.545000076293945,13.665648460388184,153200,0.0
2002-11-15,16.487499237060547,16.665000915527344,16.420000076293945,16.549999237060547,13.669777870178223,141200,0.0
2002-11-18,16.549999237060547,16.622499465942383,16.299999237060547,16.325000762939453,13.483931541442871,154000,0.0
2002-11-19,16.25,16.34000015258789,16.125,16.197500228881836,13.378623008728027,135600,0.0
2002-11-20,16.100000381469727,16.512500762939453,16.100000381469727,16.5,13.628486633300781,224400,0.0
2002-11-21,16.575000762939453,16.934999465942383,16.575000762939453,16.834999084472656,13.90517520904541,262800,0.0
2002-11-22,16.834999084472656,17.082500457763672,16.752500534057617,16.979999542236328,14.024945259094238,220000,0.0
2002-11-25,16.979999542236328,17.11750030517578,16.827499389648438,17.037500381469727,14.072439193725586,228000,0.0
2002-11-26,17.037500381469727,17.0674991607666,16.71500015258789,16.71500015258789,13.806061744689941,220000,0.0
2002-11-27,16.962499618530273,17.15250015258789,16.8799991607666,17.125,14.144710540771484,210800,0.0
2002-11-29,17.21500015258789,17.21500015258789,17.045000076293945,17.0674991607666,14.097221374511719,191200,0.0
2002-12-02,17.262500762939453,17.34000015258789,17.049999237060547,17.1200008392334,14.140582084655762,303600,0.0
2002-12-03,17.024999618530273,17.024999618530273,16.770000457763672,16.78499984741211,13.863879203796387,269200,0.0
2002-12-04,16.6200008392334,16.90250015258789,16.5674991607666,16.825000762939453,13.896921157836914,738000,0.0
2002-12-05,16.850000381469727,16.850000381469727,16.552499771118164,16.59000015258789,13.7028169631958,95200,0.0
2002-12-06,16.575000762939453,16.787500381469727,16.462499618530273,16.735000610351562,13.822585105895996,104400,0.0
2002-12-09,16.674999237060547,16.674999237060547,16.352500915527344,16.3799991607666,13.52936840057373,168400,0.0
2002-12-10,16.412500381469727,16.690000534057617,16.385000228881836,16.690000534057617,13.785414695739746,74000,0.0
2002-12-11,16.6299991607666,16.75,16.5,16.700000762939453,13.793675422668457,130800,0.0
2002-12-12,16.725000381469727,16.797500610351562,16.63249969482422,16.65250015258789,13.754443168640137,161200,0.0
2002-12-13,16.5,16.610000610351562,16.375,16.392499923706055,13.539691925048828,196400,0.0
2002-12-16,16.377500534057617,16.647499084472656,16.377500534057617,16.645000457763672,13.759787559509277,426000,0.01375
2002-12-17,16.575000762939453,16.717500686645508,16.452499389648438,16.452499389648438,13.600655555725098,111200,0.0
2002-12-18,16.412500381469727,16.457500457763672,16.172500610351562,16.292499542236328,13.468388557434082,237200,0.0
2002-12-19,16.28499984741211,16.40250015258789,16.065000534057617,16.065000534057617,13.280325889587402,282800,0.0
2002-12-20,16.137500762939453,16.3799991607666,16.137500762939453,16.325000762939453,13.495257377624512,295200,0.0
2002-12-23,16.360000610351562,16.479999542236328,16.295000076293945,16.40250015258789,13.559322357177734,137200,0.0
2002-12-24,16.350000381469727,16.46500015258789,16.350000381469727,16.415000915527344,13.569652557373047,31600,0.0
2002-12-26,16.459999084472656,16.582500457763672,16.392499923706055,16.420000076293945,13.5737886428833,128800,0.0
2002-12-27,16.4375,16.4375,16.184999465942383,16.260000228881836,13.441523551940918,190800,0.0
2002-12-30,16.299999237060547,16.3125,16.024999618530273,16.24250030517578,13.427061080932617,152800,0.0
2002-12-31,16.24250030517578,16.4424991607666,16.104999542236328,16.267499923706055,13.447728157043457,154400,0.0
2003-01-02,16.274999618530273,16.709999084472656,16.267499923706055,16.709999084472656,13.813523292541504,280800,0.0
2003-01-03,16.5625,16.6924991607666,16.549999237060547,16.647499084472656,13.761850357055664,2763200,0.0
2003-01-06,16.700000762939453,16.897499084472656,16.674999237060547,16.822500228881836,13.90651798248291,202000,0.0
2003-01-07,16.787500381469727,16.787500381469727,16.540000915527344,16.600000381469727,13.722591400146484,115200,0.0
2003-01-08,16.575000762939453,16.584999084472656,16.362499237060547,16.427499771118164,13.57999038696289,104800,0.0
2003-01-09,16.600000381469727,16.72249984741211,16.559999465942383,16.649999618530273,13.763920783996582,3682000,0.0
2003-01-10,16.5625,16.78499984741211,16.454999923706055,16.610000610351562,13.73085880279541,72000,0.0
2003-01-13,16.649999618530273,16.792499542236328,16.540000915527344,16.5674991607666,13.695722579956055,129200,0.0
2003-01-14,16.612499237060547,16.622499465942383,16.482500076293945,16.537500381469727,13.670921325683594,3577600,0.0
2003-01-15,16.594999313354492,16.594999313354492,16.352500915527344,16.485000610351562,13.627521514892578,71600,0.0
2003-01-16,16.524999618530273,16.635000228881836,16.405000686645508,16.427499771118164,13.57999038696289,91200,0.0
2003-01-17,16.299999237060547,16.4325008392334,16.197500228881836,16.299999237060547,13.474590301513672,78400,0.0
2003-01-21,16.25,16.322500228881836,15.975000381469727,15.979999542236328,13.210060119628906,111200,0.0
2003-01-22,15.912500381469727,16.11750030517578,15.862500190734863,15.90250015258789,13.145989418029785,666000,0.0
2003-01-23,16.030000686645508,16.200000762939453,15.942500114440918,16.149999618530273,13.350591659545898,178800,0.0
2003-01-24,16.017499923706055,16.094999313354492,15.827500343322754,15.837499618530273,13.092256546020508,246400,0.0
2003-01-27,15.699999809265137,15.8125,15.507499694824219,15.539999961853027,12.84632682800293,206000,0.0
2003-01-28,15.542499542236328,15.710000038146973,15.420000076293945,15.675000190734863,12.957926750183105,70800,0.0
2003-01-29,15.512499809265137,15.925000190734863,15.477499961853027,15.837499618530273,13.092256546020508,237600,0.0
2003-01-30,15.8125,15.835000038146973,15.505000114440918,15.582500457763672,12.881461143493652,73600,0.0
2003-01-31,15.487500190734863,15.835000038146973,15.487500190734863,15.795000076293945,13.057132720947266,79200,0.0
2003-02-03,15.737500190734863,15.84000015258789,15.567500114440918,15.567500114440918,12.869062423706055,166400,0.0
2003-02-04,15.569999694824219,15.65999984741211,15.489999771118164,15.645000457763672,12.933127403259277,227600,0.0
2003-02-05,15.625,15.75,15.505000114440918,15.520000457763672,12.829795837402344,133200,0.0
2003-02-06,15.550000190734863,15.585000038146973,15.392499923706055,15.395000457763672,12.726462364196777,66000,0.0
2003-02-07,15.569999694824219,15.574999809265137,15.225000381469727,15.234999656677246,12.594192504882812,221200,0.0
2003-02-10,15.225000381469727,15.329999923706055,15.074999809265137,15.319999694824219,12.664458274841309,141200,0.0
2003-02-11,15.337499618530273,15.5,15.242500305175781,15.305000305175781,12.652057647705078,567200,0.0
2003-02-12,15.324999809265137,15.324999809265137,15.095000267028809,15.107500076293945,12.488792419433594,769200,0.0
2003-02-13,15.107500076293945,15.107500076293945,14.912500381469727,15.015000343322754,12.412325859069824,175600,0.0
2003-02-14,15.1875,15.265000343322754,15.067500114440918,15.265000343322754,12.61899185180664,147200,0.0
2003-02-18,15.4399995803833,15.505000114440918,15.369999885559082,15.454999923706055,12.776061058044434,177200,0.0
2003-02-19,15.454999923706055,15.512499809265137,15.255000114440918,15.292499542236328,12.641730308532715,46000,0.0
2003-02-20,15.407500267028809,15.407500267028809,15.239999771118164,15.274999618530273,12.6272554397583,63600,0.0
2003-02-21,15.274999618530273,15.5625,15.265000343322754,15.524999618530273,12.833927154541016,28800,0.0
2003-02-24,15.475000381469727,15.475000381469727,15.107500076293945,15.107500076293945,12.488792419433594,92800,0.0
2003-02-25,15.045000076293945,15.364999771118164,14.982500076293945,15.300000190734863,12.64792537689209,98800,0.0
2003-02-26,15.237500190734863,15.3774995803833,15.164999961853027,15.164999961853027,12.536324501037598,50400,0.0
2003-02-27,15.262499809265137,15.380000114440918,15.202500343322754,15.354999542236328,12.693392753601074,48400,0.0
2003-02-28,15.404999732971191,15.460000038146973,15.324999809265137,15.350000381469727,12.6892671585083,43200,0.0
2003-03-03,15.5,15.539999961853027,15.1850004196167,15.267499923706055,12.621061325073242,300800,0.0
2003-03-04,15.25,15.255000114440918,14.984999656677246,15.0,12.39992904663086,76000,0.0
2003-03-05,15.055000305175781,15.092499732971191,14.949999809265137,15.077500343322754,12.463994979858398,35600,0.0
2003-03-06,14.987500190734863,15.050000190734863,14.897500038146973,14.944999694824219,12.354463577270508,330800,0.0
2003-03-07,14.800000190734863,15.079999923706055,14.800000190734863,15.079999923706055,12.466062545776367,62000,0.0
2003-03-10,15.0,15.0,14.692500114440918,14.692500114440918,12.155200958251953,55200,0.01175
2003-03-11,14.737500190734863,14.827500343322754,14.604999542236328,14.647500038146973,12.117977142333984,177600,0.0
2003-03-12,14.744999885559082,14.7475004196167,14.5,14.654999732971191,12.124175071716309,132400,0.0
2003-03-13,14.75,14.9975004196167,14.710000038146973,14.970000267028809,12.384778022766113,60400,0.0
2003-03-14,15.199999809265137,15.260000228881836,15.029999732971191,15.112500190734863,12.502673149108887,149200,0.0
2003-03-17,15.037500381469727,15.587499618530273,15.03499984741211,15.587499618530273,12.895637512207031,452400,0.0
2003-03-18,15.6875,15.699999809265137,15.462499618530273,15.6850004196167,12.976302146911621,130400,0.0
2003-03-19,15.6850004196167,15.774999618530273,15.612500190734863,15.737500190734863,13.019734382629395,214000,0.0
2003-03-20,15.637499809265137,15.8100004196167,15.449999809265137,15.765000343322754,13.042487144470215,94800,0.0
2003-03-21,15.854999542236328,16.0674991607666,15.805000305175781,16.0625,13.28860855102539,314000,0.0
2003-03-24,15.8725004196167,15.8725004196167,15.595000267028809,15.647500038146973,12.945280075073242,136400,0.0
2003-03-25,15.699999809265137,15.912500381469727,15.614999771118164,15.859999656677246,13.121082305908203,142800,0.0
2003-03-26,15.899999618530273,15.899999618530273,15.717499732971191,15.869999885559082,13.12936019897461,51200,0.0
2003-03-27,15.725000381469727,15.892499923706055,15.600000381469727,15.824999809265137,13.092124938964844,86000,0.0
2003-03-28,15.800000190734863,15.899999618530273,15.774999618530273,15.8774995803833,13.13555908203125,25200,0.0
2003-03-31,15.579999923706055,15.78499984741211,15.442500114440918,15.609999656677246,12.91425609588623,118000,0.0
2003-04-01,15.670000076293945,15.75,15.5024995803833,15.742500305175781,13.023874282836914,446000,0.0
2003-04-02,15.947500228881836,16.145000457763672,15.947500228881836,16.0625,13.28860855102539,304000,0.0
2003-04-03,16.100000381469727,16.100000381469727,15.942500114440918,15.987500190734863,13.2265625,274000,0.0
2003-04-04,16.037500381469727,16.037500381469727,15.862500190734863,15.9375,13.185202598571777,464800,0.0
2003-04-07,16.075000762939453,16.299999237060547,15.96500015258789,16.0,13.236903190612793,130800,0.0
2003-04-08,15.824999809265137,15.930000305175781,15.795000076293945,15.875,13.133488655090332,158400,0.0
2003-04-09,15.875,15.962499618530273,15.642499923706055,15.642499923706055,12.941142082214355,166000,0.0
2003-04-10,15.725000381469727,15.782500267028809,15.600000381469727,15.767499923706055,13.04455852508545,103200,0.0
2003-04-11,15.875,15.875,15.642499923706055,15.699999809265137,12.988715171813965,198000,0.0
2003-04-14,15.800000190734863,15.987500190734863,15.702500343322754,15.987500190734863,13.2265625,79200,0.0
2003-04-15,15.922499656677246,16.122499465942383,15.922499656677246,16.122499465942383,13.338250160217285,94800,0.0
2003-04-16,16.225000381469727,16.225000381469727,15.9350004196167,15.962499618530273,13.20588207244873,724400,0.0
2003-04-17,15.962499618530273,16.239999771118164,15.952500343322754,16.237499237060547,13.433390617370605,51600,0.0
2003-04-21,16.125,16.25,16.125,16.225000381469727,13.423053741455078,76800,0.0
2003-04-22,16.204999923706055,16.552499771118164,16.127500534057617,16.5,13.650559425354004,307600,0.0
2003-04-23,16.5,16.655000686645508,16.485000610351562,16.625,13.753973007202148,94000,0.0
2003-04-24,16.540000915527344,16.594999313354492,16.399999618530273,16.5,13.650559425354004,86400,0.0
2003-04-25,16.475000381469727,16.522499084472656,16.337499618530273,16.36750030517578,13.54094123840332,76000,0.0
2003-04-28,16.399999618530273,16.625,16.362499237060547,16.587499618530273,13.722949028015137,86000,0.0
2003-04-29,16.637500762939453,16.762500762939453,16.612499237060547,16.627500534057617,13.756038665771484,97600,0.0
2003-04-30,16.674999237060547,16.825000762939453,16.625,16.792499542236328,13.89254379272461,124800,0.0
2003-05-01,16.799999237060547,16.825000762939453,16.582500457763672,16.6924991607666,13.809812545776367,352000,0.0
2003-05-02,16.75,17.1200008392334,16.75,17.107500076293945,14.153141021728516,78800,0.0
2003-05-05,17.225000381469727,17.2450008392334,17.13249969482422,17.204999923706055,14.233818054199219,240800,0.0
2003-05-06,17.200000762939453,17.372499465942383,17.162500381469727,17.327499389648438,14.335156440734863,222000,0.0
2003-05-07,17.274999618530273,17.302499771118164,17.162500381469727,17.197500228881836,14.227607727050781,54800,0.0
2003-05-08,17.049999237060547,17.122499465942383,16.967500686645508,17.040000915527344,14.097309112548828,102000,0.0
2003-05-09,17.167499542236328,17.219999313354492,17.032499313354492,17.217500686645508,14.244156837463379,106800,0.0
2003-05-12,17.2549991607666,17.377500534057617,17.125,17.337499618530273,14.343430519104004,236400,0.0
2003-05-13,17.362499237060547,17.372499465942383,17.24250030517578,17.28499984741211,14.300000190734863,247200,0.0
2003-05-14,17.352500915527344,17.352500915527344,17.1924991607666,17.237499237060547,14.260693550109863,535200,0.0
2003-05-15,17.375,17.387500762939453,17.227500915527344,17.299999237060547,14.31240177154541,112400,0.0
2003-05-16,17.272499084472656,17.287500381469727,17.137500762939453,17.137500762939453,14.177971839904785,75200,0.0
2003-05-19,17.037500381469727,17.049999237060547,16.702499389648438,16.787500381469727,13.888412475585938,245600,0.0
2003-05-20,16.774999618530273,16.857500076293945,16.614999771118164,16.709999084472656,13.824295043945312,124400,0.0
2003-05-21,16.6825008392334,16.842500686645508,16.662500381469727,16.770000457763672,13.873929023742676,133200,0.0
2003-05-22,16.825000762939453,16.989999771118164,16.75,16.989999771118164,14.055937767028809,103200,0.0
2003-05-23,16.895000457763672,17.052499771118164,16.875,17.032499313354492,14.091094017028809,301200,0.0
2003-05-27,16.975000381469727,17.375,16.975000381469727,17.30500030517578,14.31654167175293,312000,0.0
2003-05-28,17.424999237060547,17.5575008392334,17.424999237060547,17.524999618530273,14.498550415039062,158400,0.0
2003-05-29,17.6200008392334,17.672500610351562,17.475000381469727,17.5049991607666,14.482004165649414,159200,0.0
2003-05-30,17.625,17.907499313354492,17.625,17.907499313354492,14.814995765686035,119200,0.0
2003-06-02,18.030000686645508,18.135000228881836,17.917499542236328,17.93000030517578,14.83360767364502,719600,0.0
2003-06-03,17.90999984741211,17.962499618530273,17.797500610351562,17.895000457763672,14.80465030670166,115600,0.0
2003-06-04,17.950000762939453,18.209999084472656,17.950000762939453,18.209999084472656,15.065254211425781,149600,0.0
2003-06-05,18.075000762939453,18.407499313354492,18.0,18.407499313354492,15.228643417358398,100800,0.0
2003-06-06,18.637500762939453,18.75,18.264999389648438,18.264999389648438,15.11074447631836,174800,0.0
2003-06-09,18.149999618530273,18.197500228881836,17.88249969482422,17.959999084472656,14.858423233032227,146000,0.0
2003-06-10,18.049999237060547,18.22249984741211,17.967500686645508,18.22249984741211,15.075586318969727,89600,0.0
2003-06-11,18.237499237060547,18.36750030517578,18.079999923706055,18.364999771118164,15.1934814453125,100400,0.0
2003-06-12,18.450000762939453,18.469999313354492,18.352500915527344,18.4424991607666,15.25760269165039,208000,0.0
2003-06-13,18.520000457763672,18.520000457763672,18.172500610351562,18.274999618530273,15.119025230407715,358000,0.0
2003-06-16,18.200000762939453,18.477500915527344,18.200000762939453,18.427499771118164,15.261687278747559,103600,0.01975
2003-06-17,18.549999237060547,18.610000610351562,18.4424991607666,18.5674991607666,15.377632141113281,418400,0.0
2003-06-18,18.5049991607666,18.5625,18.364999771118164,18.549999237060547,15.363134384155273,114800,0.0
2003-06-19,18.575000762939453,18.592500686645508,18.252500534057617,18.3125,15.16644287109375,296000,0.0
2003-06-20,18.395000457763672,18.395000457763672,18.184999465942383,18.25,15.114684104919434,174000,0.0
2003-06-23,18.190000534057617,18.19499969482422,17.829999923706055,17.837499618530273,14.773041725158691,167200,0.0
2003-06-24,17.897499084472656,18.020000457763672,17.792499542236328,17.9375,14.855865478515625,164000,0.0
2003-06-25,17.987499237060547,18.170000076293945,17.975000381469727,18.045000076293945,14.944905281066895,94800,0.0
2003-06-26,17.987499237060547,18.3125,17.987499237060547,18.264999389648438,15.12709903717041,83600,0.0
2003-06-27,18.274999618530273,18.510000228881836,18.274999618530273,18.325000762939453,15.176797866821289,123200,0.0
2003-06-30,18.424999237060547,18.477500915527344,18.197500228881836,18.25,15.114684104919434,143600,0.0
2003-07-01,18.237499237060547,18.38249969482422,17.982500076293945,18.34000015258789,15.18921947479248,463200,0.0
2003-07-02,18.350000381469727,18.69499969482422,18.350000381469727,18.684999465942383,15.474947929382324,212400,0.0
2003-07-03,18.540000915527344,18.772499084472656,18.540000915527344,18.655000686645508,15.450103759765625,165600,0.0
2003-07-07,18.875,18.99250030517578,18.872499465942383,18.99250030517578,15.729616165161133,140400,0.0
2003-07-08,19.049999237060547,19.31999969482422,18.940000534057617,19.31999969482422,16.00086784362793,205600,0.0
2003-07-09,19.325000762939453,19.385000228881836,19.165000915527344,19.329999923706055,16.00912857055664,223600,0.0
2003-07-10,19.100000381469727,19.219999313354492,18.950000762939453,19.0049991607666,15.739974975585938,119600,0.0
2003-07-11,19.125,19.262500762939453,19.092500686645508,19.15250015258789,15.862125396728516,702800,0.0
2003-07-14,19.405000686645508,19.512500762939453,19.329999923706055,19.362499237060547,16.036054611206055,129600,0.0
2003-07-15,19.5,19.5,19.145000457763672,19.227500915527344,15.924242973327637,191200,0.0
2003-07-16,19.337499618530273,19.337499618530273,18.99250030517578,19.094999313354492,15.814501762390137,219600,0.0
2003-07-17,18.9375,18.97249984741211,18.540000915527344,18.604999542236328,15.408690452575684,142400,0.0
2003-07-18,18.587499618530273,18.8075008392334,18.577499389648438,18.774999618530273,15.549488067626953,46400,0.0
2003-07-21,18.762500762939453,18.774999618530273,18.520000457763672,18.639999389648438,15.4376802444458,306000,0.0
2003-07-22,18.7450008392334,18.815000534057617,18.53499984741211,18.77750015258789,15.551556587219238,106800,0.0
2003-07-23,18.832500457763672,18.947500228881836,18.707500457763672,18.9325008392334,15.679936408996582,129200,0.0
2003-07-24,19.100000381469727,19.190000534057617,18.864999771118164,18.864999771118164,15.624018669128418,224000,0.0
2003-07-25,18.924999237060547,19.06999969482422,18.772499084472656,19.06999969482422,15.793805122375488,103600,0.0
2003-07-28,19.100000381469727,19.28499984741211,19.030000686645508,19.247499465942383,15.94080924987793,110400,0.0
2003-07-29,19.297500610351562,19.299999237060547,19.037500381469727,19.155000686645508,15.864195823669434,249200,0.0
2003-07-30,19.212499618530273,19.212499618530273,19.049999237060547,19.212499618530273,15.911816596984863,121200,0.0
2003-07-31,19.280000686645508,19.407499313354492,19.139999389648438,19.27750015258789,15.965662002563477,102000,0.0
2003-08-01,19.25,19.25,18.962499618530273,19.030000686645508,15.760679244995117,180000,0.0
2003-08-04,19.024999618530273,19.024999618530273,18.725000381469727,18.922500610351562,15.671651840209961,129600,0.0
2003-08-05,18.875,18.94499969482422,18.670000076293945,18.670000076293945,15.462520599365234,58000,0.0
2003-08-06,18.625,18.75,18.4950008392334,18.610000610351562,15.412835121154785,303600,0.0
2003-08-07,18.610000610351562,18.645000457763672,18.40250015258789,18.565000534057617,15.375569343566895,176400,0.0
2003-08-08,18.700000762939453,18.717500686645508,18.547500610351562,18.662500381469727,15.456313133239746,76800,0.0
2003-08-11,18.602500915527344,18.829999923706055,18.602500915527344,18.75749969482422,15.534994125366211,101200,0.0
2003-08-12,18.887500762939453,19.077499389648438,18.77750015258789,19.077499389648438,15.800017356872559,808800,0.0
2003-08-13,19.147499084472656,19.207500457763672,19.065000534057617,19.184999465942383,15.889053344726562,348400,0.0
2003-08-14,19.212499618530273,19.25,19.094999313354492,19.25,15.942885398864746,119200,0.0
2003-08-15,19.295000076293945,19.34749984741211,19.264999389648438,19.325000762939453,16.0050106048584,132400,0.0
2003-08-18,19.3799991607666,19.645000457763672,19.3700008392334,19.645000457763672,16.270023345947266,125600,0.0
2003-08-19,19.8125,19.90250015258789,19.674999237060547,19.842500686645508,16.433595657348633,312400,0.0
2003-08-20,19.850000381469727,20.0049991607666,19.780000686645508,19.940000534057617,16.51433753967285,265200,0.0
2003-08-21,20.037500381469727,20.112499237060547,19.957500457763672,20.084999084472656,16.63442039489746,303200,0.0
2003-08-22,20.274999618530273,20.287500381469727,19.774999618530273,19.815000534057617,16.410812377929688,162000,0.0
2003-08-25,19.875,19.875,19.592500686645508,19.68000030517578,16.29901885986328,454800,0.0
2003-08-26,19.704999923706055,19.77750015258789,19.43000030517578,19.77750015258789,16.3797607421875,127600,0.0
2003-08-27,19.75,19.94499969482422,19.75,19.899999618530273,16.481216430664062,1000400,0.0
2003-08-28,20.0,20.135000228881836,19.760000228881836,20.072500228881836,16.624073028564453,141200,0.0
2003-08-29,20.125,20.3125,20.047500610351562,20.235000610351562,16.75864601135254,79600,0.0
2003-09-02,20.3125,20.622499465942383,20.22249984741211,20.622499465942383,17.0795841217041,750400,0.0
2003-09-03,20.6875,20.792499542236328,20.665000915527344,20.717500686645508,17.15826416015625,416000,0.0
2003-09-04,20.690000534057617,20.780000686645508,20.614999771118164,20.762500762939453,17.195539474487305,523200,0.0
2003-09-05,20.674999237060547,20.842500686645508,20.572500228881836,20.635000228881836,17.089946746826172,90000,0.0
2003-09-08,20.729999542236328,20.920000076293945,20.657499313354492,20.825000762939453,17.247297286987305,60400,0.0
2003-09-09,20.825000762939453,20.829999923706055,20.667499542236328,20.6825008392334,17.129274368286133,167200,0.0
2003-09-10,20.487499237060547,20.55500030517578,20.27750015258789,20.309999465942383,16.82077407836914,99600,0.0
2003-09-11,20.3700008392334,20.49250030517578,20.2450008392334,20.399999618530273,16.895315170288086,134400,0.0
2003-09-12,20.350000381469727,20.485000610351562,20.174999237060547,20.4375,16.926372528076172,142800,0.0
2003-09-15,20.587499618530273,20.587499618530273,20.377500534057617,20.399999618530273,16.911455154418945,102800,0.0195
2003-09-16,20.5,20.702499389648438,20.424999237060547,20.702499389648438,17.16221809387207,111600,0.0
2003-09-17,20.674999237060547,20.747499465942383,20.572500228881836,20.672500610351562,17.13735580444336,298800,0.0
2003-09-18,20.637500762939453,20.825000762939453,20.517499923706055,20.795000076293945,17.23890495300293,187600,0.0
2003-09-19,20.8125,20.872499465942383,20.735000610351562,20.77750015258789,17.224390029907227,116400,0.0
2003-09-22,20.549999237060547,20.592500686645508,20.377500534057617,20.450000762939453,16.952903747558594,218000,0.0
2003-09-23,20.545000076293945,20.665000915527344,20.469999313354492,20.665000915527344,17.131134033203125,104400,0.0
2003-09-24,20.674999237060547,20.674999237060547,20.239999771118164,20.25749969482422,16.793319702148438,148800,0.0
2003-09-25,20.325000762939453,20.325000762939453,19.799999237060547,19.799999237060547,16.414058685302734,402000,0.0
2003-09-26,19.834999084472656,19.837499618530273,19.462499618530273,19.5,16.165359497070312,230800,0.0
2003-09-29,19.649999618530273,19.75,19.329999923706055,19.75,16.37259864807129,528000,0.0
2003-09-30,19.69499969482422,19.825000762939453,19.375,19.690000534057617,16.32286262512207,227200,0.0
2003-10-01,19.762500762939453,20.135000228881836,19.762500762939453,20.032499313354492,16.606792449951172,259200,0.0
2003-10-02,20.174999237060547,20.309999465942383,20.06999969482422,20.28499984741211,16.81610870361328,138800,0.0
2003-10-03,20.625,20.684999465942383,20.5,20.5625,17.046165466308594,495200,0.0
2003-10-06,20.700000762939453,20.790000915527344,20.5625,20.760000228881836,17.209884643554688,168800,0.0
2003-10-07,20.614999771118164,20.895000457763672,20.542499542236328,20.860000610351562,17.29277992248535,97200,0.0
2003-10-08,20.887500762939453,20.887500762939453,20.625,20.737499237060547,17.191238403320312,142400,0.0
2003-10-09,20.912500381469727,21.094999313354492,20.707500457763672,20.770000457763672,17.218175888061523,204400,0.0
2003-10-10,20.950000762939453,20.950000762939453,20.635000228881836,20.81999969482422,17.259620666503906,86000,0.0
2003-10-13,20.987499237060547,21.165000915527344,20.950000762939453,21.092500686645508,17.485525131225586,106800,0.0
2003-10-14,21.075000762939453,21.1825008392334,20.96500015258789,21.1825008392334,17.560136795043945,73600,0.0
2003-10-15,21.262500762939453,21.262500762939453,20.975000381469727,21.0575008392334,17.456506729125977,141600,0.0
2003-10-16,21.049999237060547,21.227500915527344,20.975000381469727,21.217500686645508,17.589153289794922,130800,0.0
2003-10-17,21.235000610351562,21.25,20.875,20.885000228881836,17.313507080078125,158800,0.0
2003-10-20,20.967500686645508,20.967500686645508,20.782499313354492,20.875,17.305217742919922,175200,0.0
2003-10-21,20.934999465942383,21.084999084472656,20.875,20.950000762939453,17.367387771606445,83600,0.0
2003-10-22,20.725000381469727,20.81999969482422,20.625,20.747499465942383,17.19952392578125,102000,0.0
2003-10-23,20.3799991607666,20.719999313354492,20.375,20.667499542236328,17.13320541381836,426400,0.0
2003-10-24,20.462499618530273,20.575000762939453,20.309999465942383,20.5625,17.046165466308594,160800,0.0
2003-10-27,20.579999923706055,20.864999771118164,20.579999923706055,20.809999465942383,17.251331329345703,136400,0.0
2003-10-28,20.9375,21.137500762939453,20.864999771118164,21.137500762939453,17.522830963134766,273200,0.0
2003-10-29,21.162500381469727,21.357500076293945,21.147499084472656,21.3125,17.66790199279785,77600,0.0
2003-10-30,21.587499618530273,21.587499618530273,21.299999237060547,21.487499237060547,17.812978744506836,120400,0.0
2003-10-31,21.450000762939453,21.459999084472656,21.3125,21.362499237060547,17.709346771240234,103200,0.0
2003-11-03,21.537500381469727,21.799999237060547,21.4424991607666,21.674999237060547,17.968420028686523,640800,0.0
2003-11-04,21.674999237060547,21.815000534057617,21.575000762939453,21.575000762939453,17.885517120361328,192000,0.0
2003-11-05,21.530000686645508,21.6875,21.424999237060547,21.625,17.92696189880371,112400,0.0
2003-11-06,21.674999237060547,21.78499984741211,21.497499465942383,21.725000381469727,18.009859085083008,181600,0.0
2003-11-07,21.875,21.875,21.725000381469727,21.8075008392334,18.078250885009766,291600,0.0
2003-11-10,21.799999237060547,21.822500228881836,21.389999389648438,21.412500381469727,17.75080680847168,199200,0.0
2003-11-11,21.424999237060547,21.424999237060547,21.19499969482422,21.252500534057617,17.618167877197266,985200,0.0
2003-11-12,21.299999237060547,21.677499771118164,21.287500381469727,21.677499771118164,17.97048568725586,190400,0.0
2003-11-13,21.545000076293945,21.850000381469727,21.545000076293945,21.84000015258789,18.105207443237305,137200,0.0
2003-11-14,21.899999618530273,21.959999084472656,21.5,21.5,17.823335647583008,228000,0.0
2003-11-17,21.362499237060547,21.362499237060547,21.077499389648438,21.325000762939453,17.678272247314453,540800,0.0
2003-11-18,21.325000762939453,21.517499923706055,21.125,21.125,17.51246452331543,157200,0.0
2003-11-19,21.225000381469727,21.354999542236328,21.075000762939453,21.309999465942383,17.66582489013672,88000,0.0
2003-11-20,21.100000381469727,21.40250015258789,21.0625,21.219999313354492,17.591217041015625,611200,0.0
2003-11-21,21.350000381469727,21.360000610351562,21.174999237060547,21.282499313354492,17.643035888671875,95600,0.0
2003-11-24,21.387500762939453,21.752500534057617,21.387500762939453,21.707500457763672,17.995359420776367,168400,0.0
2003-11-25,21.7549991607666,21.985000610351562,21.729999542236328,21.927499771118164,18.177734375,303600,0.0
2003-11-26,22.087499618530273,22.100000381469727,21.78499984741211,21.940000534057617,18.188095092773438,485200,0.0
2003-11-28,22.022499084472656,22.102500915527344,22.012500762939453,22.094999313354492,18.31659507751465,35200,0.0
2003-12-01,22.112499237060547,22.385000228881836,22.112499237060547,22.385000228881836,18.5570011138916,440400,0.0
2003-12-02,22.375,22.479999542236328,22.27750015258789,22.287500381469727,18.476173400878906,201200,0.0
2003-12-03,22.487499237060547,22.4950008392334,22.022499084472656,22.022499084472656,18.25649070739746,164000,0.0
2003-12-04,22.020000457763672,22.020000457763672,21.625,21.940000534057617,18.188095092773438,269600,0.0
2003-12-05,21.887500762939453,21.905000686645508,21.662500381469727,21.725000381469727,18.009859085083008,593200,0.0
2003-12-08,21.825000762939453,21.875,21.559999465942383,21.822500228881836,18.090694427490234,160400,0.0
2003-12-09,21.9375,21.9375,21.5,21.52750015258789,17.846134185791016,134400,0.0
2003-12-10,21.510000228881836,21.547500610351562,21.147499084472656,21.295000076293945,17.65340805053711,109200,0.0
2003-12-11,21.274999618530273,21.760000228881836,21.252500534057617,21.7450008392334,18.02643585205078,274000,0.0
2003-12-12,21.84000015258789,21.862499237060547,21.674999237060547,21.862499237060547,18.123851776123047,126800,0.0
2003-12-15,22.25,22.270000457763672,21.547500610351562,21.575000762939453,17.90702247619629,252400,0.02625
2003-12-16,21.537500381469727,21.5674991607666,21.227500915527344,21.540000915527344,17.89143943786621,296400,0.01625
2003-12-17,21.497499465942383,21.667499542236328,21.350000381469727,21.649999618530273,17.98280906677246,180800,0.0
2003-12-18,21.662500381469727,21.924999237060547,21.639999389648438,21.875,18.16969871520996,215200,0.0
2003-12-19,21.875,21.877500534057617,21.672500610351562,21.84749984741211,18.1468563079834,185600,0.0
2003-12-22,21.767499923706055,21.97249984741211,21.767499923706055,21.9325008392334,18.21746253967285,192400,0.0
2003-12-23,22.049999237060547,22.102500915527344,21.889999389648438,22.077499389648438,18.3378963470459,205600,0.0
2003-12-24,22.077499389648438,22.077499389648438,21.967500686645508,22.045000076293945,18.310909271240234,66800,0.0
2003-12-26,22.0625,22.11750030517578,22.030000686645508,22.079999923706055,18.339981079101562,52800,0.0
2003-12-29,22.19499969482422,22.422500610351562,22.11750030517578,22.422500610351562,18.62445640563965,134400,0.0
2003-12-30,22.422500610351562,22.4950008392334,22.315000534057617,22.46500015258789,18.65976333618164,185200,0.0
2003-12-31,22.56999969482422,22.579999923706055,22.174999237060547,22.18000030517578,18.42303466796875,264000,0.0
2004-01-02,22.204999923706055,22.417499542236328,22.05500030517578,22.1924991607666,18.43342399597168,136000,0.0
2004-01-05,22.202499389648438,22.467500686645508,22.202499389648438,22.420000076293945,18.62237548828125,152000,0.0
2004-01-06,22.489999771118164,22.627500534057617,22.40250015258789,22.547500610351562,18.728286743164062,215200,0.0
2004-01-07,22.450000762939453,22.68000030517578,22.3799991607666,22.68000030517578,18.83834457397461,112000,0.0
2004-01-08,22.684999465942383,22.790000915527344,22.625,22.7549991607666,18.900632858276367,143200,0.0
2004-01-09,22.512500762939453,22.837499618530273,22.485000610351562,22.5,18.688844680786133,178800,0.0
2004-01-12,22.575000762939453,22.86750030517578,22.542499542236328,22.86750030517578,18.99407958984375,117200,0.0
2004-01-13,22.850000381469727,22.850000381469727,22.512500762939453,22.75,18.896482467651367,403600,0.0
2004-01-14,22.825000762939453,22.924999237060547,22.77750015258789,22.872499465942383,18.998231887817383,1355600,0.0
2004-01-15,22.96500015258789,23.072500228881836,22.702499389648438,23.045000076293945,19.141511917114258,253200,0.0
2004-01-16,23.094999313354492,23.1875,23.037500381469727,23.107500076293945,19.193431854248047,137600,0.0
2004-01-20,23.204999923706055,23.270000457763672,23.02750015258789,23.2549991607666,19.315948486328125,219600,0.0
2004-01-21,23.30500030517578,23.422500610351562,23.127500534057617,23.397499084472656,19.43431282043457,119600,0.0
2004-01-22,23.549999237060547,23.549999237060547,23.235000610351562,23.25,19.311796188354492,164800,0.0
2004-01-23,23.325000762939453,23.43000030517578,23.149999618530273,23.342500686645508,19.38863182067871,137600,0.0
2004-01-26,23.412500381469727,23.532499313354492,23.237499237060547,23.52750015258789,19.542285919189453,108000,0.0
2004-01-27,23.614999771118164,23.614999771118164,23.274999618530273,23.274999618530273,19.33255386352539,153600,0.0
2004-01-28,23.462499618530273,23.475000381469727,22.950000762939453,22.950000762939453,19.062606811523438,278800,0.0
2004-01-29,23.075000762939453,23.084999084472656,22.584999084472656,22.88249969482422,19.006546020507812,116400,0.0
2004-01-30,22.81999969482422,23.010000228881836,22.725000381469727,22.875,19.00031089782715,80000,0.0
2004-02-02,22.877500534057617,23.047500610351562,22.667499542236328,22.875,19.00031089782715,219200,0.0
2004-02-03,22.774999618530273,22.9424991607666,22.774999618530273,22.905000686645508,19.025224685668945,63200,0.0
2004-02-04,22.774999618530273,22.8075008392334,22.427499771118164,22.427499771118164,18.628604888916016,87600,0.0
2004-02-05,22.452499389648438,22.645000457763672,22.412500381469727,22.542499542236328,18.724136352539062,173600,0.0
2004-02-06,22.709999084472656,23.125,22.625,23.125,19.207962036132812,134400,0.0
2004-02-09,23.174999237060547,23.280000686645508,23.114999771118164,23.114999771118164,19.199661254882812,244000,0.0
2004-02-10,23.197500228881836,23.375,23.1200008392334,23.375,19.415620803833008,90800,0.0
2004-02-11,23.447500228881836,23.604999542236328,23.34749984741211,23.604999542236328,19.60666275024414,286000,0.0
2004-02-12,23.600000381469727,23.647499084472656,23.489999771118164,23.489999771118164,19.511138916015625,87200,0.0
2004-02-13,23.537500381469727,23.59749984741211,23.21500015258789,23.21500015258789,19.28271484375,120000,0.0
2004-02-17,23.424999237060547,23.587499618530273,23.375,23.522499084472656,19.538129806518555,134000,0.0
2004-02-18,23.55500030517578,23.677499771118164,23.457500457763672,23.537500381469727,19.550601959228516,119600,0.0
2004-02-19,23.700000762939453,23.71500015258789,23.107500076293945,23.107500076293945,19.193431854248047,132400,0.0
2004-02-20,23.112499237060547,23.197500228881836,22.850000381469727,23.03499984741211,19.133201599121094,325200,0.0
2004-02-23,23.075000762939453,23.075000762939453,22.625,22.700000762939453,18.854965209960938,254000,0.0
2004-02-24,22.537500381469727,22.889999389648438,22.5,22.760000228881836,18.90479278564453,242800,0.0
2004-02-25,22.725000381469727,23.040000915527344,22.725000381469727,23.040000915527344,19.13735580444336,126800,0.0
2004-02-26,23.0,23.232500076293945,22.90250015258789,23.219999313354492,19.2868709564209,187600,0.0
2004-02-27,23.177499771118164,23.364999771118164,23.177499771118164,23.237499237060547,19.301408767700195,128000,0.0
2004-03-01,23.375,23.707500457763672,23.2549991607666,23.707500457763672,19.691791534423828,77200,0.0
2004-03-02,23.662500381469727,23.790000915527344,23.497499465942383,23.520000457763672,19.536052703857422,121200,0.0
2004-03-03,23.424999237060547,23.6200008392334,23.360000610351562,23.537500381469727,19.550601959228516,80800,0.0
2004-03-04,23.549999237060547,23.767499923706055,23.415000915527344,23.752500534057617,19.72918128967285,210800,0.0
2004-03-05,23.600000381469727,23.947500228881836,23.600000381469727,23.704999923706055,19.689722061157227,215200,0.0
2004-03-08,23.837499618530273,23.987499237060547,23.5,23.5,19.519441604614258,90000,0.0
2004-03-09,23.475000381469727,23.59749984741211,23.274999618530273,23.36750030517578,19.409393310546875,111600,0.0
2004-03-10,23.25,23.44499969482422,22.84000015258789,22.912500381469727,19.03145980834961,168800,0.0
2004-03-11,22.6924991607666,23.06999969482422,22.614999771118164,22.625,18.792659759521484,288400,0.0
2004-03-12,22.729999542236328,23.094999313354492,22.702499389648438,23.094999313354492,19.183046340942383,146800,0.0
2004-03-15,23.0,23.05500030517578,22.559999465942383,22.625,18.792659759521484,459200,0.0
2004-03-16,22.799999237060547,22.8700008392334,22.362499237060547,22.607500076293945,18.778114318847656,471600,0.0
2004-03-17,22.825000762939453,23.065000534057617,22.75,23.010000228881836,19.112455368041992,128400,0.0
2004-03-18,22.989999771118164,22.989999771118164,22.577499389648438,22.84000015258789,18.971240997314453,109600,0.0
2004-03-19,22.8125,22.875,22.5575008392334,22.5625,18.740755081176758,881600,0.0
2004-03-22,22.337499618530273,22.397499084472656,22.137500762939453,22.217500686645508,18.454187393188477,407200,0.0
2004-03-23,22.375,22.542499542236328,22.1924991607666,22.360000610351562,18.57254409790039,149200,0.0
2004-03-24,22.392499923706055,22.40250015258789,22.092500686645508,22.290000915527344,18.51439666748047,99600,0.0
2004-03-25,22.325000762939453,22.774999618530273,22.325000762939453,22.739999771118164,18.88817596435547,96800,0.0
2004-03-26,22.737499237060547,22.947500228881836,22.737499237060547,22.795000076293945,18.933868408203125,89600,0.0
2004-03-29,23.024999618530273,23.207500457763672,22.94499969482422,23.207500457763672,19.28874969482422,225600,0.0145
2004-03-30,23.157499313354492,23.387500762939453,23.09749984741211,23.387500762939453,19.438364028930664,211200,0.0
2004-03-31,23.434999465942383,23.46500015258789,23.217500686645508,23.422500610351562,19.467458724975586,223200,0.0
2004-04-01,23.5,23.642499923706055,23.4375,23.5,19.531869888305664,1538000,0.0
2004-04-02,23.997499465942383,24.03499984741211,23.764999389648438,23.9424991607666,19.899656295776367,986800,0.0
2004-04-05,23.975000381469727,24.1200008392334,23.88249969482422,24.1200008392334,20.047182083129883,183600,0.0
2004-04-06,24.037500381469727,24.092500686645508,23.920000076293945,23.962499618530273,19.916271209716797,132000,0.0
2004-04-07,23.912500381469727,24.104999542236328,23.727500915527344,23.989999771118164,19.939138412475586,158400,0.0
2004-04-08,24.204999923706055,24.212499618530273,23.837499618530273,23.950000762939453,19.905887603759766,214000,0.0
2004-04-12,23.987499237060547,24.122499465942383,23.9375,24.024999618530273,19.96822166442871,576800,0.0
2004-04-13,24.1924991607666,24.1924991607666,23.459999084472656,23.5575008392334,19.579662322998047,734400,0.0
2004-04-14,23.434999465942383,23.572500228881836,23.212499618530273,23.27750015258789,19.346946716308594,162400,0.0
2004-04-15,23.424999237060547,23.479999542236328,23.06999969482422,23.272499084472656,19.34278106689453,338400,0.0
2004-04-16,23.309999465942383,23.412500381469727,23.05500030517578,23.325000762939453,19.38641929626465,148000,0.0
2004-04-19,23.25,23.5049991607666,23.13249969482422,23.4375,19.479917526245117,403600,0.0
2004-04-20,23.540000915527344,23.690000534057617,23.149999618530273,23.157499313354492,19.247209548950195,314000,0.0
2004-04-21,23.1875,23.424999237060547,23.014999389648438,23.389999389648438,19.440448760986328,174800,0.0
2004-04-22,23.475000381469727,23.90250015258789,23.462499618530273,23.887500762939453,19.853939056396484,322800,0.0
2004-04-23,23.969999313354492,23.985000610351562,23.592500686645508,23.787500381469727,19.770830154418945,338000,0.0
2004-04-26,23.889999389648438,23.94499969482422,23.537500381469727,23.61750030517578,19.629526138305664,140800,0.0
2004-04-27,23.762500762939453,23.834999084472656,23.514999389648438,23.612499237060547,19.625381469726562,298000,0.0
2004-04-28,23.502500534057617,23.502500534057617,23.127500534057617,23.197500228881836,19.28044891357422,564800,0.0
2004-04-29,23.225000381469727,23.337499618530273,22.75,22.897499084472656,19.031103134155273,376000,0.0
2004-04-30,22.969999313354492,23.012500762939453,22.649999618530273,22.670000076293945,18.84202766418457,270800,0.0
2004-05-03,22.68000030517578,23.05500030517578,22.68000030517578,22.982500076293945,19.10175132751465,1340000,0.0
2004-05-04,22.9950008392334,23.225000381469727,22.844999313354492,23.02750015258789,19.139150619506836,197600,0.0
2004-05-05,23.137500762939453,23.272499084472656,23.024999618530273,23.162500381469727,19.251361846923828,81600,0.0
2004-05-06,22.969999313354492,23.040000915527344,22.602500915527344,22.799999237060547,18.9500732421875,473600,0.0
2004-05-07,22.6875,23.059999465942383,22.247499465942383,22.25,18.492944717407227,527200,0.0
2004-05-10,22.049999237060547,22.122499465942383,21.665000915527344,21.857500076293945,18.166719436645508,554800,0.0
2004-05-11,22.030000686645508,22.31999969482422,22.030000686645508,22.25,18.492944717407227,340400,0.0
2004-05-12,22.274999618530273,22.3700008392334,21.737499237060547,22.3700008392334,18.592674255371094,205200,0.0
2004-05-13,22.334999084472656,22.4950008392334,22.137500762939453,22.30500030517578,18.53865623474121,319600,0.0
2004-05-14,22.329999923706055,22.3799991607666,22.014999389648438,22.092500686645508,18.362037658691406,64800,0.0
2004-05-17,21.700000762939453,22.002500534057617,21.559999465942383,21.825000762939453,18.139707565307617,434000,0.0
2004-05-18,21.832500457763672,22.040000915527344,21.832500457763672,22.040000915527344,18.318397521972656,456400,0.0
2004-05-19,22.30500030517578,22.457500457763672,21.9375,21.9375,18.23321533203125,197600,0.0
2004-05-20,21.99250030517578,22.167499542236328,21.877500534057617,22.03499984741211,18.31424331665039,526400,0.0
2004-05-21,22.212499618530273,22.28499984741211,22.017499923706055,22.229999542236328,18.476322174072266,76800,0.0
2004-05-24,22.469999313354492,22.532499313354492,22.31999969482422,22.459999084472656,18.66748046875,782000,0.0
2004-05-25,22.440000534057617,23.0625,22.4325008392334,23.0625,19.168241500854492,498400,0.0
2004-05-26,23.0625,23.207500457763672,22.950000762939453,23.207500457763672,19.28874969482422,340000,0.0
2004-05-27,23.262500762939453,23.3075008392334,22.997499465942383,23.15250015258789,19.243053436279297,223200,0.0
2004-05-28,23.18000030517578,23.202499389648438,23.0,23.1200008392334,19.216039657592773,281600,0.0
2004-06-01,23.162500381469727,23.354999542236328,23.06999969482422,23.354999542236328,19.411359786987305,97200,0.0
2004-06-02,23.44499969482422,23.44499969482422,23.24250030517578,23.40999984741211,19.457069396972656,196400,0.0
2004-06-03,23.267499923706055,23.299999237060547,23.052499771118164,23.052499771118164,19.159929275512695,237200,0.0
2004-06-04,23.149999618530273,23.344999313354492,23.052499771118164,23.22249984741211,19.301223754882812,242800,0.0
2004-06-07,23.364999771118164,23.662500381469727,23.292499542236328,23.655000686645508,19.66069984436035,320800,0.0
2004-06-08,23.61750030517578,23.725000381469727,23.559999465942383,23.707500457763672,19.70433235168457,850800,0.0
2004-06-09,23.604999542236328,23.712499618530273,23.387500762939453,23.387500762939453,19.438364028930664,114800,0.0
2004-06-10,23.4375,23.537500381469727,23.322500228881836,23.397499084472656,19.446678161621094,439600,0.0
2004-06-14,23.350000381469727,23.350000381469727,23.052499771118164,23.09000015258789,19.191102981567383,130400,0.0
2004-06-15,23.162500381469727,23.56999969482422,23.162500381469727,23.4375,19.479917526245117,488400,0.0
2004-06-16,23.587499618530273,23.665000915527344,23.50749969482422,23.645000457763672,19.652389526367188,189600,0.0
2004-06-17,23.6200008392334,23.657499313354492,23.375,23.61750030517578,19.629526138305664,169600,0.0
2004-06-18,23.5625,23.747499465942383,23.5,23.59749984741211,19.61290740966797,85600,0.0
2004-06-21,23.670000076293945,23.732500076293945,23.532499313354492,23.565000534057617,19.585891723632812,198400,0.0
2004-06-22,23.549999237060547,23.71500015258789,23.397499084472656,23.71500015258789,19.710567474365234,324400,0.0
2004-06-23,23.71500015258789,24.075000762939453,23.607500076293945,24.002500534057617,19.94951629638672,341600,0.0
2004-06-24,24.05500030517578,24.114999771118164,23.93000030517578,23.989999771118164,19.939138412475586,453600,0.0
2004-06-25,23.975000381469727,24.157499313354492,23.962499618530273,24.149999618530273,20.072105407714844,309200,0.0
2004-06-28,24.25,24.287500381469727,23.979999542236328,24.059999465942383,20.021976470947266,378800,0.02975
2004-06-29,24.1200008392334,24.297500610351562,24.0674991607666,24.1875,20.128076553344727,454400,0.0
2004-06-30,24.362499237060547,24.43000030517578,24.232500076293945,24.399999618530273,20.30491828918457,226800,0.0
2004-07-01,24.454999923706055,24.454999923706055,24.02750015258789,24.11750030517578,20.0698299407959,1279600,0.0
2004-07-02,24.104999542236328,24.104999542236328,23.885000228881836,23.987499237060547,19.96164894104004,235600,0.0
2004-07-06,23.912500381469727,23.912500381469727,23.577499389648438,23.727500915527344,19.745277404785156,334400,0.0
2004-07-07,23.645000457763672,23.780000686645508,23.540000915527344,23.584999084472656,19.626693725585938,208000,0.0
2004-07-08,23.520000457763672,23.524999618530273,23.15250015258789,23.172500610351562,19.283424377441406,343200,0.0
2004-07-09,23.1924991607666,23.38249969482422,23.172500610351562,23.239999771118164,19.3395938873291,257600,0.0
2004-07-12,23.260000228881836,23.260000228881836,23.002500534057617,23.112499237060547,19.23349952697754,734000,0.0
2004-07-13,23.125,23.2549991607666,23.125,23.1875,19.295907974243164,570400,0.0
2004-07-14,23.002500534057617,23.27750015258789,22.975000381469727,23.037500381469727,19.171083450317383,880000,0.0
2004-07-15,23.0625,23.262500762939453,23.0625,23.204999923706055,19.31047248840332,78400,0.0
2004-07-16,23.274999618530273,23.274999618530273,22.920000076293945,22.920000076293945,19.073301315307617,345600,0.0
2004-07-19,23.0,23.02750015258789,22.770000457763672,22.920000076293945,19.073301315307617,252800,0.0
2004-07-20,22.954999923706055,23.25,22.889999389648438,23.25,19.347923278808594,166000,0.0
2004-07-21,23.252500534057617,23.34000015258789,22.65250015258789,22.65999984741211,18.8569393157959,406000,0.0
2004-07-22,22.600000381469727,22.670000076293945,22.207500457763672,22.587499618530273,18.796615600585938,322000,0.0
2004-07-23,22.524999618530273,22.53499984741211,22.212499618530273,22.262500762939453,18.526155471801758,499600,0.0
2004-07-26,22.350000381469727,22.385000228881836,21.885000228881836,21.989999771118164,18.29938316345215,307600,0.0
2004-07-27,22.014999389648438,22.475000381469727,22.014999389648438,22.450000762939453,18.682180404663086,286000,0.0
2004-07-28,22.399999618530273,22.407499313354492,22.072500228881836,22.397499084472656,18.638492584228516,64000,0.0
2004-07-29,22.405000686645508,22.719999313354492,22.405000686645508,22.719999313354492,18.906871795654297,135200,0.0
2004-07-30,22.717500686645508,22.9325008392334,22.639999389648438,22.9325008392334,19.08370590209961,414000,0.0
2004-08-02,22.700000762939453,22.895000457763672,22.592500686645508,22.860000610351562,19.02338409423828,153600,0.0
2004-08-03,22.825000762939453,22.825000762939453,22.482500076293945,22.482500076293945,18.709226608276367,110400,0.0
2004-08-04,22.427499771118164,22.5674991607666,22.219999313354492,22.40999984741211,18.648897171020508,178400,0.0
2004-08-05,22.469999313354492,22.469999313354492,21.967500686645508,22.012500762939453,18.3181095123291,231600,0.0
2004-08-06,21.670000076293945,21.702499389648438,21.34749984741211,21.415000915527344,17.82088851928711,624000,0.0
2004-08-09,21.3700008392334,21.497499465942383,21.329999923706055,21.3700008392334,17.783447265625,425200,0.0
2004-08-10,21.450000762939453,21.815000534057617,21.450000762939453,21.815000534057617,18.15375518798828,174000,0.0
2004-08-11,21.299999237060547,21.792499542236328,21.299999237060547,21.770000457763672,18.116317749023438,257600,0.0
2004-08-12,21.5,21.61750030517578,21.3125,21.385000228881836,17.79592514038086,194800,0.0
2004-08-13,21.424999237060547,21.477500915527344,21.1825008392334,21.299999237060547,17.725187301635742,199200,0.0
2004-08-16,21.299999237060547,21.725000381469727,21.299999237060547,21.725000381469727,18.078859329223633,84400,0.0
2004-08-17,21.905000686645508,22.0,21.787500381469727,21.850000381469727,18.182886123657227,259200,0.0
2004-08-18,21.6875,22.262500762939453,21.677499771118164,22.260000228881836,18.52408218383789,130400,0.0
2004-08-19,22.229999542236328,22.299999237060547,22.127500534057617,22.15250015258789,18.434619903564453,324800,0.0
2004-08-20,22.309999465942383,22.549999237060547,22.287500381469727,22.52750015258789,18.74667739868164,152400,0.0
2004-08-23,22.712499618530273,22.712499618530273,22.395000457763672,22.397499084472656,18.638492584228516,546400,0.0
2004-08-24,22.625,22.625,22.232500076293945,22.360000610351562,18.607288360595703,210400,0.0
2004-08-25,22.395000457763672,22.524999618530273,22.212499618530273,22.454999923706055,18.68634605407715,443600,0.0
2004-08-26,22.5049991607666,22.514999389648438,22.3799991607666,22.4424991607666,18.67594337463379,97600,0.0
2004-08-27,22.5625,22.65999984741211,22.497499465942383,22.6200008392334,18.823646545410156,84400,0.0
2004-08-30,22.46500015258789,22.522499084472656,22.30500030517578,22.3174991607666,18.571928024291992,97200,0.0
2004-08-31,22.354999542236328,22.399999618530273,22.139999389648438,22.3799991607666,18.623931884765625,213600,0.0
2004-09-01,22.329999923706055,22.677499771118164,22.299999237060547,22.59749984741211,18.804929733276367,436800,0.0
2004-09-02,22.575000762939453,22.975000381469727,22.575000762939453,22.947500228881836,19.09617805480957,281600,0.0
2004-09-03,22.997499465942383,23.024999618530273,22.74250030517578,22.86750030517578,19.02961540222168,254400,0.0
2004-09-07,23.0625,23.162500381469727,22.96500015258789,23.09749984741211,19.221019744873047,214800,0.0
2004-09-08,23.09749984741211,23.252500534057617,22.927499771118164,22.927499771118164,19.079547882080078,162400,0.0
2004-09-09,23.075000762939453,23.282499313354492,23.0,23.225000381469727,19.327110290527344,367200,0.0
2004-09-10,23.237499237060547,23.427499771118164,23.114999771118164,23.417499542236328,19.487308502197266,344800,0.0
2004-09-13,23.489999771118164,23.662500381469727,23.475000381469727,23.540000915527344,19.589248657226562,310000,0.0
2004-09-14,23.512500762939453,23.625,23.395000457763672,23.587499618530273,19.62877655029297,2548400,0.0
2004-09-15,23.575000762939453,23.575000762939453,23.375,23.417499542236328,19.487308502197266,614800,0.0
2004-09-16,23.467500686645508,23.700000762939453,23.467500686645508,23.649999618530273,19.680789947509766,85600,0.0
2004-09-17,23.662500381469727,23.700000762939453,23.477500915527344,23.537500381469727,19.587175369262695,330800,0.0
2004-09-20,23.55500030517578,23.614999771118164,23.479999542236328,23.56999969482422,19.614208221435547,157200,0.0
2004-09-21,23.65250015258789,23.860000610351562,23.600000381469727,23.860000610351562,19.855546951293945,77600,0.0
2004-09-22,23.625,23.625,23.387500762939453,23.387500762939453,19.462337493896484,119200,0.0
2004-09-23,23.395000457763672,23.46500015258789,23.287500381469727,23.399999618530273,19.472740173339844,95200,0.0
2004-09-24,23.412500381469727,23.577499389648438,23.399999618530273,23.399999618530273,19.472740173339844,382800,0.0
2004-09-27,23.3125,23.3125,23.059999465942383,23.087499618530273,19.231592178344727,503200,0.023
2004-09-28,23.100000381469727,23.360000610351562,23.022499084472656,23.3075008392334,19.414854049682617,420800,0.0
2004-09-29,23.290000915527344,23.610000610351562,23.290000915527344,23.610000610351562,19.66683578491211,175200,0.0
2004-09-30,23.549999237060547,23.71500015258789,23.549999237060547,23.592500686645508,19.652259826660156,94400,0.0
2004-10-01,23.767499923706055,24.0674991607666,23.71500015258789,24.059999465942383,20.041671752929688,566800,0.0
2004-10-04,24.287500381469727,24.452499389648438,24.227500915527344,24.239999771118164,20.191617965698242,178400,0.0
2004-10-05,24.212499618530273,24.27750015258789,24.1200008392334,24.170000076293945,20.1333065032959,161600,0.0
2004-10-06,24.110000610351562,24.325000762939453,24.104999542236328,24.325000762939453,20.262422561645508,103200,0.0
2004-10-07,24.31999969482422,24.31999969482422,24.012500762939453,24.012500762939453,20.002111434936523,332000,0.0
2004-10-08,24.012500762939453,24.012500762939453,23.594999313354492,23.594999313354492,19.654340744018555,187600,0.0
2004-10-11,23.6200008392334,23.6875,23.549999237060547,23.667499542236328,19.714723587036133,197200,0.0
2004-10-12,23.502500534057617,23.7450008392334,23.450000762939453,23.684999465942383,19.729312896728516,156000,0.0
2004-10-13,23.850000381469727,23.850000381469727,23.357500076293945,23.452499389648438,19.535633087158203,102800,0.0
2004-10-14,23.362499237060547,23.489999771118164,23.322500228881836,23.322500228881836,19.42734146118164,76000,0.0
2004-10-15,23.397499084472656,23.635000228881836,23.25,23.489999771118164,19.566883087158203,82800,0.0
2004-10-18,23.44499969482422,23.625,23.295000076293945,23.587499618530273,19.648086547851562,173200,0.0
2004-10-19,23.670000076293945,23.792499542236328,23.415000915527344,23.43000030517578,19.51689338684082,274400,0.0
2004-10-20,23.387500762939453,23.642499923706055,23.332500457763672,23.6299991607666,19.683486938476562,135200,0.0
2004-10-21,23.600000381469727,23.922500610351562,23.582500457763672,23.915000915527344,19.920896530151367,285200,0.0
2004-10-22,24.0,24.030000686645508,23.647499084472656,23.647499084472656,19.69806671142578,186000,0.0
2004-10-25,23.6200008392334,23.767499923706055,23.50749969482422,23.7549991607666,19.787609100341797,83200,0.0
2004-10-26,23.760000228881836,23.947500228881836,23.61750030517578,23.947500228881836,19.947954177856445,117600,0.0
2004-10-27,24.137500762939453,24.397499084472656,24.002500534057617,24.397499084472656,20.322805404663086,422000,0.0
2004-10-28,24.350000381469727,24.350000381469727,24.114999771118164,24.237499237060547,20.189531326293945,185600,0.0
2004-10-29,24.287500381469727,24.30500030517578,24.125,24.290000915527344,20.23325538635254,872400,0.0
2004-11-01,24.25,24.47249984741211,24.1875,24.4375,20.35611915588379,1958800,0.0
2004-11-02,24.462499618530273,24.604999542236328,24.25,24.325000762939453,20.262422561645508,523600,0.0
2004-11-03,24.81999969482422,24.860000610351562,24.645000457763672,24.780000686645508,20.64142417907715,478000,0.0
2004-11-04,24.797500610351562,25.137500762939453,24.677499771118164,25.13249969482422,20.935049057006836,481600,0.0
2004-11-05,25.337499618530273,25.447500228881836,25.167499542236328,25.375,21.137052536010742,946000,0.0
2004-11-08,25.375,25.417499542236328,25.165000915527344,25.202499389648438,20.993358612060547,210800,0.0
2004-11-09,25.170000076293945,25.399999618530273,25.162500381469727,25.350000381469727,21.116220474243164,328400,0.0
2004-11-10,25.354999542236328,25.517499923706055,25.274999618530273,25.424999237060547,21.178701400756836,317200,0.0
2004-11-11,25.512500762939453,25.670000076293945,25.415000915527344,25.647499084472656,21.36403465270996,191200,0.0
2004-11-12,25.674999237060547,25.889999389648438,25.565000534057617,25.889999389648438,21.566043853759766,280400,0.0
2004-11-15,25.844999313354492,25.9424991607666,25.75749969482422,25.9424991607666,21.609779357910156,330000,0.0
2004-11-16,25.837499618530273,25.875,25.6299991607666,25.6299991607666,21.349462509155273,322000,0.0
2004-11-17,25.75,26.049999237060547,25.75,25.864999771118164,21.54521369934082,260000,0.0
2004-11-18,25.899999618530273,25.90999984741211,25.719999313354492,25.842500686645508,21.526477813720703,150400,0.0
2004-11-19,25.799999237060547,25.799999237060547,25.424999237060547,25.424999237060547,21.178701400756836,186000,0.0
2004-11-22,25.375,25.84749984741211,25.375,25.8125,21.501487731933594,298000,0.0
2004-11-23,25.8125,25.954999923706055,25.642499923706055,25.907499313354492,21.580615997314453,354400,0.0
2004-11-24,26.049999237060547,26.200000762939453,25.987499237060547,26.177499771118164,21.80552101135254,172800,0.0
2004-11-26,26.212499618530273,26.3075008392334,26.139999389648438,26.139999389648438,21.774290084838867,111600,0.0
2004-11-29,26.337499618530273,26.354999542236328,26.0,26.2549991607666,21.870086669921875,170000,0.0
2004-11-30,26.247499465942383,26.395000457763672,26.237499237060547,26.24250030517578,21.859668731689453,268800,0.0
2004-12-01,26.354999542236328,26.59749984741211,26.287500381469727,26.579999923706055,22.14080810546875,526800,0.0
2004-12-02,26.524999618530273,26.600000381469727,26.389999389648438,26.475000381469727,22.053335189819336,264400,0.0
2004-12-03,26.415000915527344,26.592500686645508,26.415000915527344,26.4375,22.022098541259766,209600,0.0
2004-12-06,26.450000762939453,26.450000762939453,26.174999237060547,26.274999618530273,21.886751174926758,254000,0.0
2004-12-07,26.3125,26.3125,25.6875,25.6875,21.397363662719727,203200,0.0
2004-12-08,25.6875,25.979999542236328,25.655000686645508,25.924999237060547,21.595199584960938,194400,0.0
2004-12-09,25.662500381469727,25.917499542236328,25.502500534057617,25.822500228881836,21.50981330871582,294000,0.0
2004-12-10,25.774999618530273,26.010000228881836,25.6825008392334,25.912500381469727,21.584779739379883,266000,0.0
2004-12-13,26.049999237060547,26.197500228881836,25.9375,26.197500228881836,21.822181701660156,669600,0.0
2004-12-14,26.25,26.4424991607666,26.1875,26.350000381469727,21.94921112060547,242000,0.0
2004-12-15,26.462499618530273,26.55500030517578,26.3799991607666,26.510000228881836,22.082494735717773,437200,0.0
2004-12-16,26.514999389648438,26.610000610351562,26.3174991607666,26.43000030517578,22.015857696533203,154000,0.0
2004-12-17,26.424999237060547,26.434999465942383,26.262500762939453,26.417499542236328,22.005449295043945,101600,0.0
2004-12-20,26.427499771118164,26.537500381469727,26.227500915527344,26.299999237060547,21.90756607055664,311200,0.0
2004-12-21,26.375,26.587499618530273,26.28499984741211,26.587499618530273,22.14704704284668,138000,0.0
2004-12-22,26.662500381469727,26.7450008392334,26.625,26.717500686645508,22.255342483520508,474800,0.0
2004-12-23,26.799999237060547,26.842500686645508,26.737499237060547,26.8174991607666,22.33864402770996,1208400,0.0
2004-12-27,26.905000686645508,26.905000686645508,26.420000076293945,26.420000076293945,22.02682113647461,386400,0.0235
2004-12-28,26.5625,26.9375,26.5625,26.927499771118164,22.44993782043457,116000,0.0
2004-12-29,26.81999969482422,26.979999542236328,26.81999969482422,26.9375,22.45827293395996,250800,0.0
2004-12-30,26.892499923706055,26.969999313354492,26.860000610351562,26.864999771118164,22.397829055786133,463600,0.0
2004-12-31,26.897499084472656,27.059999465942383,26.774999618530273,26.774999618530273,22.32279396057129,177600,0.0
2005-01-03,26.950000762939453,26.962499618530273,26.299999237060547,26.352500915527344,21.970542907714844,362400,0.0
2005-01-04,26.512500762939453,26.512500762939453,25.872499465942383,25.872499465942383,21.57036781311035,274000,0.0
2005-01-05,25.737499237060547,25.962499618530273,25.4950008392334,25.502500534057617,21.261890411376953,274000,0.0
2005-01-06,25.649999618530273,25.872499465942383,25.547500610351562,25.6299991607666,21.368200302124023,618000,0.0
2005-01-07,25.645000457763672,25.725000381469727,25.375,25.387500762939453,21.1660099029541,216000,0.0
2005-01-10,25.337499618530273,25.954999923706055,25.334999084472656,25.707500457763672,21.432804107666016,1368000,0.0
2005-01-11,25.639999389648438,25.649999618530273,25.407499313354492,25.532499313354492,21.286888122558594,188400,0.0
2005-01-12,25.600000381469727,25.6924991607666,25.247499465942383,25.610000610351562,21.35151481628418,308800,0.0
2005-01-13,25.649999618530273,25.862499237060547,25.5,25.614999771118164,21.355682373046875,265600,0.0
2005-01-14,25.6875,25.892499923706055,25.649999618530273,25.8700008392334,21.568281173706055,375600,0.0
2005-01-18,25.8700008392334,26.247499465942383,25.7549991607666,26.24250030517578,21.878841400146484,607200,0.0
2005-01-19,26.227500915527344,26.247499465942383,25.892499923706055,25.924999237060547,21.614137649536133,325200,0.0
2005-01-20,25.8174991607666,25.97249984741211,25.702499389648438,25.787500381469727,21.499496459960938,145200,0.0
2005-01-21,25.8125,26.079999923706055,25.732500076293945,25.792499542236328,21.503662109375,347200,0.0
2005-01-24,25.75,25.947500228881836,25.49250030517578,25.497499465942383,21.257726669311523,435600,0.0
2005-01-25,25.8125,25.885000228881836,25.607500076293945,25.642499923706055,21.37861442565918,162000,0.0
2005-01-26,25.75,26.110000610351562,25.75,26.100000381469727,21.76003646850586,122000,0.0
2005-01-27,26.049999237060547,26.3075008392334,25.987499237060547,26.1825008392334,21.82882308959961,176800,0.0
2005-01-28,26.287500381469727,26.287500381469727,25.875,26.082500457763672,21.74544906616211,146800,0.0
2005-01-31,26.299999237060547,26.655000686645508,26.225000381469727,26.579999923706055,22.160219192504883,603600,0.0
2005-02-01,26.612499237060547,26.799999237060547,26.537500381469727,26.732500076293945,22.287351608276367,1919600,0.0
2005-02-02,26.822500228881836,27.010000228881836,26.774999618530273,27.010000228881836,22.51871681213379,661600,0.0
2005-02-03,26.989999771118164,26.989999771118164,26.774999618530273,26.915000915527344,22.43951988220215,431600,0.0
2005-02-04,26.917499542236328,27.329999923706055,26.917499542236328,27.3174991607666,22.77507781982422,366000,0.0
2005-02-07,27.412500381469727,27.452499389648438,27.157499313354492,27.27750015258789,22.74173355102539,995200,0.0
2005-02-08,27.274999618530273,27.415000915527344,27.184999465942383,27.325000762939453,22.781341552734375,273600,0.0
2005-02-09,27.43000030517578,27.43000030517578,26.774999618530273,26.77750015258789,22.324874877929688,316400,0.0
2005-02-10,26.799999237060547,27.010000228881836,26.704999923706055,26.947500228881836,22.466615676879883,242000,0.0
2005-02-11,26.93000030517578,27.280000686645508,26.717500686645508,27.212499618530273,22.687545776367188,210400,0.0
2005-02-14,27.25,27.299999237060547,27.030000686645508,27.207500457763672,22.683374404907227,302000,0.0
2005-02-15,27.274999618530273,27.360000610351562,27.100000381469727,27.267499923706055,22.7334041595459,470400,0.0
2005-02-16,27.225000381469727,27.5,27.219999313354492,27.405000686645508,22.84803581237793,135600,0.0
2005-02-17,27.520000457763672,27.522499084472656,27.104999542236328,27.104999542236328,22.597923278808594,224800,0.0
2005-02-18,27.1299991607666,27.2549991607666,27.0049991607666,27.142499923706055,22.629180908203125,146000,0.0
2005-02-22,26.962499618530273,27.09749984741211,26.5625,26.572500228881836,22.153976440429688,369200,0.0
2005-02-23,26.697500228881836,26.860000610351562,26.584999084472656,26.72249984741211,22.279029846191406,413200,0.0
2005-02-24,26.625,27.02750015258789,26.520000457763672,27.002500534057617,22.512466430664062,134000,0.0
2005-02-25,27.0625,27.43000030517578,26.982500076293945,27.43000030517578,22.868879318237305,249200,0.0
2005-02-28,27.350000381469727,27.457500457763672,27.06999969482422,27.274999618530273,22.73965835571289,246000,0.0
2005-03-01,27.280000686645508,27.467500686645508,27.25,27.4375,22.87512969970703,179200,0.0
2005-03-02,27.395000457763672,27.674999237060547,27.334999084472656,27.487499237060547,22.916818618774414,260800,0.0
2005-03-03,27.612499237060547,27.622499465942383,27.264999389648438,27.427499771118164,22.86680030822754,115200,0.0
2005-03-04,27.549999237060547,27.815000534057617,27.475000381469727,27.762500762939453,23.146089553833008,260000,0.0
2005-03-07,27.850000381469727,28.102500915527344,27.707500457763672,27.795000076293945,23.173187255859375,227200,0.0
2005-03-08,27.799999237060547,27.8125,27.462499618530273,27.487499237060547,22.916818618774414,184400,0.0
2005-03-09,27.407499313354492,27.47249984741211,27.1299991607666,27.1299991607666,22.618755340576172,291200,0.0
2005-03-10,27.1299991607666,27.149999618530273,26.799999237060547,26.887500762939453,22.41659164428711,320800,0.0
2005-03-11,26.975000381469727,27.1875,26.887500762939453,26.952499389648438,22.47077751159668,168400,0.0
2005-03-14,26.989999771118164,27.100000381469727,26.9325008392334,27.03499984741211,22.539566040039062,255200,0.0
2005-03-15,27.1299991607666,27.280000686645508,26.915000915527344,26.96500015258789,22.481201171875,231200,0.0
2005-03-16,26.837499618530273,26.959999084472656,26.75,26.8125,22.354053497314453,245200,0.0
2005-03-17,26.797500610351562,26.96500015258789,26.690000534057617,26.774999618530273,22.32279396057129,482800,0.0
2005-03-18,26.887500762939453,26.899999618530273,26.667499542236328,26.809999465942383,22.351970672607422,246400,0.0
2005-03-21,26.81999969482422,26.81999969482422,26.542499542236328,26.700000762939453,22.260263442993164,105600,0.0
2005-03-22,26.725000381469727,27.0674991607666,26.637500762939453,26.637500762939453,22.20816421508789,180000,0.0
2005-03-23,26.600000381469727,26.600000381469727,26.229999542236328,26.262500762939453,21.895517349243164,496000,0.0
2005-03-24,26.337499618530273,26.575000762939453,26.337499618530273,26.395000457763672,22.005985260009766,250800,0.0
2005-03-28,26.469999313354492,26.517499923706055,26.334999084472656,26.434999465942383,22.069435119628906,198400,0.036
2005-03-29,26.30500030517578,26.600000381469727,25.889999389648438,25.912500381469727,21.63321876525879,622800,0.0
2005-03-30,26.112499237060547,26.36750030517578,26.087499618530273,26.315000534057617,21.969249725341797,212400,0.0
2005-03-31,26.375,26.420000076293945,26.229999542236328,26.337499618530273,21.988033294677734,184800,0.0
2005-04-01,26.502500534057617,26.602500915527344,26.127500534057617,26.30500030517578,21.960893630981445,1373600,0.0
2005-04-04,26.3125,26.43000030517578,26.040000915527344,26.350000381469727,21.99846839904785,188000,0.0
2005-04-05,26.512500762939453,26.547500610351562,26.412500381469727,26.450000762939453,22.08194923400879,194000,0.0
2005-04-06,26.549999237060547,26.752500534057617,26.50749969482422,26.52750015258789,22.146657943725586,248400,0.0
2005-04-07,26.424999237060547,26.674999237060547,26.424999237060547,26.542499542236328,22.159181594848633,118400,0.0
2005-04-08,26.657499313354492,26.657499313354492,26.204999923706055,26.232500076293945,21.900371551513672,420000,0.0
2005-04-11,26.1875,26.209999084472656,26.05500030517578,26.174999237060547,21.852354049682617,110400,0.0
2005-04-12,26.0,26.337499618530273,25.780000686645508,26.290000915527344,21.948387145996094,277600,0.0
2005-04-13,26.25,26.260000228881836,25.762500762939453,25.829999923706055,21.564348220825195,147200,0.0
2005-04-14,25.795000076293945,25.875,25.350000381469727,25.350000381469727,21.16361427307129,269200,0.0
2005-04-15,25.125,25.337499618530273,24.760000228881836,24.8799991607666,20.771228790283203,610000,0.0
2005-04-18,24.862499237060547,25.112499237060547,24.719999313354492,25.075000762939453,20.934030532836914,1125200,0.0
2005-04-19,25.19499969482422,25.5625,25.19499969482422,25.487499237060547,21.278409957885742,446800,0.0
2005-04-20,25.575000762939453,25.587499618530273,25.114999771118164,25.167499542236328,21.011245727539062,523200,0.0
2005-04-21,25.337499618530273,25.8075008392334,25.329999923706055,25.802499771118164,21.5413818359375,216400,0.0
2005-04-22,25.829999923706055,25.837499618530273,25.15250015258789,25.3799991607666,21.188655853271484,256000,0.0
2005-04-25,25.450000762939453,25.719999313354492,25.450000762939453,25.635000228881836,21.40153694152832,240000,0.0
2005-04-26,25.537500381469727,25.747499465942383,25.184999465942383,25.184999465942383,21.025859832763672,285600,0.0
2005-04-27,25.079999923706055,25.364999771118164,24.885000228881836,25.25,21.080123901367188,361600,0.0
2005-04-28,25.037500381469727,25.040000915527344,24.672500610351562,24.672500610351562,20.59799575805664,296400,0.0
2005-04-29,24.912500381469727,24.912500381469727,24.427499771118164,24.799999237060547,20.704435348510742,657600,0.0
2005-05-02,24.850000381469727,25.174999237060547,24.850000381469727,25.165000915527344,21.009164810180664,230400,0.0
2005-05-03,25.149999618530273,25.357500076293945,25.037500381469727,25.3075008392334,21.128128051757812,219200,0.0
2005-05-04,25.274999618530273,25.594999313354492,25.18000030517578,25.530000686645508,21.313880920410156,225200,0.0
2005-05-05,25.559999465942383,25.767499923706055,25.450000762939453,25.612499237060547,21.38276481628418,377600,0.0
2005-05-06,25.725000381469727,25.787500381469727,25.600000381469727,25.65999984741211,21.42241668701172,207600,0.0
2005-05-09,25.7450008392334,25.969999313354492,25.625,25.969999313354492,21.681222915649414,280800,0.0
2005-05-10,25.799999237060547,25.799999237060547,25.532499313354492,25.565000534057617,21.343107223510742,160800,0.0
2005-05-11,25.655000686645508,25.655000686645508,25.25,25.572500228881836,21.34935760498047,219200,0.0
2005-05-12,25.625,25.712499618530273,25.197500228881836,25.25,21.080123901367188,138000,0.0
2005-05-13,25.375,25.375,24.922500610351562,25.1299991607666,20.97994041442871,213200,0.0
2005-05-16,25.125,25.4375,25.104999542236328,25.4375,21.236663818359375,229200,0.0
2005-05-17,25.4424991607666,25.712499618530273,25.350000381469727,25.667499542236328,21.428682327270508,216800,0.0
2005-05-18,25.94499969482422,26.2450008392334,25.875,26.219999313354492,21.889934539794922,305600,0.0
2005-05-19,26.190000534057617,26.350000381469727,26.170000076293945,26.350000381469727,21.99846839904785,272800,0.0
2005-05-20,26.329999923706055,26.329999923706055,26.06999969482422,26.252500534057617,21.917070388793945,153200,0.0
2005-05-23,26.3075008392334,26.565000534057617,26.229999542236328,26.405000686645508,22.044389724731445,236800,0.0
2005-05-24,26.332500457763672,26.514999389648438,26.327499389648438,26.502500534057617,22.12578773498535,247200,0.0
2005-05-25,26.462499618530273,26.462499618530273,26.149999618530273,26.21500015258789,21.885765075683594,167200,0.0
2005-05-26,26.344999313354492,26.5625,26.344999313354492,26.5625,22.175874710083008,172400,0.0
2005-05-27,26.577499389648438,26.674999237060547,26.4375,26.602500915527344,22.209266662597656,316800,0.0
2005-05-31,26.729999542236328,26.729999542236328,26.5049991607666,26.549999237060547,22.16543960571289,180400,0.0
2005-06-01,26.637500762939453,26.96500015258789,26.600000381469727,26.885000228881836,22.44511604309082,173600,0.0
2005-06-02,26.837499618530273,26.957500457763672,26.795000076293945,26.934999465942383,22.48685646057129,211600,0.0
2005-06-03,26.889999389648438,27.00749969482422,26.690000534057617,26.77750015258789,22.35537338256836,180400,0.0
2005-06-06,26.790000915527344,26.920000076293945,26.649999618530273,26.899999618530273,22.45763397216797,214800,0.0
2005-06-07,27.012500762939453,27.30500030517578,26.897499084472656,26.9375,22.48894691467285,165200,0.0
2005-06-08,27.012500762939453,27.024999618530273,26.655000686645508,26.727500915527344,22.313621520996094,215200,0.0
2005-06-09,26.674999237060547,26.940000534057617,26.565000534057617,26.917499542236328,22.472251892089844,187200,0.0
2005-06-10,26.9375,27.014999389648438,26.75,26.885000228881836,22.44511604309082,276800,0.0
2005-06-13,26.885000228881836,27.072500228881836,26.787500381469727,27.010000228881836,22.54947280883789,197600,0.0
2005-06-14,26.950000762939453,27.122499465942383,26.9375,27.09000015258789,22.616262435913086,236400,0.0
2005-06-15,27.1875,27.25,26.959999084472656,27.239999771118164,22.741485595703125,158800,0.0
2005-06-16,27.262500762939453,27.522499084472656,27.190000534057617,27.522499084472656,22.97734260559082,424800,0.0
2005-06-17,27.690000534057617,27.71500015258789,27.377500534057617,27.487499237060547,22.948122024536133,143600,0.0
2005-06-20,27.454999923706055,27.530000686645508,27.30500030517578,27.459999084472656,22.925161361694336,126000,0.0
2005-06-21,27.487499237060547,27.487499237060547,27.264999389648438,27.412500381469727,22.93206214904785,171200,0.05575
2005-06-22,27.44499969482422,27.4950008392334,27.24250030517578,27.399999618530273,22.921607971191406,161600,0.0
2005-06-23,27.354999542236328,27.44499969482422,27.014999389648438,27.014999389648438,22.59952735900879,114000,0.0
2005-06-24,27.06999969482422,27.06999969482422,26.577499389648438,26.649999618530273,22.294193267822266,668800,0.0
2005-06-27,26.625,26.780000686645508,26.6200008392334,26.780000686645508,22.402935028076172,111600,0.0
2005-06-28,26.842500686645508,27.225000381469727,26.842500686645508,27.225000381469727,22.77520751953125,488800,0.0
2005-06-29,27.232500076293945,27.350000381469727,27.197500228881836,27.2549991607666,22.80029296875,338800,0.0
2005-06-30,27.38249969482422,27.512500762939453,27.25,27.25,22.796119689941406,113600,0.0
2005-07-01,27.395000457763672,27.452499389648438,27.227500915527344,27.452499389648438,22.965534210205078,3889200,0.0
2005-07-05,27.407499313354492,27.86750030517578,27.407499313354492,27.86750030517578,23.312700271606445,353600,0.0
2005-07-06,27.8174991607666,27.90999984741211,27.594999313354492,27.68000030517578,23.155845642089844,226800,0.0
2005-07-07,27.412500381469727,27.780000686645508,27.322500228881836,27.762500762939453,23.224853515625,175200,0.0
2005-07-08,27.799999237060547,28.272499084472656,27.799999237060547,28.184999465942383,23.578296661376953,395200,0.0
2005-07-11,28.4375,28.642499923706055,28.415000915527344,28.584999084472656,23.91292381286621,202400,0.0
2005-07-12,28.5625,28.684999465942383,28.44499969482422,28.5625,23.894107818603516,287200,0.0
2005-07-13,28.52750015258789,28.552499771118164,28.295000076293945,28.344999313354492,23.71215057373047,159200,0.0
2005-07-14,28.662500381469727,28.674999237060547,28.094999313354492,28.19499969482422,23.586669921875,210400,0.0
2005-07-15,28.170000076293945,28.264999389648438,28.032499313354492,28.247499465942383,23.63058853149414,519600,0.0
2005-07-18,28.229999542236328,28.229999542236328,27.975000381469727,28.075000762939453,23.48627281188965,215600,0.0
2005-07-19,28.212499618530273,28.467500686645508,28.047500610351562,28.467500686645508,23.814626693725586,340800,0.0
2005-07-20,28.377500534057617,28.822500228881836,28.360000610351562,28.772499084472656,24.069772720336914,302800,0.0
2005-07-21,28.8125,28.825000762939453,28.27750015258789,28.302499771118164,23.676593780517578,171200,0.0
2005-07-22,28.5,28.712499618530273,28.34000015258789,28.712499618530273,24.01958656311035,124000,0.0
2005-07-25,28.75,28.850000381469727,28.46500015258789,28.510000228881836,23.850187301635742,144800,0.0
2005-07-26,28.5625,28.600000381469727,28.3799991607666,28.52750015258789,23.864809036254883,127600,0.0
2005-07-27,28.545000076293945,28.610000610351562,28.280000686645508,28.592500686645508,23.9191951751709,258000,0.0
2005-07-28,28.767499923706055,29.102500915527344,28.709999084472656,29.049999237060547,24.30192756652832,182800,0.0
2005-07-29,29.072500228881836,29.200000762939453,28.912500381469727,29.0,24.26009178161621,288800,0.0
2005-08-01,29.18000030517578,29.202499389648438,29.017499923706055,29.087499618530273,24.333297729492188,2121200,0.0
2005-08-02,29.219999313354492,29.3174991607666,29.114999771118164,29.28499984741211,24.498512268066406,333600,0.0
2005-08-03,29.227500915527344,29.302499771118164,29.110000610351562,29.172500610351562,24.404403686523438,200400,0.0
2005-08-04,29.149999618530273,29.149999618530273,28.809999465942383,28.8799991607666,24.159700393676758,292800,0.0
2005-08-05,28.837499618530273,28.837499618530273,28.344999313354492,28.475000381469727,23.820903778076172,410000,0.0
2005-08-08,28.5625,28.645000457763672,28.295000076293945,28.344999313354492,23.71215057373047,194000,0.0
2005-08-09,28.459999084472656,28.459999084472656,28.252500534057617,28.440000534057617,23.791629791259766,253200,0.0
2005-08-10,28.612499237060547,28.770000457763672,28.387500762939453,28.575000762939453,23.904560089111328,188000,0.0
2005-08-11,28.487499237060547,28.780000686645508,28.487499237060547,28.69499969482422,24.00493812561035,160800,0.0
2005-08-12,28.645000457763672,28.649999618530273,28.34749984741211,28.530000686645508,23.86691665649414,156800,0.0
2005-08-15,28.625,28.725000381469727,28.385000228881836,28.690000534057617,24.00076675415039,138000,0.0
2005-08-16,28.502500534057617,28.502500534057617,28.170000076293945,28.177499771118164,23.572025299072266,286000,0.0
2005-08-17,28.145000457763672,28.270000457763672,28.040000915527344,28.0674991607666,23.480010986328125,224000,0.0
2005-08-18,27.8700008392334,28.0674991607666,27.80500030517578,28.0,23.423532485961914,404800,0.0
2005-08-19,28.012500762939453,28.139999389648438,28.0,28.084999084472656,23.49464988708496,155600,0.0
2005-08-22,28.145000457763672,28.209999084472656,28.012500762939453,28.149999618530273,23.549020767211914,694800,0.0
2005-08-23,28.149999618530273,28.207500457763672,27.912500381469727,28.170000076293945,23.56575584411621,210400,0.0
2005-08-24,28.100000381469727,28.412500381469727,28.024999618530273,28.03499984741211,23.452817916870117,142000,0.0
2005-08-25,28.049999237060547,28.197500228881836,28.030000686645508,28.102500915527344,23.50929069519043,85600,0.0
2005-08-26,28.135000228881836,28.135000228881836,27.712499618530273,27.790000915527344,23.24786376953125,165200,0.0
2005-08-29,27.702499389648438,28.06999969482422,27.665000915527344,28.06999969482422,23.48209571838379,196400,0.0
2005-08-30,28.014999389648438,28.09000015258789,27.872499465942383,27.99250030517578,23.41726303100586,189600,0.0
2005-08-31,28.02750015258789,28.637500762939453,28.02750015258789,28.637500762939453,23.95684242248535,251600,0.0
2005-09-01,28.645000457763672,28.834999084472656,28.5575008392334,28.75,24.05095672607422,1960400,0.0
2005-09-02,28.799999237060547,28.799999237060547,28.415000915527344,28.497499465942383,23.839725494384766,177600,0.0
2005-09-06,28.604999542236328,28.934999465942383,28.604999542236328,28.905000686645508,24.18061637878418,262000,0.0
2005-09-07,28.940000534057617,29.082500457763672,28.832500457763672,29.075000762939453,24.322837829589844,182000,0.0
2005-09-08,28.969999313354492,28.985000610351562,28.770000457763672,28.905000686645508,24.18061637878418,516000,0.0
2005-09-09,28.997499465942383,29.157499313354492,28.907499313354492,29.137500762939453,24.3751163482666,116000,0.0
2005-09-12,29.149999618530273,29.3125,29.072500228881836,29.204999923706055,24.431594848632812,258000,0.0
2005-09-13,29.077499389648438,29.155000686645508,28.947500228881836,28.969999313354492,24.235000610351562,337600,0.0
2005-09-14,29.022499084472656,29.022499084472656,28.707500457763672,28.719999313354492,24.025856018066406,105600,0.0
2005-09-15,28.802499771118164,28.854999542236328,28.642499923706055,28.7549991607666,24.055139541625977,105200,0.0
2005-09-16,28.8700008392334,29.03499984741211,28.837499618530273,29.03499984741211,24.289379119873047,80400,0.0
2005-09-19,28.989999771118164,29.045000076293945,28.829999923706055,28.950000762939453,24.218257904052734,170000,0.0
2005-09-20,28.950000762939453,29.012500762939453,28.479999542236328,28.517499923706055,23.85645294189453,600400,0.0
2005-09-21,28.4375,28.467500686645508,28.147499084472656,28.147499084472656,23.54694175720215,521600,0.0
2005-09-22,28.147499084472656,28.27750015258789,27.940000534057617,28.197500228881836,23.58875846862793,291200,0.0
2005-09-23,28.200000762939453,28.520000457763672,28.0674991607666,28.469999313354492,23.816722869873047,128800,0.0
2005-09-26,28.657499313354492,28.774999618530273,28.477500915527344,28.702499389648438,24.03190040588379,353200,0.0245
2005-09-27,28.712499618530273,28.832500457763672,28.510000228881836,28.717500686645508,24.044462203979492,228400,0.0
2005-09-28,28.75749969482422,28.787500381469727,28.537500381469727,28.649999618530273,23.987939834594727,358800,0.0
2005-09-29,28.670000076293945,29.012500762939453,28.52750015258789,29.00749969482422,24.287275314331055,1344800,0.0
2005-09-30,29.010000228881836,29.094999313354492,28.877500534057617,29.047500610351562,24.32076644897461,145200,0.0
2005-10-03,29.147499084472656,29.352500915527344,29.122499465942383,29.229999542236328,24.473567962646484,274800,0.0
2005-10-04,29.2450008392334,29.3075008392334,28.78499984741211,28.78499984741211,24.100980758666992,196800,0.0
2005-10-05,28.782499313354492,28.834999084472656,28.065000534057617,28.075000762939453,23.50650405883789,480800,0.0
2005-10-06,28.040000915527344,28.147499084472656,27.497499465942383,27.762500762939453,23.24485206604004,522000,0.0
2005-10-07,27.99250030517578,28.100000381469727,27.8125,28.010000228881836,23.45208168029785,1013600,0.0
2005-10-10,28.065000534057617,28.065000534057617,27.614999771118164,27.665000915527344,23.163230895996094,275600,0.0
2005-10-11,27.7450008392334,27.889999389648438,27.447500228881836,27.447500228881836,22.981121063232422,255600,0.0
2005-10-12,27.3700008392334,27.44499969482422,26.8075008392334,27.03499984741211,22.635738372802734,776800,0.0
2005-10-13,26.959999084472656,27.104999542236328,26.59749984741211,26.987499237060547,22.595972061157227,601600,0.0
2005-10-14,27.25,27.5,26.975000381469727,27.4325008392334,22.96856117248535,436400,0.0
2005-10-17,27.487499237060547,27.702499389648438,27.364999771118164,27.637500762939453,23.140207290649414,888000,0.0
2005-10-18,27.637500762939453,27.637500762939453,27.207500457763672,27.229999542236328,22.79901123046875,297600,0.0
2005-10-19,27.18000030517578,27.704999923706055,26.875,27.704999923706055,23.19671630859375,695200,0.0
2005-10-20,27.725000381469727,27.792499542236328,27.045000076293945,27.207500457763672,22.780166625976562,476400,0.0
2005-10-21,27.309999465942383,27.604999542236328,27.309999465942383,27.44499969482422,22.979026794433594,387600,0.0
2005-10-24,27.612499237060547,28.0,27.537500381469727,27.975000381469727,23.422775268554688,404800,0.0
2005-10-25,28.0,28.127500534057617,27.700000762939453,27.997499465942383,23.441608428955078,218000,0.0
2005-10-26,27.815000534057617,28.200000762939453,27.674999237060547,27.684999465942383,23.179967880249023,342800,0.0
2005-10-27,27.674999237060547,27.674999237060547,26.975000381469727,27.059999465942383,22.656679153442383,270000,0.0
2005-10-28,27.235000610351562,27.540000915527344,26.952499389648438,27.522499084472656,23.04391860961914,454400,0.0
2005-10-31,27.770000457763672,28.13249969482422,27.770000457763672,27.90250015258789,23.362077713012695,679600,0.0
2005-11-01,27.927499771118164,28.059999465942383,27.780000686645508,27.979999542236328,23.426965713500977,2653200,0.0
2005-11-02,27.957500457763672,28.587499618530273,27.957500457763672,28.587499618530273,23.93560791015625,220400,0.0
2005-11-03,28.760000228881836,28.927499771118164,28.587499618530273,28.655000686645508,23.992130279541016,437200,0.0
2005-11-04,28.71500015258789,28.71500015258789,28.325000762939453,28.547500610351562,23.902122497558594,349200,0.0
2005-11-07,28.665000915527344,28.717500686645508,28.427499771118164,28.565000534057617,23.916772842407227,312400,0.0
2005-11-08,28.434999465942383,28.514999389648438,28.25,28.469999313354492,23.837238311767578,763600,0.0
2005-11-09,28.479999542236328,28.709999084472656,28.287500381469727,28.520000457763672,23.879100799560547,164800,0.0
2005-11-10,28.502500534057617,28.649999618530273,28.075000762939453,28.584999084472656,23.933517456054688,338800,0.0
2005-11-11,28.56999969482422,28.774999618530273,28.549999237060547,28.690000534057617,24.021434783935547,318800,0.0
2005-11-14,28.75,28.762500762939453,28.552499771118164,28.655000686645508,23.992130279541016,383600,0.0
2005-11-15,28.625,29.665000915527344,28.3174991607666,28.377500534057617,23.75979232788086,175200,0.0
2005-11-16,28.399999618530273,28.475000381469727,28.172500610351562,28.392499923706055,23.772348403930664,491200,0.0
2005-11-17,28.4950008392334,28.940000534057617,28.4950008392334,28.940000534057617,24.23076629638672,199600,0.0
2005-11-18,29.0,29.170000076293945,28.892499923706055,29.075000762939453,24.343780517578125,321600,0.0
2005-11-21,29.104999542236328,29.4325008392334,29.0,29.417499542236328,24.630552291870117,322800,0.0
2005-11-22,29.424999237060547,29.69499969482422,29.375,29.642499923706055,24.81894302368164,1191600,0.0
2005-11-23,29.627500534057617,29.827499389648438,29.610000610351562,29.655000686645508,24.82940673828125,678800,0.0
2005-11-25,29.667499542236328,29.74250030517578,29.575000762939453,29.6924991607666,24.860809326171875,260000,0.0
2005-11-28,29.72249984741211,29.725000381469727,29.1299991607666,29.1825008392334,24.433792114257812,454000,0.0
2005-11-29,29.225000381469727,29.459999084472656,29.1825008392334,29.299999237060547,24.532176971435547,264400,0.0
2005-11-30,29.325000762939453,29.545000076293945,29.302499771118164,29.360000610351562,24.582406997680664,950000,0.0
2005-12-01,29.5625,29.912500381469727,29.5625,29.842500686645508,24.986392974853516,551600,0.0
2005-12-02,29.787500381469727,29.987499237060547,29.725000381469727,29.950000762939453,25.076404571533203,442400,0.0
2005-12-05,29.947500228881836,29.947500228881836,29.6924991607666,29.860000610351562,25.00103759765625,288400,0.0
2005-12-06,29.962499618530273,30.135000228881836,29.8700008392334,29.88249969482422,25.019880294799805,226000,0.0
2005-12-07,29.90999984741211,29.922500610351562,29.5625,29.684999465942383,24.854522705078125,383200,0.0
2005-12-08,29.709999084472656,29.922500610351562,29.520000457763672,29.7549991607666,24.913135528564453,279200,0.0
2005-12-09,29.75,29.875,29.579999923706055,29.8174991607666,24.965463638305664,439600,0.0
2005-12-12,29.9424991607666,30.022499084472656,29.760000228881836,29.892499923706055,25.028255462646484,127600,0.0
2005-12-13,29.93000030517578,30.087499618530273,29.802499771118164,29.9950008392334,25.114076614379883,266400,0.0
2005-12-14,30.012500762939453,30.207500457763672,29.887500762939453,30.075000762939453,25.181068420410156,343200,0.0
2005-12-15,30.079999923706055,30.079999923706055,29.625,29.674999237060547,24.846155166625977,516400,0.0
2005-12-16,29.862499237060547,29.862499237060547,29.532499313354492,29.5625,24.751962661743164,147200,0.0
2005-12-19,29.517499923706055,29.517499923706055,29.155000686645508,29.209999084472656,24.456825256347656,634400,0.0
2005-12-20,29.212499618530273,29.44499969482422,29.110000610351562,29.227500915527344,24.47146987915039,267600,0.0
2005-12-21,29.399999618530273,29.612499237060547,29.364999771118164,29.575000762939453,24.76242446899414,606000,0.0
2005-12-22,29.677499771118164,29.732500076293945,29.532499313354492,29.6875,24.856616973876953,136800,0.0
2005-12-23,29.697500228881836,29.725000381469727,29.600000381469727,29.684999465942383,24.89267349243164,102400,0.0455
2005-12-27,29.80500030517578,29.80500030517578,29.227500915527344,29.282499313354492,24.55515480041504,154800,0.0
2005-12-28,29.3125,29.4950008392334,29.114999771118164,29.395000457763672,24.649492263793945,331600,0.0
2005-12-29,29.375,29.53499984741211,29.262500762939453,29.262500762939453,24.53837776184082,207200,0.0
2005-12-30,29.022499084472656,29.1875,29.0049991607666,29.017499923706055,24.33293914794922,496800,0.0
2006-01-03,29.267499923706055,29.610000610351562,28.8125,29.577499389648438,24.802518844604492,474800,0.0
2006-01-04,29.545000076293945,29.760000228881836,29.475000381469727,29.677499771118164,24.88638687133789,186000,0.0
2006-01-05,29.662500381469727,29.752500534057617,29.575000762939453,29.707500457763672,24.911544799804688,596800,0.0
2006-01-06,29.885000228881836,30.0575008392334,29.700000762939453,30.0575008392334,25.205032348632812,261200,0.0
2006-01-09,30.014999389648438,30.407499313354492,30.014999389648438,30.27750015258789,25.3895206451416,660400,0.0
2006-01-10,30.1825008392334,30.549999237060547,30.165000915527344,30.50749969482422,25.582395553588867,227200,0.0
2006-01-11,30.587499618530273,30.602500915527344,30.299999237060547,30.489999771118164,25.567716598510742,252400,0.0
2006-01-12,30.450000762939453,30.545000076293945,30.27750015258789,30.302499771118164,25.410484313964844,230000,0.0
2006-01-13,30.36750030517578,30.4375,30.262500762939453,30.302499771118164,25.410484313964844,126400,0.0
2006-01-17,30.204999923706055,30.232500076293945,30.0049991607666,30.155000686645508,25.286794662475586,520400,0.0
2006-01-18,29.9424991607666,30.142499923706055,29.827499389648438,30.087499618530273,25.23019027709961,253600,0.0
2006-01-19,30.082500457763672,30.530000686645508,30.082500457763672,30.5,25.57610321044922,215600,0.0
2006-01-20,30.53499984741211,30.547500610351562,30.079999923706055,30.122499465942383,25.259540557861328,209200,0.0
2006-01-23,30.225000381469727,30.225000381469727,29.924999237060547,30.049999237060547,25.198755264282227,468800,0.0
2006-01-24,30.079999923706055,30.462499618530273,30.079999923706055,30.427499771118164,25.515296936035156,323200,0.0
2006-01-25,30.469999313354492,30.549999237060547,30.1825008392334,30.354999542236328,25.454509735107422,464400,0.0
2006-01-26,30.5,30.86750030517578,30.387500762939453,30.8075008392334,25.833955764770508,174800,0.0
2006-01-27,30.897499084472656,31.202499389648438,30.8125,30.9950008392334,25.991193771362305,276000,0.0
2006-01-30,31.03499984741211,31.237499237060547,31.03499984741211,31.104999542236328,26.08342933654785,329600,0.0
2006-01-31,31.087499618530273,31.34000015258789,30.979999542236328,31.040000915527344,26.028919219970703,234000,0.0
2006-02-01,31.25749969482422,31.417499542236328,31.197500228881836,31.282499313354492,26.23227882385254,159200,0.0
2006-02-02,31.272499084472656,31.31999969482422,30.770000457763672,31.010000228881836,26.003765106201172,276000,0.0
2006-02-03,30.920000076293945,31.075000762939453,30.707500457763672,30.887500762939453,25.901052474975586,476000,0.0
2006-02-06,30.940000534057617,30.987499237060547,30.707500457763672,30.962499618530273,25.96393585205078,149600,0.0
2006-02-07,30.889999389648438,31.012500762939453,30.454999923706055,30.537500381469727,25.6075496673584,229600,0.0
2006-02-08,30.575000762939453,30.65250015258789,30.3125,30.582500457763672,25.645282745361328,438800,0.0
2006-02-09,30.637500762939453,30.795000076293945,30.34749984741211,30.405000686645508,25.496437072753906,222000,0.0
2006-02-10,30.274999618530273,30.38249969482422,29.959999084472656,30.337499618530273,25.439836502075195,144400,0.0
2006-02-13,30.280000686645508,30.322500228881836,29.9375,30.049999237060547,25.198755264282227,155200,0.0
2006-02-14,30.087499618530273,30.469999313354492,29.892499923706055,30.344999313354492,25.44612693786621,198800,0.0
2006-02-15,30.40250015258789,30.65999984741211,30.329999923706055,30.6200008392334,25.676734924316406,236000,0.0
2006-02-16,30.787500381469727,30.912500381469727,30.674999237060547,30.844999313354492,25.86540985107422,386000,0.0
2006-02-17,30.950000762939453,30.952499389648438,30.78499984741211,30.862499237060547,25.88007354736328,120000,0.0
2006-02-21,30.94499969482422,31.014999389648438,30.665000915527344,30.822500228881836,25.84653663635254,193600,0.0
2006-02-22,30.899999618530273,31.040000915527344,30.700000762939453,30.975000381469727,25.974414825439453,364800,0.0
2006-02-23,30.899999618530273,31.107500076293945,30.782499313354492,30.915000915527344,25.924102783203125,477600,0.0
2006-02-24,30.924999237060547,31.157499313354492,30.862499237060547,31.1200008392334,26.096004486083984,170000,0.0
2006-02-27,31.127500534057617,31.334999084472656,31.127500534057617,31.204999923706055,26.16728401184082,176800,0.0
2006-02-28,31.122499465942383,31.157499313354492,30.799999237060547,30.837499618530273,25.859111785888672,160800,0.0
2006-03-01,30.920000076293945,31.290000915527344,30.877500534057617,31.27750015258789,26.22808074951172,291200,0.0
2006-03-02,31.200000762939453,31.4325008392334,31.125,31.3075008392334,26.253246307373047,254800,0.0
2006-03-03,31.139999389648438,31.467500686645508,31.110000610351562,31.1825008392334,26.148420333862305,707600,0.0
2006-03-06,31.165000915527344,31.165000915527344,30.725000381469727,30.815000534057617,25.840246200561523,223600,0.0
2006-03-07,30.670000076293945,30.670000076293945,30.290000915527344,30.389999389648438,25.483861923217773,343200,0.0
2006-03-08,30.3174991607666,30.5625,30.11750030517578,30.475000381469727,25.555137634277344,340400,0.0
2006-03-09,30.53499984741211,30.655000686645508,30.267499923706055,30.267499923706055,25.38113784790039,235600,0.0
2006-03-10,30.325000762939453,30.697500228881836,30.209999084472656,30.697500228881836,25.741714477539062,443600,0.0
2006-03-13,30.947500228881836,30.969999313354492,30.72249984741211,30.834999084472656,25.857023239135742,134400,0.0
2006-03-14,30.69499969482422,31.1200008392334,30.665000915527344,31.075000762939453,26.058269500732422,248400,0.0
2006-03-15,31.1200008392334,31.3174991607666,31.02750015258789,31.315000534057617,26.259523391723633,252000,0.0
2006-03-16,31.454999923706055,31.68000030517578,31.392499923706055,31.475000381469727,26.39369773864746,174000,0.0
2006-03-17,31.524999618530273,31.55500030517578,31.38249969482422,31.510000228881836,26.42304039001465,176000,0.0
2006-03-20,31.462499618530273,31.602500915527344,31.395000457763672,31.467500686645508,26.387407302856445,290400,0.0
2006-03-21,31.524999618530273,31.8075008392334,31.329999923706055,31.3700008392334,26.30564308166504,384400,0.0
2006-03-22,31.315000534057617,31.74250030517578,31.292499542236328,31.662500381469727,26.550928115844727,206800,0.0
2006-03-23,31.68000030517578,31.829999923706055,31.59749984741211,31.829999923706055,26.691381454467773,151200,0.0
2006-03-24,31.829999923706055,31.977500915527344,31.77750015258789,31.94499969482422,26.78782081604004,118400,0.0
2006-03-27,31.934999465942383,31.957500457763672,31.774999618530273,31.957500457763672,26.806489944458008,190000,0.00975
2006-03-28,31.950000762939453,32.150001525878906,31.8125,31.8700008392334,26.733089447021484,171600,0.0
2006-03-29,31.899999618530273,32.3025016784668,31.875,32.29750061035156,27.091670989990234,210800,0.0
2006-03-30,32.32500076293945,32.4474983215332,32.092498779296875,32.17499923706055,26.988927841186523,195600,0.0
2006-03-31,32.317501068115234,32.3849983215332,32.13249969482422,32.3849983215332,27.16507339477539,464800,0.0
2006-04-03,32.432498931884766,32.5724983215332,32.07749938964844,32.11000061035156,26.934406280517578,490400,0.0
2006-04-04,32.07749938964844,32.36249923706055,32.0,32.307498931884766,27.10007095336914,268000,0.0
2006-04-05,32.400001525878906,32.45500183105469,32.162498474121094,32.4275016784668,27.200725555419922,207600,0.0
2006-04-06,32.400001525878906,32.41999816894531,32.1875,32.38999938964844,27.169281005859375,133600,0.0
2006-04-07,32.477500915527344,32.61000061035156,31.899999618530273,31.975000381469727,26.8211669921875,804000,0.0
2006-04-10,31.979999542236328,32.147499084472656,31.799999237060547,31.917499542236328,26.77293586730957,194400,0.0
2006-04-11,32.040000915527344,32.040000915527344,31.43000030517578,31.522499084472656,26.441598892211914,398000,0.0
2006-04-12,31.510000228881836,31.760000228881836,31.510000228881836,31.6825008392334,26.575809478759766,320800,0.0
2006-04-13,31.68000030517578,31.887500762939453,31.450000762939453,31.787500381469727,26.66388511657715,393600,0.0
2006-04-17,31.77750015258789,31.917499542236328,31.6200008392334,31.825000762939453,26.695343017578125,373600,0.0
2006-04-18,31.899999618530273,32.57749938964844,31.899999618530273,32.537498474121094,27.293006896972656,298400,0.0
2006-04-19,32.647499084472656,32.875,32.56999969482422,32.77750015258789,27.49431800842285,264400,0.0
2006-04-20,32.875,32.875,32.4275016784668,32.81999969482422,27.529958724975586,250800,0.0
2006-04-21,32.88750076293945,32.89250183105469,32.52750015258789,32.6775016784668,27.410432815551758,428000,0.0
2006-04-24,32.6349983215332,32.6349983215332,32.349998474121094,32.47249984741211,27.23847198486328,431200,0.0
2006-04-25,32.48500061035156,32.48500061035156,32.147499084472656,32.279998779296875,27.077001571655273,298400,0.0
2006-04-26,32.29249954223633,32.692501068115234,32.29249954223633,32.375,27.15669059753418,374400,0.0
2006-04-27,32.13249969482422,32.47249984741211,31.927499771118164,32.1349983215332,26.955371856689453,654400,0.0
2006-04-28,32.099998474121094,32.474998474121094,32.099998474121094,32.36249923706055,27.14620018005371,221600,0.0
2006-05-01,32.525001525878906,32.54999923706055,32.162498474121094,32.162498474121094,26.978443145751953,566400,0.0
2006-05-02,32.272499084472656,32.459999084472656,32.16749954223633,32.45000076293945,27.21961212158203,278000,0.0
2006-05-03,32.407501220703125,32.439998626708984,32.16999816894531,32.32500076293945,27.114748001098633,216800,0.0
2006-05-04,32.372501373291016,32.61249923706055,32.349998474121094,32.599998474121094,27.345422744750977,188800,0.0
2006-05-05,32.724998474121094,33.09749984741211,32.724998474121094,33.022499084472656,27.6998291015625,228800,0.0
2006-05-08,32.9375,33.060001373291016,32.81999969482422,33.01250076293945,27.691436767578125,156800,0.0
2006-05-09,32.95500183105469,33.06999969482422,32.95249938964844,33.022499084472656,27.6998291015625,222400,0.0
2006-05-10,32.88750076293945,33.040000915527344,32.79999923706055,32.94499969482422,27.63481903076172,436800,0.0
2006-05-11,32.977500915527344,32.977500915527344,32.23500061035156,32.23749923706055,27.041357040405273,339200,0.0
2006-05-12,32.04249954223633,32.04249954223633,31.547500610351562,31.575000762939453,26.48563575744629,447600,0.0
2006-05-15,31.299999237060547,31.637500762939453,31.225000381469727,31.627500534057617,26.52967643737793,410800,0.0
2006-05-16,31.647499084472656,31.782499313354492,31.522499084472656,31.647499084472656,26.54644203186035,266400,0.0
2006-05-17,31.290000915527344,31.587499618530273,31.09000015258789,31.174999237060547,26.15010643005371,762000,0.0
2006-05-18,31.280000686645508,31.407499313354492,30.752500534057617,30.752500534057617,25.79570770263672,473200,0.0
2006-05-19,30.81999969482422,31.024999618530273,30.475000381469727,30.920000076293945,25.93621826171875,642000,0.0
2006-05-22,30.6924991607666,30.897499084472656,30.274999618530273,30.645000457763672,25.705541610717773,1058800,0.0
2006-05-23,30.967500686645508,31.147499084472656,30.44499969482422,30.44499969482422,25.537771224975586,395200,0.0
2006-05-24,30.30500030517578,30.684999465942383,29.7549991607666,30.49250030517578,25.577619552612305,529600,0.0
2006-05-25,30.674999237060547,31.012500762939453,30.582500457763672,31.012500762939453,26.01380729675293,317600,0.0
2006-05-26,31.15999984741211,31.22249984741211,30.917499542236328,31.155000686645508,26.133338928222656,323200,0.0
2006-05-30,31.037500381469727,31.037500381469727,30.362499237060547,30.397499084472656,25.497940063476562,170400,0.0
2006-05-31,30.44499969482422,30.8125,30.40999984741211,30.762500762939453,25.80409812927246,220000,0.0
2006-06-01,30.86750030517578,31.334999084472656,30.81999969482422,31.31999969482422,26.27174186706543,220400,0.0
2006-06-02,31.577499389648438,31.579999923706055,31.135000228881836,31.329999923706055,26.280128479003906,282000,0.0
2006-06-05,31.260000228881836,31.260000228881836,30.459999084472656,30.482500076293945,25.56922721862793,396800,0.0
2006-06-06,30.5625,30.5625,30.0,30.325000762939453,25.437114715576172,540000,0.0
2006-06-07,30.315000534057617,30.665000915527344,30.087499618530273,30.087499618530273,25.237897872924805,232800,0.0
2006-06-08,29.920000076293945,30.065000534057617,29.18000030517578,30.065000534057617,25.219026565551758,1016800,0.0
2006-06-09,30.25,30.424999237060547,29.860000610351562,29.885000228881836,25.068037033081055,413600,0.0
2006-06-12,29.912500381469727,29.987499237060547,29.235000610351562,29.25,24.53539276123047,661200,0.0
2006-06-13,29.167499542236328,29.549999237060547,28.75749969482422,28.877500534057617,24.222929000854492,721200,0.0
2006-06-14,28.962499618530273,29.157499313354492,28.725000381469727,29.00749969482422,24.33197784423828,588400,0.0
2006-06-15,29.290000915527344,29.99250030517578,29.247499465942383,29.96500015258789,25.135147094726562,794400,0.0
2006-06-16,29.88249969482422,29.93000030517578,29.52750015258789,29.700000762939453,24.912857055664062,466400,0.0
2006-06-19,29.732500076293945,29.732500076293945,29.125,29.15250015258789,24.453609466552734,299600,0.0
2006-06-20,29.18000030517578,29.375,29.0625,29.0625,24.37811851501465,214800,0.0
2006-06-21,29.100000381469727,29.735000610351562,29.100000381469727,29.592500686645508,24.822683334350586,182800,0.0
2006-06-22,29.424999237060547,29.530000686645508,29.28499984741211,29.450000762939453,24.70315170288086,278000,0.0
2006-06-23,29.354999542236328,29.78499984741211,29.325000762939453,29.655000686645508,24.88715362548828,167600,0.01425
2006-06-26,29.822500228881836,29.907499313354492,29.727500915527344,29.907499313354492,25.09905433654785,237200,0.0
2006-06-27,29.875,30.00749969482422,29.352500915527344,29.352500915527344,24.633289337158203,1023200,0.0
2006-06-28,29.450000762939453,29.5049991607666,29.137500762939453,29.5,24.757070541381836,258000,0.0
2006-06-29,29.774999618530273,30.469999313354492,29.6875,30.469999313354492,25.571123123168945,680000,0.0
2006-06-30,30.612499237060547,30.6875,30.292499542236328,30.649999618530273,25.722177505493164,413600,0.0
2006-07-03,30.649999618530273,30.9325008392334,30.637500762939453,30.90999984741211,25.940378189086914,254000,0.0
2006-07-05,30.670000076293945,30.684999465942383,30.287500381469727,30.552499771118164,25.640352249145508,1234800,0.0
2006-07-06,30.684999465942383,30.917499542236328,30.459999084472656,30.65250015258789,25.724275588989258,477200,0.0
2006-07-07,30.5674991607666,30.657499313354492,30.142499923706055,30.1875,25.33403968811035,222000,0.0
2006-07-10,30.247499465942383,30.469999313354492,30.049999237060547,30.122499465942383,25.279483795166016,192800,0.0
2006-07-11,30.052499771118164,30.377500534057617,29.822500228881836,30.377500534057617,25.493486404418945,305600,0.0
2006-07-12,30.252500534057617,30.267499923706055,29.81999969482422,29.844999313354492,25.046602249145508,176800,0.0
2006-07-13,29.65999984741211,29.717500686645508,29.232500076293945,29.30500030517578,24.593435287475586,326400,0.0
2006-07-14,29.25,29.25,28.672500610351562,29.03499984741211,24.36683464050293,559600,0.0
2006-07-17,28.954999923706055,29.18000030517578,28.770000457763672,28.81999969482422,24.186397552490234,260000,0.0
2006-07-18,28.90999984741211,29.0625,28.450000762939453,28.90999984741211,24.261930465698242,381600,0.0
2006-07-19,28.915000915527344,29.670000076293945,28.915000915527344,29.59749984741211,24.83890151977539,449200,0.0
2006-07-20,29.71500015258789,29.762500762939453,28.81999969482422,28.81999969482422,24.186397552490234,227600,0.0
2006-07-21,28.512500762939453,28.547500610351562,28.225000381469727,28.350000381469727,23.79196548461914,287600,0.0
2006-07-24,28.6200008392334,29.15250015258789,28.6200008392334,29.15250015258789,24.465452194213867,862800,0.0
2006-07-25,29.125,29.56999969482422,29.037500381469727,29.327499389648438,24.612306594848633,186800,0.0
2006-07-26,29.2450008392334,29.469999313354492,28.905000686645508,29.272499084472656,24.56615447998047,264800,0.0
2006-07-27,29.440000534057617,29.5575008392334,28.802499771118164,28.875,24.232561111450195,2662800,0.0
2006-07-28,29.012500762939453,29.450000762939453,28.9950008392334,29.392499923706055,24.666860580444336,195200,0.0
2006-07-31,29.362499237060547,29.635000228881836,29.31999969482422,29.559999465942383,24.807424545288086,125600,0.0
2006-08-01,29.385000228881836,29.385000228881836,29.075000762939453,29.209999084472656,24.51369857788086,222000,0.0
2006-08-02,29.385000228881836,29.6200008392334,29.28499984741211,29.412500381469727,24.683639526367188,178400,0.0
2006-08-03,29.137500762939453,29.809999465942383,29.075000762939453,29.729999542236328,24.950090408325195,1210800,0.0
2006-08-04,30.149999618530273,30.174999237060547,29.325000762939453,29.530000686645508,24.78224754333496,194400,0.0
2006-08-07,29.350000381469727,29.44499969482422,29.167499542236328,29.309999465942383,24.597623825073242,175600,0.0
2006-08-08,29.450000762939453,29.635000228881836,29.0,29.075000762939453,24.400394439697266,364000,0.0
2006-08-09,29.337499618530273,29.375,28.770000457763672,28.799999237060547,24.16962242126465,356400,0.0
2006-08-10,28.65250015258789,29.059999465942383,28.52750015258789,28.967500686645508,24.310182571411133,1052800,0.0
2006-08-11,28.850000381469727,28.860000610351562,28.63249969482422,28.74250030517578,24.121366500854492,70800,0.0
2006-08-14,28.962499618530273,29.177499771118164,28.704999923706055,28.774999618530273,24.148630142211914,148400,0.0
2006-08-15,29.24250030517578,29.412500381469727,29.087499618530273,29.375,24.652172088623047,216800,0.0
2006-08-16,29.517499923706055,29.827499389648438,29.4424991607666,29.80500030517578,25.013038635253906,269200,0.0
2006-08-17,29.747499465942383,29.989999771118164,29.707500457763672,29.864999771118164,25.06338119506836,274400,0.0
2006-08-18,29.895000457763672,29.940000534057617,29.600000381469727,29.8799991607666,25.075973510742188,92400,0.0
2006-08-21,29.729999542236328,29.787500381469727,29.475000381469727,29.594999313354492,24.836801528930664,141200,0.0
2006-08-22,29.549999237060547,29.737499237060547,29.510000228881836,29.649999618530273,24.882953643798828,179200,0.0
2006-08-23,29.704999923706055,29.8075008392334,29.15250015258789,29.2450008392334,24.543073654174805,374400,0.0
2006-08-24,29.299999237060547,29.3174991607666,28.979999542236328,29.1875,24.494821548461914,219600,0.0
2006-08-25,29.174999237060547,29.424999237060547,29.107500076293945,29.209999084472656,24.51369857788086,171600,0.0
2006-08-28,29.200000762939453,29.530000686645508,29.167499542236328,29.447500228881836,24.713010787963867,235200,0.0
2006-08-29,29.512500762939453,29.732500076293945,29.264999389648438,29.732500076293945,24.952198028564453,692800,0.0
2006-08-30,29.762500762939453,29.885000228881836,29.635000228881836,29.792499542236328,25.00255012512207,314400,0.0
2006-08-31,29.8700008392334,29.889999389648438,29.717500686645508,29.719999313354492,24.94170379638672,165200,0.0
2006-09-01,29.90250015258789,29.950000762939453,29.712499618530273,29.832500457763672,25.03611183166504,128800,0.0
2006-09-05,29.90250015258789,30.042499542236328,29.799999237060547,29.979999542236328,25.159902572631836,491200,0.0
2006-09-06,29.8174991607666,29.8174991607666,29.392499923706055,29.392499923706055,24.666860580444336,132400,0.0
2006-09-07,29.274999618530273,29.517499923706055,29.1299991607666,29.247499465942383,24.545166015625,170400,0.0
2006-09-08,29.297500610351562,29.375,29.25,29.28499984741211,24.576637268066406,179200,0.0
2006-09-11,29.149999618530273,29.424999237060547,28.93000030517578,29.247499465942383,24.545166015625,121600,0.0
2006-09-12,29.3174991607666,29.987499237060547,29.290000915527344,29.947500228881836,25.132631301879883,148400,0.0
2006-09-13,29.969999313354492,30.232500076293945,29.899999618530273,30.174999237060547,25.32353973388672,223600,0.0
2006-09-14,30.114999771118164,30.174999237060547,29.90999984741211,30.014999389648438,25.189268112182617,194400,0.0
2006-09-15,30.165000915527344,30.25,29.99250030517578,30.102500915527344,25.262699127197266,102400,0.0
2006-09-18,30.014999389648438,30.354999542236328,30.014999389648438,30.167499542236328,25.31725311279297,168000,0.0
2006-09-19,30.219999313354492,30.219999313354492,29.627500534057617,29.99250030517578,25.170391082763672,162400,0.0
2006-09-20,30.239999771118164,30.397499084472656,30.102500915527344,30.239999771118164,25.378095626831055,268800,0.0
2006-09-21,30.287500381469727,30.40250015258789,29.93000030517578,30.002500534057617,25.178773880004883,137200,0.0
2006-09-22,29.9375,29.9375,29.5,29.645000457763672,24.878759384155273,529600,0.0
2006-09-25,29.71500015258789,30.06999969482422,29.510000228881836,30.014999389648438,25.189268112182617,140400,0.0
2006-09-26,29.982500076293945,30.227500915527344,29.957500457763672,30.15250015258789,25.304668426513672,135200,0.0
2006-09-27,30.082500457763672,30.282499313354492,30.075000762939453,30.184999465942383,25.351282119750977,113600,0.023
2006-09-28,30.299999237060547,30.327499389648438,30.00749969482422,30.142499923706055,25.315587997436523,78800,0.0
2006-09-29,30.197500228881836,30.2549991607666,29.844999313354492,29.875,25.090923309326172,78000,0.0
2006-10-02,29.797500610351562,29.860000610351562,29.4950008392334,29.53499984741211,24.805370330810547,351200,0.0
2006-10-03,29.440000534057617,29.645000457763672,29.197500228881836,29.427499771118164,24.71508026123047,388400,0.0
2006-10-04,29.362499237060547,30.0625,29.362499237060547,30.0625,25.248390197753906,710800,0.0
2006-10-05,30.110000610351562,30.424999237060547,30.094999313354492,30.407499313354492,25.538148880004883,218800,0.0
2006-10-06,30.334999084472656,30.389999389648438,30.045000076293945,30.24250030517578,25.399566650390625,286000,0.0
2006-10-09,30.260000228881836,30.522499084472656,30.122499465942383,30.4325008392334,25.559144973754883,115200,0.0
2006-10-10,30.447500228881836,30.559999465942383,30.360000610351562,30.489999771118164,25.60743522644043,84400,0.0
2006-10-11,30.434999465942383,30.545000076293945,30.149999618530273,30.377500534057617,25.512948989868164,259600,0.0
2006-10-12,30.537500381469727,30.97249984741211,30.530000686645508,30.959999084472656,26.002166748046875,95600,0.0
2006-10-13,30.962499618530273,31.184999465942383,30.872499465942383,31.094999313354492,26.11554527282715,414400,0.0
2006-10-16,31.125,31.457500457763672,31.125,31.447500228881836,26.41160774230957,147200,0.0
2006-10-17,31.227500915527344,31.2450008392334,30.962499618530273,31.149999618530273,26.161758422851562,977600,0.0
2006-10-18,31.434999465942383,31.434999465942383,31.010000228881836,31.104999542236328,26.12395668029785,750800,0.0
2006-10-19,30.975000381469727,31.290000915527344,30.975000381469727,31.217500686645508,26.218441009521484,551600,0.0
2006-10-20,31.227500915527344,31.24250030517578,30.912500381469727,31.017499923706055,26.050460815429688,93600,0.0
2006-10-23,30.899999618530273,31.309999465942383,30.854999542236328,31.114999771118164,26.132349014282227,100000,0.0
2006-10-24,30.969999313354492,31.19499969482422,30.969999313354492,31.170000076293945,26.17854118347168,145600,0.0
2006-10-25,31.155000686645508,31.412500381469727,31.139999389648438,31.40250015258789,26.373811721801758,447200,0.0
2006-10-26,31.485000610351562,31.677499771118164,31.200000762939453,31.677499771118164,26.604768753051758,438400,0.0
2006-10-27,31.510000228881836,31.65999984741211,31.229999542236328,31.297500610351562,26.28562355041504,576800,0.0
2006-10-30,31.15999984741211,31.43000030517578,31.077499389648438,31.36750030517578,26.34442138671875,90400,0.0
2006-10-31,31.375,31.40999984741211,31.014999389648438,31.15250015258789,26.163846969604492,482400,0.0
2006-11-01,31.344999313354492,31.362499237060547,30.707500457763672,30.764999389648438,25.838394165039062,521200,0.0
2006-11-02,30.559999465942383,30.7549991607666,30.5049991607666,30.662500381469727,25.752315521240234,243600,0.0
2006-11-03,30.8075008392334,30.950000762939453,30.602500915527344,30.825000762939453,25.888790130615234,208000,0.0
2006-11-06,30.975000381469727,31.34000015258789,30.924999237060547,31.292499542236328,26.28143310546875,277600,0.0
2006-11-07,31.290000915527344,31.6200008392334,31.267499923706055,31.399999618530273,26.37171173095703,252000,0.0
2006-11-08,31.165000915527344,31.607500076293945,31.165000915527344,31.552499771118164,26.499792098999023,132800,0.0
2006-11-09,31.610000610351562,31.610000610351562,31.1924991607666,31.295000076293945,26.283533096313477,178000,0.0
2006-11-10,31.235000610351562,31.47249984741211,31.190000534057617,31.47249984741211,26.432592391967773,116400,0.0
2006-11-13,31.424999237060547,31.647499084472656,31.424999237060547,31.487499237060547,26.44519805908203,144000,0.0
2006-11-14,31.674999237060547,32.025001525878906,31.422500610351562,32.0,26.875629425048828,108000,0.0
2006-11-15,32.0,32.435001373291016,32.0,32.279998779296875,27.110795974731445,177600,0.0
2006-11-16,32.412498474121094,32.412498474121094,32.130001068115234,32.16999816894531,27.018407821655273,128800,0.0
2006-11-17,32.037498474121094,32.23500061035156,31.94499969482422,32.23500061035156,27.072994232177734,104400,0.0
2006-11-20,32.1150016784668,32.25,32.0525016784668,32.17499923706055,27.022602081298828,88000,0.0
2006-11-21,32.23500061035156,32.33250045776367,32.13999938964844,32.29499816894531,27.123390197753906,232800,0.0
2006-11-22,32.334999084472656,32.38249969482422,32.189998626708984,32.36000061035156,27.177978515625,77600,0.0
2006-11-24,32.17499923706055,32.375,32.17499923706055,32.275001525878906,27.106586456298828,20000,0.0
2006-11-27,32.13999938964844,32.15250015258789,31.575000762939453,31.59749984741211,26.537578582763672,113200,0.0
2006-11-28,31.552499771118164,31.75,31.417499542236328,31.677499771118164,26.604768753051758,181200,0.0
2006-11-29,31.877500534057617,32.130001068115234,31.81999969482422,32.125,26.98061180114746,105600,0.0
2006-11-30,32.1150016784668,32.34749984741211,31.9375,32.16999816894531,27.018407821655273,94800,0.0
2006-12-01,32.19499969482422,32.23249816894531,31.737499237060547,32.04499816894531,26.91343116760254,148800,0.0
2006-12-04,32.227500915527344,32.537498474121094,32.19499969482422,32.502498626708984,27.297657012939453,180000,0.0
2006-12-05,32.59000015258789,32.75,32.494998931884766,32.685001373291016,27.45093536376953,231200,0.0
2006-12-06,32.5625,32.77750015258789,32.5,32.650001525878906,27.421539306640625,96800,0.0
2006-12-07,32.692501068115234,32.782501220703125,32.49250030517578,32.540000915527344,27.329160690307617,112800,0.0
2006-12-08,32.42499923706055,32.727500915527344,32.36750030517578,32.462501525878906,27.264070510864258,62400,0.0
2006-12-11,32.462501525878906,32.58000183105469,32.3849983215332,32.50749969482422,27.301860809326172,326000,0.0
2006-12-12,32.497501373291016,32.497501373291016,32.17499923706055,32.30500030517578,27.131792068481445,277200,0.0
2006-12-13,32.502498626708984,32.502498626708984,32.227500915527344,32.3650016784668,27.182186126708984,275200,0.0
2006-12-14,32.377498626708984,32.657501220703125,32.377498626708984,32.52000045776367,27.312360763549805,325200,0.0
2006-12-15,32.627498626708984,32.63249969482422,32.38750076293945,32.40999984741211,27.219972610473633,395200,0.0
2006-12-18,32.49250030517578,32.49250030517578,31.969999313354492,32.005001068115234,26.879833221435547,974400,0.0
2006-12-19,31.864999771118164,32.1775016784668,31.735000610351562,32.087501525878906,26.949119567871094,492000,0.0
2006-12-20,32.15250015258789,32.36249923706055,32.130001068115234,32.20750045776367,27.049907684326172,187600,0.0
2006-12-21,32.150001525878906,32.34749984741211,31.905000686645508,31.9950008392334,26.903594970703125,234000,0.0385
2006-12-22,31.975000381469727,31.979999542236328,31.7450008392334,31.850000381469727,26.781661987304688,349200,0.0
2006-12-26,31.815000534057617,32.099998474121094,31.815000534057617,32.09749984741211,26.98978042602539,122800,0.0
2006-12-27,32.227500915527344,32.43000030517578,32.20000076293945,32.43000030517578,27.269365310668945,156400,0.0
2006-12-28,32.34000015258789,32.45500183105469,32.247501373291016,32.3125,27.170560836791992,66800,0.0
2006-12-29,32.25749969482422,32.337501525878906,31.950000762939453,31.989999771118164,26.89938735961914,168000,0.0
2007-01-03,32.040000915527344,32.21500015258789,31.514999389648438,31.860000610351562,26.790077209472656,801600,0.0
2007-01-04,31.84749984741211,31.975000381469727,31.545000076293945,31.8799991607666,26.80689239501953,558800,0.0
2007-01-05,31.75749969482422,31.75749969482422,31.399999618530273,31.524999618530273,26.50838279724121,290800,0.0
2007-01-08,31.49250030517578,31.672500610351562,31.302499771118164,31.594999313354492,26.567237854003906,359600,0.0
2007-01-09,31.5674991607666,31.6200008392334,31.219999313354492,31.61750030517578,26.58616065979004,267600,0.0
2007-01-10,31.424999237060547,31.65999984741211,31.362499237060547,31.65999984741211,26.621906280517578,300400,0.0
2007-01-11,31.6299991607666,32.01750183105469,31.6299991607666,31.877500534057617,26.804790496826172,360000,0.0
2007-01-12,31.899999618530273,32.16999816894531,31.897499084472656,32.157501220703125,27.040237426757812,158400,0.0
2007-01-16,32.275001525878906,32.352500915527344,31.975000381469727,32.025001525878906,26.92881202697754,183200,0.0
2007-01-17,31.979999542236328,32.21500015258789,31.979999542236328,32.09000015258789,26.983463287353516,150000,0.0
2007-01-18,31.977500915527344,32.0,31.587499618530273,31.65999984741211,26.621906280517578,225600,0.0
2007-01-19,31.639999389648438,31.917499542236328,31.614999771118164,31.905000686645508,26.82791519165039,226400,0.0
2007-01-22,31.93000030517578,31.93000030517578,31.512500762939453,31.607500076293945,26.577756881713867,297200,0.0
2007-01-23,31.6875,32.067501068115234,31.6299991607666,31.962499618530273,26.876266479492188,424800,0.0
2007-01-24,32.025001525878906,32.279998779296875,31.985000610351562,32.279998779296875,27.143239974975586,387200,0.0
2007-01-25,32.314998626708984,32.314998626708984,31.852500915527344,31.90250015258789,26.82581329345703,244000,0.0
2007-01-26,31.957500457763672,32.10749816894531,31.760000228881836,32.01499938964844,26.920406341552734,294800,0.0
2007-01-29,32.06999969482422,32.29999923706055,32.025001525878906,32.20500183105469,27.080177307128906,434000,0.0
2007-01-30,32.227500915527344,32.45500183105469,32.185001373291016,32.41999816894531,27.260957717895508,505200,0.0
2007-01-31,32.38750076293945,32.73500061035156,32.22249984741211,32.6349983215332,27.441736221313477,364800,0.0
2007-02-01,32.79499816894531,33.0525016784668,32.79499816894531,33.0525016784668,27.792808532714844,439600,0.0
2007-02-02,33.17250061035156,33.22249984741211,33.03499984741211,33.20000076293945,27.91683578491211,145600,0.0
2007-02-05,33.14250183105469,33.1974983215332,32.977500915527344,33.119998931884766,27.849565505981445,84000,0.0
2007-02-06,33.13249969482422,33.189998626708984,32.962501525878906,33.1775016784668,27.89791488647461,215200,0.0
2007-02-07,33.227500915527344,33.38750076293945,33.17250061035156,33.369998931884766,28.05978012084961,172400,0.0
2007-02-08,33.352500915527344,33.41999816894531,33.18000030517578,33.352500915527344,28.045068740844727,121200,0.0
2007-02-09,33.352500915527344,33.35499954223633,32.915000915527344,32.977500915527344,27.72974967956543,391600,0.0
2007-02-12,33.084999084472656,33.084999084472656,32.79750061035156,32.89250183105469,27.658267974853516,108400,0.0
2007-02-13,33.01499938964844,33.13999938964844,32.997501373291016,33.13750076293945,27.86427879333496,202400,0.0
2007-02-14,33.20249938964844,33.40250015258789,33.125,33.282501220703125,27.986209869384766,302000,0.0
2007-02-15,33.28499984741211,33.467498779296875,33.252498626708984,33.38999938964844,28.076610565185547,122800,0.0
2007-02-16,33.380001068115234,33.56999969482422,33.26750183105469,33.51250076293945,28.179607391357422,144800,0.0
2007-02-20,33.49250030517578,33.89500045776367,33.32749938964844,33.8224983215332,28.440263748168945,140000,0.0
2007-02-21,33.747501373291016,34.0099983215332,33.747501373291016,33.97999954223633,28.57271957397461,140000,0.0
2007-02-22,34.02000045776367,34.0625,33.772499084472656,33.9900016784668,28.581127166748047,206800,0.0
2007-02-23,33.97999954223633,34.0099983215332,33.775001525878906,33.897499084472656,28.503341674804688,136000,0.0
2007-02-26,34.029998779296875,34.032501220703125,33.625,33.775001525878906,28.400331497192383,588800,0.0
2007-02-27,33.04999923706055,33.272499084472656,32.29999923706055,32.29999923706055,27.160057067871094,364000,0.0
2007-02-28,32.592498779296875,32.76750183105469,32.157501220703125,32.61000061035156,27.420717239379883,201600,0.0
2007-03-01,32.022499084472656,32.72999954223633,31.799999237060547,32.48500061035156,27.31561279296875,163200,0.0
2007-03-02,32.375,32.415000915527344,31.875,31.875,26.802688598632812,440400,0.0
2007-03-05,31.549999237060547,31.985000610351562,31.377500534057617,31.377500534057617,26.384357452392578,331200,0.0
2007-03-06,31.75,32.15250015258789,31.647499084472656,31.975000381469727,26.88677978515625,182800,0.0
2007-03-07,31.99250030517578,32.244998931884766,31.927499771118164,32.0,26.907800674438477,168800,0.0
2007-03-08,32.29499816894531,32.48249816894531,32.15999984741211,32.31999969482422,27.176870346069336,120000,0.0
2007-03-09,32.494998931884766,32.51750183105469,32.220001220703125,32.432498931884766,27.271469116210938,174000,0.0
2007-03-12,32.41749954223633,32.599998474121094,32.34749984741211,32.54999923706055,27.370271682739258,124400,0.0
2007-03-13,32.375,32.467498779296875,31.797500610351562,31.889999389648438,26.8153018951416,399200,0.0
2007-03-14,31.897499084472656,32.150001525878906,31.5,32.125,27.01290512084961,220800,0.0
2007-03-15,32.11000061035156,32.38249969482422,32.092498779296875,32.3650016784668,27.214712142944336,381600,0.0
2007-03-16,32.337501525878906,32.45750045776367,32.1349983215332,32.23500061035156,27.105398178100586,130000,0.0
2007-03-19,32.45500183105469,32.73249816894531,32.45500183105469,32.6349983215332,27.441736221313477,144000,0.0
2007-03-20,32.625,32.877498626708984,32.5525016784668,32.877498626708984,27.645654678344727,117200,0.0
2007-03-21,32.912498474121094,33.467498779296875,32.845001220703125,33.349998474121094,28.04296875,266000,0.0
2007-03-22,33.459999084472656,33.537498474121094,33.3025016784668,33.53499984741211,28.198530197143555,260400,0.0
2007-03-23,33.5625,33.709999084472656,33.51750183105469,33.65999984741211,28.30362319946289,74800,0.0
2007-03-26,33.69499969482422,33.77750015258789,33.44499969482422,33.56999969482422,28.232776641845703,263200,0.00575
2007-03-27,33.5,33.51499938964844,33.35749816894531,33.470001220703125,28.148683547973633,150400,0.0
2007-03-28,33.31999969482422,33.4375,33.1150016784668,33.279998779296875,27.988889694213867,228400,0.0
2007-03-29,33.532501220703125,33.532501220703125,33.119998931884766,33.380001068115234,28.072988510131836,132800,0.0
2007-03-30,33.35499954223633,33.5525016784668,33.182498931884766,33.400001525878906,28.089813232421875,243600,0.0
2007-04-02,33.459999084472656,33.537498474121094,33.33000183105469,33.537498474121094,28.205446243286133,531200,0.0
2007-04-03,33.627498626708984,33.89250183105469,33.627498626708984,33.834999084472656,28.455656051635742,238000,0.0
2007-04-04,33.775001525878906,33.872501373291016,33.70750045776367,33.82500076293945,28.447246551513672,358000,0.0
2007-04-05,33.86249923706055,33.997501373291016,33.8224983215332,33.94499969482422,28.548154830932617,106800,0.0
2007-04-09,33.9900016784668,34.005001068115234,33.84000015258789,33.93000030517578,28.535551071166992,119600,0.0
2007-04-10,33.88999938964844,34.087501525878906,33.88999938964844,34.01750183105469,28.609132766723633,70000,0.0
2007-04-11,34.00749969482422,34.00749969482422,33.72249984741211,33.852500915527344,28.470367431640625,78800,0.0
2007-04-12,33.689998626708984,34.060001373291016,33.630001068115234,34.057498931884766,28.642772674560547,105200,0.0
2007-04-13,34.037498474121094,34.1775016784668,33.907501220703125,34.154998779296875,28.72477149963379,104400,0.0
2007-04-16,34.407501220703125,34.592498779296875,34.38999938964844,34.54750061035156,29.05486297607422,249200,0.0
2007-04-17,34.592498779296875,34.61750030517578,34.39500045776367,34.529998779296875,29.040159225463867,229600,0.0
2007-04-18,34.415000915527344,34.43000030517578,34.27000045776367,34.34000015258789,28.880342483520508,128400,0.0
2007-04-19,34.0,34.38249969482422,34.0,34.220001220703125,28.779443740844727,253200,0.0
2007-04-20,34.529998779296875,34.557498931884766,34.375,34.557498931884766,29.063282012939453,152800,0.0
2007-04-23,34.54999923706055,34.657501220703125,34.470001220703125,34.540000915527344,29.048566818237305,144800,0.0
2007-04-24,34.50749969482422,34.557498931884766,34.27000045776367,34.54249954223633,29.050657272338867,91600,0.0
2007-04-25,34.68000030517578,34.8650016784668,34.529998779296875,34.78499984741211,29.254608154296875,184800,0.0
2007-04-26,34.73500061035156,34.904998779296875,34.587501525878906,34.84749984741211,29.307170867919922,301600,0.0
2007-04-27,34.814998626708984,34.88750076293945,34.692501068115234,34.7599983215332,29.233577728271484,459200,0.0
2007-04-30,34.76499938964844,34.76499938964844,34.1875,34.1875,28.752103805541992,586000,0.0
2007-05-01,34.18000030517578,34.375,33.970001220703125,34.34000015258789,28.880342483520508,355200,0.0
2007-05-02,34.310001373291016,34.9474983215332,34.310001373291016,34.8849983215332,29.338695526123047,344000,0.0
2007-05-03,34.92499923706055,34.970001220703125,34.75,34.86000061035156,29.31768798828125,296000,0.0
2007-05-04,35.04999923706055,35.102500915527344,34.915000915527344,35.084999084472656,29.506908416748047,150000,0.0
2007-05-07,35.125,35.18000030517578,35.02750015258789,35.05500030517578,29.481679916381836,244800,0.0
2007-05-08,34.86249923706055,34.974998474121094,34.64250183105469,34.9275016784668,29.374452590942383,180800,0.0
2007-05-09,34.76250076293945,35.287498474121094,34.76250076293945,35.1875,29.593116760253906,248000,0.0
2007-05-10,34.877498626708984,35.02000045776367,34.564998626708984,34.68000030517578,29.166290283203125,182400,0.0
2007-05-11,34.77000045776367,34.95750045776367,34.67499923706055,34.94499969482422,29.38917350769043,93600,0.0
2007-05-14,34.99250030517578,35.032501220703125,34.682498931884766,34.76250076293945,29.235689163208008,536400,0.0
2007-05-15,34.692501068115234,34.994998931884766,34.45000076293945,34.45000076293945,28.972871780395508,181200,0.0
2007-05-16,34.54499816894531,34.6974983215332,34.317501068115234,34.69499969482422,29.178926467895508,174800,0.0
2007-05-17,34.63999938964844,34.6875,34.43000030517578,34.54249954223633,29.050657272338867,182000,0.0
2007-05-18,34.622501373291016,34.95750045776367,34.50749969482422,34.84749984741211,29.307170867919922,222800,0.0
2007-05-21,34.787498474121094,35.40999984741211,34.787498474121094,35.24250030517578,29.639392852783203,234800,0.0
2007-05-22,35.3125,35.52750015258789,35.189998626708984,35.435001373291016,29.8012638092041,494800,0.0
2007-05-23,35.54499816894531,35.747501373291016,35.279998779296875,35.307498931884766,29.69403839111328,227200,0.0
2007-05-24,35.272499084472656,35.57500076293945,34.752498626708984,34.83000183105469,29.292463302612305,150000,0.0
2007-05-25,34.98749923706055,35.154998779296875,34.932498931884766,35.11000061035156,29.527936935424805,178000,0.0
2007-05-29,35.20500183105469,35.415000915527344,35.157501220703125,35.337501525878906,29.71927261352539,880000,0.0
2007-05-30,35.147499084472656,35.6150016784668,35.119998931884766,35.602500915527344,29.942136764526367,99600,0.0
2007-05-31,35.67499923706055,35.8650016784668,35.63249969482422,35.76750183105469,30.080909729003906,113200,0.0
2007-06-01,35.932498931884766,36.154998779296875,35.904998779296875,36.029998779296875,30.301673889160156,154800,0.0
2007-06-04,35.935001373291016,36.095001220703125,35.852500915527344,36.095001220703125,30.356334686279297,329200,0.0
2007-06-05,35.935001373291016,36.04999923706055,35.73749923706055,35.89250183105469,30.186023712158203,267600,0.0
2007-06-06,35.61000061035156,35.61000061035156,35.307498931884766,35.502498626708984,29.8580379486084,207200,0.0
2007-06-07,35.349998474121094,35.432498931884766,34.83000183105469,34.83000183105469,29.292463302612305,468000,0.0
2007-06-08,34.790000915527344,35.2400016784668,34.662498474121094,35.1974983215332,29.60152816772461,272800,0.0
2007-06-11,35.037498474121094,35.32749938964844,35.037498474121094,35.13999938964844,29.553180694580078,52400,0.0
2007-06-12,34.904998779296875,35.23500061035156,34.7400016784668,34.80500030517578,29.271432876586914,117200,0.0
2007-06-13,34.86249923706055,35.310001373291016,34.86249923706055,35.22999954223633,29.628849029541016,224400,0.0
2007-06-14,35.345001220703125,35.61000061035156,35.31999969482422,35.525001525878906,29.87696647644043,374800,0.0
2007-06-15,35.875,35.98749923706055,35.80500030517578,35.877498626708984,30.173425674438477,79600,0.0
2007-06-18,35.9900016784668,35.9900016784668,35.6974983215332,35.85749816894531,30.156597137451172,130800,0.0
2007-06-19,35.75749969482422,36.037498474121094,35.657501220703125,35.97999954223633,30.2596378326416,80400,0.0
2007-06-20,36.1150016784668,36.122501373291016,35.54750061035156,35.56999969482422,29.914793014526367,398000,0.0
2007-06-21,35.45000076293945,35.717498779296875,35.27750015258789,35.717498779296875,30.038854598999023,275600,0.0
2007-06-22,35.627498626708984,35.6974983215332,35.22999954223633,35.377498626708984,29.752906799316406,724400,0.0
2007-06-25,35.375,35.5625,35.07749938964844,35.192501068115234,29.59731674194336,305600,0.0
2007-06-26,35.3650016784668,35.3650016784668,34.91999816894531,34.977500915527344,29.416505813598633,161600,0.0
2007-06-27,34.81999969482422,35.525001525878906,34.712501525878906,35.5099983215332,29.864355087280273,1098400,0.0
2007-06-28,35.59000015258789,35.834999084472656,35.532501220703125,35.532501220703125,29.88327407836914,335600,0.0
2007-06-29,35.654998779296875,35.84000015258789,35.307498931884766,35.36000061035156,29.76604461669922,196000,0.03325
2007-07-02,35.61249923706055,35.76750183105469,35.494998931884766,35.7400016784668,30.08592414855957,261600,0.0
2007-07-03,35.834999084472656,35.959999084472656,35.807498931884766,35.869998931884766,30.195354461669922,45200,0.0
2007-07-05,35.92499923706055,36.01750183105469,35.727500915527344,36.01250076293945,30.31531524658203,338800,0.0
2007-07-06,36.01250076293945,36.17250061035156,35.869998931884766,36.037498474121094,30.336353302001953,210000,0.0
2007-07-09,36.04999923706055,36.220001220703125,35.974998474121094,36.14250183105469,30.424760818481445,200800,0.0
2007-07-10,35.939998626708984,35.9474983215332,35.567501068115234,35.58250045776367,29.95334815979004,447600,0.0
2007-07-11,35.60499954223633,35.877498626708984,35.51250076293945,35.877498626708984,30.20167350769043,162400,0.0
2007-07-12,36.04999923706055,36.337501525878906,36.04999923706055,36.20000076293945,30.473169326782227,242000,0.0
2007-07-13,36.209999084472656,36.4474983215332,36.209999084472656,36.3224983215332,30.57628059387207,122400,0.0
2007-07-16,36.31999969482422,36.43000030517578,36.119998931884766,36.147499084472656,30.428970336914062,364800,0.0
2007-07-17,36.369998931884766,36.470001220703125,36.23500061035156,36.23749923706055,30.504724502563477,302000,0.0
2007-07-18,36.002498626708984,36.13999938964844,35.755001068115234,36.13999938964844,30.422645568847656,562000,0.0
2007-07-19,36.372501373291016,36.432498931884766,36.279998779296875,36.404998779296875,30.645734786987305,206000,0.0
2007-07-20,36.252498626708984,36.25749969482422,35.647499084472656,35.842498779296875,30.172199249267578,692000,0.0
2007-07-23,35.912498474121094,36.127498626708984,35.85749816894531,35.900001525878906,30.220609664916992,303600,0.0
2007-07-24,35.477500915527344,35.52000045776367,34.95000076293945,35.040000915527344,29.496660232543945,787200,0.0
2007-07-25,35.23749923706055,35.32749938964844,34.712501525878906,35.04499816894531,29.500865936279297,564800,0.0
2007-07-26,34.349998474121094,34.8849983215332,33.907501220703125,34.29999923706055,28.873733520507812,1544800,0.0
2007-07-27,34.25,34.584999084472656,33.647499084472656,33.647499084472656,28.324460983276367,451600,0.0
2007-07-30,33.88750076293945,34.412498474121094,33.71500015258789,34.282501220703125,28.859012603759766,583600,0.0
2007-07-31,34.625,34.66999816894531,33.84749984741211,33.84749984741211,28.492822647094727,930400,0.0
2007-08-01,33.875,34.20500183105469,33.50749969482422,34.13999938964844,28.73904037475586,1162800,0.0
2007-08-02,34.275001525878906,34.54750061035156,34.1875,34.49250030517578,29.035776138305664,556000,0.0
2007-08-03,34.525001525878906,34.56999969482422,33.467498779296875,33.470001220703125,28.17504119873047,256800,0.0
2007-08-06,33.75,34.0625,33.040000915527344,33.967498779296875,28.593835830688477,922000,0.0
2007-08-07,33.89250183105469,34.564998626708984,33.7400016784668,34.41749954223633,28.972646713256836,636800,0.0
2007-08-08,34.625,35.3650016784668,34.625,35.00749969482422,29.46930694580078,605200,0.0
2007-08-09,34.29999923706055,34.9474983215332,34.29999923706055,34.39250183105469,28.95160675048828,1422400,0.0
2007-08-10,33.70000076293945,34.837501525878906,33.682498931884766,34.47249984741211,29.01895523071289,336400,0.0
2007-08-13,34.8125,35.01250076293945,34.25,34.26499938964844,28.844274520874023,294800,0.0
2007-08-14,34.45000076293945,34.48500061035156,33.720001220703125,33.720001220703125,28.3854923248291,340400,0.0
2007-08-15,33.67499923706055,34.14500045776367,33.25749969482422,33.4375,28.14768409729004,402000,0.0
2007-08-16,33.01250076293945,33.717498779296875,32.505001068115234,33.717498779296875,28.383377075195312,496000,0.0
2007-08-17,34.88750076293945,35.084999084472656,34.13249969482422,34.42499923706055,28.978958129882812,502800,0.0
2007-08-20,34.619998931884766,34.682498931884766,34.1875,34.529998779296875,29.067350387573242,276800,0.0
2007-08-21,34.5099983215332,34.76250076293945,34.38999938964844,34.61249923706055,29.13679313659668,168800,0.0
2007-08-22,34.95500183105469,35.040000915527344,34.76250076293945,34.9900016784668,29.454574584960938,252800,0.0
2007-08-23,35.125,35.17499923706055,34.474998474121094,34.564998626708984,29.09681510925293,876000,0.0
2007-08-24,34.525001525878906,35.099998474121094,34.51250076293945,35.0625,29.51559829711914,664400,0.0
2007-08-27,35.060001373291016,35.060001373291016,34.67499923706055,34.712501525878906,29.220983505249023,216000,0.0
2007-08-28,34.57500076293945,34.57500076293945,33.8849983215332,33.89500045776367,28.532808303833008,302800,0.0
2007-08-29,34.037498474121094,34.622501373291016,34.037498474121094,34.57500076293945,29.105249404907227,194000,0.0
2007-08-30,34.29999923706055,34.845001220703125,34.26499938964844,34.540000915527344,29.075775146484375,221200,0.0
2007-08-31,34.939998626708984,35.0,34.63999938964844,34.88249969482422,29.36408805847168,182000,0.0
2007-09-04,34.76499938964844,35.432498931884766,34.76499938964844,35.212501525878906,29.641889572143555,317600,0.0
2007-09-05,35.0,35.029998779296875,34.790000915527344,34.880001068115234,29.36199378967285,175200,0.0
2007-09-06,35.18000030517578,35.18000030517578,34.790000915527344,34.98749923706055,29.45246696472168,230800,0.0
2007-09-07,34.51499938964844,34.625,34.279998779296875,34.4275016784668,28.981077194213867,344800,0.0
2007-09-10,34.70000076293945,34.70000076293945,33.8224983215332,34.21500015258789,28.802183151245117,128400,0.0
2007-09-11,34.4375,34.83000183105469,34.42499923706055,34.790000915527344,29.286212921142578,360000,0.0
2007-09-12,34.71500015258789,34.959999084472656,34.662498474121094,34.685001373291016,29.197834014892578,119200,0.0
2007-09-13,34.82500076293945,35.04750061035156,34.61000061035156,34.80500030517578,29.298845291137695,211600,0.0
2007-09-14,34.462501525878906,34.967498779296875,34.459999084472656,34.9275016784668,29.401968002319336,308000,0.0
2007-09-17,34.82500076293945,34.90999984741211,34.6150016784668,34.64250183105469,29.162063598632812,284800,0.0
2007-09-18,34.849998474121094,35.78499984741211,34.602500915527344,35.72999954223633,30.0775089263916,567200,0.0
2007-09-19,36.224998474121094,36.4275016784668,36.02750015258789,36.20000076293945,30.473169326782227,559200,0.0
2007-09-20,36.13750076293945,36.16999816894531,35.744998931884766,35.915000915527344,30.233245849609375,292400,0.0
2007-09-21,36.025001525878906,36.147499084472656,35.90250015258789,35.90250015258789,30.222719192504883,698000,0.0
2007-09-24,36.0,36.04999923706055,35.592498779296875,35.70000076293945,30.052257537841797,282000,0.0
2007-09-25,35.497501373291016,35.7599983215332,35.380001068115234,35.692501068115234,30.04595375061035,863600,0.0
2007-09-26,35.82500076293945,36.057498931884766,35.747501373291016,35.92499923706055,30.255870819091797,978800,0.01675
2007-09-27,36.125,36.16749954223633,35.98749923706055,36.102500915527344,30.405345916748047,502400,0.0
2007-09-28,36.11750030517578,36.244998931884766,35.772499084472656,35.810001373291016,30.159008026123047,240000,0.0
2007-10-01,35.98249816894531,36.69499969482422,35.95500183105469,36.61249923706055,30.834871292114258,1821200,0.0
2007-10-02,36.650001525878906,36.89500045776367,36.61249923706055,36.89500045776367,31.07280158996582,180400,0.0
2007-10-03,36.685001373291016,36.89500045776367,36.58000183105469,36.689998626708984,30.90013313293457,243200,0.0
2007-10-04,36.79999923706055,36.875,36.592498779296875,36.81999969482422,31.009628295898438,153600,0.0
2007-10-05,37.20000076293945,37.522499084472656,37.02750015258789,37.3650016784668,31.4686279296875,276800,0.0
2007-10-08,37.314998626708984,37.442501068115234,37.102500915527344,37.21500015258789,31.342287063598633,136800,0.0
2007-10-09,37.29999923706055,37.45750045776367,37.07500076293945,37.407501220703125,31.50440788269043,383200,0.0
2007-10-10,37.42499923706055,37.42499923706055,37.127498626708984,37.415000915527344,31.51072120666504,238800,0.0
2007-10-11,37.54999923706055,37.685001373291016,36.775001525878906,36.95000076293945,31.11910057067871,351200,0.0
2007-10-12,37.099998474121094,37.290000915527344,36.962501525878906,37.099998474121094,31.245445251464844,341600,0.0
2007-10-15,37.20000076293945,37.22249984741211,36.6349983215332,36.779998779296875,30.97593879699707,378400,0.0
2007-10-16,36.685001373291016,36.775001525878906,36.45500183105469,36.46500015258789,30.71064567565918,156000,0.0
2007-10-17,36.86750030517578,36.86750030517578,36.244998931884766,36.5,30.740127563476562,741200,0.0
2007-10-18,36.352500915527344,36.557498931884766,36.224998474121094,36.400001525878906,30.655927658081055,292400,0.0
2007-10-19,36.36249923706055,36.36249923706055,35.26250076293945,35.26250076293945,29.697906494140625,360400,0.0
2007-10-22,34.82500076293945,35.849998474121094,34.82500076293945,35.8125,30.16111946105957,1275200,0.0
2007-10-23,36.11249923706055,36.192501068115234,35.6775016784668,36.16749954223633,30.4600887298584,533600,0.0
2007-10-24,35.837501525878906,36.0,35.18000030517578,35.912498474121094,30.24534034729004,976400,0.0
2007-10-25,36.00749969482422,36.165000915527344,35.442501068115234,35.70500183105469,30.070585250854492,473200,0.0
2007-10-26,36.1875,36.49250030517578,35.974998474121094,36.49250030517578,30.733802795410156,318800,0.0
2007-10-29,36.622501373291016,36.6875,36.3224983215332,36.4900016784668,30.731698989868164,178800,0.0
2007-10-30,36.349998474121094,36.45000076293945,36.13999938964844,36.13999938964844,30.43693733215332,489200,0.0
2007-10-31,36.36000061035156,36.8650016784668,36.08000183105469,36.682498931884766,30.893823623657227,740400,0.0
2007-11-01,35.904998779296875,35.91749954223633,35.14250183105469,35.26750183105469,29.702119827270508,282400,0.0
2007-11-02,35.494998931884766,35.494998931884766,34.81999969482422,35.334999084472656,29.75895881652832,600000,0.0
2007-11-05,35.07500076293945,35.11000061035156,34.61000061035156,34.88750076293945,29.382081985473633,311200,0.0
2007-11-06,35.17499923706055,35.45249938964844,34.6875,35.45249938964844,29.85791778564453,863200,0.0
2007-11-07,35.182498931884766,35.182498931884766,34.2400016784668,34.24250030517578,28.838869094848633,596000,0.0
2007-11-08,34.657501220703125,34.657501220703125,33.61249923706055,34.39250183105469,28.965192794799805,979600,0.0
2007-11-09,33.682498931884766,34.247501373291016,33.682498931884766,33.9275016784668,28.57358169555664,431200,0.0
2007-11-12,33.73749923706055,34.28499984741211,33.54499816894531,33.60499954223633,28.301973342895508,388800,0.0
2007-11-13,34.10749816894531,34.61000061035156,33.9900016784668,34.58250045776367,29.12521743774414,186000,0.0
2007-11-14,34.95750045776367,34.95750045776367,34.165000915527344,34.38750076293945,28.96099090576172,510000,0.0
2007-11-15,34.2400016784668,34.26499938964844,33.61249923706055,33.88249969482422,28.535669326782227,304800,0.0
2007-11-16,34.20249938964844,34.20249938964844,33.47999954223633,33.724998474121094,28.40303611755371,888000,0.0
2007-11-19,33.58000183105469,33.625,33.01250076293945,33.130001068115234,27.90192222595215,640400,0.0
2007-11-20,33.25,33.557498931884766,32.59749984741211,33.27750015258789,28.026155471801758,1947200,0.0
2007-11-21,33.04499816894531,33.13750076293945,32.619998931884766,32.67499923706055,27.518726348876953,640000,0.0
2007-11-23,33.13750076293945,33.51250076293945,32.91749954223633,33.26750183105469,28.01772117614746,427200,0.0
2007-11-26,33.48500061035156,33.48500061035156,32.599998474121094,32.61249923706055,27.466096878051758,625200,0.0
2007-11-27,32.60749816894531,33.02000045776367,32.57500076293945,32.907501220703125,27.71454429626465,520000,0.0
2007-11-28,33.334999084472656,33.90250015258789,33.19499969482422,33.82749938964844,28.489355087280273,249600,0.0
2007-11-29,33.5625,33.967498779296875,33.5625,33.73749923706055,28.413558959960938,952000,0.0
2007-11-30,34.27000045776367,34.39250183105469,33.75,33.95750045776367,28.598838806152344,653600,0.0
2007-12-03,34.022499084472656,34.029998779296875,33.647499084472656,33.72999954223633,28.40723991394043,238800,0.0
2007-12-04,33.34000015258789,33.75749969482422,33.33250045776367,33.59000015258789,28.289337158203125,1808800,0.0
2007-12-05,33.974998474121094,34.1150016784668,33.69499969482422,33.959999084472656,28.6009464263916,440000,0.0
2007-12-06,33.8025016784668,34.779998779296875,33.8025016784668,34.747501373291016,29.264183044433594,698400,0.0
2007-12-07,34.89500045776367,34.89500045776367,34.55500030517578,34.709999084472656,29.23259735107422,170400,0.0
2007-12-10,34.747501373291016,35.095001220703125,34.7400016784668,34.959999084472656,29.443130493164062,227600,0.0
2007-12-11,35.06999969482422,35.11750030517578,33.787498474121094,33.86750030517578,28.523042678833008,819600,0.0
2007-12-12,34.7400016784668,34.92250061035156,33.807498931884766,34.1349983215332,28.74831771850586,728400,0.0
2007-12-13,33.94499969482422,34.06999969482422,33.647499084472656,33.977500915527344,28.615678787231445,876800,0.0
2007-12-14,33.564998626708984,34.022499084472656,33.369998931884766,33.39250183105469,28.123014450073242,755600,0.0
2007-12-17,33.25749969482422,33.25749969482422,32.807498931884766,32.807498931884766,27.630319595336914,277600,0.0
2007-12-18,33.040000915527344,33.32500076293945,32.4900016784668,33.25749969482422,28.009305953979492,614400,0.0
2007-12-19,33.224998474121094,33.40999984741211,33.05500030517578,33.275001525878906,28.024049758911133,388800,0.0
2007-12-20,33.627498626708984,33.779998779296875,33.13249969482422,33.779998779296875,28.4493465423584,1072400,0.0
2007-12-21,34.27750015258789,34.4275016784668,34.22999954223633,34.372501373291016,28.948341369628906,1147200,0.0
2007-12-24,34.540000915527344,34.717498779296875,34.5,34.657501220703125,29.18838882446289,672000,0.0
2007-12-26,34.48500061035156,34.88999938964844,34.4375,34.727500915527344,29.247337341308594,1830800,0.0
2007-12-27,34.619998931884766,34.65999984741211,33.904998779296875,33.959999084472656,28.627531051635742,1672800,0.03225
2007-12-28,34.282501220703125,34.31999969482422,33.915000915527344,33.915000915527344,28.589611053466797,494800,0.0
2007-12-31,33.845001220703125,33.91999816894531,33.51750183105469,33.71500015258789,28.42099380493164,786000,0.0
2008-01-02,33.6974983215332,33.83250045776367,33.122501373291016,33.380001068115234,28.13860321044922,1793600,0.0
2008-01-03,33.38750076293945,33.61000061035156,33.092498779296875,33.162498474121094,27.955257415771484,644800,0.0
2008-01-04,32.76499938964844,32.779998779296875,32.04750061035156,32.08250045776367,27.044845581054688,674800,0.0
2008-01-07,32.20750045776367,32.42250061035156,31.795000076293945,32.1875,27.133350372314453,2262400,0.0
2008-01-08,32.1775016784668,32.537498474121094,31.43000030517578,31.43000030517578,26.494792938232422,947200,0.0
2008-01-09,31.3700008392334,31.75749969482422,30.875,31.747499465942383,26.7624454498291,1366000,0.0
2008-01-10,31.5049991607666,32.150001525878906,31.322500228881836,31.952499389648438,26.93525505065918,674000,0.0
2008-01-11,31.787500381469727,31.815000534057617,31.290000915527344,31.344999313354492,26.423145294189453,595600,0.0
2008-01-14,31.635000228881836,31.862499237060547,31.475000381469727,31.75749969482422,26.7708683013916,781600,0.0
2008-01-15,31.329999923706055,31.44499969482422,31.059999465942383,31.197500228881836,26.29881477355957,628000,0.0
2008-01-16,31.024999618530273,31.5625,30.7549991607666,31.167499542236328,26.273517608642578,1260800,0.0
2008-01-17,31.2549991607666,31.450000762939453,30.362499237060547,30.46500015258789,25.68132781982422,866400,0.0
2008-01-18,30.522499084472656,30.850000381469727,29.887500762939453,30.2549991607666,25.504297256469727,2284000,0.0
2008-01-22,28.940000534057617,30.5625,26.467500686645508,30.082500457763672,25.3588809967041,1277600,0.0
2008-01-23,29.295000076293945,30.77750015258789,29.165000915527344,30.7549991607666,25.925785064697266,1064000,0.0
2008-01-24,30.9950008392334,31.40250015258789,30.642499923706055,30.934999465942383,26.077529907226562,830000,0.0
2008-01-25,31.28499984741211,31.34749984741211,30.5,30.670000076293945,25.85413360595703,1370800,0.0
2008-01-28,30.582500457763672,31.197500228881836,30.327499389648438,31.157499313354492,26.265087127685547,1992000,0.0
2008-01-29,31.485000610351562,31.485000610351562,30.912500381469727,31.38249969482422,26.454753875732422,486800,0.0
2008-01-30,31.172500610351562,31.7450008392334,30.889999389648438,30.9325008392334,26.075416564941406,1086800,0.0
2008-01-31,30.514999389648438,31.875,30.467500686645508,31.579999923706055,26.621238708496094,1107200,0.0
2008-02-01,31.752500534057617,32.46500015258789,31.72249984741211,32.35499954223633,27.274555206298828,1696400,0.0
2008-02-04,32.32749938964844,32.32749938964844,31.985000610351562,32.025001525878906,26.99637222290039,760000,0.0
2008-02-05,31.712499618530273,31.780000686645508,31.147499084472656,31.162500381469727,26.269302368164062,2470000,0.0
2008-02-06,31.3700008392334,31.547500610351562,30.719999313354492,30.739999771118164,25.91314125061035,1316800,0.0
2008-02-07,30.670000076293945,31.38249969482422,30.59000015258789,31.202499389648438,26.30302619934082,833200,0.0
2008-02-08,31.22249984741211,31.477500915527344,30.957500457763672,31.1299991607666,26.241901397705078,424000,0.0
2008-02-11,31.227500915527344,31.477500915527344,30.905000686645508,31.344999313354492,26.423145294189453,948800,0.0
2008-02-12,31.5575008392334,31.809999465942383,31.337499618530273,31.50749969482422,26.56012535095215,1483600,0.0
2008-02-13,31.482500076293945,32.1775016784668,31.482500076293945,32.150001525878906,27.101741790771484,892800,0.0
2008-02-14,32.497501373291016,32.497501373291016,31.5,31.549999237060547,26.595951080322266,862400,0.0
2008-02-15,31.299999237060547,31.407499313354492,31.0575008392334,31.389999389648438,26.461076736450195,1277200,0.0
2008-02-19,31.502500534057617,31.889999389648438,31.3075008392334,31.417499542236328,26.484256744384766,2718400,0.0
2008-02-20,31.235000610351562,31.739999771118164,31.084999084472656,31.68000030517578,26.705537796020508,3760000,0.0
2008-02-21,31.719999313354492,32.04499816894531,31.162500381469727,31.204999923706055,26.305126190185547,1821600,0.0
2008-02-22,31.3799991607666,31.3799991607666,30.74250030517578,31.177499771118164,26.28194236755371,2982000,0.0
2008-02-25,30.975000381469727,31.957500457763672,30.975000381469727,31.8174991607666,26.82145118713379,4059600,0.0
2008-02-26,31.514999389648438,32.36249923706055,31.514999389648438,32.11249923706055,27.07012176513672,2340000,0.0
2008-02-27,32.07749938964844,32.4275016784668,31.860000610351562,32.07500076293945,27.03852081298828,1462400,0.0
2008-02-28,31.71500015258789,32.02000045776367,31.592500686645508,31.770000457763672,26.78141212463379,1906800,0.0
2008-02-29,31.350000381469727,31.427499771118164,30.809999465942383,30.93000030517578,26.073312759399414,1281200,0.0
2008-03-03,30.857500076293945,31.09749984741211,30.489999771118164,30.90999984741211,26.05645179748535,1479200,0.0
2008-03-04,30.50749969482422,30.892499923706055,30.3174991607666,30.760000228881836,25.929996490478516,1192800,0.0
2008-03-05,30.854999542236328,31.135000228881836,30.639999389648438,30.934999465942383,26.077529907226562,1882800,0.0
2008-03-06,30.672500610351562,30.915000915527344,30.137500762939453,30.137500762939453,25.405248641967773,2273600,0.0
2008-03-07,29.770000457763672,30.40250015258789,29.657499313354492,29.9950008392334,25.285120010375977,3104000,0.0
2008-03-10,29.99250030517578,30.0,29.252500534057617,29.405000686645508,24.787778854370117,2546800,0.0
2008-03-11,29.924999237060547,30.377500534057617,29.537500381469727,30.21500015258789,25.470577239990234,1289200,0.0
2008-03-12,30.142499923706055,30.497499465942383,29.854999542236328,30.045000076293945,25.327274322509766,484000,0.0
2008-03-13,29.674999237060547,30.602500915527344,29.485000610351562,30.582500457763672,25.780372619628906,1972000,0.0
2008-03-14,30.6200008392334,31.100000381469727,29.594999313354492,29.88249969482422,25.19028663635254,2024400,0.0
2008-03-17,29.017499923706055,29.717500686645508,28.72249984741211,29.262500762939453,24.667644500732422,1202400,0.0
2008-03-18,29.8799991607666,30.545000076293945,29.647499084472656,30.520000457763672,25.727691650390625,1385600,0.0
2008-03-19,30.747499465942383,30.90250015258789,29.71500015258789,29.71500015258789,25.049091339111328,570000,0.0
2008-03-20,29.614999771118164,30.389999389648438,29.614999771118164,30.38249969482422,25.611778259277344,1158400,0.0
2008-03-24,30.3700008392334,31.475000381469727,30.34749984741211,31.30500030517578,26.389429092407227,1500000,0.0
2008-03-25,31.112499237060547,31.50749969482422,31.065000534057617,31.457500457763672,26.564226150512695,1162000,0.0545
2008-03-26,31.325000762939453,31.46500015258789,31.125,31.377500534057617,26.496673583984375,1379200,0.0
2008-03-27,31.610000610351562,31.610000610351562,30.907499313354492,30.952499389648438,26.137775421142578,992800,0.0
2008-03-28,30.892499923706055,31.110000610351562,30.545000076293945,30.56999969482422,25.814783096313477,1609200,0.0
2008-03-31,30.540000915527344,30.967500686645508,30.469999313354492,30.90999984741211,26.10189437866211,600400,0.0
2008-04-01,31.165000915527344,31.65999984741211,31.045000076293945,31.61750030517578,26.699338912963867,935200,0.0
2008-04-02,31.65999984741211,32.025001525878906,31.592500686645508,31.792499542236328,26.847105026245117,522400,0.0
2008-04-03,31.512500762939453,31.977500915527344,31.49250030517578,31.875,26.916784286499023,372400,0.0
2008-04-04,31.889999389648438,32.16999816894531,31.68000030517578,31.934999465942383,26.96744728088379,625200,0.0
2008-04-07,32.212501525878906,32.23500061035156,31.760000228881836,31.799999237060547,26.85344886779785,514800,0.0
2008-04-08,31.65250015258789,31.872499465942383,31.607500076293945,31.797500610351562,26.851337432861328,409600,0.0
2008-04-09,31.907499313354492,32.01499938964844,31.264999389648438,31.392499923706055,26.50933265686035,608800,0.0
2008-04-10,31.332500457763672,31.780000686645508,31.235000610351562,31.649999618530273,26.72678565979004,403600,0.0
2008-04-11,31.167499542236328,31.357500076293945,30.8075008392334,30.912500381469727,26.104001998901367,653200,0.0
2008-04-14,30.795000076293945,31.157499313354492,30.75749969482422,30.857500076293945,26.057558059692383,349200,0.0
2008-04-15,30.987499237060547,30.9950008392334,30.690000534057617,30.987499237060547,26.16733169555664,704000,0.0
2008-04-16,31.287500381469727,31.825000762939453,31.270000457763672,31.80500030517578,26.85767364501953,590400,0.0
2008-04-17,31.637500762939453,31.672500610351562,31.375,31.592500686645508,26.678220748901367,935200,0.0
2008-04-18,32.36000061035156,32.36000061035156,31.915000915527344,32.130001068115234,27.132122039794922,422800,0.0
2008-04-21,32.102500915527344,32.13999938964844,31.897499084472656,32.05500030517578,27.068771362304688,176400,0.0
2008-04-22,31.860000610351562,31.8799991607666,31.260000228881836,31.5625,26.652894973754883,659200,0.0
2008-04-23,31.677499771118164,31.84000015258789,31.405000686645508,31.709999084472656,26.777454376220703,556400,0.0
2008-04-24,31.625,32.3025016784668,31.337499618530273,32.13249969482422,27.13422393798828,587200,0.0
2008-04-25,32.25749969482422,32.6349983215332,31.989999771118164,32.557498931884766,27.493118286132812,243600,0.0
2008-04-28,32.51750183105469,32.8650016784668,32.43000030517578,32.709999084472656,27.62189483642578,439200,0.0
2008-04-29,32.654998779296875,32.654998779296875,32.272499084472656,32.50749969482422,27.450895309448242,562800,0.0
2008-04-30,32.59000015258789,32.89250183105469,32.227500915527344,32.432498931884766,27.387557983398438,666000,0.0
2008-05-01,32.4375,32.82749938964844,32.29750061035156,32.75,27.655668258666992,472800,0.0
2008-05-02,32.93000030517578,33.037498474121094,32.592498779296875,32.6974983215332,27.61134910583496,396400,0.0
2008-05-05,32.52750015258789,32.79499816894531,32.5,32.63249969482422,27.556447982788086,338800,0.0
2008-05-06,32.50749969482422,32.962501525878906,32.470001220703125,32.81999969482422,27.714778900146484,352800,0.0
2008-05-07,32.91999816894531,32.96500015258789,32.33000183105469,32.41749954223633,27.37489128112793,303200,0.0
2008-05-08,32.502498626708984,32.52000045776367,32.27000045776367,32.52000045776367,27.461454391479492,262000,0.0
2008-05-09,32.29999923706055,32.532501220703125,32.1775016784668,32.467498779296875,27.41712760925293,364800,0.0
2008-05-12,32.41999816894531,32.94499969482422,32.3650016784668,32.88999938964844,27.773893356323242,564000,0.0
2008-05-13,32.92499923706055,33.224998474121094,32.744998931884766,33.220001220703125,28.05257225036621,230800,0.0
2008-05-14,33.310001373291016,33.64250183105469,33.189998626708984,33.22999954223633,28.061019897460938,216800,0.0
2008-05-15,33.14250183105469,33.60749816894531,33.11249923706055,33.540000915527344,28.32277488708496,361200,0.0
2008-05-16,33.7400016784668,33.7400016784668,33.14250183105469,33.61249923706055,28.384010314941406,446400,0.0
2008-05-19,33.73249816894531,33.939998626708984,33.42499923706055,33.47249984741211,28.265796661376953,381200,0.0
2008-05-20,33.377498626708984,33.4375,33.127498626708984,33.4275016784668,28.227783203125,1016800,0.0
2008-05-21,33.48749923706055,33.6775016784668,32.842498779296875,32.935001373291016,27.811901092529297,1595600,0.0
2008-05-22,32.88750076293945,33.29499816894531,32.88750076293945,33.14250183105469,27.98712158203125,3080000,0.0
2008-05-23,33.067501068115234,33.067501068115234,32.5724983215332,32.84000015258789,27.73166847229004,964800,0.0
2008-05-27,32.880001068115234,33.2599983215332,32.8650016784668,33.25749969482422,28.084226608276367,644800,0.0
2008-05-28,33.40999984741211,33.46500015258789,33.13750076293945,33.45000076293945,28.24679183959961,721200,0.0
2008-05-29,33.412498474121094,33.9900016784668,33.412498474121094,33.709999084472656,28.46634292602539,737600,0.0
2008-05-30,33.67250061035156,33.95500183105469,33.625,33.85749816894531,28.590900421142578,610000,0.0
2008-06-02,33.79999923706055,33.86000061035156,33.31999969482422,33.65250015258789,28.417789459228516,1023200,0.0
2008-06-03,33.79750061035156,33.912498474121094,33.279998779296875,33.54499816894531,28.327001571655273,715200,0.0
2008-06-04,33.459999084472656,33.970001220703125,33.459999084472656,33.69499969482422,28.453678131103516,488400,0.0
2008-06-05,33.8849983215332,34.474998474121094,33.76750183105469,34.474998474121094,29.11234474182129,733200,0.0
2008-06-06,34.29750061035156,34.377498626708984,33.619998931884766,33.627498626708984,28.39667510986328,576000,0.0
2008-06-09,33.73500061035156,33.8125,33.27000045776367,33.60749816894531,28.379779815673828,984800,0.0
2008-06-10,33.380001068115234,33.57749938964844,33.22249984741211,33.39250183105469,28.1982421875,1274800,0.0
2008-06-11,33.375,33.375,32.814998626708984,32.814998626708984,27.71055793762207,512800,0.0
2008-06-12,33.02750015258789,33.307498931884766,32.692501068115234,32.84000015258789,27.73166847229004,592400,0.0
2008-06-13,33.10749816894531,33.41749954223633,33.032501220703125,33.41749954223633,28.219343185424805,422800,0.0
2008-06-16,33.375,33.81999969482422,33.33000183105469,33.78499984741211,28.52968406677246,527600,0.0
2008-06-17,33.78499984741211,33.912498474121094,33.64500045776367,33.76750183105469,28.514902114868164,1219200,0.0
2008-06-18,33.599998474121094,33.67499923706055,33.279998779296875,33.4474983215332,28.24468231201172,1527200,0.0
2008-06-19,33.462501525878906,33.75749969482422,33.3125,33.7400016784668,28.491680145263672,964000,0.0
2008-06-20,33.54249954223633,33.64500045776367,32.962501525878906,33.287498474121094,28.109573364257812,1018400,0.0
2008-06-23,33.45500183105469,33.474998474121094,33.0724983215332,33.10749816894531,27.957565307617188,682400,0.0
2008-06-24,32.935001373291016,32.95249938964844,32.497501373291016,32.52000045776367,27.490516662597656,564000,0.035
2008-06-25,32.650001525878906,33.05500030517578,32.61249923706055,32.8025016784668,27.729318618774414,871600,0.0
2008-06-26,32.4474983215332,32.59000015258789,32.08000183105469,32.217498779296875,27.234800338745117,590000,0.0
2008-06-27,32.15250015258789,32.310001373291016,31.907499313354492,32.08000183105469,27.118568420410156,945600,0.0
2008-06-30,32.14500045776367,32.287498474121094,31.78499984741211,31.8700008392334,26.9410457611084,1107200,0.0
2008-07-01,31.40250015258789,31.802499771118164,31.184999465942383,31.725000381469727,26.818471908569336,893200,0.0
2008-07-02,31.700000762939453,31.967500686645508,30.889999389648438,30.90250015258789,26.12317657470703,450400,0.0
2008-07-03,31.127500534057617,31.127500534057617,30.329999923706055,30.607500076293945,25.873790740966797,267200,0.0
2008-07-07,30.639999389648438,30.8125,29.979999542236328,30.337499618530273,25.64556121826172,613600,0.0
2008-07-08,30.25,31.092500686645508,29.977500915527344,31.092500686645508,26.28378677368164,1508800,0.0
2008-07-09,31.125,31.272499084472656,30.4424991607666,30.447500228881836,25.738542556762695,503200,0.0
2008-07-10,30.537500381469727,30.8075008392334,30.264999389648438,30.6875,25.94142723083496,459600,0.0
2008-07-11,30.477500915527344,30.977500915527344,30.107500076293945,30.72249984741211,25.97100830078125,509600,0.0
2008-07-14,30.612499237060547,31.395000457763672,30.309999465942383,30.537500381469727,25.814626693725586,341600,0.0
2008-07-15,30.107500076293945,30.790000915527344,29.6825008392334,30.34749984741211,25.654001235961914,915600,0.0
2008-07-16,30.40999984741211,31.219999313354492,30.270000457763672,31.1924991607666,26.368318557739258,894000,0.0
2008-07-17,31.364999771118164,31.522499084472656,31.052499771118164,31.450000762939453,26.586002349853516,782800,0.0
2008-07-18,31.552499771118164,31.61750030517578,31.235000610351562,31.389999389648438,26.5352840423584,464400,0.0
2008-07-21,31.530000686645508,31.610000610351562,31.264999389648438,31.510000228881836,26.636714935302734,366000,0.0
2008-07-22,31.399999618530273,32.25749969482422,31.3075008392334,32.255001068115234,27.266494750976562,444000,0.0
2008-07-23,32.4275016784668,32.5525016784668,32.092498779296875,32.287498474121094,27.29397201538086,1232800,0.0
2008-07-24,31.889999389648438,32.244998931884766,31.510000228881836,31.540000915527344,26.66208267211914,355200,0.0
2008-07-25,31.850000381469727,32.060001373291016,31.684999465942383,31.774999618530273,26.860740661621094,228600,0.0
2008-07-28,31.899999618530273,32.0099983215332,31.25,31.31999969482422,26.476099014282227,162600,0.0
2008-07-29,31.3700008392334,32.060001373291016,31.3700008392334,31.985000610351562,27.038249969482422,256400,0.0
2008-07-30,32.185001373291016,32.415000915527344,31.850000381469727,32.21500015258789,27.232683181762695,440400,0.0
2008-07-31,31.934999465942383,32.33000183105469,31.8700008392334,31.985000610351562,27.038249969482422,836000,0.0
2008-08-01,32.154998779296875,32.23500061035156,31.69499969482422,32.11000061035156,27.143922805786133,4066600,0.0
2008-08-04,32.20000076293945,32.20000076293945,31.440000534057617,31.575000762939453,26.691661834716797,445600,0.0
2008-08-05,32.025001525878906,32.48500061035156,31.889999389648438,32.42499923706055,27.410213470458984,491600,0.0
2008-08-06,32.474998474121094,32.78499984741211,32.224998474121094,32.75,27.684940338134766,657000,0.0
2008-08-07,32.474998474121094,32.73500061035156,32.275001525878906,32.369998931884766,27.363710403442383,381000,0.0
2008-08-08,32.494998931884766,33.22999954223633,32.27000045776367,33.150001525878906,28.023075103759766,745400,0.0
2008-08-11,33.279998779296875,34.095001220703125,33.150001525878906,33.849998474121094,28.61481285095215,576400,0.0
2008-08-12,33.869998931884766,33.869998931884766,33.53499984741211,33.625,28.424619674682617,407800,0.0
2008-08-13,33.6150016784668,33.775001525878906,33.275001525878906,33.685001373291016,28.475343704223633,606600,0.0
2008-08-14,33.584999084472656,34.0,33.404998779296875,33.869998931884766,28.631711959838867,594000,0.0
2008-08-15,34.095001220703125,34.244998931884766,33.64500045776367,33.90999984741211,28.665546417236328,533600,0.0
2008-08-18,34.060001373291016,34.060001373291016,33.224998474121094,33.400001525878906,28.234418869018555,515400,0.0
2008-08-19,33.334999084472656,33.345001220703125,32.76499938964844,32.90999984741211,27.82020378112793,482600,0.0
2008-08-20,33.22999954223633,33.33000183105469,32.7400016784668,33.03499984741211,27.925865173339844,414400,0.0
2008-08-21,32.70500183105469,33.025001525878906,32.67499923706055,32.81999969482422,27.744108200073242,377400,0.0
2008-08-22,33.0,33.380001068115234,32.900001525878906,33.275001525878906,28.12875747680664,381600,0.0
2008-08-25,33.1349983215332,33.1349983215332,32.42499923706055,32.625,27.579275131225586,578000,0.0
2008-08-26,32.70000076293945,32.814998626708984,32.41999816894531,32.70000076293945,27.642669677734375,269600,0.0
2008-08-27,32.79999923706055,33.244998931884766,32.720001220703125,33.05500030517578,27.94277000427246,469000,0.0
2008-08-28,33.2400016784668,33.599998474121094,33.13999938964844,33.564998626708984,28.37388801574707,397000,0.0
2008-08-29,33.43000030517578,33.540000915527344,33.13999938964844,33.165000915527344,28.035757064819336,362200,0.0
2008-09-02,33.724998474121094,33.904998779296875,32.935001373291016,33.19499969482422,28.061126708984375,890200,0.0
2008-09-03,33.165000915527344,33.5099983215332,32.970001220703125,33.1349983215332,28.01040267944336,850600,0.0
2008-09-04,32.79999923706055,32.97999954223633,32.08000183105469,32.27000045776367,27.2791805267334,570200,0.0
2008-09-05,32.25,32.345001220703125,31.545000076293945,32.150001525878906,27.177734375,680200,0.0
2008-09-08,33.2400016784668,33.8849983215332,32.345001220703125,32.70000076293945,27.642669677734375,418400,0.0
2008-09-09,32.78499984741211,32.93000030517578,31.674999237060547,31.69499969482422,26.793102264404297,445000,0.0
2008-09-10,32.03499984741211,32.334999084472656,31.639999389648438,32.084999084472656,27.122783660888672,755400,0.0
2008-09-11,31.899999618530273,32.29999923706055,31.424999237060547,32.275001525878906,27.283409118652344,633800,0.0
2008-09-12,31.950000762939453,32.345001220703125,31.844999313354492,32.17499923706055,27.198867797851562,586600,0.0
2008-09-15,31.315000534057617,32.040000915527344,31.0,31.135000228881836,26.319711685180664,627800,0.0
2008-09-16,30.354999542236328,31.84000015258789,30.0,31.80500030517578,26.886093139648438,1346000,0.0
2008-09-17,31.3799991607666,31.4950008392334,30.6200008392334,30.709999084472656,25.960439682006836,983000,0.0
2008-09-18,31.395000457763672,32.45500183105469,30.440000534057617,32.2599983215332,27.270721435546875,1095800,0.0
2008-09-19,33.30500030517578,33.30500030517578,33.0,33.30500030517578,28.154109954833984,675600,0.0
2008-09-22,33.17499923706055,33.72999954223633,32.189998626708984,32.25,27.26226806640625,575000,0.0
2008-09-23,32.099998474121094,32.43000030517578,31.760000228881836,31.774999618530273,26.860740661621094,497200,0.0
2008-09-24,31.729999542236328,31.81999969482422,31.184999465942383,31.31999969482422,26.476099014282227,246200,0.0
2008-09-25,31.360000610351562,31.790000915527344,31.045000076293945,31.510000228881836,26.66694450378418,265600,0.0355
2008-09-26,30.860000610351562,31.524999618530273,30.3700008392334,31.524999618530273,26.679636001586914,272600,0.0
2008-09-29,30.8799991607666,31.274999618530273,29.389999389648438,29.53499984741211,24.995500564575195,757800,0.0
2008-09-30,30.31999969482422,30.704999923706055,29.174999237060547,30.704999923706055,25.985668182373047,737000,0.0
2008-10-01,30.25,30.825000762939453,29.84000015258789,30.100000381469727,25.47366714477539,7823200,0.0
2008-10-02,29.825000762939453,30.18000030517578,28.360000610351562,28.520000457763672,24.136503219604492,441000,0.0
2008-10-03,28.729999542236328,29.204999923706055,27.729999542236328,27.774999618530273,23.50601577758789,446200,0.0
2008-10-06,26.96500015258789,27.299999237060547,25.440000534057617,26.96500015258789,22.82050895690918,808000,0.0
2008-10-07,27.3700008392334,27.3700008392334,25.280000686645508,25.395000457763672,21.4918155670166,615200,0.0
2008-10-08,24.19499969482422,25.90999984741211,24.19499969482422,24.895000457763672,21.068660736083984,771000,0.0
2008-10-09,25.229999542236328,25.59000015258789,23.065000534057617,23.094999313354492,19.545324325561523,1001400,0.0
2008-10-10,21.454999923706055,24.25,21.334999084472656,23.684999465942383,20.044639587402344,859200,0.0
2008-10-13,25.110000610351562,25.84000015258789,24.489999771118164,25.795000076293945,21.830333709716797,415800,0.0
2008-10-14,26.90999984741211,27.280000686645508,24.684999465942383,24.985000610351562,21.144834518432617,607800,0.0
2008-10-15,24.55500030517578,25.139999389648438,22.825000762939453,22.959999084472656,19.431068420410156,304800,0.0
2008-10-16,23.295000076293945,24.165000915527344,21.9950008392334,24.165000915527344,20.45086097717285,468400,0.0
2008-10-17,23.149999618530273,24.875,22.875,23.674999237060547,20.036169052124023,654800,0.0
2008-10-20,24.049999237060547,24.739999771118164,23.854999542236328,24.71500015258789,20.91632652282715,259000,0.0
2008-10-21,24.549999237060547,24.7549991607666,23.959999084472656,24.0049991607666,20.315460205078125,336200,0.0
2008-10-22,23.475000381469727,23.645000457763672,22.30500030517578,22.670000076293945,19.18564224243164,314400,0.0
2008-10-23,22.899999618530273,22.954999923706055,21.09000015258789,22.165000915527344,18.758264541625977,607200,0.0
2008-10-24,20.700000762939453,21.709999084472656,20.43000030517578,21.309999465942383,18.034669876098633,532800,0.0
2008-10-27,20.665000915527344,21.469999313354492,20.31999969482422,20.31999969482422,17.196842193603516,343600,0.0
2008-10-28,20.899999618530273,21.729999542236328,19.959999084472656,21.729999542236328,18.390127182006836,426400,0.0
2008-10-29,21.9950008392334,23.0,21.475000381469727,22.1200008392334,18.720176696777344,310200,0.0
2008-10-30,22.774999618530273,23.299999237060547,22.40999984741211,23.170000076293945,19.608793258666992,292800,0.0
2008-10-31,23.25,24.270000457763672,22.809999465942383,24.114999771118164,20.408559799194336,427600,0.0
2008-11-03,24.05500030517578,24.3700008392334,23.889999389648438,24.079999923706055,20.378931045532227,650400,0.0
2008-11-04,24.760000228881836,24.760000228881836,24.0,24.454999923706055,20.696298599243164,473600,0.0
2008-11-05,24.239999771118164,24.31999969482422,23.155000686645508,23.190000534057617,19.625717163085938,290200,0.0
2008-11-06,23.030000686645508,23.280000686645508,22.415000915527344,22.424999237060547,18.978294372558594,331400,0.0
2008-11-07,22.649999618530273,22.94499969482422,22.204999923706055,22.65999984741211,19.17718505859375,244600,0.0
2008-11-10,23.104999542236328,23.334999084472656,22.065000534057617,22.315000534057617,18.885204315185547,669200,0.0
2008-11-11,22.0,22.420000076293945,21.6299991607666,21.790000915527344,18.440895080566406,625600,0.0
2008-11-12,21.434999465942383,21.56999969482422,20.604999542236328,20.645000457763672,17.47188377380371,476200,0.0
2008-11-13,20.625,22.170000076293945,19.6299991607666,22.165000915527344,18.758264541625977,1036800,0.0
2008-11-14,21.674999237060547,21.969999313354492,20.770000457763672,20.815000534057617,17.61576271057129,359800,0.0
2008-11-17,20.655000686645508,21.135000228881836,20.479999542236328,20.594999313354492,17.429567337036133,388200,0.0
2008-11-18,20.510000228881836,20.90999984741211,19.75,20.34000015258789,17.213762283325195,460400,0.0
2008-11-19,20.309999465942383,20.540000915527344,18.860000610351562,18.860000610351562,15.96122932434082,383200,0.0
2008-11-20,18.71500015258789,19.149999618530273,17.645000457763672,17.68000030517578,14.962605476379395,963400,0.0
2008-11-21,18.030000686645508,18.774999618530273,17.125,18.674999237060547,15.804672241210938,2109600,0.0
2008-11-24,18.924999237060547,20.024999618530273,18.75,19.825000762939453,16.777917861938477,1928400,0.0
2008-11-25,20.045000076293945,20.125,19.459999084472656,20.084999084472656,16.997955322265625,1535400,0.0
2008-11-26,19.604999542236328,21.25,19.604999542236328,21.174999237060547,17.92041778564453,997400,0.0
2008-11-28,20.9950008392334,21.5,20.895000457763672,21.5,18.19547462463379,720600,0.0
2008-12-01,20.8700008392334,21.09000015258789,19.209999084472656,19.274999618530273,16.312448501586914,6808200,0.0
2008-12-02,19.635000228881836,20.170000076293945,19.290000915527344,20.170000076293945,17.06988525390625,1631800,0.0
2008-12-03,19.665000915527344,20.790000915527344,19.600000381469727,20.700000762939453,17.518428802490234,1487800,0.0
2008-12-04,20.260000228881836,21.079999923706055,19.739999771118164,20.100000381469727,17.010648727416992,910400,0.0
2008-12-05,19.834999084472656,20.905000686645508,19.354999542236328,20.8799991607666,17.670766830444336,1005400,0.0
2008-12-08,21.3799991607666,21.94499969482422,21.28499984741211,21.7450008392334,18.402816772460938,668400,0.0
2008-12-09,21.55500030517578,22.21500015258789,20.979999542236328,21.155000686645508,17.903501510620117,1367600,0.0
2008-12-10,21.40999984741211,21.94499969482422,21.270000457763672,21.594999313354492,18.275869369506836,1470800,0.0
2008-12-11,21.354999542236328,21.635000228881836,20.354999542236328,20.59000015258789,17.425329208374023,1399000,0.0
2008-12-12,20.040000915527344,21.239999771118164,20.0,21.135000228881836,17.886566162109375,1326000,0.0
2008-12-15,21.299999237060547,21.3700008392334,20.209999084472656,20.549999237060547,17.39148712158203,879200,0.0
2008-12-16,21.725000381469727,21.75,20.84000015258789,21.725000381469727,18.385873794555664,582200,0.0
2008-12-17,21.454999923706055,22.280000686645508,21.3799991607666,22.024999618530273,18.639780044555664,1765800,0.0
2008-12-18,22.03499984741211,22.315000534057617,21.44499969482422,21.68000030517578,18.347808837890625,657600,0.0
2008-12-19,22.0,22.3799991607666,21.674999237060547,21.8799991607666,18.517059326171875,804800,0.0
2008-12-22,22.010000228881836,22.010000228881836,20.854999542236328,21.354999542236328,18.072763442993164,965800,0.0
2008-12-23,21.655000686645508,21.75,21.049999237060547,21.200000762939453,17.941579818725586,854000,0.0
2008-12-24,21.094999313354492,21.229999542236328,20.81999969482422,21.110000610351562,17.93903350830078,395400,0.087
2008-12-26,21.2450008392334,21.420000076293945,21.084999084472656,21.405000686645508,18.18971824645996,283000,0.0
2008-12-29,21.395000457763672,21.420000076293945,20.795000076293945,21.125,17.951780319213867,763000,0.0
2008-12-30,21.334999084472656,21.850000381469727,21.165000915527344,21.829999923706055,18.550880432128906,1018800,0.0
2008-12-31,21.889999389648438,22.704999923706055,21.834999084472656,22.280000686645508,18.933286666870117,750400,0.0
2009-01-02,22.329999923706055,22.934999465942383,22.25,22.75,19.33267593383789,674400,0.0
2009-01-05,22.80500030517578,22.924999237060547,22.3799991607666,22.75,19.33267593383789,1452600,0.0
2009-01-06,22.989999771118164,23.2549991607666,22.795000076293945,23.0049991607666,19.549375534057617,1056600,0.0
2009-01-07,22.594999313354492,22.639999389648438,22.0,22.239999771118164,18.89927864074707,803800,0.0
2009-01-08,22.094999313354492,22.405000686645508,21.989999771118164,22.28499984741211,18.937528610229492,679400,0.0
2009-01-09,22.395000457763672,22.395000457763672,21.489999771118164,21.524999618530273,18.29169273376465,1040200,0.0
2009-01-12,21.485000610351562,21.485000610351562,20.924999237060547,21.030000686645508,17.871044158935547,611600,0.0
2009-01-13,20.96500015258789,21.325000762939453,20.905000686645508,21.204999923706055,18.01976776123047,1519600,0.0
2009-01-14,20.825000762939453,20.90999984741211,20.270000457763672,20.364999771118164,17.305936813354492,1035200,0.0
2009-01-15,20.3700008392334,20.8799991607666,19.78499984741211,20.684999465942383,17.57787322998047,1083200,0.0
2009-01-16,21.024999618530273,21.084999084472656,20.225000381469727,20.889999389648438,17.75208282470703,1553600,0.0
2009-01-20,20.684999465942383,20.725000381469727,19.625,19.645000457763672,16.694089889526367,1839400,0.0
2009-01-21,19.90999984741211,20.530000686645508,19.4950008392334,20.415000915527344,17.34842872619629,1798600,0.0
2009-01-22,19.954999923706055,20.395000457763672,19.600000381469727,19.979999542236328,16.978761672973633,2059800,0.0
2009-01-23,19.43000030517578,20.280000686645508,19.389999389648438,19.985000610351562,16.983020782470703,1483600,0.0
2009-01-26,20.024999618530273,20.635000228881836,19.899999618530273,20.15999984741211,17.131732940673828,1480400,0.0
2009-01-27,20.2549991607666,20.549999237060547,20.114999771118164,20.364999771118164,17.305936813354492,1452000,0.0
2009-01-28,20.670000076293945,21.28499984741211,20.670000076293945,21.104999542236328,17.934778213500977,1114800,0.0
2009-01-29,20.850000381469727,20.860000610351562,20.25,20.274999618530273,17.229461669921875,1245000,0.0
2009-01-30,20.5,20.545000076293945,19.825000762939453,19.96500015258789,16.966022491455078,1751400,0.0
2009-02-02,19.610000610351562,20.125,19.459999084472656,20.0049991607666,17.0000057220459,995600,0.0
2009-02-03,20.110000610351562,20.30500030517578,19.815000534057617,20.184999465942383,17.152984619140625,1282200,0.0
2009-02-04,20.149999618530273,20.53499984741211,19.950000762939453,20.059999465942383,17.0467472076416,1138800,0.0
2009-02-05,19.885000228881836,20.645000457763672,19.885000228881836,20.405000686645508,17.339933395385742,1070000,0.0
2009-02-06,20.469999313354492,21.219999313354492,20.405000686645508,21.049999237060547,17.88804054260254,1650400,0.0
2009-02-09,21.024999618530273,21.09000015258789,20.674999237060547,20.854999542236328,17.722333908081055,915200,0.0
2009-02-10,20.600000381469727,20.9950008392334,19.899999618530273,20.0049991607666,17.0000057220459,1105600,0.0
2009-02-11,20.079999923706055,20.19499969482422,19.700000762939453,20.014999389648438,17.008516311645508,1427800,0.0
2009-02-12,19.6299991607666,20.209999084472656,19.510000228881836,20.184999465942383,17.152984619140625,1500800,0.0
2009-02-13,20.21500015258789,20.479999542236328,20.075000762939453,20.104999542236328,17.084999084472656,1176400,0.0
2009-02-17,19.989999771118164,19.989999771118164,19.260000228881836,19.3700008392334,16.460405349731445,1140200,0.0
2009-02-18,19.510000228881836,19.510000228881836,19.0,19.149999618530273,16.273448944091797,1033600,0.0
2009-02-19,19.389999389648438,19.43000030517578,18.899999618530273,18.920000076293945,16.077993392944336,759800,0.0
2009-02-20,18.6200008392334,18.940000534057617,18.364999771118164,18.69499969482422,15.886795997619629,1457000,0.0
2009-02-23,18.799999237060547,18.80500030517578,17.920000076293945,17.93000030517578,15.23670768737793,778600,0.0
2009-02-24,18.100000381469727,18.655000686645508,17.604999542236328,18.520000457763672,15.738076210021973,655600,0.0
2009-02-25,18.3799991607666,18.55500030517578,17.915000915527344,18.170000076293945,15.44064998626709,741800,0.0
2009-02-26,18.334999084472656,18.43000030517578,17.75,17.81999969482422,15.14322280883789,592400,0.0
2009-02-27,17.565000534057617,18.045000076293945,17.44499969482422,17.795000076293945,15.121979713439941,927600,0.0
2009-03-02,17.295000076293945,17.454999923706055,16.725000381469727,16.739999771118164,14.22545337677002,1170000,0.0
2009-03-03,16.924999237060547,17.204999923706055,16.40999984741211,16.5049991607666,14.025754928588867,813200,0.0
2009-03-04,17.0,17.139999389648438,16.549999237060547,16.860000610351562,14.327430725097656,530000,0.0
2009-03-05,16.420000076293945,16.670000076293945,16.0,16.075000762939453,13.660346031188965,1659200,0.0
2009-03-06,16.25,16.415000915527344,15.720000267028809,16.045000076293945,13.63485050201416,3680200,0.0
2009-03-09,15.8149995803833,16.280000686645508,15.664999961853027,15.720000267028809,13.358673095703125,1148000,0.0
2009-03-10,16.03499984741211,16.649999618530273,16.0,16.575000762939453,14.08524227142334,828400,0.0
2009-03-11,16.795000076293945,17.094999313354492,16.565000534057617,16.709999084472656,14.19996452331543,1000200,0.0
2009-03-12,16.65999984741211,17.645000457763672,16.405000686645508,17.549999237060547,14.913776397705078,428000,0.0
2009-03-13,17.7450008392334,17.8700008392334,17.5,17.795000076293945,15.121979713439941,559600,0.0
2009-03-16,18.024999618530273,18.104999542236328,17.489999771118164,17.530000686645508,14.896790504455566,593200,0.0
2009-03-17,17.520000457763672,18.174999237060547,17.43000030517578,18.174999237060547,15.444907188415527,529400,0.0
2009-03-18,18.06999969482422,18.885000228881836,17.975000381469727,18.709999084472656,15.899539947509766,457800,0.0
2009-03-19,19.0,19.049999237060547,18.469999313354492,18.5049991607666,15.725333213806152,675600,0.0
2009-03-20,18.68000030517578,18.780000686645508,17.899999618530273,18.0,15.296188354492188,663000,0.0
2009-03-23,18.549999237060547,19.290000915527344,18.344999313354492,19.264999389648438,16.371177673339844,640200,0.0
2009-03-24,19.110000610351562,19.2549991607666,18.704999923706055,18.78499984741211,15.963274002075195,1079200,0.0
2009-03-25,18.915000915527344,19.454999923706055,18.415000915527344,19.165000915527344,16.292695999145508,618600,0.0075
2009-03-26,19.485000610351562,19.975000381469727,19.31999969482422,19.954999923706055,16.964298248291016,763400,0.0
2009-03-27,19.575000762939453,19.780000686645508,19.354999542236328,19.389999389648438,16.483972549438477,585600,0.0
2009-03-30,18.979999542236328,19.315000534057617,18.454999923706055,18.885000228881836,16.05466651916504,519800,0.0
2009-03-31,19.05500030517578,19.565000534057617,18.875,18.985000610351562,16.13967514038086,356000,0.0
2009-04-01,18.774999618530273,19.3799991607666,18.65999984741211,19.360000610351562,16.458471298217773,287800,0.0
2009-04-02,19.950000762939453,20.610000610351562,19.825000762939453,20.270000457763672,17.232086181640625,335000,0.0
2009-04-03,20.219999313354492,20.565000534057617,20.075000762939453,20.540000915527344,17.461626052856445,2644200,0.0
2009-04-06,20.290000915527344,20.364999771118164,19.899999618530273,20.274999618530273,17.236343383789062,668000,0.0
2009-04-07,19.959999084472656,20.040000915527344,19.5,19.524999618530273,16.598739624023438,684400,0.0
2009-04-08,19.639999389648438,19.924999237060547,19.475000381469727,19.895000457763672,16.913291931152344,666000,0.0
2009-04-09,20.454999923706055,21.014999389648438,20.354999542236328,21.0,17.852684020996094,673200,0.0
2009-04-13,20.8700008392334,21.1200008392334,20.540000915527344,21.049999237060547,17.895185470581055,970800,0.0
2009-04-14,20.655000686645508,20.920000076293945,20.440000534057617,20.530000686645508,17.453125,1424000,0.0
2009-04-15,20.3799991607666,20.75,20.329999923706055,20.690000534057617,17.589141845703125,1246800,0.0
2009-04-16,20.90999984741211,21.440000534057617,20.665000915527344,21.31999969482422,18.12472915649414,1256000,0.0
2009-04-17,21.469999313354492,21.770000457763672,21.235000610351562,21.6299991607666,18.388267517089844,1241400,0.0
2009-04-20,21.235000610351562,21.25,20.649999618530273,20.674999237060547,17.576393127441406,1092200,0.0
2009-04-21,20.575000762939453,21.315000534057617,20.524999618530273,21.2450008392334,18.060958862304688,1909400,0.0
2009-04-22,20.899999618530273,21.940000534057617,20.8799991607666,21.43000030517578,18.218233108520508,2213600,0.0
2009-04-23,21.475000381469727,21.510000228881836,20.950000762939453,21.274999618530273,18.08646583557129,1381600,0.0
2009-04-24,21.469999313354492,21.920000076293945,21.290000915527344,21.65999984741211,18.41375732421875,1307200,0.0
2009-04-27,21.334999084472656,21.770000457763672,21.15999984741211,21.514999389648438,18.290491104125977,456200,0.0
2009-04-28,21.280000686645508,21.915000915527344,21.229999542236328,21.530000686645508,18.30324935913086,1724600,0.0
2009-04-29,21.815000534057617,22.510000228881836,21.690000534057617,22.209999084472656,18.88134002685547,1001400,0.0
2009-04-30,22.625,22.905000686645508,22.149999618530273,22.19499969482422,18.868587493896484,1106600,0.0
2009-05-01,22.139999389648438,22.475000381469727,22.075000762939453,22.299999237060547,18.957847595214844,998600,0.0
2009-05-04,22.545000076293945,23.03499984741211,22.415000915527344,23.010000228881836,19.561429977416992,1066600,0.0
2009-05-05,22.934999465942383,23.010000228881836,22.6200008392334,22.934999465942383,19.4976863861084,665400,0.0
2009-05-06,23.235000610351562,23.309999465942383,22.614999771118164,23.040000915527344,19.58694076538086,1316800,0.0
2009-05-07,23.459999084472656,23.5049991607666,22.46500015258789,22.665000915527344,19.268144607543945,834200,0.0
2009-05-08,23.020000457763672,23.309999465942383,22.690000534057617,23.239999771118164,19.75697135925293,803000,0.0
2009-05-11,22.850000381469727,23.040000915527344,22.68000030517578,22.899999618530273,19.467920303344727,1192200,0.0
2009-05-12,23.145000457763672,23.145000457763672,22.125,22.530000686645508,19.153383255004883,728600,0.0
2009-05-13,22.135000228881836,22.18000030517578,21.46500015258789,21.510000228881836,18.286243438720703,1350200,0.0
2009-05-14,21.610000610351562,22.139999389648438,21.424999237060547,21.735000610351562,18.477523803710938,811600,0.0
2009-05-15,21.704999923706055,22.045000076293945,21.594999313354492,21.739999771118164,18.48178482055664,939200,0.0
2009-05-18,22.024999618530273,22.524999618530273,21.94499969482422,22.475000381469727,19.10662269592285,582600,0.0
2009-05-19,22.440000534057617,22.7450008392334,22.225000381469727,22.479999542236328,19.110872268676758,648000,0.0
2009-05-20,22.709999084472656,23.094999313354492,22.295000076293945,22.325000762939453,18.97909927368164,609400,0.0
2009-05-21,22.084999084472656,22.209999084472656,21.610000610351562,21.954999923706055,18.664554595947266,465800,0.0
2009-05-22,22.1200008392334,22.125,21.704999923706055,21.725000381469727,18.46902084350586,419800,0.0
2009-05-26,21.56999969482422,22.770000457763672,21.5049991607666,22.684999465942383,19.285152435302734,382600,0.0
2009-05-27,22.565000534057617,22.84000015258789,22.28499984741211,22.299999237060547,18.957847595214844,627600,0.0
2009-05-28,22.540000915527344,22.625,21.8700008392334,22.329999923706055,18.98334503173828,486800,0.0
2009-05-29,22.454999923706055,22.780000686645508,22.34000015258789,22.704999923706055,19.30215072631836,402400,0.0
2009-06-01,23.344999313354492,23.780000686645508,23.190000534057617,23.690000534057617,20.139522552490234,524800,0.0
2009-06-02,23.575000762939453,24.110000610351562,23.5,24.014999389648438,20.415817260742188,694800,0.0
2009-06-03,23.8700008392334,23.8700008392334,23.489999771118164,23.78499984741211,20.220291137695312,522800,0.0
2009-06-04,23.950000762939453,24.155000686645508,23.614999771118164,24.155000686645508,20.534833908081055,942200,0.0
2009-06-05,24.364999771118164,24.364999771118164,23.885000228881836,24.059999465942383,20.454069137573242,557200,0.0
2009-06-08,23.934999465942383,24.1200008392334,23.559999465942383,23.875,20.29680633544922,716200,0.0
2009-06-09,23.9950008392334,24.18000030517578,23.850000381469727,24.014999389648438,20.415817260742188,695800,0.0
2009-06-10,24.229999542236328,24.28499984741211,23.479999542236328,23.8799991607666,20.301048278808594,410600,0.0
2009-06-11,23.934999465942383,24.18000030517578,23.84000015258789,23.844999313354492,20.271297454833984,546200,0.0
2009-06-12,23.649999618530273,23.809999465942383,23.475000381469727,23.764999389648438,20.20328712463379,442400,0.0
2009-06-15,23.524999618530273,23.524999618530273,22.950000762939453,23.264999389648438,19.778226852416992,382200,0.0
2009-06-16,23.350000381469727,23.424999237060547,22.739999771118164,22.850000381469727,19.425416946411133,646800,0.0
2009-06-17,22.799999237060547,23.209999084472656,22.604999542236328,23.0049991607666,19.557186126708984,395200,0.0
2009-06-18,22.969999313354492,23.239999771118164,22.739999771118164,23.110000610351562,19.646453857421875,301400,0.0
2009-06-19,23.43000030517578,23.479999542236328,23.145000457763672,23.299999237060547,19.80797004699707,489800,0.0
2009-06-22,23.114999771118164,23.114999771118164,22.420000076293945,22.420000076293945,19.059860229492188,339200,0.0
2009-06-23,22.46500015258789,22.56999969482422,22.110000610351562,22.139999389648438,18.850414276123047,582200,0.034
2009-06-24,22.395000457763672,22.6299991607666,22.229999542236328,22.299999237060547,18.986648559570312,447000,0.0
2009-06-25,22.190000534057617,22.93000030517578,22.1200008392334,22.93000030517578,19.52303695678711,395600,0.0
2009-06-26,22.81999969482422,23.235000610351562,22.75,23.135000228881836,19.697582244873047,383200,0.0
2009-06-29,23.225000381469727,23.3700008392334,22.8700008392334,23.18000030517578,19.735897064208984,305400,0.0
2009-06-30,23.235000610351562,23.389999389648438,23.020000457763672,23.18000030517578,19.735897064208984,464800,0.0
2009-07-01,23.344999313354492,23.7549991607666,23.34000015258789,23.6200008392334,20.11051368713379,5807400,0.0
2009-07-02,23.219999313354492,23.229999542236328,22.7450008392334,22.825000762939453,19.43364143371582,462200,0.0
2009-07-06,22.59000015258789,22.71500015258789,22.235000610351562,22.59000015258789,19.233552932739258,652600,0.0
2009-07-07,22.5049991607666,22.594999313354492,22.174999237060547,22.200000762939453,18.901500701904297,376400,0.0
2009-07-08,22.295000076293945,22.34000015258789,21.735000610351562,22.045000076293945,18.769529342651367,527400,0.0
2009-07-09,22.135000228881836,22.280000686645508,21.975000381469727,22.084999084472656,18.803577423095703,670600,0.0
2009-07-10,21.96500015258789,22.260000228881836,21.760000228881836,22.170000076293945,18.875959396362305,484600,0.0
2009-07-13,22.200000762939453,22.65999984741211,21.80500030517578,22.625,19.263357162475586,565400,0.0
2009-07-14,22.670000076293945,22.8700008392334,22.530000686645508,22.825000762939453,19.43364143371582,447000,0.0
2009-07-15,23.165000915527344,23.625,23.075000762939453,23.549999237060547,20.0509090423584,454200,0.0
2009-07-16,23.485000610351562,23.989999771118164,23.434999465942383,23.905000686645508,20.353168487548828,510400,0.0
2009-07-17,23.979999542236328,23.979999542236328,23.709999084472656,23.850000381469727,20.30634117126465,813600,0.0
2009-07-20,24.03499984741211,24.18000030517578,23.8700008392334,24.139999389648438,20.553255081176758,1182000,0.0
2009-07-21,24.31999969482422,24.350000381469727,23.80500030517578,24.114999771118164,20.531967163085938,686000,0.0
2009-07-22,23.985000610351562,24.399999618530273,23.940000534057617,24.239999771118164,20.63839340209961,960200,0.0
2009-07-23,24.229999542236328,25.040000915527344,24.200000762939453,24.915000915527344,21.213104248046875,729400,0.0
2009-07-24,24.78499984741211,25.065000534057617,24.65999984741211,25.065000534057617,21.34080696105957,665800,0.0
2009-07-27,24.96500015258789,25.1299991607666,24.774999618530273,25.030000686645508,21.311023712158203,580400,0.0
2009-07-28,24.950000762939453,25.149999618530273,24.729999542236328,25.040000915527344,21.319536209106445,640000,0.0
2009-07-29,24.905000686645508,25.059999465942383,24.829999923706055,24.954999923706055,21.247156143188477,554800,0.0
2009-07-30,25.219999313354492,25.575000762939453,25.145000457763672,25.25,21.49833106994629,431000,0.0
2009-07-31,25.190000534057617,25.59000015258789,25.18000030517578,25.25,21.49833106994629,783800,0.0
2009-08-03,25.59000015258789,25.684999465942383,25.270000457763672,25.674999237060547,21.860179901123047,384000,0.0
2009-08-04,25.559999465942383,25.940000534057617,25.53499984741211,25.799999237060547,21.966609954833984,560200,0.0
2009-08-05,25.875,25.875,25.334999084472656,25.545000076293945,21.74949073791504,782800,0.0
2009-08-06,25.639999389648438,25.68000030517578,25.1299991607666,25.219999313354492,21.47278594970703,970000,0.0
2009-08-07,25.604999542236328,26.0,25.40999984741211,25.780000686645508,21.949575424194336,673000,0.0
2009-08-10,25.690000534057617,25.905000686645508,25.575000762939453,25.760000228881836,21.932558059692383,633000,0.0
2009-08-11,25.684999465942383,25.709999084472656,25.325000762939453,25.459999084472656,21.677127838134766,341200,0.0
2009-08-12,25.479999542236328,26.049999237060547,25.46500015258789,25.7450008392334,21.919776916503906,561800,0.0
2009-08-13,25.94499969482422,26.0,25.540000915527344,25.899999618530273,22.0517520904541,631000,0.0
2009-08-14,25.899999618530273,25.920000076293945,25.15999984741211,25.420000076293945,21.643075942993164,462000,0.0
2009-08-17,24.93000030517578,24.940000534057617,24.684999465942383,24.829999923706055,21.14072608947754,834200,0.0
2009-08-18,24.950000762939453,25.18000030517578,24.815000534057617,25.075000762939453,21.34933090209961,327800,0.0
2009-08-19,24.774999618530273,25.360000610351562,24.7450008392334,25.28499984741211,21.528127670288086,400200,0.0
2009-08-20,25.329999923706055,25.600000381469727,25.219999313354492,25.56999969482422,21.77077865600586,582000,0.0
2009-08-21,25.799999237060547,26.18000030517578,25.770000457763672,26.075000762939453,22.20075035095215,262800,0.0
2009-08-24,26.200000762939453,26.325000762939453,25.989999771118164,26.09000015258789,22.21352195739746,633000,0.0
2009-08-25,26.229999542236328,26.459999084472656,26.084999084472656,26.110000610351562,22.23054313659668,385200,0.0
2009-08-26,26.125,26.315000534057617,26.0,26.135000228881836,22.25184440612793,255000,0.0
2009-08-27,26.100000381469727,26.149999618530273,25.625,26.100000381469727,22.222034454345703,199400,0.0
2009-08-28,26.354999542236328,26.375,25.80500030517578,25.950000762939453,22.094324111938477,280600,0.0
2009-08-31,25.69499969482422,25.760000228881836,25.479999542236328,25.604999542236328,21.800579071044922,302200,0.0
2009-09-01,25.46500015258789,25.9950008392334,25.100000381469727,25.184999465942383,21.44298553466797,349800,0.0
2009-09-02,25.059999465942383,25.28499984741211,25.045000076293945,25.094999313354492,21.366355895996094,505400,0.0
2009-09-03,25.19499969482422,25.30500030517578,24.8700008392334,25.274999618530273,21.519609451293945,679400,0.0
2009-09-04,25.290000915527344,25.655000686645508,25.139999389648438,25.604999542236328,21.800579071044922,259000,0.0
2009-09-08,25.815000534057617,25.895000457763672,25.575000762939453,25.860000610351562,22.017696380615234,556400,0.0
2009-09-09,25.885000228881836,26.309999465942383,25.7549991607666,26.170000076293945,22.28162956237793,513400,0.0
2009-09-10,26.209999084472656,26.56999969482422,26.0,26.545000076293945,22.600914001464844,405800,0.0
2009-09-11,26.610000610351562,26.709999084472656,26.405000686645508,26.520000457763672,22.57962989807129,375600,0.0
2009-09-14,26.354999542236328,26.799999237060547,26.354999542236328,26.799999237060547,22.818021774291992,483600,0.0
2009-09-15,26.760000228881836,26.94499969482422,26.645000457763672,26.8799991607666,22.886138916015625,318600,0.0
2009-09-16,27.040000915527344,27.399999618530273,26.915000915527344,27.389999389648438,23.320356369018555,452600,0.0
2009-09-17,27.3799991607666,27.600000381469727,27.309999465942383,27.3700008392334,23.30333137512207,272800,0.0
2009-09-18,27.530000686645508,27.59000015258789,27.264999389648438,27.479999542236328,23.396989822387695,287000,0.0
2009-09-21,27.235000610351562,27.545000076293945,27.174999237060547,27.475000381469727,23.392730712890625,231600,0.0
2009-09-22,27.665000915527344,27.700000762939453,27.399999618530273,27.6299991607666,23.524700164794922,305200,0.0
2009-09-23,27.65999984741211,27.834999084472656,27.350000381469727,27.354999542236328,23.309967041015625,431400,0.023
2009-09-24,27.450000762939453,27.489999771118164,26.770000457763672,26.905000686645508,22.926511764526367,329200,0.0
2009-09-25,26.7450008392334,26.920000076293945,26.559999465942383,26.78499984741211,22.82425308227539,368800,0.0
2009-09-28,26.889999389648438,27.489999771118164,26.834999084472656,27.3700008392334,23.322744369506836,462800,0.0
2009-09-29,27.344999313354492,27.540000915527344,27.235000610351562,27.360000610351562,23.31422996520996,316600,0.0
2009-09-30,27.34000015258789,27.395000457763672,26.700000762939453,27.030000686645508,23.03302574157715,550000,0.0
2009-10-01,26.989999771118164,27.0049991607666,26.34000015258789,26.344999313354492,22.44931411743164,2914200,0.0
2009-10-02,26.079999923706055,26.344999313354492,26.014999389648438,26.110000610351562,22.249074935913086,510200,0.0
2009-10-05,26.204999923706055,26.614999771118164,26.110000610351562,26.584999084472656,22.653825759887695,623800,0.0
2009-10-06,26.770000457763672,27.18000030517578,26.725000381469727,27.084999084472656,23.07990074157715,819200,0.0
2009-10-07,27.020000457763672,27.18000030517578,26.924999237060547,27.084999084472656,23.07990074157715,225800,0.0
2009-10-08,27.290000915527344,27.584999084472656,27.165000915527344,27.350000381469727,23.305709838867188,392400,0.0
2009-10-09,27.43000030517578,27.684999465942383,27.34000015258789,27.655000686645508,23.56559944152832,212200,0.0
2009-10-12,27.84000015258789,27.94499969482422,27.600000381469727,27.739999771118164,23.63803482055664,129600,0.0
2009-10-13,27.674999237060547,27.75,27.385000228881836,27.655000686645508,23.56559944152832,223600,0.0
2009-10-14,28.049999237060547,28.204999923706055,27.81999969482422,28.174999237060547,24.008708953857422,246200,0.0
2009-10-15,27.959999084472656,28.229999542236328,27.920000076293945,28.225000381469727,24.051321029663086,474200,0.0
2009-10-16,28.030000686645508,28.110000610351562,27.719999313354492,28.020000457763672,23.876636505126953,202400,0.0
2009-10-19,28.045000076293945,28.344999313354492,27.854999542236328,28.190000534057617,24.021493911743164,195600,0.0
2009-10-20,28.200000762939453,28.25,27.719999313354492,27.885000228881836,23.761598587036133,135800,0.0
2009-10-21,27.829999923706055,28.315000534057617,27.5049991607666,27.5049991607666,23.437793731689453,456000,0.0
2009-10-22,27.485000610351562,27.950000762939453,27.18000030517578,27.815000534057617,23.701950073242188,225400,0.0
2009-10-23,27.905000686645508,28.0049991607666,27.30500030517578,27.34000015258789,23.29718780517578,323000,0.0
2009-10-26,27.415000915527344,27.815000534057617,27.0,27.139999389648438,23.12676239013672,249400,0.0
2009-10-27,27.155000686645508,27.270000457763672,26.725000381469727,26.729999542236328,22.777385711669922,375600,0.0
2009-10-28,26.649999618530273,26.7549991607666,25.905000686645508,25.975000381469727,22.134035110473633,462000,0.0
2009-10-29,26.184999465942383,26.5049991607666,26.1299991607666,26.405000686645508,22.500450134277344,1851800,0.0
2009-10-30,26.239999771118164,26.299999237060547,25.565000534057617,25.7549991607666,21.94656753540039,1164600,0.0
2009-11-02,25.84000015258789,26.03499984741211,25.364999771118164,25.709999084472656,21.908214569091797,470200,0.0
2009-11-03,25.604999542236328,26.06999969482422,25.5,26.06999969482422,22.21498680114746,746400,0.0
2009-11-04,26.15999984741211,26.274999618530273,25.649999618530273,25.75,21.942302703857422,284200,0.0
2009-11-05,25.954999923706055,26.479999542236328,25.905000686645508,26.40999984741211,22.50469970703125,302200,0.0
2009-11-06,26.209999084472656,26.670000076293945,26.06999969482422,26.459999084472656,22.547311782836914,263200,0.0
2009-11-09,26.655000686645508,27.030000686645508,26.655000686645508,26.9950008392334,23.00320053100586,331000,0.0
2009-11-10,26.924999237060547,27.104999542236328,26.690000534057617,26.885000228881836,22.90947151184082,492400,0.0
2009-11-11,27.139999389648438,27.334999084472656,26.875,27.059999465942383,23.05859375,340000,0.0
2009-11-12,27.020000457763672,27.190000534057617,26.485000610351562,26.559999465942383,22.63252830505371,240200,0.0
2009-11-13,26.59000015258789,26.829999923706055,26.28499984741211,26.709999084472656,22.760345458984375,263600,0.0
2009-11-16,26.920000076293945,27.579999923706055,26.920000076293945,27.420000076293945,23.365352630615234,333000,0.0
2009-11-17,27.3700008392334,27.450000762939453,27.21500015258789,27.405000686645508,23.35256576538086,256400,0.0
2009-11-18,27.424999237060547,27.434999465942383,26.989999771118164,27.204999923706055,23.18214988708496,164600,0.0
2009-11-19,26.959999084472656,27.045000076293945,26.354999542236328,26.56999969482422,22.641048431396484,179600,0.0
2009-11-20,26.334999084472656,26.59000015258789,26.295000076293945,26.479999542236328,22.564363479614258,152800,0.0
2009-11-23,26.80500030517578,27.239999771118164,26.80500030517578,26.9950008392334,23.00320053100586,295800,0.0
2009-11-24,27.014999389648438,27.014999389648438,26.575000762939453,26.8799991607666,22.90520477294922,185000,0.0
2009-11-25,27.020000457763672,27.059999465942383,26.825000762939453,26.84000015258789,22.87112808227539,213200,0.0
2009-11-27,25.895000457763672,26.559999465942383,25.829999923706055,26.299999237060547,22.41097068786621,130800,0.0
2009-11-30,26.204999923706055,26.309999465942383,25.790000915527344,26.295000076293945,22.406713485717773,258000,0.0
2009-12-01,26.469999313354492,26.739999771118164,26.469999313354492,26.6200008392334,22.68366050720215,255600,0.0
2009-12-02,26.645000457763672,27.135000228881836,26.645000457763672,26.875,22.90094757080078,232000,0.0
2009-12-03,26.940000534057617,27.135000228881836,26.530000686645508,26.530000686645508,22.606966018676758,202400,0.0
2009-12-04,27.06999969482422,27.385000228881836,26.709999084472656,27.065000534057617,23.062856674194336,309200,0.0
2009-12-07,27.1299991607666,27.295000076293945,26.979999542236328,27.149999618530273,23.13527488708496,257400,0.0
2009-12-08,26.975000381469727,27.145000457763672,26.69499969482422,26.96500015258789,22.97764015197754,280000,0.0
2009-12-09,27.0049991607666,27.0049991607666,26.68000030517578,26.969999313354492,22.981901168823242,199400,0.0
2009-12-10,27.06999969482422,27.190000534057617,26.770000457763672,26.860000610351562,22.888164520263672,174600,0.0
2009-12-11,27.0049991607666,27.174999237060547,26.860000610351562,27.125,23.11397933959961,202200,0.0
2009-12-14,27.34000015258789,27.610000610351562,27.094999313354492,27.610000610351562,23.527259826660156,110400,0.0
2009-12-15,27.479999542236328,27.825000762939453,27.479999542236328,27.614999771118164,23.53152847290039,224800,0.0
2009-12-16,27.770000457763672,27.8799991607666,27.600000381469727,27.829999923706055,23.71473503112793,203000,0.0
2009-12-17,27.68000030517578,27.7450008392334,27.399999618530273,27.594999313354492,23.514488220214844,203400,0.0
2009-12-18,27.725000381469727,27.850000381469727,27.450000762939453,27.850000381469727,23.73177146911621,211000,0.0
2009-12-21,28.020000457763672,28.399999618530273,28.020000457763672,28.329999923706055,24.14078712463379,471800,0.0
2009-12-22,28.405000686645508,28.635000228881836,28.295000076293945,28.614999771118164,24.383651733398438,662600,0.0
2009-12-23,28.764999389648438,29.024999618530273,28.6200008392334,28.985000610351562,24.69894027709961,426400,0.0
2009-12-24,28.959999084472656,29.030000686645508,28.920000076293945,29.010000228881836,24.758251190185547,92600,0.0445
2009-12-28,29.094999313354492,29.155000686645508,28.860000610351562,28.985000610351562,24.73691177368164,492000,0.0
2009-12-29,29.040000915527344,29.104999542236328,28.954999923706055,29.030000686645508,24.775310516357422,779000,0.0
2009-12-30,28.954999923706055,29.094999313354492,28.75,28.969999313354492,24.7241153717041,214200,0.0
2009-12-31,28.969999313354492,29.110000610351562,28.56999969482422,28.56999969482422,24.382741928100586,131800,0.0
2010-01-04,29.010000228881836,29.25,29.010000228881836,29.155000686645508,24.882001876831055,1683800,0.0
2010-01-05,29.149999618530273,29.31999969482422,28.979999542236328,29.200000762939453,24.920412063598633,362200,0.0
2010-01-06,29.21500015258789,29.344999313354492,29.05500030517578,29.139999389648438,24.869199752807617,227000,0.0
2010-01-07,29.1299991607666,29.280000686645508,28.875,29.274999618530273,24.984418869018555,445600,0.0
2010-01-08,29.135000228881836,29.334999084472656,29.09000015258789,29.329999923706055,25.031349182128906,281800,0.0
2010-01-11,29.475000381469727,29.540000915527344,29.145000457763672,29.28499984741211,24.992948532104492,280000,0.0
2010-01-12,29.049999237060547,29.174999237060547,28.834999084472656,28.96500015258789,24.71984100341797,630800,0.0
2010-01-13,29.079999923706055,29.354999542236328,28.854999542236328,29.31999969482422,25.02281379699707,391400,0.0
2010-01-14,29.190000534057617,29.475000381469727,29.174999237060547,29.405000686645508,25.095359802246094,190600,0.0
2010-01-15,29.450000762939453,29.475000381469727,28.825000762939453,29.0,24.74971580505371,413200,0.0
2010-01-19,29.084999084472656,29.5049991607666,29.084999084472656,29.479999542236328,25.15936851501465,212000,0.0
2010-01-20,29.270000457763672,29.28499984741211,28.825000762939453,29.1200008392334,24.85213851928711,322600,0.0
2010-01-21,29.145000457763672,29.309999465942383,28.594999313354492,28.71500015258789,24.506484985351562,540400,0.0
2010-01-22,28.635000228881836,28.760000228881836,28.1200008392334,28.165000915527344,24.03709602355957,345400,0.0
2010-01-25,28.309999465942383,28.375,28.014999389648438,28.165000915527344,24.03709602355957,515400,0.0
2010-01-26,28.079999923706055,28.2450008392334,27.90999984741211,27.940000534057617,23.84507179260254,338600,0.0
2010-01-27,27.844999313354492,28.2549991607666,27.75,28.219999313354492,24.084035873413086,615600,0.0
2010-01-28,28.235000610351562,28.315000534057617,27.575000762939453,27.719999313354492,23.65731430053711,234800,0.0
2010-01-29,27.834999084472656,28.084999084472656,27.395000457763672,27.40999984741211,23.392744064331055,261400,0.0
2010-02-01,27.549999237060547,27.760000228881836,27.434999465942383,27.719999313354492,23.65731430053711,385200,0.0
2010-02-02,27.7549991607666,28.065000534057617,27.639999389648438,28.024999618530273,23.917606353759766,298800,0.0
2010-02-03,27.899999618530273,28.040000915527344,27.639999389648438,27.790000915527344,23.717058181762695,251400,0.0
2010-02-04,27.594999313354492,27.6299991607666,26.889999389648438,26.889999389648438,22.948955535888672,300800,0.0
2010-02-05,26.90999984741211,26.954999923706055,26.389999389648438,26.954999923706055,23.004426956176758,605200,0.0
2010-02-08,26.809999465942383,27.030000686645508,26.665000915527344,26.709999084472656,22.795337677001953,385200,0.0
2010-02-09,27.045000076293945,27.149999618530273,26.735000610351562,27.010000228881836,23.051372528076172,267800,0.0
2010-02-10,26.989999771118164,27.21500015258789,26.75,27.1200008392334,23.145254135131836,108000,0.0
2010-02-11,27.049999237060547,27.5049991607666,26.860000610351562,27.489999771118164,23.461021423339844,124800,0.0
2010-02-12,27.260000228881836,27.684999465942383,27.135000228881836,27.68000030517578,23.623184204101562,169800,0.0
2010-02-16,27.96500015258789,28.174999237060547,27.774999618530273,28.174999237060547,24.045629501342773,203600,0.0
2010-02-17,28.239999771118164,28.395000457763672,28.145000457763672,28.34000015258789,24.186458587646484,424400,0.0
2010-02-18,28.309999465942383,28.614999771118164,28.239999771118164,28.614999771118164,24.4211483001709,248200,0.0
2010-02-19,28.454999923706055,28.719999313354492,28.420000076293945,28.594999313354492,24.40407943725586,191200,0.0
2010-02-22,28.69499969482422,28.770000457763672,28.56999969482422,28.610000610351562,24.416879653930664,181800,0.0
2010-02-23,28.549999237060547,28.610000610351562,28.235000610351562,28.299999237060547,24.15231704711914,570000,0.0
2010-02-24,28.43000030517578,28.68000030517578,28.375,28.610000610351562,24.416879653930664,339800,0.0
2010-02-25,28.219999313354492,28.59000015258789,28.135000228881836,28.549999237060547,24.36567497253418,242200,0.0
2010-02-26,28.56999969482422,28.604999542236328,28.309999465942383,28.420000076293945,24.254722595214844,180800,0.0
2010-03-01,28.645000457763672,29.100000381469727,28.635000228881836,29.06999969482422,24.809459686279297,283800,0.0
2010-03-02,29.190000534057617,29.475000381469727,29.125,29.360000610351562,25.056955337524414,745600,0.0
2010-03-03,29.434999465942383,29.649999618530273,29.325000762939453,29.415000915527344,25.103899002075195,279600,0.0
2010-03-04,29.43000030517578,29.540000915527344,29.354999542236328,29.530000686645508,25.202041625976562,176400,0.0
2010-03-05,29.704999923706055,30.045000076293945,29.614999771118164,29.9950008392334,25.59889030456543,196600,0.0
2010-03-08,30.030000686645508,30.165000915527344,30.0049991607666,30.094999313354492,25.68423080444336,150600,0.0
2010-03-09,30.024999618530273,30.424999237060547,30.024999618530273,30.184999465942383,25.76103973388672,259000,0.0
2010-03-10,30.200000762939453,30.530000686645508,30.165000915527344,30.395000457763672,25.940263748168945,212600,0.0
2010-03-11,30.21500015258789,30.524999618530273,30.145000457763672,30.485000610351562,26.017078399658203,269600,0.0
2010-03-12,30.625,30.635000228881836,30.280000686645508,30.5049991607666,26.03414535522461,159400,0.0
2010-03-15,30.5049991607666,30.579999923706055,30.270000457763672,30.44499969482422,25.98293685913086,210400,0.0
2010-03-16,30.549999237060547,30.704999923706055,30.415000915527344,30.670000076293945,26.17496681213379,167600,0.0
2010-03-17,30.774999618530273,31.05500030517578,30.75,30.899999618530273,26.37125587463379,342400,0.0
2010-03-18,30.864999771118164,31.024999618530273,30.780000686645508,30.829999923706055,26.311513900756836,266000,0.0
2010-03-19,30.485000610351562,30.950000762939453,30.399999618530273,30.485000610351562,26.017078399658203,294400,0.0
2010-03-22,30.30500030517578,30.989999771118164,30.2450008392334,30.924999237060547,26.3925838470459,510200,0.0
2010-03-23,30.940000534057617,31.334999084472656,30.834999084472656,31.315000534057617,26.725427627563477,262200,0.0
2010-03-24,31.190000534057617,31.229999542236328,30.950000762939453,30.950000762939453,26.413925170898438,380400,0.0
2010-03-25,31.174999237060547,31.34000015258789,30.704999923706055,30.725000381469727,26.264751434326172,478400,0.0505
2010-03-26,30.850000381469727,30.950000762939453,30.53499984741211,30.670000076293945,26.21773910522461,354400,0.0
2010-03-29,30.809999465942383,30.885000228881836,30.665000915527344,30.795000076293945,26.324596405029297,289000,0.0
2010-03-30,30.80500030517578,31.020000457763672,30.655000686645508,30.920000076293945,26.43144989013672,337200,0.0
2010-03-31,30.78499984741211,31.09000015258789,30.6299991607666,30.6299991607666,26.18354606628418,196800,0.0
2010-04-01,30.895000457763672,31.024999618530273,30.614999771118164,30.920000076293945,26.43144989013672,1325200,0.0
2010-04-05,31.024999618530273,31.40999984741211,30.950000762939453,31.40999984741211,26.850318908691406,320000,0.0
2010-04-06,31.334999084472656,31.6299991607666,31.2450008392334,31.53499984741211,26.957168579101562,432000,0.0
2010-04-07,31.4950008392334,31.549999237060547,31.21500015258789,31.405000686645508,26.846044540405273,233800,0.0
2010-04-08,31.28499984741211,31.459999084472656,31.030000686645508,31.34000015258789,26.79047966003418,356200,0.0
2010-04-09,31.329999923706055,31.475000381469727,31.1299991607666,31.454999923706055,26.88878631591797,332200,0.0
2010-04-12,31.5,31.635000228881836,31.405000686645508,31.59000015258789,27.004188537597656,136600,0.0
2010-04-13,31.4950008392334,31.700000762939453,31.395000457763672,31.674999237060547,27.076841354370117,149600,0.0
2010-04-14,31.8799991607666,32.345001220703125,31.825000762939453,32.345001220703125,27.649581909179688,307400,0.0
2010-04-15,32.3650016784668,32.5099983215332,32.310001373291016,32.45000076293945,27.739347457885742,226200,0.0
2010-04-16,32.375,32.51499938964844,31.90999984741211,32.130001068115234,27.465797424316406,311800,0.0
2010-04-19,31.959999084472656,32.19499969482422,31.584999084472656,31.9950008392334,27.35039520263672,395600,0.0
2010-04-20,32.154998779296875,32.43000030517578,32.06999969482422,32.43000030517578,27.72224235534668,307000,0.0
2010-04-21,32.5099983215332,32.689998626708984,32.375,32.650001525878906,27.910308837890625,346600,0.0
2010-04-22,32.3650016784668,33.025001525878906,32.1349983215332,32.970001220703125,28.183853149414062,496600,0.0
2010-04-23,33.04999923706055,33.314998626708984,32.845001220703125,33.314998626708984,28.478769302368164,373000,0.0
2010-04-26,33.314998626708984,33.5,33.17499923706055,33.17499923706055,28.359085083007812,413200,0.0
2010-04-27,33.04499816894531,33.345001220703125,32.46500015258789,32.53499984741211,27.81200408935547,524600,0.0
2010-04-28,32.665000915527344,32.73500061035156,32.35499954223633,32.53499984741211,27.81200408935547,518400,0.0
2010-04-29,32.79499816894531,33.255001068115234,32.595001220703125,33.255001068115234,28.427490234375,706000,0.0
2010-04-30,33.25,33.32500076293945,32.19499969482422,32.19499969482422,27.52134895324707,584400,0.0
2010-05-03,32.375,32.939998626708984,32.345001220703125,32.89500045776367,28.11974334716797,547000,0.0
2010-05-04,32.435001373291016,32.45000076293945,31.895000457763672,32.05500030517578,27.401683807373047,408000,0.0
2010-05-05,31.780000686645508,32.13999938964844,31.46500015258789,31.709999084472656,27.106761932373047,464600,0.0
2010-05-06,31.5,32.459999084472656,12.53499984741211,30.670000076293945,26.21773910522461,1097800,0.0
2010-05-07,30.375,30.7549991607666,29.4950008392334,29.915000915527344,25.572343826293945,1147600,0.0
2010-05-10,31.045000076293945,31.94499969482422,30.415000915527344,31.364999771118164,26.811843872070312,906400,0.0
2010-05-11,30.985000610351562,31.985000610351562,30.924999237060547,31.524999618530273,26.948625564575195,806000,0.0
2010-05-12,31.690000534057617,32.45500183105469,31.674999237060547,32.415000915527344,27.709428787231445,340400,0.0
2010-05-13,32.369998931884766,32.630001068115234,31.979999542236328,32.165000915527344,27.495712280273438,1003800,0.0
2010-05-14,31.90999984741211,31.924999237060547,31.165000915527344,31.53499984741211,26.957168579101562,311400,0.0
2010-05-17,31.729999542236328,31.975000381469727,30.81999969482422,31.684999465942383,27.085390090942383,589400,0.0
2010-05-18,32.11000061035156,32.130001068115234,31.024999618530273,31.100000381469727,26.585315704345703,653800,0.0
2010-05-19,30.93000030517578,31.309999465942383,30.440000534057617,30.864999771118164,26.384429931640625,799200,0.0
2010-05-20,30.110000610351562,30.274999618530273,29.475000381469727,29.5,25.217586517333984,1000600,0.0
2010-05-21,29.020000457763672,30.114999771118164,28.815000534057617,29.905000686645508,25.563793182373047,1441800,0.0
2010-05-24,29.735000610351562,30.09000015258789,29.579999923706055,29.584999084472656,25.29024887084961,768800,0.0
2010-05-25,28.844999313354492,29.524999618530273,28.454999923706055,29.524999618530273,25.23895835876465,1262800,0.0
2010-05-26,29.59000015258789,30.28499984741211,29.420000076293945,29.575000762939453,25.281696319580078,610800,0.0
2010-05-27,30.260000228881836,30.709999084472656,30.059999465942383,30.700000762939453,26.243385314941406,276800,0.0
2010-05-28,30.639999389648438,30.674999237060547,30.135000228881836,30.30500030517578,25.90572738647461,317200,0.0
2010-06-01,29.96500015258789,30.389999389648438,29.5,29.5049991607666,25.221860885620117,621600,0.0
2010-06-02,29.71500015258789,30.350000381469727,29.3700008392334,30.350000381469727,25.94418716430664,1242200,0.0
2010-06-03,30.424999237060547,30.84000015258789,30.334999084472656,30.780000686645508,26.311777114868164,278800,0.0
2010-06-04,30.15999984741211,30.264999389648438,29.299999237060547,29.375,25.110734939575195,756800,0.0
2010-06-07,29.469999313354492,29.565000534057617,28.635000228881836,28.635000228881836,24.478158950805664,332400,0.0
2010-06-08,28.780000686645508,28.905000686645508,28.125,28.6299991607666,24.473880767822266,923600,0.0
2010-06-09,28.84000015258789,29.31999969482422,28.59000015258789,28.709999084472656,24.54227066040039,544600,0.0
2010-06-10,29.174999237060547,29.584999084472656,29.100000381469727,29.584999084472656,25.29024887084961,219600,0.0
2010-06-11,29.309999465942383,30.020000457763672,29.229999542236328,30.0,25.645004272460938,292600,0.0
2010-06-14,30.389999389648438,30.68000030517578,30.1299991607666,30.174999237060547,25.794591903686523,360800,0.0
2010-06-15,30.395000457763672,30.915000915527344,30.315000534057617,30.81999969482422,26.34596061706543,333800,0.0
2010-06-16,30.600000381469727,30.975000381469727,30.510000228881836,30.700000762939453,26.243385314941406,526200,0.0
2010-06-17,30.875,30.875,30.415000915527344,30.725000381469727,26.264751434326172,319000,0.0
2010-06-18,30.780000686645508,30.934999465942383,30.584999084472656,30.729999542236328,26.269031524658203,153200,0.0
2010-06-21,31.18000030517578,31.190000534057617,30.28499984741211,30.450000762939453,26.029678344726562,284400,0.0
2010-06-22,30.584999084472656,30.860000610351562,29.864999771118164,29.885000228881836,25.54669952392578,252800,0.0
2010-06-23,29.844999313354492,30.06999969482422,29.450000762939453,29.774999618530273,25.49147605895996,183800,0.0455
2010-06-24,29.530000686645508,29.690000534057617,29.2549991607666,29.295000076293945,25.080524444580078,229000,0.0
2010-06-25,29.3799991607666,29.815000534057617,29.125,29.704999923706055,25.431543350219727,145200,0.0
2010-06-28,29.75,30.1200008392334,29.469999313354492,29.71500015258789,25.440105438232422,169600,0.0
2010-06-29,29.225000381469727,29.28499984741211,28.524999618530273,28.69499969482422,24.566844940185547,436200,0.0
2010-06-30,28.600000381469727,29.104999542236328,28.415000915527344,28.469999313354492,24.37420654296875,338800,0.0
2010-07-01,28.450000762939453,28.4950008392334,27.610000610351562,28.274999618530273,24.207263946533203,894400,0.0
2010-07-02,28.399999618530273,28.454999923706055,27.90999984741211,28.075000762939453,24.036035537719727,627400,0.0
2010-07-06,28.594999313354492,28.7450008392334,27.565000534057617,27.7450008392334,23.753520965576172,421000,0.0
2010-07-07,27.78499984741211,28.68000030517578,27.764999389648438,28.6299991607666,24.511192321777344,266200,0.0
2010-07-08,28.93000030517578,29.06999969482422,28.625,29.040000915527344,24.86220932006836,1279000,0.0
2010-07-09,29.024999618530273,29.389999389648438,28.969999313354492,29.375,25.149015426635742,363800,0.0
2010-07-12,29.309999465942383,29.520000457763672,28.854999542236328,29.145000457763672,24.952102661132812,291200,0.0
2010-07-13,29.53499984741211,30.049999237060547,29.334999084472656,29.93000030517578,25.62417221069336,326400,0.0
2010-07-14,29.875,30.049999237060547,29.655000686645508,29.90999984741211,25.6070556640625,129600,0.0
2010-07-15,29.905000686645508,29.950000762939453,29.290000915527344,29.665000915527344,25.397294998168945,192200,0.0
2010-07-16,29.389999389648438,29.479999542236328,28.6299991607666,28.700000762939453,24.571134567260742,317400,0.0
2010-07-19,28.729999542236328,28.8700008392334,28.350000381469727,28.84000015258789,24.69098663330078,146400,0.0
2010-07-20,28.420000076293945,29.329999923706055,28.344999313354492,29.31999969482422,25.101932525634766,213000,0.0
2010-07-21,29.55500030517578,29.55500030517578,28.764999389648438,28.844999313354492,24.695270538330078,197000,0.0
2010-07-22,29.200000762939453,29.790000915527344,29.200000762939453,29.719999313354492,25.444393157958984,257600,0.0
2010-07-23,29.584999084472656,30.40999984741211,29.545000076293945,30.3700008392334,26.000873565673828,352800,0.0
2010-07-26,30.469999313354492,31.0049991607666,30.315000534057617,31.0049991607666,26.54452133178711,1026200,0.0
2010-07-27,31.19499969482422,31.309999465942383,30.69499969482422,30.780000686645508,26.35190200805664,1022200,0.0
2010-07-28,30.71500015258789,30.854999542236328,30.204999923706055,30.329999923706055,25.966630935668945,311400,0.0
2010-07-29,30.594999313354492,30.68000030517578,29.795000076293945,30.155000686645508,25.816802978515625,274400,0.0
2010-07-30,29.790000915527344,30.364999771118164,29.655000686645508,30.170000076293945,25.829652786254883,349800,0.0
2010-08-02,30.65999984741211,30.815000534057617,30.405000686645508,30.655000686645508,26.244876861572266,444200,0.0
2010-08-03,30.604999542236328,30.69499969482422,30.139999389648438,30.334999084472656,25.970911026000977,528600,0.0
2010-08-04,30.514999389648438,30.665000915527344,30.354999542236328,30.549999237060547,26.154979705810547,269400,0.0
2010-08-05,30.334999084472656,30.485000610351562,30.19499969482422,30.200000762939453,25.855331420898438,307200,0.0
2010-08-06,29.729999542236328,30.114999771118164,29.469999313354492,30.084999084472656,25.75687599182129,242200,0.0
2010-08-09,30.235000610351562,30.434999465942383,30.09000015258789,30.34000015258789,25.975191116333008,624600,0.0
2010-08-10,30.114999771118164,30.139999389648438,29.579999923706055,29.84000015258789,25.547117233276367,934800,0.0
2010-08-11,29.2450008392334,29.2450008392334,28.690000534057617,28.770000457763672,24.631053924560547,637400,0.0
2010-08-12,28.229999542236328,28.790000915527344,28.149999618530273,28.65999984741211,24.536882400512695,898000,0.0
2010-08-13,28.53499984741211,28.594999313354492,28.30500030517578,28.315000534057617,24.241514205932617,354400,0.0
2010-08-16,28.100000381469727,28.649999618530273,28.0,28.485000610351562,24.387067794799805,986800,0.0
2010-08-17,28.780000686645508,29.25,28.649999618530273,28.9950008392334,24.82369041442871,359000,0.0
2010-08-18,28.950000762939453,29.399999618530273,28.709999084472656,29.125,24.934986114501953,417000,0.0
2010-08-19,29.020000457763672,29.079999923706055,28.344999313354492,28.454999923706055,24.361377716064453,404400,0.0
2010-08-20,28.290000915527344,28.475000381469727,28.030000686645508,28.43000030517578,24.3399658203125,200600,0.0
2010-08-23,28.665000915527344,28.760000228881836,28.145000457763672,28.15999984741211,24.108810424804688,464400,0.0
2010-08-24,27.760000228881836,28.110000610351562,27.424999237060547,27.850000381469727,23.843414306640625,420000,0.0
2010-08-25,27.59000015258789,28.270000457763672,27.5,28.19499969482422,24.138778686523438,1018400,0.0
2010-08-26,28.274999618530273,28.540000915527344,27.93000030517578,28.0049991607666,23.976112365722656,833200,0.0
2010-08-27,28.28499984741211,28.770000457763672,27.739999771118164,28.709999084472656,24.57968521118164,719400,0.0
2010-08-30,28.545000076293945,28.700000762939453,28.075000762939453,28.075000762939453,24.036035537719727,471200,0.0
2010-08-31,27.979999542236328,28.295000076293945,27.764999389648438,28.010000228881836,23.980398178100586,474600,0.0
2010-09-01,28.489999771118164,28.985000610351562,28.375,28.954999923706055,24.789440155029297,575000,0.0
2010-09-02,28.90999984741211,29.40999984741211,28.885000228881836,29.354999542236328,25.13189697265625,340800,0.0
2010-09-03,29.875,29.90999984741211,29.53499984741211,29.81999969482422,25.529993057250977,388200,0.0
2010-09-07,29.690000534057617,29.709999084472656,29.25,29.299999237060547,25.084806442260742,507600,0.0
2010-09-08,29.399999618530273,29.639999389648438,29.329999923706055,29.424999237060547,25.19182014465332,305600,0.0
2010-09-09,29.885000228881836,29.885000228881836,29.184999465942383,29.375,25.149015426635742,275000,0.0
2010-09-10,29.530000686645508,29.614999771118164,29.2549991607666,29.405000686645508,25.174697875976562,393000,0.0
2010-09-13,29.760000228881836,30.15999984741211,29.684999465942383,30.065000534057617,25.739761352539062,333400,0.0
2010-09-14,29.975000381469727,30.290000915527344,29.940000534057617,30.040000915527344,25.718358993530273,358200,0.0
2010-09-15,29.969999313354492,30.3700008392334,29.80500030517578,30.264999389648438,25.910978317260742,303000,0.0
2010-09-16,30.18000030517578,30.299999237060547,29.8700008392334,30.125,25.791122436523438,347400,0.0
2010-09-17,30.315000534057617,30.375,29.854999542236328,30.2450008392334,25.893856048583984,357800,0.0
2010-09-20,30.350000381469727,31.030000686645508,30.155000686645508,31.0,26.540246963500977,428200,0.0
2010-09-21,30.969999313354492,31.170000076293945,30.795000076293945,30.829999923706055,26.394695281982422,419800,0.0
2010-09-22,30.71500015258789,30.924999237060547,30.30500030517578,30.520000457763672,26.129295349121094,326600,0.0
2010-09-23,30.30500030517578,30.75,30.190000534057617,30.2549991607666,25.902423858642578,233800,0.0
2010-09-24,30.575000762939453,31.145000457763672,30.549999237060547,31.1299991607666,26.700515747070312,400800,0.0555
2010-09-27,31.149999618530273,31.19499969482422,30.90999984741211,31.065000534057617,26.644765853881836,600800,0.0
2010-09-28,31.104999542236328,31.375,30.579999923706055,31.325000762939453,26.86777114868164,414600,0.0
2010-09-29,31.280000686645508,31.540000915527344,31.135000228881836,31.424999237060547,26.953542709350586,207000,0.0
2010-09-30,31.649999618530273,31.725000381469727,30.954999923706055,31.235000610351562,26.79058074951172,241800,0.0
2010-10-01,31.545000076293945,31.565000534057617,31.1200008392334,31.389999389648438,26.923519134521484,2057800,0.0
2010-10-04,31.274999618530273,31.4950008392334,30.799999237060547,31.0049991607666,26.59330940246582,261600,0.0
2010-10-05,31.34000015258789,31.940000534057617,31.200000762939453,31.860000610351562,27.326650619506836,644600,0.0
2010-10-06,31.799999237060547,31.899999618530273,31.454999923706055,31.6200008392334,27.120800018310547,394200,0.0
2010-10-07,31.774999618530273,31.81999969482422,31.344999313354492,31.575000762939453,27.082202911376953,216800,0.0
2010-10-08,31.579999923706055,32.05500030517578,31.43000030517578,31.905000686645508,27.365243911743164,268000,0.0
2010-10-11,31.985000610351562,32.23500061035156,31.915000915527344,31.975000381469727,27.4252872467041,278600,0.0
2010-10-12,31.90999984741211,32.2400016784668,31.6200008392334,32.125,27.55394172668457,290800,0.0
2010-10-13,32.3650016784668,32.849998474121094,32.26499938964844,32.650001525878906,28.004234313964844,424800,0.0
2010-10-14,32.69499969482422,32.775001525878906,32.41999816894531,32.650001525878906,28.004234313964844,358000,0.0
2010-10-15,32.939998626708984,32.96500015258789,32.43000030517578,32.64500045776367,27.999948501586914,270400,0.0
2010-10-18,32.71500015258789,32.85499954223633,32.61000061035156,32.85499954223633,28.180065155029297,316600,0.0
2010-10-19,32.41999816894531,32.71500015258789,31.954999923706055,32.15999984741211,27.583961486816406,415600,0.0
2010-10-20,32.27000045776367,32.60499954223633,32.220001220703125,32.44499969482422,27.828407287597656,501600,0.0
2010-10-21,32.599998474121094,32.755001068115234,31.934999465942383,32.31999969482422,27.72119903564453,501000,0.0
2010-10-22,32.345001220703125,32.630001068115234,32.314998626708984,32.60499954223633,27.96564292907715,202800,0.0
2010-10-25,32.82500076293945,33.150001525878906,32.72999954223633,32.7599983215332,28.09858512878418,446000,0.0
2010-10-26,32.56999969482422,32.8849983215332,32.400001525878906,32.70500183105469,28.05141830444336,353000,0.0
2010-10-27,32.5,32.724998474121094,32.27000045776367,32.689998626708984,28.038543701171875,197800,0.0
2010-10-28,32.959999084472656,32.959999084472656,32.380001068115234,32.55500030517578,27.922752380371094,168200,0.0
2010-10-29,32.44499969482422,32.83000183105469,32.44499969482422,32.70500183105469,28.05141830444336,302800,0.0
2010-11-01,32.79499816894531,33.060001373291016,32.275001525878906,32.529998779296875,27.90131187438965,561200,0.0
2010-11-02,32.86000061035156,33.154998779296875,32.69499969482422,33.11000061035156,28.398784637451172,259600,0.0
2010-11-03,33.185001373291016,33.279998779296875,32.775001525878906,33.2400016784668,28.510290145874023,246000,0.0
2010-11-04,33.82500076293945,34.029998779296875,33.69499969482422,34.01499938964844,29.174997329711914,334800,0.0
2010-11-05,34.095001220703125,34.314998626708984,34.04999923706055,34.19499969482422,29.329402923583984,477200,0.0
2010-11-08,34.13999938964844,34.310001373291016,34.005001068115234,34.279998779296875,29.40230369567871,210800,0.0
2010-11-09,34.369998931884766,34.45000076293945,33.78499984741211,33.98500061035156,29.149280548095703,306000,0.0
2010-11-10,33.97999954223633,34.29499816894531,33.66999816894531,34.29499816894531,29.415163040161133,150600,0.0
2010-11-11,33.95500183105469,34.29999923706055,33.790000915527344,34.15999984741211,29.29938316345215,147600,0.0
2010-11-12,33.90999984741211,34.10499954223633,33.6150016784668,33.665000915527344,28.874813079833984,281600,0.0
2010-11-15,33.810001373291016,33.97999954223633,33.599998474121094,33.65999984741211,28.87053108215332,515000,0.0
2010-11-16,33.3849983215332,33.474998474121094,32.85499954223633,33.060001373291016,28.35590362548828,293400,0.0
2010-11-17,33.130001068115234,33.209999084472656,32.93000030517578,33.14500045776367,28.428808212280273,200600,0.0
2010-11-18,33.47999954223633,33.88999938964844,33.47999954223633,33.709999084472656,28.91341209411621,190000,0.0
2010-11-19,33.67499923706055,33.915000915527344,33.47999954223633,33.83000183105469,29.016342163085938,209800,0.0
2010-11-22,33.77000045776367,34.220001220703125,33.654998779296875,34.16999816894531,29.30795669555664,417400,0.0
2010-11-23,33.73500061035156,33.92499923706055,33.599998474121094,33.92499923706055,29.09781265258789,350000,0.0
2010-11-24,34.25,34.70500183105469,34.25,34.70500183105469,29.766826629638672,620200,0.0
2010-11-26,34.525001525878906,34.67499923706055,34.3849983215332,34.52000045776367,29.608158111572266,114600,0.0
2010-11-29,34.3650016784668,34.564998626708984,33.89500045776367,34.45500183105469,29.55240249633789,120600,0.0
2010-11-30,34.10499954223633,34.40999984741211,33.900001525878906,34.21500015258789,29.346553802490234,316400,0.0
2010-12-01,34.779998779296875,35.07500076293945,34.779998779296875,34.95000076293945,29.976970672607422,174800,0.0
2010-12-02,35.0099983215332,35.275001525878906,34.959999084472656,35.23500061035156,30.221435546875,252000,0.0
2010-12-03,35.11000061035156,35.57500076293945,35.03499984741211,35.47999954223633,30.431564331054688,227400,0.0
2010-12-06,35.494998931884766,35.77000045776367,35.415000915527344,35.71500015258789,30.63311767578125,280400,0.0
2010-12-07,36.150001525878906,36.22999954223633,35.915000915527344,35.974998474121094,30.85612678527832,1948600,0.0
2010-12-08,36.130001068115234,36.185001373291016,35.875,35.900001525878906,30.791799545288086,239800,0.0
2010-12-09,36.08000183105469,36.099998474121094,35.84000015258789,35.939998626708984,30.826093673706055,1523000,0.0
2010-12-10,36.040000915527344,36.404998779296875,35.970001220703125,36.34000015258789,31.1691837310791,279400,0.0
2010-12-13,36.529998779296875,36.59000015258789,36.244998931884766,36.25,31.09198760986328,325600,0.0
2010-12-14,36.349998474121094,36.349998474121094,36.09000015258789,36.15999984741211,31.014801025390625,354400,0.0
2010-12-15,36.154998779296875,36.53499984741211,36.0,36.064998626708984,30.93331527709961,151400,0.0
2010-12-16,36.095001220703125,36.44499969482422,35.97999954223633,36.41999816894531,31.237789154052734,194600,0.0
2010-12-17,36.46500015258789,36.630001068115234,36.18000030517578,36.625,31.413650512695312,447800,0.0
2010-12-20,36.775001525878906,36.875,36.55500030517578,36.60499954223633,31.396488189697266,222600,0.0
2010-12-21,36.78499984741211,36.96500015258789,36.7599983215332,36.91999816894531,31.666650772094727,336200,0.0
2010-12-22,37.005001068115234,37.03499984741211,36.79499816894531,36.79999923706055,31.56373405456543,429000,0.0
2010-12-23,36.70000076293945,36.814998626708984,36.6349983215332,36.66999816894531,31.592159271240234,296200,0.163
2010-12-27,36.650001525878906,36.78499984741211,36.45500183105469,36.744998931884766,31.65677261352539,353000,0.0
2010-12-28,36.779998779296875,36.92499923706055,36.52000045776367,36.6349983215332,31.562002182006836,401800,0.0
2010-12-29,36.66999816894531,36.72999954223633,36.6150016784668,36.68000030517578,31.60079002380371,197600,0.0
2010-12-30,36.61000061035156,36.790000915527344,36.61000061035156,36.65999984741211,31.58354949951172,176600,0.0
2010-12-31,36.630001068115234,36.6349983215332,36.29499816894531,36.29499816894531,31.269100189208984,213600,0.0
2011-01-03,36.525001525878906,37.09000015258789,36.525001525878906,36.880001068115234,31.773099899291992,676600,0.0
2011-01-04,36.935001373291016,37.005001068115234,35.95000076293945,36.29499816894531,31.269100189208984,517200,0.0
2011-01-05,36.25,36.64500045776367,36.154998779296875,36.6349983215332,31.562002182006836,315200,0.0
2011-01-06,36.69499969482422,36.720001220703125,36.375,36.4900016784668,31.437097549438477,413600,0.0
2011-01-07,36.584999084472656,36.685001373291016,35.93000030517578,36.39500045776367,31.35525131225586,859000,0.0
2011-01-10,36.25,36.6349983215332,35.974998474121094,36.51499938964844,31.458637237548828,270400,0.0
2011-01-11,36.64500045776367,36.76499938964844,36.459999084472656,36.595001220703125,31.52754783630371,301800,0.0
2011-01-12,36.834999084472656,37.005001068115234,36.70000076293945,36.904998779296875,31.79462432861328,586600,0.0
2011-01-13,36.8650016784668,37.040000915527344,36.775001525878906,36.89500045776367,31.78600311279297,289600,0.0
2011-01-14,36.900001525878906,37.189998626708984,36.78499984741211,37.154998779296875,32.010013580322266,366000,0.0
2011-01-18,37.060001373291016,37.150001525878906,36.875,37.125,31.984155654907227,380000,0.0
2011-01-19,37.154998779296875,37.165000915527344,36.26499938964844,36.33000183105469,31.299259185791016,280800,0.0
2011-01-20,36.165000915527344,36.279998779296875,35.849998474121094,35.9900016784668,31.00633430480957,275800,0.0
2011-01-21,36.2599983215332,36.2599983215332,35.75,35.790000915527344,30.834030151367188,526600,0.0
2011-01-24,35.72999954223633,36.099998474121094,35.720001220703125,35.959999084472656,30.980491638183594,368000,0.0
2011-01-25,35.83000183105469,36.04499816894531,35.689998626708984,36.04499816894531,31.05370330810547,317400,0.0
2011-01-26,36.154998779296875,36.7400016784668,36.04499816894531,36.685001373291016,31.6050968170166,277800,0.0
2011-01-27,36.70000076293945,37.01499938964844,36.56999969482422,36.91999816894531,31.80753517150879,167800,0.0
2011-01-28,36.849998474121094,36.93000030517578,36.040000915527344,36.099998474121094,31.101089477539062,269800,0.0
2011-01-31,36.26499938964844,36.54499816894531,36.0,36.36000061035156,31.32508659362793,420000,0.0
2011-02-01,36.63999938964844,37.130001068115234,36.55500030517578,37.0,31.876466751098633,340000,0.0
2011-02-02,36.94499969482422,37.15999984741211,36.8849983215332,36.92499923706055,31.811853408813477,181600,0.0
2011-02-03,36.82500076293945,37.05500030517578,36.5099983215332,37.0099983215332,31.885074615478516,191400,0.0
2011-02-04,36.9900016784668,37.150001525878906,36.86000061035156,37.095001220703125,31.958303451538086,218600,0.0
2011-02-07,37.154998779296875,37.63999938964844,37.1349983215332,37.45000076293945,32.2641716003418,193200,0.0
2011-02-08,37.41999816894531,37.63999938964844,37.27000045776367,37.63999938964844,32.42784881591797,224000,0.0
2011-02-09,37.51499938964844,37.665000915527344,37.310001373291016,37.474998474121094,32.28570556640625,272000,0.0
2011-02-10,37.25,37.76499938964844,37.20500183105469,37.71500015258789,32.49246597290039,152600,0.0
2011-02-11,37.54499816894531,38.095001220703125,37.52000045776367,38.084999084472656,32.81122589111328,466800,0.0
2011-02-14,38.13999938964844,38.38999938964844,38.08000183105469,38.375,33.06106185913086,218400,0.0
2011-02-15,38.314998626708984,38.35499954223633,37.96500015258789,38.025001525878906,32.75954818725586,403600,0.0
2011-02-16,38.099998474121094,38.41999816894531,38.099998474121094,38.3849983215332,33.06967544555664,253400,0.0
2011-02-17,38.39500045776367,38.790000915527344,38.34000015258789,38.69499969482422,33.336753845214844,211200,0.0
2011-02-18,38.70000076293945,38.834999084472656,38.53499984741211,38.67499923706055,33.319522857666016,194800,0.0
2011-02-22,38.43000030517578,38.505001068115234,37.724998474121094,37.75,32.52260971069336,311400,0.0
2011-02-23,37.755001068115234,37.755001068115234,36.7599983215332,36.970001220703125,31.85061264038086,491200,0.0
2011-02-24,36.994998931884766,37.279998779296875,36.755001068115234,37.209999084472656,32.05739212036133,367800,0.0
2011-02-25,37.380001068115234,38.029998779296875,37.33000183105469,38.02000045776367,32.755226135253906,349600,0.0
2011-02-28,38.275001525878906,38.314998626708984,37.76499938964844,38.025001525878906,32.75954818725586,326400,0.0
2011-03-01,38.1150016784668,38.189998626708984,37.23500061035156,37.35499954223633,32.18229293823242,509000,0.0
2011-03-02,37.209999084472656,37.63999938964844,37.154998779296875,37.45500183105469,32.268455505371094,316600,0.0
2011-03-03,37.779998779296875,38.42499923706055,37.779998779296875,38.334999084472656,33.02659606933594,322600,0.0
2011-03-04,38.3650016784668,38.380001068115234,37.94499969482422,38.345001220703125,33.035213470458984,303000,0.0
2011-03-07,38.435001373291016,38.494998931884766,37.494998931884766,37.80500030517578,32.569984436035156,645200,0.0
2011-03-08,37.83000183105469,38.5,37.54999923706055,38.34000015258789,33.03089904785156,279000,0.0
2011-03-09,38.30500030517578,38.4900016784668,38.11000061035156,38.28499984741211,32.983516693115234,180000,0.0
2011-03-10,37.875,37.875,37.25,37.45500183105469,32.268455505371094,255400,0.0
2011-03-11,37.185001373291016,37.685001373291016,37.025001525878906,37.494998931884766,32.30292892456055,650600,0.0
2011-03-14,37.05500030517578,37.540000915527344,36.96500015258789,37.314998626708984,32.14784240722656,196000,0.0
2011-03-15,36.6150016784668,37.29499816894531,36.20500183105469,37.03499984741211,31.906625747680664,381000,0.0
2011-03-16,36.79999923706055,37.23500061035156,36.48500061035156,36.59000015258789,31.52324104309082,782000,0.0
2011-03-17,37.125,37.15999984741211,36.73500061035156,36.73500061035156,31.648164749145508,267000,0.0
2011-03-18,37.099998474121094,37.14500045776367,36.904998779296875,37.14500045776367,32.00139617919922,350400,0.0
2011-03-21,37.630001068115234,37.939998626708984,37.56999969482422,37.939998626708984,32.68629455566406,162800,0.0
2011-03-22,38.040000915527344,38.084999084472656,37.71500015258789,37.790000915527344,32.55707931518555,165800,0.0
2011-03-23,37.625,38.03499984741211,37.35499954223633,37.939998626708984,32.68629455566406,156400,0.0
2011-03-24,38.14500045776367,38.3650016784668,37.880001068115234,38.22999954223633,32.93613815307617,1768800,0.0
2011-03-25,38.334999084472656,38.900001525878906,38.255001068115234,38.529998779296875,33.234169006347656,658400,0.0455
2011-03-28,38.689998626708984,38.75,38.415000915527344,38.439998626708984,33.15651321411133,621400,0.0
2011-03-29,38.43000030517578,38.814998626708984,38.224998474121094,38.76499938964844,33.43685531616211,441600,0.0
2011-03-30,38.9900016784668,39.34000015258789,38.93000030517578,39.30500030517578,33.90263366699219,644000,0.0
2011-03-31,39.31999969482422,39.5099983215332,39.244998931884766,39.5099983215332,34.07944869995117,237400,0.0
2011-04-01,39.7400016784668,39.904998779296875,39.529998779296875,39.63999938964844,34.191585540771484,1206000,0.0
2011-04-04,39.79499816894531,39.880001068115234,39.63999938964844,39.7599983215332,34.29509735107422,335400,0.0
2011-04-05,39.7599983215332,40.2599983215332,39.7599983215332,40.005001068115234,34.50642395019531,247200,0.0
2011-04-06,40.310001373291016,40.32500076293945,39.85499954223633,39.98500061035156,34.489166259765625,315200,0.0
2011-04-07,40.03499984741211,40.15999984741211,39.65999984741211,39.80500030517578,34.33391189575195,341600,0.0
2011-04-08,39.92499923706055,39.9900016784668,39.16999816894531,39.34000015258789,33.932823181152344,189800,0.0
2011-04-11,39.32500076293945,39.4900016784668,38.9900016784668,39.165000915527344,33.781864166259766,218200,0.0
2011-04-12,38.90999984741211,39.095001220703125,38.67499923706055,38.67499923706055,33.35921859741211,253600,0.0
2011-04-13,38.915000915527344,38.96500015258789,38.5,38.7400016784668,33.4152946472168,277200,0.0
2011-04-14,38.43000030517578,39.029998779296875,38.43000030517578,39.01499938964844,33.652488708496094,181000,0.0
2011-04-15,39.029998779296875,39.435001373291016,38.84000015258789,39.435001373291016,34.01476287841797,265200,0.0
2011-04-18,38.82500076293945,38.88999938964844,38.57500076293945,38.869998931884766,33.52741241455078,579400,0.0
2011-04-19,38.96500015258789,39.10499954223633,38.64500045776367,38.904998779296875,33.5576171875,314200,0.0
2011-04-20,39.584999084472656,39.709999084472656,39.39500045776367,39.709999084472656,34.251976013183594,338800,0.0
2011-04-21,39.974998474121094,40.025001525878906,39.744998931884766,40.0099983215332,34.51072311401367,434200,0.0
2011-04-25,39.939998626708984,40.04999923706055,39.70500183105469,39.959999084472656,34.46759796142578,372200,0.0
2011-04-26,40.08000183105469,40.6150016784668,39.994998931884766,40.43000030517578,34.873016357421875,526600,0.0
2011-04-27,40.51499938964844,40.93000030517578,40.40999984741211,40.90999984741211,35.287044525146484,248600,0.0
2011-04-28,40.814998626708984,41.05500030517578,40.79999923706055,40.994998931884766,35.3603630065918,350400,0.0
2011-04-29,41.1150016784668,41.290000915527344,40.9900016784668,41.084999084472656,35.43798828125,392000,0.0
2011-05-02,41.279998779296875,41.279998779296875,40.744998931884766,40.81999969482422,35.209407806396484,424000,0.0
2011-05-03,40.70500183105469,40.779998779296875,39.970001220703125,40.23500061035156,34.7048225402832,398000,0.0
2011-05-04,40.26499938964844,40.34000015258789,39.619998931884766,39.81999969482422,34.34684371948242,284000,0.0
2011-05-05,39.470001220703125,40.279998779296875,39.3849983215332,39.709999084472656,34.251976013183594,336200,0.0
2011-05-06,40.154998779296875,40.42499923706055,39.775001525878906,39.93000030517578,34.441734313964844,473400,0.0
2011-05-09,39.8849983215332,40.41999816894531,39.80500030517578,40.32500076293945,34.78245162963867,352000,0.0
2011-05-10,40.59000015258789,41.029998779296875,40.560001373291016,41.02000045776367,35.38192367553711,529200,0.0
2011-05-11,40.869998931884766,40.96500015258789,40.20500183105469,40.439998626708984,34.88161849975586,346200,0.0
2011-05-12,40.189998626708984,40.939998626708984,40.040000915527344,40.83000183105469,35.21804428100586,264000,0.0
2011-05-13,40.81999969482422,40.939998626708984,40.279998779296875,40.375,34.8255729675293,367000,0.0
2011-05-16,40.13999938964844,40.505001068115234,39.84000015258789,39.84000015258789,34.36409378051758,308200,0.0
2011-05-17,39.51499938964844,39.80500030517578,39.43000030517578,39.71500015258789,34.256282806396484,712200,0.0
2011-05-18,39.79499816894531,40.380001068115234,39.775001525878906,40.314998626708984,34.77381134033203,219400,0.0
2011-05-19,40.494998931884766,40.584999084472656,40.025001525878906,40.3650016784668,34.81693649291992,238600,0.0
2011-05-20,40.22999954223633,40.415000915527344,39.869998931884766,40.130001068115234,34.614234924316406,344600,0.0
2011-05-23,39.380001068115234,39.72999954223633,39.33000183105469,39.45000076293945,34.02770233154297,239000,0.0
2011-05-24,39.54499816894531,39.6349983215332,39.16999816894531,39.22999954223633,33.837955474853516,344800,0.0
2011-05-25,39.07500076293945,39.85499954223633,39.07500076293945,39.7400016784668,34.2778434753418,247000,0.0
2011-05-26,39.595001220703125,40.275001525878906,39.57500076293945,40.2599983215332,34.72637939453125,263600,0.0
2011-05-27,40.439998626708984,40.64500045776367,40.36000061035156,40.525001525878906,34.954952239990234,265800,0.0
2011-05-31,40.98500061035156,41.14500045776367,40.59000015258789,41.14500045776367,35.48972702026367,266000,0.0
2011-06-01,41.084999084472656,41.084999084472656,39.86000061035156,39.92499923706055,34.43741989135742,380600,0.0
2011-06-02,39.97999954223633,40.1349983215332,39.630001068115234,39.81999969482422,34.34684371948242,386800,0.0
2011-06-03,39.27000045776367,39.63999938964844,39.154998779296875,39.18000030517578,33.794822692871094,414600,0.0
2011-06-06,39.08000183105469,39.255001068115234,38.56999969482422,38.56999969482422,33.2686653137207,609200,0.0
2011-06-07,38.80500030517578,39.064998626708984,38.685001373291016,38.75,33.42390823364258,504600,0.0
2011-06-08,38.60499954223633,38.71500015258789,38.209999084472656,38.27000045776367,33.0098876953125,1973400,0.0
2011-06-09,38.349998474121094,38.744998931884766,38.244998931884766,38.540000915527344,33.24277877807617,1409400,0.0
2011-06-10,38.345001220703125,38.345001220703125,37.720001220703125,37.8849983215332,32.67780685424805,509600,0.0
2011-06-13,37.97999954223633,38.17499923706055,37.64500045776367,37.76499938964844,32.57429885864258,496200,0.0
2011-06-14,38.10499954223633,38.720001220703125,38.095001220703125,38.564998626708984,33.26433563232422,437200,0.0
2011-06-15,38.154998779296875,38.59000015258789,37.93000030517578,38.03499984741211,32.807193756103516,379600,0.0
2011-06-16,38.040000915527344,38.369998931884766,37.584999084472656,38.08000183105469,32.84601593017578,354200,0.0
2011-06-17,38.459999084472656,38.459999084472656,37.8650016784668,37.959999084472656,32.74251174926758,403600,0.0
2011-06-20,37.81999969482422,38.470001220703125,37.81999969482422,38.33000183105469,33.06163787841797,165200,0.0
2011-06-21,38.630001068115234,39.17499923706055,38.54499816894531,39.119998931884766,33.74306869506836,1589200,0.0
2011-06-22,38.96500015258789,39.32500076293945,38.82500076293945,38.84000015258789,33.50156784057617,244600,0.0
2011-06-23,38.314998626708984,38.97999954223633,37.9900016784668,38.935001373291016,33.623313903808594,265600,0.046
2011-06-24,39.03499984741211,39.10499954223633,38.540000915527344,38.70500183105469,33.42469787597656,423400,0.0
2011-06-27,38.64500045776367,39.08000183105469,38.474998474121094,39.005001068115234,33.68377685546875,274000,0.0
2011-06-28,39.185001373291016,39.68000030517578,39.02000045776367,39.68000030517578,34.26667785644531,417000,0.0
2011-06-29,39.86000061035156,39.95000076293945,39.505001068115234,39.82500076293945,34.391902923583984,646400,0.0
2011-06-30,39.95500183105469,40.28499984741211,39.92499923706055,40.20000076293945,34.715721130371094,412200,0.0
2011-07-01,40.17499923706055,40.8849983215332,40.07500076293945,40.834999084472656,35.26411056518555,1072400,0.0
2011-07-05,40.79999923706055,41.13999938964844,40.7599983215332,41.084999084472656,35.48000717163086,639200,0.0
2011-07-06,41.040000915527344,41.21500015258789,40.8650016784668,41.130001068115234,35.51887130737305,311600,0.0
2011-07-07,41.625,41.875,41.42499923706055,41.709999084472656,36.019744873046875,567000,0.0
2011-07-08,41.2400016784668,41.494998931884766,41.04999923706055,41.46500015258789,35.80815505981445,625800,0.0
2011-07-11,40.86000061035156,41.20500183105469,40.51499938964844,40.625,35.08275604248047,330400,0.0
2011-07-12,40.40999984741211,40.814998626708984,40.314998626708984,40.404998779296875,34.89276885986328,667600,0.0
2011-07-13,40.650001525878906,41.125,40.59000015258789,40.755001068115234,35.195037841796875,185600,0.0
2011-07-14,40.79499816894531,41.0099983215332,40.0,40.06999969482422,34.603458404541016,220400,0.0
2011-07-15,40.255001068115234,40.310001373291016,39.994998931884766,40.28499984741211,34.78914260864258,366800,0.0
2011-07-18,40.185001373291016,40.23500061035156,39.5,39.79999923706055,34.37030792236328,282000,0.0
2011-07-19,40.13999938964844,40.810001373291016,40.099998474121094,40.755001068115234,35.195037841796875,296400,0.0
2011-07-20,40.80500030517578,40.8849983215332,40.314998626708984,40.56999969482422,35.035274505615234,441600,0.0
2011-07-21,40.72999954223633,41.03499984741211,40.55500030517578,40.845001220703125,35.272727966308594,307600,0.0
2011-07-22,40.779998779296875,41.029998779296875,40.60499954223633,40.88999938964844,35.31159973144531,252200,0.0
2011-07-25,40.3650016784668,40.79499816894531,40.25,40.47999954223633,34.95752716064453,391000,0.0
2011-07-26,40.31999969482422,40.470001220703125,40.029998779296875,40.10499954223633,34.63370132446289,410000,0.0
2011-07-27,39.814998626708984,39.814998626708984,38.810001373291016,38.88999938964844,33.58445358276367,683800,0.0
2011-07-28,38.775001525878906,39.380001068115234,38.70500183105469,38.77000045776367,33.4808235168457,511000,0.0
2011-07-29,38.28499984741211,38.98500061035156,37.94499969482422,38.79499816894531,33.50240707397461,918000,0.0
2011-08-01,39.30500030517578,39.474998474121094,38.099998474121094,38.46500015258789,33.21742630004883,990400,0.0
2011-08-02,38.20000076293945,38.68000030517578,37.29499816894531,37.349998474121094,32.25454330444336,729400,0.0
2011-08-03,37.22999954223633,37.63999938964844,36.404998779296875,37.61000061035156,32.47908401489258,1552400,0.0
2011-08-04,37.040000915527344,37.125,35.529998779296875,35.529998779296875,30.682842254638672,1069000,0.0
2011-08-05,35.849998474121094,35.98500061035156,34.11000061035156,34.98500061035156,30.212190628051758,1241000,0.0
2011-08-08,33.775001525878906,34.654998779296875,32.08000183105469,32.084999084472656,27.707820892333984,1816000,0.0
2011-08-09,32.94499969482422,34.130001068115234,31.344999313354492,34.040000915527344,29.396106719970703,1003800,0.0
2011-08-10,33.095001220703125,33.91999816894531,32.56999969482422,32.599998474121094,28.152557373046875,808600,0.0
2011-08-11,32.89500045776367,34.76499938964844,32.68000030517578,34.27000045776367,29.594728469848633,715600,0.0
2011-08-12,34.584999084472656,34.8650016784668,34.0,34.60499954223633,29.884016036987305,622600,0.0
2011-08-15,34.915000915527344,35.54999923706055,34.84000015258789,35.525001525878906,30.678525924682617,510200,0.0
2011-08-16,34.994998931884766,35.244998931884766,34.45500183105469,34.834999084472656,30.082653045654297,982800,0.0
2011-08-17,35.0099983215332,35.2599983215332,34.35499954223633,34.689998626708984,29.957427978515625,339600,0.0
2011-08-18,33.58000183105469,33.58000183105469,32.5099983215332,32.76499938964844,28.29505157470703,679000,0.0
2011-08-19,32.03499984741211,33.23500061035156,31.889999389648438,32.224998474121094,27.828712463378906,549600,0.0
2011-08-22,33.11000061035156,33.11000061035156,31.93000030517578,32.220001220703125,27.824398040771484,511600,0.0
2011-08-23,32.33000183105469,33.92499923706055,32.10499954223633,33.880001068115234,29.257936477661133,324400,0.0
2011-08-24,33.8650016784668,34.540000915527344,33.505001068115234,34.23500061035156,29.56450653076172,255400,0.0
2011-08-25,34.584999084472656,34.720001220703125,33.279998779296875,33.369998931884766,28.817523956298828,406800,0.0
2011-08-26,33.19499969482422,34.23500061035156,32.69499969482422,34.16999816894531,29.508380889892578,218000,0.0
2011-08-29,34.73500061035156,35.68000030517578,34.709999084472656,35.650001525878906,30.786466598510742,328400,0.0
2011-08-30,35.48500061035156,36.1349983215332,35.10499954223633,35.869998931884766,30.976442337036133,815200,0.0
2011-08-31,36.05500030517578,36.459999084472656,35.46500015258789,35.81999969482422,30.93327522277832,331800,0.0
2011-09-01,35.915000915527344,36.310001373291016,35.0,35.20500183105469,30.40217399597168,402800,0.0
2011-09-02,34.400001525878906,34.80500030517578,33.8650016784668,33.9900016784668,29.35292625427246,723200,0.0
2011-09-06,32.83000183105469,34.02000045776367,32.83000183105469,34.005001068115234,29.365890502929688,410000,0.0
2011-09-07,34.6150016784668,35.25,34.439998626708984,35.21500015258789,30.410802841186523,196600,0.0
2011-09-08,34.92499923706055,35.47999954223633,34.474998474121094,34.630001068115234,29.905616760253906,300600,0.0
2011-09-09,34.189998626708984,34.404998779296875,33.244998931884766,33.59000015258789,29.007511138916016,217000,0.0
2011-09-12,33.10499954223633,33.79499816894531,32.849998474121094,33.77000045776367,29.162940979003906,345800,0.0
2011-09-13,33.970001220703125,34.459999084472656,33.720001220703125,34.349998474121094,29.663820266723633,379200,0.0
2011-09-14,34.65999984741211,35.39500045776367,34.01499938964844,34.904998779296875,30.143096923828125,653800,0.0
2011-09-15,35.26499938964844,35.36000061035156,34.64500045776367,35.34000015258789,30.518754959106445,351200,0.0
2011-09-16,35.34000015258789,35.650001525878906,35.10499954223633,35.345001220703125,30.52308464050293,399400,0.0
2011-09-19,34.625,35.26499938964844,34.39500045776367,34.89500045776367,30.134471893310547,370000,0.0
2011-09-20,34.970001220703125,35.29499816894531,34.275001525878906,34.28499984741211,29.607683181762695,219400,0.0
2011-09-21,34.20000076293945,34.560001373291016,33.15999984741211,33.18000030517578,28.6534366607666,199200,0.0
2011-09-22,32.119998931884766,32.880001068115234,31.770000457763672,32.30500030517578,27.89781379699707,538800,0.0
2011-09-23,32.154998779296875,32.834999084472656,32.119998931884766,32.744998931884766,28.27777099609375,491200,0.0
2011-09-26,33.01499938964844,33.34000015258789,32.30500030517578,33.29499816894531,28.8064022064209,254000,0.061
2011-09-27,34.005001068115234,34.724998474121094,33.76499938964844,34.0099983215332,29.425025939941406,382000,0.0
2011-09-28,34.01499938964844,34.20000076293945,32.775001525878906,32.81999969482422,28.395448684692383,390200,0.0
2011-09-29,33.415000915527344,33.650001525878906,32.2599983215332,33.20500183105469,28.728548049926758,385000,0.0
2011-09-30,32.58000183105469,33.19499969482422,32.224998474121094,32.22999954223633,27.88498306274414,922000,0.0
2011-10-03,31.94499969482422,32.505001068115234,30.614999771118164,30.6200008392334,26.492040634155273,2143400,0.0
2011-10-04,30.2450008392334,32.625,30.1299991607666,32.56999969482422,28.179140090942383,867800,0.0
2011-10-05,32.64500045776367,33.209999084472656,32.20000076293945,32.97999954223633,28.53388214111328,390600,0.0
2011-10-06,32.849998474121094,33.869998931884766,32.849998474121094,33.81999969482422,29.260644912719727,278000,0.0
2011-10-07,33.875,34.029998779296875,32.939998626708984,33.06999969482422,28.611743927001953,825800,0.0
2011-10-10,33.599998474121094,34.400001525878906,33.599998474121094,34.400001525878906,29.762439727783203,322000,0.0
2011-10-11,34.18000030517578,34.65999984741211,34.005001068115234,34.58000183105469,29.918182373046875,321800,0.0
2011-10-12,34.79999923706055,35.26499938964844,34.76499938964844,34.95500183105469,30.242637634277344,198400,0.0
2011-10-13,34.689998626708984,35.209999084472656,34.529998779296875,35.02000045776367,30.298858642578125,201600,0.0
2011-10-14,35.45500183105469,35.72999954223633,35.10499954223633,35.650001525878906,30.843923568725586,228000,0.0
2011-10-17,35.349998474121094,35.3849983215332,34.474998474121094,34.630001068115234,29.96143341064453,302400,0.0
2011-10-18,34.6150016784668,35.404998779296875,33.880001068115234,35.224998474121094,30.47622299194336,271400,0.0
2011-10-19,35.095001220703125,35.314998626708984,34.404998779296875,34.54999923706055,29.8922119140625,185600,0.0
2011-10-20,34.78499984741211,34.78499984741211,33.814998626708984,34.650001525878906,29.97873878479004,132800,0.0
2011-10-21,35.06999969482422,35.40999984741211,34.904998779296875,35.404998779296875,30.6319522857666,142200,0.0
2011-10-24,35.65999984741211,36.78499984741211,35.59000015258789,36.70000076293945,31.752391815185547,333400,0.0
2011-10-25,36.29499816894531,36.400001525878906,35.595001220703125,35.70500183105469,30.891498565673828,307400,0.0
2011-10-26,36.244998931884766,36.415000915527344,35.279998779296875,36.25,31.363035202026367,443800,0.0
2011-10-27,37.54999923706055,38.20500183105469,37.150001525878906,37.97999954223633,32.85981750488281,493400,0.0
2011-10-28,37.744998931884766,38.19499969482422,37.67499923706055,37.84000015258789,32.73870086669922,426400,0.0
2011-10-31,37.28499984741211,37.54499816894531,36.93000030517578,36.93000030517578,31.951356887817383,291000,0.0
2011-11-01,35.619998931884766,36.439998626708984,35.255001068115234,35.81999969482422,30.991004943847656,357000,0.0
2011-11-02,36.369998931884766,36.650001525878906,36.025001525878906,36.6150016784668,31.67881965637207,198800,0.0
2011-11-03,37.154998779296875,37.48500061035156,36.1349983215332,37.43000030517578,32.383968353271484,189600,0.0
2011-11-04,37.0099983215332,37.345001220703125,36.7400016784668,37.26499938964844,32.24119567871094,277000,0.0
2011-11-07,37.310001373291016,37.36000061035156,36.525001525878906,37.22999954223633,32.21091079711914,297000,0.0
2011-11-08,37.54999923706055,37.7599983215332,36.814998626708984,37.70500183105469,32.621891021728516,248000,0.0
2011-11-09,36.70000076293945,36.994998931884766,36.07500076293945,36.1349983215332,31.263545989990234,339400,0.0
2011-11-10,36.64500045776367,36.70000076293945,35.86000061035156,36.29499816894531,31.4019775390625,247000,0.0
2011-11-11,36.7599983215332,37.3650016784668,36.689998626708984,37.255001068115234,32.23255157470703,189400,0.0
2011-11-14,37.1150016784668,37.209999084472656,36.61000061035156,36.810001373291016,31.847545623779297,140800,0.0
2011-11-15,36.61000061035156,37.435001373291016,36.45000076293945,37.279998779296875,32.254173278808594,192800,0.0
2011-11-16,36.849998474121094,37.4900016784668,36.54999923706055,36.619998931884766,31.683162689208984,224200,0.0
2011-11-17,36.54999923706055,36.79499816894531,35.970001220703125,36.14500045776367,31.272188186645508,601800,0.0
2011-11-18,36.29499816894531,36.33000183105469,35.91999816894531,36.10499954223633,31.237581253051758,206200,0.0
2011-11-21,35.380001068115234,35.564998626708984,35.095001220703125,35.3650016784668,30.597354888916016,721200,0.0
2011-11-22,35.35499954223633,35.60499954223633,35.01499938964844,35.20000076293945,30.45458984375,629400,0.0
2011-11-23,34.91999816894531,34.91999816894531,34.189998626708984,34.20500183105469,29.59372901916504,728200,0.0
2011-11-25,34.005001068115234,34.400001525878906,33.744998931884766,33.744998931884766,29.19573974609375,213600,0.0
2011-11-28,34.95000076293945,35.375,34.89500045776367,35.30500030517578,30.545440673828125,455000,0.0
2011-11-29,35.34000015258789,35.470001220703125,35.0,35.2400016784668,30.48918914794922,233000,0.0
2011-11-30,36.54499816894531,37.150001525878906,36.5,37.150001525878906,32.14170455932617,323800,0.0
2011-12-01,37.025001525878906,37.35499954223633,36.81999969482422,36.935001373291016,31.955703735351562,242800,0.0
2011-12-02,37.42499923706055,37.60499954223633,36.96500015258789,36.994998931884766,32.00760269165039,184200,0.0
2011-12-05,37.630001068115234,37.810001373291016,37.275001525878906,37.505001068115234,32.448856353759766,307000,0.0
2011-12-06,37.505001068115234,37.685001373291016,37.16999816894531,37.415000915527344,32.37097930908203,280000,0.0
2011-12-07,37.154998779296875,37.56999969482422,36.685001373291016,37.40999984741211,32.36665725708008,343000,0.0
2011-12-08,37.005001068115234,37.244998931884766,36.375,36.40999984741211,31.501474380493164,417800,0.0
2011-12-09,36.45000076293945,37.72999954223633,36.45000076293945,37.55500030517578,32.49210739135742,641200,0.0
2011-12-12,37.03499984741211,37.064998626708984,36.625,37.04499816894531,32.05085754394531,290000,0.0
2011-12-13,37.380001068115234,37.54499816894531,36.255001068115234,36.3849983215332,31.47983169555664,507000,0.0
2011-12-14,36.01499938964844,36.22999954223633,35.70500183105469,35.85499954223633,31.021276473999023,280400,0.0
2011-12-15,36.375,36.375,35.974998474121094,36.255001068115234,31.367366790771484,204000,0.0
2011-12-16,36.494998931884766,37.0099983215332,36.31999969482422,36.560001373291016,31.63126564025879,203000,0.0
2011-12-19,36.97999954223633,37.07500076293945,36.03499984741211,36.095001220703125,31.22894287109375,367800,0.0
2011-12-20,36.85499954223633,37.44499969482422,36.85499954223633,37.39500045776367,32.35368347167969,232400,0.0
2011-12-21,37.275001525878906,37.48500061035156,36.73500061035156,37.404998779296875,32.362327575683594,948600,0.0
2011-12-22,37.564998626708984,37.69499969482422,37.35499954223633,37.474998474121094,32.499786376953125,307200,0.0885
2011-12-23,37.55500030517578,37.68000030517578,37.38999938964844,37.60499954223633,32.61252975463867,497400,0.0
2011-12-27,37.494998931884766,38.04499816894531,37.45000076293945,37.89500045776367,32.86402893066406,476800,0.0
2011-12-28,37.880001068115234,37.97999954223633,37.130001068115234,37.150001525878906,32.217933654785156,356600,0.0
2011-12-29,37.29999923706055,37.654998779296875,37.224998474121094,37.56999969482422,32.582191467285156,215000,0.0
2011-12-30,37.564998626708984,37.685001373291016,37.23500061035156,37.23500061035156,32.29165267944336,274600,0.0
2012-01-03,38.130001068115234,38.25,37.505001068115234,37.55500030517578,32.56916809082031,1933400,0.0
2012-01-04,37.38999938964844,37.540000915527344,37.119998931884766,37.275001525878906,32.32634353637695,1094200,0.0
2012-01-05,37.0,37.6349983215332,36.72999954223633,37.5099983215332,32.53013610839844,529400,0.0
2012-01-06,37.54999923706055,37.71500015258789,37.22999954223633,37.459999084472656,32.48678207397461,502000,0.0
2012-01-09,37.650001525878906,37.650001525878906,37.25,37.58000183105469,32.590843200683594,481400,0.0
2012-01-10,38.064998626708984,38.15999984741211,37.90999984741211,38.04999923706055,32.99845504760742,163600,0.0
2012-01-11,37.90999984741211,38.189998626708984,37.880001068115234,38.154998779296875,33.08951950073242,239400,0.0
2012-01-12,38.25,38.28499984741211,37.904998779296875,38.244998931884766,33.16756820678711,417800,0.0
2012-01-13,37.900001525878906,38.060001373291016,37.724998474121094,37.97999954223633,32.937747955322266,205800,0.0
2012-01-17,38.39500045776367,38.46500015258789,38.05500030517578,38.099998474121094,33.041805267333984,170000,0.0
2012-01-18,38.11000061035156,38.67499923706055,38.02000045776367,38.67499923706055,33.540462493896484,307400,0.0
2012-01-19,38.8849983215332,38.994998931884766,38.65999984741211,38.90999984741211,33.7442741394043,308800,0.0
2012-01-20,38.814998626708984,38.970001220703125,38.77000045776367,38.875,33.71391296386719,187000,0.0
2012-01-23,38.875,39.095001220703125,38.5,38.76499938964844,33.6185302734375,202800,0.0
2012-01-24,38.54499816894531,39.08000183105469,38.44499969482422,39.025001525878906,33.84400939941406,191000,0.0
2012-01-25,39.005001068115234,39.35499954223633,38.84000015258789,39.220001220703125,34.013126373291016,330600,0.0
2012-01-26,39.459999084472656,39.46500015258789,39.029998779296875,39.15999984741211,33.96108627319336,291200,0.0
2012-01-27,39.04499816894531,39.45500183105469,39.04499816894531,39.415000915527344,34.18223571777344,185800,0.0
2012-01-30,39.119998931884766,39.25,38.90999984741211,39.06999969482422,33.88304138183594,280600,0.0
2012-01-31,39.334999084472656,39.375,38.95500183105469,39.209999084472656,34.00445556640625,229200,0.0
2012-02-01,39.43000030517578,40.040000915527344,39.36000061035156,39.935001373291016,34.633209228515625,416600,0.0
2012-02-02,40.08000183105469,40.349998474121094,40.029998779296875,40.14500045776367,34.8153190612793,706600,0.0
2012-02-03,40.76499938964844,41.13999938964844,40.689998626708984,41.01499938964844,35.5698127746582,730400,0.0
2012-02-06,40.83000183105469,40.91999816894531,40.66999816894531,40.790000915527344,35.37468338012695,552800,0.0
2012-02-07,40.83000183105469,40.994998931884766,40.599998474121094,40.810001373291016,35.39202880859375,247800,0.0
2012-02-08,40.90999984741211,41.040000915527344,40.494998931884766,40.849998474121094,35.42672348022461,156400,0.0
2012-02-09,40.91999816894531,40.935001373291016,40.42499923706055,40.650001525878906,35.253273010253906,187200,0.0
2012-02-10,40.2400016784668,40.275001525878906,40.04999923706055,40.150001525878906,34.81965255737305,268600,0.0
2012-02-13,40.529998779296875,40.650001525878906,40.30500030517578,40.57500076293945,35.188236236572266,201200,0.0
2012-02-14,40.43000030517578,40.48500061035156,40.189998626708984,40.474998474121094,35.101505279541016,226800,0.0
2012-02-15,40.654998779296875,40.654998779296875,40.040000915527344,40.18000030517578,34.8456916809082,205600,0.0
2012-02-16,40.165000915527344,40.900001525878906,40.165000915527344,40.8849983215332,35.457069396972656,480800,0.0
2012-02-17,41.06999969482422,41.07500076293945,40.82500076293945,40.869998931884766,35.444061279296875,150600,0.0
2012-02-21,40.939998626708984,41.02000045776367,40.44499969482422,40.60499954223633,35.214237213134766,149800,0.0
2012-02-22,40.52000045776367,40.72999954223633,40.375,40.48500061035156,35.11017990112305,183000,0.0
2012-02-23,40.47999954223633,41.005001068115234,40.314998626708984,40.959999084472656,35.522117614746094,178800,0.0
2012-02-24,40.98500061035156,41.025001525878906,40.790000915527344,40.849998474121094,35.42672348022461,233200,0.0
2012-02-27,40.494998931884766,41.05500030517578,40.224998474121094,40.83000183105469,35.40938949584961,272600,0.0
2012-02-28,40.834999084472656,41.1349983215332,40.55500030517578,40.7599983215332,35.34868240356445,703000,0.0
2012-02-29,40.89500045776367,41.040000915527344,40.20500183105469,40.21500015258789,34.87602996826172,403000,0.0
2012-03-01,40.334999084472656,40.86000061035156,40.334999084472656,40.505001068115234,35.12751388549805,316000,0.0
2012-03-02,40.45500183105469,40.560001373291016,39.70500183105469,39.904998779296875,34.60718536376953,300800,0.0
2012-03-05,39.75,40.01499938964844,39.564998626708984,39.974998474121094,34.667884826660156,713200,0.0
2012-03-06,39.54999923706055,39.65999984741211,39.189998626708984,39.29499816894531,34.07815170288086,324800,0.0
2012-03-07,39.3849983215332,39.6150016784668,39.279998779296875,39.56999969482422,34.3166618347168,308800,0.0
2012-03-08,39.790000915527344,40.1349983215332,39.54999923706055,40.07500076293945,34.754608154296875,167200,0.0
2012-03-09,40.084999084472656,40.77000045776367,40.04499816894531,40.55500030517578,35.17089080810547,242400,0.0
2012-03-12,40.654998779296875,40.7400016784668,40.400001525878906,40.57500076293945,35.188236236572266,419800,0.0
2012-03-13,40.86000061035156,41.31999969482422,40.724998474121094,41.31999969482422,35.834320068359375,505200,0.0
2012-03-14,41.29999923706055,41.375,40.81999969482422,40.97999954223633,35.53946304321289,157600,0.0
2012-03-15,40.939998626708984,41.290000915527344,40.814998626708984,41.26499938964844,35.786624908447266,168800,0.0
2012-03-16,41.30500030517578,41.314998626708984,41.04999923706055,41.09000015258789,35.63487243652344,133400,0.0
2012-03-19,41.029998779296875,41.689998626708984,40.98500061035156,41.415000915527344,35.91671371459961,134800,0.0
2012-03-20,41.17499923706055,41.224998474121094,40.89500045776367,41.09000015258789,35.63487243652344,200200,0.0
2012-03-21,41.17499923706055,41.34000015258789,40.974998474121094,41.10499954223633,35.64786911010742,172000,0.0
2012-03-22,40.76499938964844,40.915000915527344,40.61000061035156,40.83000183105469,35.40938949584961,145600,0.0
2012-03-23,40.8650016784668,41.255001068115234,40.58000183105469,41.209999084472656,35.738922119140625,397800,0.0
2012-03-26,41.53499984741211,42.0,41.494998931884766,41.96500015258789,36.49954605102539,276800,0.1195
2012-03-27,42.029998779296875,42.05500030517578,41.69499969482422,41.70000076293945,36.26904296875,201600,0.0
2012-03-28,41.665000915527344,41.76499938964844,41.15999984741211,41.47999954223633,36.07770538330078,189200,0.0
2012-03-29,41.25,41.435001373291016,40.935001373291016,41.35499954223633,35.96897506713867,228200,0.0
2012-03-30,41.599998474121094,41.599998474121094,41.154998779296875,41.29499816894531,35.91679000854492,131200,0.0
2012-04-02,41.165000915527344,41.76499938964844,41.040000915527344,41.744998931884766,36.30816650390625,2481800,0.0
2012-04-03,41.65999984741211,41.834999084472656,41.38999938964844,41.55500030517578,36.1429328918457,341400,0.0
2012-04-04,41.150001525878906,41.15999984741211,40.709999084472656,40.939998626708984,35.6080207824707,435000,0.0
2012-04-05,40.77000045776367,40.970001220703125,40.73500061035156,40.8650016784668,35.542789459228516,254600,0.0
2012-04-09,40.14500045776367,40.38999938964844,40.03499984741211,40.244998931884766,35.00353240966797,258200,0.0
2012-04-10,40.06999969482422,40.11000061035156,39.26499938964844,39.34000015258789,34.21641540527344,374200,0.0
2012-04-11,39.630001068115234,39.83000183105469,39.58000183105469,39.81999969482422,34.633880615234375,282000,0.0
2012-04-12,39.869998931884766,40.474998474121094,39.82500076293945,40.36000061035156,35.10356140136719,296400,0.0
2012-04-13,40.209999084472656,40.2599983215332,39.915000915527344,39.959999084472656,34.75565719604492,153600,0.0
2012-04-16,40.15999984741211,40.2400016784668,39.67499923706055,40.005001068115234,34.79479217529297,356200,0.0
2012-04-17,40.345001220703125,40.904998779296875,40.21500015258789,40.59000015258789,35.30361557006836,154200,0.0
2012-04-18,40.369998931884766,40.48500061035156,40.13999938964844,40.369998931884766,35.112274169921875,266800,0.0
2012-04-19,40.400001525878906,40.71500015258789,39.875,40.11000061035156,34.88612747192383,296600,0.0
2012-04-20,40.33000183105469,40.595001220703125,40.125,40.21500015258789,34.977447509765625,167600,0.0
2012-04-23,39.689998626708984,39.814998626708984,39.25,39.654998779296875,34.49040222167969,307400,0.0
2012-04-24,39.67499923706055,40.029998779296875,39.599998474121094,39.82500076293945,34.63823699951172,157600,0.0
2012-04-25,40.310001373291016,40.6150016784668,40.279998779296875,40.474998474121094,35.203582763671875,209000,0.0
2012-04-26,40.44499969482422,41.029998779296875,40.44499969482422,40.939998626708984,35.6080207824707,154800,0.0
2012-04-27,41.005001068115234,41.40999984741211,40.70500183105469,41.334999084472656,35.95157241821289,625400,0.0
2012-04-30,41.33000183105469,41.33000183105469,40.939998626708984,40.94499969482422,35.61237335205078,190000,0.0
2012-05-01,41.060001373291016,41.72999954223633,40.959999084472656,41.095001220703125,35.74284744262695,229000,0.0
2012-05-02,40.84000015258789,41.3849983215332,40.709999084472656,41.35499954223633,35.96897506713867,234000,0.0
2012-05-03,41.29499816894531,41.30500030517578,40.63999938964844,40.80500030517578,35.49060821533203,493800,0.0
2012-05-04,40.63999938964844,40.654998779296875,40.084999084472656,40.1349983215332,34.90786361694336,202800,0.0
2012-05-07,39.92499923706055,40.30500030517578,39.900001525878906,40.15999984741211,34.929622650146484,629400,0.0
2012-05-08,39.85499954223633,40.165000915527344,39.54499816894531,40.130001068115234,34.90351486206055,247600,0.0
2012-05-09,39.630001068115234,40.18000030517578,39.61000061035156,39.95500183105469,34.75131607055664,310000,0.0
2012-05-10,40.21500015258789,40.31999969482422,39.8650016784668,40.06999969482422,34.85132598876953,699800,0.0
2012-05-11,39.70000076293945,40.30500030517578,39.70000076293945,40.07500076293945,34.855674743652344,222000,0.0
2012-05-14,39.70000076293945,39.904998779296875,39.44499969482422,39.56999969482422,34.41645431518555,181400,0.0
2012-05-15,39.529998779296875,39.994998931884766,39.5099983215332,39.6150016784668,34.45559310913086,372000,0.0
2012-05-16,39.73500061035156,39.875,39.349998474121094,39.38999938964844,34.259883880615234,114200,0.0
2012-05-17,39.43000030517578,39.439998626708984,38.53499984741211,38.53499984741211,33.516239166259766,534000,0.0
2012-05-18,38.57500076293945,38.77000045776367,38.119998931884766,38.224998474121094,33.24662780761719,375600,0.0
2012-05-21,38.35499954223633,38.94499969482422,38.0,38.904998779296875,33.83805847167969,587600,0.0
2012-05-22,38.94499969482422,39.14500045776367,38.55500030517578,38.790000915527344,33.738040924072266,160000,0.0
2012-05-23,38.400001525878906,38.974998474121094,38.154998779296875,38.93000030517578,33.85980987548828,446000,0.0
2012-05-24,38.900001525878906,39.06999969482422,38.5099983215332,38.94499969482422,33.87283706665039,208800,0.0
2012-05-25,38.96500015258789,39.10499954223633,38.83000183105469,39.0,33.92069625854492,54000,0.0
2012-05-29,39.345001220703125,39.60499954223633,39.04999923706055,39.459999084472656,34.32077407836914,112200,0.0
2012-05-30,39.095001220703125,39.1150016784668,38.77000045776367,38.814998626708984,33.759769439697266,442800,0.0
2012-05-31,38.790000915527344,38.93000030517578,38.32500076293945,38.755001068115234,33.70759582519531,124400,0.0
2012-06-01,38.0,38.165000915527344,37.6349983215332,37.68000030517578,32.772613525390625,233200,0.0
2012-06-04,37.744998931884766,37.904998779296875,37.36000061035156,37.72999954223633,32.81611251831055,346000,0.0
2012-06-05,37.525001525878906,38.165000915527344,37.45000076293945,38.1349983215332,33.1683464050293,326400,0.0
2012-06-06,38.41999816894531,39.02000045776367,38.36000061035156,38.98500061035156,33.90764236450195,478200,0.0
2012-06-07,39.584999084472656,39.619998931884766,38.75,38.775001525878906,33.72499084472656,389200,0.0
2012-06-08,38.65999984741211,39.185001373291016,38.4900016784668,39.1349983215332,34.03810119628906,276200,0.0
2012-06-11,39.595001220703125,39.595001220703125,38.255001068115234,38.314998626708984,33.32490539550781,273800,0.0
2012-06-12,38.41999816894531,38.779998779296875,38.150001525878906,38.73500061035156,33.6901969909668,506200,0.0
2012-06-13,38.70000076293945,38.83000183105469,38.099998474121094,38.2599983215332,33.27705764770508,155600,0.0
2012-06-14,38.275001525878906,38.724998474121094,38.18000030517578,38.59000015258789,33.564090728759766,127000,0.0
2012-06-15,38.689998626708984,39.099998474121094,38.55500030517578,39.060001373291016,33.972877502441406,108600,0.0
2012-06-18,38.81999969482422,39.334999084472656,38.709999084472656,39.18000030517578,34.07725524902344,186000,0.0
2012-06-19,39.27000045776367,39.900001525878906,39.255001068115234,39.685001373291016,34.60037612915039,201600,0.095
2012-06-20,39.67499923706055,39.86000061035156,39.404998779296875,39.54999923706055,34.48265838623047,229800,0.0
2012-06-21,39.46500015258789,39.54499816894531,38.529998779296875,38.59000015258789,33.64566421508789,184600,0.0
2012-06-22,38.76499938964844,39.150001525878906,38.650001525878906,39.05500030517578,34.051090240478516,119400,0.0
2012-06-25,38.42499923706055,38.709999084472656,38.40999984741211,38.55500030517578,33.61514663696289,515400,0.0
2012-06-26,38.58000183105469,38.814998626708984,38.400001525878906,38.685001373291016,33.728492736816406,118400,0.0
2012-06-27,38.76499938964844,39.165000915527344,38.76499938964844,39.1349983215332,34.1208381652832,158000,0.0
2012-06-28,38.880001068115234,39.125,38.55500030517578,39.09000015258789,34.081607818603516,308800,0.0
2012-06-29,39.970001220703125,40.3650016784668,39.72999954223633,40.3650016784668,35.193260192871094,344600,0.0
2012-07-02,40.595001220703125,40.650001525878906,39.904998779296875,40.474998474121094,35.289154052734375,1308800,0.0
2012-07-03,40.54499816894531,40.95500183105469,40.470001220703125,40.95500183105469,35.70763397216797,385600,0.0
2012-07-05,40.939998626708984,41.10499954223633,40.72999954223633,40.959999084472656,35.71200942993164,553000,0.0
2012-07-06,40.54999923706055,40.630001068115234,40.224998474121094,40.404998779296875,35.22811508178711,225200,0.0
2012-07-09,40.334999084472656,40.47999954223633,40.165000915527344,40.35499954223633,35.18451690673828,490800,0.0
2012-07-10,40.599998474121094,40.65999984741211,39.755001068115234,39.85499954223633,34.748592376708984,252400,0.0
2012-07-11,39.880001068115234,39.98500061035156,39.470001220703125,39.69499969482422,34.60908889770508,143200,0.0
2012-07-12,39.32500076293945,39.845001220703125,39.1150016784668,39.685001373291016,34.60037612915039,165400,0.0
2012-07-13,39.8650016784668,40.279998779296875,39.86000061035156,40.185001373291016,35.03632736206055,1069200,0.0
2012-07-16,40.10499954223633,40.25,39.880001068115234,40.02000045776367,34.8924446105957,1037200,0.0
2012-07-17,40.2599983215332,40.334999084472656,39.69499969482422,40.07500076293945,34.940406799316406,230400,0.0
2012-07-18,40.04499816894531,40.59000015258789,40.04499816894531,40.42499923706055,35.24557113647461,214600,0.0
2012-07-19,40.599998474121094,40.665000915527344,40.31999969482422,40.48500061035156,35.297889709472656,155600,0.0
2012-07-20,40.20500183105469,40.43000030517578,39.935001373291016,40.005001068115234,34.87937545776367,107600,0.0
2012-07-23,39.28499984741211,39.63999938964844,39.130001068115234,39.494998931884766,34.434722900390625,230400,0.0
2012-07-24,39.59000015258789,39.599998474121094,38.834999084472656,39.03499984741211,34.033653259277344,627600,0.0
2012-07-25,39.25,39.415000915527344,39.005001068115234,39.185001373291016,34.16444778442383,630200,0.0
2012-07-26,39.75,39.79499816894531,39.2599983215332,39.5099983215332,34.44779968261719,169600,0.0
2012-07-27,39.665000915527344,40.45000076293945,39.44499969482422,40.26499938964844,35.106056213378906,295400,0.0
2012-07-30,40.28499984741211,40.41999816894531,39.880001068115234,39.95500183105469,34.835777282714844,173000,0.0
2012-07-31,39.8849983215332,40.255001068115234,39.78499984741211,39.78499984741211,34.68754577636719,1008400,0.0
2012-08-01,39.904998779296875,39.994998931884766,39.154998779296875,39.154998779296875,34.138282775878906,325400,0.0
2012-08-02,38.845001220703125,39.220001220703125,38.84000015258789,39.15999984741211,34.142642974853516,159000,0.0
2012-08-03,39.70000076293945,40.18000030517578,39.630001068115234,39.97999954223633,34.85757827758789,173400,0.0
2012-08-06,40.060001373291016,40.47999954223633,40.01499938964844,40.29499816894531,35.13221740722656,259000,0.0
2012-08-07,40.48500061035156,40.904998779296875,40.48500061035156,40.584999084472656,35.38506317138672,217400,0.0
2012-08-08,40.45500183105469,40.724998474121094,40.44499969482422,40.584999084472656,35.38506317138672,115200,0.0
2012-08-09,40.55500030517578,40.77000045776367,40.55500030517578,40.724998474121094,35.50712203979492,132400,0.0
2012-08-10,40.529998779296875,40.689998626708984,40.439998626708984,40.650001525878906,35.44172668457031,70000,0.0
2012-08-13,40.63999938964844,40.73500061035156,40.11000061035156,40.51499938964844,35.324031829833984,106000,0.0
2012-08-14,40.80500030517578,40.80500030517578,40.2400016784668,40.36000061035156,35.18886947631836,160200,0.0
2012-08-15,40.29499816894531,40.724998474121094,40.26499938964844,40.724998474121094,35.50712203979492,61200,0.0
2012-08-16,40.70000076293945,41.209999084472656,40.5099983215332,41.11000061035156,35.84280014038086,101000,0.0
2012-08-17,41.154998779296875,41.48500061035156,41.06999969482422,41.44499969482422,36.13486862182617,124400,0.0
2012-08-20,41.33000183105469,41.33000183105469,41.01499938964844,41.185001373291016,35.90818405151367,116600,0.0
2012-08-21,41.415000915527344,41.709999084472656,41.06999969482422,41.15999984741211,35.88640213012695,151400,0.0
2012-08-22,41.084999084472656,41.21500015258789,40.94499969482422,41.064998626708984,35.803565979003906,163200,0.0
2012-08-23,41.02000045776367,41.04499816894531,40.76499938964844,40.939998626708984,35.69457244873047,433600,0.0
2012-08-24,40.79999923706055,41.18000030517578,40.75,41.040000915527344,35.78176498413086,232600,0.0
2012-08-27,41.224998474121094,41.279998779296875,40.939998626708984,41.099998474121094,35.83406066894531,104600,0.0
2012-08-28,41.099998474121094,41.3650016784668,41.03499984741211,41.32500076293945,36.03026580810547,173000,0.0
2012-08-29,41.375,41.619998931884766,41.29499816894531,41.47999954223633,36.16539001464844,151600,0.0
2012-08-30,41.26499938964844,41.33000183105469,41.06999969482422,41.154998779296875,35.882022857666016,108400,0.0
2012-08-31,41.459999084472656,41.459999084472656,41.0,41.279998779296875,35.991004943847656,58200,0.0
2012-09-04,41.28499984741211,41.91999816894531,41.04999923706055,41.79499816894531,36.440025329589844,187600,0.0
2012-09-05,41.81999969482422,41.88999938964844,41.630001068115234,41.744998931884766,36.396427154541016,210200,0.0
2012-09-06,41.94499969482422,42.630001068115234,41.90999984741211,42.44499969482422,37.006736755371094,284600,0.0
2012-09-07,42.57500076293945,42.709999084472656,42.52000045776367,42.61000061035156,37.15060806274414,87600,0.0
2012-09-10,42.59000015258789,42.720001220703125,42.43000030517578,42.470001220703125,37.02854919433594,195400,0.0
2012-09-11,42.5,42.7599983215332,42.48500061035156,42.55500030517578,37.102638244628906,107200,0.0
2012-09-12,42.720001220703125,42.73500061035156,42.3849983215332,42.61000061035156,37.15060806274414,268200,0.0
2012-09-13,42.65999984741211,43.314998626708984,42.46500015258789,43.04499816894531,37.52988052368164,141400,0.0
2012-09-14,43.255001068115234,43.709999084472656,43.185001373291016,43.41999816894531,37.85681915283203,190800,0.0
2012-09-17,43.26499938964844,43.314998626708984,43.04499816894531,43.185001373291016,37.651947021484375,100000,0.0
2012-09-18,43.16999816894531,43.185001373291016,43.0,43.16999816894531,37.638858795166016,77800,0.0
2012-09-19,43.22999954223633,43.22999954223633,42.76499938964844,42.76499938964844,37.28574752807617,374800,0.0
2012-09-20,42.53499984741211,42.619998931884766,42.31999969482422,42.560001373291016,37.10701370239258,106200,0.0
2012-09-21,43.005001068115234,43.0099983215332,42.69499969482422,42.69499969482422,37.22471618652344,160600,0.0
2012-09-24,42.53499984741211,42.650001525878906,42.29999923706055,42.415000915527344,36.9806022644043,85800,0.0
2012-09-25,42.55500030517578,42.564998626708984,41.76499938964844,41.79999923706055,36.51929473876953,181200,0.087
2012-09-26,41.845001220703125,41.849998474121094,41.39500045776367,41.505001068115234,36.261558532714844,185200,0.0
2012-09-27,41.65999984741211,42.08000183105469,41.494998931884766,42.0,36.69402313232422,152000,0.0
2012-09-28,41.845001220703125,42.0099983215332,41.66999816894531,41.80500030517578,36.523681640625,178600,0.0
2012-10-01,41.974998474121094,42.224998474121094,41.70000076293945,41.8849983215332,36.59355926513672,209200,0.0
2012-10-02,42.04499816894531,42.04999923706055,41.70000076293945,41.8650016784668,36.57607650756836,141000,0.0
2012-10-03,41.915000915527344,42.02000045776367,41.59000015258789,41.7599983215332,36.48434829711914,139000,0.0
2012-10-04,41.904998779296875,41.935001373291016,41.46500015258789,41.904998779296875,36.611045837402344,175800,0.0
2012-10-05,42.125,42.33000183105469,41.70000076293945,41.7599983215332,36.48434829711914,356600,0.0
2012-10-08,41.56999969482422,41.70000076293945,41.494998931884766,41.564998626708984,36.313995361328125,254200,0.0
2012-10-09,41.540000915527344,41.57500076293945,41.0,41.0099983215332,35.82909393310547,139800,0.0
2012-10-10,41.08000183105469,41.130001068115234,40.88999938964844,41.0,35.82036209106445,173600,0.0
2012-10-11,41.28499984741211,41.41999816894531,41.005001068115234,41.06999969482422,35.88153839111328,140600,0.0
2012-10-12,41.04999923706055,41.20000076293945,40.72999954223633,40.82500076293945,35.667476654052734,63600,0.0
2012-10-15,40.93000030517578,41.099998474121094,40.71500015258789,41.08000183105469,35.890254974365234,257000,0.0
2012-10-16,41.255001068115234,41.46500015258789,41.224998474121094,41.415000915527344,36.18293380737305,78400,0.0
2012-10-17,41.58000183105469,41.84000015258789,41.5099983215332,41.75,36.47561264038086,86400,0.0
2012-10-18,41.665000915527344,41.76499938964844,41.47999954223633,41.54999923706055,36.30088806152344,213000,0.0
2012-10-19,41.244998931884766,41.244998931884766,40.665000915527344,40.849998474121094,35.6893196105957,152400,0.0
2012-10-22,40.76499938964844,40.880001068115234,40.61000061035156,40.775001525878906,35.62378692626953,639200,0.0
2012-10-23,40.470001220703125,40.755001068115234,40.244998931884766,40.69499969482422,35.55389404296875,108800,0.0
2012-10-24,40.84000015258789,40.84000015258789,40.3849983215332,40.46500015258789,35.35295104980469,174000,0.0
2012-10-25,40.810001373291016,40.93000030517578,40.42499923706055,40.6349983215332,35.501468658447266,281000,0.0
2012-10-26,40.599998474121094,40.78499984741211,40.21500015258789,40.525001525878906,35.4053840637207,134200,0.0
2012-10-31,40.525001525878906,40.875,40.5,40.875,35.711158752441406,113600,0.0
2012-11-01,40.93000030517578,41.3849983215332,40.8650016784668,41.30500030517578,36.08683776855469,246800,0.0
2012-11-02,41.494998931884766,41.494998931884766,40.71500015258789,40.71500015258789,35.57136917114258,145600,0.0
2012-11-05,40.70000076293945,41.02000045776367,40.59000015258789,40.974998474121094,35.798526763916016,146200,0.0
2012-11-06,41.119998931884766,41.44499969482422,41.095001220703125,41.33000183105469,36.108673095703125,100000,0.0
2012-11-07,40.869998931884766,40.875,40.32500076293945,40.540000915527344,35.41847610473633,262200,0.0
2012-11-08,40.41999816894531,40.54499816894531,39.95500183105469,39.95500183105469,34.90737533569336,111200,0.0
2012-11-09,39.77000045776367,40.23500061035156,39.755001068115234,39.92499923706055,34.881168365478516,401000,0.0
2012-11-12,40.09000015258789,40.099998474121094,39.814998626708984,39.915000915527344,34.872440338134766,96800,0.0
2012-11-13,39.67499923706055,40.0,39.625,39.689998626708984,34.67585754394531,132000,0.0
2012-11-14,39.78499984741211,39.80500030517578,38.959999084472656,39.03499984741211,34.103599548339844,246600,0.0
2012-11-15,38.92499923706055,39.025001525878906,38.435001373291016,38.73500061035156,33.841495513916016,302000,0.0
2012-11-16,38.720001220703125,39.11000061035156,38.435001373291016,39.03499984741211,34.103599548339844,182000,0.0
2012-11-19,39.439998626708984,39.790000915527344,39.39500045776367,39.755001068115234,34.73263168334961,165600,0.0
2012-11-20,39.72999954223633,39.875,39.57500076293945,39.875,34.83749008178711,122000,0.0
2012-11-21,39.98500061035156,40.029998779296875,39.80500030517578,40.0099983215332,34.9554328918457,182800,0.0
2012-11-23,40.14500045776367,40.39500045776367,40.1349983215332,40.29499816894531,35.20442199707031,39400,0.0
2012-11-26,40.244998931884766,40.560001373291016,40.23500061035156,40.560001373291016,35.435951232910156,228000,0.0
2012-11-27,40.51499938964844,40.76499938964844,40.5,40.54499816894531,35.422855377197266,95600,0.0
2012-11-28,40.375,40.810001373291016,40.10499954223633,40.80500030517578,35.65001678466797,83000,0.0
2012-11-29,41.099998474121094,41.28499984741211,40.939998626708984,41.220001220703125,36.0125617980957,140800,0.0
2012-11-30,41.28499984741211,41.290000915527344,40.92499923706055,41.06999969482422,35.88153839111328,76800,0.0
2012-12-03,41.34000015258789,41.34000015258789,40.915000915527344,41.040000915527344,35.855308532714844,170800,0.0
2012-12-04,41.040000915527344,41.14500045776367,40.744998931884766,41.06999969482422,35.88153839111328,308600,0.0
2012-12-05,41.16999816894531,41.18000030517578,40.69499969482422,40.96500015258789,35.789798736572266,148800,0.0
2012-12-06,40.95000076293945,41.119998931884766,40.80500030517578,41.04999923706055,35.864044189453125,80800,0.0
2012-12-07,41.165000915527344,41.20500183105469,40.869998931884766,41.03499984741211,35.8509407043457,57400,0.0
2012-12-10,41.064998626708984,41.21500015258789,40.974998474121094,41.09000015258789,35.89898681640625,123800,0.0
2012-12-11,41.375,41.56999969482422,41.29999923706055,41.5099983215332,36.26593017578125,154600,0.0
2012-12-12,41.625,41.65999984741211,41.20500183105469,41.23500061035156,36.02567672729492,159000,0.0
2012-12-13,41.30500030517578,41.404998779296875,40.88999938964844,41.0099983215332,35.82909393310547,139200,0.0
2012-12-14,40.8849983215332,41.08000183105469,40.810001373291016,40.935001373291016,35.76356506347656,152000,0.0
2012-12-17,41.06999969482422,41.415000915527344,41.0,41.415000915527344,36.18293380737305,110400,0.0
2012-12-18,41.53499984741211,42.084999084472656,41.439998626708984,42.06999969482422,36.75520706176758,371600,0.0
2012-12-19,41.849998474121094,42.0,41.689998626708984,41.78499984741211,36.758689880371094,164400,0.289
2012-12-20,41.775001525878906,42.0099983215332,41.67499923706055,41.939998626708984,36.89505386352539,253400,0.0
2012-12-21,41.349998474121094,41.869998931884766,41.349998474121094,41.869998931884766,36.83348846435547,226200,0.0
2012-12-24,41.790000915527344,41.875,41.65999984741211,41.75,36.727928161621094,156400,0.0
2012-12-26,41.8650016784668,41.8650016784668,41.375,41.43000030517578,36.4464111328125,153200,0.0
2012-12-27,41.42499923706055,41.53499984741211,40.86000061035156,41.404998779296875,36.42441940307617,214800,0.0
2012-12-28,41.154998779296875,41.5099983215332,41.154998779296875,41.17499923706055,36.22209167480469,176400,0.0
2012-12-31,41.19499969482422,42.084999084472656,41.084999084472656,42.02000045776367,36.965431213378906,240200,0.0
2013-01-02,43.220001220703125,43.224998474121094,42.904998779296875,43.17499923706055,37.98149490356445,709000,0.0
2013-01-03,43.2400016784668,43.44499969482422,43.04999923706055,43.18000030517578,37.98589324951172,327000,0.0
2013-01-04,43.32500076293945,43.5,43.20500183105469,43.39500045776367,38.1750373840332,229400,0.0
2013-01-07,43.224998474121094,43.380001068115234,43.154998779296875,43.28499984741211,38.07826614379883,244400,0.0
2013-01-08,43.310001373291016,43.345001220703125,43.0,43.2599983215332,38.0562858581543,114400,0.0
2013-01-09,43.33000183105469,43.59000015258789,43.33000183105469,43.529998779296875,38.29378890991211,134800,0.0
2013-01-10,43.720001220703125,43.724998474121094,43.33000183105469,43.60499954223633,38.35978698730469,191000,0.0
2013-01-11,43.61000061035156,43.685001373291016,43.400001525878906,43.564998626708984,38.3245849609375,403200,0.0
2013-01-14,43.474998474121094,43.689998626708984,43.43000030517578,43.540000915527344,38.30259704589844,434000,0.0
2013-01-15,43.29499816894531,43.79999923706055,43.2599983215332,43.7400016784668,38.47854995727539,169400,0.0
2013-01-16,43.65999984741211,43.75,43.54499816894531,43.66999816894531,38.416969299316406,282600,0.0
2013-01-17,43.85499954223633,44.25,43.85499954223633,44.189998626708984,38.874420166015625,281000,0.0
2013-01-18,44.220001220703125,44.39500045776367,44.10499954223633,44.39500045776367,39.05473709106445,311000,0.0
2013-01-22,44.45000076293945,44.689998626708984,44.29499816894531,44.68000030517578,39.30546951293945,260200,0.0
2013-01-23,44.689998626708984,44.70500183105469,44.4900016784668,44.525001525878906,39.169124603271484,186600,0.0
2013-01-24,44.58000183105469,45.04999923706055,44.54499816894531,44.875,39.47700500488281,186000,0.0
2013-01-25,45.095001220703125,45.224998474121094,44.845001220703125,45.21500015258789,39.7761116027832,208200,0.0
2013-01-28,45.310001373291016,45.310001373291016,44.89500045776367,45.04999923706055,39.630950927734375,585600,0.0
2013-01-29,45.04499816894531,45.04499816894531,44.79999923706055,45.02000045776367,39.60456085205078,419000,0.0
2013-01-30,45.005001068115234,45.005001068115234,44.30500030517578,44.46500015258789,39.116329193115234,218800,0.0
2013-01-31,44.5,44.70000076293945,44.30500030517578,44.584999084472656,39.22189712524414,207800,0.0
2013-02-01,44.85499954223633,45.25,44.81999969482422,45.1150016784668,39.688148498535156,260200,0.0
2013-02-04,44.869998931884766,44.98500061035156,44.5,44.564998626708984,39.20429992675781,202800,0.0
2013-02-05,44.81999969482422,45.10499954223633,44.73500061035156,44.9900016784668,39.57817840576172,170000,0.0
2013-02-06,44.82500076293945,45.20500183105469,44.71500015258789,45.189998626708984,39.754119873046875,156400,0.0
2013-02-07,45.19499969482422,45.20000076293945,44.779998779296875,45.099998474121094,39.67494201660156,232600,0.0
2013-02-08,45.165000915527344,45.435001373291016,45.13999938964844,45.375,39.916866302490234,127600,0.0
2013-02-11,45.3849983215332,45.3849983215332,45.11000061035156,45.29999923706055,39.85087585449219,545000,0.0
2013-02-12,45.32500076293945,45.60499954223633,45.314998626708984,45.4900016784668,40.01802444458008,221000,0.0
2013-02-13,45.58000183105469,45.67499923706055,45.415000915527344,45.63999938964844,40.149986267089844,430200,0.0
2013-02-14,45.58000183105469,45.8849983215332,45.58000183105469,45.810001373291016,40.29954528808594,98200,0.0
2013-02-15,45.790000915527344,45.88999938964844,45.619998931884766,45.70000076293945,40.202781677246094,132000,0.0
2013-02-19,45.79499816894531,46.099998474121094,45.76499938964844,46.09000015258789,40.545860290527344,435400,0.0
2013-02-20,46.150001525878906,46.16999816894531,45.19499969482422,45.2400016784668,39.79811477661133,304800,0.0
2013-02-21,45.119998931884766,45.154998779296875,44.439998626708984,44.689998626708984,39.314266204833984,153400,0.0
2013-02-22,44.9900016784668,45.19499969482422,44.94499969482422,45.189998626708984,39.754119873046875,93000,0.0
2013-02-25,45.3650016784668,45.375,44.224998474121094,44.22999954223633,38.90959930419922,497600,0.0
2013-02-26,44.45000076293945,44.61000061035156,44.1349983215332,44.44499969482422,39.09872817993164,354000,0.0
2013-02-27,44.44499969482422,45.20000076293945,44.39500045776367,44.935001373291016,39.529788970947266,182800,0.0
2013-02-28,44.91999816894531,45.31999969482422,44.88999938964844,45.119998931884766,39.69253921508789,109200,0.0
2013-03-01,44.84000015258789,45.3849983215332,44.4900016784668,45.30500030517578,39.85528564453125,110600,0.0
2013-03-04,45.25,45.380001068115234,44.97999954223633,45.34000015258789,39.88606643676758,203200,0.0
2013-03-05,45.584999084472656,45.94499969482422,45.56999969482422,45.845001220703125,40.330322265625,209200,0.0
2013-03-06,46.02000045776367,46.095001220703125,45.869998931884766,45.994998931884766,40.46228790283203,154200,0.0
2013-03-07,46.01499938964844,46.209999084472656,45.95000076293945,46.189998626708984,40.63384246826172,84200,0.0
2013-03-08,46.51499938964844,46.619998931884766,46.185001373291016,46.6150016784668,41.00770950317383,356200,0.0
2013-03-11,46.51499938964844,46.56999969482422,46.375,46.564998626708984,40.963722229003906,140000,0.0
2013-03-12,46.4900016784668,46.54999923706055,46.290000915527344,46.415000915527344,40.83176803588867,81400,0.0
2013-03-13,46.45000076293945,46.65999984741211,46.290000915527344,46.60499954223633,40.998897552490234,76400,0.0
2013-03-14,46.71500015258789,47.060001373291016,46.63999938964844,47.04999923706055,41.390377044677734,74200,0.0
2013-03-15,47.04499816894531,47.11000061035156,46.875,46.95000076293945,41.302406311035156,227000,0.0
2013-03-18,46.584999084472656,46.849998474121094,46.375,46.665000915527344,41.051692962646484,378400,0.0
2013-03-19,46.72999954223633,46.904998779296875,46.13999938964844,46.55500030517578,40.954925537109375,174400,0.0
2013-03-20,46.78499984741211,46.974998474121094,46.75,46.91999816894531,41.2760124206543,131000,0.0
2013-03-21,46.6150016784668,46.85499954223633,46.38999938964844,46.595001220703125,40.990116119384766,123400,0.0
2013-03-22,46.71500015258789,46.86000061035156,46.68000030517578,46.73500061035156,41.11327362060547,300400,0.0
2013-03-25,46.8849983215332,47.119998931884766,46.369998931884766,46.654998779296875,41.1220817565918,238000,0.09
2013-03-26,46.89500045776367,46.935001373291016,46.619998931884766,46.869998931884766,41.31159973144531,120000,0.0
2013-03-27,46.61000061035156,46.875,46.334999084472656,46.875,41.31599807739258,90400,0.0
2013-03-28,46.93000030517578,47.07500076293945,46.76499938964844,46.94499969482422,41.3776969909668,276400,0.0
2013-04-01,46.900001525878906,46.98500061035156,46.1349983215332,46.349998474121094,40.85326385498047,492600,0.0
2013-04-02,46.54499816894531,46.720001220703125,46.025001525878906,46.099998474121094,40.632904052734375,202600,0.0
2013-04-03,46.22999954223633,46.22999954223633,45.244998931884766,45.369998931884766,39.989479064941406,189800,0.0
2013-04-04,45.40999984741211,45.755001068115234,45.279998779296875,45.72999954223633,40.30678939819336,157400,0.0
2013-04-05,45.09000015258789,45.654998779296875,45.029998779296875,45.64500045776367,40.231868743896484,166800,0.0
2013-04-08,45.83000183105469,46.005001068115234,45.48500061035156,46.005001068115234,40.54917526245117,209200,0.0
2013-04-09,46.1150016784668,46.1150016784668,45.71500015258789,45.744998931884766,40.320011138916016,163000,0.0
2013-04-10,45.8849983215332,46.619998931884766,45.86000061035156,46.54999923706055,41.02954864501953,155000,0.0
2013-04-11,46.564998626708984,46.834999084472656,46.45000076293945,46.52000045776367,41.003089904785156,268600,0.0
2013-04-12,46.33000183105469,46.505001068115234,46.04999923706055,46.349998474121094,40.85326385498047,263800,0.0
2013-04-15,46.10499954223633,46.11000061035156,44.58000183105469,44.755001068115234,39.44741439819336,512800,0.0
2013-04-16,45.165000915527344,45.619998931884766,44.974998474121094,45.564998626708984,40.16134262084961,154400,0.0
2013-04-17,45.275001525878906,45.275001525878906,44.45000076293945,44.81999969482422,39.504695892333984,168200,0.0
2013-04-18,44.904998779296875,44.939998626708984,44.27000045776367,44.415000915527344,39.14773178100586,142800,0.0
2013-04-19,44.564998626708984,45.11000061035156,44.255001068115234,45.005001068115234,39.66777038574219,115800,0.0
2013-04-22,45.08000183105469,45.20000076293945,44.275001525878906,45.095001220703125,39.747108459472656,461200,0.0
2013-04-23,45.42499923706055,45.810001373291016,45.27000045776367,45.810001373291016,40.37730026245117,175000,0.0
2013-04-24,45.82500076293945,46.04499816894531,45.650001525878906,45.970001220703125,40.518314361572266,153600,0.0
2013-04-25,46.1150016784668,46.689998626708984,46.1150016784668,46.40999984741211,40.9061279296875,443800,0.0
2013-04-26,46.3650016784668,46.38999938964844,46.040000915527344,46.20000076293945,40.72105026245117,100400,0.0
2013-04-29,46.3849983215332,46.59000015258789,46.28499984741211,46.474998474121094,40.96342468261719,158000,0.0
2013-04-30,46.540000915527344,46.720001220703125,46.314998626708984,46.68000030517578,41.14412307739258,420400,0.0
2013-05-01,46.61000061035156,46.61000061035156,45.70500183105469,45.744998931884766,40.320011138916016,638000,0.0
2013-05-02,45.96500015258789,46.55500030517578,45.94499969482422,46.474998474121094,40.96342468261719,259800,0.0
2013-05-03,47.084999084472656,47.52000045776367,46.939998626708984,47.27000045776367,41.664146423339844,198600,0.0
2013-05-06,47.32500076293945,47.54499816894531,47.255001068115234,47.4900016784668,41.85808181762695,325000,0.0
2013-05-07,47.6150016784668,47.94499969482422,47.415000915527344,47.94499969482422,42.25910568237305,180200,0.0
2013-05-08,47.90999984741211,48.119998931884766,47.689998626708984,48.119998931884766,42.413352966308594,161400,0.0
2013-05-09,48.01499938964844,48.185001373291016,47.85499954223633,47.98500061035156,42.29436111450195,104600,0.0
2013-05-10,48.099998474121094,48.58000183105469,48.05500030517578,48.560001373291016,42.801170349121094,453600,0.0
2013-05-13,48.5,48.625,48.32500076293945,48.41999816894531,42.67776870727539,127600,0.0
2013-05-14,48.584999084472656,49.09000015258789,48.54499816894531,49.09000015258789,43.268310546875,200200,0.0
2013-05-15,49.0,49.29499816894531,48.8650016784668,49.154998779296875,43.32559585571289,161800,0.0
2013-05-16,49.025001525878906,49.2599983215332,48.84000015258789,48.959999084472656,43.15372848510742,88200,0.0
2013-05-17,49.21500015258789,49.560001373291016,49.125,49.54499816894531,43.669349670410156,224000,0.0
2013-05-20,49.47999954223633,49.83000183105469,49.435001373291016,49.64500045776367,43.75749588012695,247800,0.0
2013-05-21,49.65999984741211,49.83000183105469,49.52000045776367,49.68000030517578,43.78834533691406,114800,0.0
2013-05-22,49.779998779296875,50.099998474121094,48.625,48.88999938964844,43.092037200927734,195200,0.0
2013-05-23,48.30500030517578,48.880001068115234,48.20500183105469,48.80500030517578,43.01709747314453,175600,0.0
2013-05-24,48.54999923706055,48.8650016784668,48.244998931884766,48.744998931884766,42.9642448425293,152200,0.0
2013-05-28,49.404998779296875,49.8650016784668,49.189998626708984,49.529998779296875,43.65614700317383,187800,0.0
2013-05-29,49.244998931884766,49.244998931884766,48.619998931884766,48.939998626708984,43.1361083984375,131600,0.0
2013-05-30,49.06999969482422,49.369998931884766,48.939998626708984,49.220001220703125,43.38290786743164,162000,0.0
2013-05-31,48.96500015258789,49.25,48.76499938964844,48.76499938964844,42.981849670410156,183400,0.0
2013-06-03,48.89500045776367,49.19499969482422,48.38999938964844,49.01499938964844,43.202205657958984,260000,0.0
2013-06-04,49.119998931884766,49.279998779296875,48.21500015258789,48.584999084472656,42.82320785522461,223000,0.0
2013-06-05,48.54499816894531,48.564998626708984,47.86000061035156,47.939998626708984,42.25469207763672,138400,0.0
2013-06-06,47.8650016784668,48.3650016784668,47.619998931884766,48.3650016784668,42.62928771972656,548000,0.0
2013-06-07,48.70500183105469,48.959999084472656,48.404998779296875,48.834999084472656,43.04357147216797,116000,0.0
2013-06-10,49.01499938964844,49.1150016784668,48.685001373291016,49.07500076293945,43.25508117675781,185800,0.0
2013-06-11,48.77000045776367,49.05500030517578,48.349998474121094,48.69499969482422,42.92015838623047,153800,0.0
2013-06-12,48.9900016784668,48.994998931884766,48.21500015258789,48.29999923706055,42.57200622558594,144600,0.0
2013-06-13,48.28499984741211,49.209999084472656,48.099998474121094,49.130001068115234,43.30356979370117,102800,0.0
2013-06-14,49.04499816894531,49.125,48.560001373291016,48.709999084472656,42.93339157104492,613800,0.0
2013-06-17,49.099998474121094,49.19499969482422,48.779998779296875,49.06999969482422,43.25068664550781,186000,0.0
2013-06-18,49.18000030517578,49.7599983215332,49.154998779296875,49.654998779296875,43.76632308959961,204400,0.0
2013-06-19,49.66999816894531,49.709999084472656,49.130001068115234,49.1349983215332,43.30797576904297,180000,0.0
2013-06-20,48.36000061035156,48.55500030517578,47.709999084472656,47.904998779296875,42.22384262084961,803000,0.0
2013-06-21,48.005001068115234,48.130001068115234,47.400001525878906,48.04999923706055,42.351646423339844,282200,0.0
2013-06-24,47.654998779296875,47.790000915527344,47.02000045776367,47.4900016784668,41.85808181762695,396800,0.0
2013-06-25,47.900001525878906,47.974998474121094,47.5,47.89500045776367,42.21503829956055,124200,0.0
2013-06-26,48.220001220703125,48.220001220703125,47.75,47.89500045776367,42.29894256591797,196200,0.095
2013-06-27,48.275001525878906,48.78499984741211,48.19499969482422,48.744998931884766,43.04963302612305,123200,0.0
2013-06-28,48.625,48.834999084472656,48.42499923706055,48.42499923706055,42.76701736450195,438600,0.0
2013-07-01,48.65999984741211,49.4900016784668,48.654998779296875,49.314998626708984,43.55302429199219,1187200,0.0
2013-07-02,49.334999084472656,49.68000030517578,49.05500030517578,49.380001068115234,43.610435485839844,414800,0.0
2013-07-03,49.13999938964844,49.60499954223633,49.10499954223633,49.41999816894531,43.64573669433594,250400,0.0
2013-07-05,50.04499816894531,50.20000076293945,49.505001068115234,50.20000076293945,44.33461380004883,364800,0.0
2013-07-08,50.470001220703125,50.5099983215332,50.224998474121094,50.28499984741211,44.40968704223633,295800,0.0
2013-07-09,50.599998474121094,50.869998931884766,50.40999984741211,50.82500076293945,44.886573791503906,904200,0.0
2013-07-10,50.8650016784668,50.93000030517578,50.60499954223633,50.84000015258789,44.899837493896484,198000,0.0
2013-07-11,51.3650016784668,51.435001373291016,51.14500045776367,51.33000183105469,45.33260726928711,401400,0.0
2013-07-12,51.29499816894531,51.564998626708984,51.2599983215332,51.46500015258789,45.451820373535156,311400,0.0
2013-07-15,51.560001373291016,51.689998626708984,51.459999084472656,51.625,45.59311294555664,270800,0.0
2013-07-16,51.630001068115234,51.69499969482422,51.244998931884766,51.380001068115234,45.376739501953125,177200,0.0
2013-07-17,51.69499969482422,51.73500061035156,51.42499923706055,51.560001373291016,45.53571701049805,171400,0.0
2013-07-18,51.69499969482422,52.0099983215332,51.64500045776367,51.875,45.813899993896484,214200,0.0
2013-07-19,51.83000183105469,51.869998931884766,51.67499923706055,51.834999084472656,45.7785758972168,247200,0.0
2013-07-22,51.849998474121094,52.040000915527344,51.76499938964844,51.939998626708984,45.87131881713867,143800,0.0
2013-07-23,52.220001220703125,52.220001220703125,51.81999969482422,51.915000915527344,45.84922790527344,203000,0.0
2013-07-24,52.244998931884766,52.244998931884766,51.494998931884766,51.54999923706055,45.526885986328125,131000,0.0
2013-07-25,51.48500061035156,52.060001373291016,51.3849983215332,52.060001373291016,45.977294921875,102200,0.0
2013-07-26,51.75,51.82500076293945,51.415000915527344,51.78499984741211,45.73441696166992,227200,0.0
2013-07-29,51.70500183105469,51.904998779296875,51.345001220703125,51.525001525878906,45.50481414794922,2793000,0.0
2013-07-30,51.709999084472656,51.83000183105469,51.45500183105469,51.63999938964844,45.60636520385742,309200,0.0
2013-07-31,51.935001373291016,52.474998474121094,51.935001373291016,52.0,45.92430114746094,413600,0.0
2013-08-01,52.470001220703125,52.79999923706055,52.375,52.70500183105469,46.546939849853516,263200,0.0
2013-08-02,52.564998626708984,52.7599983215332,52.41999816894531,52.75,46.5866813659668,155000,0.0
2013-08-05,52.70500183105469,53.025001525878906,52.650001525878906,52.970001220703125,46.78097915649414,166000,0.0
2013-08-06,52.89500045776367,52.95000076293945,52.435001373291016,52.564998626708984,46.42327880859375,246800,0.0
2013-08-07,52.43000030517578,52.435001373291016,52.025001525878906,52.125,46.034690856933594,144000,0.0
2013-08-08,52.46500015258789,52.584999084472656,52.165000915527344,52.404998779296875,46.281982421875,87800,0.0
2013-08-09,52.35499954223633,52.63999938964844,52.18000030517578,52.439998626708984,46.3128776550293,107800,0.0
2013-08-12,52.16999816894531,52.79499816894531,52.13999938964844,52.79499816894531,46.62641525268555,376800,0.0
2013-08-13,52.8849983215332,52.89500045776367,52.46500015258789,52.845001220703125,46.67057800292969,243400,0.0
2013-08-14,52.80500030517578,52.92499923706055,52.60499954223633,52.60499954223633,46.458621978759766,130800,0.0
2013-08-15,52.08000183105469,52.14500045776367,51.584999084472656,51.744998931884766,45.69910430908203,304400,0.0
2013-08-16,51.6150016784668,51.869998931884766,51.45500183105469,51.540000915527344,45.5180549621582,383400,0.0
2013-08-19,51.415000915527344,51.60499954223633,51.064998626708984,51.08000183105469,45.11179733276367,237200,0.0
2013-08-20,51.17499923706055,51.92499923706055,51.130001068115234,51.8650016784668,45.80508041381836,162800,0.0
2013-08-21,51.68000030517578,52.05500030517578,51.3650016784668,51.595001220703125,45.566627502441406,245600,0.0
2013-08-22,51.80500030517578,52.415000915527344,51.790000915527344,52.334999084472656,46.22015380859375,123000,0.0
2013-08-23,52.5,52.5,52.13999938964844,52.400001525878906,46.27756118774414,252600,0.0
2013-08-26,52.55500030517578,52.76499938964844,52.314998626708984,52.42499923706055,46.29964828491211,227600,0.0
2013-08-27,51.85499954223633,52.029998779296875,51.189998626708984,51.224998474121094,45.23985290527344,343000,0.0
2013-08-28,51.224998474121094,51.560001373291016,51.16999816894531,51.33000183105469,45.33260726928711,190200,0.0
2013-08-29,51.32500076293945,52.05500030517578,51.290000915527344,51.89500045776367,45.83156967163086,95800,0.0
2013-08-30,51.939998626708984,51.97999954223633,51.13999938964844,51.22999954223633,45.24427795410156,124800,0.0
2013-09-03,51.8650016784668,52.099998474121094,51.025001525878906,51.474998474121094,45.46065139770508,226600,0.0
2013-09-04,51.5099983215332,51.900001525878906,51.33000183105469,51.8650016784668,45.80508041381836,114000,0.0
2013-09-05,51.939998626708984,52.14500045776367,51.79999923706055,51.95000076293945,45.88015365600586,94200,0.0
2013-09-06,52.22999954223633,52.26499938964844,51.255001068115234,51.98500061035156,45.911067962646484,138600,0.0
2013-09-09,52.13999938964844,52.79499816894531,52.13999938964844,52.79499816894531,46.62641525268555,227600,0.0
2013-09-10,53.095001220703125,53.32500076293945,52.8849983215332,53.32500076293945,47.09450149536133,304200,0.0
2013-09-11,53.26499938964844,53.40999984741211,53.10499954223633,53.2599983215332,47.03707504272461,154600,0.0
2013-09-12,53.290000915527344,53.290000915527344,52.900001525878906,52.93000030517578,46.745643615722656,142400,0.0
2013-09-13,52.96500015258789,53.34000015258789,52.76499938964844,53.28499984741211,47.05916976928711,3518800,0.0
2013-09-16,53.86000061035156,54.45500183105469,53.31999969482422,53.32500076293945,47.09450149536133,441200,0.0
2013-09-17,53.30500030517578,53.779998779296875,53.30500030517578,53.77000045776367,47.487510681152344,349000,0.0
2013-09-18,53.82500076293945,54.5,53.345001220703125,54.290000915527344,47.94675064086914,229400,0.0
2013-09-19,54.4900016784668,54.4900016784668,54.0,54.15999984741211,47.83193588256836,322000,0.0
2013-09-20,54.255001068115234,54.2599983215332,53.94499969482422,53.94499969482422,47.642051696777344,137400,0.0
2013-09-23,53.900001525878906,54.04499816894531,53.51499938964844,53.94499969482422,47.642051696777344,732200,0.0
2013-09-24,53.82500076293945,54.43000030517578,53.599998474121094,54.029998779296875,47.78620147705078,314800,0.078
2013-09-25,54.084999084472656,54.369998931884766,53.79999923706055,53.959999084472656,47.724300384521484,119600,0.0
2013-09-26,54.040000915527344,54.345001220703125,53.939998626708984,54.310001373291016,48.033843994140625,184200,0.0
2013-09-27,53.95000076293945,54.220001220703125,53.900001525878906,54.060001373291016,47.812744140625,185200,0.0
2013-09-30,53.5,54.244998931884766,53.42499923706055,54.18000030517578,47.91887664794922,1874000,0.0
2013-10-01,54.244998931884766,54.880001068115234,54.19499969482422,54.8650016784668,48.52471923828125,1399600,0.0
2013-10-02,54.4900016784668,54.70500183105469,54.28499984741211,54.564998626708984,48.2593879699707,369200,0.0
2013-10-03,54.5099983215332,54.5099983215332,53.689998626708984,54.07500076293945,47.82600784301758,315800,0.0
2013-10-04,54.060001373291016,54.459999084472656,53.92499923706055,54.369998931884766,48.08693313598633,137000,0.0
2013-10-07,53.89500045776367,54.130001068115234,53.709999084472656,53.709999084472656,47.503177642822266,179200,0.0
2013-10-08,53.7400016784668,53.88999938964844,52.89500045776367,52.915000915527344,46.80006408691406,242800,0.0
2013-10-09,53.04499816894531,53.04499816894531,52.470001220703125,52.7400016784668,46.645286560058594,3914800,0.0
2013-10-10,53.51499938964844,54.11000061035156,53.31999969482422,54.04499816894531,47.79948043823242,257400,0.0
2013-10-11,53.974998474121094,54.869998931884766,53.93000030517578,54.834999084472656,48.49818801879883,271400,0.0
2013-10-14,54.650001525878906,55.23500061035156,54.459999084472656,55.189998626708984,48.81214141845703,242600,0.0
2013-10-15,55.084999084472656,55.130001068115234,54.459999084472656,54.65999984741211,48.34341812133789,184600,0.0
2013-10-16,55.03499984741211,55.334999084472656,54.88999938964844,55.29999923706055,48.90944290161133,461200,0.0
2013-10-17,54.9900016784668,55.66999816894531,54.95000076293945,55.654998779296875,49.22341537475586,399800,0.0
2013-10-18,56.095001220703125,56.47999954223633,55.9900016784668,56.45500183105469,49.93095779418945,246000,0.0
2013-10-21,56.6349983215332,56.6349983215332,56.224998474121094,56.3650016784668,49.85136795043945,254000,0.0
2013-10-22,56.595001220703125,56.875,56.314998626708984,56.470001220703125,49.94424819946289,739000,0.0
2013-10-23,56.220001220703125,56.46500015258789,56.130001068115234,56.46500015258789,49.93982696533203,180000,0.0
2013-10-24,56.56999969482422,57.02000045776367,56.46500015258789,56.90999984741211,50.33338165283203,234200,0.0
2013-10-25,57.07500076293945,57.16999816894531,56.70000076293945,56.95000076293945,50.3687744140625,377800,0.0
2013-10-28,57.209999084472656,57.209999084472656,56.70500183105469,56.974998474121094,50.39088821411133,303800,0.0
2013-10-29,57.150001525878906,57.349998474121094,56.8650016784668,57.29499816894531,50.67390441894531,362800,0.0
2013-10-30,57.33000183105469,57.33000183105469,56.29999923706055,56.494998931884766,49.96635818481445,369600,0.0
2013-10-31,56.494998931884766,56.65999984741211,55.97999954223633,56.119998931884766,49.63468933105469,398400,0.0
2013-11-01,56.220001220703125,56.29499816894531,55.47999954223633,55.834999084472656,49.38262176513672,292800,0.0
2013-11-04,56.060001373291016,56.685001373291016,56.0,56.63999938964844,50.09459686279297,366800,0.0
2013-11-05,56.44499969482422,56.630001068115234,55.974998474121094,56.4900016784668,49.96193313598633,200600,0.0
2013-11-06,56.834999084472656,57.01499938964844,56.375,56.48500061035156,49.95751190185547,191000,0.0
2013-11-07,56.83000183105469,56.88999938964844,55.55500030517578,55.619998931884766,49.19247055053711,305000,0.0
2013-11-08,55.834999084472656,56.71500015258789,55.665000915527344,56.6349983215332,50.09016418457031,192800,0.0
2013-11-11,56.654998779296875,56.814998626708984,56.48500061035156,56.720001220703125,50.165348052978516,143200,0.0
2013-11-12,56.595001220703125,56.834999084472656,56.435001373291016,56.834999084472656,50.267051696777344,125000,0.0
2013-11-13,56.45500183105469,57.314998626708984,56.45500183105469,57.314998626708984,50.691593170166016,169800,0.0
2013-11-14,57.31999969482422,57.33000183105469,56.90999984741211,57.26499938964844,50.64737319946289,123000,0.0
2013-11-15,57.369998931884766,57.525001525878906,57.099998474121094,57.5,50.855228424072266,180800,0.0
2013-11-18,57.709999084472656,57.85499954223633,57.084999084472656,57.27000045776367,50.65177536010742,181400,0.0
2013-11-19,57.20000076293945,57.53499984741211,56.76499938964844,56.90999984741211,50.33338165283203,175400,0.0
2013-11-20,57.16999816894531,57.30500030517578,56.66999816894531,56.92499923706055,50.34665298461914,125400,0.0
2013-11-21,57.10499954223633,58.0,57.06999969482422,57.959999084472656,51.26205062866211,138600,0.0
2013-11-22,58.0,58.209999084472656,57.86000061035156,58.185001373291016,51.461063385009766,691200,0.0
2013-11-25,58.375,58.375,57.994998931884766,58.064998626708984,51.35491943359375,309000,0.0
2013-11-26,58.15999984741211,58.63999938964844,58.07500076293945,58.51499938964844,51.75291061401367,260000,0.0
2013-11-27,58.59000015258789,58.90999984741211,58.470001220703125,58.89500045776367,52.0890007019043,191400,0.0
2013-11-29,59.130001068115234,59.15999984741211,58.880001068115234,58.880001068115234,52.075740814208984,93400,0.0
2013-12-02,58.869998931884766,58.95500183105469,58.04499816894531,58.14500045776367,51.425682067871094,277000,0.0
2013-12-03,58.05500030517578,58.25,57.564998626708984,57.86000061035156,51.17361831665039,180400,0.0
2013-12-04,57.584999084472656,58.154998779296875,57.099998474121094,57.6150016784668,50.95692825317383,267600,0.0
2013-12-05,57.654998779296875,57.91999816894531,57.41999816894531,57.71500015258789,51.045372009277344,599800,0.0
2013-12-06,58.2400016784668,58.5099983215332,58.130001068115234,58.185001373291016,51.461063385009766,253200,0.0
2013-12-09,58.279998779296875,58.415000915527344,57.970001220703125,58.20500183105469,51.478736877441406,280800,0.0
2013-12-10,58.1349983215332,58.275001525878906,57.650001525878906,57.65999984741211,50.996707916259766,254800,0.0
2013-12-11,57.689998626708984,57.69499969482422,56.720001220703125,56.8650016784668,50.2935905456543,227600,0.0
2013-12-12,56.79499816894531,57.15999984741211,56.724998474121094,56.91999816894531,50.34223937988281,298400,0.0
2013-12-13,56.98500061035156,57.279998779296875,56.810001373291016,57.09000015258789,50.492591857910156,143400,0.0
2013-12-16,57.34000015258789,57.81999969482422,57.314998626708984,57.755001068115234,51.080753326416016,244200,0.0
2013-12-17,57.814998626708984,57.814998626708984,57.34000015258789,57.70000076293945,51.0321044921875,189000,0.0
2013-12-18,57.775001525878906,58.47999954223633,57.34000015258789,58.474998474121094,51.7175407409668,274000,0.0
2013-12-19,58.415000915527344,58.415000915527344,57.904998779296875,57.970001220703125,51.27090072631836,230000,0.0
2013-12-20,58.0099983215332,59.095001220703125,58.0099983215332,59.0,52.18187713623047,763800,0.0
2013-12-23,59.19499969482422,59.459999084472656,59.025001525878906,59.459999084472656,52.72544860839844,594600,0.153
2013-12-24,59.47999954223633,59.720001220703125,59.45500183105469,59.51499938964844,52.77420425415039,121400,0.0
2013-12-26,59.849998474121094,59.95000076293945,59.560001373291016,59.70500183105469,52.942691802978516,170600,0.0
2013-12-27,59.775001525878906,60.15999984741211,59.29499816894531,59.52000045776367,52.778656005859375,223600,0.0
2013-12-30,59.43000030517578,59.564998626708984,59.290000915527344,59.38999938964844,52.66337203979492,187200,0.0
2013-12-31,59.54999923706055,59.689998626708984,59.30500030517578,59.30500030517578,52.58799362182617,351600,0.0
2014-01-02,59.30500030517578,59.349998474121094,58.42499923706055,58.7400016784668,52.086997985839844,581800,0.0
2014-01-03,58.875,59.10499954223633,58.71500015258789,58.92499923706055,52.25102233886719,328600,0.0
2014-01-06,59.21500015258789,59.21500015258789,58.33000183105469,58.380001068115234,51.76777267456055,3290000,0.0
2014-01-07,58.57500076293945,59.20000076293945,58.57500076293945,58.904998779296875,52.23330307006836,499600,0.0
2014-01-08,58.959999084472656,59.06999969482422,58.59000015258789,58.834999084472656,52.17123794555664,270200,0.0
2014-01-09,59.0,59.09000015258789,58.46500015258789,58.834999084472656,52.17123794555664,194400,0.0
2014-01-10,58.85499954223633,59.05500030517578,58.55500030517578,59.03499984741211,52.34857940673828,287600,0.0
2014-01-13,59.0,59.03499984741211,57.85499954223633,58.20500183105469,51.612586975097656,345600,0.0
2014-01-14,58.415000915527344,58.974998474121094,58.220001220703125,58.8849983215332,52.21555709838867,196600,0.0
2014-01-15,59.1150016784668,59.44499969482422,59.05500030517578,59.380001068115234,52.65451431274414,477600,0.0
2014-01-16,59.310001373291016,59.400001525878906,59.13999938964844,59.380001068115234,52.65451431274414,323000,0.0
2014-01-17,59.38999938964844,59.38999938964844,58.90999984741211,59.02000045776367,52.335269927978516,234800,0.0
2014-01-21,59.43000030517578,59.5099983215332,59.02000045776367,59.34000015258789,52.61903381347656,261400,0.0
2014-01-22,59.38999938964844,59.79999923706055,59.31999969482422,59.724998474121094,52.96042251586914,196400,0.0
2014-01-23,59.525001525878906,59.525001525878906,58.82500076293945,59.2400016784668,52.530357360839844,527200,0.0
2014-01-24,58.904998779296875,58.95000076293945,57.584999084472656,57.72999954223633,51.19137954711914,298800,0.0
2014-01-27,57.81999969482422,57.845001220703125,56.55500030517578,56.849998474121094,50.41105270385742,578400,0.0
2014-01-28,56.82500076293945,57.43000030517578,56.82500076293945,57.38999938964844,50.889892578125,411400,0.0
2014-01-29,56.900001525878906,57.23500061035156,56.3849983215332,56.584999084472656,50.17606735229492,316800,0.0
2014-01-30,56.92499923706055,57.654998779296875,56.82500076293945,57.314998626708984,50.823387145996094,508400,0.0
2014-01-31,56.16999816894531,57.38999938964844,56.16999816894531,56.98500061035156,50.530757904052734,560800,0.0
2014-02-03,56.86000061035156,56.974998474121094,54.8849983215332,55.125,48.88142776489258,591600,0.0
2014-02-04,55.38999938964844,55.84000015258789,55.029998779296875,55.58000183105469,49.2849006652832,426800,0.0
2014-02-05,55.310001373291016,55.42499923706055,54.47999954223633,55.18000030517578,48.93021011352539,469800,0.0
2014-02-06,55.375,55.98500061035156,55.375,55.880001068115234,49.550926208496094,283800,0.0
2014-02-07,56.125,56.435001373291016,55.834999084472656,56.40999984741211,50.0208854675293,196000,0.0
2014-02-10,56.27000045776367,56.43000030517578,55.89500045776367,56.3849983215332,49.99871826171875,225600,0.0
2014-02-11,56.439998626708984,56.959999084472656,56.314998626708984,56.845001220703125,50.40663146972656,166800,0.0
2014-02-12,56.91999816894531,57.279998779296875,56.79499816894531,57.029998779296875,50.570655822753906,163400,0.0
2014-02-13,56.584999084472656,57.82500076293945,56.51499938964844,57.814998626708984,51.26675033569336,181000,0.0
2014-02-14,57.67499923706055,57.92499923706055,57.345001220703125,57.814998626708984,51.26675033569336,195000,0.0
2014-02-18,57.935001373291016,58.44499969482422,57.814998626708984,58.35499954223633,51.74561309814453,270200,0.0
2014-02-19,58.290000915527344,58.58000183105469,57.76499938964844,57.790000915527344,51.244598388671875,192800,0.0
2014-02-20,57.88999938964844,58.650001525878906,57.744998931884766,58.564998626708984,51.931819915771484,192800,0.0
2014-02-21,58.63999938964844,58.75,58.439998626708984,58.52000045776367,51.89191818237305,151600,0.0
2014-02-24,58.6349983215332,59.435001373291016,58.6349983215332,59.08000183105469,52.388484954833984,208000,0.0
2014-02-25,59.14500045776367,59.310001373291016,58.869998931884766,59.03499984741211,52.34857940673828,169400,0.0
2014-02-26,59.1349983215332,59.845001220703125,58.9900016784668,59.494998931884766,52.75647735595703,156200,0.0
2014-02-27,59.33000183105469,59.64500045776367,59.08000183105469,59.6349983215332,52.8806266784668,230800,0.0
2014-02-28,59.584999084472656,60.01499938964844,59.23500061035156,59.45000076293945,52.71656799316406,280000,0.0
2014-03-03,58.994998931884766,59.29999923706055,58.459999084472656,59.08000183105469,52.388484954833984,399200,0.0
2014-03-04,59.79499816894531,61.154998779296875,59.79499816894531,60.8849983215332,53.98905563354492,242800,0.0
2014-03-05,60.8849983215332,60.8849983215332,60.630001068115234,60.810001373291016,53.92253494262695,201600,0.0
2014-03-06,60.95000076293945,61.04499816894531,60.77000045776367,60.92499923706055,54.02450942993164,149400,0.0
2014-03-07,61.32500076293945,61.32500076293945,60.744998931884766,60.994998931884766,54.086585998535156,179400,0.0
2014-03-10,60.92499923706055,60.994998931884766,60.525001525878906,60.8650016784668,53.9713020324707,209400,0.0
2014-03-11,60.970001220703125,61.084999084472656,60.064998626708984,60.2599983215332,53.434837341308594,178800,0.0
2014-03-12,60.029998779296875,60.3849983215332,59.665000915527344,60.369998931884766,53.532371520996094,117800,0.0
2014-03-13,60.595001220703125,60.595001220703125,59.31999969482422,59.599998474121094,52.849578857421875,196000,0.0
2014-03-14,59.39500045776367,60.08000183105469,59.39500045776367,59.915000915527344,53.128910064697266,849400,0.0
2014-03-17,60.255001068115234,60.71500015258789,60.130001068115234,60.32500076293945,53.492469787597656,183200,0.0
2014-03-18,60.375,61.189998626708984,60.349998474121094,61.17499923706055,54.24620056152344,164000,0.0
2014-03-19,61.14500045776367,61.14500045776367,60.32500076293945,60.744998931884766,53.864925384521484,218600,0.0
2014-03-20,60.60499954223633,61.07500076293945,60.39500045776367,60.869998931884766,53.975738525390625,192800,0.0
2014-03-21,61.224998474121094,61.43000030517578,60.47999954223633,60.4900016784668,53.63878631591797,224200,0.0
2014-03-24,60.66999816894531,60.85499954223633,59.34000015258789,59.814998626708984,53.04022979736328,273600,0.0
2014-03-25,60.290000915527344,60.369998931884766,59.35499954223633,59.65999984741211,52.978519439697266,130000,0.0855
2014-03-26,60.06999969482422,60.125,58.560001373291016,58.564998626708984,52.00614929199219,285200,0.0
2014-03-27,58.61000061035156,58.8849983215332,58.060001373291016,58.310001373291016,51.77971649169922,270000,0.0
2014-03-28,58.51499938964844,59.13999938964844,58.244998931884766,58.34000015258789,51.80632400512695,140000,0.0
2014-03-31,58.72999954223633,59.57500076293945,58.47999954223633,59.4900016784668,52.82754898071289,291600,0.0
2014-04-01,59.47999954223633,60.334999084472656,59.47999954223633,60.275001525878906,53.5246467590332,1439600,0.0
2014-04-02,60.494998931884766,60.564998626708984,60.154998779296875,60.529998779296875,53.75109100341797,478800,0.0
2014-04-03,60.625,60.625,59.79499816894531,60.099998474121094,53.36923599243164,483600,0.0
2014-04-04,60.42499923706055,60.48500061035156,58.375,58.560001373291016,52.00169372558594,271200,0.0
2014-04-07,58.45500183105469,58.560001373291016,57.3849983215332,57.73500061035156,51.26910400390625,450200,0.0
2014-04-08,57.7599983215332,58.459999084472656,57.494998931884766,58.23500061035156,51.71310043334961,273200,0.0
2014-04-09,58.44499969482422,59.025001525878906,58.185001373291016,59.01499938964844,52.405765533447266,192000,0.0
2014-04-10,58.9900016784668,58.9900016784668,57.13999938964844,57.380001068115234,50.95386505126953,312200,0.0
2014-04-11,56.834999084472656,57.51499938964844,56.349998474121094,56.6150016784668,50.27454376220703,305200,0.0
2014-04-14,57.17499923706055,57.45500183105469,56.404998779296875,56.89500045776367,50.52316665649414,299800,0.0
2014-04-15,57.04499816894531,57.40999984741211,55.845001220703125,57.05500030517578,50.665252685546875,376600,0.0
2014-04-16,57.39500045776367,57.7400016784668,57.130001068115234,57.720001220703125,51.25577163696289,275400,0.0
2014-04-17,57.595001220703125,58.290000915527344,57.470001220703125,58.10499954223633,51.597652435302734,650400,0.0
2014-04-21,58.209999084472656,58.32500076293945,57.790000915527344,58.290000915527344,51.76194381713867,173400,0.0
2014-04-22,58.380001068115234,58.96500015258789,58.22999954223633,58.76499938964844,52.18375015258789,284000,0.0
2014-04-23,58.650001525878906,58.904998779296875,58.375,58.380001068115234,51.841861724853516,131400,0.0
2014-04-24,58.76499938964844,58.76499938964844,57.70500183105469,58.07500076293945,51.57102584838867,292600,0.0
2014-04-25,57.900001525878906,57.93000030517578,56.91999816894531,57.040000915527344,50.65193557739258,201400,0.0
2014-04-28,57.220001220703125,57.540000915527344,55.92499923706055,56.71500015258789,50.36332702636719,415200,0.0
2014-04-29,57.0,57.369998931884766,56.755001068115234,56.90999984741211,50.536502838134766,175000,0.0
2014-04-30,56.67499923706055,57.41999816894531,56.30500030517578,57.41999816894531,50.9893798828125,176800,0.0
2014-05-01,57.224998474121094,57.779998779296875,56.68000030517578,57.2599983215332,50.84730529785156,360000,0.0
2014-05-02,57.46500015258789,58.029998779296875,57.255001068115234,57.4900016784668,51.051551818847656,234600,0.0
2014-05-05,57.025001525878906,57.54499816894531,56.73500061035156,57.45500183105469,51.020469665527344,958800,0.0
2014-05-06,57.220001220703125,57.224998474121094,56.31999969482422,56.334999084472656,50.02587127685547,388600,0.0
2014-05-07,56.439998626708984,56.57500076293945,55.55500030517578,56.40999984741211,50.09248733520508,308200,0.0
2014-05-08,56.375,57.0,55.79499816894531,55.939998626708984,49.67512130737305,296000,0.0
2014-05-09,55.775001525878906,56.369998931884766,55.54499816894531,56.30500030517578,49.99924087524414,315000,0.0
2014-05-12,56.64500045776367,57.845001220703125,56.564998626708984,57.595001220703125,51.14478302001953,251200,0.0
2014-05-13,57.54499816894531,57.619998931884766,56.86000061035156,56.880001068115234,50.50984573364258,112000,0.0
2014-05-14,56.779998779296875,56.779998779296875,55.689998626708984,55.78499984741211,49.537479400634766,764600,0.0
2014-05-15,55.599998474121094,55.61000061035156,54.70000076293945,55.4900016784668,49.2755241394043,368000,0.0
2014-05-16,55.595001220703125,55.970001220703125,55.150001525878906,55.970001220703125,49.7017707824707,168800,0.0
2014-05-19,55.845001220703125,56.71500015258789,55.69499969482422,56.564998626708984,50.23013687133789,119200,0.0
2014-05-20,56.400001525878906,56.41999816894531,55.380001068115234,55.72999954223633,49.488643646240234,270600,0.0
2014-05-21,55.95500183105469,56.25,55.47999954223633,56.03499984741211,49.759498596191406,188000,0.0
2014-05-22,56.05500030517578,56.68000030517578,56.04499816894531,56.56999969482422,50.23457336425781,490000,0.0
2014-05-23,56.560001373291016,57.16999816894531,56.55500030517578,57.14500045776367,50.745182037353516,199400,0.0
2014-05-27,57.45000076293945,58.095001220703125,57.45000076293945,57.845001220703125,51.366790771484375,216600,0.0
2014-05-28,57.79999923706055,57.814998626708984,57.27000045776367,57.505001068115234,51.06484603881836,116200,0.0
2014-05-29,57.68000030517578,57.70000076293945,57.310001373291016,57.60499954223633,51.15367126464844,130600,0.0
2014-05-30,57.630001068115234,57.75,57.07500076293945,57.31999969482422,50.900569915771484,154200,0.0
2014-06-02,57.400001525878906,57.400001525878906,56.584999084472656,57.165000915527344,50.7629280090332,286400,0.0
2014-06-03,56.80500030517578,57.22999954223633,56.654998779296875,57.10499954223633,50.70965576171875,282000,0.0
2014-06-04,56.83000183105469,57.474998474121094,56.69499969482422,57.42499923706055,50.99382019042969,325800,0.0
2014-06-05,57.564998626708984,58.59000015258789,57.18000030517578,58.525001525878906,51.97062683105469,212400,0.0
2014-06-06,58.79999923706055,59.33000183105469,58.76499938964844,59.1150016784668,52.49455642700195,169800,0.0
2014-06-09,59.02000045776367,59.76499938964844,58.90999984741211,59.540000915527344,52.87195587158203,148600,0.0
2014-06-10,59.32500076293945,59.474998474121094,58.94499969482422,59.28499984741211,52.645511627197266,296800,0.0
2014-06-11,59.040000915527344,59.18000030517578,58.775001525878906,59.11000061035156,52.490108489990234,120000,0.0
2014-06-12,58.91999816894531,58.9900016784668,58.435001373291016,58.70500183105469,52.130470275878906,371600,0.0
2014-06-13,58.8650016784668,59.04999923706055,58.459999084472656,58.90999984741211,52.31250762939453,119200,0.0
2014-06-16,58.869998931884766,59.064998626708984,58.58000183105469,59.040000915527344,52.42793273925781,103000,0.0
2014-06-17,58.970001220703125,59.72999954223633,58.834999084472656,59.53499984741211,52.867523193359375,296000,0.0
2014-06-18,59.529998779296875,59.93000030517578,59.2599983215332,59.89500045776367,53.187198638916016,142000,0.0
2014-06-19,60.03499984741211,60.1349983215332,59.60499954223633,59.95000076293945,53.23604202270508,213200,0.0
2014-06-20,60.0,60.28499984741211,59.8650016784668,60.25,53.50244140625,96200,0.0
2014-06-23,60.45000076293945,60.45000076293945,60.03499984741211,60.14500045776367,53.40919494628906,120000,0.0
2014-06-24,59.959999084472656,60.494998931884766,59.44499969482422,59.474998474121094,52.90262222290039,134800,0.1005
2014-06-25,59.2400016784668,59.93000030517578,59.040000915527344,59.93000030517578,53.30734634399414,94200,0.0
2014-06-26,59.974998474121094,59.974998474121094,59.39500045776367,59.779998779296875,53.173927307128906,269400,0.0
2014-06-27,59.68000030517578,60.25,59.53499984741211,60.20000076293945,53.54751968383789,184400,0.0
2014-06-30,60.13999938964844,60.39500045776367,59.82500076293945,60.39500045776367,53.720970153808594,177400,0.0
2014-07-01,60.584999084472656,61.60499954223633,60.54499816894531,61.130001068115234,54.374755859375,356200,0.0
2014-07-02,61.1349983215332,61.2400016784668,60.71500015258789,60.78499984741211,54.0678596496582,180400,0.0
2014-07-03,61.10499954223633,61.334999084472656,61.01499938964844,61.30500030517578,54.530399322509766,163000,0.0
2014-07-07,61.165000915527344,61.165000915527344,60.29999923706055,60.31999969482422,53.65425109863281,153800,0.0
2014-07-08,60.185001373291016,60.185001373291016,59.27000045776367,59.6349983215332,53.044952392578125,231400,0.0
2014-07-09,59.78499984741211,59.92499923706055,59.4900016784668,59.69499969482422,53.09830856323242,116600,0.0
2014-07-10,58.59000015258789,59.310001373291016,58.33000183105469,58.9900016784668,52.47123336791992,212000,0.0
2014-07-11,58.92499923706055,58.974998474121094,58.505001068115234,58.81999969482422,52.32001876831055,110000,0.0
2014-07-14,59.369998931884766,59.43000030517578,59.01499938964844,59.05500030517578,52.52904510498047,95400,0.0
2014-07-15,59.040000915527344,59.220001220703125,58.154998779296875,58.45000076293945,51.99088668823242,232200,0.0
2014-07-16,58.724998474121094,58.724998474121094,58.07500076293945,58.19499969482422,51.76408386230469,218000,0.0
2014-07-17,57.875,58.185001373291016,57.279998779296875,57.400001525878906,51.056941986083984,222800,0.0
2014-07-18,57.505001068115234,58.310001373291016,57.42499923706055,58.20000076293945,51.7685432434082,150400,0.0
2014-07-21,57.84000015258789,58.0099983215332,57.59000015258789,57.904998779296875,51.50611877441406,148200,0.0
2014-07-22,58.290000915527344,58.73500061035156,58.165000915527344,58.474998474121094,52.01313018798828,148800,0.0
2014-07-23,58.56999969482422,58.744998931884766,58.275001525878906,58.47999954223633,52.017578125,137200,0.0
2014-07-24,58.654998779296875,58.959999084472656,58.345001220703125,58.60499954223633,52.128780364990234,146000,0.0
2014-07-25,58.23500061035156,58.23500061035156,57.915000915527344,58.07500076293945,51.6573371887207,102000,0.0
2014-07-28,58.119998931884766,58.15999984741211,57.404998779296875,57.79499816894531,51.408267974853516,171200,0.0
2014-07-29,58.185001373291016,58.46500015258789,57.97999954223633,58.07500076293945,51.6573371887207,100600,0.0
2014-07-30,58.48500061035156,58.5,58.06999969482422,58.255001068115234,51.81746292114258,144000,0.0
2014-07-31,57.584999084472656,57.70000076293945,56.76499938964844,56.779998779296875,50.50544738769531,258800,0.0
2014-08-01,56.77000045776367,57.01499938964844,56.1349983215332,56.505001068115234,50.26082992553711,242800,0.0
2014-08-04,56.71500015258789,57.16999816894531,56.095001220703125,57.10499954223633,50.794532775878906,151800,0.0
2014-08-05,56.82500076293945,57.494998931884766,56.689998626708984,57.09000015258789,50.781211853027344,283200,0.0
2014-08-06,56.77000045776367,57.48500061035156,56.65999984741211,57.14500045776367,50.830116271972656,142400,0.0
2014-08-07,57.41999816894531,57.5,56.709999084472656,56.849998474121094,50.56772232055664,142200,0.0
2014-08-08,56.95000076293945,57.52000045776367,56.915000915527344,57.404998779296875,51.06139373779297,226600,0.0
2014-08-11,57.69499969482422,58.34000015258789,57.505001068115234,57.92499923706055,51.52392578125,421800,0.0
2014-08-12,57.755001068115234,57.904998779296875,57.244998931884766,57.474998474121094,51.12363815307617,124400,0.0
2014-08-13,57.63999938964844,58.0099983215332,57.60499954223633,57.904998779296875,51.50611877441406,129000,0.0
2014-08-14,57.875,58.02000045776367,57.755001068115234,57.904998779296875,51.50611877441406,173000,0.0
2014-08-15,58.279998779296875,58.334999084472656,57.220001220703125,57.84000015258789,51.44830322265625,184800,0.0
2014-08-18,58.35499954223633,58.744998931884766,58.255001068115234,58.71500015258789,52.226627349853516,133400,0.0
2014-08-19,58.814998626708984,59.06999969482422,58.76499938964844,58.970001220703125,52.453426361083984,165000,0.0
2014-08-20,58.68000030517578,58.68000030517578,58.32500076293945,58.53499984741211,52.06650924682617,189800,0.0
2014-08-21,58.5099983215332,58.790000915527344,57.90999984741211,58.68000030517578,52.19548797607422,110800,0.0
2014-08-22,58.619998931884766,58.904998779296875,58.404998779296875,58.71500015258789,52.226627349853516,106400,0.0
2014-08-25,59.04499816894531,59.154998779296875,58.59000015258789,58.78499984741211,52.28887176513672,129400,0.0
2014-08-26,58.8650016784668,59.34000015258789,58.724998474121094,59.29999923706055,52.74696350097656,152400,0.0
2014-08-27,59.36000061035156,59.36000061035156,59.0,59.095001220703125,52.56461715698242,146800,0.0
2014-08-28,58.904998779296875,58.90999984741211,58.58000183105469,58.69499969482422,52.20882797241211,149000,0.0
2014-08-29,58.875,59.1150016784668,58.56999969482422,59.029998779296875,52.506805419921875,94800,0.0
2014-09-02,59.209999084472656,59.63999938964844,59.125,59.48500061035156,52.91153335571289,140600,0.0
2014-09-03,59.790000915527344,59.790000915527344,59.099998474121094,59.20500183105469,52.66246032714844,287400,0.0
2014-09-04,59.314998626708984,59.78499984741211,58.880001068115234,58.9900016784668,52.47123336791992,221800,0.0
2014-09-05,58.96500015258789,59.119998931884766,58.58000183105469,59.119998931884766,52.58686065673828,125000,0.0
2014-09-08,59.040000915527344,59.314998626708984,58.915000915527344,59.2599983215332,52.71139144897461,494400,0.0
2014-09-09,59.18000030517578,59.18000030517578,58.5,58.55500030517578,52.084293365478516,126200,0.0
2014-09-10,58.54499816894531,58.86000061035156,58.3849983215332,58.83000183105469,52.32890319824219,238600,0.0
2014-09-11,58.494998931884766,59.32500076293945,58.494998931884766,59.2400016784668,52.69361114501953,136400,0.0
2014-09-12,59.2400016784668,59.2400016784668,58.439998626708984,58.67499923706055,52.19103240966797,171400,0.0
2014-09-15,58.64500045776367,58.64500045776367,57.92499923706055,58.025001525878906,51.61286544799805,140000,0.0
2014-09-16,57.91999816894531,58.369998931884766,57.7400016784668,58.255001068115234,51.81746292114258,178400,0.0
2014-09-17,58.275001525878906,58.73500061035156,58.14500045776367,58.42499923706055,51.96866989135742,104600,0.0
2014-09-18,58.654998779296875,58.96500015258789,58.63999938964844,58.90999984741211,52.40005874633789,131200,0.0
2014-09-19,59.2400016784668,59.2400016784668,58.029998779296875,58.154998779296875,51.72848892211914,162000,0.0
2014-09-22,57.85499954223633,57.880001068115234,57.29999923706055,57.4900016784668,51.136985778808594,118800,0.0
2014-09-23,57.310001373291016,57.595001220703125,56.869998931884766,56.904998779296875,50.61664962768555,194800,0.0
2014-09-24,56.95000076293945,57.56999969482422,56.744998931884766,57.51499938964844,51.249298095703125,254600,0.1
2014-09-25,57.334999084472656,57.439998626708984,56.3849983215332,56.630001068115234,50.460716247558594,591600,0.0
2014-09-26,56.779998779296875,57.05500030517578,56.63999938964844,56.98500061035156,50.77702713012695,121800,0.0
2014-09-29,56.3650016784668,57.06999969482422,56.314998626708984,57.02000045776367,50.80820846557617,171000,0.0
2014-09-30,57.0,57.0,56.275001525878906,56.279998779296875,50.14882278442383,122200,0.0
2014-10-01,56.18000030517578,56.21500015258789,55.2599983215332,55.439998626708984,49.40034103393555,385000,0.0
2014-10-02,55.439998626708984,56.17499923706055,55.09000015258789,55.98500061035156,49.8859748840332,257000,0.0
2014-10-03,56.470001220703125,56.71500015258789,56.220001220703125,56.435001373291016,50.286949157714844,231800,0.0
2014-10-06,56.5099983215332,56.6150016784668,55.79999923706055,55.86000061035156,49.77457809448242,268200,0.0
2014-10-07,55.5,55.70000076293945,54.880001068115234,54.880001068115234,48.901344299316406,182000,0.0
2014-10-08,54.790000915527344,55.85499954223633,54.27000045776367,55.849998474121094,49.76567840576172,164600,0.0
2014-10-09,55.82500076293945,55.900001525878906,54.439998626708984,54.439998626708984,48.509281158447266,175000,0.0
2014-10-10,54.30500030517578,54.900001525878906,53.810001373291016,53.84000015258789,47.97464370727539,208400,0.0
2014-10-13,53.869998931884766,54.52000045776367,53.439998626708984,53.6349983215332,47.79198455810547,316600,0.0
2014-10-14,54.1150016784668,54.92499923706055,53.95000076293945,54.209999084472656,48.3043327331543,526400,0.0
2014-10-15,53.4900016784668,54.849998474121094,53.005001068115234,54.654998779296875,48.70083999633789,431800,0.0
2014-10-16,53.8849983215332,55.54999923706055,53.57500076293945,55.21500015258789,49.199851989746094,480400,0.0
2014-10-17,55.95000076293945,56.04499816894531,54.849998474121094,55.10499954223633,49.10183334350586,281000,0.0
2014-10-20,54.94499969482422,55.70000076293945,54.85499954223633,55.70000076293945,49.632022857666016,177800,0.0
2014-10-21,56.03499984741211,56.755001068115234,55.94499969482422,56.709999084472656,50.531978607177734,207400,0.0
2014-10-22,56.83000183105469,57.029998779296875,55.95000076293945,55.97999954223633,49.88150405883789,176200,0.0
2014-10-23,56.494998931884766,57.209999084472656,56.44499969482422,56.88999938964844,50.69236755371094,269600,0.0
2014-10-24,56.86000061035156,57.119998931884766,56.625,56.95000076293945,50.74583435058594,221800,0.0
2014-10-27,56.625,56.93000030517578,56.20500183105469,56.904998779296875,50.705753326416016,164800,0.0
2014-10-28,57.154998779296875,58.69499969482422,57.119998931884766,58.67499923706055,52.28290939331055,409400,0.0
2014-10-29,58.810001373291016,59.01499938964844,58.18000030517578,58.625,52.23836135864258,924200,0.0
2014-10-30,58.349998474121094,59.334999084472656,58.30500030517578,59.1150016784668,52.67498016357422,184600,0.0
2014-10-31,60.01499938964844,60.21500015258789,59.720001220703125,60.150001525878906,53.59722900390625,264600,0.0
2014-11-03,60.2400016784668,60.470001220703125,59.80500030517578,60.005001068115234,53.468040466308594,467800,0.0
2014-11-04,59.73500061035156,60.064998626708984,59.45500183105469,59.775001525878906,53.263092041015625,587200,0.0
2014-11-05,60.224998474121094,60.224998474121094,59.6349983215332,59.790000915527344,53.276451110839844,273800,0.0
2014-11-06,59.779998779296875,60.0,59.6349983215332,60.0,53.46358871459961,241200,0.0
2014-11-07,59.95500183105469,60.0,59.45500183105469,59.935001373291016,53.40565490722656,136200,0.0
2014-11-10,59.974998474121094,60.14500045776367,59.77000045776367,60.1349983215332,53.5838508605957,221600,0.0
2014-11-11,60.125,60.26499938964844,59.9900016784668,60.21500015258789,53.655147552490234,172200,0.0
2014-11-12,59.88999938964844,60.65999984741211,59.83000183105469,60.57500076293945,53.975929260253906,133800,0.0
2014-11-13,60.540000915527344,60.66999816894531,59.96500015258789,60.064998626708984,53.521480560302734,153600,0.0
2014-11-14,60.040000915527344,60.19499969482422,59.810001373291016,59.994998931884766,53.4591064453125,328800,0.0
2014-11-17,59.900001525878906,60.04499816894531,59.31999969482422,59.31999969482422,52.85765838623047,422200,0.0
2014-11-18,59.470001220703125,59.88999938964844,59.470001220703125,59.59000015258789,53.09823989868164,111600,0.0
2014-11-19,59.53499984741211,59.58000183105469,58.53499984741211,58.91999816894531,52.501220703125,244200,0.0
2014-11-20,58.67499923706055,59.665000915527344,58.67499923706055,59.665000915527344,53.16508102416992,333200,0.0
2014-11-21,60.45000076293945,60.5,59.439998626708984,59.60499954223633,53.11160659790039,190400,0.0
2014-11-24,59.7400016784668,60.415000915527344,59.7400016784668,60.380001068115234,53.802162170410156,212800,0.0
2014-11-25,60.55500030517578,60.790000915527344,60.209999084472656,60.3849983215332,53.8066291809082,135800,0.0
2014-11-26,60.415000915527344,60.58000183105469,60.314998626708984,60.564998626708984,53.96702194213867,84200,0.0
2014-11-28,60.35499954223633,60.5,59.540000915527344,59.61000061035156,53.11605453491211,98000,0.0
2014-12-01,59.27000045776367,60.209999084472656,58.689998626708984,58.69499969482422,52.30073165893555,338400,0.0
2014-12-02,58.779998779296875,59.665000915527344,58.775001525878906,59.44499969482422,52.969032287597656,226200,0.0
2014-12-03,59.40999984741211,60.20500183105469,59.349998474121094,60.084999084472656,53.539310455322266,356400,0.0
2014-12-04,59.97999954223633,59.994998931884766,59.5,59.7599983215332,53.24970626831055,170000,0.0
2014-12-05,59.970001220703125,60.32500076293945,59.90999984741211,60.19499969482422,53.6373405456543,163000,0.0
2014-12-08,59.97999954223633,60.505001068115234,59.255001068115234,59.40999984741211,52.93784713745117,122600,0.0
2014-12-09,58.880001068115234,60.5099983215332,58.75,60.5099983215332,53.91801834106445,203400,0.0
2014-12-10,60.29499816894531,60.43000030517578,59.1349983215332,59.15999984741211,52.71508026123047,127800,0.0
2014-12-11,59.380001068115234,60.1150016784668,59.189998626708984,59.310001373291016,52.848751068115234,146600,0.0
2014-12-12,58.75,59.08000183105469,58.404998779296875,58.560001373291016,52.18043518066406,188000,0.0
2014-12-15,58.8650016784668,59.025001525878906,57.904998779296875,58.130001068115234,51.79728698730469,213400,0.0
2014-12-16,57.97999954223633,58.904998779296875,57.904998779296875,58.005001068115234,51.685909271240234,221600,0.0
2014-12-17,58.099998474121094,59.68000030517578,58.0,59.595001220703125,53.10269546508789,470600,0.0
2014-12-18,60.41999816894531,60.55500030517578,59.91999816894531,60.494998931884766,53.90464782714844,166400,0.0
2014-12-19,60.55500030517578,60.77000045776367,60.21500015258789,60.56999969482422,53.97148132324219,336400,0.0
2014-12-22,60.64500045776367,61.209999084472656,60.6349983215332,61.209999084472656,54.541751861572266,236600,0.0
2014-12-23,61.45000076293945,61.58000183105469,61.165000915527344,61.32500076293945,54.64422607421875,270200,0.0
2014-12-24,61.29999923706055,61.45500183105469,61.09000015258789,61.334999084472656,54.82298278808594,79400,0.19
2014-12-26,61.400001525878906,61.85499954223633,61.39500045776367,61.720001220703125,55.16712951660156,381000,0.0
2014-12-29,61.7400016784668,62.029998779296875,61.70000076293945,61.8650016784668,55.29670715332031,166400,0.0
2014-12-30,61.79999923706055,61.97999954223633,61.59000015258789,61.6349983215332,55.091129302978516,137600,0.0
2014-12-31,61.790000915527344,62.21500015258789,61.19499969482422,61.19499969482422,54.69785690307617,218800,0.0
2015-01-02,61.54499816894531,61.810001373291016,60.25,60.810001373291016,54.35373306274414,1456200,0.0
2015-01-05,60.459999084472656,60.665000915527344,59.79999923706055,60.04499816894531,53.669952392578125,1249000,0.0
2015-01-06,60.29499816894531,60.29499816894531,58.689998626708984,59.099998474121094,52.82527542114258,346400,0.0
2015-01-07,59.369998931884766,59.8849983215332,59.16999816894531,59.8849983215332,53.52693176269531,546600,0.0
2015-01-08,60.349998474121094,61.06999969482422,60.349998474121094,61.064998626708984,54.581642150878906,304200,0.0
2015-01-09,61.05500030517578,61.185001373291016,60.45000076293945,60.599998474121094,54.1660270690918,309400,0.0
2015-01-12,60.584999084472656,60.685001373291016,60.1349983215332,60.470001220703125,54.0498161315918,205000,0.0
2015-01-13,60.71500015258789,61.64500045776367,59.97999954223633,60.68000030517578,54.23753356933594,296600,0.0
2015-01-14,59.86000061035156,60.560001373291016,59.86000061035156,60.44499969482422,54.027488708496094,305400,0.0
2015-01-15,60.59000015258789,60.595001220703125,59.375,59.52000045776367,53.20069122314453,252800,0.0
2015-01-16,59.400001525878906,60.68000030517578,59.400001525878906,60.60499954223633,54.17049026489258,203200,0.0
2015-01-20,60.59000015258789,60.814998626708984,59.79999923706055,60.29499816894531,53.893409729003906,487600,0.0
2015-01-21,60.13999938964844,60.41999816894531,59.80500030517578,59.98500061035156,53.616329193115234,149400,0.0
2015-01-22,60.27000045776367,61.36000061035156,59.71500015258789,61.35499954223633,54.840858459472656,248800,0.0
2015-01-23,61.40999984741211,61.5099983215332,60.98500061035156,61.224998474121094,54.72466278076172,209600,0.0
2015-01-26,61.224998474121094,61.779998779296875,60.7599983215332,61.744998931884766,55.18944549560547,989200,0.0
2015-01-27,61.29999923706055,61.709999084472656,60.92499923706055,61.45000076293945,54.92577362060547,202600,0.0
2015-01-28,61.52000045776367,61.88999938964844,60.55500030517578,60.70000076293945,54.25541305541992,246400,0.0
2015-01-29,60.85499954223633,61.38999938964844,60.435001373291016,61.3849983215332,54.86767578125,203800,0.0
2015-01-30,61.09000015258789,61.165000915527344,60.084999084472656,60.095001220703125,53.71462631225586,139400,0.0
2015-02-02,60.28499984741211,60.654998779296875,59.42499923706055,60.6150016784668,54.17943572998047,391800,0.0
2015-02-03,60.91999816894531,61.70000076293945,60.90999984741211,61.630001068115234,55.08667755126953,188400,0.0
2015-02-04,61.43000030517578,61.935001373291016,61.400001525878906,61.54999923706055,55.01517105102539,724200,0.0
2015-02-05,61.77000045776367,62.459999084472656,61.77000045776367,62.35499954223633,55.73469161987305,183600,0.0
2015-02-06,62.45000076293945,62.724998474121094,62.05500030517578,62.33000183105469,55.71234893798828,150000,0.0
2015-02-09,62.040000915527344,62.334999084472656,61.625,61.665000915527344,55.117950439453125,806400,0.0
2015-02-10,62.125,62.2599983215332,61.41999816894531,62.1349983215332,55.53804016113281,251800,0.0
2015-02-11,61.959999084472656,62.31999969482422,61.75,62.20000076293945,55.59615707397461,271000,0.0
2015-02-12,62.595001220703125,63.11000061035156,62.560001373291016,63.06999969482422,56.37376403808594,389600,0.0
2015-02-13,63.1349983215332,63.435001373291016,62.959999084472656,63.3849983215332,56.65533447265625,695200,0.0
2015-02-17,63.45500183105469,63.59000015258789,63.2400016784668,63.5,56.758121490478516,343800,0.0
2015-02-18,63.35499954223633,63.77000045776367,63.21500015258789,63.77000045776367,56.99945068359375,241600,0.0
2015-02-19,63.56999969482422,63.82500076293945,63.5,63.724998474121094,56.95924377441406,164400,0.0
2015-02-20,63.619998931884766,63.91999816894531,63.119998931884766,63.869998931884766,57.0888557434082,239800,0.0
2015-02-23,63.64500045776367,64.02999877929688,63.369998931884766,64.02999877929688,57.23184585571289,589600,0.0
2015-02-24,64.04499816894531,64.24500274658203,63.85499954223633,64.0999984741211,57.294429779052734,280400,0.0
2015-02-25,64.05999755859375,64.23999786376953,63.82500076293945,64.09500122070312,57.289955139160156,113000,0.0
2015-02-26,64.01000213623047,64.25499725341797,63.904998779296875,64.18000030517578,57.36593246459961,169200,0.0
2015-02-27,64.06500244140625,64.2699966430664,63.834999084472656,63.845001220703125,57.066505432128906,189800,0.0
2015-03-02,63.84000015258789,64.48999786376953,63.84000015258789,64.3499984741211,57.51787185668945,475000,0.0
2015-03-03,64.26000213623047,64.26000213623047,63.63999938964844,63.880001068115234,57.0977897644043,269600,0.0
2015-03-04,63.599998474121094,63.70500183105469,63.32500076293945,63.45500183105469,56.71791076660156,825200,0.0
2015-03-05,63.55500030517578,63.76499938964844,63.31999969482422,63.6349983215332,56.87879180908203,187600,0.0
2015-03-06,63.29999923706055,63.45500183105469,62.625,62.72999954223633,56.06988525390625,245400,0.0
2015-03-09,62.810001373291016,63.25,62.810001373291016,63.09000015258789,56.39165496826172,834800,0.0
2015-03-10,62.6150016784668,62.685001373291016,62.275001525878906,62.4900016784668,55.855377197265625,231400,0.0
2015-03-11,62.619998931884766,62.92499923706055,62.42499923706055,62.91999816894531,56.23971176147461,186000,0.0
2015-03-12,63.20500183105469,64.12000274658203,63.20500183105469,64.05999755859375,57.258670806884766,191200,0.0
2015-03-13,63.89500045776367,64.1500015258789,63.17499923706055,63.834999084472656,57.05756378173828,134200,0.0
2015-03-16,64.07499694824219,64.3949966430664,64.05999755859375,64.17500305175781,57.361473083496094,186200,0.0
2015-03-17,64.0199966430664,64.3499984741211,63.91999816894531,64.29000091552734,57.464256286621094,562400,0.0
2015-03-18,64.18499755859375,65.06999969482422,63.95500183105469,64.91500091552734,58.02288818359375,207600,0.0
2015-03-19,64.75499725341797,65.20999908447266,64.75499725341797,65.19999694824219,58.277626037597656,128400,0.0
2015-03-20,65.51000213623047,66.0250015258789,65.4000015258789,65.96499633789062,58.96141052246094,206600,0.0
2015-03-23,65.96499633789062,66.16500091552734,65.94499969482422,66.0,58.99270248413086,772600,0.0
2015-03-24,66.07499694824219,66.17500305175781,65.9000015258789,66.00499725341797,58.99715805053711,297200,0.0
2015-03-25,65.94999694824219,65.94999694824219,64.27999877929688,64.3499984741211,57.64625930786133,562200,0.147
2015-03-26,64.11000061035156,64.48500061035156,63.775001525878906,64.1500015258789,57.467105865478516,236800,0.0
2015-03-27,64.18499755859375,64.66999816894531,63.98500061035156,64.62000274658203,57.88813781738281,253400,0.0
2015-03-30,64.97000122070312,65.55000305175781,64.95999908447266,65.3949966430664,58.582393646240234,229800,0.0
2015-03-31,65.1449966430664,65.31500244140625,64.88999938964844,65.07499694824219,58.295745849609375,336200,0.0
2015-04-01,64.94999694824219,65.04499816894531,64.25499725341797,64.94999694824219,58.18376159667969,588800,0.0
2015-04-02,64.8949966430664,65.45999908447266,64.8949966430664,65.11000061035156,58.32708740234375,409800,0.0
2015-04-06,64.80500030517578,65.42500305175781,64.5999984741211,65.15499877929688,58.36742401123047,812800,0.0
2015-04-07,65.11499786376953,65.26499938964844,64.73500061035156,64.73500061035156,57.99115753173828,258600,0.0
2015-04-08,64.79499816894531,65.42500305175781,64.79499816894531,65.32499694824219,58.519683837890625,193400,0.0
2015-04-09,65.32499694824219,65.44999694824219,64.5,65.04499816894531,58.26887130737305,290200,0.0
2015-04-10,65.20999908447266,65.41000366210938,65.19999694824219,65.33000183105469,58.52417755126953,251400,0.0
2015-04-13,65.3499984741211,65.66999816894531,65.28500366210938,65.29000091552734,58.488338470458984,288800,0.0
2015-04-14,65.4000015258789,65.45500183105469,64.90499877929688,65.25499725341797,58.45698928833008,163400,0.0
2015-04-15,65.5199966430664,65.8499984741211,65.38500213623047,65.61499786376953,58.77949142456055,143000,0.0
2015-04-16,65.58000183105469,65.72000122070312,65.44499969482422,65.50499725341797,58.68095779418945,133200,0.0
2015-04-17,65.06999969482422,65.06999969482422,64.27999877929688,64.5250015258789,57.803043365478516,269000,0.0
2015-04-20,64.79000091552734,65.3949966430664,64.73999786376953,65.21499633789062,58.42115783691406,159600,0.0
2015-04-21,65.41500091552734,65.5,65.19499969482422,65.2300033569336,58.43459701538086,128000,0.0
2015-04-22,65.29000091552734,65.38500213623047,64.77999877929688,65.30999755859375,58.50625991821289,214200,0.0
2015-04-23,65.1449966430664,65.86499786376953,65.1449966430664,65.76499938964844,58.913848876953125,98800,0.0
2015-04-24,65.7300033569336,65.82499694824219,65.53500366210938,65.66000366210938,58.81980514526367,474000,0.0
2015-04-27,65.8550033569336,66.23500061035156,64.91500091552734,65.06500244140625,58.286781311035156,359600,0.0
2015-04-28,65.13999938964844,65.54000091552734,64.57499694824219,65.41999816894531,58.604793548583984,1423800,0.0
2015-04-29,65.02999877929688,65.2699966430664,64.54499816894531,64.625,57.89263153076172,150600,0.0
2015-04-30,64.3499984741211,64.38500213623047,62.959999084472656,63.19499969482422,56.61157989501953,571400,0.0
2015-05-01,63.30500030517578,63.7400016784668,63.27000045776367,63.64500045776367,57.01472091674805,411600,0.0
2015-05-04,63.72999954223633,64.28500366210938,63.58000183105469,63.849998474121094,57.1983528137207,323000,0.0
2015-05-05,63.834999084472656,63.904998779296875,62.834999084472656,63.040000915527344,56.47273635864258,1332200,0.0
2015-05-06,63.185001373291016,63.30500030517578,62.775001525878906,63.2599983215332,56.66981506347656,308400,0.0
2015-05-07,63.17499923706055,63.93000030517578,63.095001220703125,63.630001068115234,57.001277923583984,291000,0.0
2015-05-08,64.08000183105469,64.43000030517578,63.974998474121094,64.05500030517578,57.381996154785156,148400,0.0
2015-05-11,63.95500183105469,64.6449966430664,63.915000915527344,64.16000366210938,57.47605895996094,191000,0.0
2015-05-12,63.95000076293945,64.2249984741211,63.18000030517578,64.01499938964844,57.346160888671875,121400,0.0
2015-05-13,64.23999786376953,64.3499984741211,63.80500030517578,63.970001220703125,57.30585479736328,119800,0.0
2015-05-14,64.27999877929688,64.75,64.03500366210938,64.7249984741211,57.98219299316406,456000,0.0
2015-05-15,64.66000366210938,64.66000366210938,64.27999877929688,64.6050033569336,57.87471389770508,197400,0.0
2015-05-18,64.54499816894531,65.36000061035156,64.47000122070312,65.30999755859375,58.50625991821289,271600,0.0
2015-05-19,65.29000091552734,65.47000122070312,65.11000061035156,65.375,58.56449508666992,154600,0.0
2015-05-20,65.4000015258789,65.5250015258789,65.05999755859375,65.3499984741211,58.54207229614258,210200,0.0
2015-05-21,65.30500030517578,65.5,65.08000183105469,65.2699966430664,58.47042465209961,155600,0.0
2015-05-22,65.20999908447266,65.44000244140625,64.875,65.04499816894531,58.26887130737305,572400,0.0
2015-05-26,64.81500244140625,64.81500244140625,64.06500244140625,64.31500244140625,57.61491012573242,154400,0.0
2015-05-27,64.36499786376953,65.16000366210938,64.13999938964844,65.08499908447266,58.304691314697266,151200,0.0
2015-05-28,64.98999786376953,65.1050033569336,64.7249984741211,65.0999984741211,58.31813049316406,108600,0.0
2015-05-29,65.01000213623047,65.07499694824219,64.33499908447266,64.56999969482422,57.84334182739258,197800,0.0
2015-06-01,64.96499633789062,65.06999969482422,64.15499877929688,64.90499877929688,58.143428802490234,359800,0.0
2015-06-02,64.66500091552734,65.30999755859375,64.49500274658203,64.98500061035156,58.21513748168945,192800,0.0
2015-06-03,65.16000366210938,65.82499694824219,65.08999633789062,65.66500091552734,58.82428741455078,655600,0.0
2015-06-04,65.45500183105469,65.62000274658203,64.9800033569336,65.08000183105469,58.300228118896484,131400,0.0
2015-06-05,64.9800033569336,65.5999984741211,64.6449966430664,65.55000305175781,58.721275329589844,152200,0.0
2015-06-08,65.48500061035156,65.6050033569336,65.24500274658203,65.29499816894531,58.492820739746094,439200,0.0
2015-06-09,65.2750015258789,65.33000183105469,64.71499633789062,65.09500122070312,58.313663482666016,141000,0.0
2015-06-10,65.375,66.25,65.375,65.9800033569336,59.10646438598633,228000,0.0
2015-06-11,66.12000274658203,66.20999908447266,65.88500213623047,65.99500274658203,59.11990737915039,127000,0.0
2015-06-12,65.81500244140625,66.03500366210938,65.63999938964844,65.94000244140625,59.07063674926758,164800,0.0
2015-06-15,65.7699966430664,66.125,65.23500061035156,65.97000122070312,59.09751892089844,255600,0.0
2015-06-16,65.80000305175781,66.56500244140625,65.80000305175781,66.44999694824219,59.52748489379883,160000,0.0
2015-06-17,66.62999725341797,66.73500061035156,66.16999816894531,66.3499984741211,59.437923431396484,252400,0.0
2015-06-18,66.76000213623047,67.3499984741211,66.55999755859375,67.13999938964844,60.145606994628906,363600,0.0
2015-06-19,67.20500183105469,67.44000244140625,66.97000122070312,67.26499938964844,60.25761032104492,275600,0.0
2015-06-22,67.67500305175781,67.69999694824219,67.38500213623047,67.66999816894531,60.62039566040039,261400,0.0
2015-06-23,67.56500244140625,67.7249984741211,67.4000015258789,67.7249984741211,60.669677734375,198200,0.0
2015-06-24,67.48500061035156,67.48500061035156,66.86499786376953,67.01000213623047,60.174442291259766,455600,0.1635
2015-06-25,67.1449966430664,67.1500015258789,66.6050033569336,66.91000366210938,60.08464050292969,169200,0.0
2015-06-26,67.00499725341797,67.06500244140625,66.41999816894531,66.69000244140625,59.88707733154297,196800,0.0
2015-06-29,66.25499725341797,66.58499908447266,65.1500015258789,65.23999786376953,58.584999084472656,275600,0.0
2015-06-30,65.69499969482422,65.75,65.2249984741211,65.5,58.81846237182617,204200,0.0
2015-07-01,65.94499969482422,66.16500091552734,65.45500183105469,65.87999725341797,59.15970993041992,792200,0.0
2015-07-02,65.99500274658203,66.00499725341797,65.21499633789062,65.45500183105469,58.77804946899414,373200,0.0
2015-07-06,64.96499633789062,65.76499938964844,64.88500213623047,65.33000183105469,58.665802001953125,766800,0.0
2015-07-07,65.45999908447266,65.61499786376953,64.3550033569336,65.61000061035156,58.9172477722168,1103600,0.0
2015-07-08,65.11000061035156,65.24500274658203,64.375,64.7300033569336,58.12700653076172,170600,0.0
2015-07-09,65.375,65.51499938964844,64.83999633789062,64.96499633789062,58.3380126953125,205000,0.0
2015-07-10,65.61000061035156,66.01499938964844,65.51499938964844,65.95999908447266,59.231529235839844,204600,0.0
2015-07-13,66.24500274658203,66.65499877929688,66.24500274658203,66.48999786376953,59.707481384277344,243600,0.0
2015-07-14,66.43000030517578,66.79000091552734,66.41999816894531,66.69999694824219,59.89605712890625,342000,0.0
2015-07-15,66.73500061035156,66.73500061035156,66.26000213623047,66.33999633789062,59.57276916503906,211200,0.0
2015-07-16,66.6449966430664,66.9749984741211,66.625,66.83499908447266,60.01727294921875,233800,0.0
2015-07-17,66.84500122070312,66.93000030517578,66.375,66.58000183105469,59.788299560546875,229200,0.0
2015-07-20,66.6050033569336,66.6050033569336,66.19999694824219,66.37999725341797,59.608707427978516,202400,0.0
2015-07-21,66.52999877929688,66.78500366210938,65.94000244140625,66.25,59.49196243286133,377000,0.0
2015-07-22,65.9749984741211,66.6449966430664,65.9749984741211,66.54000091552734,59.75236511230469,229600,0.0
2015-07-23,66.69499969482422,66.7750015258789,65.75,65.81999969482422,59.10581970214844,315000,0.0
2015-07-24,65.74500274658203,65.83000183105469,64.91000366210938,65.01499938964844,58.3829231262207,139400,0.0
2015-07-27,64.75,64.875,64.44000244140625,64.63999938964844,58.04619598388672,523400,0.0
2015-07-28,64.88999938964844,65.23999786376953,64.01000213623047,65.20999908447266,58.558048248291016,334400,0.0
2015-07-29,65.15499877929688,65.69499969482422,64.98500061035156,65.48999786376953,58.809478759765625,244400,0.0
2015-07-30,65.3550033569336,65.8550033569336,65.20999908447266,65.7750015258789,59.06541442871094,127200,0.0
2015-07-31,65.8499984741211,66.45999908447266,65.80500030517578,66.12999725341797,59.38418197631836,171800,0.0
2015-08-03,66.1449966430664,66.18499755859375,65.3499984741211,65.81500244140625,59.1013298034668,402200,0.0
2015-08-04,65.90499877929688,66.23500061035156,65.72000122070312,65.83999633789062,59.12376022338867,842200,0.0
2015-08-05,66.13999938964844,66.75,66.02999877929688,66.16999816894531,59.42011642456055,885200,0.0
2015-08-06,66.22000122070312,66.36499786376953,64.98999786376953,65.37999725341797,58.71071243286133,192800,0.0
2015-08-07,65.17500305175781,65.23500061035156,64.7750015258789,65.16000366210938,58.51314926147461,168600,0.0
2015-08-10,65.49500274658203,65.98999786376953,65.49500274658203,65.69000244140625,58.989078521728516,240800,0.0
2015-08-11,65.2300033569336,65.68000030517578,65.05999755859375,65.3550033569336,58.688255310058594,138400,0.0
2015-08-12,64.97000122070312,65.1050033569336,64.13999938964844,65.0250015258789,58.39192199707031,165000,0.0
2015-08-13,65.0250015258789,65.54499816894531,64.87000274658203,65.11499786376953,58.47273254394531,151600,0.0
2015-08-14,65.02999877929688,65.6050033569336,64.875,65.55500030517578,58.867835998535156,132800,0.0
2015-08-17,65.45500183105469,66.19999694824219,65.24500274658203,66.19999694824219,59.44703674316406,147000,0.0
2015-08-18,66.15499877929688,66.15499877929688,65.69999694824219,65.75,59.04296875,149800,0.0
2015-08-19,65.41999816894531,65.68499755859375,64.84500122070312,65.22000122070312,58.5670051574707,169400,0.0
2015-08-20,64.62000274658203,64.68000030517578,63.6150016784668,63.6150016784668,57.12574768066406,558400,0.0
2015-08-21,63.09000015258789,63.54999923706055,62.43000030517578,62.67499923706055,56.28163528442383,498800,0.0
2015-08-24,61.380001068115234,62.14500045776367,41.03499984741211,60.43000030517578,54.26565170288086,2109600,0.0
2015-08-25,61.029998779296875,62.5,59.689998626708984,59.95000076293945,53.8346061706543,1119200,0.0
2015-08-26,60.94499969482422,61.244998931884766,59.66999816894531,61.18000030517578,54.93913650512695,365000,0.0
2015-08-27,61.630001068115234,62.560001373291016,61.150001525878906,62.290000915527344,55.935916900634766,1013600,0.0
2015-08-28,62.130001068115234,62.654998779296875,62.02000045776367,62.57500076293945,56.191837310791016,344400,0.0
2015-08-31,62.334999084472656,62.67499923706055,62.05500030517578,62.279998779296875,55.92692947387695,365400,0.0
2015-09-01,61.23500061035156,61.60499954223633,60.3650016784668,60.54499816894531,54.368919372558594,571400,0.0
2015-09-02,61.150001525878906,61.59000015258789,60.6349983215332,61.59000015258789,55.307308197021484,1004600,0.0
2015-09-03,61.66999816894531,62.314998626708984,61.57500076293945,61.685001373291016,55.392635345458984,1330200,0.0
2015-09-04,61.09000015258789,61.66999816894531,60.845001220703125,61.19499969482422,54.95261001586914,185000,0.0
2015-09-08,62.084999084472656,62.67499923706055,61.90999984741211,62.57500076293945,56.191837310791016,336400,0.0
2015-09-09,63.04499816894531,63.08000183105469,61.97999954223633,62.025001525878906,55.69795227050781,414800,0.0
2015-09-10,61.904998779296875,62.55500030517578,61.84000015258789,62.17499923706055,55.8326416015625,204400,0.0
2015-09-11,61.89500045776367,62.55500030517578,61.69499969482422,62.54499816894531,56.16489791870117,161600,0.0
2015-09-14,62.630001068115234,62.70000076293945,62.224998474121094,62.35499954223633,55.9942741394043,156000,0.0
2015-09-15,62.38999938964844,63.14500045776367,62.38999938964844,62.970001220703125,56.54655456542969,138800,0.0
2015-09-16,62.974998474121094,63.57500076293945,62.91999816894531,63.54999923706055,57.06737518310547,167800,0.0
2015-09-17,63.54499816894531,64.57499694824219,63.40999984741211,63.73500061035156,57.2335090637207,207000,0.0
2015-09-18,62.96500015258789,63.494998931884766,62.64500045776367,62.75,56.34897232055664,195600,0.0
2015-09-21,63.10499954223633,63.685001373291016,62.689998626708984,62.935001373291016,56.51511764526367,328000,0.0
2015-09-22,62.279998779296875,62.4900016784668,61.76499938964844,62.060001373291016,55.72937774658203,302800,0.0
2015-09-23,62.13999938964844,62.435001373291016,61.810001373291016,62.11000061035156,55.7742805480957,104600,0.0
2015-09-24,61.73500061035156,61.935001373291016,61.16999816894531,61.900001525878906,55.585693359375,126000,0.0
2015-09-25,62.16999816894531,62.23500061035156,61.27000045776367,61.560001373291016,55.417808532714844,105000,0.1535
2015-09-28,61.380001068115234,61.400001525878906,59.42499923706055,59.619998931884766,53.67136001586914,552600,0.0
2015-09-29,59.70000076293945,59.93000030517578,58.92499923706055,59.209999084472656,53.30226516723633,536200,0.0
2015-09-30,59.70000076293945,60.15999984741211,59.42499923706055,60.064998626708984,54.07196807861328,479000,0.0
2015-10-01,60.03499984741211,60.15999984741211,59.1150016784668,59.86000061035156,53.88741683959961,3221200,0.0
2015-10-02,59.26499938964844,60.619998931884766,58.790000915527344,60.584999084472656,54.54009246826172,375000,0.0
2015-10-05,61.005001068115234,62.14500045776367,61.005001068115234,62.03499984741211,55.845401763916016,1033200,0.0
2015-10-06,62.025001525878906,62.27000045776367,61.25,61.53499984741211,55.395294189453125,363400,0.0
2015-10-07,61.84000015258789,62.67499923706055,61.79999923706055,62.64500045776367,56.39454650878906,224200,0.0
2015-10-08,62.57500076293945,63.27000045776367,62.400001525878906,63.19499969482422,56.8896598815918,176000,0.0
2015-10-09,63.26499938964844,63.63999938964844,63.224998474121094,63.380001068115234,57.05619812011719,209800,0.0
2015-10-12,63.40999984741211,63.61000061035156,63.19499969482422,63.54499816894531,57.204750061035156,364400,0.0
2015-10-13,63.244998931884766,63.72999954223633,62.63999938964844,62.65999984741211,56.40804672241211,229400,0.0
2015-10-14,62.66999816894531,62.94499969482422,61.79999923706055,61.869998931884766,55.69688415527344,234800,0.0
2015-10-15,62.064998626708984,63.130001068115234,61.654998779296875,63.130001068115234,56.83114242553711,211400,0.0
2015-10-16,63.22999954223633,63.314998626708984,62.744998931884766,63.275001525878906,56.96168518066406,174400,0.0
2015-10-19,63.04499816894531,63.779998779296875,63.04499816894531,63.57500076293945,57.231746673583984,200400,0.0
2015-10-20,63.494998931884766,63.83000183105469,63.16999816894531,63.44499969482422,57.11472702026367,147400,0.0
2015-10-21,63.64500045776367,63.64500045776367,62.42499923706055,62.470001220703125,56.23699188232422,299200,0.0
2015-10-22,62.724998474121094,63.189998626708984,62.48500061035156,62.91999816894531,56.64211654663086,310800,0.0
2015-10-23,63.41999816894531,63.73500061035156,63.06999969482422,63.65999984741211,57.30828094482422,320200,0.0
2015-10-26,63.78499984741211,63.78499984741211,63.31999969482422,63.45500183105469,57.123722076416016,262600,0.0
2015-10-27,63.21500015258789,63.415000915527344,62.55500030517578,62.845001220703125,56.574588775634766,183800,0.0
2015-10-28,63.06999969482422,64.59500122070312,62.90999984741211,64.58999633789062,58.145484924316406,178800,0.0
2015-10-29,64.37000274658203,64.43499755859375,63.709999084472656,63.86000061035156,57.48832321166992,389000,0.0
2015-10-30,63.814998626708984,64.01499938964844,63.439998626708984,63.529998779296875,57.19123840332031,201200,0.0
2015-11-02,63.46500015258789,64.92500305175781,63.46500015258789,64.7750015258789,58.31201934814453,311400,0.0
2015-11-03,64.66500091552734,65.25499725341797,64.47000122070312,64.9749984741211,58.492069244384766,537200,0.0
2015-11-04,65.07499694824219,65.20500183105469,64.58000183105469,64.7750015258789,58.31201934814453,318000,0.0
2015-11-05,64.79499816894531,64.9800033569336,64.22000122070312,64.87000274658203,58.39755630493164,221000,0.0
2015-11-06,64.82499694824219,65.29499816894531,64.41500091552734,65.2300033569336,58.721622467041016,167000,0.0
2015-11-09,65.15499877929688,65.19499969482422,63.974998474121094,64.2249984741211,57.81688690185547,240800,0.0
2015-11-10,63.98500061035156,64.41500091552734,63.845001220703125,64.37000274658203,57.947444915771484,105200,0.0
2015-11-11,64.4749984741211,64.4800033569336,63.79999923706055,63.79999923706055,57.43429183959961,172800,0.0
2015-11-12,63.43000030517578,63.53499984741211,62.72999954223633,62.814998626708984,56.54758071899414,140400,0.0
2015-11-13,62.625,62.94499969482422,62.20000076293945,62.275001525878906,56.06147766113281,187000,0.0
2015-11-16,62.14500045776367,63.04499816894531,62.14500045776367,63.025001525878906,56.736629486083984,178600,0.0
2015-11-17,63.14500045776367,63.78499984741211,62.90999984741211,63.0,56.71412658691406,240200,0.0
2015-11-18,63.2400016784668,64.05999755859375,62.96500015258789,64.00499725341797,57.618839263916016,224400,0.0
2015-11-19,63.994998931884766,64.04499816894531,63.625,63.77000045776367,57.407291412353516,207800,0.0
2015-11-20,64.0250015258789,64.58499908447266,64.0250015258789,64.36499786376953,57.94293212890625,393200,0.0
2015-11-23,64.36000061035156,64.88500213623047,64.30000305175781,64.61000061035156,58.163475036621094,309400,0.0
2015-11-24,64.34500122070312,65.0199966430664,64.05500030517578,64.94999694824219,58.46955490112305,200800,0.0
2015-11-25,64.94999694824219,65.5,64.8949966430664,65.44999694824219,58.9196662902832,219800,0.0
2015-11-27,65.46499633789062,65.86499786376953,65.3550033569336,65.68499755859375,59.1312141418457,76400,0.0
2015-11-30,65.99500274658203,65.99500274658203,65.23999786376953,65.25499725341797,58.74412536621094,278200,0.0
2015-12-01,65.57499694824219,65.80999755859375,65.25,65.7750015258789,59.212242126464844,459200,0.0
2015-12-02,65.7249984741211,65.90499877929688,65.1500015258789,65.20999908447266,58.7036247253418,637000,0.0
2015-12-03,65.33999633789062,65.5999984741211,63.849998474121094,64.13999938964844,57.740386962890625,450400,0.0
2015-12-04,64.22000122070312,64.97000122070312,64.08499908447266,64.86000061035156,58.38853454589844,258800,0.0
2015-12-07,64.75499725341797,64.83000183105469,63.755001068115234,63.9900016784668,57.605350494384766,199800,0.0
2015-12-08,63.439998626708984,63.974998474121094,63.16999816894531,63.744998931884766,57.384788513183594,162400,0.0
2015-12-09,63.560001373291016,64.0999984741211,62.75,62.95500183105469,56.673606872558594,246800,0.0
2015-12-10,62.95000076293945,63.58000183105469,62.82500076293945,63.27000045776367,56.95718765258789,218400,0.0
2015-12-11,62.625,62.7599983215332,61.82500076293945,62.05500030517578,55.863407135009766,267400,0.0
2015-12-14,62.05500030517578,62.23500061035156,61.224998474121094,61.71500015258789,55.557334899902344,370800,0.0
2015-12-15,62.040000915527344,62.744998931884766,62.029998779296875,62.619998931884766,56.372039794921875,365400,0.0
2015-12-16,63.060001373291016,63.595001220703125,62.70500183105469,63.5,57.16423416137695,285600,0.0
2015-12-17,63.75,63.79499816894531,62.709999084472656,62.7400016784668,56.48006820678711,213000,0.0
2015-12-18,62.47999954223633,62.47999954223633,61.65999984741211,61.689998626708984,55.53483581542969,254400,0.0
2015-12-21,61.974998474121094,62.31999969482422,61.70500183105469,62.20000076293945,55.99394989013672,228000,0.0
2015-12-22,62.34000015258789,62.68000030517578,61.86000061035156,62.56999969482422,56.3270263671875,372400,0.0
2015-12-23,62.880001068115234,63.18000030517578,62.70500183105469,63.095001220703125,56.799644470214844,277400,0.0
2015-12-24,62.91999816894531,63.415000915527344,62.80500030517578,63.040000915527344,56.97044372558594,163000,0.244
2015-12-28,62.7599983215332,62.90999984741211,62.349998474121094,62.89500045776367,56.839420318603516,294000,0.0
2015-12-29,63.165000915527344,63.66999816894531,63.06999969482422,63.599998474121094,57.47652816772461,244200,0.0
2015-12-30,63.619998931884766,63.68000030517578,63.02000045776367,63.04999923706055,56.9794921875,266200,0.0
2015-12-31,62.86000061035156,62.939998626708984,62.10499954223633,62.154998779296875,56.170654296875,254200,0.0
2016-01-04,61.189998626708984,61.189998626708984,60.09000015258789,60.345001220703125,54.53492736816406,2687400,0.0
2016-01-05,60.5,60.79999923706055,60.30500030517578,60.64500045776367,54.80603790283203,650800,0.0
2016-01-06,59.82500076293945,60.439998626708984,59.71500015258789,60.07500076293945,54.290931701660156,416600,0.0
2016-01-07,59.13999938964844,59.48500061035156,58.42499923706055,58.56999969482422,52.93083190917969,773800,0.0
2016-01-08,58.7599983215332,59.084999084472656,57.6150016784668,57.68000030517578,52.12651824951172,653600,0.0
2016-01-11,57.974998474121094,58.2599983215332,57.16999816894531,57.67499923706055,52.12199401855469,432000,0.0
2016-01-12,58.13999938964844,58.45500183105469,57.16999816894531,58.04999923706055,52.460899353027344,361200,0.0
2016-01-13,58.224998474121094,58.314998626708984,56.025001525878906,56.334999084472656,50.9110107421875,513000,0.0
2016-01-14,56.56999969482422,57.64500045776367,55.84000015258789,57.13999938964844,51.63850021362305,615400,0.0
2016-01-15,55.689998626708984,56.59000015258789,55.154998779296875,56.529998779296875,51.08723068237305,1002600,0.0
2016-01-19,57.03499984741211,57.03499984741211,55.334999084472656,55.935001373291016,50.549522399902344,1595200,0.0
2016-01-20,55.2400016784668,56.7400016784668,54.119998931884766,56.14500045776367,50.73930740356445,780000,0.0
2016-01-21,56.19499969482422,56.73500061035156,55.64500045776367,55.904998779296875,50.52241897583008,864400,0.0
2016-01-22,56.7400016784668,57.154998779296875,56.53499984741211,57.084999084472656,51.58879089355469,536400,0.0
2016-01-25,56.755001068115234,56.9900016784668,56.06999969482422,56.19499969482422,50.78449249267578,465800,0.0
2016-01-26,56.44499969482422,57.439998626708984,56.30500030517578,57.375,51.85089111328125,567600,0.0
2016-01-27,57.185001373291016,57.564998626708984,56.185001373291016,56.43000030517578,50.99686050415039,260800,0.0
2016-01-28,56.900001525878906,57.07500076293945,56.255001068115234,56.41999816894531,50.98781967163086,309000,0.0
2016-01-29,56.59000015258789,58.165000915527344,56.56999969482422,58.154998779296875,52.55577087402344,275600,0.0
2016-02-01,57.779998779296875,58.369998931884766,57.369998931884766,58.05500030517578,52.46540451049805,418200,0.0
2016-02-02,57.5,57.595001220703125,56.70000076293945,56.95000076293945,51.4668083190918,277400,0.0
2016-02-03,57.38999938964844,57.38999938964844,55.89500045776367,56.8849983215332,51.40807342529297,376600,0.0
2016-02-04,56.755001068115234,57.505001068115234,56.67499923706055,57.0099983215332,51.52102279663086,367400,0.0
2016-02-05,56.790000915527344,56.8849983215332,55.38999938964844,55.39500045776367,50.0615119934082,631400,0.0
2016-02-08,54.8650016784668,54.89500045776367,53.92499923706055,54.68000030517578,49.41535568237305,1022400,0.0
2016-02-09,54.0099983215332,55.10499954223633,54.0099983215332,54.540000915527344,49.288848876953125,333400,0.0
2016-02-10,54.810001373291016,55.709999084472656,54.439998626708984,54.470001220703125,49.22556686401367,515200,0.0
2016-02-11,53.595001220703125,54.209999084472656,53.28499984741211,53.915000915527344,48.72401428222656,641800,0.0
2016-02-12,54.3849983215332,54.904998779296875,54.1150016784668,54.790000915527344,49.514766693115234,431200,0.0
2016-02-16,55.42499923706055,56.11000061035156,55.20500183105469,56.02000045776367,50.62635040283203,326600,0.0
2016-02-17,56.3849983215332,57.084999084472656,56.31999969482422,56.77000045776367,51.304141998291016,282800,0.0
2016-02-18,56.8650016784668,56.94499969482422,56.415000915527344,56.529998779296875,51.08723068237305,381200,0.0
2016-02-19,56.3650016784668,57.0099983215332,56.224998474121094,56.97999954223633,51.49390411376953,255200,0.0
2016-02-22,57.44499969482422,57.775001525878906,57.314998626708984,57.54499816894531,52.0045051574707,516000,0.0
2016-02-23,57.43000030517578,57.55500030517578,57.16999816894531,57.224998474121094,51.71532440185547,224200,0.0
2016-02-24,56.54999923706055,57.79999923706055,56.404998779296875,57.7599983215332,52.19880294799805,238800,0.0
2016-02-25,57.904998779296875,58.369998931884766,57.64500045776367,58.349998474121094,52.73200225830078,479000,0.0
2016-02-26,58.61000061035156,58.7400016784668,58.400001525878906,58.584999084472656,52.94437026977539,164200,0.0
2016-02-29,58.60499954223633,58.88999938964844,58.18000030517578,58.18000030517578,52.57837677001953,206400,0.0
2016-03-01,58.6150016784668,59.380001068115234,58.3650016784668,59.380001068115234,53.662837982177734,228400,0.0
2016-03-02,59.29999923706055,59.654998779296875,59.03499984741211,59.654998779296875,53.911354064941406,232400,0.0
2016-03-03,59.650001525878906,60.18000030517578,59.59000015258789,60.18000030517578,54.38581466674805,248000,0.0
2016-03-04,60.15999984741211,60.70000076293945,59.959999084472656,60.38999938964844,54.575584411621094,210000,0.0
2016-03-07,60.22999954223633,60.95000076293945,60.22999954223633,60.85499954223633,54.99583053588867,224400,0.0
2016-03-08,60.56999969482422,60.56999969482422,59.59000015258789,59.665000915527344,53.92041015625,139400,0.0
2016-03-09,59.83000183105469,60.025001525878906,59.60499954223633,59.939998626708984,54.168914794921875,170600,0.0
2016-03-10,60.04499816894531,60.29999923706055,58.915000915527344,59.474998474121094,53.74869155883789,218400,0.0
2016-03-11,59.95000076293945,60.744998931884766,59.939998626708984,60.689998626708984,54.84670639038086,192000,0.0
2016-03-14,60.57500076293945,60.654998779296875,60.275001525878906,60.5,54.675010681152344,156400,0.0
2016-03-15,60.189998626708984,60.189998626708984,59.59000015258789,59.72999954223633,53.97913360595703,158200,0.0
2016-03-16,59.43000030517578,60.189998626708984,59.27000045776367,59.970001220703125,54.1960334777832,254000,0.0
2016-03-17,59.88999938964844,60.900001525878906,59.55500030517578,60.72999954223633,54.882869720458984,257600,0.0
2016-03-18,60.98500061035156,61.51499938964844,60.81999969482422,61.31999969482422,55.416053771972656,280200,0.0
2016-03-21,61.209999084472656,61.369998931884766,60.900001525878906,61.07500076293945,55.19462966918945,447200,0.0
2016-03-22,60.69499969482422,61.290000915527344,60.61000061035156,61.064998626708984,55.185604095458984,170800,0.0
2016-03-23,60.709999084472656,60.709999084472656,59.9900016784668,59.9900016784668,54.41059112548828,179200,0.2205
2016-03-24,59.67499923706055,60.029998779296875,59.35499954223633,60.029998779296875,54.446868896484375,423400,0.0
2016-03-28,60.150001525878906,60.3849983215332,59.77000045776367,60.18000030517578,54.582908630371094,159800,0.0
2016-03-29,60.029998779296875,61.88999938964844,59.98500061035156,61.88999938964844,56.13386917114258,241800,0.0
2016-03-30,62.2400016784668,62.28499984741211,61.79999923706055,62.03499984741211,56.265377044677734,161400,0.0
2016-03-31,62.099998474121094,62.3650016784668,61.939998626708984,62.099998474121094,56.3243408203125,151200,0.0
2016-04-01,61.59000015258789,62.45000076293945,61.375,62.375,56.57377243041992,253200,0.0
2016-04-04,62.29499816894531,62.35499954223633,61.72999954223633,61.744998931884766,56.002349853515625,1312400,0.0
2016-04-05,61.415000915527344,61.66999816894531,61.06999969482422,61.10499954223633,55.421875,638800,0.0
2016-04-06,61.125,61.81999969482422,61.04499816894531,61.779998779296875,56.03409194946289,191000,0.0
2016-04-07,61.459999084472656,61.54999923706055,60.69499969482422,61.0,55.32664489746094,166400,0.0
2016-04-08,61.48500061035156,61.630001068115234,60.915000915527344,61.224998474121094,55.53071212768555,125800,0.0
2016-04-11,61.47999954223633,61.93000030517578,60.970001220703125,60.98500061035156,55.31304168701172,159200,0.0
2016-04-12,61.01499938964844,61.6150016784668,60.80500030517578,61.494998931884766,55.77560806274414,228000,0.0
2016-04-13,61.80500030517578,62.849998474121094,61.80500030517578,62.814998626708984,56.972843170166016,191000,0.0
2016-04-14,62.81999969482422,62.92499923706055,62.48500061035156,62.685001373291016,56.85492706298828,166000,0.0
2016-04-15,62.529998779296875,62.79999923706055,62.46500015258789,62.71500015258789,56.88214874267578,151800,0.0
2016-04-18,62.46500015258789,63.27000045776367,62.46500015258789,63.20000076293945,57.322017669677734,137200,0.0
2016-04-19,63.29499816894531,63.52000045776367,62.994998931884766,63.255001068115234,57.371910095214844,138200,0.0
2016-04-20,63.220001220703125,63.61000061035156,63.0,63.345001220703125,57.45354080200195,193600,0.0
2016-04-21,63.275001525878906,63.3650016784668,62.67499923706055,62.83000183105469,56.986446380615234,277000,0.0
2016-04-22,62.8650016784668,63.47999954223633,62.78499984741211,63.42499923706055,57.52609634399414,149000,0.0
2016-04-25,63.29999923706055,63.345001220703125,62.724998474121094,62.88999938964844,57.040855407714844,115600,0.0
2016-04-26,63.13999938964844,63.595001220703125,62.85499954223633,63.55500030517578,57.64400863647461,123800,0.0
2016-04-27,63.5099983215332,63.75,63.209999084472656,63.69499969482422,57.77098083496094,126800,0.0
2016-04-28,63.35499954223633,63.66999816894531,62.625,62.720001220703125,56.886688232421875,150200,0.0
2016-04-29,62.584999084472656,62.7599983215332,61.97999954223633,62.28499984741211,56.49214172363281,170400,0.0
2016-05-02,62.494998931884766,62.970001220703125,62.334999084472656,62.94499969482422,57.09073257446289,106200,0.0
2016-05-03,62.48500061035156,62.525001525878906,61.73500061035156,62.1150016784668,56.33793640136719,269000,0.0
2016-05-04,61.744998931884766,62.13999938964844,61.46500015258789,61.70500183105469,55.96607208251953,143800,0.0
2016-05-05,61.900001525878906,61.900001525878906,61.45000076293945,61.470001220703125,55.75292205810547,219800,0.0
2016-05-06,61.255001068115234,61.84000015258789,60.95500183105469,61.810001373291016,56.061317443847656,216400,0.0
2016-05-09,61.880001068115234,62.470001220703125,61.814998626708984,62.13999938964844,56.36061096191406,105800,0.0
2016-05-10,62.43000030517578,62.529998779296875,62.029998779296875,62.529998779296875,56.7143440246582,178800,0.0
2016-05-11,62.45500183105469,62.474998474121094,61.69499969482422,61.69499969482422,55.956993103027344,156800,0.0
2016-05-12,61.935001373291016,62.02000045776367,61.060001373291016,61.505001068115234,55.78466796875,587200,0.0
2016-05-13,61.42499923706055,61.76499938964844,61.029998779296875,61.18000030517578,55.48989486694336,77800,0.0
2016-05-16,61.25,62.099998474121094,61.25,61.88999938964844,56.13386917114258,166600,0.0
2016-05-17,61.7599983215332,61.935001373291016,60.525001525878906,60.80500030517578,55.1497802734375,129600,0.0
2016-05-18,60.48500061035156,61.64500045776367,60.375,61.30500030517578,55.60326385498047,172800,0.0
2016-05-19,60.95000076293945,61.17499923706055,60.275001525878906,60.755001068115234,55.10443878173828,185200,0.0
2016-05-20,61.10499954223633,61.67499923706055,60.935001373291016,61.67499923706055,55.93885803222656,96600,0.0
2016-05-23,61.744998931884766,61.94499969482422,61.505001068115234,61.57500076293945,55.84815979003906,148600,0.0
2016-05-24,61.95000076293945,63.125,61.95000076293945,62.97999954223633,57.12248611450195,184400,0.0
2016-05-25,63.26499938964844,63.5099983215332,63.15999984741211,63.30500030517578,57.41725540161133,125200,0.0
2016-05-26,63.31999969482422,63.46500015258789,63.150001525878906,63.290000915527344,57.40365982055664,112600,0.0
2016-05-27,63.290000915527344,63.845001220703125,63.15999984741211,63.845001220703125,57.90702438354492,117200,0.0
2016-05-31,64.0,64.21499633789062,63.744998931884766,64.0199966430664,58.06576156616211,165800,0.0
2016-06-01,63.89500045776367,64.55000305175781,63.779998779296875,64.44999694824219,58.45576477050781,94400,0.0
2016-06-02,64.30999755859375,64.8499984741211,64.25499725341797,64.8499984741211,58.818572998046875,121600,0.0
2016-06-03,64.72000122070312,64.7249984741211,63.8849983215332,64.41500091552734,58.42402267456055,99800,0.0
2016-06-06,64.44000244140625,65.19999694824219,64.41999816894531,65.00499725341797,58.959163665771484,162000,0.0
2016-06-07,65.0199966430664,65.4800033569336,64.93499755859375,65.27999877929688,59.20858383178711,340400,0.0
2016-06-08,65.3550033569336,65.97000122070312,65.25499725341797,65.92500305175781,59.79359436035156,201200,0.0
2016-06-09,65.6449966430664,65.68499755859375,65.3949966430664,65.61000061035156,59.50788116455078,120600,0.0
2016-06-10,64.98500061035156,65.08999633789062,64.52999877929688,64.70999908447266,58.69159698486328,112000,0.0
2016-06-13,64.44000244140625,64.7300033569336,63.93000030517578,64.01000213623047,58.05669403076172,148400,0.0
2016-06-14,63.849998474121094,64.18499755859375,63.619998931884766,63.970001220703125,58.02040481567383,102600,0.0
2016-06-15,64.16999816894531,64.44000244140625,63.875,63.93000030517578,57.9841423034668,118200,0.0
2016-06-16,63.494998931884766,63.834999084472656,63.025001525878906,63.83000183105469,57.893436431884766,117800,0.0
2016-06-17,63.849998474121094,63.94499969482422,63.17499923706055,63.345001220703125,57.45354080200195,94800,0.0
2016-06-20,64.05500030517578,64.76000213623047,64.05500030517578,64.18499755859375,58.21541976928711,136400,0.0
2016-06-21,64.03500366210938,64.04499816894531,63.540000915527344,63.915000915527344,58.107696533203125,133200,0.1515
2016-06-22,63.95500183105469,64.27999877929688,63.61000061035156,63.61000061035156,57.83039855957031,95600,0.0
2016-06-23,64.33000183105469,64.94999694824219,64.30000305175781,64.94999694824219,59.04863739013672,82400,0.0
2016-06-24,62.724998474121094,63.369998931884766,61.7599983215332,62.459999084472656,56.78488540649414,260800,0.0
2016-06-27,61.81999969482422,61.81999969482422,60.380001068115234,60.68000030517578,55.166622161865234,213200,0.0
2016-06-28,61.224998474121094,61.8650016784668,61.0,61.57500076293945,55.98029708862305,155200,0.0
2016-06-29,62.2400016784668,62.935001373291016,62.23500061035156,62.86000061035156,57.14854049682617,149400,0.0
2016-06-30,63.040000915527344,64.20500183105469,62.79499816894531,64.20500183105469,58.3713264465332,120600,0.0
2016-07-01,64.20999908447266,64.5199966430664,63.93000030517578,64.24500274658203,58.40770721435547,162000,0.0
2016-07-05,63.95500183105469,64.02999877929688,63.119998931884766,63.4900016784668,57.72129821777344,194600,0.0
2016-07-06,63.209999084472656,64.00499725341797,63.10499954223633,63.95500183105469,58.1440544128418,193000,0.0
2016-07-07,64.05000305175781,64.46499633789062,63.75,64.16500091552734,58.3349723815918,92000,0.0
2016-07-08,64.66500091552734,65.68000030517578,64.66500091552734,65.54000091552734,59.585025787353516,252400,0.0
2016-07-11,65.99500274658203,66.44499969482422,65.80999755859375,66.31999969482422,60.294158935546875,851600,0.0
2016-07-12,66.7300033569336,67.37000274658203,66.625,67.05000305175781,60.957828521728516,355800,0.0
2016-07-13,67.31500244140625,67.31500244140625,66.68499755859375,66.88999938964844,60.812374114990234,252200,0.0
2016-07-14,67.43000030517578,67.43000030517578,66.91999816894531,66.92500305175781,60.84420394897461,195000,0.0
2016-07-15,67.27999877929688,67.27999877929688,66.8550033569336,67.01499938964844,60.926021575927734,124200,0.0
2016-07-18,67.00499725341797,67.36000061035156,66.86000061035156,66.99500274658203,60.9078483581543,261200,0.0
2016-07-19,66.86499786376953,67.06500244140625,66.53500366210938,66.63500213623047,60.58055114746094,98800,0.0
2016-07-20,66.7699966430664,67.26000213623047,66.58499908447266,67.0999984741211,61.0033073425293,147400,0.0
2016-07-21,67.0250015258789,67.19999694824219,66.45500183105469,66.61499786376953,60.5623664855957,436800,0.0
2016-07-22,66.63999938964844,67.24500274658203,66.57499694824219,67.125,61.026031494140625,76000,0.0
2016-07-25,67.00499725341797,67.125,66.80999755859375,66.93000030517578,60.84873580932617,135400,0.0
2016-07-26,66.94499969482422,67.28500366210938,66.76000213623047,67.28500366210938,61.17147445678711,101600,0.0
2016-07-27,67.44499969482422,67.56999969482422,67.16999816894531,67.5,61.366939544677734,112000,0.0
2016-07-28,67.43499755859375,67.54499816894531,67.26499938964844,67.375,61.253299713134766,155600,0.0
2016-07-29,67.36000061035156,67.75,66.91999816894531,67.3499984741211,61.23055648803711,132400,0.0
2016-08-01,67.36000061035156,67.68000030517578,67.12999725341797,67.48500061035156,61.35332489013672,155400,0.0
2016-08-02,67.42500305175781,67.42500305175781,66.31999969482422,66.54000091552734,60.494163513183594,200400,0.0
2016-08-03,66.41000366210938,66.86000061035156,66.34500122070312,66.83499908447266,60.762367248535156,543600,0.0
2016-08-04,66.86499786376953,67.19999694824219,66.77999877929688,66.96499633789062,60.88056182861328,107800,0.0
2016-08-05,67.33000183105469,67.86000061035156,67.2300033569336,67.7699966430664,61.61241912841797,98000,0.0
2016-08-08,67.77999877929688,67.87999725341797,67.375,67.48500061035156,61.35332489013672,179600,0.0
2016-08-09,67.45500183105469,67.69999694824219,67.41000366210938,67.5999984741211,61.45787811279297,257200,0.0
2016-08-10,67.61499786376953,67.6449966430664,66.95500183105469,67.18499755859375,61.080570220947266,109800,0.0
2016-08-11,67.42500305175781,67.55000305175781,67.18499755859375,67.3499984741211,61.23055648803711,117000,0.0
2016-08-12,67.29000091552734,67.45500183105469,67.08999633789062,67.3499984741211,61.23055648803711,99600,0.0
2016-08-15,67.4749984741211,68.01499938964844,67.4749984741211,67.94000244140625,61.76697540283203,110400,0.0
2016-08-16,67.76499938964844,67.76499938964844,67.38500213623047,67.41000366210938,61.285133361816406,131200,0.0
2016-08-17,67.3949966430664,67.45500183105469,66.94999694824219,67.23500061035156,61.12601852416992,1883200,0.0
2016-08-18,67.31500244140625,67.69499969482422,67.17500305175781,67.69499969482422,61.54423141479492,147200,0.0
2016-08-19,67.48500061035156,67.70999908447266,67.3949966430664,67.68000030517578,61.53061294555664,78200,0.0
2016-08-22,67.56500244140625,67.94499969482422,67.41500091552734,67.83000183105469,61.666969299316406,105000,0.0
2016-08-23,68.04000091552734,68.54499816894531,68.04000091552734,68.375,62.16244888305664,123400,0.0
2016-08-24,68.37000274658203,68.53500366210938,67.95500183105469,68.02999877929688,61.84880828857422,114600,0.0
2016-08-25,67.93499755859375,68.4000015258789,67.93499755859375,68.24500274658203,62.04427719116211,92600,0.0
2016-08-26,68.34500122070312,68.73999786376953,67.77999877929688,68.19000244140625,61.994239807128906,120200,0.0
2016-08-29,68.29499816894531,68.73500061035156,68.29499816894531,68.54000091552734,62.31246566772461,171000,0.0
2016-08-30,68.45999908447266,68.74500274658203,68.4000015258789,68.65499877929688,62.41701889038086,116600,0.0
2016-08-31,68.65499877929688,68.65499877929688,68.01000213623047,68.41000366210938,62.194278717041016,127600,0.0
2016-09-01,68.46499633789062,68.58999633789062,67.86000061035156,68.52999877929688,62.30336380004883,123800,0.0
2016-09-02,68.83999633789062,69.25,68.72000122070312,69.2300033569336,62.93976974487305,97200,0.0
2016-09-06,69.41000366210938,69.41000366210938,68.80000305175781,69.0999984741211,62.821571350097656,199600,0.0
2016-09-07,69.13500213623047,69.61499786376953,69.08000183105469,69.61000061035156,63.285221099853516,139000,0.0
2016-09-08,69.51000213623047,69.51499938964844,69.16000366210938,69.30000305175781,63.003395080566406,132200,0.0
2016-09-09,68.75,68.97000122070312,67.32499694824219,67.3550033569336,61.235130310058594,153400,0.0
2016-09-12,67.02999877929688,68.08999633789062,67.0,68.08499908447266,61.898799896240234,128400,0.0
2016-09-13,67.61499786376953,67.69000244140625,66.625,66.9800033569336,60.89421081542969,177000,0.0
2016-09-14,67.07499694824219,67.24500274658203,66.78500366210938,66.8499984741211,60.775997161865234,116600,0.0
2016-09-15,66.875,67.73999786376953,66.84500122070312,67.69999694824219,61.54878234863281,140400,0.0
2016-09-16,67.48500061035156,67.7300033569336,67.37999725341797,67.63500213623047,61.48968505859375,93000,0.0
2016-09-19,67.8949966430664,68.41000366210938,67.7249984741211,68.0,61.82151412963867,105400,0.0
2016-09-20,68.30000305175781,68.33499908447266,67.84500122070312,67.84500122070312,61.68061828613281,99800,0.0
2016-09-21,68.06999969482422,68.78500366210938,67.91999816894531,68.77999877929688,62.53065872192383,120800,0.0
2016-09-22,69.18000030517578,69.74500274658203,69.18000030517578,69.73500061035156,63.39889144897461,164800,0.0
2016-09-23,69.61499786376953,69.68499755859375,69.26499938964844,69.29499816894531,62.99885940551758,166000,0.0
2016-09-26,68.80500030517578,68.80500030517578,68.22000122070312,68.28500366210938,62.21035385131836,175400,0.1445
2016-09-27,68.19000244140625,68.50499725341797,68.00499725341797,68.40499877929688,62.31968307495117,112400,0.0
2016-09-28,68.48500061035156,68.88500213623047,68.19499969482422,68.87000274658203,62.74332046508789,84000,0.0
2016-09-29,68.8499984741211,68.8499984741211,67.80999755859375,67.92500305175781,61.88239288330078,100000,0.0
2016-09-30,68.22000122070312,68.86499786376953,67.93499755859375,68.55999755859375,62.46088409423828,375200,0.0
2016-10-03,68.36000061035156,68.45999908447266,68.03500366210938,68.44000244140625,62.351539611816406,3724000,0.0
2016-10-04,68.57499694824219,68.73500061035156,67.97000122070312,68.20500183105469,62.13744354248047,2080000,0.0
2016-10-05,68.48500061035156,68.94999694824219,68.41000366210938,68.51000213623047,62.41533660888672,935400,0.0
2016-10-06,68.42500305175781,68.56999969482422,67.95500183105469,68.55000305175781,62.45176696777344,479600,0.0
2016-10-07,68.68000030517578,68.76499938964844,67.74500274658203,68.1050033569336,62.04636764526367,135800,0.0
2016-10-10,68.44000244140625,69.03500366210938,68.44000244140625,68.81999969482422,62.69776916503906,145400,0.0
2016-10-11,68.66999816894531,68.75,67.34500122070312,67.65499877929688,61.636409759521484,184600,0.0
2016-10-12,67.69999694824219,68.04000091552734,67.48500061035156,67.66000366210938,61.64096450805664,417800,0.0
2016-10-13,67.25,67.33000183105469,66.66000366210938,67.03500366210938,61.07156753540039,140400,0.0
2016-10-14,67.32499694824219,67.55500030517578,66.83999633789062,66.83999633789062,60.89386749267578,668600,0.0
2016-10-17,66.91500091552734,67.07499694824219,66.65499877929688,66.67500305175781,60.74357223510742,308800,0.0
2016-10-18,67.30999755859375,67.33999633789062,66.76499938964844,66.78500366210938,60.843780517578125,144600,0.0
2016-10-19,66.87000274658203,67.18000030517578,66.44499969482422,66.94000244140625,60.985008239746094,330800,0.0
2016-10-20,66.67500305175781,66.79000091552734,66.16999816894531,66.41500091552734,60.506710052490234,257200,0.0
2016-10-21,65.94499969482422,66.375,65.83999633789062,66.30000305175781,60.40192413330078,195800,0.0
2016-10-24,66.75,67.11000061035156,66.69000244140625,66.80999755859375,60.8665657043457,185600,0.0
2016-10-25,66.79499816894531,66.84500122070312,66.03500366210938,66.12000274658203,60.237953186035156,172200,0.0
2016-10-26,65.80999755859375,66.07499694824219,65.31999969482422,65.46499633789062,59.64121627807617,241000,0.0
2016-10-27,65.66500091552734,65.66500091552734,64.58999633789062,64.69499969482422,58.939720153808594,248000,0.0
2016-10-28,64.61000061035156,65.05000305175781,64.41500091552734,64.63500213623047,58.88505172729492,197000,0.0
2016-10-31,64.76499938964844,65.04499816894531,64.44499969482422,64.99500274658203,59.21303939819336,1781800,0.0
2016-11-01,65.08999633789062,65.08999633789062,63.76499938964844,64.08499908447266,58.38398361206055,536400,0.0
2016-11-02,64.03500366210938,64.24500274658203,63.540000915527344,63.564998626708984,57.91024398803711,488400,0.0
2016-11-03,63.79499816894531,63.97999954223633,63.209999084472656,63.2599983215332,57.632381439208984,447800,0.0
2016-11-04,63.53499984741211,64.2699966430664,63.41999816894531,63.619998931884766,57.96036148071289,249800,0.0
2016-11-07,64.72000122070312,65.20500183105469,64.66000366210938,65.09500122070312,59.304134368896484,276200,0.0
2016-11-08,64.95999908447266,65.57499694824219,64.66000366210938,65.31500244140625,59.50456619262695,154800,0.0
2016-11-09,64.71499633789062,67.33000183105469,64.71499633789062,67.2300033569336,61.249210357666016,657200,0.0
2016-11-10,67.79499816894531,68.73500061035156,67.30500030517578,68.41500091552734,62.32878112792969,554200,0.0
2016-11-11,68.70500183105469,70.1500015258789,68.43499755859375,70.05999755859375,63.827449798583984,791000,0.0
2016-11-14,70.7300033569336,71.56999969482422,70.46499633789062,70.98999786376953,64.67472839355469,406800,0.0
2016-11-15,70.8949966430664,71.34500122070312,70.5250015258789,71.20500183105469,64.87059783935547,393400,0.0
2016-11-16,71.05000305175781,71.41500091552734,70.9000015258789,71.20500183105469,64.87059783935547,769000,0.0
2016-11-17,71.41500091552734,71.91500091552734,71.2249984741211,71.70999908447266,65.33067321777344,382200,0.0
2016-11-18,71.94999694824219,72.11499786376953,71.6500015258789,72.08000183105469,65.66770935058594,410600,0.0
2016-11-21,72.30500030517578,72.5,71.82499694824219,72.375,65.9365005493164,347000,0.0
2016-11-22,72.66000366210938,73.125,72.43499755859375,73.0999984741211,66.59700012207031,372000,0.0
2016-11-23,73.07499694824219,73.59500122070312,72.7750015258789,73.56500244140625,67.02063751220703,450000,0.0
2016-11-25,73.66999816894531,73.95500183105469,73.57499694824219,73.95500183105469,67.37594604492188,188000,0.0
2016-11-28,73.94499969482422,73.94499969482422,72.91500091552734,73.00499725341797,66.51045989990234,328800,0.0
2016-11-29,73.1050033569336,73.51000213623047,72.91999816894531,72.9749984741211,66.48312377929688,209200,0.0
2016-11-30,73.45500183105469,73.45500183105469,72.51000213623047,72.68499755859375,66.21893310546875,307800,0.0
2016-12-01,73.0,73.19499969482422,71.99500274658203,72.31500244140625,65.88185119628906,391000,0.0
2016-12-02,72.29499816894531,72.58499908447266,72.06999969482422,72.21499633789062,65.79074096679688,190800,0.0
2016-12-05,72.66500091552734,73.55500030517578,72.66500091552734,73.48500061035156,66.94775390625,641200,0.0
2016-12-06,73.7300033569336,74.33000183105469,73.20999908447266,74.25,67.64469146728516,464200,0.0
2016-12-07,74.24500274658203,75.12000274658203,73.93000030517578,75.01000213623047,68.33708953857422,430400,0.0
2016-12-08,75.23999786376953,76.32499694824219,74.9800033569336,76.27999877929688,69.4941177368164,379800,0.0
2016-12-09,76.49500274658203,76.58999633789062,76.09500122070312,76.44000244140625,69.639892578125,457200,0.0
2016-12-12,76.30000305175781,76.47000122070312,75.5,75.69999694824219,68.96571350097656,357600,0.0
2016-12-13,76.05000305175781,76.40499877929688,75.4749984741211,75.83000183105469,69.08415222167969,574200,0.0
2016-12-14,75.68499755859375,76.08000183105469,74.77999877929688,75.01499938964844,68.34164428710938,279200,0.0
2016-12-15,75.19999694824219,76.1050033569336,74.9749984741211,75.58499908447266,68.86093139648438,244400,0.0
2016-12-16,75.72000122070312,76.23500061035156,75.26499938964844,75.30999755859375,68.61042785644531,186200,0.0
2016-12-19,75.44999694824219,75.9800033569336,75.25,75.75,69.01126098632812,322200,0.0
2016-12-20,76.03500366210938,76.51499938964844,75.92500305175781,76.45999908447266,69.65811157226562,296600,0.0
2016-12-21,76.25,76.375,75.75499725341797,75.75499725341797,69.24810028076172,283000,0.2565
2016-12-22,75.83000183105469,75.8499984741211,74.97000122070312,75.16000366210938,68.70425415039062,216000,0.0
2016-12-23,75.16999816894531,75.56999969482422,75.06500244140625,75.55000305175781,69.06071472167969,281800,0.0
2016-12-27,75.66000366210938,76.19999694824219,75.66000366210938,76.0,69.47208404541016,265800,0.0
2016-12-28,76.16999816894531,76.16999816894531,74.9800033569336,75.12000274658203,68.66767120361328,305800,0.0
2016-12-29,75.13500213623047,75.63500213623047,74.875,75.2249984741211,68.76365661621094,299600,0.0
2016-12-30,75.38500213623047,75.38500213623047,74.7300033569336,75.0,68.55797576904297,572600,0.0
2017-01-03,75.875,75.95500183105469,74.73500061035156,75.27999877929688,68.81391143798828,2155400,0.0
2017-01-04,75.54000091552734,76.54000091552734,75.50499725341797,76.4800033569336,69.91085815429688,753200,0.0
2017-01-05,76.40499877929688,76.4800033569336,75.23500061035156,75.53500366210938,69.04701232910156,988600,0.0
2017-01-06,75.58999633789062,75.88500213623047,75.07499694824219,75.08999633789062,68.64024353027344,613400,0.0
2017-01-09,74.9749984741211,75.01000213623047,74.3499984741211,74.50499725341797,68.10547637939453,497200,0.0
2017-01-10,74.58000183105469,75.2750015258789,74.41500091552734,75.1500015258789,68.69508361816406,285800,0.0
2017-01-11,75.2300033569336,75.45999908447266,74.81999969482422,75.3949966430664,68.91902160644531,289200,0.0
2017-01-12,75.31999969482422,75.31999969482422,73.87999725341797,74.67500305175781,68.26087951660156,274400,0.0
2017-01-13,74.91999816894531,75.55000305175781,74.91999816894531,75.27999877929688,68.81391143798828,227400,0.0
2017-01-17,74.98999786376953,74.98999786376953,74.09500122070312,74.17500305175781,67.8038330078125,260000,0.0
2017-01-18,74.38999938964844,74.61499786376953,74.05000305175781,74.56500244140625,68.16033935546875,264600,0.0
2017-01-19,74.68499755859375,74.86000061035156,73.68499755859375,73.91999816894531,67.57074737548828,253200,0.0
2017-01-20,74.1449966430664,74.50499725341797,74.02999877929688,74.23500061035156,67.85868072509766,275600,0.0
2017-01-23,74.0999984741211,74.4000015258789,73.69999694824219,74.1050033569336,67.7398452758789,256200,0.0
2017-01-24,74.3550033569336,75.37999725341797,74.26000213623047,75.19999694824219,68.74079132080078,323000,0.0
2017-01-25,75.74500274658203,76.12000274658203,75.62000274658203,75.99500274658203,69.46752166748047,393000,0.0
2017-01-26,76.06999969482422,76.1500015258789,75.45999908447266,75.69499969482422,69.19330596923828,466800,0.0
2017-01-27,75.73999786376953,75.77999877929688,75.12999725341797,75.42500305175781,68.94648742675781,327400,0.0
2017-01-30,74.98999786376953,74.98999786376953,73.84500122070312,74.51000213623047,68.11003112792969,553800,0.0
2017-01-31,74.29499816894531,75.2750015258789,74.2699966430664,75.12000274658203,68.66767120361328,359600,0.0
2017-02-01,75.6449966430664,75.9000015258789,74.70500183105469,74.98500061035156,68.54424285888672,389200,0.0
2017-02-02,74.9000015258789,75.0250015258789,74.36000061035156,74.48500061035156,68.08722686767578,208400,0.0
2017-02-03,75.24500274658203,75.76499938964844,74.95500183105469,75.71499633789062,69.21156311035156,329400,0.0
2017-02-06,75.4800033569336,75.58000183105469,74.875,75.05999755859375,68.61278533935547,209600,0.0
2017-02-07,75.0250015258789,75.38500213623047,74.52999877929688,74.81500244140625,68.38883972167969,216600,0.0
2017-02-08,74.6050033569336,74.84500122070312,74.1050033569336,74.69999694824219,68.28375244140625,280800,0.0
2017-02-09,74.82499694824219,76.12999725341797,74.80500030517578,75.92500305175781,69.40352630615234,242600,0.0
2017-02-10,76.37000274658203,76.66999816894531,75.99500274658203,76.49500274658203,69.92454528808594,454200,0.0
2017-02-13,76.96499633789062,77.1449966430664,76.65499877929688,76.79000091552734,70.1941909790039,314200,0.0
2017-02-14,76.59500122070312,76.95999908447266,76.375,76.83499908447266,70.23534393310547,329400,0.0
2017-02-15,76.6500015258789,77.44499969482422,76.6500015258789,77.31999969482422,70.67872619628906,302400,0.0
2017-02-16,77.3550033569336,77.48500061035156,76.7699966430664,77.36499786376953,70.71983337402344,273400,0.0
2017-02-17,77.15499877929688,77.26499938964844,76.88999938964844,77.26499938964844,70.62841033935547,286600,0.0
2017-02-21,77.4000015258789,77.91500091552734,77.4000015258789,77.83999633789062,71.1540298461914,231000,0.0
2017-02-22,77.72000122070312,77.7699966430664,77.43000030517578,77.63500213623047,70.96664428710938,209600,0.0
2017-02-23,77.86499786376953,77.875,76.54499816894531,77.06500244140625,70.44558715820312,205000,0.0
2017-02-24,76.375,77.01000213623047,76.3550033569336,77.00499725341797,70.39075469970703,183800,0.0
2017-02-27,76.94499969482422,77.58000183105469,76.80999755859375,77.58000183105469,70.91638946533203,225600,0.0
2017-02-28,77.34500122070312,77.3550033569336,76.4000015258789,76.41999816894531,69.85600280761719,643800,0.0
2017-03-01,77.33499908447266,77.95999908447266,77.19000244140625,77.7699966430664,71.09001159667969,673000,0.0
2017-03-02,77.7249984741211,77.74500274658203,76.81999969482422,76.87999725341797,70.27644348144531,265800,0.0
2017-03-03,76.8550033569336,77.13500213623047,76.3949966430664,76.79499816894531,70.19877624511719,298200,0.0
2017-03-06,76.33499908447266,76.51499938964844,76.02999877929688,76.36499786376953,69.80574035644531,364200,0.0
2017-03-07,76.19999694824219,76.36499786376953,75.80999755859375,75.92500305175781,69.40352630615234,321600,0.0
2017-03-08,76.15499877929688,76.36000061035156,75.41000366210938,75.46499633789062,68.98301696777344,209800,0.0
2017-03-09,75.41000366210938,75.75,74.96499633789062,75.12000274658203,68.66767120361328,317000,0.0
2017-03-10,75.6500015258789,75.6500015258789,74.94999694824219,75.44000244140625,68.96019744873047,248200,0.0
2017-03-13,75.36499786376953,75.92500305175781,75.36499786376953,75.7300033569336,69.22525787353516,171000,0.0
2017-03-14,75.49500274658203,75.49500274658203,74.83999633789062,75.33999633789062,68.86875915527344,173200,0.0
2017-03-15,75.68000030517578,76.66999816894531,75.55000305175781,76.4800033569336,69.91085815429688,170600,0.0
2017-03-16,76.7249984741211,76.88999938964844,76.36000061035156,76.6500015258789,70.06625366210938,182400,0.0
2017-03-17,76.69999694824219,77.33000183105469,76.36000061035156,77.18499755859375,70.5552978515625,168800,0.0
2017-03-20,77.22000122070312,77.2249984741211,76.66500091552734,76.87999725341797,70.27644348144531,199400,0.0
2017-03-21,77.24500274658203,77.24500274658203,74.69000244140625,74.76499938964844,68.34314727783203,316800,0.0
2017-03-22,74.56500244140625,74.9000015258789,73.97000122070312,74.6449966430664,68.23345184326172,221400,0.0
2017-03-23,74.68000030517578,75.58499908447266,74.52999877929688,75.08499908447266,68.63568115234375,297000,0.0
2017-03-24,75.2699966430664,75.5199966430664,74.69999694824219,75.11499786376953,68.77897644042969,184600,0.1265
2017-03-27,74.29000091552734,75.21499633789062,73.79000091552734,74.99500274658203,68.66908264160156,1018000,0.0
2017-03-28,74.83000183105469,75.69000244140625,74.5999984741211,75.63999938964844,69.25969696044922,277400,0.0
2017-03-29,75.6500015258789,75.86499786376953,75.31999969482422,75.76499938964844,69.3741226196289,259000,0.0
2017-03-30,75.86000061035156,76.52999877929688,75.86000061035156,76.5199966430664,70.0654296875,302600,0.0
2017-03-31,76.48999786376953,76.91500091552734,76.22000122070312,76.54000091552734,70.08377838134766,413000,0.0
2017-04-03,76.68499755859375,76.75499725341797,75.0999984741211,75.2249984741211,68.87970733642578,2636000,0.0
2017-04-04,75.08999633789062,75.58499908447266,74.91999816894531,75.21499633789062,68.87053680419922,903400,0.0
2017-04-05,75.7699966430664,76.0199966430664,74.2699966430664,74.33999633789062,68.06934356689453,661000,0.0
2017-04-06,74.44499969482422,75.15499877929688,74.15499877929688,75.05999755859375,68.72858428955078,423600,0.0
2017-04-07,74.94499969482422,75.30000305175781,74.63500213623047,75.07499694824219,68.74235534667969,260600,0.0
2017-04-10,75.1500015258789,75.7699966430664,74.84500122070312,75.19499969482422,68.85222625732422,215400,0.0
2017-04-11,74.91000366210938,75.87000274658203,74.81500244140625,75.87000274658203,69.47027587890625,315400,0.0
2017-04-12,75.75499725341797,75.75499725341797,74.79000091552734,74.8499984741211,68.53633117675781,261000,0.0
2017-04-13,74.82499694824219,74.99500274658203,74.0,74.01499938964844,67.77175903320312,253400,0.0
2017-04-17,74.16500091552734,74.96499633789062,74.07499694824219,74.91000366210938,68.59127044677734,162800,0.0
2017-04-18,74.6449966430664,75.08499908447266,74.47000122070312,74.9800033569336,68.65534973144531,174600,0.0
2017-04-19,75.23500061035156,75.88500213623047,75.23500061035156,75.40499877929688,69.04449462890625,272200,0.0
2017-04-20,75.75499725341797,76.50499725341797,75.6050033569336,76.44999694824219,70.0013656616211,296400,0.0
2017-04-21,76.375,76.55999755859375,76.11499786376953,76.3550033569336,69.91439819335938,168000,0.0
2017-04-24,77.43499755859375,77.59500122070312,77.13999938964844,77.3499984741211,70.8254623413086,374600,0.0
2017-04-25,77.94999694824219,78.37000274658203,77.83499908447266,78.01499938964844,71.4343490600586,300000,0.0
2017-04-26,77.97000122070312,78.79000091552734,77.87999725341797,78.43499755859375,71.81892395019531,350600,0.0
2017-04-27,78.61000061035156,78.91000366210938,78.19499969482422,78.44999694824219,71.8326644897461,134000,0.0
2017-04-28,78.52999877929688,78.58999633789062,77.47000122070312,77.5,70.96280670166016,198200,0.0
2017-05-01,77.80999755859375,78.21499633789062,77.29000091552734,78.0199966430664,71.43893432617188,650000,0.0
2017-05-02,78.12000274658203,78.20999908447266,77.42500305175781,77.69000244140625,71.13676452636719,364800,0.0
2017-05-03,77.31500244140625,77.33499908447266,76.79499816894531,77.23500061035156,70.72017669677734,564800,0.0
2017-05-04,77.3949966430664,77.48500061035156,76.59500122070312,77.11499786376953,70.61026000976562,328000,0.0
2017-05-05,77.3949966430664,77.3949966430664,76.63999938964844,77.24500274658203,70.72930908203125,293600,0.0
2017-05-08,77.18000030517578,77.30500030517578,76.7699966430664,77.02999877929688,70.53244018554688,538000,0.0
2017-05-09,77.15499877929688,77.24500274658203,76.70999908447266,77.04499816894531,70.5461654663086,361600,0.0
2017-05-10,76.875,77.44499969482422,76.69999694824219,77.375,70.84835052490234,337000,0.0
2017-05-11,77.125,77.1449966430664,76.25,76.91999816894531,70.43170928955078,191200,0.0
2017-05-12,76.68499755859375,76.69000244140625,76.30500030517578,76.48500061035156,70.03339385986328,182800,0.0
2017-05-15,76.75,77.3499984741211,76.58000183105469,77.04000091552734,70.5416030883789,225400,0.0
2017-05-16,77.18499755859375,77.22000122070312,76.49500274658203,77.01499938964844,70.5186996459961,183400,0.0
2017-05-17,75.87999725341797,76.08999633789062,74.94499969482422,74.98999786376953,68.66454315185547,343200,0.0
2017-05-18,74.83000183105469,75.44999694824219,74.69000244140625,75.16000366210938,68.82019805908203,209200,0.0
2017-05-19,75.36000061035156,75.875,75.30000305175781,75.45999908447266,69.0948715209961,126800,0.0
2017-05-22,75.47000122070312,76.0999984741211,75.47000122070312,75.99500274658203,69.58476257324219,155800,0.0
2017-05-23,76.22000122070312,76.375,75.62000274658203,76.21499633789062,69.78617858886719,159600,0.0
2017-05-24,76.27999877929688,76.63500213623047,76.0,76.32499694824219,69.88690185546875,120000,0.0
2017-05-25,76.63500213623047,76.75499725341797,76.19000244140625,76.37999725341797,69.93727111816406,111600,0.0
2017-05-26,76.28500366210938,76.44999694824219,75.94000244140625,76.38500213623047,69.94183349609375,173600,0.0
2017-05-30,76.16999816894531,76.27999877929688,75.7249984741211,75.91999816894531,69.51605987548828,192400,0.0
2017-05-31,76.16999816894531,76.16999816894531,75.1050033569336,75.94000244140625,69.53437042236328,150600,0.0
2017-06-01,76.19999694824219,77.20999908447266,75.8949966430664,77.20999908447266,70.697265625,431000,0.0
2017-06-02,77.33000183105469,78.51499938964844,77.33000183105469,77.88999938964844,71.31990051269531,238800,0.0
2017-06-05,77.9000015258789,78.1449966430664,77.3499984741211,77.3499984741211,70.8254623413086,163000,0.0
2017-06-06,77.00499725341797,77.81999969482422,76.79499816894531,77.38999938964844,70.86207580566406,163000,0.0
2017-06-07,77.51499938964844,77.73999786376953,77.29499816894531,77.59500122070312,71.04978942871094,104800,0.0
2017-06-08,77.54000091552734,78.88500213623047,77.42500305175781,78.6500015258789,72.01577758789062,119200,0.0
2017-06-09,78.86000061035156,79.76000213623047,78.49500274658203,78.94999694824219,72.29049682617188,168400,0.0
2017-06-12,78.97000122070312,79.07499694824219,78.38999938964844,78.65499877929688,72.0203628540039,144600,0.0
2017-06-13,78.91500091552734,79.17500305175781,78.80999755859375,79.08000183105469,72.40953063964844,107800,0.0
2017-06-14,79.01000213623047,79.01000213623047,78.19999694824219,78.61499786376953,71.98372650146484,114400,0.0
2017-06-15,77.81999969482422,78.25499725341797,77.69999694824219,78.18499755859375,71.59003448486328,160600,0.0
2017-06-16,78.01000213623047,78.01000213623047,77.6449966430664,77.94499969482422,71.37024688720703,72800,0.0
2017-06-19,78.18000030517578,78.54000091552734,78.0999984741211,78.36000061035156,71.75025177001953,110400,0.0
2017-06-20,78.24500274658203,78.2750015258789,77.5,77.5199966430664,70.98114013671875,130400,0.0
2017-06-21,77.70500183105469,77.875,77.31500244140625,77.36000061035156,70.83463287353516,95000,0.0
2017-06-22,77.33000183105469,77.7750015258789,77.1449966430664,77.6050033569336,71.05895233154297,88800,0.0
2017-06-23,77.71499633789062,78.30000305175781,77.49500274658203,78.21499633789062,71.61750030517578,99200,0.0
2017-06-26,78.45999908447266,78.66000366210938,77.91000366210938,78.26000213623047,71.65869140625,109200,0.0
2017-06-27,78.08999633789062,78.23500061035156,77.31999969482422,77.33000183105469,70.96220397949219,129600,0.171
2017-06-28,77.80000305175781,78.57499694824219,77.61000061035156,78.52999877929688,72.0633773803711,198200,0.0
2017-06-29,78.7750015258789,78.7750015258789,77.125,77.91500091552734,71.49901580810547,203800,0.0
2017-06-30,78.05000305175781,78.28500366210938,77.41999816894531,77.9749984741211,71.5540771484375,166800,0.0
2017-07-03,78.29000091552734,78.69499969482422,78.2300033569336,78.53500366210938,72.06796264648438,116600,0.0
2017-07-05,78.44999694824219,78.44999694824219,77.74500274658203,78.13999938964844,71.70549774169922,103400,0.0
2017-07-06,77.66500091552734,77.7750015258789,76.91500091552734,77.09500122070312,70.74652862548828,175400,0.0
2017-07-07,77.28500366210938,78.08000183105469,77.125,77.98500061035156,71.563232421875,286600,0.0
2017-07-10,77.83499908447266,78.08499908447266,77.32499694824219,77.55000305175781,71.1640853881836,103600,0.0
2017-07-11,77.51499938964844,77.81500244140625,77.01000213623047,77.74500274658203,71.3430404663086,166600,0.0
2017-07-12,78.17500305175781,78.7699966430664,78.02999877929688,78.28500366210938,71.83857727050781,164600,0.0
2017-07-13,78.32499694824219,78.40499877929688,77.83499908447266,78.36499786376953,71.91194152832031,136000,0.0
2017-07-14,78.16000366210938,78.81999969482422,78.16000366210938,78.62999725341797,72.15513610839844,267600,0.0
2017-07-17,78.52999877929688,78.92500305175781,78.33000183105469,78.78500366210938,72.29737091064453,106200,0.0
2017-07-18,78.54000091552734,78.5999984741211,78.19000244140625,78.50499725341797,72.0404281616211,125000,0.0
2017-07-19,78.75499725341797,79.44999694824219,78.75499725341797,79.42500305175781,72.88469696044922,132200,0.0
2017-07-20,79.49500274658203,79.56500244140625,79.19000244140625,79.38999938964844,72.85255432128906,499600,0.0
2017-07-21,79.3550033569336,79.55000305175781,79.0250015258789,79.1500015258789,72.63231658935547,94800,0.0
2017-07-24,79.11000061035156,79.30000305175781,78.83499908447266,79.2249984741211,72.701171875,220800,0.0
2017-07-25,79.70999908447266,80.05000305175781,79.48500061035156,79.9800033569336,73.39396667480469,177200,0.0
2017-07-26,80.0999984741211,80.0999984741211,79.5199966430664,79.5999984741211,73.04525756835938,164800,0.0
2017-07-27,79.90499877929688,79.98500061035156,78.80999755859375,79.12000274658203,72.60479736328125,164800,0.0
2017-07-28,78.95500183105469,79.1500015258789,78.66500091552734,78.9800033569336,72.47632598876953,104800,0.0
2017-07-31,79.19499969482422,79.19499969482422,78.6050033569336,78.9749984741211,72.47169494628906,152600,0.0
2017-08-01,79.29499816894531,79.29499816894531,78.75,79.1500015258789,72.63231658935547,172400,0.0
2017-08-02,79.26499938964844,79.26499938964844,77.75,78.02999877929688,71.60454559326172,157200,0.0
2017-08-03,78.3550033569336,78.3550033569336,77.68499755859375,77.92500305175781,71.5082015991211,178400,0.0
2017-08-04,78.04499816894531,78.15499877929688,77.67500305175781,78.0250015258789,71.5999526977539,153400,0.0
2017-08-07,78.19499969482422,78.37000274658203,77.80000305175781,78.16000366210938,71.72384643554688,104800,0.0
2017-08-08,78.28500366210938,78.875,77.7249984741211,77.87000274658203,71.45773315429688,150400,0.0
2017-08-09,77.53500366210938,77.57499694824219,76.9000015258789,77.2300033569336,70.87043762207031,174600,0.0
2017-08-10,76.83999633789062,76.88500213623047,75.86499786376953,75.86499786376953,69.6178207397461,237200,0.0
2017-08-11,75.86499786376953,76.05999755859375,75.58999633789062,75.8949966430664,69.6453628540039,239600,0.0
2017-08-14,76.66999816894531,77.18000030517578,76.48500061035156,77.16999816894531,70.81535339355469,203000,0.0
2017-08-15,77.31999969482422,77.31999969482422,76.41000366210938,76.41000366210938,70.11798095703125,160400,0.0
2017-08-16,76.51499938964844,77.0,76.42500305175781,76.57499694824219,70.26935577392578,150000,0.0
2017-08-17,76.31999969482422,76.63999938964844,75.05999755859375,75.05999755859375,68.87908935546875,201800,0.0
2017-08-18,74.96499633789062,75.2750015258789,74.5,75.0250015258789,68.84700775146484,129000,0.0
2017-08-21,75.0,75.09500122070312,74.5999984741211,75.0,68.82405853271484,347800,0.0
2017-08-22,75.38999938964844,75.82499694824219,75.1449966430664,75.73500061035156,69.49853515625,171000,0.0
2017-08-23,75.3949966430664,75.7249984741211,75.2249984741211,75.49500274658203,69.27831268310547,128600,0.0
2017-08-24,75.83499908447266,75.98500061035156,75.46499633789062,75.59500122070312,69.37004852294922,119400,0.0
2017-08-25,75.86499786376953,75.88999938964844,75.49500274658203,75.7300033569336,69.49393463134766,142200,0.0
2017-08-28,75.9749984741211,75.9749984741211,75.58000183105469,75.91500091552734,69.66371154785156,184600,0.0
2017-08-29,75.30500030517578,76.01499938964844,75.25,75.86000061035156,69.61323547363281,111000,0.0
2017-08-30,75.81999969482422,76.44499969482422,75.81999969482422,76.33499908447266,70.04913330078125,107800,0.0
2017-08-31,76.70500183105469,77.16999816894531,76.52999877929688,77.08999633789062,70.741943359375,151600,0.0
2017-09-01,77.13500213623047,77.58999633789062,77.05999755859375,77.57499694824219,71.18701934814453,138800,0.0
2017-09-05,77.52999877929688,77.68000030517578,76.49500274658203,76.7699966430664,70.44832611083984,201800,0.0
2017-09-06,77.19499969482422,77.19499969482422,76.7300033569336,76.88500213623047,70.55384063720703,190200,0.0
2017-09-07,76.99500274658203,76.99500274658203,76.36000061035156,76.57499694824219,70.26935577392578,90600,0.0
2017-09-08,76.45999908447266,77.01000213623047,76.33999633789062,76.80000305175781,70.4758529663086,96200,0.0
2017-09-11,77.30999755859375,77.71499633789062,77.30500030517578,77.61499786376953,71.22371673583984,137200,0.0
2017-09-12,77.76499938964844,78.1449966430664,77.76499938964844,78.1449966430664,71.7100601196289,120600,0.0
2017-09-13,78.13999938964844,78.5,78.06500244140625,78.37000274658203,71.91655731201172,108600,0.0
2017-09-14,78.36499786376953,78.44499969482422,78.11000061035156,78.31500244140625,71.86609649658203,363400,0.0
2017-09-15,78.15499877929688,78.6449966430664,78.15499877929688,78.61000061035156,72.13677978515625,140000,0.0
2017-09-18,78.67500305175781,79.56999969482422,78.67500305175781,79.34500122070312,72.8112564086914,118200,0.0
2017-09-19,79.47000122070312,79.47000122070312,78.9749984741211,79.11499786376953,72.6001968383789,103400,0.0
2017-09-20,79.1500015258789,79.41000366210938,79.04000091552734,79.30500030517578,72.77456665039062,81400,0.0
2017-09-21,79.34500122070312,79.5199966430664,79.08000183105469,79.30500030517578,72.77456665039062,79400,0.0
2017-09-22,79.27999877929688,79.875,79.27999877929688,79.74500274658203,73.17835998535156,135000,0.0
2017-09-25,79.73500061035156,79.95999908447266,79.32499694824219,79.7699966430664,73.20125579833984,85400,0.0
2017-09-26,79.81500244140625,80.12000274658203,79.73999786376953,79.86000061035156,73.45005798339844,106400,0.1805
2017-09-27,80.61499786376953,81.83000183105469,80.20999908447266,81.58499908447266,75.03661346435547,349800,0.0
2017-09-28,81.625,81.95500183105469,81.29000091552734,81.8550033569336,75.28494262695312,150800,0.0
2017-09-29,82.05500030517578,82.33000183105469,81.91999816894531,82.24500274658203,75.64362335205078,121800,0.0
2017-10-02,82.44999694824219,83.3949966430664,82.25,83.3949966430664,76.70133972167969,1807000,0.0
2017-10-03,83.63999938964844,83.6500015258789,82.91999816894531,83.56999969482422,76.86228942871094,854200,0.0
2017-10-04,83.69000244140625,83.69000244140625,83.0199966430664,83.19499969482422,76.51739501953125,659400,0.0
2017-10-05,83.58499908447266,83.58499908447266,83.12999725341797,83.25,76.56794738769531,342200,0.0
2017-10-06,83.12000274658203,83.43499755859375,83.01499938964844,83.2699966430664,76.58634185791016,341000,0.0
2017-10-09,83.37000274658203,83.54499816894531,82.73999786376953,82.91500091552734,76.25987243652344,157800,0.0
2017-10-10,83.29000091552734,83.31500244140625,82.86000061035156,83.04000091552734,76.37481689453125,131400,0.0
2017-10-11,83.06999969482422,83.15499877929688,82.76499938964844,82.91500091552734,76.25987243652344,240400,0.0
2017-10-12,82.875,83.01000213623047,82.52999877929688,82.875,76.22305297851562,255400,0.0
2017-10-13,83.24500274658203,83.24500274658203,82.62999725341797,82.66000366210938,76.02530670166016,118800,0.0
2017-10-16,83.08999633789062,83.12000274658203,82.49500274658203,82.6050033569336,75.9747543334961,178200,0.0
2017-10-17,82.63500213623047,82.87000274658203,82.2249984741211,82.4000015258789,75.78620147705078,156800,0.0
2017-10-18,82.59500122070312,83.05999755859375,82.54000091552734,82.875,76.22305297851562,166800,0.0
2017-10-19,82.44499969482422,82.7699966430664,82.08499908447266,82.7699966430664,76.12649536132812,174800,0.0
2017-10-20,83.25,83.3949966430664,83.07499694824219,83.18000030517578,76.5035629272461,153200,0.0
2017-10-23,83.43000030517578,83.43000030517578,82.66999816894531,82.75499725341797,76.1126708984375,225400,0.0
2017-10-24,82.94499969482422,83.33499908447266,82.93499755859375,83.00499725341797,76.3426284790039,189400,0.0
2017-10-25,83.08999633789062,83.08999633789062,81.87999725341797,82.4749984741211,75.85515594482422,161000,0.0
2017-10-26,82.75,83.0,82.61000061035156,82.76000213623047,76.11727905273438,278000,0.0
2017-10-27,82.87000274658203,83.41999816894531,82.44499969482422,83.41999816894531,76.72431945800781,135400,0.0
2017-10-30,83.31500244140625,83.31500244140625,81.81500244140625,82.30000305175781,75.6942138671875,190400,0.0
2017-10-31,82.45999908447266,83.5,82.45999908447266,83.21499633789062,76.53575134277344,129000,0.0
2017-11-01,83.84500122070312,83.9000015258789,82.05999755859375,82.71499633789062,76.07586669921875,155200,0.0
2017-11-02,82.48999786376953,82.7249984741211,81.9000015258789,82.48500061035156,75.86436462402344,153000,0.0
2017-11-03,82.32499694824219,82.32499694824219,81.80500030517578,82.00499725341797,75.4228744506836,140400,0.0
2017-11-06,81.86000061035156,82.37999725341797,81.86000061035156,82.1449966430664,75.5516357421875,182600,0.0
2017-11-07,82.08499908447266,82.3499984741211,81.06999969482422,81.29000091552734,74.76527404785156,208400,0.0
2017-11-08,81.28500366210938,81.81500244140625,80.88999938964844,81.73999786376953,75.17916107177734,205800,0.0
2017-11-09,81.05999755859375,81.6050033569336,80.4749984741211,81.18499755859375,74.66870880126953,191000,0.0
2017-11-10,81.0199966430664,81.54499816894531,81.0199966430664,81.30500030517578,74.77906799316406,599400,0.0
2017-11-13,80.875,81.72000122070312,80.875,81.63500213623047,75.08258819580078,240800,0.0
2017-11-14,81.4000015258789,81.63500213623047,81.2249984741211,81.58499908447266,75.03661346435547,400800,0.0
2017-11-15,80.98999786376953,81.51499938964844,80.6500015258789,81.26000213623047,74.73768615722656,283800,0.0
2017-11-16,81.51499938964844,82.91999816894531,81.44999694824219,82.66999816894531,76.03450775146484,176000,0.0
2017-11-17,82.50499725341797,83.30999755859375,82.36000061035156,82.97000122070312,76.3104248046875,92000,0.0
2017-11-20,83.01000213623047,83.63999938964844,82.95999908447266,83.6050033569336,76.89447784423828,142400,0.0
2017-11-21,83.9000015258789,84.88999938964844,83.81500244140625,84.88999938964844,78.07630920410156,114600,0.0
2017-11-22,85.0199966430664,85.1449966430664,84.62000274658203,84.66000366210938,77.86478424072266,114200,0.0
2017-11-24,84.91000366210938,84.92500305175781,84.44999694824219,84.71499633789062,77.91536712646484,41200,0.0
2017-11-27,84.87000274658203,85.04000091552734,84.2249984741211,84.2249984741211,77.4646987915039,119800,0.0
2017-11-28,84.66000366210938,85.68000030517578,84.30500030517578,85.6449966430664,78.77072143554688,134400,0.0
2017-11-29,85.90499877929688,86.30500030517578,85.80000305175781,86.08499908447266,79.17538452148438,149200,0.0
2017-11-30,86.70999908447266,86.70999908447266,85.75,85.94999694824219,79.0512466430664,170600,0.0
2017-12-01,86.11499786376953,86.11499786376953,83.0,85.44000244140625,78.58219909667969,227800,0.0
2017-12-04,86.6500015258789,86.73999786376953,85.19000244140625,85.21499633789062,78.37522888183594,155800,0.0
2017-12-05,85.4000015258789,85.41999816894531,84.31500244140625,84.32499694824219,77.55665588378906,158600,0.0
2017-12-06,84.2249984741211,84.625,83.9749984741211,84.03500366210938,77.28995513916016,252800,0.0
2017-12-07,84.04499816894531,84.9000015258789,83.79499816894531,84.52999877929688,77.74520874023438,134600,0.0
2017-12-08,84.95500183105469,84.96499633789062,84.3949966430664,84.43499755859375,77.6578369140625,126400,0.0
2017-12-11,84.68000030517578,84.68000030517578,83.97000122070312,84.1050033569336,77.35432434082031,123800,0.0
2017-12-12,84.37999725341797,84.51499938964844,83.95999908447266,84.0199966430664,77.2761459350586,98000,0.0
2017-12-13,83.98999786376953,85.05000305175781,83.98999786376953,84.58499908447266,77.7957992553711,561800,0.0
2017-12-14,84.76499938964844,84.8550033569336,83.5250015258789,83.70999908447266,76.99102783203125,152200,0.0
2017-12-15,84.0250015258789,85.67500305175781,84.00499725341797,85.1449966430664,78.31086730957031,170200,0.0
2017-12-18,86.2249984741211,86.6500015258789,85.94000244140625,86.18000030517578,79.26277923583984,160000,0.0
2017-12-19,86.15499877929688,86.19000244140625,85.18499755859375,85.24500274658203,78.63368225097656,182000,0.253
2017-12-20,85.77999877929688,85.86000061035156,85.19499969482422,85.40499877929688,78.78125,188600,0.0
2017-12-21,85.76499938964844,85.86000061035156,85.5,85.58999633789062,78.95191192626953,202400,0.0
2017-12-22,85.69999694824219,85.69999694824219,85.20999908447266,85.31500244140625,78.69825744628906,175200,0.0
2017-12-26,85.29499816894531,85.52999877929688,85.2249984741211,85.31999969482422,78.7028579711914,110200,0.0
2017-12-27,85.44999694824219,85.80500030517578,85.30000305175781,85.36499786376953,78.7443618774414,102000,0.0
2017-12-28,85.44499969482422,85.80500030517578,85.3949966430664,85.75,79.0995101928711,192200,0.0
2017-12-29,86.0999984741211,86.0999984741211,85.07499694824219,85.07499694824219,78.47685241699219,173200,0.0
2018-01-02,85.30500030517578,85.8550033569336,85.08999633789062,85.44000244140625,78.81358337402344,1371400,0.0
2018-01-03,85.44499969482422,85.8499984741211,85.20999908447266,85.56999969482422,78.93347930908203,418200,0.0
2018-01-04,85.8949966430664,86.2699966430664,85.53500366210938,85.69000244140625,79.04415893554688,537000,0.0
2018-01-05,85.9800033569336,86.31500244140625,85.70500183105469,86.31500244140625,79.62068176269531,218800,0.0
2018-01-08,86.0999984741211,86.3499984741211,85.48500061035156,86.13999938964844,79.4592514038086,951000,0.0
2018-01-09,86.44000244140625,86.77999877929688,86.2249984741211,86.55000305175781,79.83744812011719,289200,0.0
2018-01-10,86.38500213623047,86.38500213623047,85.86499786376953,86.2249984741211,79.53765869140625,171800,0.0
2018-01-11,86.45999908447266,87.7300033569336,86.45999908447266,87.65499877929688,80.85678100585938,289000,0.0
2018-01-12,87.88500213623047,88.47000122070312,87.68499755859375,88.05500030517578,81.22574615478516,308400,0.0
2018-01-16,88.63999938964844,88.95500183105469,87.0999984741211,87.33999633789062,80.56617736816406,308000,0.0
2018-01-17,87.79499816894531,88.50499725341797,87.41999816894531,88.31500244140625,81.46559143066406,188800,0.0
2018-01-18,88.125,88.33499908447266,87.68000030517578,87.7750015258789,80.96746063232422,166800,0.0
2018-01-19,87.83000183105469,89.12000274658203,87.83000183105469,89.04499816894531,82.13896942138672,164200,0.0
2018-01-22,89.16500091552734,89.31500244140625,88.7300033569336,89.23500061035156,82.3142318725586,148800,0.0
2018-01-23,88.90499877929688,89.72000122070312,88.90499877929688,89.61000061035156,82.66014099121094,292800,0.0
2018-01-24,89.72000122070312,89.86499786376953,88.6449966430664,88.95500183105469,82.0559310913086,232400,0.0
2018-01-25,89.38500213623047,89.4749984741211,88.625,89.44000244140625,82.5033187866211,160800,0.0
2018-01-26,89.7249984741211,89.81500244140625,89.22000122070312,89.77999877929688,82.81695556640625,114200,0.0
2018-01-29,89.5199966430664,89.86000061035156,89.32499694824219,89.36499786376953,82.43413543701172,151600,0.0
2018-01-30,88.66999816894531,89.19499969482422,88.31999969482422,88.50499725341797,81.64083099365234,217600,0.0
2018-01-31,88.98500061035156,89.33499908447266,87.98999786376953,88.11000061035156,81.27650451660156,189600,0.0
2018-02-01,87.86499786376953,88.79000091552734,87.62000274658203,88.61000061035156,81.73767852783203,189400,0.0
2018-02-02,88.11000061035156,88.11000061035156,86.77999877929688,86.91500091552734,80.17417907714844,226400,0.0
2018-02-05,86.06500244140625,86.86499786376953,83.45999908447266,83.45999908447266,76.98711395263672,393800,0.0
2018-02-06,81.69499969482422,84.86000061035156,81.29499816894531,84.41500091552734,77.86805725097656,452800,0.0
2018-02-07,84.25499725341797,85.0199966430664,84.09500122070312,84.41500091552734,77.86805725097656,286600,0.0
2018-02-08,84.67500305175781,84.67500305175781,81.75,81.75,75.40973663330078,272000,0.0
2018-02-09,82.79499816894531,83.41000366210938,80.42500305175781,82.70500183105469,76.29066467285156,375000,0.0
2018-02-12,83.02999877929688,84.06999969482422,82.08000183105469,83.58999633789062,77.10702514648438,212400,0.0
2018-02-13,83.2750015258789,84.0,83.0999984741211,83.7750015258789,77.27767181396484,157000,0.0
2018-02-14,83.0,85.5,83.0,85.38500213623047,78.76283264160156,206000,0.0
2018-02-15,85.94999694824219,86.30000305175781,85.0999984741211,86.20500183105469,79.51921081542969,121800,0.0
2018-02-16,86.41500091552734,86.87999725341797,86.1500015258789,86.3499984741211,79.65298461914062,197400,0.0
2018-02-20,85.94999694824219,86.55000305175781,85.54000091552734,85.7300033569336,79.08104705810547,124000,0.0
2018-02-21,85.7249984741211,87.43000030517578,85.69999694824219,86.12999725341797,79.4500503540039,160400,0.0
2018-02-22,86.51000213623047,87.00499725341797,85.97000122070312,86.00499725341797,79.33473205566406,156000,0.0
2018-02-23,86.65499877929688,87.21499633789062,86.19999694824219,87.21499633789062,80.45089721679688,110000,0.0
2018-02-26,87.53500366210938,87.81999969482422,86.87000274658203,87.76000213623047,80.95360565185547,158000,0.0
2018-02-27,87.80000305175781,88.05000305175781,86.5,86.51000213623047,79.80057525634766,175000,0.0
2018-02-28,86.66500091552734,86.73500061035156,84.94999694824219,84.94999694824219,78.3615493774414,118600,0.0
2018-03-01,85.01499938964844,85.48999786376953,83.49500274658203,84.45999908447266,77.9095458984375,145400,0.0
2018-03-02,83.95500183105469,86.44999694824219,83.51000213623047,86.30500030517578,79.61144256591797,290800,0.0
2018-03-05,85.88999938964844,87.16000366210938,85.62999725341797,86.75499725341797,80.02655792236328,109200,0.0
2018-03-06,87.2249984741211,87.76499938964844,86.34500122070312,87.76499938964844,80.95823669433594,140400,0.0
2018-03-07,86.98999786376953,88.6449966430664,86.94000244140625,88.5999984741211,81.72846984863281,123400,0.0
2018-03-08,88.80999755859375,89.08499908447266,88.11499786376953,88.68499755859375,81.80687713623047,93400,0.0
2018-03-09,89.1050033569336,90.19000244140625,88.875,90.09500122070312,83.1075210571289,242400,0.0
2018-03-12,90.33499908447266,90.75499725341797,90.03500366210938,90.37000274658203,83.36119079589844,188600,0.0
2018-03-13,90.6449966430664,90.83499908447266,89.83999633789062,90.0250015258789,83.0429458618164,140600,0.0
2018-03-14,90.20500183105469,90.5,89.58000183105469,89.69000244140625,82.73394012451172,239000,0.0
2018-03-15,90.08000183105469,90.08000183105469,89.0,89.25,82.32805633544922,129200,0.0
2018-03-16,89.4000015258789,89.99500274658203,89.25,89.81500244140625,82.84922790527344,128600,0.0
2018-03-19,89.3499984741211,89.45999908447266,87.99500274658203,89.0250015258789,82.1205062866211,332200,0.0
2018-03-20,89.05500030517578,89.5,88.96499633789062,89.30000305175781,82.37419128417969,96600,0.0
2018-03-21,89.19999694824219,90.15499877929688,89.19999694824219,89.53500366210938,82.5909423828125,148800,0.0
2018-03-22,88.66999816894531,89.23500061035156,87.52999877929688,87.58000183105469,80.9376449584961,116400,0.166
2018-03-23,87.84500122070312,88.01000213623047,85.59500122070312,85.59500122070312,79.10317993164062,259200,0.0
2018-03-26,86.66500091552734,87.62000274658203,85.90499877929688,87.58999633789062,80.9468765258789,232600,0.0
2018-03-27,87.99500274658203,87.99500274658203,85.67500305175781,86.03500366210938,79.50983428955078,183800,0.0
2018-03-28,86.05999755859375,86.50499725341797,85.48500061035156,85.98999786376953,79.4682388305664,193200,0.0
2018-03-29,86.58000183105469,87.63999938964844,86.29499816894531,86.92500305175781,80.33231353759766,410800,0.0
2018-04-02,86.93000030517578,87.19499969482422,84.3949966430664,85.01000213623047,78.56253814697266,1413000,0.0
2018-04-03,85.6500015258789,86.41000366210938,85.17500305175781,86.17500305175781,79.63919067382812,608600,0.0
2018-04-04,85.53500366210938,87.44000244140625,85.16000366210938,87.20999908447266,80.59569549560547,894000,0.0
2018-04-05,87.92500305175781,88.11499786376953,87.37999725341797,88.05500030517578,81.37661743164062,371600,0.0
2018-04-06,87.51499938964844,88.06999969482422,85.73999786376953,86.45500183105469,79.89794921875,439600,0.0
2018-04-09,87.06999969482422,87.44000244140625,86.25499725341797,86.31999969482422,79.77318572998047,297000,0.0
2018-04-10,87.43499755859375,88.13500213623047,86.94000244140625,87.81999969482422,81.15943908691406,205400,0.0
2018-04-11,87.70999908447266,88.2249984741211,87.3949966430664,87.98999786376953,81.31654357910156,203000,0.0
2018-04-12,88.26000213623047,88.82499694824219,88.16500091552734,88.43000030517578,81.7231674194336,193200,0.0
2018-04-13,88.75499725341797,88.75499725341797,87.78500366210938,88.0,81.3257827758789,111200,0.0
2018-04-16,88.53500366210938,89.26499938964844,88.25499725341797,89.08999633789062,82.3331069946289,253800,0.0
2018-04-17,89.49500274658203,90.26499938964844,89.46499633789062,90.0250015258789,83.19722747802734,360800,0.0
2018-04-18,90.19499969482422,90.66500091552734,90.0,90.32499694824219,83.47443389892578,336400,0.0
2018-04-19,90.07499694824219,90.15499877929688,89.125,89.41500091552734,82.63348388671875,187200,0.0
2018-04-20,89.26000213623047,89.74500274658203,88.80999755859375,88.96499633789062,82.21759033203125,140200,0.0
2018-04-23,89.22000122070312,89.54499816894531,88.49500274658203,88.88999938964844,82.1482925415039,168600,0.0
2018-04-24,89.13500213623047,89.46499633789062,87.47000122070312,88.21499633789062,81.52448272705078,347800,0.0
2018-04-25,88.16500091552734,88.16999816894531,87.2699966430664,87.8499984741211,81.1871566772461,250400,0.0
2018-04-26,88.12000274658203,88.67500305175781,87.83499908447266,88.40499877929688,81.70006561279297,237400,0.0
2018-04-27,88.50499725341797,88.69000244140625,87.67500305175781,88.04000091552734,81.3627700805664,166200,0.0
2018-04-30,88.23999786376953,88.4749984741211,87.2249984741211,87.2249984741211,80.60955810546875,260600,0.0
2018-05-01,87.38500213623047,87.98500061035156,86.61000061035156,87.90499877929688,81.23802185058594,462000,0.0
2018-05-02,88.01000213623047,88.57499694824219,87.59500122070312,88.01000213623047,81.33501434326172,143400,0.0
2018-05-03,87.7750015258789,87.83000183105469,86.625,87.51000213623047,80.8729476928711,251200,0.0
2018-05-04,87.23500061035156,89.01499938964844,86.97000122070312,88.58000183105469,81.8617935180664,98600,0.0
2018-05-07,88.91000366210938,89.71499633789062,88.79000091552734,89.41500091552734,82.63348388671875,515600,0.0
2018-05-08,89.44499969482422,90.21499633789062,89.44499969482422,90.21499633789062,83.37279510498047,212800,0.0
2018-05-09,90.43000030517578,90.6500015258789,89.70500183105469,90.48999786376953,83.6269302368164,155000,0.0
2018-05-10,90.69999694824219,91.3550033569336,90.55999755859375,91.11499786376953,84.20452880859375,212800,0.0
2018-05-11,91.17500305175781,91.48500061035156,90.83499908447266,91.31500244140625,84.38936614990234,126000,0.0
2018-05-14,91.63500213623047,91.78500366210938,90.68499755859375,90.81999969482422,83.93190002441406,234800,0.0
2018-05-15,90.36499786376953,90.8499984741211,90.1449966430664,90.62999725341797,83.75630187988281,152400,0.0
2018-05-16,90.88999938964844,92.04499816894531,90.88999938964844,91.76000213623047,84.80060577392578,160600,0.0
2018-05-17,91.87000274658203,92.44000244140625,91.68499755859375,92.33499908447266,85.33202362060547,163400,0.0
2018-05-18,92.54000091552734,92.70999908447266,92.2249984741211,92.55500030517578,85.53529357910156,301800,0.0
2018-05-21,93.07499694824219,93.38500213623047,92.91000366210938,93.32499694824219,86.2469253540039,206400,0.0
2018-05-22,93.79000091552734,93.79000091552734,92.48999786376953,92.59500122070312,85.57230377197266,525800,0.0
2018-05-23,92.5,92.93000030517578,92.19000244140625,92.8499984741211,85.8079605102539,225400,0.0
2018-05-24,92.75499725341797,93.0250015258789,92.11000061035156,92.87999725341797,85.83567810058594,188000,0.0
2018-05-25,92.63500213623047,93.13500213623047,92.63500213623047,92.8949966430664,85.84950256347656,123600,0.0
2018-05-29,92.59500122070312,93.11000061035156,92.1050033569336,92.96499633789062,85.91422271728516,178200,0.0
2018-05-30,93.52999877929688,94.55000305175781,93.5250015258789,94.3550033569336,87.19879913330078,250600,0.0
2018-05-31,94.53500366210938,94.53500366210938,93.19000244140625,93.42500305175781,86.3393325805664,265400,0.0
2018-06-01,94.08499908447266,94.48500061035156,93.80500030517578,94.16999816894531,87.02781677246094,253800,0.0
2018-06-04,94.61499786376953,95.29000091552734,94.3550033569336,95.29000091552734,88.06287384033203,251400,0.0
2018-06-05,95.57499694824219,96.01000213623047,95.19999694824219,95.95500183105469,88.67745208740234,269000,0.0
2018-06-06,96.23500061035156,96.61000061035156,95.79000091552734,96.61000061035156,89.28276824951172,232600,0.0
2018-06-07,96.75499725341797,96.75499725341797,95.38999938964844,95.87000274658203,88.59888458251953,219600,0.0
2018-06-08,95.98500061035156,96.54000091552734,95.86000061035156,96.37000274658203,89.06097412109375,290200,0.0
2018-06-11,96.44499969482422,96.71499633789062,96.23500061035156,96.49500274658203,89.1764907836914,286400,0.0
2018-06-12,96.86000061035156,97.02999877929688,96.41500091552734,96.87999725341797,89.53229522705078,337200,0.0
2018-06-13,97.08499908447266,97.15499877929688,96.34500122070312,96.48500061035156,89.1672592163086,185800,0.0
2018-06-14,96.81500244140625,96.97000122070312,96.26000213623047,96.93000030517578,89.5785140991211,351000,0.0
2018-06-15,96.66000366210938,97.1449966430664,96.30500030517578,97.1449966430664,89.77717590332031,404800,0.0
2018-06-18,96.6500015258789,97.45500183105469,96.34500122070312,97.44999694824219,90.0590591430664,328000,0.0
2018-06-19,96.95999908447266,97.26000213623047,95.95500183105469,97.26000213623047,89.88348388671875,233000,0.0
2018-06-20,97.73999786376953,98.08499908447266,97.38500213623047,98.02999877929688,90.59505462646484,469400,0.0
2018-06-21,98.20999908447266,98.20999908447266,96.79499816894531,97.06500244140625,89.7032470703125,283200,0.0
2018-06-22,97.58000183105469,97.58499908447266,96.29000091552734,96.63999938964844,89.31050109863281,183600,0.0
2018-06-25,96.375,96.375,94.45999908447266,94.98999786376953,87.7856216430664,554600,0.0
2018-06-26,95.08499908447266,95.94499969482422,94.79499816894531,95.66000366210938,88.5521240234375,219400,0.158
2018-06-27,95.93000030517578,95.93000030517578,94.00499725341797,94.05999755859375,87.07099914550781,288200,0.0
2018-06-28,94.00499725341797,94.81999969482422,93.5999984741211,94.66999816894531,87.63565063476562,212800,0.0
2018-06-29,94.97000122070312,95.24500274658203,94.46499633789062,94.4800033569336,87.45979309082031,171600,0.0
2018-07-02,93.78500366210938,95.58499908447266,93.78500366210938,95.58499908447266,88.48269653320312,1715000,0.0
2018-07-03,96.01000213623047,96.11499786376953,95.5999984741211,95.61499786376953,88.51045227050781,282400,0.0
2018-07-05,96.23999786376953,96.86000061035156,95.63999938964844,96.86000061035156,89.66294860839844,532400,0.0
2018-07-06,97.0,97.81500244140625,96.69499969482422,97.63999938964844,90.385009765625,334200,0.0
2018-07-09,98.16500091552734,98.31500244140625,97.74500274658203,98.30500030517578,91.00057220458984,368800,0.0
2018-07-10,98.53500366210938,98.53500366210938,97.30000305175781,97.7699966430664,90.50533294677734,410800,0.0
2018-07-11,97.2750015258789,97.875,97.15499877929688,97.16000366210938,89.94065856933594,414400,0.0
2018-07-12,97.48999786376953,98.04000091552734,96.94499969482422,97.80999755859375,90.5423583984375,463200,0.0
2018-07-13,97.875,98.37000274658203,97.67500305175781,97.67500305175781,90.4173812866211,223200,0.0
2018-07-16,97.9800033569336,97.9800033569336,96.99500274658203,97.37000274658203,90.13505554199219,225400,0.0
2018-07-17,97.36499786376953,98.2750015258789,97.33000183105469,98.18499755859375,90.8895034790039,279800,0.0
2018-07-18,98.11000061035156,98.6050033569336,97.75,98.55000305175781,91.22737121582031,526000,0.0
2018-07-19,98.44999694824219,99.36000061035156,98.20500183105469,99.30500030517578,91.92628479003906,197600,0.0
2018-07-20,99.33999633789062,99.44999694824219,98.94999694824219,99.0,91.64395904541016,260400,0.0
2018-07-23,98.94000244140625,99.2750015258789,98.38500213623047,99.05000305175781,91.6902084350586,231200,0.0
2018-07-24,99.5250015258789,99.69999694824219,97.4800033569336,97.91000366210938,90.63492584228516,302000,0.0
2018-07-25,98.01499938964844,98.3550033569336,97.45999908447266,98.3550033569336,91.046875,231200,0.0
2018-07-26,98.3499984741211,99.79499816894531,98.3499984741211,99.41000366210938,92.02349090576172,232600,0.0
2018-07-27,99.68499755859375,99.77999877929688,97.38500213623047,97.66500091552734,90.4081039428711,365600,0.0
2018-07-30,97.77999877929688,97.77999877929688,96.5199966430664,96.55000305175781,89.3759994506836,393200,0.0
2018-07-31,96.66999816894531,98.43000030517578,96.66999816894531,97.9749984741211,90.69509887695312,373600,0.0
2018-08-01,98.04000091552734,98.56500244140625,97.62000274658203,98.25,90.94965362548828,239800,0.0
2018-08-02,98.05500030517578,99.5999984741211,98.05500030517578,99.47000122070312,92.07903289794922,224800,0.0
2018-08-03,99.7699966430664,99.93499755859375,98.66500091552734,99.11499786376953,91.7503890991211,274200,0.0
2018-08-06,99.2300033569336,100.04000091552734,99.0199966430664,100.0,92.56964111328125,217600,0.0
2018-08-07,99.2300033569336,100.73500061035156,99.2300033569336,100.36499786376953,92.9074935913086,366000,0.0
2018-08-08,100.4000015258789,100.4000015258789,99.42500305175781,100.00499725341797,92.5742416381836,244400,0.0
2018-08-09,100.13500213623047,100.55000305175781,99.91999816894531,100.11499786376953,92.67607879638672,258000,0.0
2018-08-10,99.80000305175781,100.62000274658203,99.45500183105469,100.01499938964844,92.58352661132812,191200,0.0
2018-08-13,100.01499938964844,100.45999908447266,99.19000244140625,99.45500183105469,92.06513214111328,240000,0.0
2018-08-14,99.66000366210938,100.8550033569336,99.66000366210938,100.67500305175781,93.19449615478516,171200,0.0
2018-08-15,100.30500030517578,100.54499816894531,99.18499755859375,99.58999633789062,92.19010162353516,569200,0.0
2018-08-16,100.26499938964844,100.86499786376953,99.91500091552734,100.49500274658203,93.0278549194336,205200,0.0
2018-08-17,100.48999786376953,101.17500305175781,100.0199966430664,101.09500122070312,93.58326721191406,170000,0.0
2018-08-20,101.48500061035156,101.58999633789062,100.65499877929688,101.23999786376953,93.71748352050781,305600,0.0
2018-08-21,101.37999725341797,102.7750015258789,101.37999725341797,102.48500061035156,94.8699951171875,270000,0.0
2018-08-22,102.65499877929688,102.86000061035156,102.19499969482422,102.7750015258789,95.1384506225586,232800,0.0
2018-08-23,102.93000030517578,103.11000061035156,102.43499755859375,102.66999816894531,95.04125213623047,517800,0.0
2018-08-24,102.80999755859375,103.2750015258789,102.80500030517578,103.18000030517578,95.51335906982422,161200,0.0
2018-08-27,103.73500061035156,104.20500183105469,103.45500183105469,103.56999969482422,95.87438201904297,283600,0.0
2018-08-28,103.875,103.91500091552734,103.23999786376953,103.6500015258789,95.94843292236328,198200,0.0
2018-08-29,103.79000091552734,103.98999786376953,103.3499984741211,103.875,96.15670013427734,229200,0.0
2018-08-30,103.66500091552734,104.32499694824219,103.44499969482422,103.80500030517578,96.09191131591797,412800,0.0
2018-08-31,103.76499938964844,104.63999938964844,103.5999984741211,104.53500366210938,96.76766967773438,315200,0.0
2018-09-04,104.38999938964844,104.41999816894531,103.3499984741211,104.16500091552734,96.4251708984375,314200,0.0
2018-09-05,104.13999938964844,104.13999938964844,102.71499633789062,103.9000015258789,96.17986297607422,428800,0.0
2018-09-06,104.1050033569336,104.125,103.1500015258789,103.2249984741211,95.55500793457031,362800,0.0
2018-09-07,103.04499816894531,103.67500305175781,102.69999694824219,102.96499633789062,95.3143310546875,231200,0.0
2018-09-10,103.29000091552734,103.83000183105469,103.13500213623047,103.30500030517578,95.62908935546875,222200,0.0
2018-09-11,103.375,103.80000305175781,102.7750015258789,103.37000274658203,95.68923950195312,574400,0.0
2018-09-12,103.29499816894531,103.29499816894531,102.16000366210938,102.84500122070312,95.20323944091797,247000,0.0
2018-09-13,103.1449966430664,103.48500061035156,102.66500091552734,102.98500061035156,95.33284759521484,153600,0.0
2018-09-14,103.30000305175781,103.95500183105469,102.92500305175781,103.91999816894531,96.19837188720703,188600,0.0
2018-09-17,103.97000122070312,103.97000122070312,102.43499755859375,102.55000305175781,94.93018341064453,220800,0.0
2018-09-18,102.83499908447266,103.16000366210938,102.58499908447266,102.875,95.23101043701172,228600,0.0
2018-09-19,102.97000122070312,103.13999938964844,101.74500274658203,101.88500213623047,94.31455993652344,219800,0.0
2018-09-20,102.18000030517578,102.69000244140625,102.0,102.69000244140625,95.05978393554688,174600,0.0
2018-09-21,103.0250015258789,103.11000061035156,101.91000366210938,102.00499725341797,94.4256591796875,213800,0.0
2018-09-24,101.55999755859375,101.94999694824219,100.92500305175781,101.48999786376953,93.94892120361328,338800,0.0
2018-09-25,101.30000305175781,101.9000015258789,101.30000305175781,101.5999984741211,94.05075073242188,170400,0.0
2018-09-26,101.84500122070312,101.84500122070312,100.30999755859375,100.45999908447266,93.13297271728516,187200,0.15
2018-09-27,100.71499633789062,100.9749984741211,100.43499755859375,100.5999984741211,93.26274871826172,214600,0.0
2018-09-28,100.07499694824219,101.2300033569336,100.07499694824219,100.87000274658203,93.51306915283203,303000,0.0
2018-10-01,101.06500244140625,101.21499633789062,99.16999816894531,99.45999908447266,92.20589447021484,1106600,0.0
2018-10-02,99.42500305175781,99.53500366210938,98.04000091552734,98.25,91.08414459228516,594800,0.0
2018-10-03,98.37999725341797,99.49500274658203,98.25,98.9749984741211,91.75626373291016,317600,0.0
2018-10-04,98.56999969482422,98.70500183105469,97.18499755859375,97.55000305175781,90.43521881103516,304800,0.0
2018-10-05,97.3499984741211,97.80999755859375,95.4749984741211,96.25499725341797,89.23465728759766,971200,0.0
2018-10-08,95.76000213623047,96.28500366210938,94.97000122070312,95.73999786376953,88.7572250366211,428600,0.0
2018-10-09,95.24500274658203,96.19000244140625,95.15499877929688,95.26499938964844,88.31684875488281,533200,0.0
2018-10-10,94.87999725341797,95.16000366210938,92.41999816894531,92.49500274658203,85.74889373779297,547200,0.0
2018-10-11,92.125,93.06999969482422,90.70500183105469,90.70500183105469,84.08943939208984,697000,0.0
2018-10-12,92.2300033569336,92.23500061035156,89.80000305175781,90.61000061035156,84.00137329101562,1273800,0.0
2018-10-15,90.62999725341797,91.58499908447266,89.98999786376953,90.98500061035156,84.34901428222656,522600,0.0
2018-10-16,91.37999725341797,93.96499633789062,90.92500305175781,93.7750015258789,86.93553161621094,556400,0.0
2018-10-17,93.83499908447266,93.83499908447266,92.19499969482422,93.375,86.56471252441406,847800,0.0
2018-10-18,93.20500183105469,93.20500183105469,91.11499786376953,91.61000061035156,84.92842864990234,304000,0.0
2018-10-19,92.05500030517578,92.15499877929688,90.23999786376953,90.43499755859375,83.83910369873047,725800,0.0
2018-10-22,90.58000183105469,91.2249984741211,90.1500015258789,90.45999908447266,83.8623046875,197200,0.0
2018-10-23,89.0999984741211,90.47000122070312,88.16000366210938,89.82499694824219,83.27362823486328,569600,0.0
2018-10-24,89.56500244140625,89.90499877929688,86.55000305175781,86.55000305175781,80.23748779296875,272800,0.0
2018-10-25,87.02999877929688,88.93000030517578,86.91999816894531,88.375,81.92938232421875,395000,0.0
2018-10-26,87.16000366210938,88.72000122070312,85.79000091552734,87.5,81.11819458007812,513200,0.0
2018-10-29,88.37999725341797,89.38500213623047,86.21499633789062,87.21499633789062,80.85399627685547,613200,0.0
2018-10-30,87.20500183105469,89.38500213623047,87.05000305175781,89.30500030517578,82.79154205322266,372800,0.0
2018-10-31,90.21499633789062,90.65499877929688,89.65499877929688,89.65499877929688,83.11601257324219,329800,0.0
2018-11-01,90.2249984741211,92.12000274658203,89.95999908447266,91.79000091552734,85.0953140258789,1001000,0.0
2018-11-02,92.13999938964844,92.54000091552734,91.36000061035156,92.12999725341797,85.41050720214844,267400,0.0
2018-11-05,92.29499816894531,92.55999755859375,91.12000274658203,91.9800033569336,85.2714614868164,229800,0.0
2018-11-06,91.93499755859375,92.94499969482422,91.5,92.7300033569336,85.96673583984375,249000,0.0
2018-11-07,93.12000274658203,93.9000015258789,92.4000015258789,93.84500122070312,87.00041961669922,336200,0.0
2018-11-08,93.50499725341797,94.1500015258789,93.29000091552734,93.69999694824219,86.8659896850586,203400,0.0
2018-11-09,93.16000366210938,93.16000366210938,91.2750015258789,91.97000122070312,85.26216888427734,203000,0.0
2018-11-12,91.7750015258789,91.99500274658203,90.04499816894531,90.07499694824219,83.50537872314453,229400,0.0
2018-11-13,90.2699966430664,91.3499984741211,89.79499816894531,89.93499755859375,83.37562561035156,247600,0.0
2018-11-14,90.63500213623047,90.91500091552734,88.90499877929688,89.27999877929688,82.76837158203125,515000,0.0
2018-11-15,88.69499969482422,90.86000061035156,88.62000274658203,90.62999725341797,84.01992797851562,655200,0.0
2018-11-16,89.92500305175781,91.16999816894531,89.70500183105469,90.99500274658203,84.35828399658203,226600,0.0
2018-11-19,90.7699966430664,91.01499938964844,88.93000030517578,89.17500305175781,82.67102813720703,150800,0.0
2018-11-20,87.81500244140625,89.11000061035156,87.41500091552734,87.625,81.23406982421875,1281000,0.0
2018-11-21,88.16999816894531,89.3499984741211,88.0250015258789,88.41999816894531,81.97110748291016,181600,0.0
2018-11-23,87.83999633789062,89.37000274658203,87.56500244140625,88.66999816894531,82.20286560058594,57200,0.0
2018-11-26,89.5250015258789,90.00499725341797,88.9800033569336,89.63500213623047,83.09746551513672,185800,0.0
2018-11-27,89.12000274658203,89.56500244140625,88.77999877929688,88.92500305175781,82.43925476074219,293600,0.0
2018-11-28,89.16500091552734,91.56500244140625,88.68000030517578,91.56500244140625,84.88671875,254400,0.0
2018-11-29,91.0999984741211,91.83999633789062,90.49500274658203,91.25,84.59468841552734,270600,0.0
2018-11-30,91.16000366210938,92.125,90.92500305175781,92.02999877929688,85.31782531738281,332000,0.0
2018-12-03,92.83499908447266,93.26499938964844,91.26499938964844,92.57499694824219,85.82304382324219,553600,0.0
2018-12-04,92.25499725341797,92.49500274658203,88.11499786376953,88.28500366210938,81.845947265625,363000,0.0
2018-12-06,86.76499938964844,88.29000091552734,85.95500183105469,88.29000091552734,81.85057830810547,439400,0.0
2018-12-07,88.2300033569336,88.80500030517578,85.94000244140625,86.37999725341797,80.07988739013672,315200,0.0
2018-12-10,86.125,86.69499969482422,84.93499755859375,86.11000061035156,79.8295669555664,457600,0.0
2018-12-11,87.06500244140625,87.45999908447266,85.33000183105469,85.96499633789062,79.69515228271484,388800,0.0
2018-12-12,86.86000061035156,88.08499908447266,86.55500030517578,86.90499877929688,80.56658935546875,281800,0.0
2018-12-13,87.07499694824219,87.3499984741211,85.53500366210938,85.68499755859375,79.43556213378906,212200,0.0
2018-12-14,84.95500183105469,85.9749984741211,83.96499633789062,84.2300033569336,78.08670806884766,464400,0.0
2018-12-17,83.56500244140625,84.1449966430664,81.43000030517578,81.92500305175781,76.19359588623047,781000,0.2695
2018-12-18,82.57499694824219,83.5250015258789,81.75,82.04000091552734,76.30055236816406,998200,0.0
2018-12-19,82.12000274658203,82.91000366210938,79.9000015258789,80.28500366210938,74.66835021972656,692000,0.0
2018-12-20,80.01000213623047,80.41500091552734,78.17500305175781,78.98999786376953,73.46392822265625,849400,0.0
2018-12-21,79.18000030517578,79.68000030517578,76.8949966430664,77.18000030517578,71.7805404663086,1013000,0.0
2018-12-24,76.66999816894531,77.2249984741211,75.63500213623047,75.73999786376953,70.4413070678711,685800,0.0
2018-12-26,75.92500305175781,79.48999786376953,75.73999786376953,79.36499786376953,73.81269073486328,800600,0.0
2018-12-27,78.47000122070312,79.8949966430664,77.08000183105469,79.8949966430664,74.30562591552734,807400,0.0
2018-12-28,80.06999969482422,81.4000015258789,79.36000061035156,80.23500061035156,74.62181854248047,677400,0.0
2018-12-31,80.72000122070312,80.93499755859375,79.62999725341797,80.66500091552734,75.02174377441406,699800,0.0
2019-01-02,79.44000244140625,81.05500030517578,79.2750015258789,80.5999984741211,74.96128845214844,1826000,0.0
2019-01-03,79.96499633789062,80.33499908447266,78.73500061035156,78.94499969482422,73.42208862304688,591000,0.0
2019-01-04,79.75,81.92500305175781,79.75,81.5999984741211,75.89132690429688,844600,0.0
2019-01-07,81.47000122070312,83.16999816894531,81.43499755859375,82.70999908447266,76.92367553710938,684400,0.0
2019-01-08,83.12000274658203,84.05000305175781,82.7249984741211,83.98500061035156,78.10948944091797,335400,0.0
2019-01-09,84.37999725341797,85.15499877929688,84.0199966430664,84.88500213623047,78.94649505615234,411600,0.0
2019-01-10,84.30999755859375,85.32499694824219,84.08000183105469,85.32499694824219,79.35572814941406,247200,0.0
2019-01-11,84.80000305175781,85.5,84.80000305175781,85.38500213623047,79.41153717041016,182200,0.0
2019-01-14,84.75,85.18000030517578,84.40499877929688,84.41500091552734,78.50940704345703,226600,0.0
2019-01-15,84.67500305175781,85.30000305175781,84.48999786376953,85.30000305175781,79.3324966430664,510800,0.0
2019-01-16,85.32499694824219,86.15499877929688,85.32499694824219,85.75499725341797,79.75564575195312,206000,0.0
2019-01-17,85.37999725341797,86.88999938964844,85.37999725341797,86.61499786376953,80.55549621582031,285400,0.0
2019-01-18,87.16000366210938,87.71499633789062,86.71499633789062,87.38500213623047,81.27164459228516,225800,0.0
2019-01-22,87.0,87.08499908447266,85.44499969482422,85.86000061035156,79.85330963134766,399800,0.0
2019-01-23,85.94499969482422,86.71499633789062,85.2699966430664,85.79499816894531,79.7928695678711,228200,0.0
2019-01-24,85.71499633789062,86.375,85.63500213623047,86.2750015258789,80.23927307128906,179600,0.0
2019-01-25,86.76499938964844,87.30999755859375,86.75,87.07499694824219,80.98330688476562,174200,0.0
2019-01-28,86.2750015258789,86.73500061035156,85.86000061035156,86.42500305175781,80.37879180908203,379800,0.0
2019-01-29,86.62999725341797,86.69000244140625,86.1050033569336,86.33999633789062,80.29972076416016,309600,0.0
2019-01-30,86.63500213623047,87.63500213623047,86.125,87.20999908447266,81.10887908935547,210200,0.0
2019-01-31,87.08499908447266,88.15499877929688,87.08499908447266,87.97000122070312,81.81570434570312,271200,0.0
2019-02-01,88.20500183105469,88.20500183105469,87.44999694824219,87.7699966430664,81.62969970703125,199600,0.0
2019-02-04,87.73500061035156,89.0250015258789,87.62999725341797,89.01499938964844,82.78759765625,213400,0.0
2019-02-05,89.0,89.38999938964844,88.58499908447266,89.01000213623047,82.78294372558594,249400,0.0
2019-02-06,88.81500244140625,89.05999755859375,88.56500244140625,88.875,82.65737915039062,183600,0.0
2019-02-07,88.3949966430664,88.76000213623047,87.5199966430664,88.15499877929688,81.98776245117188,181800,0.0
2019-02-08,87.68499755859375,88.29499816894531,87.625,88.2699966430664,82.0947036743164,252400,0.0
2019-02-11,88.50499725341797,89.05999755859375,88.20500183105469,89.05999755859375,82.82941436767578,197800,0.0
2019-02-12,89.56999969482422,90.24500274658203,89.33999633789062,90.24500274658203,83.93153381347656,200200,0.0
2019-02-13,90.5,90.76000213623047,90.12000274658203,90.58499908447266,84.24775695800781,164200,0.0
2019-02-14,89.99500274658203,91.17500305175781,89.99500274658203,90.75,84.4012222290039,134200,0.0
2019-02-15,91.00499725341797,92.06999969482422,90.99500274658203,92.06999969482422,85.62886047363281,161200,0.0
2019-02-19,91.86000061035156,92.72000122070312,91.50499725341797,92.45999908447266,85.99156951904297,208600,0.0
2019-02-20,92.3949966430664,92.94999694824219,92.27999877929688,92.94999694824219,86.4472885131836,138800,0.0
2019-02-21,92.83499908447266,92.87000274658203,92.25,92.68000030517578,86.19619750976562,147600,0.0
2019-02-22,92.61499786376953,92.94499969482422,92.31999969482422,92.94499969482422,86.4426498413086,214400,0.0
2019-02-25,93.2699966430664,93.6500015258789,92.75499725341797,92.82499694824219,86.3310317993164,134400,0.0
2019-02-26,92.61000061035156,92.70500183105469,91.91999816894531,91.98500061035156,85.54983520507812,136800,0.0
2019-02-27,91.45999908447266,92.1449966430664,91.3499984741211,92.1449966430664,85.6986083984375,117400,0.0
2019-02-28,91.92500305175781,92.30999755859375,91.59500122070312,91.95500183105469,85.52191925048828,113000,0.0
2019-03-01,92.625,92.63500213623047,91.71499633789062,92.4749984741211,86.00553131103516,128400,0.0
2019-03-04,92.72000122070312,92.73500061035156,90.82499694824219,91.40499877929688,85.01039123535156,164000,0.0
2019-03-05,91.40499877929688,91.50499725341797,90.91500091552734,91.13999938964844,84.76393127441406,129000,0.0
2019-03-06,91.22000122070312,91.22000122070312,89.22000122070312,89.3550033569336,83.10379791259766,212800,0.0
2019-03-07,89.27999877929688,89.375,88.3499984741211,88.54499816894531,82.3504638671875,241400,0.0
2019-03-08,87.8499984741211,88.52999877929688,87.8499984741211,88.51000213623047,82.31791687011719,119400,0.0
2019-03-11,88.625,89.91999816894531,88.62000274658203,89.91999816894531,83.62928009033203,122200,0.0
2019-03-12,90.1050033569336,90.23999786376953,89.62999725341797,89.94999694824219,83.65717315673828,116600,0.0
2019-03-13,90.2699966430664,90.70500183105469,90.08000183105469,90.27999877929688,83.96407318115234,124800,0.0
2019-03-14,90.24500274658203,90.24500274658203,89.72000122070312,89.72000122070312,83.44327545166016,102200,0.0
2019-03-15,90.0250015258789,90.51000213623047,89.68499755859375,89.80999755859375,83.5269775390625,140400,0.0
2019-03-18,89.68000030517578,90.75,89.66000366210938,90.5,84.168701171875,234000,0.0
2019-03-19,90.93000030517578,90.93000030517578,89.81500244140625,90.02999877929688,83.73158264160156,202800,0.0
2019-03-20,89.86000061035156,90.4749984741211,88.83499908447266,89.2300033569336,83.14686584472656,148400,0.1725
2019-03-21,88.9800033569336,90.93499755859375,88.9800033569336,90.4749984741211,84.30699157714844,159400,0.0
2019-03-22,90.0250015258789,90.11499786376953,87.26000213623047,87.26000213623047,81.3111572265625,218800,0.0
2019-03-25,87.33999633789062,88.17500305175781,86.53500366210938,87.70999908447266,81.73049926757812,279800,0.0
2019-03-26,88.34500122070312,89.04499816894531,88.02999877929688,88.44999694824219,82.4200210571289,148400,0.0
2019-03-27,88.36000061035156,88.68000030517578,87.08499908447266,88.0999984741211,82.09388732910156,196400,0.0
2019-03-28,88.2750015258789,89.12999725341797,88.05000305175781,89.01000213623047,82.94186401367188,189200,0.0
2019-03-29,89.6500015258789,89.76499938964844,88.78500366210938,89.2300033569336,83.14686584472656,174800,0.0
2019-04-01,89.91000366210938,90.24500274658203,89.55000305175781,90.06500244140625,83.92491912841797,253400,0.0
2019-04-02,89.70999908447266,89.8550033569336,89.2300033569336,89.69999694824219,83.58479309082031,161600,0.0
2019-04-03,90.06500244140625,90.70500183105469,89.8949966430664,90.13999938964844,83.99481201171875,273800,0.0
2019-04-04,90.12999725341797,90.63999938964844,89.9800033569336,90.58499908447266,84.40946197509766,208000,0.0
2019-04-05,90.76499938964844,91.56999969482422,90.76499938964844,91.44499969482422,85.21086120605469,150400,0.0
2019-04-08,91.30000305175781,91.37000274658203,90.81500244140625,91.30500030517578,85.08040618896484,167400,0.0
2019-04-09,91.00499725341797,91.30500030517578,90.2300033569336,90.33499908447266,84.17652130126953,167800,0.0
2019-04-10,90.44000244140625,91.80000305175781,90.44000244140625,91.72000122070312,85.46711730957031,152400,0.0
2019-04-11,91.875,91.875,91.30999755859375,91.45999908447266,85.22483825683594,95200,0.0
2019-04-12,91.98999786376953,91.98999786376953,91.44000244140625,91.69499969482422,85.44380950927734,91000,0.0
2019-04-15,91.5999984741211,91.95999908447266,91.05000305175781,91.41500091552734,85.18289184570312,130800,0.0
2019-04-16,91.49500274658203,91.73999786376953,91.13999938964844,91.3550033569336,85.12699890136719,164600,0.0
2019-04-17,91.68499755859375,91.68499755859375,90.03500366210938,90.57499694824219,84.4001693725586,137400,0.0
2019-04-18,90.44000244140625,90.69499969482422,89.81500244140625,90.30999755859375,84.15323638916016,110600,0.0
2019-04-22,89.81999969482422,90.44999694824219,89.7300033569336,90.13500213623047,83.99015045166016,112000,0.0
2019-04-23,89.88999938964844,91.9000015258789,89.88999938964844,91.62999725341797,85.38323211669922,185800,0.0
2019-04-24,91.67500305175781,92.12000274658203,91.55500030517578,91.79499816894531,85.53699493408203,124800,0.0
2019-04-25,91.43499755859375,91.43499755859375,90.625,91.24500274658203,85.02450561523438,143000,0.0
2019-04-26,91.0199966430664,92.08000183105469,91.0199966430664,91.9749984741211,85.70471954345703,158200,0.0
2019-04-29,92.2699966430664,92.70999908447266,92.06999969482422,92.37999725341797,86.08210754394531,160600,0.0
2019-04-30,92.36000061035156,92.58499908447266,91.45500183105469,92.26000213623047,85.97028350830078,149800,0.0
2019-05-01,92.66500091552734,92.7699966430664,91.68000030517578,91.68000030517578,85.42982482910156,129800,0.0
2019-05-02,91.55500030517578,92.54499816894531,91.12000274658203,92.05500030517578,85.7792739868164,271200,0.0
2019-05-03,92.49500274658203,93.7750015258789,92.40499877929688,93.75499725341797,87.36338806152344,216600,0.0
2019-05-06,92.18499755859375,94.05000305175781,92.18499755859375,93.88500213623047,87.48451232910156,145600,0.0
2019-05-07,93.0250015258789,93.2750015258789,91.25499725341797,91.98500061035156,85.71404266357422,179000,0.0
2019-05-08,91.7249984741211,92.26000213623047,91.29000091552734,91.32499694824219,85.09902954101562,145800,0.0
2019-05-09,90.59500122070312,91.37999725341797,89.73999786376953,91.1500015258789,84.93596649169922,132000,0.0
2019-05-10,90.88500213623047,91.6050033569336,89.69000244140625,91.3949966430664,85.16426849365234,120400,0.0
2019-05-13,89.6449966430664,90.00499725341797,88.4000015258789,88.6500015258789,82.60639953613281,148200,0.0
2019-05-14,88.81999969482422,89.92500305175781,88.81999969482422,89.53500366210938,83.43106079101562,141600,0.0
2019-05-15,88.9800033569336,89.9749984741211,88.76000213623047,89.76499938964844,83.64539337158203,100200,0.0
2019-05-16,89.87000274658203,90.93000030517578,89.87000274658203,90.23999786376953,84.08800506591797,85400,0.0
2019-05-17,89.54499816894531,90.2750015258789,88.83499908447266,88.875,82.8160629272461,88400,0.0
2019-05-20,88.23500061035156,88.90499877929688,88.04000091552734,88.41500091552734,82.38743591308594,99400,0.0
2019-05-21,88.75,89.63500213623047,88.75,89.44999694824219,83.35186767578125,600600,0.0
2019-05-22,88.98500061035156,89.36000061035156,88.51000213623047,88.77999877929688,82.7275161743164,90600,0.0
2019-05-23,87.59500122070312,88.05000305175781,86.30999755859375,86.71499633789062,80.80331420898438,169200,0.0
2019-05-24,87.15499877929688,87.79499816894531,87.05000305175781,87.70999908447266,81.73049926757812,91600,0.0
2019-05-28,87.93000030517578,88.33999633789062,87.20500183105469,87.20500183105469,81.25991821289062,398800,0.0
2019-05-29,86.81999969482422,86.81999969482422,85.95999908447266,86.51000213623047,80.6123046875,227400,0.0
2019-05-30,86.67500305175781,87.33999633789062,86.0,86.42500305175781,80.53309631347656,146400,0.0
2019-05-31,85.55000305175781,85.7750015258789,84.91500091552734,85.34500122070312,79.52672576904297,451600,0.0
2019-06-03,85.40499877929688,86.16000366210938,85.11499786376953,85.67500305175781,79.83419799804688,242600,0.0
2019-06-04,86.4000015258789,87.91500091552734,86.4000015258789,87.80999755859375,81.82366180419922,168000,0.0
2019-06-05,88.08499908447266,88.18000030517578,87.12999725341797,87.94000244140625,81.94479370117188,285800,0.0
2019-06-06,87.84500122070312,88.0,86.9000015258789,87.76000213623047,81.77706909179688,192200,0.0
2019-06-07,87.8550033569336,88.7750015258789,87.8550033569336,88.41000366210938,82.38275909423828,126000,0.0
2019-06-10,88.6449966430664,89.70500183105469,88.6449966430664,89.02999877929688,82.96050262451172,106200,0.0
2019-06-11,89.625,89.63500213623047,88.1050033569336,88.51000213623047,82.4759521484375,139400,0.0
2019-06-12,88.09500122070312,88.70500183105469,88.0199966430664,88.61499786376953,82.57378387451172,137600,0.0
2019-06-13,89.1500015258789,89.45999908447266,88.81500244140625,89.33499908447266,83.24468994140625,118000,0.0
2019-06-14,89.19000244140625,89.3550033569336,88.62999725341797,88.68499755859375,82.6390151977539,77400,0.0
2019-06-17,88.58000183105469,89.19999694824219,88.56999969482422,88.62000274658203,82.7702407836914,133000,0.2055
2019-06-18,89.0250015258789,90.36000061035156,89.0250015258789,89.7300033569336,83.80697631835938,147600,0.0
2019-06-19,89.55999755859375,90.23500061035156,89.55999755859375,90.2300033569336,84.27395629882812,124800,0.0
2019-06-20,90.86499786376953,91.21499633789062,90.3499984741211,90.83000183105469,84.8343505859375,140800,0.0
2019-06-21,90.84500122070312,90.84500122070312,89.9000015258789,90.12999725341797,84.18054962158203,392800,0.0
2019-06-24,90.12999725341797,90.29000091552734,89.125,89.19000244140625,83.30262756347656,166800,0.0
2019-06-25,89.19000244140625,89.3949966430664,88.51000213623047,88.62000274658203,82.7702407836914,180200,0.0
2019-06-26,88.875,89.2300033569336,88.30999755859375,88.38999938964844,82.55541229248047,107800,0.0
2019-06-27,88.51000213623047,90.08000183105469,88.51000213623047,89.99500274658203,84.05447387695312,147600,0.0
2019-06-28,90.19000244140625,91.46499633789062,90.19000244140625,91.23999786376953,85.21727752685547,255400,0.0
2019-07-01,92.19999694824219,92.69000244140625,91.11499786376953,91.42500305175781,85.39006042480469,225400,0.0
2019-07-02,91.31500244140625,91.41999816894531,90.41500091552734,90.90499877929688,84.9044189453125,135200,0.0
2019-07-03,91.2750015258789,91.62000274658203,91.00499725341797,91.51499938964844,85.4741439819336,244600,0.0
2019-07-05,90.96499633789062,91.88500213623047,90.78500366210938,91.83499908447266,85.77302551269531,133800,0.0
2019-07-08,91.67500305175781,91.67500305175781,90.7699966430664,90.91999816894531,84.9184341430664,126600,0.0
2019-07-09,90.55999755859375,90.91500091552734,90.38999938964844,90.8550033569336,84.85770416259766,167600,0.0
2019-07-10,91.41500091552734,91.65499877929688,90.84500122070312,91.16500091552734,85.14725494384766,152600,0.0
2019-07-11,91.4749984741211,91.4749984741211,90.33999633789062,90.7750015258789,84.78298950195312,150200,0.0
2019-07-12,90.95500183105469,91.71499633789062,90.83999633789062,91.36499786376953,85.33405303955078,117400,0.0
2019-07-15,91.62999725341797,91.75,90.73500061035156,90.9800033569336,84.97447204589844,122000,0.0
2019-07-16,90.99500274658203,91.50499725341797,90.7750015258789,90.97000122070312,84.96510314941406,98600,0.0
2019-07-17,90.62999725341797,91.03500366210938,90.33000183105469,90.58499908447266,84.60551452636719,411200,0.0
2019-07-18,90.375,91.0999984741211,90.33499908447266,90.91000366210938,84.9090805053711,120200,0.0
2019-07-19,90.98500061035156,91.40499877929688,90.48999786376953,90.54499816894531,84.56816101074219,166400,0.0
2019-07-22,90.6449966430664,91.05999755859375,90.3550033569336,90.42500305175781,84.4560775756836,164000,0.0
2019-07-23,90.87999725341797,91.18499755859375,90.41000366210938,91.18499755859375,85.16593170166016,135800,0.0
2019-07-24,90.94499969482422,92.57499694824219,90.86499786376953,92.5250015258789,86.41748046875,176000,0.0
2019-07-25,92.49500274658203,92.49500274658203,91.2750015258789,91.31500244140625,85.28733825683594,178200,0.0
2019-07-26,91.62000274658203,92.50499725341797,91.44999694824219,92.37000274658203,86.27271270751953,94200,0.0
2019-07-29,92.0999984741211,92.41999816894531,91.7300033569336,91.98500061035156,85.91311645507812,169600,0.0
2019-07-30,91.3550033569336,92.88999938964844,91.29000091552734,92.83999633789062,86.71166229248047,126600,0.0
2019-07-31,92.87999725341797,93.68000030517578,91.67500305175781,92.18000030517578,86.09524536132812,131800,0.0
2019-08-01,92.30000305175781,93.19499969482422,90.81500244140625,91.1449966430664,85.1285629272461,159800,0.0
2019-08-02,90.75499725341797,90.87000274658203,89.55500030517578,90.20500183105469,84.25062561035156,189400,0.0
2019-08-05,88.66000366210938,89.03500366210938,86.70999908447266,87.81999969482422,82.02305603027344,275200,0.0
2019-08-06,88.5250015258789,88.96499633789062,87.6500015258789,88.73500061035156,82.87765502929688,165600,0.0
2019-08-07,87.9749984741211,89.08000183105469,87.48999786376953,88.83999633789062,82.97571563720703,214400,0.0
2019-08-08,89.30000305175781,90.83499908447266,89.2750015258789,90.76499938964844,84.77363586425781,110000,0.0
2019-08-09,90.54000091552734,90.54000091552734,89.42500305175781,89.68000030517578,83.76028442382812,105400,0.0
2019-08-12,89.19499969482422,89.19499969482422,88.50499725341797,88.63999938964844,82.78888702392578,132000,0.0
2019-08-13,88.5199966430664,90.52999877929688,88.4749984741211,89.70999908447266,83.78831481933594,141800,0.0
2019-08-14,88.05000305175781,88.19499969482422,87.0250015258789,87.25,81.49068450927734,164200,0.0
2019-08-15,87.56999969482422,87.59500122070312,86.71499633789062,87.11000061035156,81.35990142822266,170800,0.0
2019-08-16,87.66500091552734,89.08499908447266,87.66500091552734,88.94499969482422,83.07379150390625,153200,0.0
2019-08-19,89.87999725341797,90.32499694824219,89.68499755859375,89.73500061035156,83.81161499023438,93200,0.0
2019-08-20,89.41000366210938,89.63999938964844,89.00499725341797,89.00499725341797,83.12982940673828,72400,0.0
2019-08-21,89.82499694824219,89.9000015258789,89.45500183105469,89.72000122070312,83.7976303100586,154400,0.0
2019-08-22,89.6449966430664,90.1500015258789,89.04000091552734,89.43499755859375,83.53142547607422,462200,0.0
2019-08-23,89.01000213623047,89.55000305175781,86.55000305175781,86.83000183105469,81.09840393066406,152600,0.0
2019-08-26,87.74500274658203,87.74500274658203,87.0199966430664,87.66500091552734,81.87825775146484,148800,0.0
2019-08-27,88.19499969482422,88.29000091552734,86.55500030517578,86.6449966430664,80.92558288574219,161400,0.0
2019-08-28,86.4000015258789,88.1500015258789,86.32499694824219,87.58499908447266,81.80355834960938,175400,0.0
2019-08-29,88.43499755859375,89.08000183105469,88.43499755859375,88.94999694824219,83.07847595214844,121800,0.0
2019-08-30,89.30000305175781,89.46499633789062,88.13500213623047,88.55500030517578,82.70951843261719,249400,0.0
2019-09-03,87.93499755859375,88.19999694824219,87.08499908447266,87.38500213623047,81.61676025390625,129600,0.0
2019-09-04,88.18499755859375,88.42500305175781,87.76000213623047,88.18499755859375,82.36396026611328,103800,0.0
2019-09-05,89.0199966430664,90.44999694824219,89.0199966430664,89.63999938964844,83.722900390625,382000,0.0
2019-09-06,89.90499877929688,90.12000274658203,89.3949966430664,89.50499725341797,83.5968246459961,156400,0.0
2019-09-09,89.6500015258789,90.1449966430664,89.1050033569336,90.04000091552734,84.09650421142578,143800,0.0
2019-09-10,89.9000015258789,90.7699966430664,89.20999908447266,90.75499725341797,84.7643051147461,150200,0.0
2019-09-11,90.80500030517578,92.71499633789062,90.71499633789062,92.66000366210938,86.5435562133789,136000,0.0
2019-09-12,92.80000305175781,93.05500030517578,92.0,92.55500030517578,86.44547271728516,239400,0.0
2019-09-13,92.80000305175781,93.49500274658203,92.50499725341797,92.56500244140625,86.45484161376953,174000,0.0
2019-09-16,92.55000305175781,93.2699966430664,92.33000183105469,92.8949966430664,86.76305389404297,119800,0.0
2019-09-17,92.67500305175781,92.9749984741211,92.34500122070312,92.92500305175781,86.79106903076172,198000,0.0
2019-09-18,92.87999725341797,93.04499816894531,91.54499816894531,92.3499984741211,86.2540054321289,160600,0.0
2019-09-19,92.6449966430664,93.08999633789062,91.82499694824219,91.87999725341797,85.8150405883789,378400,0.0
2019-09-20,92.02999877929688,92.16999816894531,90.96499633789062,91.42500305175781,85.39006042480469,127800,0.0
2019-09-23,91.01499938964844,91.76499938964844,91.01499938964844,91.33000183105469,85.30135345458984,90000,0.0
2019-09-24,91.31999969482422,91.43000030517578,89.45500183105469,89.67500305175781,83.97166442871094,341200,0.235
2019-09-25,89.6449966430664,90.95500183105469,89.5,90.68499755859375,84.91742706298828,132200,0.0
2019-09-26,90.625,90.625,89.43499755859375,89.70999908447266,84.00442504882812,288400,0.0
2019-09-27,89.98999786376953,90.13999938964844,88.70999908447266,89.1050033569336,83.43791961669922,112600,0.0
2019-09-30,89.25499725341797,89.75499725341797,88.87999725341797,89.19000244140625,83.51753234863281,124200,0.0
2019-10-01,89.5,90.24500274658203,87.30000305175781,87.48999786376953,81.92562866210938,204400,0.0
2019-10-02,86.96499633789062,86.9800033569336,86.1500015258789,86.72000122070312,81.20458984375,154600,0.0
2019-10-03,86.45999908447266,87.16999816894531,85.43499755859375,87.13500213623047,81.59321594238281,192800,0.0
2019-10-04,86.88500213623047,88.00499725341797,86.77999877929688,87.90499877929688,82.31425476074219,135400,0.0
2019-10-07,87.71499633789062,88.48500061035156,87.36000061035156,87.88500213623047,82.29552459716797,104800,0.0
2019-10-08,87.11499786376953,87.16500091552734,86.19999694824219,86.45500183105469,80.95645904541016,152000,0.0
2019-10-09,87.01499938964844,87.1500015258789,86.58499908447266,86.77999877929688,81.26079559326172,142400,0.0
2019-10-10,86.86000061035156,87.54499816894531,86.5199966430664,86.98999786376953,81.45744323730469,113000,0.0
2019-10-11,88.04499816894531,89.5,88.04499816894531,88.55000305175781,82.91820526123047,199400,0.0
2019-10-14,88.31500244140625,88.44499969482422,87.93499755859375,88.34500122070312,82.72624206542969,70200,0.0
2019-10-15,88.56500244140625,89.5199966430664,88.44000244140625,89.19000244140625,83.51753234863281,418000,0.0
2019-10-16,89.15499877929688,89.87000274658203,89.07499694824219,89.54000091552734,83.84525299072266,85800,0.0
2019-10-17,89.81500244140625,90.66999816894531,89.81500244140625,90.56999969482422,84.80973052978516,243000,0.0
2019-10-18,90.3499984741211,90.63500213623047,89.37999725341797,90.00499725341797,84.28069305419922,124400,0.0
2019-10-21,90.82499694824219,91.33499908447266,90.66000366210938,90.68499755859375,84.91742706298828,93600,0.0
2019-10-22,90.98999786376953,91.17500305175781,90.48999786376953,90.78500366210938,85.01107025146484,65800,0.0
2019-10-23,90.7750015258789,90.91999816894531,90.5,90.84500122070312,85.06723022460938,70200,0.0
2019-10-24,91.13500213623047,91.13500213623047,90.30000305175781,90.69499969482422,84.92679595947266,89400,0.0
2019-10-25,90.5199966430664,91.59500122070312,90.5199966430664,91.12000274658203,85.32476806640625,79400,0.0
2019-10-28,91.45500183105469,92.3499984741211,91.45500183105469,91.96499633789062,86.11602020263672,163800,0.0
2019-10-29,91.83000183105469,92.68499755859375,91.76499938964844,92.43499755859375,86.55611419677734,105800,0.0
2019-10-30,92.4800033569336,92.4800033569336,91.45500183105469,92.07499694824219,86.21900939941406,113600,0.0
2019-10-31,91.83000183105469,91.83000183105469,90.45500183105469,91.08499908447266,85.29198455810547,141600,0.0
2019-11-01,91.58999633789062,92.3949966430664,91.04499816894531,92.19000244140625,86.32670593261719,183400,0.0
2019-11-04,92.86499786376953,93.09500122070312,92.5999984741211,92.91500091552734,87.00560760498047,102200,0.0
2019-11-05,92.90499877929688,93.50499725341797,92.66000366210938,92.78500366210938,86.88387298583984,197400,0.0
2019-11-06,92.6500015258789,92.6500015258789,91.95500183105469,92.06999969482422,86.21434020996094,144400,0.0
2019-11-07,92.91999816894531,93.34500122070312,92.05999755859375,92.40499877929688,86.52803802490234,131000,0.0
2019-11-08,92.13500213623047,92.51499938964844,91.91500091552734,92.49500274658203,86.61233520507812,85200,0.0
2019-11-11,92.08499908447266,92.37999725341797,91.83999633789062,92.36499786376953,86.49058532714844,84000,0.0
2019-11-12,92.46499633789062,92.94999694824219,92.2249984741211,92.33499908447266,86.46248626708984,80600,0.0
2019-11-13,91.82499694824219,92.05000305175781,91.40499877929688,91.93000030517578,86.083251953125,108000,0.0
2019-11-14,91.81500244140625,92.1500015258789,91.4749984741211,91.73500061035156,85.9006576538086,156800,0.0
2019-11-15,92.16999816894531,92.33999633789062,91.80000305175781,92.28500366210938,86.41565704345703,115400,0.0
2019-11-18,92.20500183105469,92.25,91.74500274658203,91.98500061035156,86.1347427368164,89800,0.0
2019-11-19,92.3499984741211,92.62000274658203,91.98500061035156,92.30500030517578,86.43441009521484,66800,0.0
2019-11-20,91.98999786376953,92.55500030517578,91.32499694824219,91.80500030517578,85.96619415283203,111600,0.0
2019-11-21,91.91000366210938,91.91000366210938,91.19499969482422,91.47000122070312,85.65250396728516,76000,0.0
2019-11-22,91.62000274658203,91.76499938964844,91.16000366210938,91.5999984741211,85.77423095703125,354800,0.0
2019-11-25,92.23500061035156,94.20999908447266,92.2249984741211,93.99500274658203,88.01690673828125,212400,0.0
2019-11-26,94.05999755859375,94.54499816894531,93.7300033569336,94.18000030517578,88.19015502929688,227800,0.0
2019-11-27,94.31999969482422,94.73500061035156,94.28500366210938,94.66000366210938,88.6396255493164,176800,0.0
2019-11-29,94.375,94.57499694824219,94.0,94.07499694824219,88.09181213378906,49000,0.0
2019-12-02,94.16000366210938,94.16000366210938,92.77999877929688,92.95999908447266,87.04773712158203,140400,0.0
2019-12-03,92.05999755859375,92.7750015258789,91.7249984741211,92.75499725341797,86.85578918457031,134800,0.0
2019-12-04,92.94999694824219,93.69999694824219,92.94999694824219,93.56500244140625,87.61427307128906,181800,0.0
2019-12-05,93.74500274658203,94.0250015258789,93.3550033569336,93.69499969482422,87.73599243164062,106600,0.0
2019-12-06,94.43499755859375,95.18000030517578,94.43499755859375,94.8550033569336,88.82221984863281,200600,0.0
2019-12-09,94.73500061035156,94.875,94.44999694824219,94.48500061035156,88.47574615478516,125800,0.0
2019-12-10,94.4800033569336,94.76499938964844,94.2699966430664,94.57499694824219,88.56002044677734,99000,0.0
2019-12-11,94.56500244140625,94.83000183105469,94.02999877929688,94.45500183105469,88.4476547241211,141400,0.0
2019-12-12,94.53500366210938,95.9749984741211,94.53500366210938,95.4800033569336,89.40746307373047,143400,0.0
2019-12-13,95.3550033569336,95.79000091552734,94.48500061035156,94.76000213623047,88.7332534790039,139600,0.0
2019-12-16,95.17500305175781,95.83000183105469,94.9749984741211,95.16999816894531,89.3732681274414,97600,0.2715
2019-12-17,95.26499938964844,95.83499908447266,95.20999908447266,95.83499908447266,89.99773406982422,115400,0.0
2019-12-18,95.81999969482422,96.27999877929688,95.6500015258789,96.16000366210938,90.3029556274414,103800,0.0
2019-12-19,96.46499633789062,96.69499969482422,96.20999908447266,96.65499877929688,90.76778411865234,104600,0.0
2019-12-20,97.08499908447266,97.11000061035156,96.70999908447266,96.70999908447266,90.81942749023438,131200,0.0
2019-12-23,97.04000091552734,97.04000091552734,96.40499877929688,96.94999694824219,91.04483032226562,146200,0.0
2019-12-24,96.95500183105469,97.01000213623047,96.73999786376953,97.01000213623047,91.10118865966797,61400,0.0
2019-12-26,97.09500122070312,97.16999816894531,96.79000091552734,96.94000244140625,91.03544616699219,76200,0.0
2019-12-27,97.05500030517578,97.07499694824219,96.36499786376953,96.6050033569336,90.72084045410156,72800,0.0
2019-12-30,96.54499816894531,96.7750015258789,95.98500061035156,96.49500274658203,90.61752319335938,134600,0.0
2019-12-31,96.20999908447266,96.9800033569336,96.20999908447266,96.6500015258789,90.76309204101562,122800,0.0
2020-01-02,97.18000030517578,97.19000244140625,95.92500305175781,96.80500030517578,90.90869140625,476200,0.0
2020-01-03,95.82499694824219,96.91999816894531,95.82499694824219,96.82499694824219,90.92744445800781,155800,0.0
2020-01-06,96.12000274658203,96.7699966430664,95.87999725341797,96.7300033569336,90.8382339477539,197200,0.0
2020-01-07,96.37000274658203,96.58499908447266,96.0,96.20500183105469,90.34520721435547,127200,0.0
2020-01-08,96.23500061035156,97.1449966430664,96.23500061035156,96.83999633789062,90.94152069091797,207400,0.0
2020-01-09,97.05999755859375,97.52999877929688,96.7750015258789,96.81500244140625,90.91802978515625,136600,0.0
2020-01-10,96.90499877929688,96.90499877929688,96.13999938964844,96.47000122070312,90.59407043457031,118600,0.0
2020-01-13,96.48999786376953,97.63999938964844,96.3550033569336,97.57499694824219,91.63176727294922,323400,0.0
2020-01-14,97.30999755859375,98.43499755859375,97.125,97.82499694824219,91.86653900146484,161800,0.0
2020-01-15,97.75,98.73500061035156,97.75,98.44499969482422,92.44876861572266,133400,0.0
2020-01-16,99.0199966430664,99.8499984741211,99.0199966430664,99.73500061035156,93.66017150878906,245800,0.0
2020-01-17,100.02999877929688,100.07499694824219,99.4749984741211,99.72000122070312,93.64611053466797,139200,0.0
2020-01-21,99.21499633789062,99.38500213623047,98.78500366210938,99.11000061035156,93.07328033447266,220200,0.0
2020-01-22,99.26000213623047,99.76499938964844,99.06500244140625,99.23999786376953,93.19534301757812,105400,0.0
2020-01-23,99.07499694824219,99.55999755859375,98.38500213623047,99.44000244140625,93.3831558227539,202200,0.0
2020-01-24,99.73500061035156,100.0,97.69499969482422,98.19499969482422,92.21400451660156,182000,0.0
2020-01-27,96.80000305175781,97.82499694824219,96.5,97.30999755859375,91.38290405273438,132400,0.0
2020-01-28,97.6050033569336,98.44000244140625,97.6050033569336,98.16500091552734,92.18582153320312,126400,0.0
2020-01-29,98.34500122070312,98.62999725341797,97.42500305175781,97.42500305175781,91.49090576171875,160200,0.0
2020-01-30,96.79499816894531,97.63999938964844,96.43499755859375,97.31999969482422,91.39228820800781,145000,0.0
2020-01-31,97.01000213623047,97.01000213623047,94.75,94.9800033569336,89.19482421875,167800,0.0
2020-02-03,95.48500061035156,96.33999633789062,95.48500061035156,95.94000244140625,90.09635925292969,159200,0.0
2020-02-04,96.98500061035156,97.55500030517578,96.9800033569336,97.125,91.20917510986328,144600,0.0
2020-02-05,98.02999877929688,98.87000274658203,97.63500213623047,98.79000091552734,92.77274322509766,221400,0.0
2020-02-06,99.25,99.25,98.63999938964844,98.69000244140625,92.67884063720703,108200,0.0
2020-02-07,98.30999755859375,98.30999755859375,97.15499877929688,97.38999938964844,91.4580307006836,164000,0.0
2020-02-10,97.16500091552734,98.1050033569336,97.16500091552734,98.05999755859375,92.08721923828125,115200,0.0
2020-02-11,98.49500274658203,99.26499938964844,98.30500030517578,98.70999908447266,92.6976318359375,109200,0.0
2020-02-12,99.19499969482422,99.33999633789062,98.62999725341797,99.20500183105469,93.16246032714844,142000,0.0
2020-02-13,98.7249984741211,100.0250015258789,98.7249984741211,99.87000274658203,93.78697967529297,160000,0.0
2020-02-14,99.83499908447266,99.83499908447266,98.96499633789062,99.22000122070312,93.17655944824219,97400,0.0
2020-02-18,98.8550033569336,99.2750015258789,98.3949966430664,98.73999786376953,92.72579193115234,127200,0.0
2020-02-19,99.13999938964844,99.42500305175781,98.87999725341797,99.12999725341797,93.092041015625,105000,0.0
2020-02-20,99.03500366210938,99.73500061035156,98.16500091552734,99.43499755859375,93.37844848632812,136400,0.0
2020-02-21,99.2699966430664,99.2699966430664,98.11000061035156,98.3499984741211,92.35955047607422,102000,0.0
2020-02-24,95.2300033569336,96.04499816894531,95.0,95.4800033569336,89.66436004638672,172200,0.0
2020-02-25,95.80000305175781,95.80000305175781,92.13999938964844,92.4749984741211,86.84239959716797,275000,0.0
2020-02-26,92.83999633789062,93.61000061035156,91.43000030517578,91.57499694824219,85.9972152709961,424000,0.0
2020-02-27,89.51499938964844,91.20500183105469,87.91999816894531,87.92500305175781,82.5695571899414,390600,0.0
2020-02-28,85.31500244140625,87.19499969482422,84.77999877929688,86.54499816894531,81.27356719970703,911800,0.0
2020-03-02,86.83000183105469,88.77999877929688,85.68000030517578,88.75499725341797,83.34898376464844,280000,0.0
2020-03-03,88.82499694824219,90.5,86.21499633789062,87.0250015258789,81.72435760498047,272000,0.0
2020-03-04,88.20500183105469,90.17500305175781,87.66000366210938,89.98500061035156,84.50408172607422,539400,0.0
2020-03-05,87.98999786376953,88.54499816894531,86.1449966430664,87.06999969482422,81.76663208007812,289800,0.0
2020-03-06,84.49500274658203,86.28500366210938,83.57499694824219,85.62999725341797,80.41431427001953,328400,0.0
2020-03-09,76.32499694824219,80.96499633789062,76.32499694824219,77.75499725341797,73.01897430419922,467600,0.0
2020-03-10,80.34500122070312,80.69499969482422,76.6449966430664,80.21499633789062,75.32914733886719,575800,0.0
2020-03-11,78.29499816894531,78.79000091552734,74.45999908447266,75.5,70.90133666992188,633600,0.0
2020-03-12,70.11499786376953,72.23999786376953,65.25,67.0,62.919071197509766,1165000,0.0
2020-03-13,70.56999969482422,71.95500183105469,66.2300033569336,71.95500183105469,67.57225799560547,662400,0.0
2020-03-16,61.5,66.80999755859375,60.46500015258789,60.900001525878906,57.19062042236328,507400,0.0
2020-03-17,62.54499816894531,66.31500244140625,60.5,66.22000122070312,62.18657302856445,1159600,0.0
2020-03-18,61.4900016784668,63.959999084472656,57.73500061035156,59.85499954223633,56.20925521850586,1021000,0.0
2020-03-19,59.42499923706055,64.56999969482422,58.2400016784668,62.9900016784668,59.1533203125,1476000,0.0
2020-03-20,63.369998931884766,65.4800033569336,60.08000183105469,60.16999816894531,56.50507736206055,622000,0.0
2020-03-23,60.560001373291016,61.209999084472656,57.68000030517578,59.72999954223633,56.09187698364258,939800,0.0
2020-03-24,62.36000061035156,65.55999755859375,62.36000061035156,65.32499694824219,61.34608459472656,824800,0.0
2020-03-25,65.59500122070312,68.67500305175781,63.834999084472656,66.12000274658203,62.2671012878418,865800,0.183
2020-03-26,66.59500122070312,70.86499786376953,64.95999908447266,70.6500015258789,66.53314208984375,554600,0.0
2020-03-27,67.59500122070312,69.57499694824219,66.87999725341797,67.75499725341797,63.80680465698242,445000,0.0
2020-03-30,67.875,69.62000274658203,66.94499969482422,69.48500061035156,65.43602752685547,652600,0.0
2020-03-31,69.1500015258789,70.02999877929688,67.84500122070312,68.93000030517578,64.9133529663086,655000,0.0
2020-04-01,66.41500091552734,66.58499908447266,63.46500015258789,64.2249984741211,60.482521057128906,644400,0.0
2020-04-02,63.71500015258789,66.36499786376953,63.20500183105469,65.09500122070312,61.30181884765625,397800,0.0
2020-04-03,64.70999908447266,65.55500030517578,61.89500045776367,62.95000076293945,59.28181838989258,522000,0.0
2020-04-06,65.28500366210938,68.69000244140625,65.28500366210938,68.20999908447266,64.23530578613281,523400,0.0
2020-04-07,70.33999633789062,71.80999755859375,68.27999877929688,68.55500030517578,64.56022644042969,491200,0.0
2020-04-08,69.23999786376953,72.11000061035156,68.93000030517578,71.42500305175781,67.2629623413086,328200,0.0
2020-04-09,73.04000091552734,75.12000274658203,73.02999877929688,74.6050033569336,70.25765228271484,396400,0.0
2020-04-13,74.16999816894531,74.2750015258789,71.37999725341797,72.17500305175781,67.9692611694336,384000,0.0
2020-04-14,73.62000274658203,74.69499969482422,72.84500122070312,73.73500061035156,69.43834686279297,328000,0.0
2020-04-15,72.23999786376953,72.23999786376953,69.87999725341797,70.26000213623047,66.16586303710938,461200,0.0
2020-04-16,70.6449966430664,71.13500213623047,68.77999877929688,70.25,66.15642547607422,307800,0.0
2020-04-17,72.79499816894531,73.6050033569336,72.36000061035156,73.40499877929688,69.12759399414062,463400,0.0
2020-04-20,71.87999725341797,73.13500213623047,71.31999969482422,71.86499786376953,67.67731475830078,387200,0.0
2020-04-21,70.37999725341797,70.84500122070312,69.5250015258789,70.0250015258789,65.94456481933594,439800,0.0
2020-04-22,71.41500091552734,71.4800033569336,70.69000244140625,70.93499755859375,66.8015365600586,320200,0.0
2020-04-23,71.6449966430664,72.86000061035156,71.26499938964844,71.6449966430664,67.47016143798828,274000,0.0
2020-04-24,72.12000274658203,73.04000091552734,71.51499938964844,72.55999755859375,68.33185577392578,188000,0.0
2020-04-27,73.18000030517578,75.91000366210938,73.18000030517578,75.38999938964844,70.99694061279297,442800,0.0
2020-04-28,77.03500366210938,77.58499908447266,75.7699966430664,76.57499694824219,72.11288452148438,399000,0.0
2020-04-29,78.45999908447266,81.59500122070312,78.44000244140625,80.74500274658203,76.03988647460938,307800,0.0
2020-04-30,79.93000030517578,79.93000030517578,77.29499816894531,77.44999694824219,72.9368896484375,267000,0.0
2020-05-01,75.55999755859375,75.69499969482422,73.54499816894531,74.56500244140625,70.22001647949219,203600,0.0
2020-05-04,73.58000183105469,74.375,72.6500015258789,74.34500122070312,70.01282501220703,192800,0.0
2020-05-05,75.32499694824219,76.71499633789062,74.80999755859375,75.06999969482422,70.69556427001953,347800,0.0
2020-05-06,75.56999969482422,76.125,74.52999877929688,74.68000030517578,70.32829284667969,186000,0.0
2020-05-07,75.51000213623047,75.99500274658203,75.03500366210938,75.54499816894531,71.14290618896484,153000,0.0
2020-05-08,76.5999984741211,78.38500213623047,76.5999984741211,78.38500213623047,73.8174057006836,248400,0.0
2020-05-11,77.34500122070312,78.11499786376953,76.23500061035156,77.37999725341797,72.87095642089844,202600,0.0
2020-05-12,77.50499725341797,77.50499725341797,74.36499786376953,74.42500305175781,70.08814239501953,183200,0.0
2020-05-13,73.80999755859375,74.05000305175781,70.5999984741211,71.69000244140625,67.51254272460938,343200,0.0
2020-05-14,70.4749984741211,71.94999694824219,68.4800033569336,71.90499877929688,67.71500396728516,332800,0.0
2020-05-15,71.16000366210938,73.3499984741211,70.94000244140625,73.02999877929688,68.77444458007812,177400,0.0
2020-05-18,75.87000274658203,78.24500274658203,75.83499908447266,77.86499786376953,73.32770538330078,310400,0.0
2020-05-19,77.87000274658203,78.44499969482422,76.49500274658203,76.49500274658203,72.03754425048828,202600,0.0
2020-05-20,77.93499755859375,79.30000305175781,77.63999938964844,78.81500244140625,74.22234344482422,165600,0.0
2020-05-21,78.70999908447266,79.31500244140625,78.07499694824219,78.78500366210938,74.1941146850586,153600,0.0
2020-05-22,78.875,79.38999938964844,78.30500030517578,79.33499908447266,74.7120590209961,127200,0.0
2020-05-26,82.0999984741211,82.81500244140625,81.94000244140625,82.2249984741211,77.43365478515625,175400,0.0
2020-05-27,83.45999908447266,85.2750015258789,82.07499694824219,85.09500122070312,80.13641357421875,2370000,0.0
2020-05-28,85.6500015258789,85.8949966430664,82.33000183105469,82.6500015258789,77.83386993408203,589200,0.0
2020-05-29,81.92500305175781,82.31500244140625,80.875,81.91999816894531,77.14641571044922,272600,0.0
2020-06-01,82.16500091552734,83.68499755859375,82.04499816894531,82.8550033569336,78.02694702148438,208800,0.0
2020-06-02,83.25499725341797,83.7699966430664,82.5999984741211,83.45500183105469,78.59193420410156,193200,0.0
2020-06-03,84.69000244140625,86.75,84.67500305175781,86.16999816894531,81.14877319335938,239000,0.0
2020-06-04,85.50499725341797,87.45999908447266,85.12999725341797,86.76499938964844,81.70909881591797,122000,0.0
2020-06-05,89.80000305175781,91.25,89.09500122070312,89.98999786376953,84.74615478515625,239000,0.0
2020-06-08,90.91000366210938,91.41999816894531,90.45999908447266,90.625,85.34416961669922,162400,0.0
2020-06-09,89.0,89.95999908447266,88.33000183105469,89.03500366210938,83.84680938720703,142400,0.0
2020-06-10,88.96499633789062,88.96499633789062,86.5,86.66000366210938,81.6102066040039,225400,0.0
2020-06-11,82.96499633789062,83.48500061035156,80.19499969482422,80.19499969482422,75.5219497680664,205200,0.0
2020-06-12,82.96499633789062,83.83499908447266,79.81999969482422,81.94000244140625,77.16524505615234,132600,0.0
2020-06-15,79.16500091552734,84.54499816894531,79.16500091552734,84.00499725341797,79.25789642333984,272600,0.153
2020-06-16,86.70500183105469,87.31500244140625,84.09500122070312,85.91999816894531,81.06470489501953,358200,0.0
2020-06-17,86.22000122070312,86.375,84.54499816894531,84.70500183105469,79.91836547851562,217800,0.0
2020-06-18,83.69999694824219,85.08499908447266,83.69999694824219,84.19499969482422,79.43716430664062,127600,0.0
2020-06-19,85.51499938964844,85.7699966430664,83.00499725341797,83.38500213623047,78.6729507446289,144200,0.0
2020-06-22,83.11000061035156,84.31999969482422,82.40499877929688,84.31999969482422,79.55512237548828,137400,0.0
2020-06-23,85.23500061035156,85.3499984741211,84.38500213623047,84.75,79.96080017089844,186000,0.0
2020-06-24,83.5999984741211,83.97000122070312,80.9749984741211,81.99500274658203,77.36149597167969,210400,0.0
2020-06-25,81.6500015258789,83.23999786376953,80.94999694824219,83.18000030517578,78.47952270507812,354200,0.0
2020-06-26,82.7750015258789,82.7750015258789,80.55000305175781,80.61000061035156,76.05475616455078,376800,0.0
2020-06-29,81.51499938964844,84.125,81.23500061035156,83.73500061035156,79.00315856933594,251600,0.0
2020-06-30,83.48999786376953,85.23500061035156,83.48999786376953,84.8949966430664,80.09761810302734,292200,0.0
2020-07-01,85.05000305175781,85.69000244140625,83.86000061035156,84.1449966430664,79.38998413085938,338000,0.0
2020-07-02,85.4749984741211,86.31999969482422,84.37999725341797,84.61000061035156,79.8287124633789,113400,0.0
2020-07-06,86.01499938964844,86.44999694824219,85.16500091552734,85.2699966430664,80.45142364501953,210000,0.0
2020-07-07,84.54000091552734,85.29499816894531,83.59500122070312,83.79000091552734,79.05506896972656,141000,0.0
2020-07-08,83.55500030517578,84.58000183105469,82.81500244140625,84.2699966430664,79.50794219970703,133400,0.0
2020-07-09,84.12999725341797,84.41000366210938,81.79000091552734,82.7249984741211,78.05024719238281,162800,0.0
2020-07-10,82.9800033569336,84.25,82.81999969482422,84.24500274658203,79.48435974121094,148800,0.0
2020-07-13,84.76499938964844,86.05999755859375,83.11499786376953,83.23500061035156,78.53143310546875,214200,0.0
2020-07-14,82.98500061035156,84.61499786376953,82.68499755859375,84.61499786376953,79.83343505859375,1957200,0.0
2020-07-15,86.02999877929688,87.6449966430664,86.02999877929688,87.2300033569336,82.30067443847656,204400,0.0
2020-07-16,86.70500183105469,87.0,86.05999755859375,86.6449966430664,81.74871063232422,152200,0.0
2020-07-17,86.77999877929688,87.30500030517578,86.1500015258789,86.93000030517578,82.01760864257812,273400,0.0
2020-07-20,86.59500122070312,86.91000366210938,86.2750015258789,86.66500091552734,81.76759338378906,87200,0.0
2020-07-21,87.51000213623047,88.41500091552734,87.51000213623047,87.84500122070312,82.88090515136719,144800,0.0
2020-07-22,87.48500061035156,88.58499908447266,87.37999725341797,88.28500366210938,83.29607391357422,114200,0.0
2020-07-23,88.25,89.875,87.87000274658203,88.81999969482422,83.80082702636719,135600,0.0
2020-07-24,88.05999755859375,88.25,87.01499938964844,87.16000366210938,82.2346420288086,164000,0.0
2020-07-27,87.4800033569336,88.625,87.03500366210938,88.61000061035156,83.6026840209961,92000,0.0
2020-07-28,88.54499816894531,89.08999633789062,87.80500030517578,87.80500030517578,82.84317779541016,73000,0.0
2020-07-29,88.19499969482422,90.33499908447266,88.19499969482422,90.23500061035156,85.13585662841797,114000,0.0
2020-07-30,88.8499984741211,90.2750015258789,88.76499938964844,90.03500366210938,84.94717407226562,226800,0.0
2020-07-31,89.72000122070312,89.81999969482422,87.87000274658203,89.63500213623047,84.56977081298828,178400,0.0
2020-08-03,89.95999908447266,91.0250015258789,89.69000244140625,90.96499633789062,85.8245849609375,173200,0.0
2020-08-04,90.5250015258789,91.16999816894531,90.3499984741211,91.05999755859375,85.91423797607422,95400,0.0
2020-08-05,91.9800033569336,92.93499755859375,91.48999786376953,92.84500122070312,87.59837341308594,92400,0.0
2020-08-06,92.73999786376953,93.00499725341797,92.08499908447266,92.63999938964844,87.40496063232422,106200,0.0
2020-08-07,92.19499969482422,93.7300033569336,92.19499969482422,93.7249984741211,88.42863464355469,108400,0.0
2020-08-10,93.7249984741211,94.83999633789062,93.7249984741211,94.02999877929688,88.71639251708984,136800,0.0
2020-08-11,94.56500244140625,95.5199966430664,93.52999877929688,93.81500244140625,88.5135498046875,1838800,0.0
2020-08-12,94.68000030517578,94.98500061035156,93.72000122070312,94.34500122070312,89.01361083984375,239800,0.0
2020-08-13,93.87000274658203,94.58499908447266,93.56999969482422,93.99500274658203,88.68338775634766,329600,0.0
2020-08-14,93.54499816894531,94.06999969482422,93.25,93.71499633789062,88.4192123413086,259200,0.0
2020-08-17,93.7699966430664,94.16000366210938,93.68000030517578,94.125,88.8060302734375,103800,0.0
2020-08-18,94.13999938964844,94.17500305175781,92.94499969482422,93.16500091552734,87.90026092529297,105800,0.0
2020-08-19,93.68000030517578,94.1500015258789,93.06500244140625,93.2249984741211,87.9568862915039,116200,0.0
2020-08-20,92.50499725341797,93.19499969482422,92.5,92.56999969482422,87.33891296386719,90000,0.0
2020-08-21,92.2750015258789,92.61000061035156,91.55500030517578,92.1050033569336,86.90016174316406,108400,0.0
2020-08-24,92.7249984741211,93.05000305175781,92.41999816894531,93.01000213623047,87.75403594970703,95400,0.0
2020-08-25,93.37000274658203,93.44000244140625,92.44999694824219,93.16000366210938,87.89556884765625,172000,0.0
2020-08-26,93.04499816894531,93.23500061035156,92.58999633789062,92.74500274658203,87.50403594970703,113800,0.0
2020-08-27,92.95500183105469,93.43000030517578,92.44000244140625,92.76499938964844,87.52288818359375,232000,0.0
2020-08-28,93.16999816894531,93.3949966430664,92.74500274658203,93.375,88.09841918945312,101800,0.0
2020-08-31,93.23500061035156,93.23500061035156,92.24500274658203,92.24500274658203,87.0322494506836,152400,0.0
2020-09-01,92.05500030517578,93.375,91.7300033569336,93.375,88.09841918945312,2273200,0.0
2020-09-02,93.5999984741211,94.80999755859375,93.0199966430664,94.57499694824219,89.2305908203125,213600,0.0
2020-09-03,94.29499816894531,94.33499908447266,91.17500305175781,91.69499969482422,86.51335144042969,384400,0.0
2020-09-04,92.65499877929688,92.87000274658203,89.1449966430664,90.68499755859375,85.56043243408203,459400,0.0
2020-09-08,89.57499694824219,90.11499786376953,88.38999938964844,88.68000030517578,83.66871643066406,129600,0.0
2020-09-09,89.59500122070312,90.30500030517578,89.18000030517578,89.88999938964844,84.81034851074219,164400,0.0
2020-09-10,90.33000183105469,90.70500183105469,88.69999694824219,88.83499908447266,83.81498718261719,159400,0.0
2020-09-11,89.06999969482422,89.30500030517578,87.50499725341797,88.19000244140625,83.20641326904297,114600,0.0
2020-09-14,88.80000305175781,89.8550033569336,88.70500183105469,89.65499877929688,84.58863067626953,161200,0.0
2020-09-15,90.28500366210938,90.6449966430664,89.55500030517578,89.77999877929688,84.70658111572266,111800,0.0
2020-09-16,90.08000183105469,91.3499984741211,90.06999969482422,90.28500366210938,85.18302917480469,125400,0.0
2020-09-17,88.91500091552734,89.82499694824219,88.5250015258789,89.53500366210938,84.47541809082031,130400,0.0
2020-09-18,89.62000274658203,90.37000274658203,88.08499908447266,88.8550033569336,83.8338394165039,118600,0.0
2020-09-21,87.37999725341797,87.37999725341797,85.20999908447266,86.27999877929688,81.40435028076172,278000,0.0
2020-09-22,86.87999725341797,87.20999908447266,85.81500244140625,87.12000274658203,82.19688415527344,99400,0.0
2020-09-23,87.01000213623047,87.45999908447266,84.62000274658203,84.62000274658203,80.01587677001953,92200,0.1935
2020-09-24,84.67500305175781,86.20999908447266,83.91500091552734,85.05500030517578,80.42721557617188,143400,0.0
2020-09-25,84.67500305175781,86.2699966430664,84.67500305175781,85.93499755859375,81.25931549072266,115800,0.0
2020-09-28,86.86499786376953,88.43499755859375,86.86499786376953,88.17500305175781,83.37745666503906,86600,0.0
2020-09-29,88.08000183105469,88.57499694824219,87.2249984741211,87.93000030517578,83.14576721191406,141600,0.0
2020-09-30,88.15499877929688,89.52999877929688,87.61499786376953,88.22000122070312,83.42000579833984,180800,0.0
2020-10-01,88.56999969482422,89.3949966430664,88.12000274658203,89.3949966430664,84.53106689453125,205800,0.0
2020-10-02,87.5999984741211,90.16500091552734,87.54000091552734,89.80000305175781,84.91404724121094,158200,0.0
2020-10-05,90.5250015258789,91.8499984741211,90.5250015258789,91.81500244140625,86.81940460205078,92400,0.0
2020-10-06,92.43499755859375,93.80500030517578,91.54499816894531,91.71499633789062,86.72486114501953,172800,0.0
2020-10-07,92.71499633789062,93.18000030517578,92.20500183105469,92.78500366210938,87.73663330078125,235200,0.0
2020-10-08,93.42500305175781,94.03500366210938,93.12999725341797,94.03500366210938,88.91861724853516,121000,0.0
2020-10-09,94.73999786376953,95.16500091552734,94.2249984741211,94.83999633789062,89.67980194091797,113800,0.0
2020-10-12,95.04000091552734,95.7249984741211,94.8499984741211,95.5199966430664,90.32280731201172,159800,0.0
2020-10-13,94.94000244140625,95.11000061035156,94.32499694824219,94.81999969482422,89.66089630126953,191600,0.0
2020-10-14,94.8550033569336,95.4800033569336,94.08000183105469,94.15499877929688,89.03208923339844,180600,0.0
2020-10-15,93.06500244140625,95.38999938964844,92.7750015258789,95.21499633789062,90.03441619873047,141400,0.0
2020-10-16,95.4000015258789,95.56999969482422,94.80500030517578,94.80500030517578,89.64673614501953,87200,0.0
2020-10-19,94.88999938964844,95.66000366210938,93.44000244140625,93.69999694824219,88.60182189941406,105700,0.0
2020-10-20,94.05999755859375,94.98999786376953,93.81999969482422,94.0,88.88551330566406,112100,0.0
2020-10-21,94.08000183105469,94.45999908447266,93.4000015258789,93.44000244140625,88.35599517822266,95100,0.0
2020-10-22,93.62999725341797,94.66999816894531,93.20999908447266,94.58000183105469,89.4339599609375,89600,0.0
2020-10-23,95.01000213623047,95.26000213623047,94.22000122070312,94.94999694824219,89.78382873535156,117200,0.0
2020-10-26,93.69000244140625,94.01000213623047,92.0,93.05000305175781,87.9872055053711,116000,0.0
2020-10-27,92.97000122070312,93.18000030517578,92.18000030517578,92.2300033569336,87.21183013916016,88700,0.0
2020-10-28,90.51000213623047,90.63999938964844,89.43000030517578,89.4800033569336,84.61145782470703,134600,0.0
2020-10-29,89.5,91.19000244140625,89.06999969482422,90.7699966430664,85.8312759399414,216300,0.0
2020-10-30,90.33999633789062,90.87999725341797,88.7699966430664,89.6500015258789,84.77220153808594,113700,0.0
2020-11-02,90.55999755859375,91.3499984741211,90.16000366210938,91.27999877929688,86.31351470947266,251000,0.0
2020-11-03,92.7699966430664,94.19999694824219,92.66999816894531,93.5999984741211,88.50729370117188,107700,0.0
2020-11-04,92.86000061035156,94.81999969482422,92.38999938964844,93.88999938964844,88.78150177001953,254600,0.0
2020-11-05,94.83999633789062,96.63999938964844,94.83999633789062,96.38999938964844,91.14546966552734,152700,0.0
2020-11-06,96.6500015258789,96.66000366210938,95.41999816894531,95.58000183105469,90.37956237792969,89000,0.0
2020-11-09,100.95999908447266,102.77999877929688,98.38999938964844,98.91000366210938,93.52838897705078,160300,0.0
2020-11-10,99.58000183105469,101.5,99.25,100.9800033569336,95.48574829101562,147100,0.0
2020-11-11,101.58999633789062,101.6500015258789,99.9800033569336,100.9800033569336,95.48574829101562,106100,0.0
2020-11-12,100.2300033569336,100.30000305175781,98.08999633789062,98.87000274658203,93.49054718017578,159500,0.0
2020-11-13,99.52999877929688,101.61000061035156,99.52999877929688,101.2699966430664,95.75995635986328,125000,0.0
2020-11-16,102.43000030517578,103.88999938964844,102.43000030517578,103.8499984741211,98.19956970214844,187900,0.0
2020-11-17,102.86000061035156,104.45999908447266,101.81999969482422,104.29000091552734,98.61563873291016,619000,0.0
2020-11-18,104.58000183105469,104.81999969482422,102.83999633789062,102.83999633789062,97.2445297241211,104000,0.0
2020-11-19,102.58000183105469,103.44000244140625,102.08000183105469,103.43000030517578,97.80242919921875,151500,0.0
2020-11-20,103.1500015258789,103.61000061035156,102.4800033569336,103.41999816894531,97.79297637939453,78000,0.0
2020-11-23,104.4000015258789,105.72000122070312,104.08000183105469,105.30000305175781,99.5707015991211,406700,0.0
2020-11-24,106.52999877929688,107.7300033569336,106.04000091552734,107.2300033569336,101.39567565917969,195400,0.0
2020-11-25,107.02999877929688,107.02999877929688,105.91000366210938,106.58000183105469,100.78102111816406,122900,0.0
2020-11-27,106.66999816894531,106.97000122070312,106.08999633789062,106.87999725341797,101.06471252441406,72600,0.0
2020-11-30,106.45999908447266,106.7300033569336,104.80000305175781,105.1500015258789,99.4288330078125,244700,0.0
2020-12-01,106.4800033569336,106.68000030517578,105.41999816894531,106.02999877929688,100.2609634399414,237500,0.0
2020-12-02,105.75,106.45999908447266,105.3499984741211,106.16000366210938,100.38390350341797,87400,0.0
2020-12-03,106.62000274658203,107.56999969482422,106.33999633789062,106.94000244140625,101.12144470214844,142800,0.0
2020-12-04,107.48999786376953,109.37999725341797,107.48999786376953,109.19999694824219,103.25846862792969,139800,0.0
2020-12-07,109.19000244140625,109.36000061035156,108.62999725341797,109.26000213623047,103.31523895263672,114200,0.0
2020-12-08,108.62000274658203,110.2699966430664,108.62000274658203,110.11000061035156,104.11898803710938,125300,0.0
2020-12-09,110.9800033569336,111.5199966430664,109.31999969482422,109.83999633789062,103.8636703491211,119200,0.0
2020-12-10,109.22000122070312,110.6500015258789,109.01000213623047,110.38999938964844,104.38374328613281,170100,0.0
2020-12-11,109.73999786376953,110.83999633789062,109.11000061035156,110.02999877929688,104.04331970214844,97700,0.0
2020-12-14,110.83999633789062,111.58000183105469,110.13999938964844,110.44000244140625,104.66693878173828,102300,0.248
2020-12-15,111.13999938964844,113.02999877929688,110.81999969482422,112.91999816894531,107.01728820800781,135500,0.0
2020-12-16,113.41999816894531,113.41999816894531,112.05999755859375,112.4800033569336,106.60029602050781,98600,0.0
2020-12-17,113.08000183105469,113.97000122070312,112.7699966430664,113.97000122070312,108.01240539550781,93300,0.0
2020-12-18,114.26000213623047,114.95999908447266,113.30000305175781,113.33000183105469,107.4058609008789,92200,0.0
2020-12-21,112.2300033569336,113.75,111.30999755859375,113.5199966430664,107.58592987060547,281700,0.0
2020-12-22,113.93000030517578,114.87999725341797,113.66000366210938,114.66999816894531,108.67581939697266,180500,0.0
2020-12-23,115.16999816894531,115.76000213623047,115.01000213623047,115.26000213623047,109.2349853515625,208800,0.0
2020-12-24,115.5199966430664,115.77999877929688,114.68000030517578,115.30999755859375,109.28237915039062,32300,0.0
2020-12-28,116.47000122070312,116.47000122070312,115.08000183105469,115.22000122070312,109.19708251953125,339800,0.0
2020-12-29,115.62999725341797,115.6500015258789,112.47000122070312,113.19999694824219,107.28265380859375,109000,0.0
2020-12-30,113.5999984741211,114.83000183105469,113.5999984741211,114.30000305175781,108.32516479492188,223800,0.0
2020-12-31,114.16000366210938,114.5199966430664,113.2300033569336,114.18000030517578,108.21144104003906,94600,0.0
2021-01-04,115.11000061035156,115.30000305175781,111.69000244140625,113.22000122070312,107.30162811279297,2377400,0.0
2021-01-05,112.94999694824219,116.0999984741211,112.94999694824219,115.51000213623047,109.47191619873047,683100,0.0
2021-01-06,115.9800033569336,121.12000274658203,115.9800033569336,120.0,113.72721862792969,856400,0.0
2021-01-07,120.7300033569336,122.20999908447266,120.5,122.0,115.6226577758789,398400,0.0
2021-01-08,122.87999725341797,122.87999725341797,119.9800033569336,121.2300033569336,114.89293670654297,225500,0.0
2021-01-11,119.9800033569336,121.81999969482422,119.9800033569336,121.68000030517578,115.31938934326172,167800,0.0
2021-01-12,121.94999694824219,123.30999755859375,121.94999694824219,123.23999786376953,116.7978515625,259600,0.0
2021-01-13,123.26000213623047,123.47000122070312,122.1500015258789,122.31999969482422,115.92591094970703,220000,0.0
2021-01-14,123.26000213623047,125.62000274658203,123.22000122070312,125.04000091552734,118.5037612915039,325100,0.0
2021-01-15,123.69999694824219,124.0,121.80999755859375,122.8499984741211,116.42823028564453,398500,0.0
2021-01-19,124.22000122070312,124.7699966430664,123.7699966430664,124.62000274658203,118.10569763183594,195500,0.0
2021-01-20,125.22000122070312,126.2699966430664,124.54000091552734,125.33999633789062,118.78807067871094,235200,0.0
2021-01-21,125.58999633789062,125.91999816894531,124.12999725341797,124.37999725341797,117.87825012207031,218200,0.0
2021-01-22,123.23999786376953,125.91999816894531,122.91000366210938,125.75,119.17664337158203,149300,0.0
2021-01-25,126.1500015258789,129.0800018310547,125.05999755859375,126.33999633789062,119.73580932617188,815200,0.0
2021-01-26,126.91000366210938,127.23999786376953,125.12000274658203,126.05000305175781,119.46096801757812,157900,0.0
2021-01-27,125.05999755859375,126.95999908447266,123.7699966430664,125.41999816894531,118.86387634277344,319800,0.0
2021-01-28,125.52999877929688,126.75,122.37000274658203,123.05999755859375,116.62724304199219,180700,0.0
2021-01-29,124.2699966430664,124.66999816894531,120.69999694824219,121.27999877929688,114.94029235839844,276900,0.0
2021-02-01,122.25,124.08000183105469,120.62000274658203,123.73999786376953,117.27169799804688,226300,0.0
2021-02-02,124.58999633789062,125.08000183105469,123.30000305175781,124.43000030517578,117.92562866210938,227500,0.0
2021-02-03,124.70999908447266,125.02999877929688,123.2699966430664,124.48999786376953,117.9825210571289,610300,0.0
2021-02-04,125.13999938964844,126.61000061035156,125.0199966430664,126.51000213623047,119.89688873291016,867100,0.0
2021-02-05,127.62000274658203,128.60000610351562,126.9800033569336,128.4499969482422,121.7354965209961,454000,0.0
2021-02-08,129.91000366210938,132.4499969482422,129.83999633789062,132.3300018310547,125.41265869140625,188200,0.0
2021-02-09,132.2899932861328,134.36000061035156,132.02000427246094,133.72999572753906,126.73948669433594,3410200,0.0
2021-02-10,134.57000732421875,134.67999267578125,131.75,132.86000061035156,125.91500854492188,448000,0.0
2021-02-11,133.8300018310547,134.39999389648438,131.16000366210938,133.27999877929688,126.31302642822266,135700,0.0
2021-02-12,133.1300048828125,133.75999450683594,132.25999450683594,133.5399932861328,126.55937957763672,162900,0.0
2021-02-16,134.6999969482422,134.85000610351562,132.1699981689453,132.39999389648438,125.4790267944336,169600,0.0
2021-02-17,131.22000122070312,131.8699951171875,129.6300048828125,131.49000549316406,124.6166000366211,160900,0.0
2021-02-18,130.3699951171875,130.6999969482422,128.5399932861328,129.22999572753906,122.47471618652344,154200,0.0
2021-02-19,130.2100067138672,131.92999267578125,129.91000366210938,131.0,124.1522216796875,128500,0.0
2021-02-22,130.2100067138672,131.3800048828125,129.50999450683594,130.25,123.44139099121094,345800,0.0
2021-02-23,128.60000610351562,128.86000061035156,125.47000122070312,128.22000122070312,121.51751708984375,3101500,0.0
2021-02-24,128.4600067138672,131.7899932861328,128.22000122070312,131.6699981689453,124.78718566894531,409800,0.0
2021-02-25,131.72999572753906,131.97000122070312,126.61000061035156,126.93000030517578,120.29496765136719,196500,0.0
2021-02-26,127.31999969482422,128.6300048828125,124.77999877929688,126.70999908447266,120.08647155761719,544800,0.0
2021-03-01,128.97000122070312,130.89999389648438,128.72999572753906,130.42999267578125,123.61199951171875,394400,0.0
2021-03-02,130.82000732421875,130.82000732421875,127.86000061035156,128.00999450683594,121.31849670410156,290000,0.0
2021-03-03,128.64999389648438,129.3800048828125,126.61000061035156,126.62999725341797,120.01062774658203,532200,0.0
2021-03-04,126.2699966430664,127.0999984741211,121.12000274658203,123.02999877929688,116.59880828857422,245300,0.0
2021-03-05,124.41000366210938,125.36000061035156,119.6500015258789,125.2300033569336,118.68383026123047,274100,0.0
2021-03-08,125.7699966430664,127.94999694824219,125.0199966430664,126.11000061035156,119.51779174804688,212700,0.0
2021-03-09,128.07000732421875,129.89999389648438,127.86000061035156,128.83999633789062,122.10509490966797,189900,0.0
2021-03-10,130.22999572753906,132.10000610351562,129.57000732421875,130.99000549316406,124.14273071289062,228400,0.0
2021-03-11,132.47000122070312,133.47999572753906,132.00999450683594,133.33999633789062,126.36985778808594,394000,0.0
2021-03-12,133.14999389648438,134.2899932861328,132.8300018310547,133.97999572753906,126.97642517089844,492000,0.0
2021-03-15,134.42999267578125,134.58999633789062,133.25,134.41000366210938,127.38396453857422,160700,0.0
2021-03-16,134.3800048828125,134.39999389648438,132.02000427246094,132.5399932861328,125.6116943359375,130100,0.0
2021-03-17,131.89999389648438,134.1699981689453,131.16000366210938,133.55999755859375,126.57838439941406,152300,0.0
2021-03-18,132.57000732421875,133.72000122070312,129.57000732421875,129.97000122070312,123.17605590820312,172600,0.0
2021-03-19,129.6699981689453,131.4499969482422,128.74000549316406,130.57000732421875,123.74467468261719,148100,0.0
2021-03-22,130.72000122070312,131.1300048828125,129.2899932861328,129.7899932861328,123.00543212890625,154300,0.0
2021-03-23,128.97999572753906,129.13999938964844,124.93000030517578,125.61000061035156,119.0439682006836,276800,0.0
2021-03-24,126.4800033569336,127.58999633789062,122.70999908447266,122.86000061035156,116.43770599365234,204200,0.0
2021-03-25,121.41999816894531,126.06999969482422,120.88999938964844,125.41999816894531,119.01887512207031,495500,0.16
2021-03-26,126.76000213623047,128.44000244140625,125.87000274658203,128.27999877929688,121.73289489746094,458100,0.0
2021-03-29,127.94000244140625,129.30999755859375,125.08999633789062,125.12000274658203,118.73418426513672,177300,0.0
2021-03-30,125.04000091552734,127.1500015258789,124.37999725341797,126.72000122070312,120.2525405883789,144500,0.0
2021-03-31,127.43000030517578,129.13999938964844,127.43000030517578,128.22999572753906,121.68547821044922,196000,0.0
2021-04-01,128.94000244140625,130.44000244140625,128.94000244140625,130.44000244140625,123.78267669677734,715800,0.0
2021-04-05,131.61000061035156,131.63999938964844,130.22999572753906,131.00999450683594,124.32359313964844,301800,0.0
2021-04-06,130.99000549316406,132.0800018310547,130.6199951171875,130.9199981689453,124.23816680908203,204700,0.0
2021-04-07,130.5800018310547,131.02000427246094,128.24000549316406,128.61000061035156,122.04607391357422,149800,0.0
2021-04-08,129.25,129.8300018310547,128.0399932861328,129.6300048828125,123.01402282714844,200700,0.0
2021-04-09,130.0800018310547,130.0800018310547,128.60000610351562,129.7899932861328,123.16581726074219,124400,0.0
2021-04-12,129.8300018310547,129.9600067138672,128.60000610351562,129.7899932861328,123.16581726074219,98300,0.0
2021-04-13,129.58999633789062,130.05999755859375,128.05999755859375,129.38999938964844,122.7862777709961,123700,0.0
2021-04-14,129.64999389648438,131.52999877929688,129.64999389648438,130.27999877929688,123.63082885742188,132000,0.0
2021-04-15,131.19000244140625,131.19000244140625,129.77999877929688,130.83999633789062,124.16226959228516,124000,0.0
2021-04-16,131.25,131.4199981689453,130.00999450683594,131.22999572753906,124.5323486328125,186600,0.0
2021-04-19,130.50999450683594,130.8000030517578,128.41000366210938,129.25,122.65340423583984,125600,0.0
2021-04-20,128.8699951171875,129.2899932861328,125.62000274658203,126.83999633789062,120.36640167236328,386200,0.0
2021-04-21,126.43000030517578,129.77999877929688,126.02999877929688,129.77999877929688,123.1563949584961,271900,0.0
2021-04-22,129.80999755859375,131.17999267578125,128.8000030517578,129.35000610351562,122.74829864501953,139200,0.0
2021-04-23,129.6699981689453,132.02999877929688,129.49000549316406,131.52000427246094,124.80758666992188,77700,0.0
2021-04-26,132.14999389648438,132.85000610351562,132.0,132.5500030517578,125.78499603271484,94000,0.0
2021-04-27,133.0800018310547,133.32000732421875,132.27000427246094,132.6300048828125,125.86092376708984,87800,0.0
2021-04-28,132.32000732421875,132.83999633789062,131.61000061035156,132.6300048828125,125.86092376708984,77200,0.0
2021-04-29,133.3300018310547,133.49000549316406,131.07000732421875,132.16000366210938,125.41490936279297,406800,0.0
2021-04-30,131.1699981689453,132.00999450683594,130.1999969482422,130.5800018310547,123.91552734375,98200,0.0
2021-05-03,131.6300048828125,131.85000610351562,130.72000122070312,131.19000244140625,124.494384765625,158900,0.0
2021-05-04,130.1999969482422,130.4600067138672,128.47999572753906,129.77999877929688,123.1563949584961,172200,0.0
2021-05-05,130.4199981689453,130.4499969482422,128.3800048828125,129.14999389648438,122.55853271484375,87100,0.0
2021-05-06,129.1300048828125,129.72999572753906,127.33999633789062,129.67999267578125,123.06145477294922,153200,0.0
2021-05-07,129.7100067138672,131.24000549316406,129.3300018310547,130.80999755859375,124.13380432128906,81700,0.0
2021-05-10,130.63999938964844,130.75999450683594,127.5,127.54000091552734,121.03070068359375,106800,0.0
2021-05-11,124.81999969482422,127.54000091552734,124.30999755859375,126.94999694824219,120.4708023071289,175400,0.0
2021-05-12,125.83999633789062,126.79000091552734,122.63999938964844,122.70999908447266,116.44718933105469,175600,0.0
2021-05-13,123.20999908447266,126.0,123.20999908447266,125.33000183105469,118.93345642089844,245900,0.0
2021-05-14,126.55999755859375,128.41000366210938,125.94000244140625,128.33999633789062,121.78984832763672,110000,0.0
2021-05-17,128.07000732421875,128.07000732421875,126.47000122070312,127.8499984741211,121.3248519897461,153600,0.0
2021-05-18,127.86000061035156,128.88999938964844,126.83999633789062,126.83999633789062,120.36640167236328,75000,0.0
2021-05-19,125.66000366210938,126.37000274658203,124.04000091552734,126.19000244140625,119.74958801269531,94600,0.0
2021-05-20,126.58999633789062,127.41999816894531,125.83000183105469,127.12999725341797,120.64161682128906,74400,0.0
2021-05-21,127.97000122070312,128.83999633789062,127.20999908447266,127.3499984741211,120.85039520263672,193600,0.0
2021-05-24,127.9000015258789,128.7899932861328,127.54000091552734,128.19000244140625,121.64751434326172,165900,0.0
2021-05-25,128.8000030517578,129.5,127.44999694824219,127.47000122070312,120.9642562866211,67000,0.0
2021-05-26,127.95999908447266,130.1699981689453,127.95999908447266,129.9499969482422,123.3176498413086,66700,0.0
2021-05-27,130.44000244140625,131.39999389648438,130.02000427246094,130.9199981689453,124.23816680908203,75400,0.0
2021-05-28,131.55999755859375,131.55999755859375,130.30999755859375,130.58999633789062,123.92501831054688,68700,0.0
2021-06-01,129.89999389648438,132.5,129.89999389648438,132.38999938964844,125.6331558227539,402700,0.0
2021-06-02,132.69000244140625,132.69000244140625,131.19000244140625,131.61000061035156,124.8929672241211,330900,0.0
2021-06-03,130.8800048828125,130.8800048828125,129.44000244140625,130.1699981689453,123.52647399902344,233500,0.0
2021-06-04,130.9600067138672,131.11000061035156,130.5,131.0500030517578,124.36153411865234,59400,0.0
2021-06-07,131.14999389648438,132.38999938964844,131.1300048828125,132.11000061035156,125.3674545288086,76500,0.0
2021-06-08,132.5399932861328,133.86000061035156,132.07000732421875,133.55999755859375,126.74343872070312,62300,0.0
2021-06-09,133.9499969482422,133.9499969482422,132.38999938964844,132.57000732421875,125.8039779663086,83800,0.0
2021-06-10,132.5399932861328,132.60000610351562,130.72000122070312,130.9499969482422,124.39332580566406,114900,0.135
2021-06-11,131.27000427246094,132.25,131.22000122070312,132.25,125.62823486328125,56500,0.0
2021-06-14,132.44000244140625,132.7899932861328,131.52999877929688,131.97999572753906,125.37175750732422,49800,0.0
2021-06-15,132.0500030517578,132.0500030517578,130.8800048828125,132.0500030517578,125.43824005126953,49300,0.0
2021-06-16,131.4499969482422,132.32000732421875,130.6999969482422,131.69000244140625,125.09630584716797,241000,0.0
2021-06-17,131.38999938964844,131.9600067138672,129.00999450683594,130.52000427246094,123.98483276367188,64600,0.0
2021-06-18,128.99000549316406,129.88999938964844,127.41000366210938,127.72000122070312,121.3250503540039,77200,0.0
2021-06-21,128.69000244140625,130.3000030517578,128.3300018310547,130.0,123.49088287353516,168600,0.0
2021-06-22,129.8000030517578,130.94000244140625,128.97999572753906,130.8800048828125,124.32682037353516,69900,0.0
2021-06-23,130.89999389648438,131.8699951171875,130.89999389648438,131.17999267578125,124.61178588867188,67100,0.0
2021-06-24,131.92999267578125,133.0500030517578,131.60000610351562,132.88999938964844,126.2362060546875,110900,0.0
2021-06-25,132.85000610351562,133.94000244140625,132.83999633789062,133.19000244140625,126.52115631103516,94200,0.0
2021-06-28,133.13999938964844,133.4600067138672,131.94000244140625,132.74000549316406,126.09368133544922,93400,0.0
2021-06-29,132.99000549316406,133.5,132.3699951171875,132.6199951171875,125.97969818115234,46200,0.0
2021-06-30,132.33999633789062,132.86000061035156,131.77999877929688,132.6300048828125,125.98922729492188,230400,0.0
2021-07-01,132.9499969482422,133.4499969482422,132.57000732421875,133.10000610351562,126.43570709228516,992400,0.0
2021-07-02,133.52999877929688,133.64999389648438,131.77000427246094,132.02000427246094,125.40975952148438,373900,0.0
2021-07-06,132.10000610351562,132.2100067138672,129.47999572753906,130.86000061035156,124.30785369873047,243500,0.0
2021-07-07,130.88999938964844,131.38999938964844,129.33999633789062,130.27999877929688,123.75686645507812,135200,0.0
2021-07-08,128.0800018310547,130.13999938964844,127.01000213623047,128.75,122.30347442626953,133500,0.0
2021-07-09,130.6999969482422,131.92999267578125,130.44000244140625,131.92999267578125,125.3242416381836,53400,0.0
2021-07-12,131.4499969482422,132.16000366210938,130.97000122070312,132.11000061035156,125.49525451660156,68000,0.0
2021-07-13,131.4600067138672,131.47000122070312,129.85000610351562,129.85000610351562,123.34838104248047,83700,0.0
2021-07-14,130.5399932861328,130.75,128.1199951171875,128.1999969482422,121.78101348876953,97200,0.0
2021-07-15,127.5999984741211,128.44000244140625,126.0999984741211,127.37000274658203,120.9925765991211,187900,0.0
2021-07-16,128.35000610351562,128.5,126.05000305175781,126.1500015258789,119.83364868164062,107800,0.0
2021-07-19,124.26000213623047,126.33000183105469,123.4000015258789,125.08000183105469,118.81723022460938,329900,0.0
2021-07-20,125.3499984741211,129.33999633789062,125.1500015258789,128.58999633789062,122.1514892578125,138700,0.0
2021-07-21,129.14999389648438,130.64999389648438,129.08999633789062,130.47000122070312,123.93734741210938,157600,0.0
2021-07-22,130.0500030517578,130.0500030517578,128.10000610351562,128.6300048828125,122.18948364257812,162200,0.0
2021-07-23,129.00999450683594,129.6699981689453,128.2100067138672,129.5,123.01592254638672,284600,0.0
2021-07-26,129.99000549316406,131.0,129.47999572753906,130.05999755859375,123.54789733886719,129900,0.0
2021-07-27,129.3699951171875,129.3699951171875,127.66000366210938,129.02999877929688,122.56944274902344,62400,0.0
2021-07-28,129.5399932861328,131.2100067138672,128.5800018310547,130.3800048828125,123.85184478759766,106200,0.0
2021-07-29,131.05999755859375,132.85000610351562,130.8699951171875,132.0800018310547,125.46672058105469,113200,0.0
2021-07-30,131.66000366210938,133.19000244140625,131.52000427246094,132.27999877929688,125.65673065185547,80600,0.0
2021-08-02,133.10000610351562,134.3800048828125,131.77999877929688,131.86000061035156,125.25775146484375,193000,0.0
2021-08-03,132.3000030517578,132.86000061035156,130.91000366210938,132.86000061035156,126.20771026611328,294900,0.0
2021-08-04,131.7899932861328,132.72999572753906,131.25,131.42999267578125,124.84931182861328,84100,0.0
2021-08-05,132.1300048828125,133.13999938964844,131.77999877929688,133.07000732421875,126.40717315673828,119900,0.0
2021-08-06,133.6999969482422,134.8300018310547,133.25999450683594,134.17999267578125,127.46156311035156,64700,0.0
2021-08-09,134.07000732421875,134.07000732421875,132.97999572753906,133.1699981689453,126.50218963623047,184400,0.0
2021-08-10,133.32000732421875,134.05999755859375,132.72000122070312,133.7100067138672,127.01512145996094,129200,0.0
2021-08-11,134.00999450683594,134.1300048828125,132.5,134.1300048828125,127.41410827636719,66100,0.0
2021-08-12,133.97999572753906,133.97999572753906,133.1300048828125,133.57000732421875,126.88215637207031,38000,0.0
2021-08-13,133.72999572753906,133.99000549316406,132.57000732421875,132.77000427246094,126.12220001220703,67100,0.0
2021-08-16,132.00999450683594,132.63999938964844,131.47000122070312,132.19000244140625,125.57124328613281,47800,0.0
2021-08-17,130.91000366210938,131.0800018310547,128.8699951171875,130.2899932861328,123.766357421875,143600,0.0
2021-08-18,130.08999633789062,131.19000244140625,129.1999969482422,129.3800048828125,122.90194702148438,85300,0.0
2021-08-19,128.10000610351562,129.0800018310547,127.5199966430664,128.32000732421875,121.89501953125,116500,0.0
2021-08-20,128.32000732421875,130.4600067138672,128.22000122070312,130.3699951171875,123.84236907958984,166800,0.0
2021-08-23,131.17999267578125,132.30999755859375,131.02000427246094,132.2100067138672,125.59025573730469,80900,0.0
2021-08-24,132.38999938964844,132.91000366210938,131.91000366210938,132.83999633789062,126.18868255615234,54100,0.0
2021-08-25,132.77000427246094,134.10000610351562,132.47999572753906,133.25,126.57815551757812,64300,0.0
2021-08-26,133.02999877929688,133.22000122070312,131.63999938964844,131.94000244140625,125.33375549316406,75800,0.0
2021-08-27,132.1999969482422,135.85000610351562,132.0399932861328,135.5,128.71551513671875,130900,0.0
2021-08-30,135.99000549316406,136.0500030517578,135.19000244140625,135.55999755859375,128.77252197265625,61600,0.0
2021-08-31,135.41000366210938,135.52999877929688,134.42999267578125,135.16000366210938,128.3925018310547,77800,0.0
2021-09-01,135.67999267578125,136.4600067138672,134.63999938964844,135.97999572753906,129.1714630126953,94500,0.0
2021-09-02,136.5500030517578,137.4600067138672,136.17999267578125,136.86000061035156,130.00743103027344,71000,0.0
2021-09-03,136.63999938964844,136.94000244140625,135.92999267578125,136.2100067138672,129.38998413085938,57600,0.0
2021-09-07,136.1999969482422,136.38999938964844,134.72000122070312,134.72000122070312,127.97456359863281,65900,0.0
2021-09-08,134.5,134.5,133.17999267578125,133.82000732421875,127.1196060180664,63900,0.0
2021-09-09,133.82000732421875,134.83999633789062,133.4600067138672,133.4600067138672,126.77762603759766,55700,0.0
2021-09-10,134.3800048828125,134.6999969482422,132.39999389648438,132.42999267578125,125.7991943359375,73800,0.0
2021-09-13,133.5,133.5,131.8300018310547,132.9199981689453,126.2646713256836,72900,0.0
2021-09-14,133.6300048828125,133.6300048828125,131.0,131.52999877929688,124.94428253173828,76000,0.0
2021-09-15,131.69000244140625,132.86000061035156,131.1999969482422,132.7100067138672,126.0652084350586,67800,0.0
2021-09-16,132.75999450683594,133.1199951171875,131.5800018310547,132.44000244140625,125.80873107910156,77100,0.0
2021-09-17,132.5,132.8800048828125,131.5399932861328,132.47999572753906,125.84673309326172,91600,0.0
2021-09-20,130.5500030517578,130.97999572753906,128.32000732421875,130.00999450683594,123.5003890991211,146700,0.0
2021-09-21,130.85000610351562,131.27999877929688,128.9499969482422,129.8699951171875,123.36738586425781,122200,0.0
2021-09-22,130.83999633789062,132.77000427246094,130.60000610351562,131.8699951171875,125.26724243164062,69900,0.0
2021-09-23,132.6999969482422,134.32000732421875,132.55999755859375,133.6300048828125,126.93911743164062,68200,0.0
2021-09-24,132.58999633789062,133.38999938964844,131.92999267578125,132.5500030517578,126.25711059570312,52600,0.364
2021-09-27,132.77999877929688,135.0,132.47000122070312,134.2100067138672,127.83834075927734,53200,0.0
2021-09-28,133.38999938964844,133.5399932861328,131.58999633789062,131.75999450683594,125.50460815429688,147500,0.0
2021-09-29,132.30999755859375,132.64999389648438,131.66000366210938,131.9600067138672,125.69512176513672,65600,0.0
2021-09-30,132.86000061035156,133.07000732421875,130.0399932861328,130.0399932861328,123.8663101196289,118300,0.0
2021-10-01,130.80999755859375,133.24000549316406,129.72000122070312,132.4199981689453,126.13333892822266,1674000,0.0
2021-10-04,131.97000122070312,132.11000061035156,130.2899932861328,131.00999450683594,124.79022216796875,789300,0.0
2021-10-05,131.1699981689453,132.58999633789062,130.66000366210938,131.19000244140625,124.96170043945312,173100,0.0
2021-10-06,129.94000244140625,130.74000549316406,128.72000122070312,130.69000244140625,124.48545837402344,174900,0.0
2021-10-07,131.6300048828125,133.6300048828125,131.4600067138672,132.6999969482422,126.4000015258789,74500,0.0
2021-10-08,132.9499969482422,132.9499969482422,131.47000122070312,131.5800018310547,125.33318328857422,70900,0.0
2021-10-11,131.42999267578125,132.42999267578125,130.69000244140625,130.69000244140625,124.48545837402344,50700,0.0
2021-10-12,131.0500030517578,131.75999450683594,130.88999938964844,131.25,125.0188217163086,42900,0.0
2021-10-13,131.47999572753906,131.9600067138672,130.27000427246094,131.5399932861328,125.2950668334961,198300,0.0
2021-10-14,132.60000610351562,133.4199981689453,132.5399932861328,133.27000427246094,126.94293212890625,61200,0.0
2021-10-15,134.44000244140625,134.97000122070312,132.52000427246094,132.5800018310547,126.28570556640625,62200,0.0
2021-10-18,131.89999389648438,133.0,131.89999389648438,132.8300018310547,126.5238037109375,64400,0.0
2021-10-19,133.3699951171875,133.91000366210938,132.8300018310547,133.47999572753906,127.14295196533203,44900,0.0
2021-10-20,133.27000427246094,134.2899932861328,133.17999267578125,134.02999877929688,127.66686248779297,50900,0.0
2021-10-21,133.86000061035156,134.5399932861328,133.25999450683594,134.38999938964844,128.00979614257812,122800,0.0
2021-10-22,134.22999572753906,135.0399932861328,133.72000122070312,134.3300018310547,127.9526138305664,54400,0.0
2021-10-25,134.5500030517578,135.6300048828125,134.0399932861328,135.47999572753906,129.0480194091797,41800,0.0
2021-10-26,135.69000244140625,136.0,134.77999877929688,134.8300018310547,128.42886352539062,116700,0.0
2021-10-27,134.4499969482422,134.55999755859375,132.30999755859375,132.35000610351562,126.066650390625,70700,0.0
2021-10-28,132.94000244140625,135.41000366210938,132.94000244140625,135.3800048828125,128.95278930664062,37200,0.0
2021-10-29,135.0800018310547,135.63999938964844,134.49000549316406,135.50999450683594,129.07659912109375,48200,0.0
2021-11-01,136.13999938964844,138.27000427246094,136.0500030517578,138.08999633789062,131.53408813476562,71300,0.0
2021-11-02,138.33999633789062,138.44000244140625,137.64999389648438,138.08999633789062,131.53408813476562,97100,0.0
2021-11-03,138.08999633789062,141.27999877929688,137.8800048828125,140.6699981689453,133.9916229248047,87600,0.0
2021-11-04,141.17999267578125,142.0800018310547,140.5800018310547,140.9600067138672,134.26785278320312,99000,0.0
2021-11-05,142.22000122070312,144.0,142.1699981689453,143.44000244140625,136.6300811767578,76200,0.0
2021-11-08,144.10000610351562,144.69000244140625,143.39999389648438,143.6199951171875,136.80157470703125,97800,0.0
2021-11-09,143.42999267578125,143.8699951171875,142.6300048828125,143.2899932861328,136.48724365234375,75300,0.0
2021-11-10,142.99000549316406,143.66000366210938,141.22000122070312,141.63999938964844,134.9155731201172,75300,0.0
2021-11-11,142.36000061035156,142.9600067138672,141.91000366210938,142.5,135.7347412109375,69400,0.0
2021-11-12,142.8800048828125,143.13999938964844,142.5,142.6300048828125,135.8585662841797,67000,0.0
2021-11-15,143.39999389648438,143.39999389648438,142.07000732421875,142.60000610351562,135.8300018310547,80700,0.0
2021-11-16,142.58999633789062,143.5500030517578,142.19000244140625,143.3300018310547,136.52532958984375,68900,0.0
2021-11-17,143.17999267578125,143.17999267578125,141.58999633789062,142.05999755859375,135.3156280517578,73400,0.0
2021-11-18,142.1699981689453,142.47000122070312,140.42999267578125,141.38999938964844,134.677490234375,68900,0.0
2021-11-19,140.75,141.47000122070312,140.25999450683594,140.3800048828125,133.71539306640625,70200,0.0
2021-11-22,141.3300018310547,142.80999755859375,140.61000061035156,140.6199951171875,133.9440155029297,139500,0.0
2021-11-23,140.8000030517578,141.32000732421875,138.97000122070312,140.2899932861328,133.62966918945312,291600,0.0
2021-11-24,139.1300048828125,140.1999969482422,138.85000610351562,140.08999633789062,133.43917846679688,49700,0.0
2021-11-26,136.94000244140625,137.52999877929688,133.8699951171875,135.39999389648438,128.97183227539062,91100,0.0
2021-11-29,137.13999938964844,137.3800048828125,134.52999877929688,135.30999755859375,128.88609313964844,83700,0.0
2021-11-30,134.08999633789062,134.6999969482422,131.86000061035156,132.5800018310547,126.28570556640625,133800,0.0
2021-12-01,135.1699981689453,136.24000549316406,130.52000427246094,130.52000427246094,124.323486328125,165500,0.0
2021-12-02,131.11000061035156,134.2899932861328,130.80999755859375,133.72999572753906,127.38107299804688,156800,0.0
2021-12-03,134.6300048828125,135.35000610351562,130.77000427246094,131.85000610351562,125.59037780761719,123600,0.0
2021-12-06,132.8000030517578,135.3699951171875,131.55999755859375,134.60000610351562,128.20980834960938,143900,0.0
2021-12-07,136.35000610351562,138.4499969482422,136.35000610351562,137.3699951171875,130.84832763671875,122900,0.0
2021-12-08,137.44000244140625,138.6199951171875,136.7899932861328,138.1199951171875,131.56268310546875,100000,0.0
2021-12-09,137.22999572753906,137.66000366210938,135.30999755859375,135.44000244140625,129.00990295410156,78000,0.0
2021-12-10,136.36000061035156,136.69000244140625,134.52999877929688,135.08999633789062,128.6765594482422,69000,0.0
2021-12-13,134.8800048828125,134.8800048828125,132.63999938964844,133.1199951171875,127.00032043457031,80700,0.213
2021-12-14,132.19000244140625,133.94000244140625,131.5500030517578,132.02000427246094,125.95088958740234,100400,0.0
2021-12-15,132.41000366210938,134.27000427246094,130.3000030517578,134.0500030517578,127.88758087158203,85600,0.0
2021-12-16,135.0,135.0,130.58999633789062,131.22000122070312,125.18765258789062,82400,0.0
2021-12-17,130.89999389648438,133.30999755859375,130.13999938964844,132.00999450683594,125.94131469726562,105900,0.0
2021-12-20,130.0500030517578,131.1199951171875,128.60000610351562,130.5800018310547,124.57708740234375,198000,0.0
2021-12-21,132.05999755859375,134.4199981689453,132.0399932861328,134.27999877929688,128.10699462890625,177600,0.0
2021-12-22,134.1199951171875,136.07000732421875,134.07000732421875,136.0399932861328,129.7860565185547,108200,0.0
2021-12-23,136.5500030517578,137.32000732421875,135.94000244140625,136.85000610351562,130.55882263183594,61600,0.0
2021-12-27,137.3699951171875,139.52000427246094,136.88999938964844,139.50999450683594,133.09654235839844,116200,0.0
2021-12-28,139.5500030517578,140.3699951171875,138.47999572753906,138.5800018310547,132.20932006835938,85200,0.0
2021-12-29,138.63999938964844,139.77000427246094,138.50999450683594,139.6199951171875,133.2014923095703,160000,0.0
2021-12-30,139.5500030517578,140.5800018310547,138.75,138.88999938964844,132.50503540039062,82300,0.0
2021-12-31,138.5399932861328,139.3800048828125,138.3000030517578,138.8000030517578,132.41917419433594,121300,0.0
2022-01-03,139.22999572753906,141.05999755859375,138.66000366210938,139.55999755859375,133.14422607421875,217200,0.0
2022-01-04,140.05999755859375,140.97000122070312,139.14999389648438,140.1699981689453,133.7261962890625,159100,0.0
2022-01-05,139.92999267578125,140.44000244140625,135.3800048828125,135.5,129.27088928222656,165600,0.0
2022-01-06,135.6699981689453,137.2899932861328,134.47999572753906,136.3300018310547,130.06275939941406,136200,0.0
2022-01-07,136.17999267578125,136.72000122070312,133.75,133.80999755859375,127.65857696533203,72000,0.0
2022-01-10,133.0399932861328,133.14999389648438,130.57000732421875,133.13999938964844,127.01937103271484,276700,0.0
2022-01-11,133.36000061035156,134.47999572753906,131.52999877929688,134.27999877929688,128.10699462890625,91900,0.0
2022-01-12,134.85000610351562,135.5399932861328,133.00999450683594,134.0500030517578,127.88758087158203,80500,0.0
2022-01-13,134.2899932861328,135.47000122070312,132.8699951171875,133.10000610351562,126.98126220703125,94400,0.0
2022-01-14,132.02000427246094,133.6199951171875,131.47000122070312,133.4600067138672,127.32466125488281,77400,0.0
2022-01-18,132.4199981689453,132.4600067138672,129.25,129.42999267578125,123.4799575805664,162200,0.0
2022-01-19,130.1199951171875,130.3699951171875,127.0,127.05999755859375,121.21890258789062,600200,0.0
2022-01-20,127.72000122070312,129.42999267578125,124.29000091552734,124.4000015258789,118.68118286132812,151600,0.0
2022-01-21,123.9000015258789,126.23999786376953,122.4000015258789,122.4000015258789,116.77312469482422,292300,0.0
2022-01-24,120.4800033569336,125.91000366210938,119.5,125.58000183105469,119.80693054199219,306100,0.0
2022-01-25,123.56999969482422,125.27999877929688,121.37000274658203,123.45999908447266,117.78440856933594,190500,0.0
2022-01-26,125.4800033569336,126.38999938964844,120.76000213623047,121.79000091552734,116.191162109375,181000,0.0
2022-01-27,123.0,124.04000091552734,118.56999969482422,119.16000366210938,113.68206787109375,211200,0.0
2022-01-28,119.63999938964844,121.52999877929688,117.41000366210938,121.4800033569336,115.89542388916016,145400,0.0
2022-01-31,121.13999938964844,124.69000244140625,120.80000305175781,124.61000061035156,118.88151550292969,224600,0.0
2022-02-01,124.22000122070312,125.66999816894531,123.19000244140625,125.52999877929688,119.75923919677734,199400,0.0
2022-02-02,125.91999816894531,126.18000030517578,123.83000183105469,124.87999725341797,119.13910675048828,385500,0.0
2022-02-03,123.66999816894531,124.83000183105469,122.69000244140625,122.9000015258789,117.25013732910156,187100,0.0
2022-02-04,122.81999969482422,124.08000183105469,121.25,123.05999755859375,117.40277099609375,268800,0.0
2022-02-07,123.19999694824219,124.06999969482422,122.51000213623047,122.91999816894531,117.26921844482422,234600,0.0
2022-02-08,123.13999938964844,125.37999725341797,123.06999969482422,125.0999984741211,119.34900665283203,129900,0.0
2022-02-09,126.12000274658203,127.05999755859375,126.12000274658203,127.05999755859375,121.21890258789062,134900,0.0
2022-02-10,125.06999969482422,128.38999938964844,124.45999908447266,125.31999969482422,119.55888366699219,287300,0.0
2022-02-11,125.44999694824219,126.72000122070312,123.2699966430664,124.37000274658203,118.65255737304688,128500,0.0
2022-02-14,124.45999908447266,125.22000122070312,123.1500015258789,123.8499984741211,118.15646362304688,153500,0.0
2022-02-15,125.04000091552734,126.79000091552734,124.66999816894531,126.6500015258789,120.82772827148438,97100,0.0
2022-02-16,126.33999633789062,127.2300033569336,125.52999877929688,126.83000183105469,120.99946594238281,102600,0.0
2022-02-17,125.75,126.13999938964844,123.61000061035156,123.87000274658203,118.17555236816406,93700,0.0
2022-02-18,123.19000244140625,124.69000244140625,122.80000305175781,123.19000244140625,117.5268325805664,97700,0.0
2022-02-22,122.62000274658203,123.72000122070312,120.69999694824219,121.45999908447266,115.87632751464844,132800,0.0
2022-02-23,122.37999725341797,122.87000274658203,119.04000091552734,119.44000244140625,113.94920349121094,101200,0.0
2022-02-24,116.77999877929688,122.2699966430664,116.25,122.12000274658203,116.50598907470703,316800,0.0
2022-02-25,122.3499984741211,124.66000366210938,121.41000366210938,124.55999755859375,118.83382415771484,134800,0.0
2022-02-28,123.08999633789062,125.72000122070312,122.62999725341797,125.16000366210938,119.40623474121094,193900,0.0
2022-03-01,125.0199966430664,125.0199966430664,121.95999908447266,122.86000061035156,117.21196746826172,168700,0.0
2022-03-02,123.55000305175781,126.95999908447266,123.55000305175781,126.3499984741211,120.5415267944336,98900,0.0
2022-03-03,126.86000061035156,126.86000061035156,124.16000366210938,124.81999969482422,119.08186340332031,122100,0.0
2022-03-04,123.66999816894531,124.33999633789062,121.88999938964844,122.72000122070312,117.07842254638672,128700,0.0
2022-03-07,122.58999633789062,122.91000366210938,119.62000274658203,119.62000274658203,114.12092590332031,169700,0.0
2022-03-08,119.98999786376953,122.76000213623047,119.33999633789062,120.22000122070312,114.69332885742188,108000,0.0
2022-03-09,122.47000122070312,123.88999938964844,122.29000091552734,123.25,117.58405303955078,121700,0.0
2022-03-10,121.8499984741211,123.02999877929688,121.05000305175781,122.91999816894531,117.26921844482422,84300,0.0
2022-03-11,123.69000244140625,124.12999725341797,121.26000213623047,121.30000305175781,115.72368621826172,85900,0.0
2022-03-14,121.73999786376953,121.91000366210938,119.02999877929688,119.6500015258789,114.14954376220703,84900,0.0
2022-03-15,119.91000366210938,121.61000061035156,119.69000244140625,121.5199966430664,115.93356323242188,112600,0.0
2022-03-16,122.77999877929688,125.0199966430664,121.77999877929688,124.98999786376953,119.24406433105469,96500,0.0
2022-03-17,124.55999755859375,126.93000030517578,124.29000091552734,126.83999633789062,121.00900268554688,77100,0.0
2022-03-18,126.25,128.30999755859375,126.25,128.11000061035156,122.22062683105469,75500,0.0
2022-03-21,128.11000061035156,128.77999877929688,126.05000305175781,126.87000274658203,121.03763580322266,106900,0.0
2022-03-22,127.33000183105469,128.8300018310547,126.83000183105469,127.58000183105469,121.7149887084961,85100,0.0
2022-03-23,127.11000061035156,127.11000061035156,124.9800033569336,125.0199966430664,119.2726821899414,101800,0.0
2022-03-24,125.43000030517578,126.19999694824219,124.7699966430664,126.0999984741211,120.51606750488281,65200,0.221
2022-03-25,126.48999786376953,126.48999786376953,125.38999938964844,126.31999969482422,120.72633361816406,66600,0.0
2022-03-28,126.4000015258789,126.4000015258789,124.4000015258789,126.0,120.42047882080078,78400,0.0
2022-03-29,127.18000030517578,129.75999450683594,127.18000030517578,129.49000549316406,123.75595092773438,127900,0.0
2022-03-30,129.25999450683594,129.3300018310547,126.3499984741211,126.94000244140625,121.3188705444336,86100,0.0
2022-03-31,126.68000030517578,127.44999694824219,125.0999984741211,125.0999984741211,119.56035614013672,78800,0.0
2022-04-01,125.75,126.79000091552734,125.23999786376953,126.58000183105469,120.97481536865234,70600,0.0
2022-04-04,127.0,127.0,125.62000274658203,126.05999755859375,120.47784423828125,62000,0.0
2022-04-05,126.18000030517578,126.75,122.91999816894531,123.1500015258789,117.69668579101562,160500,0.0
2022-04-06,122.19999694824219,122.37000274658203,120.83999633789062,121.47000122070312,116.0910873413086,141900,0.0
2022-04-07,121.54000091552734,122.08999633789062,120.06999969482422,121.5199966430664,116.13886260986328,80400,0.0
2022-04-08,121.5199966430664,122.04000091552734,120.33000183105469,120.45999908447266,115.12580871582031,68100,0.0
2022-04-11,119.66000366210938,121.02999877929688,119.30000305175781,119.48999786376953,114.19876861572266,119100,0.0
2022-04-12,120.73999786376953,122.37999725341797,119.54000091552734,119.88999938964844,114.58106231689453,144100,0.0
2022-04-13,120.16999816894531,122.29000091552734,120.16999816894531,121.87999725341797,116.4829330444336,62200,0.0
2022-04-14,122.11000061035156,122.33999633789062,120.44000244140625,120.51000213623047,115.173583984375,66400,0.0
2022-04-18,120.23999786376953,120.62000274658203,119.30999755859375,119.80000305175781,114.49504089355469,99700,0.0
2022-04-19,120.22000122070312,122.81999969482422,119.9000015258789,122.4000015258789,116.97991180419922,129600,0.0
2022-04-20,123.38999938964844,124.02999877929688,123.05999755859375,123.30000305175781,117.8400650024414,75100,0.0
2022-04-21,124.44000244140625,124.69999694824219,120.56999969482422,120.97000122070312,115.61322021484375,146300,0.0
2022-04-22,120.1500015258789,120.77999877929688,117.44000244140625,117.63999938964844,112.43067932128906,91100,0.0
2022-04-25,116.79000091552734,118.52999877929688,115.72000122070312,118.4000015258789,113.15704345703125,192000,0.0
2022-04-26,117.66999816894531,117.66999816894531,114.44999694824219,114.44999694824219,109.38195037841797,107900,0.0
2022-04-27,114.66000366210938,115.30000305175781,113.69000244140625,113.87999725341797,108.83718872070312,170400,0.0
2022-04-28,115.72000122070312,117.04000091552734,113.30000305175781,116.30000305175781,111.15003204345703,209800,0.0
2022-04-29,115.7699966430664,117.08999633789062,113.08999633789062,113.33000183105469,108.31156158447266,155800,0.0
2022-05-02,113.38999938964844,114.95999908447266,111.75,114.36000061035156,109.29592895507812,292600,0.0
2022-05-03,114.3499984741211,115.97000122070312,113.83999633789062,115.44999694824219,110.33766174316406,149400,0.0
2022-05-04,116.05999755859375,119.02999877929688,114.4000015258789,118.70999908447266,113.45330047607422,132300,0.0
2022-05-05,117.3499984741211,117.3499984741211,112.58999633789062,113.80999755859375,108.77029418945312,133200,0.0
2022-05-06,113.36000061035156,113.88999938964844,111.19999694824219,112.41000366210938,107.43228149414062,133800,0.0
2022-05-09,110.73999786376953,111.4000015258789,108.4000015258789,108.81999969482422,104.00126647949219,257900,0.0
2022-05-10,110.16999816894531,110.94999694824219,106.44000244140625,108.56999969482422,103.76232147216797,279900,0.0
2022-05-11,108.5,110.56999969482422,105.97000122070312,106.13999938964844,101.43992614746094,308900,0.0
2022-05-12,105.5999984741211,108.44999694824219,105.2699966430664,107.70999908447266,102.94042205810547,219300,0.0
2022-05-13,109.06999969482422,111.66999816894531,109.06999969482422,110.83000183105469,105.92224884033203,132100,0.0
2022-05-16,110.58000183105469,111.29000091552734,109.48999786376953,110.01000213623047,105.13855743408203,163400,0.0
2022-05-17,111.8499984741211,113.29000091552734,111.19999694824219,113.29000091552734,108.27332305908203,132500,0.0
2022-05-18,111.37000274658203,111.69999694824219,107.77999877929688,108.5999984741211,103.79100036621094,485000,0.0
2022-05-19,107.9800033569336,110.06999969482422,107.66999816894531,108.70999908447266,103.89611053466797,168500,0.0
2022-05-20,110.19999694824219,110.19999694824219,105.91000366210938,108.5,103.69541931152344,151800,0.0
2022-05-23,109.66999816894531,110.02999877929688,108.12000274658203,109.62999725341797,104.77538299560547,172100,0.0
2022-05-24,108.66000366210938,108.69999694824219,106.11000061035156,107.91000366210938,103.13154602050781,113700,0.0
2022-05-25,107.44000244140625,111.04000091552734,107.44000244140625,110.30000305175781,105.41571807861328,108000,0.0
2022-05-26,111.01000213623047,113.58999633789062,111.01000213623047,113.02999877929688,108.02481842041016,115800,0.0
2022-05-27,113.73999786376953,116.19999694824219,113.73999786376953,116.1500015258789,111.00667572021484,116600,0.0
2022-05-31,115.63999938964844,116.06999969482422,114.18000030517578,114.98999786376953,109.8980484008789,108400,0.0
2022-06-01,115.3499984741211,115.62999725341797,112.80999755859375,114.44000244140625,109.37239074707031,125800,0.0
2022-06-02,114.93000030517578,117.19000244140625,114.33000183105469,117.19000244140625,112.00061798095703,157300,0.0
2022-06-03,116.0199966430664,116.2300033569336,115.19000244140625,115.91000366210938,110.7773208618164,129800,0.0
2022-06-06,116.73999786376953,117.02999877929688,115.91000366210938,116.5199966430664,111.36026000976562,110200,0.0
2022-06-07,115.44999694824219,117.93000030517578,115.16000366210938,117.9000015258789,112.67916107177734,97800,0.0
2022-06-08,117.58999633789062,117.58999633789062,115.36000061035156,115.91999816894531,110.7868423461914,71300,0.0
2022-06-09,115.0,115.3499984741211,113.29000091552734,113.37000274658203,108.55109405517578,106800,0.215
2022-06-10,111.68000030517578,112.18000030517578,109.88999938964844,110.4800033569336,105.78394317626953,132800,0.0
2022-06-13,107.80999755859375,108.12000274658203,104.91999816894531,105.48999786376953,101.00604248046875,200600,0.0
2022-06-14,105.87000274658203,106.12999725341797,104.38999938964844,105.31999969482422,100.8432846069336,255000,0.0
2022-06-15,106.44999694824219,107.76000213623047,104.94999694824219,106.33999633789062,101.81991577148438,176500,0.0
2022-06-16,103.86000061035156,104.01000213623047,100.47000122070312,101.11000061035156,96.81224060058594,201500,0.0
2022-06-17,101.41999816894531,103.31999969482422,101.13999938964844,101.9000015258789,97.56864166259766,214300,0.0
2022-06-21,103.1500015258789,104.47000122070312,102.63999938964844,103.5199966430664,99.11978912353516,430100,0.0
2022-06-22,102.18000030517578,103.91000366210938,102.0999984741211,103.19000244140625,98.8038101196289,186400,0.0
2022-06-23,103.47000122070312,104.94000244140625,103.0,104.80999755859375,100.35496520996094,134100,0.0
2022-06-24,105.54000091552734,107.9800033569336,105.54000091552734,107.9800033569336,103.39022064208984,155700,0.0
2022-06-27,108.29000091552734,109.4000015258789,107.68000030517578,108.72000122070312,104.09876251220703,153300,0.0
2022-06-28,109.4800033569336,109.98999786376953,106.9800033569336,107.02999877929688,102.48058319091797,111800,0.0
2022-06-29,106.94999694824219,106.94999694824219,105.0,106.19999694824219,101.68586730957031,144700,0.0
2022-06-30,104.41999816894531,106.51000213623047,103.8499984741211,105.31999969482422,100.8432846069336,125500,0.0
2022-07-01,105.08000183105469,106.33000183105469,104.0999984741211,106.13999938964844,101.62842559814453,132500,0.0
2022-07-05,104.54000091552734,107.12000274658203,103.68000030517578,107.12000274658203,102.5667724609375,209300,0.0
2022-07-06,106.87000274658203,107.2699966430664,105.25,106.18000030517578,101.66670989990234,330500,0.0
2022-07-07,107.1500015258789,108.48999786376953,107.1500015258789,108.43000030517578,103.82109069824219,109000,0.0
2022-07-08,107.83999633789062,108.70999908447266,107.18000030517578,107.97000122070312,103.3806381225586,162600,0.0
2022-07-11,107.4000015258789,107.41000366210938,106.22000122070312,106.37999725341797,101.85821533203125,265100,0.0
2022-07-12,106.41000366210938,107.19000244140625,105.37999725341797,105.9800033569336,101.47521209716797,148600,0.0
2022-07-13,104.5199966430664,106.30999755859375,104.4000015258789,105.87000274658203,101.3698959350586,157000,0.0
2022-07-14,104.5,105.20999908447266,103.29000091552734,105.20999908447266,100.73795318603516,132500,0.0
2022-07-15,106.43000030517578,107.45999908447266,105.12000274658203,107.25,102.69123077392578,138600,0.0
2022-07-18,108.51000213623047,108.98999786376953,106.66000366210938,106.9800033569336,102.43270874023438,91000,0.0
2022-07-19,108.3499984741211,111.11000061035156,108.22000122070312,111.06999969482422,106.34884643554688,103300,0.0
2022-07-20,110.83999633789062,113.16000366210938,110.4800033569336,113.12000274658203,108.31175994873047,164300,0.0
2022-07-21,112.56999969482422,114.19000244140625,111.93000030517578,114.19000244140625,109.33623504638672,149400,0.0
2022-07-22,114.38999938964844,114.38999938964844,111.55999755859375,112.5999984741211,107.8138198852539,155000,0.0
2022-07-25,112.91999816894531,113.25,112.0,113.04000091552734,108.23512268066406,136800,0.0
2022-07-26,112.27999877929688,112.9000015258789,111.95999908447266,112.52999877929688,107.74679565429688,4194900,0.0
2022-07-27,113.06999969482422,115.62999725341797,112.66000366210938,115.06999969482422,110.17884063720703,573800,0.0
2022-07-28,115.19999694824219,116.80999755859375,114.05999755859375,116.66000366210938,111.7012710571289,97500,0.0
2022-07-29,116.86000061035156,118.0,116.22000122070312,117.83000183105469,112.82151794433594,479600,0.0
2022-08-01,117.26000213623047,118.62999725341797,116.16999816894531,117.91999816894531,112.90769958496094,460400,0.0
2022-08-02,117.66000366210938,118.51000213623047,116.72000122070312,117.25,112.26617431640625,342900,0.0
2022-08-03,117.58000183105469,118.91000366210938,117.36000061035156,118.7300033569336,113.68327331542969,264700,0.0
2022-08-04,118.72000122070312,118.81999969482422,117.3499984741211,117.9000015258789,112.88855743408203,138100,0.0
2022-08-05,117.06999969482422,118.68000030517578,116.80000305175781,118.30999755859375,113.2811279296875,103500,0.0
2022-08-08,118.91999816894531,120.0999984741211,118.38999938964844,118.80999755859375,113.7598648071289,159900,0.0
2022-08-09,118.41999816894531,118.41999816894531,115.9800033569336,116.55999755859375,111.60552978515625,118800,0.0
2022-08-10,118.58999633789062,119.62999725341797,118.05000305175781,119.27999877929688,114.20989227294922,118700,0.0
2022-08-11,120.41999816894531,121.44999694824219,119.7699966430664,120.0,114.89928436279297,105600,0.0
2022-08-12,120.69999694824219,122.38999938964844,120.2300033569336,122.38999938964844,117.18771362304688,75600,0.0
2022-08-15,121.23999786376953,123.0,121.0999984741211,123.0,117.77176666259766,186800,0.0
2022-08-16,122.69000244140625,123.83999633789062,122.08999633789062,123.41000366210938,118.16436004638672,213600,0.0
2022-08-17,121.93000030517578,122.20999908447266,120.80999755859375,121.41000366210938,116.24937438964844,168200,0.0
2022-08-18,121.66999816894531,122.87000274658203,121.33999633789062,122.55000305175781,117.34090423583984,166900,0.0
2022-08-19,121.30000305175781,121.76000213623047,120.0,120.5199966430664,115.39720153808594,102200,0.0
2022-08-22,118.9000015258789,118.9000015258789,117.30000305175781,117.61000061035156,112.6108627319336,71700,0.0
2022-08-23,117.7300033569336,118.7699966430664,117.3499984741211,117.44999694824219,112.45767974853516,408800,0.0
2022-08-24,117.43000030517578,118.5,117.0,118.01000213623047,112.9938735961914,71100,0.0
2022-08-25,118.41000366210938,120.20999908447266,118.41000366210938,120.08000183105469,114.97587585449219,142000,0.0
2022-08-26,120.18000030517578,120.20999908447266,115.88999938964844,115.95999908447266,111.031005859375,148400,0.0
2022-08-29,114.94999694824219,115.73999786376953,114.7300033569336,114.80999755859375,109.92989349365234,76800,0.0
2022-08-30,115.02999877929688,115.16999816894531,112.66000366210938,113.36000061035156,108.5415267944336,605600,0.0
2022-08-31,113.58999633789062,113.80000305175781,112.0999984741211,112.30000305175781,107.52659606933594,121200,0.0
2022-09-01,111.19000244140625,111.44999694824219,109.37999725341797,110.93000030517578,106.21482849121094,256300,0.0
2022-09-02,112.19999694824219,112.41000366210938,109.27999877929688,109.94999694824219,105.27645874023438,131000,0.0
2022-09-06,110.2699966430664,110.43000030517578,108.0,108.44999694824219,103.84022521972656,233500,0.0
2022-09-07,108.36000061035156,110.52999877929688,108.36000061035156,110.43000030517578,105.736083984375,3424900,0.0
2022-09-08,109.51000213623047,111.37000274658203,108.95999908447266,111.26000213623047,106.5307846069336,635400,0.0
2022-09-09,112.26000213623047,113.56999969482422,112.26000213623047,113.2699966430664,108.45535278320312,84200,0.0
2022-09-12,114.06999969482422,114.73999786376953,113.80000305175781,114.66999816894531,109.79584503173828,192100,0.0
2022-09-13,111.81999969482422,112.44000244140625,109.86000061035156,110.20999908447266,105.52542877197266,84100,0.0
2022-09-14,110.58000183105469,110.75,109.2699966430664,110.33999633789062,105.64990997314453,67800,0.0
2022-09-15,109.9000015258789,111.04000091552734,108.91999816894531,109.25,104.60623168945312,85200,0.0
2022-09-16,108.1500015258789,108.5199966430664,106.93000030517578,108.41999816894531,103.8115234375,110700,0.0
2022-09-19,107.23999786376953,109.52999877929688,107.23999786376953,109.44999694824219,104.7977066040039,166100,0.0
2022-09-20,108.63999938964844,108.66000366210938,107.31999969482422,108.26000213623047,103.65830993652344,107000,0.0
2022-09-21,109.08000183105469,110.12000274658203,106.94000244140625,106.94000244140625,102.39441680908203,101500,0.0
2022-09-22,106.8499984741211,106.8499984741211,104.20999908447266,104.52999877929688,100.08684539794922,105200,0.0
2022-09-23,103.18000030517578,103.2699966430664,101.12999725341797,102.5199966430664,98.16229248046875,204900,0.0
2022-09-26,101.75,103.5,100.55000305175781,100.73999786376953,96.80068969726562,321000,0.363
2022-09-27,101.94000244140625,102.69999694824219,100.2300033569336,101.12000274658203,97.16584014892578,207900,0.0
2022-09-28,101.61000061035156,104.5999984741211,101.23999786376953,104.08000183105469,100.01009368896484,218300,0.0
2022-09-29,102.73999786376953,102.73999786376953,100.83000183105469,101.97000122070312,97.98258972167969,108200,0.0
2022-09-30,101.93000030517578,104.01000213623047,101.45999908447266,101.66999816894531,97.69432830810547,167900,0.0
2022-10-03,103.05999755859375,104.9800033569336,101.80000305175781,104.19999694824219,100.1253890991211,274200,0.0
2022-10-04,106.11000061035156,108.11000061035156,106.11000061035156,108.0,103.77680969238281,321000,0.0
2022-10-05,106.62000274658203,107.80999755859375,105.66000366210938,107.47000122070312,103.26752471923828,120500,0.0
2022-10-06,106.77999877929688,108.31999969482422,106.58999633789062,106.87000274658203,102.69098663330078,60800,0.0
2022-10-07,105.7699966430664,106.5199966430664,103.55999755859375,104.0199966430664,99.95243072509766,132500,0.0
2022-10-10,104.2300033569336,104.70999908447266,103.2300033569336,103.91000366210938,99.84675598144531,135900,0.0
2022-10-11,103.31999969482422,105.19000244140625,102.37000274658203,103.7699966430664,99.71221160888672,84700,0.0
2022-10-12,103.69999694824219,103.75,102.56999969482422,103.11000061035156,99.07804107666016,148500,0.0
2022-10-13,100.91999816894531,106.11000061035156,100.12999725341797,105.68000030517578,101.54753112792969,221100,0.0
2022-10-14,106.5199966430664,106.70999908447266,102.91000366210938,102.93000030517578,98.9050521850586,98000,0.0
2022-10-17,104.88999938964844,106.06999969482422,104.8499984741211,105.83999633789062,101.70125579833984,173100,0.0
2022-10-18,107.80999755859375,108.68000030517578,106.08999633789062,106.91000366210938,102.72943878173828,113400,0.0
2022-10-19,105.83999633789062,106.31999969482422,103.73999786376953,104.80999755859375,100.71155548095703,118600,0.0
2022-10-20,104.77999877929688,106.12999725341797,102.87999725341797,103.29000091552734,99.2509994506836,122600,0.0
2022-10-21,103.45999908447266,106.12000274658203,103.2300033569336,105.88999938964844,101.74932098388672,97900,0.0
2022-10-24,106.38999938964844,106.94999694824219,105.36000061035156,106.7300033569336,102.55647277832031,69500,0.0
2022-10-25,106.56999969482422,109.88999938964844,106.56999969482422,109.38999938964844,105.1124496459961,149100,0.0
2022-10-26,109.3499984741211,111.68000030517578,109.0999984741211,109.66999816894531,105.38150024414062,93000,0.0
2022-10-27,110.29000091552734,111.16999816894531,109.36000061035156,109.41000366210938,105.13167572021484,142700,0.0
2022-10-28,109.6500015258789,112.12999725341797,109.4800033569336,111.94000244140625,107.56272888183594,137500,0.0
2022-10-31,111.48999786376953,112.37000274658203,111.05000305175781,111.7300033569336,107.36096954345703,70300,0.0
2022-11-01,112.62000274658203,113.0,111.62999725341797,112.19999694824219,107.81256103515625,165400,0.0
2022-11-02,111.23999786376953,112.4800033569336,108.05999755859375,108.16000366210938,103.9305419921875,384800,0.0
2022-11-03,106.9000015258789,108.22000122070312,105.98999786376953,107.30999755859375,103.1137924194336,103300,0.0
2022-11-04,108.98999786376953,109.4000015258789,106.83999633789062,108.66999816894531,104.42061614990234,202300,0.0
2022-11-07,109.26000213623047,110.08999633789062,108.37000274658203,109.72000122070312,105.4295425415039,183300,0.0
2022-11-08,110.18000030517578,111.61000061035156,109.12000274658203,110.19999694824219,105.8907699584961,106300,0.0
2022-11-09,109.30999755859375,109.77999877929688,107.2699966430664,107.6500015258789,103.44049072265625,96400,0.0
2022-11-10,111.72000122070312,114.66999816894531,111.72000122070312,114.56999969482422,110.08990478515625,111400,0.0
2022-11-11,114.69000244140625,116.33999633789062,114.69000244140625,115.43000030517578,110.91626739501953,166500,0.0
2022-11-14,114.91000366210938,116.08999633789062,114.19999694824219,114.31999969482422,109.84965515136719,124800,0.0
2022-11-15,116.08000183105469,117.16999816894531,115.2300033569336,115.91000366210938,111.37749481201172,306700,0.0
2022-11-16,115.02999877929688,115.31999969482422,113.56999969482422,113.97000122070312,109.51336669921875,85000,0.0
2022-11-17,112.25,113.33000183105469,111.87999725341797,113.18000030517578,108.75424194335938,85800,0.0
2022-11-18,114.27999877929688,114.94000244140625,113.5,113.8499984741211,109.39805603027344,51800,0.0
2022-11-21,113.33000183105469,113.62000274658203,112.7300033569336,113.37999725341797,108.94640350341797,112600,0.0
2022-11-22,114.13999938964844,114.83000183105469,113.31999969482422,114.70999908447266,110.22442626953125,259000,0.0
2022-11-23,114.36000061035156,115.55999755859375,114.36000061035156,115.16999816894531,110.66641235351562,85500,0.0
2022-11-25,115.29000091552734,115.87999725341797,114.91999816894531,115.44999694824219,110.93547821044922,25200,0.0
2022-11-28,114.33000183105469,114.69999694824219,112.69000244140625,112.95999908447266,108.54285430908203,65500,0.0
2022-11-29,113.04000091552734,113.94999694824219,113.04000091552734,113.16999816894531,108.74463653564453,99600,0.0
2022-11-30,113.41000366210938,116.66000366210938,112.33999633789062,116.66000366210938,112.09818267822266,157000,0.0
2022-12-01,117.18000030517578,117.69000244140625,116.06999969482422,116.62999725341797,112.0693359375,146800,0.0
2022-12-02,114.91999816894531,117.4800033569336,114.91999816894531,117.13999938964844,112.5594253540039,63500,0.0
2022-12-05,116.44999694824219,116.44999694824219,113.33000183105469,113.86000061035156,109.40764617919922,88100,0.0
2022-12-06,113.6500015258789,113.7699966430664,111.5999984741211,112.41000366210938,108.01435852050781,172300,0.0
2022-12-07,112.25,113.01000213623047,111.52999877929688,112.04000091552734,107.65882110595703,179400,0.0
2022-12-08,112.72000122070312,113.6500015258789,112.02999877929688,112.5,108.10083770751953,142900,0.0
2022-12-09,111.87999725341797,112.44999694824219,111.27999877929688,111.45999908447266,107.10151672363281,91800,0.0
2022-12-12,111.62999725341797,112.66999816894531,111.12000274658203,112.47000122070312,108.07201385498047,96800,0.0
2022-12-13,116.04000091552734,116.26000213623047,112.31999969482422,112.91999816894531,108.863525390625,299000,0.371
2022-12-14,112.45999908447266,113.70999908447266,111.2300033569336,111.80999755859375,107.79338073730469,122800,0.0
2022-12-15,110.81999969482422,110.81999969482422,108.52999877929688,108.75,104.84332275390625,155200,0.0
2022-12-16,107.63999938964844,108.38999938964844,107.02999877929688,107.83999633789062,103.96601104736328,147300,0.0
2022-12-19,108.18000030517578,108.18000030517578,107.0199966430664,107.56999969482422,103.70569610595703,873100,0.0
2022-12-20,107.26000213623047,108.44000244140625,106.95999908447266,107.87000274658203,103.99494171142578,319700,0.0
2022-12-21,108.8499984741211,110.02999877929688,108.68000030517578,109.5199966430664,105.58565521240234,100600,0.0
2022-12-22,108.58999633789062,108.58999633789062,106.51000213623047,108.08999633789062,104.20702362060547,796200,0.0
2022-12-23,107.91000366210938,109.05999755859375,107.66999816894531,108.91000366210938,104.99757385253906,1664100,0.0
2022-12-27,108.83000183105469,109.08999633789062,108.16999816894531,108.68000030517578,104.77581787109375,187000,0.0
2022-12-28,108.73999786376953,109.0,106.58000183105469,106.73999786376953,102.90552520751953,1246600,0.0
2022-12-29,107.33999633789062,109.0199966430664,107.25,108.7699966430664,104.86260986328125,390600,0.0
2022-12-30,107.66999816894531,108.33999633789062,107.37000274658203,108.06999969482422,104.18773651123047,309700,0.0
2023-01-03,109.01000213623047,109.5199966430664,106.86000061035156,107.55999755859375,103.69607543945312,539000,0.0
2023-01-04,108.33999633789062,109.37000274658203,107.93000030517578,108.41999816894531,104.52519226074219,232600,0.0
2023-01-05,107.94000244140625,108.0199966430664,106.77999877929688,107.36000061035156,103.50325775146484,131000,0.0
2023-01-06,108.51000213623047,110.2300033569336,108.08999633789062,109.9000015258789,105.95201110839844,253600,0.0
2023-01-09,110.62000274658203,111.30999755859375,109.8499984741211,109.94999694824219,106.00019836425781,132300,0.0
2023-01-10,109.73999786376953,111.30000305175781,109.73999786376953,111.13999938964844,107.1474609375,128300,0.0
2023-01-11,111.58000183105469,112.2699966430664,111.45999908447266,112.2300033569336,108.19831848144531,208700,0.0
2023-01-12,112.81999969482422,113.97000122070312,111.9000015258789,113.93000030517578,109.83724975585938,255500,0.0
2023-01-13,113.25,114.88999938964844,113.06999969482422,114.80999755859375,110.68563842773438,80600,0.0
2023-01-17,114.83999633789062,115.05000305175781,114.06999969482422,114.33000183105469,110.2228775024414,168300,0.0
2023-01-18,114.63999938964844,115.22000122070312,112.29000091552734,112.33999633789062,108.3043441772461,173900,0.0
2023-01-19,111.6500015258789,111.91999816894531,110.58999633789062,111.27999877929688,107.28244018554688,260700,0.0
2023-01-20,111.58999633789062,112.83000183105469,110.97000122070312,112.83000183105469,108.77674865722656,242000,0.0
2023-01-23,112.80000305175781,114.30000305175781,112.45999908447266,113.9800033569336,109.88544464111328,142100,0.0
2023-01-24,113.4000015258789,114.13999938964844,113.01000213623047,113.7300033569336,109.6444320678711,131500,0.0
2023-01-25,112.61000061035156,113.87999725341797,112.12000274658203,113.8499984741211,109.76012420654297,338900,0.0
2023-01-26,114.52999877929688,115.12999725341797,113.43000030517578,114.5999984741211,110.48316192626953,101500,0.0
2023-01-27,114.20999908447266,115.0999984741211,113.93000030517578,114.7300033569336,110.60850524902344,77200,0.0
2023-01-30,114.04000091552734,114.93000030517578,113.4000015258789,113.41000366210938,109.3359146118164,168300,0.0
2023-01-31,113.6500015258789,116.0,113.6500015258789,116.0,111.83285522460938,89200,0.0
2023-02-01,115.5999984741211,118.8499984741211,115.5199966430664,117.8499984741211,113.6164321899414,128100,0.0
2023-02-02,118.58000183105469,120.33000183105469,118.47000122070312,120.16000366210938,115.84342193603516,134900,0.0
2023-02-03,119.19000244140625,121.05999755859375,118.83000183105469,119.97000122070312,115.66026306152344,158000,0.0
2023-02-06,119.05999755859375,119.51000213623047,117.83999633789062,118.2300033569336,113.9827651977539,111300,0.0
2023-02-07,118.22000122070312,119.26000213623047,117.02999877929688,119.02999877929688,114.75402069091797,100800,0.0
2023-02-08,118.56999969482422,118.87000274658203,117.18000030517578,117.41000366210938,113.19223022460938,98100,0.0
2023-02-09,118.19999694824219,118.19999694824219,115.56999969482422,115.81999969482422,111.65934753417969,91900,0.0
2023-02-10,115.33000183105469,116.4800033569336,115.33000183105469,116.19999694824219,112.02568817138672,95700,0.0
2023-02-13,116.52999877929688,117.66000366210938,115.81999969482422,117.5999984741211,113.37538146972656,175900,0.0
2023-02-14,116.91000366210938,118.20999908447266,116.05000305175781,117.33000183105469,113.11508178710938,296600,0.0
2023-02-15,116.41999816894531,118.3499984741211,116.25,118.33999633789062,114.08879852294922,69800,0.0
2023-02-16,117.08000183105469,118.58000183105469,116.5,117.5,113.27899169921875,105400,0.0
2023-02-17,116.76000213623047,117.86000061035156,116.63999938964844,117.68000030517578,113.45252990722656,97900,0.0
2023-02-21,116.72000122070312,116.72000122070312,114.43000030517578,114.47000122070312,110.35785675048828,68800,0.0
2023-02-22,114.51000213623047,115.30000305175781,113.94000244140625,114.83999633789062,110.71453857421875,82100,0.0
2023-02-23,115.5,116.0199966430664,114.1500015258789,115.43000030517578,111.28335571289062,135200,0.0
2023-02-24,113.91999816894531,114.87999725341797,113.62000274658203,114.86000061035156,110.73382568359375,97700,0.0
2023-02-27,115.75,116.36000061035156,114.91000366210938,115.2699966430664,111.12909698486328,187300,0.0
2023-02-28,115.08999633789062,116.08999633789062,114.87999725341797,114.87999725341797,110.75310516357422,216000,0.0
2023-03-01,114.9800033569336,115.54000091552734,114.3499984741211,115.12000274658203,110.9844741821289,133400,0.0
2023-03-02,114.5,115.68000030517578,113.95999908447266,115.41000366210938,111.2640609741211,224700,0.0
2023-03-03,115.77999877929688,116.93000030517578,115.19999694824219,116.69999694824219,112.50772857666016,277800,0.0
2023-03-06,116.70999908447266,116.70999908447266,113.87000274658203,114.44000244140625,110.32893371582031,81500,0.0
2023-03-07,114.3499984741211,114.66000366210938,112.98999786376953,113.29000091552734,109.2202377319336,90600,0.0
2023-03-08,113.37999725341797,113.91999816894531,112.61000061035156,113.55000305175781,109.47088623046875,181300,0.0
2023-03-09,113.44999694824219,113.75,111.05000305175781,111.0999984741211,107.10888671875,73700,0.0
2023-03-10,110.5199966430664,110.5199966430664,107.4800033569336,108.52999877929688,104.63123321533203,95900,0.0
2023-03-13,106.2699966430664,108.16000366210938,105.5199966430664,106.27999877929688,102.46205139160156,284400,0.0
2023-03-14,109.1500015258789,109.91999816894531,107.37999725341797,108.61000061035156,104.7083511352539,93200,0.0
2023-03-15,105.87999725341797,106.94000244140625,105.0,106.77999877929688,102.94409942626953,136400,0.0
2023-03-16,105.79000091552734,108.98999786376953,105.20999908447266,108.7300033569336,104.82405090332031,82700,0.0
2023-03-17,107.69000244140625,107.9000015258789,105.62000274658203,105.91000366210938,102.10535430908203,82600,0.0
2023-03-20,107.05000305175781,108.62000274658203,107.04000091552734,107.55000305175781,103.68643188476562,122900,0.0
2023-03-21,109.31999969482422,110.37999725341797,108.7300033569336,109.37999725341797,105.45069122314453,56000,0.0
2023-03-22,109.16000366210938,109.44999694824219,106.44000244140625,106.47000122070312,102.64521789550781,77000,0.0
2023-03-23,107.08000183105469,107.86000061035156,104.66999816894531,105.45999908447266,101.95207977294922,70000,0.293
2023-03-24,104.62000274658203,106.80999755859375,104.31999969482422,106.62000274658203,103.073486328125,71200,0.0
2023-03-27,108.02999877929688,108.33000183105469,107.06999969482422,107.73999786376953,104.1562271118164,88200,0.0
2023-03-28,107.30000305175781,107.87000274658203,106.98999786376953,107.55999755859375,103.98222351074219,176800,0.0
2023-03-29,108.69999694824219,108.69999694824219,107.72000122070312,108.23999786376953,104.63960266113281,74500,0.0
2023-03-30,109.12000274658203,109.2300033569336,107.76000213623047,108.1500015258789,104.5526123046875,61600,0.0
2023-03-31,109.08999633789062,110.11000061035156,108.54000091552734,109.94000244140625,106.2830581665039,86000,0.0
2023-04-03,110.1500015258789,110.7300033569336,108.9000015258789,110.19999694824219,106.5344009399414,145600,0.0
2023-04-04,110.31999969482422,110.7699966430664,107.37000274658203,107.87999725341797,104.29157257080078,75000,0.0
2023-04-05,107.55000305175781,107.55000305175781,106.45999908447266,107.16999816894531,103.60517883300781,109500,0.0
2023-04-06,106.94999694824219,107.37000274658203,106.55999755859375,107.05999755859375,103.49884033203125,69400,0.0
2023-04-10,106.5999984741211,108.5199966430664,106.5999984741211,108.43000030517578,104.82328796386719,84600,0.0
2023-04-11,108.87999725341797,109.55000305175781,108.45999908447266,108.88999938964844,105.26797485351562,65100,0.0
2023-04-12,109.6500015258789,109.87000274658203,108.20999908447266,108.30999755859375,104.70728302001953,64300,0.0
2023-04-13,108.7699966430664,109.68000030517578,108.31999969482422,109.47000122070312,105.82868194580078,73000,0.0
2023-04-14,109.33000183105469,110.12000274658203,107.94999694824219,108.58999633789062,104.97795104980469,52200,0.0
2023-04-17,108.73999786376953,109.20999908447266,108.37000274658203,109.0999984741211,105.47100067138672,67300,0.0
2023-04-18,109.44000244140625,109.47000122070312,107.88999938964844,108.44999694824219,104.84260559082031,140000,0.0
2023-04-19,107.91999816894531,108.80000305175781,107.55999755859375,108.58000183105469,104.96829223632812,83700,0.0
2023-04-20,107.8499984741211,108.83999633789062,107.69999694824219,108.48999786376953,104.88127899169922,105800,0.0
2023-04-21,108.61000061035156,108.69000244140625,107.5,108.26000213623047,104.65894317626953,61600,0.0
2023-04-24,108.19999694824219,108.83999633789062,107.76000213623047,108.25,104.6492691040039,108600,0.0
2023-04-25,107.22000122070312,107.23999786376953,105.48999786376953,105.48999786376953,101.98107147216797,326400,0.0
2023-04-26,105.12999725341797,105.69999694824219,104.20999908447266,104.48999786376953,101.01435089111328,126600,0.0
2023-04-27,105.01000213623047,106.12000274658203,104.37000274658203,106.04000091552734,102.51278686523438,131800,0.0
2023-04-28,105.94999694824219,107.01000213623047,105.94999694824219,106.66999816894531,103.12181091308594,52400,0.0
2023-05-01,106.51000213623047,107.87999725341797,106.51000213623047,106.83000183105469,103.27649688720703,76900,0.0
2023-05-02,106.33000183105469,106.33000183105469,103.94999694824219,105.02999877929688,101.53638458251953,64900,0.0
2023-05-03,105.45999908447266,106.87999725341797,105.2300033569336,105.25,101.74906158447266,72700,0.0
2023-05-04,104.58000183105469,104.79000091552734,103.37999725341797,104.3499984741211,100.8790054321289,95300,0.0
2023-05-05,105.87000274658203,107.0999984741211,105.87000274658203,106.80000305175781,103.24751281738281,89600,0.0
2023-05-08,107.08999633789062,107.36000061035156,105.87000274658203,106.23999786376953,102.70613861083984,71800,0.0
2023-05-09,105.76000213623047,106.19999694824219,105.20999908447266,105.61000061035156,102.09710693359375,71900,0.0
2023-05-10,106.87999725341797,106.93000030517578,105.23999786376953,106.36000061035156,102.82213592529297,82400,0.0
2023-05-11,105.58000183105469,105.91999816894531,105.01000213623047,105.58000183105469,102.06807708740234,173900,0.0
2023-05-12,105.8499984741211,106.19000244140625,104.7699966430664,105.44000244140625,101.93272399902344,81400,0.0
2023-05-15,105.80000305175781,107.01000213623047,105.29000091552734,106.55999755859375,103.01548767089844,98800,0.0
2023-05-16,106.0199966430664,106.1500015258789,105.41000366210938,105.41000366210938,101.90374755859375,58500,0.0
2023-05-17,105.94000244140625,107.86000061035156,105.27999877929688,107.7699966430664,104.18522644042969,101000,0.0
2023-05-18,107.4000015258789,108.7699966430664,107.0,108.61000061035156,104.99729919433594,57500,0.0
2023-05-19,109.30000305175781,109.58999633789062,107.69999694824219,108.16000366210938,104.56226348876953,60500,0.0
2023-05-22,108.26000213623047,109.43000030517578,107.91999816894531,108.9800033569336,105.35498809814453,284000,0.0
2023-05-23,108.94000244140625,110.4000015258789,108.41999816894531,108.73999786376953,105.12297058105469,72100,0.0
2023-05-24,108.12000274658203,108.12999725341797,107.06999969482422,107.45999908447266,103.88555908203125,74400,0.0
2023-05-25,107.5999984741211,107.69000244140625,106.5199966430664,107.54000091552734,103.962890625,73800,0.0
2023-05-26,107.77999877929688,109.0999984741211,107.69000244140625,108.83999633789062,105.21965026855469,110800,0.0
2023-05-30,109.06999969482422,109.4000015258789,107.87000274658203,108.12999725341797,104.53325653076172,184800,0.0
2023-05-31,107.77999877929688,108.3499984741211,106.26000213623047,106.87000274658203,103.3151626586914,109000,0.0
2023-06-01,106.97000122070312,108.16999816894531,106.4000015258789,107.9000015258789,104.31092834472656,74700,0.0
2023-06-02,109.01000213623047,112.0,108.93000030517578,111.95999908447266,108.2358627319336,100400,0.0
2023-06-05,111.62999725341797,111.62999725341797,108.5199966430664,109.70999908447266,106.06070709228516,230700,0.0
2023-06-06,109.43000030517578,112.80999755859375,109.43000030517578,112.44000244140625,108.69991302490234,123800,0.0
2023-06-07,112.94999694824219,115.13999938964844,112.94999694824219,114.7699966430664,111.252197265625,123700,0.303
2023-06-08,114.37999725341797,114.54000091552734,113.36000061035156,114.19999694824219,110.69965362548828,68400,0.0
2023-06-09,114.33000183105469,114.33000183105469,113.23999786376953,113.5199966430664,110.04048919677734,259600,0.0
2023-06-12,113.4800033569336,114.2300033569336,113.36000061035156,113.77999877929688,110.29252624511719,115900,0.0
2023-06-13,114.37000274658203,115.37999725341797,114.02999877929688,114.8499984741211,111.32974243164062,87600,0.0
2023-06-14,114.9000015258789,115.30999755859375,112.86000061035156,113.51000213623047,110.03081512451172,111000,0.0
2023-06-15,113.12999725341797,114.44000244140625,113.11000061035156,114.38999938964844,110.88385009765625,116500,0.0
2023-06-16,114.88999938964844,114.88999938964844,113.0999984741211,113.9800033569336,110.48641204833984,93300,0.0
2023-06-20,113.52999877929688,113.73999786376953,112.94000244140625,113.43000030517578,109.9532699584961,71300,0.0
2023-06-21,112.88999938964844,114.05000305175781,112.51000213623047,113.36000061035156,109.88541412353516,75400,0.0
2023-06-22,112.94999694824219,112.94999694824219,112.0,112.48999786376953,109.04208374023438,67200,0.0
2023-06-23,111.30999755859375,111.97000122070312,110.37999725341797,110.4800033569336,107.09368133544922,87500,0.0
2023-06-26,110.54000091552734,111.93000030517578,110.54000091552734,111.02999877929688,107.6268310546875,103900,0.0
2023-06-27,111.41000366210938,113.0,110.91999816894531,112.69000244140625,109.23594665527344,68600,0.0
2023-06-28,112.44000244140625,113.19000244140625,112.0,113.04000091552734,109.57522583007812,60200,0.0
2023-06-29,113.25,115.0,113.25,114.93000030517578,111.40730285644531,71700,0.0
2023-06-30,115.52999877929688,115.94999694824219,114.93000030517578,114.93000030517578,111.40730285644531,85600,0.0
2023-07-03,114.9000015258789,115.87999725341797,114.9000015258789,115.5999984741211,112.05674743652344,99100,0.0
2023-07-05,114.91000366210938,114.91000366210938,113.86000061035156,113.88999938964844,110.39917755126953,92000,0.0
2023-07-06,112.7300033569336,112.73999786376953,111.3499984741211,112.36000061035156,108.91606903076172,108300,0.0
2023-07-07,112.29000091552734,114.16999816894531,112.29000091552734,113.31999969482422,109.84663391113281,86500,0.0
2023-07-10,113.31999969482422,115.0,112.9800033569336,114.87000274658203,111.34913635253906,157200,0.0
2023-07-11,115.11000061035156,115.80000305175781,114.9000015258789,115.69000244140625,112.14400482177734,69400,0.0
2023-07-12,117.13999938964844,117.45999908447266,116.76000213623047,117.01000213623047,113.42353820800781,78600,0.0
2023-07-13,117.5,117.93000030517578,117.0,117.81999969482422,114.20870971679688,54800,0.0
2023-07-14,117.70999908447266,117.70999908447266,116.22000122070312,116.98999786376953,113.40415954589844,82000,0.0
2023-07-17,116.93000030517578,118.55000305175781,116.87999725341797,118.16999816894531,114.5479736328125,90500,0.0
2023-07-18,118.12000274658203,119.76000213623047,118.08999633789062,119.72000122070312,116.05046844482422,61900,0.0
2023-07-19,120.06999969482422,120.25,119.43000030517578,119.72000122070312,116.05046844482422,117100,0.0
2023-07-20,119.55000305175781,120.0,118.37999725341797,118.7699966430664,115.12958526611328,148600,0.0
2023-07-21,119.48999786376953,119.48999786376953,118.47000122070312,118.66999816894531,115.03265380859375,65200,0.0
2023-07-24,118.80000305175781,119.61000061035156,118.4800033569336,119.0999984741211,115.44947814941406,204700,0.0
2023-07-25,118.77999877929688,119.83000183105469,118.77999877929688,119.25,115.5948715209961,213300,0.0
2023-07-26,118.88999938964844,119.94999694824219,118.5999984741211,119.61000061035156,115.94385528564453,194200,0.0
2023-07-27,119.9000015258789,120.48999786376953,118.16999816894531,118.48999786376953,114.8581771850586,95200,0.0
2023-07-28,119.45999908447266,119.94999694824219,119.29000091552734,119.69999694824219,116.03108978271484,206100,0.0
2023-07-31,119.91000366210938,120.87000274658203,119.80000305175781,120.8499984741211,117.14582061767578,111200,0.0
2023-08-01,120.01000213623047,120.20999908447266,119.06999969482422,120.05999755859375,116.38004302978516,369700,0.0
2023-08-02,119.27999877929688,119.58000183105469,118.77999877929688,119.31999969482422,115.6627426147461,212300,0.0
2023-08-03,118.77999877929688,119.43000030517578,118.02999877929688,118.9800033569336,115.33316040039062,46000,0.0
2023-08-04,119.05999755859375,119.87000274658203,118.5,118.68000030517578,115.04235076904297,38800,0.0
2023-08-07,118.88999938964844,119.31999969482422,118.41999816894531,119.22000122070312,115.56580352783203,45300,0.0
2023-08-08,117.86000061035156,118.5,116.83000183105469,118.37000274658203,114.7418441772461,48400,0.0
2023-08-09,118.30999755859375,118.30999755859375,116.98999786376953,117.51000213623047,113.90821838378906,64300,0.0
2023-08-10,118.20999908447266,119.05999755859375,116.87999725341797,117.25,113.65618133544922,67200,0.0
2023-08-11,116.66000366210938,117.5199966430664,116.66000366210938,117.06999969482422,113.48169708251953,254400,0.0
2023-08-14,116.45999908447266,116.79000091552734,115.79000091552734,116.7300033569336,113.15211486816406,45400,0.0
2023-08-15,116.12999725341797,116.12999725341797,115.4000015258789,115.55000305175781,112.00829315185547,199600,0.0
2023-08-16,115.31999969482422,116.0999984741211,114.25,114.25,110.74813079833984,85200,0.0
2023-08-17,114.44000244140625,114.76000213623047,112.88999938964844,112.88999938964844,109.4298095703125,67600,0.0
2023-08-18,112.13999938964844,113.95999908447266,112.12999725341797,113.55999755859375,110.07929229736328,41600,0.0
2023-08-21,113.73999786376953,113.73999786376953,112.8499984741211,113.41000366210938,109.93388366699219,50700,0.0
2023-08-22,114.08000183105469,114.30999755859375,113.19999694824219,113.51000213623047,110.03081512451172,64100,0.0
2023-08-23,113.88999938964844,114.94000244140625,113.4800033569336,114.68000030517578,111.16494750976562,36900,0.0
2023-08-24,114.41999816894531,115.12000274658203,113.4000015258789,113.43000030517578,109.9532699584961,84300,0.0
2023-08-25,114.01000213623047,114.4800033569336,112.41000366210938,113.9000015258789,110.40887451171875,178200,0.0
2023-08-28,114.37999725341797,115.22000122070312,114.37999725341797,114.69000244140625,111.17464447021484,65500,0.0
2023-08-29,114.55999755859375,116.27999877929688,114.1500015258789,116.20999908447266,112.64804077148438,75500,0.0
2023-08-30,116.19000244140625,117.30000305175781,115.86000061035156,116.87000274658203,113.28782653808594,63100,0.0
2023-08-31,117.06999969482422,117.66000366210938,116.63999938964844,116.63999938964844,113.06488037109375,51700,0.0
2023-09-01,117.66000366210938,118.48999786376953,117.54000091552734,117.88999938964844,114.27657318115234,60200,0.0
2023-09-05,117.22000122070312,117.22000122070312,114.63999938964844,114.73999786376953,111.22310638427734,69300,0.0
2023-09-06,114.7699966430664,115.79000091552734,114.0,114.5999984741211,111.08738708496094,50500,0.0
2023-09-07,113.94999694824219,114.18000030517578,113.12999725341797,113.69999694824219,110.2149887084961,68900,0.0
2023-09-08,113.87000274658203,113.87000274658203,113.11000061035156,113.25,109.77877807617188,41200,0.0
2023-09-11,113.9000015258789,114.4000015258789,113.30000305175781,113.37999725341797,109.90478515625,72200,0.0
2023-09-12,113.30999755859375,113.80000305175781,113.08000183105469,113.30999755859375,109.83695220947266,63500,0.0
2023-09-13,113.4800033569336,113.68000030517578,112.5,112.83999633789062,109.38133239746094,53800,0.0
2023-09-14,113.5199966430664,114.41000366210938,113.5199966430664,114.33000183105469,110.82568359375,68000,0.0
2023-09-15,114.08999633789062,114.08999633789062,112.45999908447266,113.0999984741211,109.63336944580078,51900,0.0
2023-09-18,112.9800033569336,113.31999969482422,112.63999938964844,112.66999816894531,109.21656036376953,53200,0.0
2023-09-19,112.69000244140625,113.22000122070312,111.81999969482422,112.16000366210938,108.72221374511719,67600,0.0
2023-09-20,112.5999984741211,113.12999725341797,111.05000305175781,111.06999969482422,107.66558837890625,63000,0.0
2023-09-21,110.37000274658203,110.37000274658203,109.44999694824219,109.48999786376953,106.13402557373047,91600,0.0
2023-09-22,109.80000305175781,110.2699966430664,109.36000061035156,109.37999725341797,106.02740478515625,86700,0.0
2023-09-25,109.02999877929688,110.37999725341797,108.88999938964844,110.11000061035156,106.73504638671875,69300,0.0
2023-09-26,108.87999725341797,109.68000030517578,108.30000305175781,108.37000274658203,105.42848205566406,77000,0.397
2023-09-27,108.87999725341797,110.11000061035156,108.87999725341797,109.54000091552734,106.5667495727539,77100,0.0
2023-09-28,109.61000061035156,111.4000015258789,109.61000061035156,110.7699966430664,107.7633285522461,95400,0.0
2023-09-29,111.58999633789062,111.58999633789062,109.56999969482422,109.68000030517578,106.70291900634766,74000,0.0
2023-10-02,109.66000366210938,109.76000213623047,107.83000183105469,108.5,105.5549545288086,135800,0.0
2023-10-03,107.7699966430664,108.22000122070312,106.6500015258789,107.11000061035156,104.20268249511719,96700,0.0
2023-10-04,107.11000061035156,107.51000213623047,106.06999969482422,107.13999938964844,104.23186492919922,90900,0.0
2023-10-05,106.87999725341797,107.58000183105469,106.58000183105469,107.26000213623047,104.34861755371094,111000,0.0
2023-10-06,106.61000061035156,108.9000015258789,106.33999633789062,108.29000091552734,105.35064697265625,101400,0.0
2023-10-09,107.77999877929688,109.41999816894531,107.52999877929688,109.19000244140625,106.2262191772461,85800,0.0
2023-10-10,109.33000183105469,111.01000213623047,109.33000183105469,110.2699966430664,107.27690124511719,95900,0.0
2023-10-11,110.5199966430664,110.91000366210938,109.51000213623047,110.22000122070312,107.228271484375,54500,0.0
2023-10-12,110.33000183105469,110.33000183105469,107.94999694824219,108.2300033569336,105.29229736328125,57000,0.0
2023-10-13,108.79000091552734,108.79000091552734,106.94999694824219,107.02999877929688,104.1248550415039,128400,0.0
2023-10-16,107.7699966430664,108.88999938964844,107.69000244140625,108.72000122070312,105.76899719238281,78200,0.0
2023-10-17,107.94999694824219,110.58999633789062,107.94999694824219,109.73999786376953,106.76129913330078,71900,0.0
2023-10-18,108.83000183105469,108.97000122070312,107.48999786376953,107.63999938964844,104.71829223632812,106800,0.0
2023-10-19,107.69999694824219,107.95999908447266,105.91999816894531,106.0,103.12281036376953,83500,0.0
2023-10-20,105.97000122070312,106.1500015258789,104.72000122070312,104.76000213623047,101.91646575927734,104600,0.0
2023-10-23,104.45999908447266,105.4000015258789,103.91999816894531,103.91999816894531,101.09927368164062,126300,0.0
2023-10-24,104.62999725341797,105.22000122070312,104.12999725341797,104.73999786376953,101.89701080322266,151000,0.0
2023-10-25,104.05000305175781,104.37000274658203,103.47000122070312,103.72000122070312,100.90470123291016,95700,0.0
2023-10-26,103.87999725341797,104.83999633789062,103.23999786376953,103.5999984741211,100.78795623779297,128100,0.0
2023-10-27,103.75,104.05000305175781,102.63999938964844,103.08000183105469,100.28207397460938,143100,0.0
2023-10-30,103.73999786376953,104.02999877929688,102.69999694824219,103.37000274658203,100.56420135498047,114600,0.0
2023-10-31,103.27999877929688,104.23999786376953,103.19000244140625,104.05999755859375,101.2354736328125,337900,0.0
2023-11-01,103.7699966430664,104.54000091552734,102.98999786376953,104.51000213623047,101.67325592041016,134600,0.0
2023-11-02,105.48999786376953,106.76000213623047,105.45999908447266,106.76000213623047,103.86219024658203,95600,0.0
2023-11-03,108.27999877929688,110.0199966430664,108.27999877929688,109.20999908447266,106.24568176269531,145100,0.0
2023-11-06,109.23999786376953,109.23999786376953,107.86000061035156,108.37000274658203,105.42848205566406,116000,0.0
2023-11-07,108.0199966430664,108.23999786376953,107.38999938964844,107.62000274658203,104.69884490966797,90600,0.0
2023-11-08,107.69999694824219,107.83999633789062,106.30999755859375,106.61000061035156,103.71625518798828,107100,0.0
2023-11-09,107.12000274658203,107.16000366210938,105.29000091552734,105.56999969482422,102.70447540283203,176600,0.0
2023-11-10,106.11000061035156,107.04000091552734,105.5,106.83999633789062,103.94000244140625,111600,0.0
2023-11-13,106.0999984741211,107.22000122070312,106.0,106.91999816894531,104.0178451538086,132200,0.0
2023-11-14,109.83000183105469,112.55999755859375,109.83000183105469,112.55999755859375,109.50473022460938,159200,0.0
2023-11-15,112.69000244140625,114.1500015258789,112.2699966430664,112.4800033569336,109.42691802978516,480700,0.0
2023-11-16,112.16999816894531,112.33999633789062,110.55000305175781,110.97000122070312,107.95791625976562,116000,0.0
2023-11-17,111.63999938964844,112.36000061035156,111.63999938964844,111.98999786376953,108.9502182006836,121700,0.0
2023-11-20,111.93000030517578,112.58999633789062,111.58999633789062,112.44000244140625,109.38801574707031,119400,0.0
2023-11-21,112.08999633789062,112.08999633789062,111.25,111.27999877929688,108.25949096679688,116500,0.0
2023-11-22,111.76000213623047,112.69000244140625,111.55999755859375,111.94999694824219,108.91130828857422,119300,0.0
2023-11-24,112.05000305175781,112.70999908447266,112.0,112.4800033569336,109.42691802978516,22200,0.0
2023-11-27,111.93000030517578,112.3499984741211,111.5,112.05000305175781,109.00860595703125,227900,0.0
2023-11-28,111.83999633789062,112.12000274658203,111.0199966430664,111.2300033569336,108.21086120605469,72800,0.0
2023-11-29,111.91999816894531,113.12000274658203,111.2699966430664,111.38999938964844,108.36650848388672,87400,0.0
2023-11-30,111.8499984741211,112.16999816894531,111.20999908447266,111.81999969482422,108.78484344482422,68600,0.0
2023-12-01,111.7300033569336,114.66999816894531,111.44999694824219,114.52999877929688,111.4212875366211,120300,0.0
2023-12-04,113.94000244140625,116.05999755859375,113.94000244140625,115.95999908447266,112.81246185302734,146200,0.0
2023-12-05,115.37000274658203,115.37000274658203,114.2300033569336,114.47000122070312,111.36292266845703,79800,0.0
2023-12-06,115.30999755859375,116.52999877929688,114.11000061035156,114.2699966430664,111.1683349609375,87900,0.0
2023-12-07,114.31999969482422,115.33000183105469,113.97000122070312,115.30000305175781,112.1703872680664,102300,0.0
2023-12-08,115.11000061035156,116.5,115.11000061035156,116.0199966430664,112.87083435058594,151400,0.0
2023-12-11,115.7699966430664,116.63999938964844,115.7699966430664,116.55999755859375,113.39618682861328,104600,0.0
2023-12-12,116.51000213623047,116.79000091552734,115.76000213623047,116.45999908447266,113.29888916015625,94600,0.0
2023-12-13,116.37000274658203,120.16999816894531,115.8499984741211,120.13999938964844,116.8790054321289,102200,0.0
2023-12-14,121.94999694824219,123.80999755859375,121.94999694824219,123.12000274658203,119.77812194824219,138700,0.0
2023-12-15,123.37999725341797,123.7300033569336,121.73999786376953,122.16999816894531,118.85391235351562,180600,0.0
2023-12-18,122.91999816894531,123.2699966430664,122.27999877929688,122.52999877929688,119.2041244506836,245700,0.0
2023-12-19,123.41000366210938,125.36000061035156,123.41000366210938,125.22000122070312,121.82112884521484,148500,0.0
2023-12-20,124.76000213623047,126.05000305175781,122.68000030517578,122.68000030517578,119.62041473388672,164300,0.283
2023-12-21,124.30000305175781,124.80000305175781,123.5199966430664,124.63999938964844,121.5315170288086,171400,0.0
2023-12-22,125.41000366210938,126.08000183105469,124.77999877929688,125.4800033569336,122.35057830810547,173500,0.0
2023-12-26,125.69999694824219,126.9800033569336,125.62999725341797,126.76000213623047,123.59866333007812,98600,0.0
2023-12-27,127.25,127.69999694824219,126.69999694824219,127.26000213623047,124.08618927001953,291400,0.0
2023-12-28,126.94000244140625,127.12000274658203,126.2699966430664,126.75,123.58890533447266,95300,0.0
2023-12-29,126.62999725341797,126.80000305175781,125.13999938964844,125.13999938964844,122.01905822753906,93100,0.0
2024-01-02,124.30999755859375,125.12999725341797,123.54000091552734,124.23999786376953,121.1415023803711,179700,0.0
2024-01-03,123.33000183105469,123.33000183105469,121.04000091552734,121.25,118.22607421875,226900,0.0
2024-01-04,121.20999908447266,122.16999816894531,121.0999984741211,121.0999984741211,118.0798110961914,92300,0.0
2024-01-05,120.48999786376953,121.91000366210938,120.27999877929688,120.5199966430664,117.5142822265625,108500,0.0
2024-01-08,120.33999633789062,122.41000366210938,120.16000366210938,122.38999938964844,119.337646484375,189800,0.0
2024-01-09,121.16999816894531,121.66999816894531,120.4800033569336,121.3499984741211,118.32357025146484,253700,0.0
2024-01-10,121.48999786376953,121.83000183105469,120.87999725341797,121.7699966430664,118.73310852050781,145100,0.0
2024-01-11,121.5199966430664,121.75,119.91000366210938,121.37000274658203,118.34308624267578,75500,0.0
2024-01-12,122.5999984741211,122.80000305175781,120.8499984741211,121.36000061035156,118.33333587646484,66700,0.0
2024-01-16,120.73999786376953,121.1500015258789,120.0199966430664,120.55000305175781,117.54352569580078,163600,0.0
2024-01-17,119.30000305175781,120.12000274658203,118.72000122070312,119.97000122070312,116.9780044555664,99500,0.0
2024-01-18,120.76000213623047,121.19999694824219,119.69999694824219,121.12000274658203,118.09929656982422,88300,0.0
2024-01-19,121.80000305175781,122.38999938964844,120.38999938964844,122.38999938964844,119.337646484375,180700,0.0
2024-01-22,123.30000305175781,124.7300033569336,123.1500015258789,124.5199966430664,121.41452026367188,137200,0.0
2024-01-23,125.2699966430664,125.5199966430664,123.30000305175781,123.73999786376953,120.6539535522461,403700,0.0
2024-01-24,124.9000015258789,124.97000122070312,122.56999969482422,122.7300033569336,119.66915893554688,139200,0.0
2024-01-25,124.06999969482422,124.52999877929688,122.4800033569336,123.52999877929688,120.44920349121094,85200,0.0
2024-01-26,123.91999816894531,124.30999755859375,123.08999633789062,123.55000305175781,120.46871185302734,82000,0.0
2024-01-29,123.44999694824219,125.1500015258789,123.0,125.08000183105469,121.96055603027344,111100,0.0
2024-01-30,124.30999755859375,125.16000366210938,124.20999908447266,124.69000244140625,121.58027648925781,93800,0.0
2024-01-31,124.47000122070312,125.08999633789062,121.83000183105469,121.87000274658203,118.83062744140625,95900,0.0
2024-02-01,122.6500015258789,123.37999725341797,121.08999633789062,123.30999755859375,120.23468780517578,109800,0.0
2024-02-02,122.2699966430664,123.62999725341797,121.69000244140625,122.9800033569336,119.91292572021484,235000,0.0
2024-02-05,122.02999877929688,122.02999877929688,120.44999694824219,121.19999694824219,118.17730712890625,194200,0.0
2024-02-06,120.80000305175781,121.80000305175781,120.5,121.58000183105469,118.54784393310547,69600,0.0
2024-02-07,122.0,122.37999725341797,121.0999984741211,121.81999969482422,118.7818603515625,80200,0.0
2024-02-08,121.66000366210938,123.62999725341797,121.6500015258789,123.55999755859375,120.47845458984375,93700,0.0
2024-02-09,124.05000305175781,125.45999908447266,123.5,125.41000366210938,122.28231811523438,112000,0.0
2024-02-12,125.6500015258789,127.55000305175781,125.6500015258789,127.01000213623047,123.84242248535156,96900,0.0
2024-02-13,125.16999816894531,125.16999816894531,122.0199966430664,122.81999969482422,119.75692749023438,145600,0.0
2024-02-14,124.36000061035156,125.55999755859375,123.5199966430664,125.16000366210938,122.0385513305664,100200,0.0
2024-02-15,126.22000122070312,128.08999633789062,126.13999938964844,127.83999633789062,124.65172576904297,247500,0.0
2024-02-16,126.54000091552734,127.81999969482422,126.27999877929688,126.37999725341797,123.22813415527344,183200,0.0
2024-02-20,125.19000244140625,125.56999969482422,124.7300033569336,125.0999984741211,121.98004913330078,131600,0.0
2024-02-21,124.76000213623047,124.9000015258789,123.98999786376953,124.88999938964844,121.77528381347656,90100,0.0
2024-02-22,125.30000305175781,125.68000030517578,124.5999984741211,125.43000030517578,122.30181884765625,93600,0.0
2024-02-23,125.52999877929688,126.68000030517578,125.18000030517578,126.13999938964844,122.99413299560547,86500,0.0
2024-02-26,126.19000244140625,126.98999786376953,125.73999786376953,126.58999633789062,123.43289947509766,77100,0.0
2024-02-27,127.16999816894531,127.58999633789062,127.0,127.38999938964844,124.21293640136719,73800,0.0
2024-02-28,126.4800033569336,127.1500015258789,126.01000213623047,126.38999938964844,123.23788452148438,77500,0.0
2024-02-29,127.54000091552734,127.88999938964844,126.38999938964844,126.91000366210938,123.74491882324219,92100,0.0
2024-03-01,127.62000274658203,128.0399932861328,126.62000274658203,127.86000061035156,124.67121887207031,67900,0.0
2024-03-04,128.41000366210938,128.6300048828125,127.16000366210938,127.30000305175781,124.12520599365234,90600,0.0
2024-03-05,126.91999816894531,127.56999969482422,125.80999755859375,126.23999786376953,123.09162902832031,75000,0.0
2024-03-06,127.38999938964844,127.38999938964844,126.48999786376953,126.80999755859375,123.64740753173828,111900,0.0
2024-03-07,127.9000015258789,128.6199951171875,127.66000366210938,127.80999755859375,124.62246704101562,88900,0.0
2024-03-08,128.82000732421875,129.36000061035156,126.94000244140625,127.33000183105469,124.1544418334961,283700,0.0
2024-03-11,126.8499984741211,127.19000244140625,125.7300033569336,126.43000030517578,123.2768783569336,82500,0.0
2024-03-12,126.4800033569336,126.70999908447266,125.66000366210938,126.29000091552734,123.140380859375,67100,0.0
2024-03-13,126.3499984741211,127.08999633789062,126.18000030517578,126.58999633789062,123.43289947509766,67200,0.0
2024-03-14,126.52999877929688,126.52999877929688,124.05000305175781,125.08999633789062,121.97029113769531,78700,0.0
2024-03-15,124.55999755859375,125.58999633789062,124.51000213623047,125.4000015258789,122.27257537841797,81200,0.0
2024-03-18,125.87000274658203,126.0,125.05999755859375,125.2300033569336,122.1068115234375,195700,0.0
2024-03-19,124.97000122070312,126.5,124.97000122070312,126.20999908447266,123.06237030029297,63900,0.0
2024-03-20,125.94999694824219,128.5,125.62999725341797,127.8499984741211,124.66146087646484,70900,0.0
2024-03-21,128.57000732421875,129.66000366210938,128.38999938964844,129.36000061035156,126.35022735595703,73700,0.219
2024-03-22,129.1699981689453,129.50999450683594,128.0399932861328,128.05999755859375,125.08048248291016,66600,0.0
2024-03-25,127.98999786376953,128.72999572753906,127.5,127.55000305175781,124.58234405517578,88500,0.0
2024-03-26,128.05999755859375,128.30999755859375,127.36000061035156,127.45999908447266,124.49444580078125,133400,0.0
2024-03-27,128.4499969482422,129.86000061035156,128.4199981689453,129.86000061035156,126.838623046875,76800,0.0
2024-03-28,130.3800048828125,131.47999572753906,130.16000366210938,130.72999572753906,127.68834686279297,98000,0.0
2024-04-01,131.14999389648438,131.14999389648438,129.58999633789062,129.82000732421875,126.79954528808594,84200,0.0
2024-04-02,128.35000610351562,128.61000061035156,126.72000122070312,127.61000061035156,124.64095306396484,181100,0.0
2024-04-03,127.0999984741211,128.9199981689453,127.0999984741211,128.61000061035156,125.61768341064453,98400,0.0
2024-04-04,129.61000061035156,130.00999450683594,127.2300033569336,127.66000366210938,124.6897964477539,85700,0.0
2024-04-05,127.44000244140625,128.82000732421875,127.44000244140625,128.36000061035156,125.3735122680664,102900,0.0
2024-04-08,129.1300048828125,129.4199981689453,128.57000732421875,129.00999450683594,126.00837707519531,54900,0.0
2024-04-09,129.6199951171875,129.6999969482422,128.14999389648438,129.33999633789062,126.33070373535156,65000,0.0
2024-04-10,126.69000244140625,127.11000061035156,125.30000305175781,125.8499984741211,122.92190551757812,104600,0.0
2024-04-11,126.61000061035156,126.72000122070312,125.45999908447266,126.58000183105469,123.63491821289062,47300,0.0
2024-04-12,125.8499984741211,126.37000274658203,124.23999786376953,124.77999877929688,121.87679290771484,68300,0.0
2024-04-15,125.55999755859375,125.81999969482422,123.1500015258789,123.6500015258789,120.7730941772461,62500,0.0
2024-04-16,122.7699966430664,123.7300033569336,122.0,123.0999984741211,120.23588562011719,97200,0.0
2024-04-17,123.77999877929688,123.81999969482422,121.79000091552734,121.83999633789062,119.00519561767578,102600,0.0
2024-04-18,122.13999938964844,123.30000305175781,121.30999755859375,121.56999969482422,118.74149322509766,96500,0.0
2024-04-19,121.29000091552734,122.83000183105469,121.19999694824219,122.20999908447266,119.3666000366211,191300,0.0
2024-04-22,123.23999786376953,124.05000305175781,122.44000244140625,123.36000061035156,120.4898452758789,81200,0.0
2024-04-23,123.36000061035156,126.08999633789062,123.25,125.72000122070312,122.79492950439453,221100,0.0
2024-04-24,125.5,126.23999786376953,124.88999938964844,125.37000274658203,122.45307159423828,57700,0.0
2024-04-25,124.06999969482422,125.23999786376953,123.36000061035156,125.05999755859375,122.15028381347656,92000,0.0
2024-04-26,125.37999725341797,126.37999725341797,125.22000122070312,126.08999633789062,123.15631866455078,191600,0.0
2024-04-29,126.63999938964844,127.13999938964844,126.47000122070312,127.01000213623047,124.0549087524414,72000,0.0
2024-04-30,126.45999908447266,126.45999908447266,124.56999969482422,124.5999984741211,121.70098876953125,74300,0.0
2024-05-01,124.81999969482422,127.13999938964844,124.54000091552734,124.94000244140625,122.03308868408203,79800,0.0
2024-05-02,126.36000061035156,126.8499984741211,125.05999755859375,126.72000122070312,123.77166748046875,109800,0.0
2024-05-03,128.5500030517578,128.85000610351562,127.22000122070312,127.76000213623047,124.78746795654297,66300,0.0
2024-05-06,128.61000061035156,129.42999267578125,128.58999633789062,129.1199951171875,126.11581420898438,97900,0.0
2024-05-07,129.52999877929688,130.8300018310547,129.4499969482422,129.83999633789062,126.81907653808594,85700,0.0
2024-05-08,128.16000366210938,129.07000732421875,128.02000427246094,128.99000549316406,125.98885345458984,81100,0.0
2024-05-09,129.22000122070312,130.63999938964844,129.1199951171875,130.60000610351562,127.5613784790039,80900,0.0
2024-05-10,131.0,131.0,129.49000549316406,129.88999938964844,126.867919921875,77200,0.0
2024-05-13,130.7100067138672,130.9499969482422,129.80999755859375,129.92999267578125,126.90697479248047,47900,0.0
2024-05-14,130.86000061035156,131.38999938964844,130.6199951171875,131.08999633789062,128.03997802734375,96400,0.0
2024-05-15,132.33999633789062,132.33999633789062,131.41000366210938,132.1999969482422,129.12416076660156,186800,0.0
2024-05-16,131.8699951171875,131.9499969482422,131.2899932861328,131.2899932861328,128.23532104492188,75100,0.0
2024-05-17,131.5,131.64999389648438,131.05999755859375,131.33999633789062,128.28414916992188,68100,0.0
2024-05-20,131.3699951171875,132.36000061035156,131.32000732421875,131.75999450683594,128.6944122314453,77900,0.0
2024-05-21,131.3300018310547,131.89999389648438,131.19000244140625,131.7100067138672,128.64556884765625,57300,0.0
2024-05-22,131.5500030517578,131.58999633789062,130.1300048828125,130.52999877929688,127.49298858642578,45600,0.0
2024-05-23,131.1699981689453,131.1699981689453,128.77999877929688,129.17999267578125,126.17440032958984,94900,0.0
2024-05-24,130.1300048828125,130.63999938964844,129.69000244140625,130.63999938964844,127.60045623779297,46200,0.0
2024-05-28,131.36000061035156,131.36000061035156,129.67999267578125,130.3000030517578,127.26836395263672,60400,0.0
2024-05-29,129.1300048828125,129.49000549316406,128.8800048828125,129.08999633789062,126.08650970458984,261300,0.0
2024-05-30,129.50999450683594,130.5,129.4499969482422,130.2100067138672,127.18047332763672,58700,0.0
2024-05-31,130.77000427246094,131.42999267578125,129.77000427246094,131.42999267578125,128.3720703125,61500,0.0
2024-06-03,132.36000061035156,132.36000061035156,130.00999450683594,130.75,127.7078857421875,59600,0.0
2024-06-04,129.97999572753906,129.97999572753906,128.5800018310547,128.61000061035156,125.61768341064453,54100,0.0
2024-06-05,129.22000122070312,130.4600067138672,128.69000244140625,130.4600067138672,127.42463684082031,61700,0.0
2024-06-06,130.17999267578125,130.4499969482422,129.35000610351562,129.66000366210938,126.64324951171875,130100,0.0
2024-06-07,128.47000122070312,128.9199981689453,128.0,128.11000061035156,125.12933349609375,49500,0.0
2024-06-10,127.13999938964844,128.02000427246094,126.30000305175781,128.02000427246094,125.04143524169922,62300,0.0
2024-06-11,126.66000366210938,127.44999694824219,126.05999755859375,127.20999908447266,124.58699798583984,108800,0.346
2024-06-12,129.9600067138672,131.27000427246094,129.1300048828125,129.47000122070312,126.8003921508789,65800,0.0
2024-06-13,129.3000030517578,129.3000030517578,127.11000061035156,128.1300048828125,125.48802185058594,271000,0.0
2024-06-14,126.94000244140625,126.94000244140625,125.44000244140625,126.11000061035156,123.5096664428711,81100,0.0
2024-06-17,125.91000366210938,127.4800033569336,125.41999816894531,127.4800033569336,124.85142517089844,87700,0.0
2024-06-18,127.18000030517578,127.94000244140625,127.0999984741211,127.62000274658203,124.988525390625,76600,0.0
2024-06-20,127.05999755859375,127.95999908447266,126.58000183105469,126.83000183105469,124.21481323242188,88400,0.0
2024-06-21,126.61000061035156,126.9000015258789,125.91999816894531,126.83000183105469,124.21481323242188,39700,0.0
2024-06-24,126.91000366210938,128.30999755859375,126.91000366210938,127.4800033569336,124.85142517089844,61300,0.0
2024-06-25,127.13999938964844,127.13999938964844,126.43000030517578,126.91000366210938,124.29317474365234,65000,0.0
2024-06-26,126.3499984741211,127.30999755859375,126.23999786376953,127.0,124.38130187988281,89400,0.0
2024-06-27,127.01000213623047,127.41000366210938,126.58999633789062,127.37999725341797,124.75347137451172,53600,0.0
2024-06-28,128.07000732421875,129.08999633789062,127.55000305175781,128.42999267578125,125.78180694580078,190400,0.0
2024-07-01,129.14999389648438,129.14999389648438,127.19999694824219,127.66999816894531,125.03749084472656,331900,0.0
2024-07-02,127.62000274658203,128.5500030517578,127.62000274658203,128.24000549316406,125.59574127197266,72000,0.0
2024-07-03,128.4199981689453,129.07000732421875,128.07000732421875,128.25999450683594,125.61534118652344,50300,0.0
2024-07-05,128.22000122070312,128.22000122070312,126.94000244140625,127.48999786376953,124.8612289428711,55000,0.0
2024-07-08,128.2100067138672,129.16000366210938,128.11000061035156,128.27000427246094,125.6251220703125,77100,0.0
2024-07-09,128.2100067138672,128.3000030517578,127.25,127.29000091552734,124.66534423828125,75900,0.0
2024-07-10,127.69999694824219,128.5800018310547,127.58000183105469,128.5800018310547,125.92874908447266,49400,0.0
2024-07-11,130.5800018310547,132.58999633789062,130.5800018310547,132.27999877929688,129.5524444580078,75300,0.0
2024-07-12,133.24000549316406,134.77999877929688,133.24000549316406,133.6999969482422,130.94317626953125,84000,0.0
2024-07-15,134.92999267578125,136.86000061035156,134.66000366210938,135.91000366210938,133.10757446289062,228800,0.0
2024-07-16,136.83999633789062,140.74000549316406,136.83999633789062,140.5399932861328,137.64212036132812,215900,0.0
2024-07-17,139.55999755859375,141.92999267578125,138.8300018310547,138.94000244140625,136.07513427734375,238400,0.0
2024-07-18,138.94000244140625,140.5399932861328,136.2100067138672,136.75,133.93026733398438,255300,0.0
2024-07-19,137.05999755859375,137.05999755859375,135.5399932861328,136.00999450683594,133.20555114746094,69100,0.0
2024-07-22,136.8300018310547,138.35000610351562,135.3300018310547,138.25999450683594,135.4091339111328,158500,0.0
2024-07-23,137.8300018310547,139.94000244140625,137.42999267578125,139.17999267578125,136.31015014648438,129900,0.0
2024-07-24,138.6300048828125,139.75,136.1699981689453,136.1699981689453,133.3622589111328,108200,0.0
2024-07-25,136.47999572753906,140.02999877929688,136.47999572753906,138.0399932861328,135.19366455078125,127700,0.0
2024-07-26,139.91000366210938,141.10000610351562,139.1999969482422,140.5399932861328,137.64212036132812,131400,0.0
2024-07-29,141.17999267578125,141.60000610351562,139.13999938964844,139.83999633789062,136.95654296875,178900,0.0
2024-07-30,140.6300048828125,141.25,139.52000427246094,140.30999755859375,137.41685485839844,105300,0.0
2024-07-31,141.42999267578125,143.97000122070312,140.32000732421875,141.5,138.5823516845703,383000,0.0
2024-08-01,141.72999572753906,142.0399932861328,136.3000030517578,137.3000030517578,134.46893310546875,414600,0.0
2024-08-02,133.0,133.72000122070312,131.5399932861328,132.66000366210938,129.9246063232422,373900,0.0
2024-08-05,125.56999969482422,130.1199951171875,125.1500015258789,128.49000549316406,125.84060668945312,162700,0.0
2024-08-06,129.11000061035156,131.55999755859375,128.02999877929688,130.0800018310547,127.3978271484375,276100,0.0
2024-08-07,132.1300048828125,132.1300048828125,128.0500030517578,128.27999877929688,125.6349105834961,125400,0.0
2024-08-08,129.58999633789062,131.57000732421875,129.55999755859375,131.4600067138672,128.7493896484375,97500,0.0
2024-08-09,131.64999389648438,131.9499969482422,130.72999572753906,131.49000549316406,128.77871704101562,86100,0.0
2024-08-12,131.74000549316406,131.74000549316406,129.92999267578125,130.38999938964844,127.70138549804688,116000,0.0
2024-08-13,131.35000610351562,132.47999572753906,130.5,132.27999877929688,129.5524444580078,89200,0.0
2024-08-14,132.55999755859375,132.6300048828125,131.0399932861328,131.3000030517578,128.5926513671875,73300,0.0
2024-08-15,133.64999389648438,135.3000030517578,133.44000244140625,134.52999877929688,131.7560272216797,69300,0.0
2024-08-16,134.25,135.58999633789062,134.05999755859375,134.61000061035156,131.83441162109375,82800,0.0
2024-08-19,135.05999755859375,135.83999633789062,134.82000732421875,135.83999633789062,133.0390167236328,102500,0.0
2024-08-20,135.74000549316406,135.88999938964844,134.02999877929688,134.39999389648438,131.62872314453125,80800,0.0
2024-08-21,135.47999572753906,136.36000061035156,134.8300018310547,136.36000061035156,133.54832458496094,423800,0.0
2024-08-22,136.4600067138672,136.4600067138672,134.9600067138672,135.19000244140625,132.40245056152344,94200,0.0
2024-08-23,136.2899932861328,139.3699951171875,136.00999450683594,139.13999938964844,136.27099609375,81400,0.0
2024-08-26,140.1199951171875,140.1699981689453,138.58999633789062,138.75,135.8890380859375,590100,0.0
2024-08-27,137.8800048828125,138.3000030517578,137.33999633789062,138.00999450683594,135.16427612304688,105100,0.0
2024-08-28,137.4199981689453,138.30999755859375,136.89999389648438,137.57000732421875,134.7333526611328,87600,0.0
2024-08-29,138.35000610351562,139.44000244140625,137.36000061035156,138.16000366210938,135.3112030029297,71400,0.0
2024-08-30,138.7899932861328,138.9600067138672,137.22000122070312,138.77000427246094,135.90863037109375,81700,0.0
2024-09-03,137.86000061035156,138.07000732421875,133.74000549316406,134.14999389648438,131.3838653564453,240100,0.0
2024-09-04,133.5800018310547,134.82000732421875,133.02999877929688,133.75,130.99212646484375,72000,0.0
2024-09-05,133.86000061035156,134.05999755859375,132.4600067138672,132.8000030517578,130.06173706054688,460200,0.0
2024-09-06,133.0399932861328,133.69000244140625,130.3300018310547,130.77000427246094,128.0736083984375,107300,0.0
2024-09-09,131.00999450683594,131.52000427246094,130.2100067138672,130.5399932861328,127.84830474853516,94900,0.0
2024-09-10,131.0500030517578,131.0500030517578,128.99000549316406,130.1699981689453,127.48596954345703,116400,0.0
2024-09-11,129.86000061035156,130.82000732421875,127.69000244140625,130.6199951171875,127.92662048339844,107000,0.0
2024-09-12,131.39999389648438,133.1300048828125,130.61000061035156,132.47000122070312,129.73851013183594,147600,0.0
2024-09-13,133.66000366210938,136.0,133.66000366210938,135.6999969482422,132.90191650390625,93200,0.0
2024-09-16,135.7100067138672,136.24000549316406,135.22000122070312,135.85000610351562,133.04884338378906,69800,0.0
2024-09-17,136.75,138.4600067138672,136.66000366210938,137.0500030517578,134.22409057617188,111000,0.0
2024-09-18,137.25,140.41000366210938,136.57000732421875,137.10000610351562,134.27305603027344,114300,0.0
2024-09-19,140.63999938964844,140.63999938964844,138.91000366210938,140.36000061035156,137.46585083007812,116800,0.0
2024-09-20,139.8000030517578,140.17999267578125,138.99000549316406,138.99000549316406,136.12411499023438,134800,0.0
2024-09-23,139.75,140.2100067138672,138.75,139.36000061035156,136.48643493652344,66400,0.0
2024-09-24,139.97999572753906,140.3300018310547,138.77000427246094,139.57000732421875,136.692138671875,66800,0.0
2024-09-25,139.02000427246094,139.02000427246094,137.22000122070312,137.3699951171875,135.0444793701172,123600,0.524
2024-09-26,138.72000122070312,139.1999969482422,137.72000122070312,137.9499969482422,135.6146697998047,170800,0.0
2024-09-27,139.2100067138672,140.41000366210938,138.4499969482422,138.92999267578125,136.5780792236328,108500,0.0
2024-09-30,138.64999389648438,139.72999572753906,138.16000366210938,139.49000549316406,137.1286163330078,134200,0.0
2024-10-01,139.25,139.25,137.0,137.8800048828125,135.5458526611328,371700,0.0
2024-10-02,137.3300018310547,138.33999633789062,137.16000366210938,137.50999450683594,135.18214416503906,93500,0.0
2024-10-03,136.74000549316406,137.1699981689453,135.9199981689453,136.55999755859375,134.2482147216797,58200,0.0
2024-10-04,138.3300018310547,138.60000610351562,137.35000610351562,138.58999633789062,136.24386596679688,78800,0.0
2024-10-07,137.77000427246094,137.92999267578125,136.42999267578125,137.4600067138672,135.1329803466797,111000,0.0
2024-10-08,137.30999755859375,137.74000549316406,136.77000427246094,137.3300018310547,135.0051727294922,63500,0.0
2024-10-09,137.1699981689453,138.5,137.0,137.57000732421875,135.2411346435547,53400,0.0
2024-10-10,136.52000427246094,136.52000427246094,135.3000030517578,136.36000061035156,134.05160522460938,96100,0.0
2024-10-11,136.19000244140625,138.9600067138672,136.19000244140625,138.8800048828125,136.5289306640625,52000,0.0
2024-10-14,138.61000061035156,139.97000122070312,138.50999450683594,139.97000122070312,137.60049438476562,46200,0.0
2024-10-15,139.5399932861328,141.1199951171875,139.39999389648438,139.6199951171875,137.2564239501953,208700,0.0
2024-10-16,140.3800048828125,141.6999969482422,140.2100067138672,141.33999633789062,138.94728088378906,75200,0.0
2024-10-17,141.22999572753906,141.41000366210938,140.22000122070312,140.88999938964844,138.50491333007812,69900,0.0
2024-10-18,141.11000061035156,141.11000061035156,139.9499969482422,140.0500030517578,137.6791229248047,108400,0.0
2024-10-21,140.00999450683594,140.00999450683594,137.8000030517578,138.10000610351562,135.76214599609375,72800,0.0
2024-10-22,137.85000610351562,137.89999389648438,136.97999572753906,137.05999755859375,134.73976135253906,69100,0.0
2024-10-23,136.6699981689453,136.9499969482422,135.14999389648438,136.11000061035156,133.80584716796875,64500,0.0
2024-10-24,136.4499969482422,136.82000732421875,135.67999267578125,136.39999389648438,134.09091186523438,70500,0.0
2024-10-25,137.1999969482422,137.6999969482422,135.77000427246094,136.0500030517578,133.74685668945312,42800,0.0
2024-10-28,136.67999267578125,138.19000244140625,136.67999267578125,137.92999267578125,135.59500122070312,288900,0.0
2024-10-29,136.6199951171875,136.89999389648438,135.7100067138672,136.89999389648438,134.5824737548828,69500,0.0
2024-10-30,136.39999389648438,138.60000610351562,136.39999389648438,136.86000061035156,134.5431365966797,67200,0.0
2024-10-31,136.5500030517578,136.83999633789062,134.4600067138672,134.52999877929688,132.25257873535156,86600,0.0
2024-11-01,135.4600067138672,136.08999633789062,134.75999450683594,135.08999633789062,132.80308532714844,96000,0.0
2024-11-04,134.9600067138672,136.6999969482422,134.63999938964844,135.6999969482422,133.4027862548828,76400,0.0
2024-11-05,135.27000427246094,138.66000366210938,135.27000427246094,138.6199951171875,136.2733154296875,138600,0.0
2024-11-06,145.2899932861328,147.1999969482422,144.25,146.8300018310547,144.34434509277344,304500,0.0
2024-11-07,146.7899932861328,147.11000061035156,145.4199981689453,145.8000030517578,143.33180236816406,156300,0.0
2024-11-08,145.88999938964844,147.27999877929688,145.67999267578125,146.86000061035156,144.37384033203125,139200,0.0
2024-11-11,148.57000732421875,149.5800018310547,148.1300048828125,149.11000061035156,146.58575439453125,128400,0.0
2024-11-12,148.61000061035156,149.30999755859375,146.7899932861328,147.14999389648438,144.658935546875,273900,0.0
2024-11-13,148.05999755859375,148.3300018310547,145.74000549316406,145.8699951171875,143.4005889892578,153700,0.0
2024-11-14,146.52000427246094,146.97000122070312,143.3699951171875,143.77999877929688,141.3459930419922,147600,0.0
2024-11-15,143.83999633789062,143.97000122070312,141.77999877929688,142.30999755859375,139.90087890625,98100,0.0
2024-11-18,142.50999450683594,143.44000244140625,142.0,142.32000732421875,139.9107208251953,201100,0.0
2024-11-19,141.10000610351562,143.07000732421875,140.5800018310547,143.05999755859375,140.63815307617188,139100,0.0
2024-11-20,143.10000610351562,143.63999938964844,141.8699951171875,143.63999938964844,141.20835876464844,83100,0.0
2024-11-21,144.44000244140625,146.3800048828125,144.08999633789062,145.9499969482422,143.479248046875,132000,0.0
2024-11-22,146.27999877929688,148.52000427246094,146.27999877929688,148.33999633789062,145.82879638671875,90000,0.0
2024-11-25,149.9199981689453,152.0500030517578,149.9199981689453,150.64999389648438,148.0996856689453,127800,0.0
2024-11-26,150.2899932861328,150.2899932861328,148.4199981689453,149.11000061035156,146.58575439453125,135600,0.0
2024-11-27,149.9199981689453,150.8699951171875,149.0,149.1199951171875,146.5955810546875,79600,0.0
2024-11-29,150.17999267578125,150.52000427246094,149.47999572753906,149.52999877929688,146.9986572265625,42700,0.0
2024-12-02,150.02000427246094,150.33999633789062,148.52999877929688,150.00999450683594,147.4705047607422,322900,0.0
2024-12-03,150.0,150.1199951171875,148.60000610351562,149.1199951171875,146.5955810546875,140900,0.0
2024-12-04,149.6300048828125,149.86000061035156,148.27999877929688,149.38999938964844,146.86102294921875,222300,0.0
2024-12-05,148.77999877929688,148.83999633789062,146.75999450683594,146.94000244140625,144.45248413085938,127400,0.0
2024-12-06,147.86000061035156,147.86000061035156,146.22000122070312,146.69000244140625,144.20672607421875,102300,0.0
2024-12-09,147.05999755859375,148.0800018310547,146.0,146.0,143.52842712402344,304700,0.0
2024-12-10,146.2100067138672,146.8000030517578,144.80999755859375,145.75999450683594,143.29244995117188,159700,0.0
2024-12-11,146.7899932861328,147.36000061035156,146.0,146.50999450683594,144.02976989746094,279100,0.0
2024-12-12,146.3699951171875,146.4199981689453,144.9600067138672,145.11000061035156,142.65347290039062,195500,0.0
2024-12-13,145.0,145.07000732421875,143.19000244140625,143.80999755859375,141.37547302246094,139700,0.0
2024-12-16,144.02000427246094,145.0500030517578,143.55999755859375,144.5800018310547,142.13241577148438,168000,0.0
2024-12-17,143.8300018310547,143.86000061035156,142.02000427246094,142.11000061035156,140.0442352294922,185100,0.351
2024-12-18,142.9499969482422,143.50999450683594,135.69000244140625,136.7899932861328,134.8015899658203,214100,0.0
2024-12-19,138.08999633789062,138.7100067138672,135.94000244140625,136.22999572753906,134.2497100830078,326100,0.0
2024-12-20,135.35000610351562,138.25,134.8300018310547,136.89999389648438,134.9099884033203,252200,0.0
2024-12-23,136.75,136.88999938964844,135.1699981689453,136.3699951171875,134.38768005371094,259300,0.0
2024-12-24,136.5500030517578,137.88999938964844,136.10000610351562,137.7899932861328,135.78701782226562,100400,0.0
2024-12-26,137.27000427246094,138.75,136.6300048828125,138.69000244140625,136.6739501953125,122500,0.0
2024-12-27,138.0800018310547,138.25999450683594,135.41000366210938,136.5500030517578,134.5650634765625,196300,0.0
2024-12-30,135.3300018310547,136.36000061035156,134.02999877929688,135.5800018310547,133.60916137695312,253600,0.0
2024-12-31,136.4199981689453,136.99000549316406,135.3699951171875,135.3699951171875,133.40219116210938,110600,0.0
2025-01-02,136.66000366210938,137.27999877929688,134.75,135.5800018310547,133.60916137695312,189200,0.0
2025-01-03,136.27999877929688,137.52999877929688,135.67999267578125,137.36000061035156,135.36328125,105400,0.0
2025-01-06,138.3000030517578,138.6699981689453,137.11000061035156,137.30999755859375,135.31399536132812,130100,0.0
2025-01-07,138.08999633789062,138.1199951171875,135.39999389648438,136.25,134.2694091796875,140000,0.0
2025-01-08,135.49000549316406,136.88999938964844,134.64999389648438,136.55999755859375,134.57492065429688,97200,0.0
2025-01-10,134.8800048828125,135.0,133.11000061035156,133.99000549316406,132.0422821044922,218300,0.0
2025-01-13,132.38999938964844,134.33999633789062,132.1199951171875,134.14999389648438,132.19993591308594,139500,0.0
2025-01-14,135.30999755859375,136.2899932861328,134.7100067138672,136.0500030517578,134.0723419189453,86200,0.0
2025-01-15,138.97999572753906,139.16000366210938,137.61000061035156,138.32000732421875,136.30934143066406,112800,0.0
2025-01-16,138.6999969482422,139.22000122070312,137.8000030517578,138.77999877929688,136.7626495361328,106600,0.0
2025-01-17,139.89999389648438,140.08999633789062,139.13999938964844,139.63999938964844,137.6101531982422,130700,0.0
2025-01-21,140.85000610351562,142.13999938964844,140.77000427246094,142.07000732421875,140.00485229492188,95900,0.0
2025-01-22,141.89999389648438,141.91000366210938,140.82000732421875,140.92999267578125,138.88137817382812,62200,0.0
2025-01-23,140.5800018310547,141.61000061035156,140.0,141.38999938964844,139.33470153808594,97000,0.0
2025-01-24,141.10000610351562,141.52999877929688,140.41000366210938,140.8300018310547,138.78286743164062,86500,0.0
2025-01-27,139.3699951171875,141.19000244140625,138.89999389648438,139.7899932861328,137.75794982910156,137000,0.0
2025-01-28,139.72000122070312,140.72000122070312,139.1699981689453,140.30999755859375,138.27040100097656,92100,0.0
2025-01-29,140.38999938964844,141.35000610351562,139.35000610351562,140.11000061035156,138.07333374023438,131100,0.0
2025-01-30,141.47000122070312,142.6199951171875,140.85000610351562,141.6300048828125,139.57122802734375,125900,0.0
2025-01-31,141.8699951171875,142.64999389648438,140.07000732421875,140.6300048828125,138.58575439453125,80800,0.0
2025-02-03,137.7899932861328,140.1699981689453,137.35000610351562,139.22999572753906,137.20606994628906,119200,0.0
2025-02-04,139.5,141.2100067138672,139.35000610351562,141.0399932861328,138.98980712890625,90800,0.0
2025-02-05,141.57000732421875,142.4199981689453,141.19000244140625,142.27999877929688,140.21176147460938,90300,0.0
2025-02-06,142.8300018310547,143.0,140.7899932861328,141.66000366210938,139.60076904296875,101100,0.0
2025-02-07,141.72000122070312,142.0800018310547,140.02000427246094,140.1199951171875,138.08314514160156,97700,0.0
2025-02-10,140.9199981689453,140.9199981689453,139.5,140.14999389648438,138.11273193359375,97700,0.0
2025-02-11,139.0800018310547,139.64999389648438,138.77999877929688,139.2100067138672,137.18638610839844,71500,0.0
2025-02-12,137.14999389648438,138.19000244140625,136.74000549316406,137.5800018310547,135.58010864257812,171000,0.0
2025-02-13,138.22999572753906,139.7100067138672,137.88999938964844,139.6699981689453,137.6396942138672,100500,0.0
2025-02-14,140.0399932861328,140.4600067138672,139.07000732421875,139.36000061035156,137.33421325683594,93000,0.0
2025-02-18,139.8300018310547,140.25999450683594,139.27000427246094,140.24000549316406,138.20143127441406,178200,0.0
2025-02-19,139.22000122070312,140.42999267578125,138.94000244140625,139.86000061035156,137.8269500732422,98700,0.0
2025-02-20,139.33999633789062,139.33999633789062,137.25,137.91000366210938,135.90530395507812,93000,0.0
2025-02-21,138.14999389648438,138.14999389648438,133.1300048828125,133.3800048828125,131.44113159179688,214200,0.0
2025-02-24,133.9499969482422,134.13999938964844,132.11000061035156,133.14999389648438,131.21449279785156,194300,0.0
2025-02-25,132.75,133.80999755859375,131.6699981689453,133.0500030517578,131.115966796875,165000,0.0
2025-02-26,133.49000549316406,134.9199981689453,132.75,133.1699981689453,131.2342071533203,94600,0.0
2025-02-27,133.3000030517578,133.6199951171875,131.0399932861328,131.11000061035156,129.20411682128906,198600,0.0
2025-02-28,130.9199981689453,132.44000244140625,130.25999450683594,132.44000244140625,130.5148162841797,161800,0.0
2025-03-03,133.25999450683594,133.4499969482422,128.61000061035156,129.4499969482422,127.56825256347656,235700,0.0
2025-03-04,127.9800033569336,129.6999969482422,125.91999816894531,127.7699966430664,125.9126968383789,369600,0.0
2025-03-05,127.45999908447266,129.10000610351562,126.87999725341797,128.88999938964844,127.01638793945312,197400,0.0
2025-03-06,127.05000305175781,128.44000244140625,126.0,126.69999694824219,124.85823059082031,153200,0.0
2025-03-07,126.13999938964844,127.4800033569336,124.02999877929688,126.9800033569336,125.1341781616211,198900,0.0
2025-03-10,125.45999908447266,125.94000244140625,122.5999984741211,123.75,121.95113372802734,263400,0.0
2025-03-11,123.97000122070312,125.20999908447266,122.51000213623047,123.5199966430664,121.7244644165039,459800,0.0
2025-03-12,125.02999877929688,125.25,122.68000030517578,123.2300033569336,121.43868255615234,178000,0.0
2025-03-13,123.08999633789062,123.23999786376953,120.31999969482422,121.0,119.24111938476562,211500,0.0
2025-03-14,122.4000015258789,124.25,121.88999938964844,124.25,122.44386291503906,187000,0.0
2025-03-17,124.04000091552734,125.9000015258789,123.83999633789062,125.5,123.67570495605469,162100,0.0
2025-03-18,124.47000122070312,124.47000122070312,123.55000305175781,123.87000274658203,122.31304931640625,85300,0.25
2025-03-19,124.01000213623047,126.7699966430664,124.01000213623047,126.27999877929688,124.69274139404297,137500,0.0
2025-03-20,124.83000183105469,126.80000305175781,124.83000183105469,125.4000015258789,123.82381439208984,83800,0.0
2025-03-21,123.87000274658203,125.16000366210938,123.4000015258789,124.66999816894531,123.10297393798828,149700,0.0
2025-03-24,126.70999908447266,128.5,126.66000366210938,128.24000549316406,126.62811279296875,195900,0.0
2025-03-25,128.3000030517578,128.41000366210938,127.33999633789062,127.7300033569336,126.12451934814453,66600,0.0
2025-03-26,127.91000366210938,128.6699981689453,126.22000122070312,126.75,125.1568374633789,84700,0.0
2025-03-27,126.58000183105469,127.12000274658203,125.62999725341797,125.94999694824219,124.36688232421875,127600,0.0
2025-03-28,125.70999908447266,125.75,122.5,123.4800033569336,121.92793273925781,162800,0.0
2025-03-31,122.22000122070312,124.9800033569336,121.41999816894531,124.5,122.93511199951172,225400,0.0
2025-04-01,123.88999938964844,125.30000305175781,122.69999694824219,124.62000274658203,123.0536117553711,143200,0.0
2025-04-02,122.97000122070312,126.94999694824219,122.58000183105469,126.4800033569336,124.89024353027344,120900,0.0
2025-04-03,120.41000366210938,121.6500015258789,117.63999938964844,117.9000015258789,116.41808319091797,385800,0.0
2025-04-04,113.56999969482422,114.83000183105469,110.69000244140625,113.05000305175781,111.62904357910156,321000,0.0
2025-04-07,108.5199966430664,117.04000091552734,107.44000244140625,112.1500015258789,110.74036407470703,797600,0.0
2025-04-08,115.51000213623047,115.8499984741211,107.51000213623047,108.87000274658203,107.50157928466797,543400,0.0
2025-04-09,107.45999908447266,120.16999816894531,107.37999725341797,118.58000183105469,117.08953094482422,436200,0.0
2025-04-10,115.0999984741211,115.77999877929688,111.16999816894531,114.12000274658203,112.68558502197266,328900,0.0
2025-04-11,113.95999908447266,116.16999816894531,112.05999755859375,115.76000213623047,114.30497741699219,347500,0.0
2025-04-14,118.0199966430664,118.0199966430664,114.94999694824219,117.06999969482422,115.5985107421875,350800,0.0
2025-04-15,116.86000061035156,118.12999725341797,116.5,116.94000244140625,115.47013854980469,268900,0.0
2025-04-16,116.38999938964844,116.91999816894531,114.25,115.52999877929688,114.07786560058594,287000,0.0
2025-04-17,115.83000183105469,117.33000183105469,115.61000061035156,116.70999908447266,115.24303436279297,135300,0.0
2025-04-21,115.45999908447266,115.7300033569336,112.83999633789062,113.94999694824219,112.51773071289062,228100,0.0
2025-04-22,115.41999816894531,117.11000061035156,114.9800033569336,116.91999816894531,115.45039367675781,215700,0.0
2025-04-23,120.36000061035156,121.83999633789062,118.12999725341797,118.47000122070312,116.98091125488281,290600,0.0
2025-04-24,118.83000183105469,120.79000091552734,118.29000091552734,120.55999755859375,119.04464721679688,201500,0.0
2025-04-25,119.77999877929688,120.77999877929688,119.06999969482422,120.73999786376953,119.22236633300781,179000,0.0
2025-04-28,121.08000183105469,122.0,119.6500015258789,121.0199966430664,119.49886322021484,217500,0.0
2025-04-29,120.66000366210938,122.2699966430664,119.7699966430664,121.76000213623047,120.22956085205078,143000,0.0
2025-04-30,120.16999816894531,121.45999908447266,118.81999969482422,120.95999908447266,119.43962097167969,276400,0.0
2025-05-01,121.87000274658203,123.08999633789062,120.63999938964844,122.16999816894531,120.6343994140625,161100,0.0
2025-05-02,123.36000061035156,125.6500015258789,123.36000061035156,125.2300033569336,123.65593719482422,154400,0.0
2025-05-05,123.9800033569336,125.37000274658203,123.88999938964844,124.5,122.93511199951172,115300,0.0
2025-05-06,123.30999755859375,124.55000305175781,122.5999984741211,123.75,122.19454193115234,129000,0.0
2025-05-07,124.37999725341797,124.77999877929688,123.13999938964844,123.98999786376953,122.43152618408203,196600,0.0
2025-05-08,125.26000213623047,126.7300033569336,124.0999984741211,125.76000213623047,124.17927551269531,127800,0.0
2025-05-09,126.12000274658203,126.69999694824219,125.38999938964844,125.80000305175781,124.21878051757812,108700,0.0
2025-05-12,130.47000122070312,131.25,128.8300018310547,130.11000061035156,128.474609375,134200,0.0
2025-05-13,130.55999755859375,131.35000610351562,130.3800048828125,130.77000427246094,129.12631225585938,105200,0.0
2025-05-14,130.57000732421875,130.57000732421875,129.47000122070312,129.47000122070312,127.84265899658203,438100,0.0
2025-05-15,129.5,130.33999633789062,128.9600067138672,130.33999633789062,128.70172119140625,138300,0.0
2025-05-16,130.47000122070312,131.6199951171875,129.99000549316406,131.60000610351562,129.94586181640625,181300,0.0
2025-05-19,129.61000061035156,131.08999633789062,129.41000366210938,131.0,129.35342407226562,114900,0.0
2025-05-20,130.52000427246094,131.1999969482422,130.30999755859375,130.6999969482422,129.0571746826172,276900,0.0
2025-05-21,129.3000030517578,129.9499969482422,127.41999816894531,127.5199966430664,125.91715240478516,124200,0.0
2025-05-22,127.22000122070312,128.0500030517578,126.7300033569336,127.36000061035156,125.75917053222656,84000,0.0
2025-05-23,125.23999786376953,127.16999816894531,125.23999786376953,126.73999786376953,125.1469497680664,68100,0.0
2025-05-27,128.3800048828125,129.86000061035156,127.79000091552734,129.86000061035156,128.2277374267578,86700,0.0
2025-05-28,129.63999938964844,129.8300018310547,128.0800018310547,128.22000122070312,126.60836029052734,81200,0.0
2025-05-29,129.0800018310547,129.0800018310547,127.6500015258789,128.55999755859375,126.94409942626953,97600,0.0
2025-05-30,127.98999786376953,128.9199981689453,127.22000122070312,128.25,126.63797760009766,99400,0.0
2025-06-02,128.16000366210938,128.41000366210938,126.55000305175781,128.41000366210938,126.79596710205078,63000,0.0
2025-06-03,128.49000549316406,130.27000427246094,128.13999938964844,129.99000549316406,128.35610961914062,155100,0.0
2025-06-04,130.02000427246094,130.33999633789062,129.50999450683594,129.5800018310547,127.95125579833984,65100,0.0
2025-06-05,129.63999938964844,130.5800018310547,129.02999877929688,129.77000427246094,128.1388702392578,71400,0.0
2025-06-06,131.44000244140625,131.8000030517578,130.7100067138672,131.35000610351562,129.69903564453125,71700,0.0
2025-06-09,132.10000610351562,132.8699951171875,131.49000549316406,132.1999969482422,130.53834533691406,134300,0.0
2025-06-10,132.3699951171875,133.17999267578125,132.2899932861328,132.64999389648438,130.98268127441406,87300,0.0
2025-06-11,133.13999938964844,133.36000061035156,131.77000427246094,131.94000244140625,130.28160095214844,102800,0.0
2025-06-12,130.88999938964844,131.47999572753906,130.75,131.3000030517578,129.649658203125,84900,0.0
2025-06-13,129.8000030517578,130.50999450683594,128.5399932861328,128.82000732421875,127.20083618164062,378500,0.0
2025-06-16,129.77000427246094,130.6300048828125,129.3699951171875,129.6999969482422,128.36270141601562,83000,0.294
2025-06-17,128.75,129.82000732421875,128.67999267578125,128.69000244140625,127.36312866210938,100500,0.0
2025-06-18,128.8300018310547,130.17999267578125,128.77999877929688,129.07000732421875,127.73921966552734,83300,0.0
2025-06-20,130.1300048828125,130.1300048828125,128.52999877929688,128.99000549316406,127.66004180908203,72500,0.0
2025-06-23,128.92999267578125,130.6699981689453,127.7699966430664,130.66000366210938,129.3128204345703,98900,0.0
2025-06-24,131.64999389648438,132.2899932861328,130.97000122070312,131.99000549316406,130.6291046142578,85700,0.0
2025-06-25,132.22999572753906,132.22999572753906,130.49000549316406,130.5800018310547,129.23365783691406,98600,0.0
2025-06-26,130.94000244140625,132.66000366210938,130.94000244140625,132.4600067138672,131.09426879882812,108300,0.0
2025-06-27,133.11000061035156,133.8300018310547,132.02000427246094,132.97999572753906,131.60888671875,94400,0.0
2025-06-30,133.22000122070312,133.6300048828125,132.67999267578125,133.0399932861328,131.6682586669922,173200,0.0
2025-07-01,132.16000366210938,135.49000549316406,132.08999633789062,133.8699951171875,132.48971557617188,118300,0.0
2025-07-02,134.1999969482422,135.5800018310547,133.77999877929688,135.3800048828125,133.98416137695312,210300,0.0
2025-07-03,136.19000244140625,136.6199951171875,136.0,136.36000061035156,134.9540252685547,119900,0.0
2025-07-07,135.92999267578125,136.41000366210938,133.5800018310547,134.11000061035156,132.7272491455078,91800,0.0
2025-07-08,134.3800048828125,135.6199951171875,134.3800048828125,134.89999389648438,133.5090789794922,153800,0.0
2025-07-09,135.66000366210938,136.1199951171875,134.50999450683594,136.07000732421875,134.6670379638672,89500,0.0
2025-07-10,136.3000030517578,138.27000427246094,135.82000732421875,137.32000732421875,135.90415954589844,91600,0.0
2025-07-11,136.47999572753906,136.75,135.60000610351562,135.91000366210938,134.50868225097656,65600,0.0
2025-07-14,136.02000427246094,136.69000244140625,135.74000549316406,136.64999389648438,135.24105834960938,135200,0.0
2025-07-15,137.1699981689453,137.1699981689453,134.05999755859375,134.08999633789062,132.70745849609375,68600,0.0
2025-07-16,134.7100067138672,135.27000427246094,133.39999389648438,135.02999877929688,133.63775634765625,63900,0.0
2025-07-17,135.0800018310547,137.0800018310547,135.0800018310547,136.72000122070312,135.31033325195312,74500,0.0
2025-07-18,137.60000610351562,137.60000610351562,135.22999572753906,135.42999267578125,134.03363037109375,65600,0.0
2025-07-21,136.19000244140625,136.33999633789062,134.8300018310547,134.89999389648438,133.5090789794922,80800,0.0
2025-07-22,135.07000732421875,136.14999389648438,134.5800018310547,135.6199951171875,134.22166442871094,62200,0.0
2025-07-23,136.58999633789062,137.08999633789062,136.1199951171875,137.08999633789062,135.676513671875,246900,0.0
2025-07-24,136.6999969482422,136.6999969482422,135.07000732421875,135.07000732421875,133.67735290527344,74100,0.0
2025-07-25,135.7100067138672,135.91000366210938,134.80999755859375,135.83999633789062,134.43942260742188,48100,0.0
2025-07-28,136.36000061035156,136.36000061035156,135.5399932861328,135.83999633789062,134.43942260742188,95900,0.0
2025-07-29,136.89999389648438,136.89999389648438,135.24000549316406,135.47999572753906,134.0831298828125,73600,0.0
2025-07-30,136.27999877929688,137.2100067138672,134.6699981689453,135.4499969482422,134.05343627929688,99700,0.0
2025-07-31,134.64999389648438,135.27999877929688,133.3699951171875,133.69000244140625,132.31158447265625,118300,0.0
2025-08-01,131.8699951171875,132.36000061035156,129.8800048828125,131.47000122070312,130.11447143554688,89000,0.0
2025-08-04,132.3699951171875,133.75999450683594,132.07000732421875,133.75999450683594,132.380859375,80800,0.0
2025-08-05,134.14999389648438,134.52999877929688,132.9600067138672,134.3699951171875,132.9845733642578,87200,0.0
2025-08-06,134.4499969482422,134.58999633789062,133.8800048828125,134.25,132.8657989501953,81200,0.0
2025-08-07,135.22999572753906,135.22999572753906,133.02000427246094,133.72999572753906,132.35116577148438,97100,0.0
2025-08-08,134.47999572753906,134.8699951171875,133.75999450683594,133.91000366210938,132.52932739257812,149400,0.0
2025-08-11,134.33999633789062,134.61000061035156,133.8699951171875,134.16000366210938,132.7767333984375,95100,0.0
2025-08-12,134.7899932861328,138.1199951171875,134.77999877929688,138.1199951171875,136.69589233398438,61900,0.0
2025-08-13,138.77999877929688,140.50999450683594,138.42999267578125,140.50999450683594,139.06124877929688,103100,0.0
2025-08-14,138.92999267578125,138.92999267578125,137.30999755859375,138.27999877929688,136.854248046875,109100,0.0
2025-08-15,138.27000427246094,138.6699981689453,136.92999267578125,137.41000366210938,135.99322509765625,68900,0.0
2025-08-18,137.16000366210938,138.0399932861328,137.16000366210938,137.75,136.3297119140625,372800,0.0
2025-08-19,137.88999938964844,138.6699981689453,136.97999572753906,137.47000122070312,136.05259704589844,79800,0.0
2025-08-20,136.91000366210938,137.35000610351562,136.1300048828125,136.97999572753906,135.567626953125,54600,0.0
2025-08-21,136.42999267578125,137.1699981689453,136.00999450683594,137.0500030517578,135.63693237304688,45800,0.0
2025-08-22,137.5500030517578,142.16000366210938,137.5500030517578,141.82000732421875,140.3577423095703,226800,0.0
2025-08-25,141.49000549316406,141.58999633789062,140.16000366210938,140.16000366210938,138.71487426757812,69800,0.0
2025-08-26,140.17999267578125,141.3300018310547,140.17999267578125,140.91000366210938,139.45713806152344,65300,0.0
2025-08-27,140.6199951171875,141.99000549316406,140.6199951171875,141.94000244140625,140.4765167236328,56100,0.0
2025-08-28,142.27999877929688,142.27999877929688,141.19000244140625,141.74000549316406,140.27857971191406,55300,0.0
2025-08-29,141.7899932861328,142.0800018310547,140.5800018310547,140.97000122070312,139.5165252685547,102300,0.0
2025-09-02,139.30999755859375,140.14999389648438,138.86000061035156,139.97999572753906,138.53671264648438,194100,0.0
2025-09-03,139.74000549316406,140.33999633789062,138.97999572753906,139.80999755859375,138.36846923828125,79700,0.0
2025-09-04,140.0,141.47000122070312,139.66000366210938,141.4600067138672,140.00146484375,71100,0.0
2025-09-05,142.1699981689453,142.97999572753906,140.22000122070312,141.38999938964844,139.93218994140625,75500,0.0
2025-09-08,141.7100067138672,141.7100067138672,140.25,141.42999267578125,139.97177124023438,65200,0.0
2025-09-09,141.13999938964844,141.13999938964844,139.66000366210938,140.3000030517578,138.85342407226562,66100,0.0
2025-09-10,140.36000061035156,140.9199981689453,139.3300018310547,139.8300018310547,138.38827514648438,105900,0.0
2025-09-11,140.02000427246094,142.77999877929688,140.02000427246094,142.7100067138672,141.23858642578125,121100,0.0
2025-09-12,142.36000061035156,142.36000061035156,140.75,140.82000732421875,139.36807250976562,157600,0.0
2025-09-15,141.42999267578125,141.7100067138672,140.6999969482422,140.8800048828125,139.42745971679688,71300,0.0
2025-09-16,140.58999633789062,140.6699981689453,139.36000061035156,140.44000244140625,139.3024444580078,93100,0.314
2025-09-17,140.6199951171875,143.33999633789062,139.4499969482422,140.38999938964844,139.25286865234375,96000,0.0
2025-09-18,141.42999267578125,143.8300018310547,141.10000610351562,143.63999938964844,142.47653198242188,86800,0.0
2025-09-19,144.2100067138672,144.2100067138672,141.94000244140625,142.1300048828125,140.97877502441406,71000,0.0
2025-09-22,141.86000061035156,142.88999938964844,141.41000366210938,142.74000549316406,141.58383178710938,114000,0.0
2025-09-23,143.2899932861328,144.3000030517578,142.4499969482422,142.61000061035156,141.45489501953125,150200,0.0
2025-09-24,142.67999267578125,142.92999267578125,140.92999267578125,141.0,139.85792541503906,141900,0.0
2025-09-25,140.02000427246094,140.16000366210938,139.3000030517578,139.9600067138672,138.82635498046875,71400,0.0
2025-09-26,140.1699981689453,141.32000732421875,140.1699981689453,141.1300048828125,139.9868927001953,58300,0.0
2025-09-29,141.6199951171875,141.6199951171875,140.74000549316406,141.30999755859375,140.16542053222656,79400,0.0
2025-09-30,141.1300048828125,141.61000061035156,140.10000610351562,141.5,140.3538818359375,79100,0.0
2025-10-01,141.1300048828125,141.7899932861328,140.57000732421875,141.50999450683594,140.36378479003906,116700,0.0
2025-10-02,141.77999877929688,142.08999633789062,140.52999877929688,142.08999633789062,140.93907165527344,79500,0.0
2025-10-03,142.27000427246094,143.86000061035156,142.27000427246094,142.41000366210938,141.25653076171875,96900,0.0
2025-10-06,143.38999938964844,143.55999755859375,142.1699981689453,142.22999572753906,141.0779571533203,80800,0.0
2025-10-07,142.6999969482422,142.6999969482422,140.47999572753906,140.6699981689453,139.53060913085938,158800,0.0
2025-10-08,141.36000061035156,142.00999450683594,140.44000244140625,141.89999389648438,140.75062561035156,89200,0.0
2025-10-09,142.02999877929688,142.02999877929688,140.13999938964844,140.4499969482422,139.31236267089844,72400,0.0
2025-10-10,140.58999633789062,141.0,136.52000427246094,136.5399932861328,135.4340362548828,158100,0.0
2025-10-13,138.6999969482422,139.08999633789062,138.0399932861328,138.9600067138672,137.83445739746094,59600,0.0
2025-10-14,137.64999389648438,141.75,137.58999633789062,141.07000732421875,139.9273681640625,73700,0.0
2025-10-15,142.3699951171875,143.36000061035156,141.02000427246094,142.27000427246094,141.11766052246094,79100,0.0
2025-10-16,142.58999633789062,142.58999633789062,139.77999877929688,140.39999389648438,139.2627716064453,96300,0.0
2025-10-17,139.9600067138672,140.60000610351562,139.52999877929688,140.3800048828125,139.24295043945312,95300,0.0
2025-10-20,141.50999450683594,142.75999450683594,141.50999450683594,142.52999877929688,141.37554931640625,55100,0.0
2025-10-21,142.24000549316406,143.25,141.83999633789062,142.8300018310547,141.67311096191406,63100,0.0
2025-10-22,142.57000732421875,143.14999389648438,140.5,141.47999572753906,140.33404541015625,477700,0.0
2025-10-23,141.92999267578125,143.0,141.0,142.67999267578125,141.52432250976562,105900,0.0
2025-10-24,143.83999633789062,144.75,143.67999267578125,143.69000244140625,142.52615356445312,54100,0.0
2025-10-27,144.7100067138672,144.7100067138672,143.6199951171875,144.07000732421875,142.903076171875,84900,0.0
2025-10-28,143.64999389648438,143.80999755859375,142.6300048828125,143.25,142.08970642089844,84200,0.0
2025-10-29,142.82000732421875,143.32000732421875,139.99000549316406,141.05999755859375,139.91744995117188,99700,0.0
2025-10-30,140.39999389648438,141.91000366210938,139.27999877929688,139.3800048828125,138.25106811523438,86500,0.0
2025-10-31,139.13999938964844,139.88999938964844,138.72000122070312,139.6300048828125,138.4990234375,78800,0.0
2025-11-03,139.91000366210938,139.97000122070312,138.0,139.92999267578125,138.7965850830078,127400,0.0
2025-11-04,137.97999572753906,139.3800048828125,137.97999572753906,138.1300048828125,137.0111846923828,89400,0.0
2025-11-05,138.75,140.99000549316406,138.75,140.38999938964844,139.25286865234375,138400,0.0
2025-11-06,140.94000244140625,140.94000244140625,138.74000549316406,138.88999938964844,137.7650146484375,106600,0.0
2025-11-07,137.97000122070312,139.8300018310547,137.72000122070312,139.8300018310547,138.69741821289062,102800,0.0
2025-11-10,141.00999450683594,141.47000122070312,139.80999755859375,140.6699981689453,139.53060913085938,69300,0.0
2025-11-11,140.36000061035156,141.44000244140625,140.16000366210938,140.9199981689453,139.77857971191406,124300,0.0
2025-11-12,141.07000732421875,142.52000427246094,140.66000366210938,140.75999450683594,139.61988830566406,112900,0.0
2025-11-13,140.1699981689453,140.49000549316406,137.1699981689453,137.67999267578125,136.56480407714844,72800,0.0
2025-11-14,135.8800048828125,137.88999938964844,135.64999389648438,137.5,136.3862762451172,87200,0.0
2025-11-17,136.8800048828125,137.35000610351562,134.1300048828125,134.5,133.4105682373047,76000,0.0
2025-11-18,133.74000549316406,135.39999389648438,133.50999450683594,134.57000732421875,133.48001098632812,215100,0.0
2025-11-19,134.80999755859375,135.80999755859375,134.22000122070312,134.63999938964844,133.5494384765625,96000,0.0
2025-11-20,136.33999633789062,137.3300018310547,132.97999572753906,133.0,131.9227294921875,240200,0.0
2025-11-21,133.44000244140625,138.0,133.44000244140625,137.17999267578125,136.06886291503906,244500,0.0
2025-11-24,137.57000732421875,139.0500030517578,137.16000366210938,138.67999267578125,137.55670166015625,240000,0.0
2025-11-25,139.0500030517578,142.72999572753906,139.0500030517578,142.22000122070312,141.06805419921875,240300,0.0
2025-11-26,142.1300048828125,144.27000427246094,142.1300048828125,142.8699951171875,141.71278381347656,176100,0.0
2025-11-28,143.36000061035156,143.36000061035156,142.6300048828125,143.0800018310547,141.92108154296875,31100,0.0
2025-12-01,141.8699951171875,142.74000549316406,141.2100067138672,141.83999633789062,140.6911163330078,59300,0.0
2025-12-02,142.50999450683594,142.50999450683594,141.55999755859375,141.6999969482422,140.55224609375,368300,0.0
2025-12-03,141.89999389648438,143.97000122070312,141.89999389648438,143.77000427246094,142.60549926757812,111400,0.0
2025-12-04,143.5800018310547,144.63999938964844,143.0800018310547,143.86000061035156,142.69476318359375,79500,0.0
2025-12-05,143.72999572753906,144.47000122070312,143.13999938964844,143.47000122070312,142.3079071044922,58700,0.0
2025-12-08,144.32000732421875,144.3300018310547,142.8000030517578,142.94000244140625,141.7822265625,71100,0.0
2025-12-09,142.72999572753906,144.4499969482422,142.72999572753906,143.47000122070312,142.3079071044922,88600,0.0
2025-12-10,143.22999572753906,146.8300018310547,143.22999572753906,145.85000610351562,144.6686553955078,65800,0.0
2025-12-11,145.6999969482422,147.72000122070312,145.6999969482422,147.60000610351562,146.40447998046875,49100,0.0
2025-12-12,147.47000122070312,147.9499969482422,145.6999969482422,145.97999572753906,144.79759216308594,49100,0.0
2025-12-15,146.3300018310547,146.75999450683594,145.3000030517578,145.41000366210938,144.2322235107422,107600,0.0
2025-12-16,144.6199951171875,145.05999755859375,143.42999267578125,143.9600067138672,143.2085723876953,58400,0.421
2025-12-17,144.13999938964844,145.4600067138672,143.02000427246094,143.25,142.50228881835938,72800,0.0
2025-12-18,144.6199951171875,145.10000610351562,143.4600067138672,143.4600067138672,142.711181640625,112500,0.0
2025-12-19,143.58999633789062,144.61000061035156,143.58999633789062,144.07000732421875,143.31800842285156,122900,0.0
2025-12-22,144.9600067138672,146.38999938964844,144.3300018310547,145.77999877929688,145.0190887451172,110200,0.0
2025-12-23,145.25999450683594,145.77999877929688,144.9600067138672,145.27000427246094,144.51174926757812,83300,0.0
2025-12-24,145.22999572753906,145.77999877929688,144.97999572753906,145.60000610351562,144.8400115966797,30200,0.0
2025-12-26,145.42999267578125,145.52999877929688,144.9199981689453,145.42999267578125,144.6708984375,30200,0.0
2025-12-29,145.1699981689453,145.47999572753906,144.25999450683594,144.5800018310547,143.82533264160156,65400,0.0
2025-12-30,144.5500030517578,144.57000732421875,143.25999450683594,143.27000427246094,142.52218627929688,109500,0.0
2025-12-31,143.25,143.25,141.05999755859375,141.16000366210938,140.42320251464844,87700,0.0
2026-01-02,141.7899932861328,142.83999633789062,141.0800018310547,142.66000366210938,141.91537475585938,128000,0.0
2026-01-05,142.77000427246094,144.86000061035156,142.77000427246094,144.27999877929688,143.5269012451172,158800,0.0
2026-01-06,144.27000427246094,146.27000427246094,143.75999450683594,146.22000122070312,145.456787109375,210700,0.0
2026-01-07,146.17999267578125,146.17999267578125,144.44000244140625,145.27999877929688,144.5216827392578,97200,0.0
2026-01-08,144.72999572753906,146.6300048828125,144.35000610351562,146.41000366210938,145.6457977294922,109800,0.0
2026-01-09,146.64999389648438,147.74000549316406,146.60000610351562,147.4600067138672,146.6903076171875,114800,0.0
2026-01-12,146.6999969482422,148.3699951171875,146.3000030517578,148.1699981689453,147.3966064453125,108600,0.0
2026-01-13,148.74000549316406,149.1199951171875,148.0399932861328,148.2899932861328,147.51597595214844,96000,0.0
2026-01-14,147.94000244140625,149.0,147.61000061035156,148.86000061035156,148.08299255371094,108400,0.0
2026-01-15,149.47000122070312,151.7100067138672,149.47000122070312,150.97999572753906,150.1919403076172,80800,0.0
2026-01-16,151.11000061035156,151.50999450683594,150.2100067138672,150.75,149.963134765625,82800,0.0
2026-01-20,148.2899932861328,150.1999969482422,148.2899932861328,148.83999633789062,148.06309509277344,152700,0.0
2026-01-21,149.92999267578125,152.8300018310547,149.83999633789062,152.27000427246094,151.47518920898438,121400,0.0
2026-01-22,153.49000549316406,154.0500030517578,152.50999450683594,152.52000427246094,151.72389221191406,87300,0.0
2026-01-23,152.1300048828125,152.1300048828125,149.50999450683594,149.82000732421875,149.0380096435547,65200,0.0
2026-01-26,149.82000732421875,151.0,149.69000244140625,150.22999572753906,149.4458465576172,82400,0.0
2026-01-27,150.25,150.25,148.89999389648438,149.47000122070312,148.6898193359375,84800,0.0
2026-01-28,150.16000366210938,150.4199981689453,148.72999572753906,148.74000549316406,147.963623046875,72800,0.0
2026-01-29,149.42999267578125,149.72000122070312,147.55999755859375,149.3699951171875,148.59033203125,116800,0.0
2026-01-30,148.80999755859375,149.32000732421875,147.0800018310547,147.85000610351562,147.0782928466797,87100,0.0
2026-02-02,147.55999755859375,150.30999755859375,147.55999755859375,149.60000610351562,148.8191375732422,214700,0.0
2026-02-03,149.6199951171875,150.67999267578125,147.30999755859375,149.10000610351562,148.32174682617188,158800,0.0
2026-02-04,149.8300018310547,150.22999572753906,147.5,148.72999572753906,147.95367431640625,142200,0.0
2026-02-05,147.85000610351562,150.42999267578125,147.85000610351562,148.44000244140625,147.66519165039062,154900,0.0
2026-02-06,150.38999938964844,153.39999389648438,150.38999938964844,152.92999267578125,152.1317596435547,105600,0.0
2026-02-09,152.97999572753906,154.02000427246094,152.38999938964844,153.32000732421875,152.5197296142578,98500,0.0
2026-02-10,153.72999572753906,154.33999633789062,153.1699981689453,153.27000427246094,152.46998596191406,103800,0.0
2026-02-11,154.35000610351562,154.7100067138672,152.02000427246094,153.05999755859375,152.26107788085938,85600,0.0
2026-02-12,153.75,154.61000061035156,150.17999267578125,150.57000732421875,149.78407287597656,140900,0.0
2026-02-13,150.86000061035156,153.33999633789062,150.7100067138672,152.49000549316406,151.69406127929688,63200,0.0
2026-02-17,152.0500030517578,153.2100067138672,150.92999267578125,152.49000549316406,151.69406127929688,126400,0.0
2026-02-18,152.52999877929688,154.02999877929688,152.0,152.4499969482422,151.65426635742188,269400,0.0
2026-02-19,151.88999938964844,152.17999267578125,151.02000427246094,152.14999389648438,151.35580444335938,111400,0.0
2026-02-20,151.3000030517578,153.4499969482422,151.3000030517578,153.1699981689453,152.37051391601562,78100,0.0
2026-02-23,152.3800048828125,152.6199951171875,149.7100067138672,150.82000732421875,150.03277587890625,51400,0.0
2026-02-24,151.00999450683594,152.7899932861328,150.97000122070312,152.36000061035156,151.56472778320312,76800,0.0
2026-02-25,153.57000732421875,153.61000061035156,151.72999572753906,153.22000122070312,152.4202423095703,71300,0.0
2026-02-26,154.19000244140625,154.64999389648438,152.1300048828125,154.00999450683594,153.2061004638672,71600,0.0
2026-02-27,152.10000610351562,152.4499969482422,151.14999389648438,152.24000549316406,151.4453582763672,44900,0.0
2026-03-02,150.0800018310547,153.72000122070312,150.0,153.33999633789062,152.53961181640625,180100,0.0
2026-03-03,149.58999633789062,152.2899932861328,147.9499969482422,151.35000610351562,150.5600128173828,100600,0.0
2026-03-04,152.30999755859375,152.6999969482422,150.77000427246094,152.08999633789062,151.29612731933594,73500,0.0
2026-03-05,151.02999877929688,151.4199981689453,147.91000366210938,149.05999755859375,148.2819366455078,160300,0.0
2026-03-06,146.22000122070312,146.47999572753906,144.92999267578125,145.64999389648438,144.88973999023438,69900,0.0
2026-03-09,143.7899932861328,147.3300018310547,141.6999969482422,147.07000732421875,146.30233764648438,91500,0.0
2026-03-10,146.7100067138672,149.02999877929688,146.25999450683594,146.52999877929688,145.76515197753906,67500,0.0
2026-03-11,145.9600067138672,146.66000366210938,144.88999938964844,146.11000061035156,145.34735107421875,81900,0.0
2026-03-12,144.00999450683594,144.2899932861328,142.75999450683594,142.77999877929688,142.0347442626953,92200,0.0
2026-03-13,143.72999572753906,144.5500030517578,142.11000061035156,142.66000366210938,141.91537475585938,88300,0.0
2026-03-16,144.17999267578125,145.3699951171875,144.10000610351562,144.22000122070312,143.46722412109375,144700,0.0
2026-03-17,144.66000366210938,145.9199981689453,144.5500030517578,145.25,144.71258544921875,66800,0.22
2026-03-18,144.42999267578125,145.19000244140625,143.3699951171875,143.3699951171875,142.83953857421875,49300,0.0
2026-03-19,141.80999755859375,145.33999633789062,141.77000427246094,144.07000732421875,143.53697204589844,124800,0.0
2026-03-20,144.35000610351562,144.35000610351562,140.0,140.5800018310547,140.05987548828125,119000,0.0
2026-03-23,143.52000427246094,145.74000549316406,142.32000732421875,143.55999755859375,143.02883911132812,105800,0.0
2026-03-24,142.49000549316406,145.13999938964844,142.49000549316406,144.27999877929688,143.74618530273438,72700,0.0
2026-03-25,145.58999633789062,146.24000549316406,144.69000244140625,145.91000366210938,145.3701629638672,59700,0.0
2026-03-26,144.58999633789062,145.8800048828125,143.16000366210938,143.27000427246094,142.73992919921875,60900,0.0
2026-03-27,142.4199981689453,142.9600067138672,140.9199981689453,141.16000366210938,140.6377410888672,123000,0.0
2026-03-30,142.67999267578125,142.67999267578125,139.32000732421875,139.80999755859375,139.292724609375,158300,0.0
2026-03-31,142.44000244140625,145.55999755859375,141.72999572753906,144.7100067138672,144.1746063232422,222900,0.0
2026-04-01,145.69000244140625,147.64999389648438,145.69000244140625,146.0800018310547,145.53953552246094,139700,0.0
2026-04-02,143.66000366210938,147.7100067138672,143.38999938964844,146.86000061035156,146.31663513183594,268900,0.0
2026-04-06,146.72999572753906,147.97000122070312,146.27999877929688,147.75999450683594,147.2133026123047,84600,0.0
2026-04-07,147.10000610351562,148.82000732421875,146.83999633789062,148.4199981689453,147.87086486816406,97100,0.0
2026-04-08,152.5500030517578,153.88999938964844,152.13999938964844,152.8800048828125,152.3143768310547,113600,0.0
2026-04-09,152.08999633789062,154.80999755859375,152.08999633789062,154.00999450683594,153.44017028808594,76100,0.0
2026-04-10,154.1999969482422,154.1999969482422,152.61000061035156,152.97999572753906,152.41400146484375,72700,0.0
2026-04-13,152.22999572753906,155.2100067138672,152.22999572753906,155.19000244140625,154.61582946777344,105800,0.0
2026-04-14,155.72999572753906,156.72000122070312,155.2899932861328,156.35000610351562,155.77154541015625,142100,0.0
2026-04-15,156.39999389648438,156.41000366210938,155.0,155.9199981689453,155.34310913085938,100400,0.0
2026-04-16,155.55999755859375,156.55999755859375,155.3699951171875,156.08999633789062,155.51248168945312,74600,0.0
2026-04-17,157.97999572753906,161.14999389648438,157.88999938964844,159.8300018310547,159.23866271972656,168200,0.0
2026-04-20,159.13999938964844,160.57000732421875,159.13999938964844,160.30999755859375,159.7168731689453,106000,0.0
2026-04-21,160.8800048828125,161.64999389648438,158.4199981689453,158.75,158.1626434326172,228600,0.0
2026-04-22,159.88999938964844,160.3300018310547,158.8699951171875,159.55999755859375,158.96963500976562,105700,0.0
2026-04-23,159.58999633789062,160.35000610351562,157.5800018310547,159.38999938964844,158.80027770996094,135300,0.0
2026-04-24,160.2899932861328,160.75999450683594,159.02000427246094,160.4600067138672,159.8663330078125,151400,0.0
2026-04-27,160.47999572753906,161.35000610351562,159.83999633789062,160.3000030517578,159.70692443847656,140900,0.0
2026-04-28,159.86000061035156,160.77000427246094,158.25,159.0500030517578,158.46153259277344,376100,0.0
2026-04-29,159.13999938964844,159.13999938964844,157.25,157.7899932861328,157.20619201660156,65600,0.0
2026-04-30,159.25999450683594,161.64999389648438,158.75999450683594,161.49000549316406,160.89251708984375,116500,0.0
2026-05-01,161.80999755859375,162.4600067138672,160.91000366210938,162.02999877929688,161.43051147460938,91700,0.0
2026-05-04,161.88999938964844,162.83999633789062,160.3800048828125,161.02999877929688,160.4342041015625,92200,0.0
2026-05-05,161.99000549316406,164.07000732421875,161.99000549316406,163.74000549316406,163.1342010498047,81100,0.0
2026-05-06,164.1699981689453,164.85000610351562,163.17999267578125,164.5399932861328,163.93121337890625,88500,0.0
2026-05-07,164.5,164.61000061035156,162.42999267578125,162.75999450683594,162.15780639648438,121300,0.0
2026-05-08,163.8300018310547,164.05999755859375,162.91000366210938,163.6300048828125,163.02459716796875,86800,0.0
2026-05-11,163.72999572753906,164.00999450683594,162.77000427246094,163.0,162.39691162109375,90800,0.0
2026-05-12,162.22000122070312,162.22000122070312,159.22999572753906,160.97000122070312,160.3744354248047,115100,0.0
2026-05-13,161.02999877929688,161.02999877929688,159.38999938964844,160.49000549316406,159.89620971679688,240400,0.0
2026-05-14,161.19000244140625,162.3300018310547,160.89999389648438,161.4499969482422,160.8526611328125,401900,0.0
2026-05-15,159.75999450683594,160.00999450683594,158.4199981689453,158.50999450683594,157.9235382080078,142100,0.0
2026-05-18,158.99000549316406,159.72000122070312,158.05999755859375,158.80999755859375,158.22242736816406,351500,0.0
2026-05-19,157.8800048828125,158.55999755859375,156.75999450683594,157.4199981689453,156.8375701904297,221300,0.0
2026-05-20,157.9499969482422,160.58999633789062,157.24000549316406,160.3800048828125,159.78662109375,119700,0.0
2026-05-21,159.4199981689453,161.27999877929688,158.47999572753906,160.5800018310547,159.9858856201172,104600,0.0
2026-05-22,161.47999572753906,162.47000122070312,160.94000244140625,161.92999267578125,161.33087158203125,59400,0.0
2026-05-26,163.35000610351562,165.16000366210938,162.99000549316406,165.0399932861328,164.42938232421875,222100,0.0
2026-05-27,165.24000549316406,165.61000061035156,164.38999938964844,164.4499969482422,163.841552734375,98900,0.0
2026-05-28,164.11000061035156,164.8000030517578,163.1300048828125,164.3800048828125,163.77182006835938,77000,0.0
2026-05-29,163.9600067138672,164.27000427246094,162.94000244140625,163.33999633789062,162.7356719970703,72800,0.0
2026-06-01,162.3000030517578,162.92999267578125,160.7899932861328,162.4499969482422,161.8489532470703,258100,0.0
2026-06-02,162.0500030517578,163.74000549316406,162.0500030517578,163.5500030517578,162.9449005126953,140600,0.0
2026-06-03,163.0500030517578,163.1999969482422,162.05999755859375,162.60000610351562,161.9984130859375,161000,0.0
2026-06-04,162.64999389648438,165.10000610351562,162.64999389648438,164.72999572753906,164.12051391601562,69000,0.0
2026-06-05,163.25999450683594,164.17999267578125,160.9600067138672,161.61000061035156,161.01206970214844,93600,0.0
2026-06-08,163.02999877929688,164.08999633789062,162.24000549316406,162.5500030517578,161.94859313964844,82400,0.0
2026-06-09,163.58999633789062,166.42999267578125,160.25,164.00999450683594,163.40318298339844,96200,0.0
2026-06-10,163.4499969482422,166.05999755859375,162.49000549316406,162.6199951171875,162.01832580566406,83900,0.0
2026-06-11,163.58999633789062,167.8699951171875,163.58999633789062,167.63999938964844,167.01976013183594,134600,0.0
2026-06-12,168.25,170.49000549316406,168.0500030517578,169.02999877929688,168.4046173095703,92300,0.0
2026-06-15,170.82000732421875,171.52999877929688,169.7899932861328,170.1199951171875,169.74867248535156,71300,0.257
2026-06-16,170.52000427246094,171.3699951171875,168.91000366210938,169.02000427246094,168.6510772705078,55400,0.0
2026-06-17,169.3699951171875,170.4600067138672,167.1699981689453,167.52000427246094,167.15435791015625,114800,0.0
2026-06-18,170.3000030517578,170.8800048828125,169.11000061035156,170.72000122070312,170.3473663330078,98800,0.0
2026-06-22,171.3300018310547,171.7899932861328,170.85000610351562,171.33999633789062,170.96600341796875,71100,0.0
2026-06-23,168.63999938964844,171.52999877929688,168.55999755859375,170.60000610351562,170.22763061523438,59800,0.0
2026-06-24,171.27000427246094,174.2899932861328,171.17999267578125,172.74000549316406,172.3629608154297,196900,0.0
2026-06-25,174.19000244140625,176.41000366210938,174.19000244140625,175.17999267578125,174.79762268066406,107400,0.0
2026-06-26,174.64999389648438,176.67999267578125,174.14999389648438,176.30999755859375,175.92515563964844,181800,0.0
2026-06-29,176.7100067138672,176.83999633789062,174.60000610351562,176.72000122070312,176.3342742919922,310800,0.0
2026-06-30,176.6699981689453,178.86000061035156,176.30999755859375,178.60000610351562,178.21017456054688,324900,0.0
2026-07-01,178.61000061035156,179.64999389648438,177.11000061035156,177.24000549316406,176.85313415527344,1475200,0.0
2026-07-02,177.66000366210938,178.3800048828125,174.3800048828125,175.88999938964844,175.50607299804688,174200,0.0
2026-07-06,176.02000427246094,177.6699981689453,176.02000427246094,176.9199981689453,176.53382873535156,458400,0.0
2026-07-07,176.44000244140625,176.63999938964844,174.22000122070312,174.9199981689453,174.53819274902344,256700,0.0
2026-07-08,173.4199981689453,174.0,171.72000122070312,172.8800048828125,172.50265502929688,180200,0.0
2026-07-09,173.8800048828125,175.5500030517578,173.8800048828125,174.9499969482422,174.56813049316406,237600,0.0
2026-07-10,174.7899932861328,175.47000122070312,173.58999633789062,174.2899932861328,173.90956115722656,73600,0.0
2026-07-13,173.88999938964844,173.89999389648438,172.1699981689453,172.5500030517578,172.17337036132812,188600,0.0
2026-07-14,173.89999389648438,174.1699981689453,172.8000030517578,173.27000427246094,172.8917999267578,73400,0.0
2026-07-15,173.77999877929688,174.63999938964844,173.35000610351562,174.0,173.62020874023438,84400,0.0
2026-07-16,173.67999267578125,175.47999572753906,173.47000122070312,174.0800018310547,173.7000274658203,52100,0.0
2026-07-17,171.77000427246094,173.9199981689453,171.47999572753906,172.8800048828125,172.50265502929688,79800,0.0
2026-07-20,173.35000610351562,174.00999450683594,171.77999877929688,171.77999877929688,171.40504455566406,350800,0.0
2026-07-21,172.35000610351562,173.94000244140625,171.88999938964844,173.75999450683594,173.38072204589844,183000,0.0
2026-07-22,172.99000549316406,173.3699951171875,171.9199981689453,172.16000366210938,171.7842254638672,231000,0.0
2026-07-23,170.5800018310547,171.91000366210938,170.5800018310547,171.72999572753906,171.35516357421875,346700,0.0
2026-07-24,172.60000610351562,172.83999633789062,171.00999450683594,171.4600067138672,171.08575439453125,339300,0.0
2026-07-27,172.42999267578125,173.85000610351562,171.35000610351562,172.61000061035156,172.23324584960938,361000,0.0
2026-07-28,172.32000732421875,173.22000122070312,171.11000061035156,173.11000061035156,172.73214721679688,67300,0.0
2026-07-29,172.25999450683594,172.89999389648438,170.00999450683594,170.11000061035156,169.7386932373047,128800,0.0
2026-07-30,172.14999389648438,173.27000427246094,171.14999389648438,173.07000732421875,172.69224548339844,64100,0.0
2026-07-31,173.7100067138672,173.85000610351562,171.05999755859375,172.6999969482422,172.3230438232422,79200,0.0
2026-08-03,173.10000610351562,175.9600067138672,173.10000610351562,175.80999755859375,175.42625427246094,448000,0.0
2026-08-04,176.32000732421875,179.50999450683594,176.32000732421875,179.07000732421875,178.6791534423828,338100,0.0
2026-08-05,179.49000549316406,179.67999267578125,177.52999877929688,177.52999877929688,177.1425018310547,206900,0.0
2026-08-06,177.58999633789062,178.00999450683594,175.85000610351562,175.9499969482422,175.56594848632812,412800,0.0
2026-08-07,176.9499969482422,177.4199981689453,176.38999938964844,176.97000122070312,176.58372497558594,194800,0.0
2026-08-10,176.9199981689453,177.0,175.77999877929688,176.02000427246094,175.63580322265625,131100,0.0
2026-08-11,176.07000732421875,177.44000244140625,176.07000732421875,176.4199981689453,176.03492736816406,114200,0.0
2026-08-12,177.33999633789062,177.97000122070312,176.33999633789062,177.27999877929688,176.89305114746094,99300,0.0
2026-08-13,177.8300018310547,178.41000366210938,177.07000732421875,177.3800048828125,176.99282836914062,76000,0.0
2026-08-14,177.35000610351562,178.6199951171875,177.11000061035156,178.5,178.11038208007812,81900,0.0
2026-08-17,178.02000427246094,178.58999633789062,177.8800048828125,178.1999969482422,177.81103515625,100800,0.0
2026-08-18,177.49000549316406,177.49000549316406,175.10000610351562,175.14999389648438,174.76768493652344,85300,0.0
2026-08-19,176.5500030517578,176.5500030517578,174.9600067138672,175.1199951171875,174.73776245117188,93400,0.0
2026-08-20,173.9600067138672,174.30999755859375,172.72999572753906,172.85000610351562,172.47271728515625,97500,0.0
2026-08-21,174.0,174.08999633789062,172.92999267578125,173.89999389648438,173.52041625976562,72500,0.0
2026-08-24,173.8000030517578,173.89999389648438,172.85000610351562,173.32000732421875,172.9416961669922,1475500,0.0
2026-08-25,174.3699951171875,174.57000732421875,172.82000732421875,173.22000122070312,172.84190368652344,191500,0.0
2026-08-26,172.91000366210938,173.9600067138672,172.91000366210938,173.3699951171875,172.9915771484375,92000,0.0
2026-08-27,173.1999969482422,173.5,172.5,173.16000366210938,172.78204345703125,120100,0.0
2026-08-28,173.52999877929688,173.75,170.97000122070312,171.05999755859375,170.68661499023438,87200,0.0
2026-08-31,170.5399932861328,170.5399932861328,169.10000610351562,169.64999389648438,169.27969360351562,115600,0.0
2026-09-01,168.49000549316406,169.00999450683594,167.47999572753906,167.67999267578125,167.31399536132812,147300,0.0
2026-09-02,167.9199981689453,169.44000244140625,167.9199981689453,169.14999389648438,168.78079223632812,78200,0.0
2026-09-03,169.77000427246094,170.3000030517578,169.22999572753906,170.07000732421875,169.69879150390625,278100,0.0
2026-09-04,169.63999938964844,170.4600067138672,169.50999450683594,170.30999755859375,169.93826293945312,82100,0.0
2026-09-08,170.0,170.3000030517578,169.38999938964844,169.52999877929688,169.1599578857422,85300,0.0
2026-09-09,168.77999877929688,169.05999755859375,167.02000427246094,167.24000549316406,166.87496948242188,82200,0.0
2026-09-10,166.1699981689453,167.02000427246094,165.4199981689453,165.6699981689453,165.30838012695312,87200,0.0
2026-09-11,166.89999389648438,167.99000549316406,166.4499969482422,166.4600067138672,166.09666442871094,1163400,0.0
2026-09-14,165.08999633789062,166.02000427246094,164.7899932861328,164.92999267578125,164.5699920654297,137500,0.0
2026-09-15,164.16000366210938,164.2899932861328,162.8300018310547,163.24000549316406,163.24000549316406,221500,0.36
2026-09-16,163.80999755859375,164.83999633789062,161.83999633789062,163.1999969482422,163.1999969482422,152000,0.0
2026-09-17,165.77999877929688,165.77999877929688,163.3300018310547,163.39999389648438,163.39999389648438,183200,0.0
2026-09-18,163.2100067138672,163.25,162.32000732421875,163.00999450683594,163.00999450683594,118200,0.0
2026-09-21,164.3699951171875,164.42999267578125,163.3800048828125,163.9499969482422,163.9499969482422,113000,0.0
2026-09-22,165.00999450683594,165.4499969482422,163.8800048828125,164.3800048828125,164.3800048828125,123300,0.0
2026-09-23,163.60000610351562,163.60000610351562,162.3800048828125,162.61000061035156,162.61000061035156,145100,0.0
2026-09-24,162.05999755859375,162.72999572753906,160.88999938964844,162.27000427246094,162.27000427246094,152300,0.0
2026-09-25,162.88999938964844,163.36000061035156,161.83999633789062,162.66000366210938,162.66000366210938,220400,0.0
