Date,Open,High,Low,Close,Adj Close,Volume,Dividends
2000-05-26,59.609375,59.609375,59.3125,59.3125,33.35576629638672,2900,0.0
2000-05-30,59.90625,60.21875,59.90625,60.21875,33.86543273925781,1800,0.0
2000-05-31,60.1875,60.796875,60.1875,60.671875,34.1202507019043,12200,0.0
2000-06-01,60.78125,61.421875,60.6875,61.421875,34.542022705078125,25400,0.0
2000-06-02,62.46875,62.59375,62.28125,62.28125,35.02532958984375,10000,0.0
2000-06-05,62.34375,62.34375,61.921875,62.0,34.867149353027344,15500,0.0
2000-06-06,61.859375,61.921875,61.859375,61.921875,34.82323455810547,4100,0.0
2000-06-07,61.703125,62.078125,61.703125,62.0,34.867149353027344,4800,0.0
2000-06-08,61.875,61.875,61.3125,61.4375,34.55082321166992,16000,0.0
2000-06-09,61.796875,61.796875,61.15625,61.15625,34.39265441894531,7100,0.0
2000-06-12,61.5625,61.5625,61.484375,61.5,34.585975646972656,1800,0.0
2000-06-13,61.21875,61.21875,61.046875,61.046875,34.33113479614258,4300,0.0
2000-06-14,61.6875,61.984375,61.6875,61.796875,34.75293731689453,4500,0.0
2000-06-15,61.59375,61.59375,60.890625,61.078125,34.34871292114258,5000,0.0
2000-06-16,61.578125,61.625,59.953125,60.046875,33.76876449584961,25400,0.0
2000-06-19,60.25,60.59375,60.125,60.5,34.023590087890625,12300,0.0
2000-06-20,60.375,60.375,59.875,60.15625,33.830284118652344,40900,0.0
2000-06-21,59.90625,59.953125,59.65625,59.78125,33.65968704223633,5800,0.072
2000-06-22,59.828125,59.828125,59.1875,59.34375,33.4133415222168,4900,0.0
2000-06-23,59.609375,59.609375,59.015625,59.015625,33.228599548339844,20100,0.0
2000-06-26,59.53125,59.53125,59.15625,59.40625,33.44853973388672,11900,0.0
2000-06-27,59.65625,59.65625,59.3125,59.3125,33.39574432373047,13800,0.0
2000-06-28,59.53125,59.859375,59.171875,59.296875,33.38694763183594,12200,0.0
2000-06-29,59.0,59.15625,58.734375,58.734375,33.07024002075195,11000,0.0
2000-06-30,59.0,59.0625,58.5,58.515625,32.947078704833984,27000,0.0
2000-07-03,58.375,59.140625,58.375,59.140625,33.298973083496094,2500,0.0
2000-07-05,59.375,59.625,59.046875,59.046875,33.246185302734375,6100,0.0
2000-07-06,59.328125,59.421875,58.984375,59.15625,33.307762145996094,5300,0.0
2000-07-07,59.46875,60.140625,59.46875,60.03125,33.80043411254883,28100,0.0
2000-07-10,60.296875,60.328125,60.078125,60.078125,33.82682418823242,22900,0.0
2000-07-11,60.15625,60.765625,60.15625,60.5625,34.09956359863281,8400,0.0
2000-07-12,61.0625,61.09375,60.6875,60.6875,34.169944763183594,29600,0.0
2000-07-13,60.921875,61.109375,60.890625,60.953125,34.319496154785156,3800,0.0
2000-07-14,61.21875,61.21875,61.125,61.15625,34.433860778808594,3000,0.0
2000-07-17,60.875,60.90625,60.40625,60.40625,34.01157760620117,38800,0.0
2000-07-18,60.375,60.375,60.25,60.3125,33.95880126953125,19800,0.0
2000-07-19,60.515625,60.6875,60.25,60.25,33.92361068725586,29100,0.0
2000-07-20,60.46875,60.75,60.46875,60.5,34.064361572265625,3300,0.0
2000-07-21,60.625,60.703125,60.078125,60.078125,33.82682418823242,28900,0.0
2000-07-24,60.203125,60.203125,59.75,59.75,33.64207077026367,2300,0.0
2000-07-25,60.1875,60.328125,59.921875,59.921875,33.73885726928711,46500,0.0
2000-07-26,60.125,60.125,59.4375,59.4375,33.466121673583984,26500,0.0
2000-07-27,59.8125,60.046875,59.390625,59.75,33.64207077026367,58100,0.0
2000-07-28,59.703125,59.703125,58.71875,58.71875,33.06144332885742,7800,0.0
2000-07-31,59.1875,59.59375,59.09375,59.296875,33.38694763183594,30200,0.0
2000-08-01,59.375,59.984375,59.375,59.71875,33.62448501586914,47800,0.0
2000-08-02,59.953125,60.4375,59.953125,60.4375,34.0291633605957,31700,0.0
2000-08-03,60.40625,60.921875,60.40625,60.671875,34.1611328125,102300,0.0
2000-08-04,61.0625,61.40625,60.9375,61.40625,34.57463073730469,5200,0.0
2000-08-07,61.421875,62.03125,61.421875,62.0,34.908935546875,21100,0.0
2000-08-08,61.796875,62.078125,61.640625,62.0,34.908935546875,53400,0.0
2000-08-09,61.96875,61.96875,61.328125,61.6875,34.73298263549805,63500,0.0
2000-08-10,61.828125,61.828125,61.578125,61.578125,34.671390533447266,8100,0.0
2000-08-11,61.765625,62.296875,61.703125,62.078125,34.95293426513672,6800,0.0
2000-08-14,62.21875,62.90625,62.109375,62.875,35.40161895751953,54000,0.0
2000-08-15,62.75,62.75,62.390625,62.546875,35.21684646606445,43000,0.0
2000-08-16,62.5625,62.5625,62.140625,62.25,35.04969787597656,8100,0.0
2000-08-17,62.578125,62.859375,62.578125,62.859375,35.39280700683594,400,0.0
2000-08-18,62.71875,62.71875,62.296875,62.609375,35.252037048339844,34200,0.0
2000-08-21,62.6875,62.8125,62.5,62.8125,35.366424560546875,29500,0.0
2000-08-22,62.890625,63.0625,62.890625,63.0,35.471981048583984,3900,0.0
2000-08-23,62.796875,62.90625,62.6875,62.90625,35.419193267822266,26000,0.0
2000-08-24,62.8125,62.8125,62.484375,62.5625,35.22565841674805,2500,0.0
2000-08-25,62.78125,62.78125,62.609375,62.71875,35.313621520996094,21100,0.0
2000-08-28,62.65625,63.328125,62.65625,63.109375,35.5335693359375,22100,0.0
2000-08-29,62.75,62.953125,62.65625,62.75,35.331214904785156,25800,0.0
2000-08-30,62.84375,62.84375,62.546875,62.640625,35.269630432128906,39100,0.0
2000-08-31,63.0625,63.59375,63.0625,63.109375,35.5335693359375,126300,0.0
2000-09-01,63.375,63.484375,63.375,63.40625,35.70071792602539,90700,0.0
2000-09-05,63.359375,63.59375,63.3125,63.53125,35.77111053466797,8400,0.0
2000-09-06,63.84375,63.875,63.703125,63.703125,35.86788558959961,57600,0.0
2000-09-07,63.796875,63.796875,63.5,63.5,35.75350570678711,10800,0.0
2000-09-08,63.5,63.75,63.375,63.75,35.894256591796875,5700,0.0
2000-09-11,63.859375,64.515625,63.859375,64.375,36.246177673339844,26500,0.0
2000-09-12,64.375,64.375,64.09375,64.203125,36.149410247802734,900,0.0
2000-09-13,63.859375,64.125,63.71875,63.8125,35.92945098876953,57300,0.0
2000-09-14,63.90625,63.90625,63.453125,63.640625,35.83267593383789,75100,0.0
2000-09-15,63.734375,63.78125,63.0,63.0,35.471981048583984,37000,0.0
2000-09-18,63.21875,63.21875,62.203125,62.203125,35.023311614990234,20000,0.0
2000-09-19,62.453125,62.453125,62.140625,62.1875,35.01450729370117,28200,0.0
2000-09-20,61.796875,61.796875,60.859375,61.1875,34.559261322021484,6200,0.194
2000-09-21,60.984375,61.078125,60.671875,60.84375,34.36512756347656,8000,0.0
2000-09-22,61.0,61.75,61.0,61.75,34.876983642578125,33100,0.0
2000-09-25,61.796875,62.015625,61.71875,61.84375,34.9299201965332,9200,0.0
2000-09-26,62.03125,62.03125,61.53125,61.53125,34.75341796875,4300,0.0
2000-09-27,61.859375,61.859375,61.546875,61.78125,34.894630432128906,10600,0.0
2000-09-28,62.171875,63.4375,62.171875,63.390625,35.80362319946289,9800,0.0
2000-09-29,63.125,63.5625,62.953125,63.09375,35.63594055175781,9100,0.0
2000-10-02,63.03125,63.421875,62.5625,63.421875,35.82123947143555,15500,0.0
2000-10-03,63.40625,64.03125,63.390625,63.578125,35.909515380859375,55000,0.0
2000-10-04,63.375,63.765625,63.234375,63.234375,35.71537399291992,8700,0.0
2000-10-05,63.296875,63.390625,63.25,63.359375,35.78596496582031,25900,0.0
2000-10-06,62.796875,62.796875,61.78125,61.984375,35.009361267089844,9400,0.0
2000-10-09,62.125,62.125,61.75,61.984375,35.009361267089844,7700,0.0
2000-10-10,61.75,61.8125,61.484375,61.515625,34.74459457397461,16700,0.0
2000-10-11,61.0,61.265625,60.328125,60.6875,34.2768669128418,47100,0.0
2000-10-12,60.3125,60.3125,59.078125,59.25,33.46495819091797,114100,0.0
2000-10-13,59.15625,60.3125,59.15625,60.09375,33.94149398803711,178100,0.0
2000-10-16,60.125,60.40625,60.125,60.21875,34.012115478515625,176100,0.0
2000-10-17,60.625,60.625,59.09375,59.75,33.747344970703125,186700,0.0
2000-10-18,58.5,59.78125,58.25,59.125,33.394351959228516,214600,0.0
2000-10-19,59.875,60.75,59.875,60.375,34.10035705566406,182200,0.0
2000-10-20,60.5625,61.15625,60.5625,61.125,34.52397537231445,26800,0.0
2000-10-23,61.0,61.4375,60.84375,61.4375,34.70048522949219,23000,0.0
2000-10-24,61.625,62.125,61.5,61.75,34.876983642578125,10800,0.0
2000-10-25,61.375,61.734375,60.5625,60.5625,34.206275939941406,30300,0.0
2000-10-26,61.125,61.1875,60.25,60.59375,34.223915100097656,18400,0.0
2000-10-27,60.625,61.46875,60.625,61.4375,34.70048522949219,18100,0.0
2000-10-30,62.15625,63.6875,62.15625,63.6875,35.971290588378906,44000,0.0
2000-10-31,63.75,64.28125,63.4375,64.21875,36.27134704589844,33700,0.0
2000-11-01,64.0,64.09375,63.46875,64.09375,36.20076370239258,63900,0.0
2000-11-02,63.96875,64.0,63.625,63.65625,35.95362854003906,9500,0.0
2000-11-03,63.625,63.75,63.375,63.71875,35.98896789550781,58900,0.0
2000-11-06,63.75,64.15625,63.625,64.125,36.218406677246094,53500,0.0
2000-11-07,64.0625,64.0625,63.765625,64.03125,36.16545486450195,29700,0.0
2000-11-08,64.125,64.125,63.375,63.375,35.794776916503906,41400,0.0
2000-11-09,63.5,63.71875,62.65625,63.3125,35.75949478149414,116100,0.0
2000-11-10,63.34375,63.40625,62.75,62.75,35.441795349121094,6200,0.0
2000-11-13,62.125,62.5625,61.625,62.125,35.08878707885742,131000,0.0
2000-11-14,62.5,63.0,62.5,62.75,35.441795349121094,13100,0.0
2000-11-15,62.75,62.84375,62.40625,62.625,35.37117385864258,15500,0.0
2000-11-16,62.6875,62.875,62.34375,62.34375,35.212318420410156,114100,0.0
2000-11-17,62.4375,62.625,61.8125,61.953125,34.9917106628418,490200,0.0
2000-11-20,61.875,61.875,61.0,61.0,34.45337677001953,58100,0.0
2000-11-21,61.1875,61.40625,60.71875,61.390625,34.67399597167969,30100,0.0
2000-11-22,61.0,61.03125,60.5,60.5625,34.206275939941406,26500,0.0
2000-11-24,60.8125,61.21875,60.8125,61.0,34.45337677001953,5200,0.0
2000-11-27,61.4375,61.53125,61.21875,61.53125,34.75341796875,12100,0.0
2000-11-28,61.1875,61.625,61.1875,61.1875,34.559261322021484,23400,0.0
2000-11-29,61.5,61.75,61.375,61.625,34.806365966796875,33500,0.0
2000-11-30,61.4375,61.4375,60.0,60.5625,34.206275939941406,18300,0.0
2000-12-01,61.125,61.53125,60.90625,61.03125,34.47101974487305,53100,0.0
2000-12-04,61.0,61.5,61.0,61.46875,34.71812438964844,5600,0.0
2000-12-05,61.75,62.71875,61.6875,62.71875,35.42414093017578,93000,0.0
2000-12-06,62.75,62.875,61.75,61.75,34.876983642578125,23200,0.0
2000-12-07,62.0625,62.25,61.84375,61.90625,34.965232849121094,12300,0.0
2000-12-08,62.375,63.0,62.0,62.0,35.01818084716797,66900,0.0
2000-12-11,62.5625,63.0,62.375,62.875,35.512386322021484,110500,0.0
2000-12-12,62.625,63.0625,62.625,62.9375,35.547691345214844,41600,0.0
2000-12-13,63.0625,63.0625,62.34375,62.34375,35.398502349853516,74200,0.331
2000-12-14,61.8125,61.90625,61.375,61.375,34.84846115112305,52000,0.0
2000-12-15,61.40625,61.40625,60.875,60.875,34.564552307128906,17400,0.0
2000-12-18,61.625,62.375,61.5625,62.15625,35.292030334472656,21200,0.0
2000-12-19,62.125,62.71875,61.46875,61.46875,34.90167999267578,238300,0.0
2000-12-20,60.75,61.15625,60.328125,60.5,34.35163116455078,75400,0.0
2000-12-21,60.625,61.15625,60.3125,61.03125,34.65325927734375,138500,0.0
2000-12-22,61.375,61.84375,61.375,61.84375,35.114601135253906,49400,0.0
2000-12-26,62.3125,63.078125,62.3125,63.078125,35.81547927856445,40000,0.0
2000-12-27,63.0625,63.875,63.0,63.625,36.1259880065918,323900,0.0
2000-12-28,63.75,64.25,63.625,64.25,36.48085021972656,168000,0.0
2000-12-29,64.375,64.375,63.375,63.375,35.984031677246094,509700,0.0
2001-01-02,63.484375,63.78125,62.609375,62.609375,35.54931640625,136400,0.0
2001-01-03,63.0625,66.03125,62.515625,65.1875,37.01316833496094,102800,0.0
2001-01-04,65.25,65.71875,64.953125,65.1875,37.01316833496094,80700,0.0
2001-01-05,65.28125,65.28125,63.609375,63.703125,36.170345306396484,71800,0.0
2001-01-08,63.5,63.671875,63.0,63.53125,36.07276153564453,36700,0.0
2001-01-09,63.75,63.90625,63.328125,63.625,36.1259880065918,34300,0.0
2001-01-10,63.25,64.265625,63.25,64.21875,36.46310806274414,27300,0.0
2001-01-11,64.4375,64.78125,64.375,64.5625,36.65829086303711,86100,0.0
2001-01-12,64.4375,64.5,63.875,64.265625,36.48972702026367,236500,0.0
2001-01-16,64.1875,64.625,64.0625,64.46875,36.605079650878906,21500,0.0
2001-01-17,65.3125,65.359375,64.65625,64.9375,36.8712158203125,53800,0.0
2001-01-18,64.6875,65.28125,64.3125,65.1875,37.01316833496094,25400,0.0
2001-01-19,65.1875,65.1875,64.5,64.75,36.7647590637207,127400,0.0
2001-01-22,64.5625,65.109375,64.25,64.8125,36.80024719238281,35400,0.0
2001-01-23,64.5,65.4375,64.5,65.296875,37.07526779174805,39300,0.0
2001-01-24,65.1875,65.78125,65.1875,65.484375,37.181724548339844,28800,0.0
2001-01-25,65.1875,65.625,65.125,65.5,37.19059371948242,51600,0.0
2001-01-26,65.25,65.34375,64.65625,65.0625,36.94218444824219,25600,0.0
2001-01-29,65.30000305175781,66.01000213623047,65.30000305175781,65.69999694824219,37.304161071777344,84300,0.0
2001-01-30,65.9000015258789,66.58000183105469,65.5,66.58000183105469,37.803810119628906,25100,0.0
2001-01-31,66.58000183105469,67.0,66.23999786376953,66.26000213623047,37.622127532958984,54700,0.0
2001-02-01,66.4000015258789,66.77999877929688,66.05000305175781,66.77999877929688,37.91737365722656,41000,0.0
2001-02-02,66.72000122070312,66.80000305175781,65.66000366210938,65.66000366210938,37.28144836425781,20500,0.0
2001-02-05,65.80000305175781,66.16000366210938,65.77999877929688,66.08000183105469,37.519935607910156,19200,0.0
2001-02-06,65.9800033569336,66.36000061035156,65.94999694824219,65.97000122070312,37.457462310791016,59000,0.0
2001-02-07,65.94999694824219,65.9800033569336,65.37000274658203,65.55000305175781,37.218990325927734,29500,0.0
2001-02-08,65.77999877929688,66.0199966430664,65.4800033569336,65.4800033569336,37.17925262451172,13900,0.0
2001-02-09,65.5,65.58999633789062,64.86000061035156,65.05000305175781,36.93510437011719,440700,0.0
2001-02-12,65.25,65.76000213623047,65.08000183105469,65.66000366210938,37.28144836425781,523300,0.0
2001-02-13,65.66000366210938,65.80999755859375,65.30000305175781,65.33000183105469,37.09406280517578,429000,0.0
2001-02-14,65.4000015258789,65.4000015258789,64.55999755859375,64.55999755859375,36.65686798095703,43900,0.0
2001-02-15,65.04000091552734,65.3499984741211,64.97000122070312,65.22000122070312,37.031620025634766,24700,0.0
2001-02-16,64.26000213623047,64.51000213623047,64.05000305175781,64.23999786376953,36.475181579589844,46600,0.0
2001-02-20,64.29000091552734,64.29000091552734,63.25,63.25,35.913063049316406,17500,0.0
2001-02-21,63.25,63.41999816894531,61.86000061035156,61.86000061035156,35.12383270263672,146500,0.0
2001-02-22,62.20000076293945,62.41999816894531,61.099998474121094,62.220001220703125,35.32822799682617,20100,0.0
2001-02-23,62.02000045776367,62.02000045776367,60.439998626708984,61.61000061035156,34.98188400268555,51100,0.0
2001-02-26,62.0099983215332,62.939998626708984,61.779998779296875,62.91999816894531,35.72568893432617,60600,0.0
2001-02-27,62.970001220703125,63.349998474121094,62.56999969482422,62.779998779296875,35.64618682861328,32600,0.0
2001-02-28,63.06999969482422,63.119998931884766,61.5,61.880001068115234,35.135196685791016,18100,0.0
2001-03-01,61.68000030517578,61.869998931884766,60.93000030517578,61.689998626708984,35.027313232421875,28200,0.0
2001-03-02,61.45000076293945,62.86000061035156,61.279998779296875,62.349998474121094,35.40205001831055,54200,0.0
2001-03-05,62.41999816894531,62.68000030517578,62.369998931884766,62.61000061035156,35.549686431884766,23600,0.0
2001-03-06,63.16999816894531,63.75,63.16999816894531,63.2599983215332,35.91874313354492,57400,0.0
2001-03-07,63.56999969482422,63.95000076293945,63.41999816894531,63.95000076293945,36.31052780151367,82900,0.0
2001-03-08,63.970001220703125,64.37999725341797,63.77000045776367,64.19999694824219,36.45246505737305,22500,0.0
2001-03-09,63.77000045776367,63.77000045776367,63.099998474121094,63.11000061035156,35.83357620239258,102400,0.0
2001-03-12,62.5099983215332,62.5099983215332,60.41999816894531,60.5,34.437294006347656,90200,0.157
2001-03-13,60.650001525878906,60.97999954223633,59.97999954223633,60.97999954223633,34.71052551269531,36000,0.0
2001-03-14,59.619998931884766,60.279998779296875,58.849998474121094,59.619998931884766,33.93639373779297,203400,0.0
2001-03-15,59.95000076293945,60.18000030517578,59.720001220703125,59.900001525878906,34.09576416015625,71500,0.0
2001-03-16,59.79999923706055,59.970001220703125,58.83000183105469,58.84000015258789,33.492401123046875,55900,0.0
2001-03-19,59.119998931884766,60.2599983215332,58.9900016784668,60.119998931884766,34.220985412597656,112900,0.0
2001-03-20,60.310001373291016,60.599998474121094,58.61000061035156,58.810001373291016,33.4753303527832,22300,0.0
2001-03-21,58.77000045776367,58.939998626708984,57.52000045776367,57.650001525878906,32.81502914428711,138000,0.0
2001-03-22,57.279998779296875,57.279998779296875,55.0,56.70000076293945,32.2742919921875,86400,0.0
2001-03-23,57.209999084472656,58.2400016784668,56.790000915527344,58.2400016784668,33.1508674621582,310600,0.0
2001-03-26,58.56999969482422,59.060001373291016,58.52000045776367,58.939998626708984,33.54933547973633,152300,0.0
2001-03-27,58.7599983215332,60.220001220703125,58.7599983215332,60.029998779296875,34.16976547241211,21400,0.0
2001-03-28,59.470001220703125,59.470001220703125,58.400001525878906,58.68000030517578,33.40131759643555,120600,0.0
2001-03-29,58.380001068115234,59.04999923706055,58.099998474121094,58.380001068115234,33.2305908203125,1156300,0.0
2001-03-30,58.91999816894531,59.380001068115234,58.56999969482422,59.369998931884766,33.7940788269043,40100,0.0
2001-04-02,59.369998931884766,59.900001525878906,58.380001068115234,58.560001373291016,33.33303451538086,166100,0.0
2001-04-03,58.13999938964844,58.400001525878906,56.5,56.91999816894531,32.39949035644531,146500,0.0
2001-04-04,56.849998474121094,57.34000015258789,56.36000061035156,56.72999954223633,32.291385650634766,162800,0.0
2001-04-05,57.81999969482422,58.970001220703125,57.81999969482422,58.970001220703125,33.56638717651367,95300,0.0
2001-04-06,58.4900016784668,58.4900016784668,57.380001068115234,57.650001525878906,32.81502914428711,88200,0.0
2001-04-09,58.04999923706055,58.72999954223633,58.0099983215332,58.45000076293945,33.27041244506836,50700,0.0
2001-04-10,58.91999816894531,60.15999984741211,58.91999816894531,59.86000061035156,34.07299041748047,31900,0.0
2001-04-11,60.47999954223633,60.5,59.45000076293945,59.689998626708984,33.976234436035156,34900,0.0
2001-04-12,59.29999923706055,60.380001068115234,59.29999923706055,60.380001068115234,34.368995666503906,43400,0.0
2001-04-16,60.400001525878906,60.5,59.77000045776367,60.29999923706055,34.32345199584961,489300,0.0
2001-04-17,59.79999923706055,60.91999816894531,59.79999923706055,60.900001525878906,34.664974212646484,59500,0.0
2001-04-18,61.52000045776367,63.88999938964844,61.25,62.810001373291016,35.752193450927734,41500,0.0
2001-04-19,62.84000015258789,63.15999984741211,62.459999084472656,63.15999984741211,35.951393127441406,37000,0.0
2001-04-20,62.81999969482422,63.060001373291016,62.18000030517578,62.5,35.575721740722656,63300,0.0
2001-04-23,62.439998626708984,62.439998626708984,61.7599983215332,61.900001525878906,35.23418426513672,31800,0.0
2001-04-24,62.02000045776367,62.58000183105469,61.650001525878906,61.720001220703125,35.131736755371094,169300,0.0
2001-04-25,61.650001525878906,62.65999984741211,61.5,62.470001220703125,35.55866241455078,111200,0.0
2001-04-26,62.630001068115234,63.4900016784668,62.599998474121094,62.9900016784668,35.854637145996094,154000,0.0
2001-04-27,63.36000061035156,63.75,63.2599983215332,63.75,36.28721618652344,31400,0.0
2001-04-30,64.0,64.36000061035156,63.08000183105469,63.41999816894531,36.099388122558594,40900,0.0
2001-05-01,63.119998931884766,63.91999816894531,63.060001373291016,63.91999816894531,36.38399124145508,65800,0.0
2001-05-02,63.86000061035156,63.939998626708984,63.380001068115234,63.66999816894531,36.24169921875,42400,0.0
2001-05-03,63.2400016784668,63.2400016784668,62.45000076293945,62.959999084472656,35.83756637573242,28500,0.0
2001-05-04,62.349998474121094,63.650001525878906,62.189998626708984,63.650001525878906,36.23030090332031,87600,0.0
2001-05-07,63.619998931884766,63.7400016784668,63.13999938964844,63.38999938964844,36.082332611083984,157300,0.0
2001-05-08,63.4900016784668,63.4900016784668,62.95000076293945,63.189998626708984,35.968482971191406,11800,0.0
2001-05-09,62.79999923706055,63.16999816894531,62.619998931884766,63.119998931884766,35.92863464355469,21700,0.0
2001-05-10,63.68000030517578,63.689998626708984,63.119998931884766,63.310001373291016,36.03677749633789,59100,0.0
2001-05-11,63.45000076293945,63.52000045776367,62.470001220703125,62.810001373291016,35.752193450927734,42400,0.0
2001-05-14,62.849998474121094,63.150001525878906,62.7400016784668,63.099998474121094,35.917240142822266,13200,0.0
2001-05-15,63.04999923706055,63.650001525878906,63.04999923706055,63.25,36.00262451171875,30000,0.0
2001-05-16,63.15999984741211,64.94999694824219,63.11000061035156,64.83999633789062,36.90766525268555,34400,0.0
2001-05-17,64.69999694824219,65.30999755859375,64.69999694824219,64.9000015258789,36.94183349609375,187400,0.0
2001-05-18,64.80999755859375,65.30000305175781,64.80999755859375,65.30000305175781,37.16950988769531,26500,0.0
2001-05-21,65.31999969482422,65.87999725341797,65.06999969482422,65.87999725341797,37.49964141845703,26400,0.0
2001-05-22,65.94999694824219,66.13999938964844,65.73999786376953,65.91999816894531,37.522422790527344,33500,0.0
2001-05-23,65.69999694824219,65.70999908447266,65.0,65.0,36.99875259399414,23300,0.0
2001-05-24,64.9000015258789,65.30000305175781,64.79000091552734,65.11000061035156,37.06134796142578,51700,0.0
2001-05-25,65.0999984741211,65.0999984741211,64.26000213623047,64.26000213623047,36.577545166015625,38400,0.0
2001-05-29,64.61000061035156,64.61000061035156,63.5,64.30000305175781,36.60030746459961,18900,0.0
2001-05-30,63.900001525878906,64.16999816894531,63.2400016784668,63.439998626708984,36.11077117919922,39400,0.0
2001-05-31,63.52000045776367,64.1500015258789,63.52000045776367,63.75,36.28721618652344,64200,0.0
2001-06-01,63.91999816894531,64.22000122070312,63.2599983215332,64.0,36.42953872680664,55500,0.0
2001-06-04,64.25,64.33999633789062,63.900001525878906,64.31999969482422,36.611671447753906,15500,0.0
2001-06-05,64.55000305175781,65.0,64.26000213623047,64.93000030517578,36.95889663696289,390600,0.0
2001-06-06,64.56999969482422,64.56999969482422,64.05999755859375,64.13999938964844,36.50922775268555,224900,0.0
2001-06-07,64.06999969482422,64.22000122070312,63.65999984741211,64.16000366210938,36.52061080932617,20500,0.0
2001-06-08,64.06999969482422,64.08999633789062,63.310001373291016,63.849998474121094,36.344154357910156,122800,0.0
2001-06-11,63.369998931884766,63.560001373291016,62.90999984741211,63.20000076293945,36.102516174316406,133000,0.227
2001-06-12,62.77000045776367,63.34000015258789,62.29999923706055,62.97999954223633,35.97682571411133,30800,0.0
2001-06-13,63.16999816894531,63.380001068115234,62.619998931884766,62.65999984741211,35.79404067993164,94400,0.0
2001-06-14,62.20000076293945,62.20000076293945,61.18000030517578,61.18000030517578,34.94862747192383,57600,0.0
2001-06-15,60.689998626708984,61.619998931884766,60.560001373291016,61.220001220703125,34.971466064453125,543800,0.0
2001-06-18,61.29999923706055,61.380001068115234,60.779998779296875,60.779998779296875,34.72011947631836,28900,0.0
2001-06-19,61.220001220703125,61.52000045776367,60.790000915527344,60.939998626708984,34.81151580810547,123400,0.0
2001-06-20,60.869998931884766,61.41999816894531,60.720001220703125,60.9900016784668,34.840065002441406,37700,0.0
2001-06-21,60.970001220703125,61.779998779296875,60.970001220703125,61.63999938964844,35.21137237548828,80500,0.0
2001-06-22,61.709999084472656,61.72999954223633,61.13999938964844,61.5,35.131412506103516,75300,0.0
2001-06-25,61.56999969482422,61.56999969482422,60.83000183105469,60.959999084472656,34.82292938232422,47600,0.0
2001-06-26,60.20000076293945,61.04999923706055,60.20000076293945,60.91999816894531,34.80010223388672,88600,0.0
2001-06-27,60.81999969482422,61.25,60.619998931884766,60.63999938964844,34.64013671875,106800,0.0
2001-06-28,60.81999969482422,61.709999084472656,60.81999969482422,61.13999938964844,34.92576217651367,761500,0.0
2001-06-29,61.130001068115234,61.86000061035156,61.130001068115234,61.81999969482422,35.314205169677734,290900,0.0
2001-07-02,61.7599983215332,62.220001220703125,61.599998474121094,62.18000030517578,35.51986312866211,35400,0.0
2001-07-03,62.099998474121094,62.099998474121094,61.630001068115234,61.970001220703125,35.399898529052734,43200,0.0
2001-07-05,61.83000183105469,61.900001525878906,61.45000076293945,61.45000076293945,35.10283660888672,18000,0.0
2001-07-06,61.279998779296875,61.29999923706055,60.119998931884766,60.29999923706055,34.44591522216797,87600,0.0
2001-07-09,60.31999969482422,60.68000030517578,60.22999954223633,60.650001525878906,34.645843505859375,22200,0.0
2001-07-10,60.66999816894531,60.81999969482422,59.779998779296875,59.810001373291016,34.166015625,20600,0.0
2001-07-11,59.650001525878906,59.84000015258789,59.060001373291016,59.689998626708984,34.097469329833984,214200,0.0
2001-07-12,60.119998931884766,61.02000045776367,60.0,60.81999969482422,34.742958068847656,43100,0.0
2001-07-13,60.7599983215332,61.22999954223633,60.70000076293945,61.150001525878906,34.93147659301758,502200,0.0
2001-07-16,61.27000045776367,61.40999984741211,60.5099983215332,60.65999984741211,34.65155029296875,20800,0.0
2001-07-17,60.41999816894531,60.9900016784668,60.279998779296875,60.95000076293945,34.817222595214844,20600,0.0
2001-07-18,60.25,60.56999969482422,60.09000015258789,60.52000045776367,34.57158660888672,39600,0.0
2001-07-19,61.15999984741211,61.16999816894531,60.40999984741211,60.720001220703125,34.68583297729492,37900,0.0
2001-07-20,60.59000015258789,60.75,60.349998474121094,60.47999954223633,34.548728942871094,27300,0.0
2001-07-23,60.58000183105469,60.65999984741211,59.5,59.5,33.98891830444336,80800,0.0
2001-07-24,59.56999969482422,59.56999969482422,58.150001525878906,58.31999969482422,33.314857482910156,53900,0.0
2001-07-25,58.599998474121094,59.45000076293945,58.45000076293945,59.45000076293945,33.96035385131836,38500,0.0
2001-07-26,59.52000045776367,60.459999084472656,59.380001068115234,60.459999084472656,34.537315368652344,34900,0.0
2001-07-27,60.52000045776367,60.7400016784668,60.0099983215332,60.630001068115234,34.63441848754883,33200,0.0
2001-07-30,60.72999954223633,60.72999954223633,60.380001068115234,60.41999816894531,34.51446533203125,13400,0.0
2001-07-31,60.5,61.18000030517578,60.5,60.63999938964844,34.64013671875,22200,0.0
2001-08-01,60.86000061035156,61.38999938964844,60.77000045776367,60.900001525878906,34.78865432739258,41200,0.0
2001-08-02,61.29999923706055,61.41999816894531,61.0,61.2400016784668,34.982887268066406,41300,0.0
2001-08-03,61.150001525878906,61.150001525878906,60.45000076293945,60.959999084472656,34.82292938232422,36200,0.0
2001-08-06,60.79999923706055,60.869998931884766,60.09000015258789,60.099998474121094,34.33164978027344,21700,0.0
2001-08-07,60.279998779296875,60.599998474121094,60.099998474121094,60.31999969482422,34.45734405517578,22900,0.0
2001-08-08,60.11000061035156,60.459999084472656,59.27000045776367,59.27000045776367,33.85753631591797,10900,0.0
2001-08-09,59.29999923706055,59.369998931884766,58.93000030517578,59.279998779296875,33.863258361816406,100400,0.0
2001-08-10,59.279998779296875,59.72999954223633,58.75,59.720001220703125,34.11460876464844,114800,0.0
2001-08-13,59.75,59.75,59.310001373291016,59.650001525878906,34.07461166381836,17300,0.0
2001-08-14,59.70000076293945,59.88999938964844,59.34000015258789,59.34000015258789,33.897525787353516,34800,0.0
2001-08-15,59.54999923706055,59.54999923706055,58.81999969482422,59.099998474121094,33.76042175292969,84300,0.0
2001-08-16,58.900001525878906,59.16999816894531,58.47999954223633,59.119998931884766,33.77183151245117,14900,0.0
2001-08-17,58.869998931884766,58.869998931884766,58.06999969482422,58.209999084472656,33.252017974853516,32900,0.0
2001-08-20,58.41999816894531,58.560001373291016,58.22999954223633,58.560001373291016,33.45194625854492,115100,0.0
2001-08-21,58.66999816894531,59.15999984741211,57.9900016784668,58.09000015258789,33.183467864990234,57500,0.0
2001-08-22,58.41999816894531,58.54999923706055,58.11000061035156,58.31999969482422,33.314857482910156,15900,0.0
2001-08-23,58.400001525878906,58.59000015258789,58.150001525878906,58.25,33.27486801147461,26200,0.0
2001-08-24,58.45000076293945,59.290000915527344,58.41999816894531,59.2599983215332,33.85181427001953,33000,0.0
2001-08-27,59.290000915527344,59.290000915527344,58.849998474121094,58.959999084472656,33.680450439453125,274500,0.0
2001-08-28,58.689998626708984,58.95000076293945,58.209999084472656,58.29999923706055,33.30341339111328,82500,0.0
2001-08-29,58.459999084472656,58.459999084472656,57.5099983215332,57.5099983215332,32.852149963378906,51200,0.0
2001-08-30,57.66999816894531,57.86000061035156,56.5,56.869998931884766,32.4865837097168,111700,0.0
2001-08-31,56.720001220703125,57.459999084472656,56.720001220703125,57.029998779296875,32.577945709228516,55600,0.0
2001-09-04,57.15999984741211,58.0,56.7599983215332,57.150001525878906,32.6464958190918,70700,0.0
2001-09-05,56.5,56.95000076293945,55.90999984741211,56.47999954223633,32.2637825012207,57900,0.0
2001-09-06,56.15999984741211,56.22999954223633,55.34000015258789,55.4900016784668,31.698226928710938,79100,0.0
2001-09-07,55.08000183105469,55.29999923706055,54.209999084472656,54.29999923706055,31.01845359802246,57400,0.0
2001-09-10,53.959999084472656,54.619998931884766,53.63999938964844,54.47999954223633,31.121273040771484,27100,0.0
2001-09-17,51.0,52.349998474121094,51.0,51.54999923706055,29.447551727294922,71000,0.0
2001-09-18,51.54999923706055,51.79999923706055,50.75,51.04999923706055,29.16192054748535,88700,0.0
2001-09-19,51.20000076293945,51.5,48.650001525878906,50.209999084472656,28.682090759277344,83900,0.0
2001-09-20,49.79999923706055,49.79999923706055,48.29999923706055,48.79999923706055,27.876625061035156,74700,0.0
2001-09-21,46.5,48.45000076293945,46.29999923706055,48.150001525878906,27.505319595336914,87900,0.0
2001-09-24,49.349998474121094,50.029998779296875,49.029998779296875,49.689998626708984,28.385042190551758,150200,0.0
2001-09-25,50.0,50.25,49.349998474121094,50.099998474121094,28.619239807128906,53400,0.0
2001-09-26,50.75,50.75,49.45000076293945,49.630001068115234,28.350767135620117,57700,0.0
2001-09-27,50.099998474121094,50.400001525878906,49.220001220703125,50.099998474121094,28.619239807128906,41800,0.0
2001-09-28,51.0,51.70000076293945,50.95000076293945,51.650001525878906,29.504655838012695,64300,0.0
2001-10-01,51.459999084472656,51.540000915527344,50.70000076293945,51.45000076293945,29.390426635742188,56400,0.0
2001-10-02,51.290000915527344,51.900001525878906,51.099998474121094,51.79999923706055,29.732528686523438,151000,0.246
2001-10-03,51.65999984741211,53.040000915527344,51.59000015258789,52.90999984741211,30.36964988708496,106000,0.0
2001-10-04,53.16999816894531,53.4900016784668,52.70000076293945,52.79999923706055,30.306489944458008,86900,0.0
2001-10-05,52.9900016784668,52.9900016784668,52.0099983215332,52.56999969482422,30.174495697021484,38400,0.0
2001-10-08,52.2400016784668,52.279998779296875,51.63999938964844,51.86000061035156,29.76694107055664,19100,0.0
2001-10-09,51.900001525878906,52.099998474121094,51.65999984741211,51.75,29.703815460205078,70100,0.0
2001-10-10,51.90999984741211,53.189998626708984,51.90999984741211,53.189998626708984,30.53034782409668,37400,0.0
2001-10-11,53.400001525878906,54.15999984741211,53.400001525878906,53.83000183105469,30.897722244262695,47900,0.0
2001-10-12,53.630001068115234,53.77000045776367,52.63999938964844,53.650001525878906,30.794401168823242,50000,0.0
2001-10-15,53.04999923706055,53.540000915527344,52.900001525878906,53.45000076293945,30.679597854614258,33700,0.0
2001-10-16,53.560001373291016,54.0,53.41999816894531,53.91999816894531,30.94936752319336,45500,0.0
2001-10-17,54.20000076293945,54.29999923706055,52.939998626708984,52.95000076293945,30.392589569091797,30100,0.0
2001-10-18,52.70000076293945,52.880001068115234,51.90999984741211,52.08000183105469,29.89324188232422,44100,0.0
2001-10-19,52.09000015258789,52.2599983215332,51.34000015258789,52.2599983215332,29.996557235717773,47500,0.0
2001-10-22,52.06999969482422,53.02000045776367,52.040000915527344,52.81999969482422,30.317975997924805,113000,0.0
2001-10-23,53.04999923706055,53.45000076293945,52.709999084472656,52.880001068115234,30.352415084838867,47700,0.0
2001-10-24,52.95000076293945,52.95000076293945,52.369998931884766,52.56999969482422,30.174495697021484,25300,0.0
2001-10-25,52.25,53.34000015258789,51.79999923706055,53.34000015258789,30.616453170776367,78000,0.0
2001-10-26,53.119998931884766,54.0099983215332,53.119998931884766,53.630001068115234,30.782915115356445,28000,0.0
2001-10-29,53.70000076293945,53.70000076293945,52.47999954223633,52.54999923706055,30.163009643554688,63700,0.0
2001-10-30,52.150001525878906,52.150001525878906,51.25,51.63999938964844,29.64068031311035,38300,0.0
2001-10-31,51.939998626708984,52.2400016784668,51.34000015258789,51.459999084472656,29.537364959716797,24100,0.0
2001-11-01,51.5,52.599998474121094,51.15999984741211,52.529998779296875,30.151517868041992,24700,0.0
2001-11-02,52.2599983215332,52.72999954223633,52.029998779296875,52.599998474121094,30.19168472290039,38600,0.0
2001-11-05,53.31999969482422,53.540000915527344,53.08000183105469,53.310001373291016,30.599233627319336,51200,0.0
2001-11-06,53.209999084472656,54.0099983215332,52.939998626708984,53.84000015258789,30.90345573425293,42700,0.0
2001-11-07,53.83000183105469,54.27000045776367,53.66999816894531,53.720001220703125,30.834558486938477,59600,0.0
2001-11-08,54.11000061035156,54.790000915527344,53.95000076293945,54.29999923706055,31.16749382019043,69000,0.0
2001-11-09,53.880001068115234,54.36000061035156,53.65999984741211,54.2400016784668,31.133039474487305,55800,0.0
2001-11-12,53.150001525878906,54.15999984741211,53.06999969482422,54.029998779296875,31.012514114379883,80700,0.0
2001-11-13,54.7400016784668,55.15999984741211,54.540000915527344,55.02000045776367,31.58075714111328,159500,0.0
2001-11-14,55.59000015258789,55.59000015258789,54.7599983215332,55.119998931884766,31.638160705566406,60800,0.0
2001-11-15,55.08000183105469,55.16999816894531,54.599998474121094,54.779998779296875,31.44300651550293,65500,0.0
2001-11-16,54.849998474121094,55.029998779296875,54.45000076293945,54.88999938964844,31.506147384643555,87500,0.0
2001-11-19,55.0,55.40999984741211,54.900001525878906,55.400001525878906,31.798871994018555,70900,0.0
2001-11-20,55.34000015258789,55.59000015258789,55.040000915527344,55.16999816894531,31.666847229003906,45800,0.0
2001-11-21,55.119998931884766,55.119998931884766,54.439998626708984,54.72999954223633,31.414295196533203,71600,0.0
2001-11-23,54.5,55.52000045776367,54.5,55.439998626708984,31.821828842163086,47000,0.0
2001-11-26,55.560001373291016,55.72999954223633,55.060001373291016,55.599998474121094,31.913660049438477,51100,0.0
2001-11-27,55.47999954223633,55.9900016784668,55.099998474121094,55.33000183105469,31.75870132446289,53600,0.0
2001-11-28,55.29999923706055,55.29999923706055,54.25,54.36000061035156,31.201923370361328,77400,0.0
2001-11-29,54.56999969482422,54.849998474121094,54.119998931884766,54.810001373291016,31.460214614868164,104300,0.0
2001-11-30,54.70000076293945,54.95000076293945,54.45000076293945,54.52000045776367,31.29375648498535,83900,0.0
2001-12-03,54.099998474121094,54.4900016784668,53.880001068115234,54.27000045776367,31.150251388549805,64800,0.0
2001-12-04,54.25,55.0,54.099998474121094,54.81999969482422,31.4659481048584,88400,0.0
2001-12-05,55.29999923706055,56.560001373291016,55.29999923706055,56.45000076293945,32.40156173706055,111600,0.0
2001-12-06,56.349998474121094,56.599998474121094,56.099998474121094,56.290000915527344,32.30970764160156,121100,0.0
2001-12-07,56.060001373291016,56.209999084472656,55.5099983215332,55.93000030517578,32.10307693481445,82000,0.0
2001-12-10,55.650001525878906,55.7599983215332,54.720001220703125,54.869998931884766,31.49463653564453,70700,0.0
2001-12-11,55.0099983215332,55.31999969482422,54.540000915527344,54.560001373291016,31.316709518432617,81500,0.0
2001-12-12,54.88999938964844,54.91999816894531,54.290000915527344,54.7599983215332,31.4315185546875,56000,0.0
2001-12-13,54.11000061035156,54.279998779296875,53.75,53.75,30.851791381835938,77900,0.0
2001-12-14,53.86000061035156,54.099998474121094,53.459999084472656,53.77000045776367,30.863271713256836,115100,0.0
2001-12-17,53.83000183105469,54.2599983215332,53.650001525878906,54.04999923706055,31.1380672454834,111300,0.197
2001-12-18,54.34000015258789,54.56999969482422,54.11000061035156,54.41999816894531,31.351224899291992,102500,0.0
2001-12-19,54.0,54.93000030517578,54.0,54.77000045776367,31.552875518798828,99800,0.0
2001-12-20,54.65999984741211,55.0,54.40999984741211,54.5099983215332,31.403078079223633,137500,0.0
2001-12-21,54.560001373291016,54.83000183105469,54.29999923706055,54.38999938964844,31.333951950073242,147100,0.0
2001-12-24,54.40999984741211,54.7400016784668,54.40999984741211,54.70000076293945,31.512542724609375,93400,0.0
2001-12-26,54.470001220703125,55.27000045776367,54.470001220703125,54.959999084472656,31.662321090698242,228600,0.0
2001-12-27,54.959999084472656,55.38999938964844,54.86000061035156,55.27000045776367,31.840906143188477,92500,0.0
2001-12-28,55.59000015258789,55.849998474121094,55.439998626708984,55.619998931884766,32.04254913330078,84300,0.0
2001-12-31,55.54999923706055,55.849998474121094,55.279998779296875,55.279998779296875,31.846677780151367,120600,0.0
2002-01-02,55.36000061035156,55.4900016784668,54.650001525878906,55.4900016784668,31.9676456451416,121700,0.0
2002-01-03,55.4900016784668,55.90999984741211,55.38999938964844,55.900001525878906,32.20384216308594,61400,0.0
2002-01-04,56.06999969482422,56.599998474121094,56.0,56.599998474121094,32.607120513916016,82500,0.0
2002-01-07,56.400001525878906,56.77000045776367,56.279998779296875,56.41999816894531,32.50341033935547,80700,0.0
2002-01-08,56.47999954223633,56.47999954223633,55.65999984741211,55.84000015258789,32.169288635253906,92000,0.0
2002-01-09,56.04999923706055,56.400001525878906,55.349998474121094,55.4900016784668,31.9676456451416,99800,0.0
2002-01-10,55.619998931884766,55.779998779296875,55.369998931884766,55.59000015258789,32.02524948120117,64500,0.0
2002-01-11,55.5,55.650001525878906,54.849998474121094,54.900001525878906,31.627761840820312,58200,0.0
2002-01-14,54.65999984741211,54.83000183105469,54.33000183105469,54.400001525878906,31.33969497680664,100300,0.0
2002-01-15,54.630001068115234,55.02000045776367,54.369998931884766,54.880001068115234,31.616239547729492,69500,0.0
2002-01-16,54.61000061035156,54.61000061035156,53.720001220703125,53.79999923706055,30.994050979614258,67200,0.0
2002-01-17,54.09000015258789,54.25,53.900001525878906,54.060001373291016,31.14383888244629,58600,0.0
2002-01-18,54.0,54.13999938964844,53.720001220703125,53.93000030517578,31.068939208984375,54300,0.0
2002-01-22,54.2599983215332,54.279998779296875,53.349998474121094,53.52000045776367,30.832731246948242,58900,0.0
2002-01-23,53.650001525878906,54.130001068115234,53.27000045776367,53.970001220703125,31.091995239257812,32800,0.0
2002-01-24,53.95000076293945,54.58000183105469,53.95000076293945,54.25,31.2532901763916,58100,0.0
2002-01-25,54.209999084472656,54.66999816894531,54.209999084472656,54.38999938964844,31.333951950073242,32800,0.0
2002-01-28,54.54999923706055,54.61000061035156,54.0,54.27000045776367,31.264793395996094,77400,0.0
2002-01-29,54.29999923706055,54.459999084472656,52.349998474121094,52.349998474121094,30.158706665039062,271400,0.0
2002-01-30,52.33000183105469,52.95000076293945,51.02000045776367,52.72999954223633,30.377614974975586,123200,0.0
2002-01-31,53.150001525878906,53.75,53.04999923706055,53.720001220703125,30.947946548461914,68400,0.0
2002-02-01,53.689998626708984,53.709999084472656,53.209999084472656,53.40999984741211,30.76935577392578,76600,0.0
2002-02-04,52.79999923706055,52.880001068115234,51.599998474121094,51.70000076293945,29.78424835205078,79700,0.0
2002-02-05,51.599998474121094,51.7400016784668,50.900001525878906,51.22999954223633,29.51348304748535,81500,0.0
2002-02-06,51.11000061035156,51.4900016784668,50.599998474121094,50.900001525878906,29.3233699798584,129000,0.0
2002-02-07,50.83000183105469,51.65999984741211,50.83000183105469,51.18000030517578,29.484663009643555,51600,0.0
2002-02-08,51.540000915527344,52.18000030517578,51.4900016784668,52.18000030517578,30.060773849487305,59000,0.0
2002-02-11,52.0099983215332,52.959999084472656,51.95000076293945,52.959999084472656,30.510112762451172,297900,0.0
2002-02-12,52.65999984741211,52.869998931884766,52.400001525878906,52.63999938964844,30.325769424438477,28900,0.0
2002-02-13,52.61000061035156,53.22999954223633,52.59000015258789,53.08000183105469,30.579261779785156,51600,0.0
2002-02-14,53.25,53.38999938964844,52.790000915527344,53.029998779296875,30.550453186035156,30000,0.0
2002-02-15,53.08000183105469,53.099998474121094,52.4900016784668,52.4900016784668,30.239356994628906,42700,0.0
2002-02-19,52.13999938964844,52.16999816894531,51.47999954223633,51.4900016784668,29.663257598876953,29400,0.0
2002-02-20,51.63999938964844,52.18000030517578,50.95000076293945,52.18000030517578,30.060773849487305,29900,0.0
2002-02-21,51.79999923706055,52.34000015258789,51.560001373291016,51.56999969482422,29.709341049194336,34600,0.0
2002-02-22,51.33000183105469,51.97999954223633,51.13999938964844,51.88999938964844,29.893701553344727,25000,0.0
2002-02-25,52.34000015258789,53.09000015258789,52.18000030517578,52.959999084472656,30.510112762451172,81700,0.0
2002-02-26,53.040000915527344,53.27000045776367,52.70000076293945,53.0,30.533178329467773,33500,0.0
2002-02-27,53.34000015258789,53.779998779296875,52.91999816894531,53.22999954223633,30.665664672851562,56600,0.0
2002-02-28,53.5,53.93000030517578,53.290000915527344,53.349998474121094,30.734798431396484,48900,0.0
2002-03-01,53.54999923706055,54.31999969482422,53.439998626708984,54.25,31.2532901763916,40600,0.0
2002-03-04,54.63999938964844,55.810001373291016,54.58000183105469,55.66999816894531,32.071353912353516,168300,0.0
2002-03-05,55.52000045776367,55.91999816894531,55.349998474121094,55.52000045776367,31.98493766784668,178800,0.0
2002-03-06,55.58000183105469,56.630001068115234,55.529998779296875,56.540000915527344,32.572547912597656,56300,0.0
2002-03-07,56.65999984741211,56.68000030517578,55.83000183105469,56.18000030517578,32.365169525146484,117600,0.0
2002-03-08,56.720001220703125,56.869998931884766,56.20000076293945,56.369998931884766,32.47462463378906,65700,0.0
2002-03-11,56.220001220703125,56.77000045776367,55.95000076293945,56.58000183105469,32.694759368896484,55400,0.171
2002-03-12,56.04999923706055,56.459999084472656,55.779998779296875,56.380001068115234,32.57920837402344,51100,0.0
2002-03-13,56.150001525878906,56.22999954223633,55.63999938964844,55.869998931884766,32.28450393676758,51000,0.0
2002-03-14,55.97999954223633,56.02000045776367,55.63999938964844,55.869998931884766,32.28450393676758,118300,0.0
2002-03-15,56.13999938964844,56.529998779296875,56.119998931884766,56.380001068115234,32.57920837402344,34600,0.0
2002-03-18,56.59000015258789,56.84000015258789,56.150001525878906,56.560001373291016,32.6832275390625,65000,0.0
2002-03-19,56.86000061035156,56.939998626708984,56.529998779296875,56.790000915527344,32.816139221191406,59200,0.0
2002-03-20,56.40999984741211,56.599998474121094,56.09000015258789,56.11000061035156,32.423187255859375,319400,0.0
2002-03-21,55.900001525878906,56.119998931884766,55.41999816894531,55.90999984741211,32.307613372802734,90100,0.0
2002-03-22,55.790000915527344,56.08000183105469,55.5,55.560001373291016,32.10537338256836,49600,0.0
2002-03-25,55.70000076293945,55.7400016784668,54.849998474121094,54.849998474121094,31.69509506225586,51400,0.0
2002-03-26,54.88999938964844,55.65999984741211,54.88999938964844,55.2400016784668,31.92046546936035,82600,0.0
2002-03-27,55.33000183105469,55.849998474121094,55.2599983215332,55.77000045776367,32.22671890258789,105900,0.0
2002-03-28,55.75,56.29999923706055,55.75,55.93000030517578,32.319175720214844,79000,0.0
2002-04-01,55.52000045776367,55.779998779296875,55.029998779296875,55.65999984741211,32.16315460205078,50700,0.0
2002-04-02,55.40999984741211,55.77000045776367,55.290000915527344,55.5,32.070701599121094,53200,0.0
2002-04-03,55.5,55.61000061035156,54.70000076293945,54.959999084472656,31.7586669921875,42000,0.0
2002-04-04,55.0,55.29999923706055,54.68000030517578,55.029998779296875,31.799116134643555,66800,0.0
2002-04-05,55.279998779296875,55.40999984741211,54.79999923706055,55.06999969482422,31.82222557067871,54400,0.0
2002-04-08,54.79999923706055,55.290000915527344,54.75,55.2599983215332,31.93199920654297,44900,0.0
2002-04-09,55.279998779296875,55.45000076293945,54.91999816894531,55.040000915527344,31.804874420166016,73600,0.0
2002-04-10,55.0,55.54999923706055,54.9900016784668,55.40999984741211,32.01868438720703,77900,0.0
2002-04-11,55.29999923706055,55.29999923706055,54.08000183105469,54.220001220703125,31.3310489654541,45500,0.0
2002-04-12,54.34000015258789,54.560001373291016,54.06999969482422,54.33000183105469,31.394617080688477,542300,0.0
2002-04-15,54.47999954223633,54.599998474121094,54.02000045776367,54.11000061035156,31.267478942871094,330900,0.0
2002-04-16,54.65999984741211,55.560001373291016,54.65999984741211,55.5099983215332,32.076473236083984,295300,0.0
2002-04-17,55.5099983215332,55.88999938964844,55.5099983215332,55.66999816894531,32.16893768310547,409300,0.0
2002-04-18,55.709999084472656,55.709999084472656,54.54999923706055,55.45000076293945,32.041812896728516,425900,0.0
2002-04-19,55.45000076293945,55.47999954223633,55.189998626708984,55.380001068115234,32.0013542175293,413200,0.0
2002-04-22,55.0,55.0099983215332,54.369998931884766,54.5,31.492839813232422,250600,0.0
2002-04-23,54.41999816894531,54.650001525878906,54.11000061035156,54.189998626708984,31.313709259033203,286700,0.0
2002-04-24,54.279998779296875,54.540000915527344,53.75,53.75,31.059452056884766,267300,0.0
2002-04-25,53.43000030517578,53.65999984741211,53.20000076293945,53.650001525878906,31.001665115356445,64900,0.0
2002-04-26,53.72999954223633,53.869998931884766,52.900001525878906,52.900001525878906,30.568296432495117,64900,0.0
2002-04-29,53.0,53.13999938964844,52.209999084472656,52.209999084472656,30.1695499420166,421400,0.0
2002-04-30,52.560001373291016,53.40999984741211,52.349998474121094,53.04999923706055,30.654966354370117,343800,0.0
2002-05-01,53.060001373291016,53.720001220703125,52.59000015258789,53.59000015258789,30.966991424560547,64000,0.0
2002-05-02,53.52000045776367,53.84000015258789,53.5099983215332,53.7599983215332,31.065223693847656,89300,0.0
2002-05-03,53.70000076293945,53.70000076293945,53.18000030517578,53.56999969482422,30.95547103881836,77600,0.0
2002-05-06,53.380001068115234,53.58000183105469,52.2599983215332,52.2599983215332,30.198455810546875,67300,0.0
2002-05-07,52.70000076293945,52.849998474121094,52.150001525878906,52.150001525878906,30.134902954101562,80800,0.0
2002-05-08,53.130001068115234,53.849998474121094,53.130001068115234,53.68000030517578,31.019018173217773,79600,0.0
2002-05-09,53.560001373291016,53.68000030517578,53.11000061035156,53.220001220703125,30.753192901611328,94600,0.0
2002-05-10,53.34000015258789,53.34000015258789,52.33000183105469,52.380001068115234,30.26780891418457,63700,0.0
2002-05-13,52.439998626708984,53.31999969482422,52.380001068115234,53.20000076293945,30.74163055419922,47600,0.0
2002-05-14,53.95000076293945,54.279998779296875,53.7400016784668,54.25,31.348379135131836,45300,0.0
2002-05-15,54.0,54.630001068115234,53.9900016784668,54.099998474121094,31.261703491210938,65600,0.0
2002-05-16,54.25,54.54999923706055,54.189998626708984,54.400001525878906,31.43505859375,48800,0.0
2002-05-17,54.599998474121094,54.619998931884766,54.189998626708984,54.619998931884766,31.562192916870117,88000,0.0
2002-05-20,54.2599983215332,54.279998779296875,53.88999938964844,54.060001373291016,31.23859405517578,158600,0.0
2002-05-21,54.25,54.5,53.560001373291016,53.66999816894531,31.01324462890625,98800,0.0
2002-05-22,53.560001373291016,53.90999984741211,53.38999938964844,53.90999984741211,31.151912689208984,64900,0.0
2002-05-23,54.08000183105469,54.56999969482422,53.720001220703125,54.56999969482422,31.53329849243164,116200,0.0
2002-05-24,54.529998779296875,54.56999969482422,53.91999816894531,53.97999954223633,31.19236946105957,236000,0.0
2002-05-28,54.119998931884766,54.119998931884766,53.400001525878906,53.68000030517578,31.019018173217773,157500,0.0
2002-05-29,53.38999938964844,53.529998779296875,53.11000061035156,53.34000015258789,30.82254409790039,88900,0.0
2002-05-30,52.939998626708984,53.31999969482422,52.5099983215332,53.099998474121094,30.68385124206543,185400,0.0
2002-05-31,53.119998931884766,53.77000045776367,53.119998931884766,53.15999984741211,30.71851921081543,47100,0.0
2002-06-03,53.2599983215332,53.349998474121094,51.810001373291016,51.810001373291016,29.93843650817871,158900,0.0
2002-06-04,51.650001525878906,52.040000915527344,51.40999984741211,51.75,29.903764724731445,212100,0.0
2002-06-05,51.65999984741211,52.220001220703125,51.65999984741211,52.04999923706055,30.077102661132812,82800,0.0
2002-06-06,52.13999938964844,52.150001525878906,50.91999816894531,51.0,29.470369338989258,97900,0.0
2002-06-07,50.5099983215332,51.470001220703125,50.45000076293945,51.16999816894531,29.568593978881836,78300,0.0
2002-06-10,51.29999923706055,51.56999969482422,50.91999816894531,51.15999984741211,29.56282615661621,58700,0.0
2002-06-11,51.43000030517578,51.689998626708984,50.40999984741211,50.540000915527344,29.204551696777344,112600,0.0
2002-06-12,50.5,50.810001373291016,49.93000030517578,50.779998779296875,29.343246459960938,130100,0.0
2002-06-13,50.400001525878906,50.900001525878906,50.09000015258789,50.15999984741211,28.984973907470703,136400,0.0
2002-06-14,49.459999084472656,50.09000015258789,48.65999984741211,49.970001220703125,28.87518882751465,205000,0.0
2002-06-17,50.279998779296875,51.470001220703125,50.279998779296875,51.470001220703125,29.86147689819336,179200,0.2
2002-06-18,51.310001373291016,51.709999084472656,51.20000076293945,51.619998931884766,29.94849967956543,121900,0.0
2002-06-19,51.369998931884766,51.54999923706055,50.599998474121094,50.7599983215332,29.449548721313477,105100,0.0
2002-06-20,50.880001068115234,51.02000045776367,50.029998779296875,50.060001373291016,29.043441772460938,172200,0.0
2002-06-21,49.779998779296875,50.220001220703125,49.40999984741211,49.79999923706055,28.892597198486328,277600,0.0
2002-06-24,49.599998474121094,50.099998474121094,48.66999816894531,49.4900016784668,28.71274185180664,480500,0.0
2002-06-25,50.099998474121094,50.189998626708984,48.849998474121094,49.09000015258789,28.48066520690918,688200,0.0
2002-06-26,47.650001525878906,48.45000076293945,47.52000045776367,48.290000915527344,28.016530990600586,757300,0.0
2002-06-27,48.75,49.060001373291016,47.79999923706055,49.060001373291016,28.46326446533203,737700,0.0
2002-06-28,48.93000030517578,49.88999938964844,48.93000030517578,49.599998474121094,28.776559829711914,130500,0.0
2002-07-01,49.75,49.81999969482422,48.619998931884766,48.689998626708984,28.24860382080078,94500,0.0
2002-07-02,48.470001220703125,48.54999923706055,47.33000183105469,47.630001068115234,27.63361930847168,98900,0.0
2002-07-03,47.4900016784668,47.79999923706055,46.95000076293945,47.72999954223633,27.691631317138672,84700,0.0
2002-07-05,48.150001525878906,49.34000015258789,48.150001525878906,49.34000015258789,28.625701904296875,23100,0.0
2002-07-08,49.5,49.5,48.790000915527344,49.0,28.428443908691406,65200,0.0
2002-07-09,48.75,49.20000076293945,47.81999969482422,47.91999816894531,27.801868438720703,98000,0.0
2002-07-10,48.150001525878906,48.2400016784668,46.0099983215332,46.0099983215332,26.693748474121094,202900,0.0
2002-07-11,46.04999923706055,46.599998474121094,45.25,46.56999969482422,27.018644332885742,144800,0.0
2002-07-12,46.70000076293945,46.70000076293945,45.58000183105469,45.869998931884766,26.612516403198242,53700,0.0
2002-07-15,45.25,45.75,43.709999084472656,45.720001220703125,26.525497436523438,416600,0.0
2002-07-16,45.29999923706055,45.689998626708984,44.47999954223633,44.900001525878906,26.049741744995117,112600,0.0
2002-07-17,46.119998931884766,46.119998931884766,44.380001068115234,44.7599983215332,25.968523025512695,86900,0.0
2002-07-18,44.849998474121094,44.91999816894531,43.61000061035156,43.65999984741211,25.33032989501953,61800,0.0
2002-07-19,42.939998626708984,43.34000015258789,41.650001525878906,42.0,24.367238998413086,512500,0.0
2002-07-22,41.45000076293945,42.0,39.75,40.20000076293945,23.32292366027832,258800,0.0
2002-07-23,40.25,40.59000015258789,38.380001068115234,38.380001068115234,22.26702117919922,297200,0.0
2002-07-24,37.06999969482422,40.880001068115234,37.06999969482422,40.880001068115234,23.717453002929688,180800,0.0
2002-07-25,40.220001220703125,41.34000015258789,39.52000045776367,40.63999938964844,23.578210830688477,96800,0.0
2002-07-26,40.900001525878906,41.29999923706055,40.459999084472656,41.29999923706055,23.96112823486328,167700,0.0
2002-07-29,42.349998474121094,43.650001525878906,42.09000015258789,43.61000061035156,25.30133056640625,150600,0.0
2002-07-30,43.20000076293945,44.16999816894531,42.79999923706055,43.70000076293945,25.35354232788086,159300,0.0
2002-07-31,43.81999969482422,44.310001373291016,43.36000061035156,44.20000076293945,25.643627166748047,108100,0.0
2002-08-01,44.150001525878906,44.15999984741211,42.849998474121094,42.849998474121094,24.860397338867188,142500,0.0
2002-08-02,42.900001525878906,42.900001525878906,41.400001525878906,41.86000061035156,24.286008834838867,91300,0.0
2002-08-05,41.70000076293945,41.84000015258789,40.209999084472656,40.290000915527344,23.375152587890625,74400,0.0
2002-08-06,41.0,42.369998931884766,41.0,41.66999816894531,24.1757869720459,224600,0.0
2002-08-07,42.599998474121094,42.61000061035156,41.13999938964844,42.15999984741211,24.460073471069336,87000,0.0
2002-08-08,42.400001525878906,43.939998626708984,42.34000015258789,43.939998626708984,25.49277114868164,140200,0.0
2002-08-09,43.20000076293945,44.40999984741211,43.0099983215332,44.11000061035156,25.591400146484375,101500,0.0
2002-08-12,43.27000045776367,44.06999969482422,43.16999816894531,43.83000183105469,25.428953170776367,115800,0.0
2002-08-13,43.68000030517578,44.13999938964844,42.75,42.75,24.802379608154297,146700,0.0
2002-08-14,43.08000183105469,44.54999923706055,42.43000030517578,44.47999954223633,25.806068420410156,145000,0.0
2002-08-15,44.75,45.15999984741211,44.439998626708984,45.119998931884766,26.177387237548828,111000,0.0
2002-08-16,44.70000076293945,45.27000045776367,44.41999816894531,44.9900016784668,26.101972579956055,118800,0.0
2002-08-19,45.04999923706055,46.20000076293945,44.97999954223633,46.11000061035156,26.751754760742188,100000,0.0
2002-08-20,45.900001525878906,45.900001525878906,45.0,45.439998626708984,26.3630428314209,327000,0.0
2002-08-21,45.79999923706055,46.119998931884766,45.08000183105469,46.02000045776367,26.699554443359375,127300,0.0
2002-08-22,46.25,46.849998474121094,45.79999923706055,46.58000183105469,27.024433135986328,80300,0.0
2002-08-23,46.400001525878906,46.849998474121094,45.41999816894531,45.58000183105469,26.44427490234375,58400,0.0
2002-08-26,45.75,46.279998779296875,45.119998931884766,46.02000045776367,26.699554443359375,66400,0.0
2002-08-27,46.61000061035156,46.61000061035156,45.349998474121094,45.65999984741211,26.49066925048828,86400,0.0
2002-08-28,45.27000045776367,45.31999969482422,44.349998474121094,44.630001068115234,25.893096923828125,126200,0.0
2002-08-29,44.13999938964844,44.900001525878906,43.880001068115234,44.529998779296875,25.8350830078125,45200,0.0
2002-08-30,44.34000015258789,45.2400016784668,44.279998779296875,44.63999938964844,25.89889144897461,51500,0.0
2002-09-03,43.880001068115234,43.880001068115234,42.439998626708984,42.439998626708984,24.622520446777344,99500,0.0
2002-09-04,42.79999923706055,43.5099983215332,42.529998779296875,43.25,25.092453002929688,112200,0.0
2002-09-05,42.70000076293945,43.11000061035156,42.16999816894531,42.75,24.802379608154297,49500,0.0
2002-09-06,43.5,43.72999954223633,43.130001068115234,43.5099983215332,25.243309020996094,83500,0.0
2002-09-09,43.29999923706055,44.099998474121094,42.75,43.97999954223633,25.515979766845703,42100,0.0
2002-09-10,44.150001525878906,44.150001525878906,43.68000030517578,44.04999923706055,25.556589126586914,53300,0.0
2002-09-11,44.97999954223633,44.9900016784668,44.060001373291016,44.11000061035156,25.591400146484375,63300,0.0
2002-09-12,43.97999954223633,43.97999954223633,42.97999954223633,43.150001525878906,25.034440994262695,49700,0.0
2002-09-13,42.900001525878906,43.310001373291016,42.5099983215332,43.02000045776367,24.959022521972656,50700,0.0
2002-09-16,42.77000045776367,42.900001525878906,42.209999084472656,42.84000015258789,24.978845596313477,40600,0.214
2002-09-17,43.400001525878906,43.400001525878906,41.86000061035156,41.97999954223633,24.477399826049805,55400,0.0
2002-09-18,41.720001220703125,42.189998626708984,41.08000183105469,41.810001373291016,24.378278732299805,68400,0.0
2002-09-19,40.79999923706055,41.279998779296875,40.380001068115234,40.38999938964844,23.550302505493164,110300,0.0
2002-09-20,40.349998474121094,40.56999969482422,40.08000183105469,40.54999923706055,23.64360237121582,72600,0.0
2002-09-23,40.0,40.220001220703125,39.47999954223633,40.04999923706055,23.352060317993164,207800,0.0
2002-09-24,39.349998474121094,39.939998626708984,39.0,39.04999923706055,22.769006729125977,101600,0.0
2002-09-25,39.849998474121094,40.27000045776367,38.900001525878906,39.95000076293945,23.29376220703125,135300,0.0
2002-09-26,40.5,41.040000915527344,40.310001373291016,40.97999954223633,23.89432716369629,133200,0.0
2002-09-27,40.77000045776367,41.04999923706055,39.65999984741211,39.790000915527344,23.20047378540039,89900,0.0
2002-09-30,38.900001525878906,39.779998779296875,38.40999984741211,39.41999816894531,22.9847354888916,151200,0.0
2002-10-01,39.79999923706055,40.93000030517578,39.13999938964844,40.93000030517578,23.86516761779785,78500,0.0
2002-10-02,40.5,40.900001525878906,39.560001373291016,39.75,23.177152633666992,58100,0.0
2002-10-03,39.91999816894531,40.310001373291016,39.060001373291016,39.18000030517578,22.844810485839844,50100,0.0
2002-10-04,39.400001525878906,39.400001525878906,37.84000015258789,38.279998779296875,22.320026397705078,99800,0.0
2002-10-07,38.150001525878906,38.31999969482422,37.0099983215332,37.20000076293945,21.69031524658203,72000,0.0
2002-10-08,37.54999923706055,38.11000061035156,36.61000061035156,37.63999938964844,21.946870803833008,50400,0.0
2002-10-09,36.75,37.2400016784668,36.150001525878906,36.279998779296875,21.153884887695312,72100,0.0
2002-10-10,36.529998779296875,38.13999938964844,35.90999984741211,38.040000915527344,22.180099487304688,102300,0.0
2002-10-11,38.900001525878906,40.189998626708984,38.81999969482422,39.5099983215332,23.037212371826172,132000,0.0
2002-10-14,39.45000076293945,39.869998931884766,39.20000076293945,39.689998626708984,23.142152786254883,75200,0.0
2002-10-15,41.20000076293945,41.900001525878906,41.04999923706055,41.900001525878906,24.43075180053711,121500,0.0
2002-10-16,41.400001525878906,41.70000076293945,40.709999084472656,40.9900016784668,23.90015983581543,118100,0.0
2002-10-17,42.349998474121094,42.349998474121094,41.63999938964844,41.95000076293945,24.45991325378418,92200,0.0
2002-10-18,41.540000915527344,42.220001220703125,41.13999938964844,41.79999923706055,24.3724422454834,170700,0.0
2002-10-21,41.79999923706055,42.9900016784668,41.540000915527344,42.93000030517578,25.031326293945312,99700,0.0
2002-10-22,42.470001220703125,42.9900016784668,42.290000915527344,42.619998931884766,24.850576400756836,97900,0.0
2002-10-23,42.349998474121094,42.9900016784668,41.70000076293945,42.9900016784668,25.06630516052246,95000,0.0
2002-10-24,43.4900016784668,43.4900016784668,42.20000076293945,42.33000183105469,24.681486129760742,127500,0.0
2002-10-25,42.150001525878906,43.189998626708984,42.0,43.189998626708984,25.18292236328125,145700,0.0
2002-10-28,43.650001525878906,43.689998626708984,42.72999954223633,42.779998779296875,24.943851470947266,389500,0.0
2002-10-29,42.650001525878906,42.720001220703125,41.59000015258789,42.34000015258789,24.68731117248535,226300,0.0
2002-10-30,42.470001220703125,43.08000183105469,42.2400016784668,42.79999923706055,24.955530166625977,76900,0.0
2002-10-31,43.18000030517578,43.34000015258789,42.27000045776367,42.59000015258789,24.83307647705078,84000,0.0
2002-11-01,42.349998474121094,43.630001068115234,42.22999954223633,43.459999084472656,25.340349197387695,99800,0.0
2002-11-04,44.099998474121094,44.75,43.75,43.900001525878906,25.59690284729004,179800,0.0
2002-11-05,43.93000030517578,44.34000015258789,43.77000045776367,44.310001373291016,25.835975646972656,127100,0.0
2002-11-06,44.470001220703125,44.79999923706055,43.70000076293945,44.79999923706055,26.121665954589844,223400,0.0
2002-11-07,44.400001525878906,44.400001525878906,43.099998474121094,43.369998931884766,25.287872314453125,438700,0.0
2002-11-08,43.45000076293945,43.84000015258789,42.79999923706055,42.93000030517578,25.031326293945312,312600,0.0
2002-11-11,42.95000076293945,42.95000076293945,41.849998474121094,42.189998626708984,24.599836349487305,155800,0.0
2002-11-12,42.5099983215332,42.959999084472656,42.209999084472656,42.5,24.780611038208008,212700,0.0
2002-11-13,42.29999923706055,42.810001373291016,41.7599983215332,42.2599983215332,24.640670776367188,169300,0.0
2002-11-14,43.09000015258789,43.310001373291016,42.810001373291016,43.29999923706055,25.2470645904541,183900,0.0
2002-11-15,43.150001525878906,43.83000183105469,42.88999938964844,43.79999923706055,25.538593292236328,101100,0.0
2002-11-18,44.150001525878906,44.16999816894531,43.18000030517578,43.209999084472656,25.194576263427734,159400,0.0
2002-11-19,43.29999923706055,43.63999938964844,43.0,43.099998474121094,25.130456924438477,101300,0.0
2002-11-20,43.220001220703125,44.189998626708984,43.220001220703125,44.04999923706055,25.68436622619629,121900,0.0
2002-11-21,44.439998626708984,45.38999938964844,44.439998626708984,45.279998779296875,26.40154266357422,181900,0.0
2002-11-22,44.86000061035156,45.540000915527344,44.86000061035156,45.150001525878906,26.32573890686035,113400,0.0
2002-11-25,45.150001525878906,45.59000015258789,44.7599983215332,45.34000015258789,26.43653106689453,112100,0.0
2002-11-26,44.7400016784668,45.06999969482422,44.18000030517578,44.2599983215332,25.806798934936523,208100,0.0
2002-11-27,44.349998474121094,45.70000076293945,44.349998474121094,45.66999816894531,26.628936767578125,141800,0.0
2002-11-29,45.79999923706055,45.79999923706055,45.310001373291016,45.310001373291016,26.419021606445312,64500,0.0
2002-12-02,46.29999923706055,46.439998626708984,45.099998474121094,45.40999984741211,26.477346420288086,233100,0.0
2002-12-03,45.15999984741211,45.16999816894531,44.5,44.54999923706055,25.97589683532715,85800,0.0
2002-12-04,44.0099983215332,44.779998779296875,44.0099983215332,44.40999984741211,25.894277572631836,124900,0.0
2002-12-05,44.5,44.5,43.709999084472656,44.02000045776367,25.66687774658203,414200,0.0
2002-12-06,43.16999816894531,44.41999816894531,43.15999984741211,44.20000076293945,25.77182388305664,102900,0.0
2002-12-09,43.75,44.08000183105469,43.099998474121094,43.099998474121094,25.130456924438477,247300,0.0
2002-12-10,43.45000076293945,43.84000015258789,43.08000183105469,43.689998626708984,25.474449157714844,147400,0.0
2002-12-11,43.52000045776367,44.040000915527344,43.439998626708984,43.75,25.509429931640625,392600,0.0
2002-12-12,43.849998474121094,44.11000061035156,43.5,43.84000015258789,25.561922073364258,133200,0.0
2002-12-13,43.599998474121094,43.720001220703125,43.099998474121094,43.20000076293945,25.188758850097656,294300,0.0
2002-12-16,43.150001525878906,44.220001220703125,43.150001525878906,44.04999923706055,25.828454971313477,872300,0.241
2002-12-17,43.970001220703125,44.45000076293945,43.869998931884766,44.060001373291016,25.834318161010742,137200,0.0
2002-12-18,43.79999923706055,43.79999923706055,43.18000030517578,43.29999923706055,25.38869857788086,141100,0.0
2002-12-19,43.15999984741211,43.790000915527344,42.77000045776367,43.04999923706055,25.24211311340332,403600,0.0
2002-12-20,43.279998779296875,43.86000061035156,43.279998779296875,43.66999816894531,25.605636596679688,548900,0.0
2002-12-23,43.650001525878906,44.09000015258789,43.41999816894531,43.7599983215332,25.658414840698242,440300,0.0
2002-12-24,43.7599983215332,43.7599983215332,43.290000915527344,43.290000915527344,25.38282585144043,104000,0.0
2002-12-26,43.779998779296875,44.13999938964844,43.22999954223633,43.38999938964844,25.441465377807617,201900,0.0
2002-12-27,43.220001220703125,43.459999084472656,42.54999923706055,42.66999816894531,25.019296646118164,120200,0.0
2002-12-30,42.56999969482422,42.970001220703125,42.310001373291016,42.79999923706055,25.09552764892578,257800,0.0
2002-12-31,42.810001373291016,43.08000183105469,42.27000045776367,43.029998779296875,25.230379104614258,277600,0.0
2003-01-02,43.29999923706055,44.540000915527344,43.189998626708984,44.20000076293945,25.91640853881836,325700,0.0
2003-01-03,44.29999923706055,44.459999084472656,44.0099983215332,44.33000183105469,25.99263572692871,118100,0.0
2003-01-06,44.52000045776367,45.790000915527344,44.52000045776367,45.5,26.678665161132812,397000,0.0
2003-01-07,45.189998626708984,45.599998474121094,44.90999984741211,45.150001525878906,26.47342872619629,241100,0.0
2003-01-08,44.900001525878906,45.0099983215332,44.40999984741211,44.40999984741211,26.039541244506836,138800,0.0
2003-01-09,44.70000076293945,45.529998779296875,44.70000076293945,45.369998931884766,26.602407455444336,125400,0.0
2003-01-10,44.79999923706055,45.75,44.79999923706055,45.349998474121094,26.590694427490234,179500,0.0
2003-01-13,45.380001068115234,45.81999969482422,45.09000015258789,45.380001068115234,26.60828971862793,523200,0.0
2003-01-14,45.349998474121094,45.68000030517578,45.08000183105469,45.66999816894531,26.778324127197266,94700,0.0
2003-01-15,45.540000915527344,45.540000915527344,44.83000183105469,45.060001373291016,26.420663833618164,105200,0.0
2003-01-16,45.04999923706055,45.4900016784668,44.70000076293945,44.779998779296875,26.256484985351562,97100,0.0
2003-01-17,44.369998931884766,44.77000045776367,44.18000030517578,44.439998626708984,26.057125091552734,261800,0.0
2003-01-21,44.400001525878906,44.56999969482422,43.459999084472656,43.58000183105469,25.55286979675293,153000,0.0
2003-01-22,43.150001525878906,43.560001373291016,42.869998931884766,42.95000076293945,25.183473587036133,186700,0.0
2003-01-23,43.040000915527344,43.58000183105469,42.79999923706055,43.4900016784668,25.50010871887207,124200,0.0
2003-01-24,43.0,43.15999984741211,42.0,42.099998474121094,24.685091018676758,169300,0.0
2003-01-27,41.63999938964844,42.18000030517578,41.099998474121094,41.2400016784668,24.180828094482422,208400,0.0
2003-01-28,41.5,41.939998626708984,41.31999969482422,41.54999923706055,24.362598419189453,423300,0.0
2003-01-29,41.33000183105469,42.41999816894531,41.2400016784668,42.11000061035156,24.690948486328125,237100,0.0
2003-01-30,42.119998931884766,42.310001373291016,41.060001373291016,41.220001220703125,24.169095993041992,68800,0.0
2003-01-31,40.81999969482422,41.970001220703125,40.81999969482422,41.75,24.479862213134766,164000,0.0
2003-02-03,41.720001220703125,42.16999816894531,41.720001220703125,41.95000076293945,24.597135543823242,170300,0.0
2003-02-04,41.59000015258789,41.59000015258789,40.93000030517578,41.2400016784668,24.180828094482422,87700,0.0
2003-02-05,41.38999938964844,41.91999816894531,40.970001220703125,40.970001220703125,24.022510528564453,97500,0.0
2003-02-06,40.79999923706055,41.0,40.5099983215332,40.7400016784668,23.887662887573242,43900,0.0
2003-02-07,41.15999984741211,41.15999984741211,40.08000183105469,40.33000183105469,23.647260665893555,59400,0.0
2003-02-10,40.33000183105469,40.619998931884766,39.900001525878906,40.59000015258789,23.799694061279297,66200,0.0
2003-02-11,40.63999938964844,40.880001068115234,39.91999816894531,40.22999954223633,23.588613510131836,54100,0.0
2003-02-12,39.97999954223633,40.290000915527344,39.400001525878906,39.40999984741211,23.107812881469727,523500,0.0
2003-02-13,39.59000015258789,39.79999923706055,38.91999816894531,39.459999084472656,23.13713836669922,90800,0.0
2003-02-14,39.70000076293945,40.290000915527344,39.40999984741211,40.119998931884766,23.524120330810547,104600,0.0
2003-02-18,40.65999984741211,41.25,40.65999984741211,41.209999084472656,24.163236618041992,130900,0.0
2003-02-19,41.06999969482422,41.099998474121094,40.43000030517578,40.83000183105469,23.9404296875,109700,0.0
2003-02-20,41.040000915527344,41.040000915527344,40.310001373291016,40.4900016784668,23.741073608398438,236400,0.0
2003-02-21,40.4900016784668,41.189998626708984,40.22999954223633,41.0099983215332,24.04596519470215,97600,0.0
2003-02-24,40.779998779296875,40.779998779296875,40.060001373291016,40.18000030517578,23.559301376342773,84900,0.0
2003-02-25,39.650001525878906,40.4900016784668,39.529998779296875,40.4900016784668,23.741073608398438,138500,0.0
2003-02-26,40.310001373291016,40.38999938964844,39.810001373291016,39.849998474121094,23.36581039428711,1122900,0.0
2003-02-27,40.209999084472656,40.689998626708984,40.0,40.2599983215332,23.606210708618164,180200,0.0
2003-02-28,40.650001525878906,40.970001220703125,40.40999984741211,40.75,23.893524169921875,308100,0.0
2003-03-03,41.09000015258789,41.130001068115234,40.2400016784668,40.31999969482422,23.641395568847656,61500,0.0
2003-03-04,40.5099983215332,40.5099983215332,39.65999984741211,39.779998779296875,23.32476806640625,157900,0.0
2003-03-05,39.529998779296875,40.189998626708984,39.529998779296875,40.13999938964844,23.535852432250977,192600,0.0
2003-03-06,39.88999938964844,40.02000045776367,39.5,39.58000183105469,23.207496643066406,229900,0.0
2003-03-07,39.02000045776367,40.09000015258789,39.02000045776367,39.900001525878906,23.39512825012207,161300,0.0
2003-03-10,39.38999938964844,39.63999938964844,38.599998474121094,38.709999084472656,22.801959991455078,56500,0.183
2003-03-11,38.7400016784668,39.029998779296875,38.130001068115234,38.25,22.530996322631836,61600,0.0
2003-03-12,38.040000915527344,38.209999084472656,37.439998626708984,38.099998474121094,22.4426326751709,326800,0.0
2003-03-13,39.040000915527344,39.560001373291016,38.45000076293945,39.439998626708984,23.23196029663086,224700,0.0
2003-03-14,39.77000045776367,40.11000061035156,39.40999984741211,39.779998779296875,23.432247161865234,172900,0.0
2003-03-17,39.400001525878906,41.11000061035156,39.400001525878906,40.939998626708984,24.115516662597656,257200,0.0
2003-03-18,41.0,41.369998931884766,40.779998779296875,41.25,24.298133850097656,96000,0.0
2003-03-19,41.31999969482422,41.63999938964844,40.970001220703125,41.619998931884766,24.51607322692871,183200,0.0
2003-03-20,41.16999816894531,41.88999938964844,40.79999923706055,41.650001525878906,24.53374481201172,165800,0.0
2003-03-21,42.13999938964844,42.689998626708984,41.7400016784668,42.529998779296875,25.052104949951172,454200,0.0
2003-03-24,41.83000183105469,41.939998626708984,40.91999816894531,41.11000061035156,24.215673446655273,136000,0.0
2003-03-25,41.11000061035156,41.88999938964844,41.029998779296875,41.5,24.44537925720215,147300,0.0
2003-03-26,41.459999084472656,41.689998626708984,41.15999984741211,41.400001525878906,24.38648796081543,346500,0.0
2003-03-27,41.0099983215332,41.61000061035156,40.880001068115234,41.220001220703125,24.28045654296875,93500,0.0
2003-03-28,41.099998474121094,41.470001220703125,40.97999954223633,41.2400016784668,24.29224395751953,240900,0.0
2003-03-31,40.5099983215332,40.86000061035156,40.150001525878906,40.2599983215332,23.71497917175293,141400,0.0
2003-04-01,40.650001525878906,41.209999084472656,40.380001068115234,40.93000030517578,24.10962677001953,94000,0.0
2003-04-02,41.849998474121094,42.34000015258789,41.65999984741211,42.119998931884766,24.810598373413086,223600,0.0
2003-04-03,42.27000045776367,42.290000915527344,41.77000045776367,41.77000045776367,24.60443115234375,75700,0.0
2003-04-04,41.880001068115234,42.130001068115234,41.630001068115234,42.02000045776367,24.7517032623291,58400,0.0
2003-04-07,43.09000015258789,43.310001373291016,42.040000915527344,42.130001068115234,24.816482543945312,254100,0.0
2003-04-08,41.95000076293945,42.2400016784668,41.7599983215332,42.0099983215332,24.74580192565918,172200,0.0
2003-04-09,42.13999938964844,42.540000915527344,41.540000915527344,41.540000915527344,24.468950271606445,57500,0.0
2003-04-10,41.599998474121094,41.84000015258789,41.34000015258789,41.72999954223633,24.58086585998535,50300,0.0
2003-04-11,42.279998779296875,42.40999984741211,41.459999084472656,41.599998474121094,24.50428581237793,230300,0.0
2003-04-14,42.0099983215332,42.52000045776367,41.709999084472656,42.400001525878906,24.97552490234375,321300,0.0
2003-04-15,42.439998626708984,42.88999938964844,42.29999923706055,42.88999938964844,25.264162063598633,88400,0.0
2003-04-16,43.18000030517578,43.209999084472656,42.25,42.310001373291016,24.92251968383789,428800,0.0
2003-04-17,42.45000076293945,43.0099983215332,42.220001220703125,42.84000015258789,25.23472023010254,71500,0.0
2003-04-21,43.150001525878906,43.150001525878906,42.779998779296875,42.97999954223633,25.317184448242188,138700,0.0
2003-04-22,42.70000076293945,44.060001373291016,42.619998931884766,44.02000045776367,25.929794311523438,104600,0.0
2003-04-23,44.099998474121094,44.56999969482422,43.880001068115234,44.36000061035156,26.130062103271484,116500,0.0
2003-04-24,44.099998474121094,44.34000015258789,43.810001373291016,43.880001068115234,25.84731674194336,78400,0.0
2003-04-25,44.0,44.0,43.2400016784668,43.369998931884766,25.54690933227539,69600,0.0
2003-04-28,43.59000015258789,44.34000015258789,43.45000076293945,44.20000076293945,26.03581428527832,217900,0.0
2003-04-29,44.369998931884766,44.58000183105469,43.939998626708984,44.31999969482422,26.106502532958984,61300,0.0
2003-04-30,44.16999816894531,44.61000061035156,43.959999084472656,44.380001068115234,26.141841888427734,163700,0.0
2003-05-01,44.349998474121094,44.5,43.63999938964844,44.16999816894531,26.01814842224121,76900,0.0
2003-05-02,44.209999084472656,45.119998931884766,44.209999084472656,45.029998779296875,26.52473258972168,126800,0.0
2003-05-05,45.15999984741211,45.22999954223633,44.650001525878906,44.91999816894531,26.459922790527344,162800,0.0
2003-05-06,45.0099983215332,45.56999969482422,44.86000061035156,45.29999923706055,26.683767318725586,91400,0.0
2003-05-07,45.150001525878906,45.45000076293945,44.79999923706055,45.11000061035156,26.57185935974121,103800,0.0
2003-05-08,44.56999969482422,45.02000045776367,44.470001220703125,44.54999923706055,26.241973876953125,115200,0.0
2003-05-09,44.88999938964844,45.22999954223633,44.599998474121094,45.15999984741211,26.60131072998047,108000,0.0
2003-05-12,45.09000015258789,45.88999938964844,45.029998779296875,45.70000076293945,26.919397354125977,98400,0.0
2003-05-13,45.70000076293945,45.9900016784668,45.459999084472656,45.72999954223633,26.93705177307129,113800,0.0
2003-05-14,45.9900016784668,45.9900016784668,45.400001525878906,45.599998474121094,26.8604736328125,92800,0.0
2003-05-15,45.84000015258789,46.060001373291016,45.54999923706055,46.060001373291016,27.131439208984375,123900,0.0
2003-05-16,46.02000045776367,46.2599983215332,45.650001525878906,46.15999984741211,27.19034194946289,82100,0.0
2003-05-19,45.93000030517578,45.93000030517578,45.0,45.0,26.507057189941406,90100,0.0
2003-05-20,45.15999984741211,45.439998626708984,44.650001525878906,45.02000045776367,26.518817901611328,102000,0.0
2003-05-21,44.9900016784668,45.400001525878906,44.810001373291016,45.29999923706055,26.683767318725586,97000,0.0
2003-05-22,45.459999084472656,45.939998626708984,45.29999923706055,45.63999938964844,26.884037017822266,141800,0.0
2003-05-23,45.75,46.18000030517578,45.599998474121094,45.88999938964844,27.031291961669922,95100,0.0
2003-05-27,45.849998474121094,47.11000061035156,45.689998626708984,46.900001525878906,27.626249313354492,131100,0.0
2003-05-28,47.119998931884766,47.43000030517578,46.97999954223633,47.15999984741211,27.77937889099121,296700,0.0
2003-05-29,46.97999954223633,47.47999954223633,46.630001068115234,46.79999923706055,27.567337036132812,88400,0.0
2003-05-30,47.189998626708984,47.7400016784668,47.18000030517578,47.7400016784668,28.121042251586914,61900,0.0
2003-06-02,48.099998474121094,48.68000030517578,47.91999816894531,48.0099983215332,28.280075073242188,986900,0.0
2003-06-03,48.15999984741211,48.27000045776367,47.790000915527344,48.220001220703125,28.403779983520508,143700,0.0
2003-06-04,48.20000076293945,49.0099983215332,48.119998931884766,48.83000183105469,28.76310157775879,154400,0.0
2003-06-05,48.790000915527344,49.25,48.52000045776367,49.11000061035156,28.92803192138672,132200,0.0
2003-06-06,49.689998626708984,50.0099983215332,48.9900016784668,49.119998931884766,28.933916091918945,140500,0.0
2003-06-09,48.7599983215332,48.84000015258789,48.040000915527344,48.380001068115234,28.498023986816406,297700,0.0
2003-06-10,48.310001373291016,48.70000076293945,48.25,48.68000030517578,28.674741744995117,160200,0.0
2003-06-11,48.61000061035156,49.5,48.61000061035156,49.4900016784668,29.15186882019043,77700,0.0
2003-06-12,49.79999923706055,49.84000015258789,49.209999084472656,49.54999923706055,29.18720817565918,110200,0.0
2003-06-13,49.720001220703125,49.720001220703125,48.7599983215332,49.13999938964844,28.945697784423828,158600,0.0
2003-06-16,49.20000076293945,49.91999816894531,49.040000915527344,49.91999816894531,29.525936126708984,72300,0.201
2003-06-17,49.970001220703125,49.9900016784668,49.439998626708984,49.810001373291016,29.460866928100586,95600,0.0
2003-06-18,49.63999938964844,49.810001373291016,49.27000045776367,49.599998474121094,29.336650848388672,159300,0.0
2003-06-19,49.59000015258789,49.59000015258789,48.52000045776367,48.7400016784668,28.828006744384766,615600,0.0
2003-06-20,49.08000183105469,49.15999984741211,48.61000061035156,48.61000061035156,28.751094818115234,344200,0.0
2003-06-23,48.58000183105469,48.58000183105469,47.84000015258789,48.0099983215332,28.396228790283203,117900,0.0
2003-06-24,48.11000061035156,48.349998474121094,47.810001373291016,48.220001220703125,28.52043914794922,112600,0.0
2003-06-25,48.099998474121094,48.61000061035156,47.709999084472656,47.709999084472656,28.21880531311035,169200,0.0
2003-06-26,47.72999954223633,48.34000015258789,47.630001068115234,48.33000183105469,28.585508346557617,564200,0.0
2003-06-27,48.25,48.45000076293945,47.66999816894531,47.77000045776367,28.254283905029297,66400,0.0
2003-06-30,47.93000030517578,48.220001220703125,47.599998474121094,47.70000076293945,28.21288299560547,149400,0.0
2003-07-01,47.619998931884766,48.15999984741211,47.11000061035156,47.97999954223633,28.37848663330078,288900,0.0
2003-07-02,48.029998779296875,48.63999938964844,47.97999954223633,48.59000015258789,28.73927879333496,768900,0.0
2003-07-03,48.400001525878906,48.65999984741211,48.16999816894531,48.31999969482422,28.579586029052734,123700,0.0
2003-07-07,48.689998626708984,49.2599983215332,48.560001373291016,49.189998626708984,29.09415626525879,143400,0.0
2003-07-08,49.099998474121094,49.439998626708984,48.810001373291016,49.380001068115234,29.206546783447266,75600,0.0
2003-07-09,49.380001068115234,49.529998779296875,48.93000030517578,49.27000045776367,29.141481399536133,108400,0.0
2003-07-10,48.75,48.79999923706055,48.13999938964844,48.47999954223633,28.674222946166992,360100,0.0
2003-07-11,48.599998474121094,49.040000915527344,48.5,48.97999954223633,28.969955444335938,881400,0.0
2003-07-14,49.380001068115234,49.849998474121094,49.130001068115234,49.18000030517578,29.088247299194336,176100,0.0
2003-07-15,49.630001068115234,49.630001068115234,48.91999816894531,49.22999954223633,29.117820739746094,630300,0.0
2003-07-16,49.290000915527344,49.31999969482422,48.439998626708984,48.779998779296875,28.85165786743164,200800,0.0
2003-07-17,48.349998474121094,48.56999969482422,47.88999938964844,48.130001068115234,28.46721076965332,109700,0.0
2003-07-18,48.400001525878906,48.81999969482422,48.060001373291016,48.779998779296875,28.85165786743164,88900,0.0
2003-07-21,48.4900016784668,48.650001525878906,47.88999938964844,48.15999984741211,28.484943389892578,292900,0.0
2003-07-22,48.45000076293945,48.83000183105469,48.0,48.7599983215332,28.839824676513672,137400,0.0
2003-07-23,48.7599983215332,48.7599983215332,48.15999984741211,48.66999816894531,28.78658676147461,116700,0.0
2003-07-24,48.91999816894531,49.130001068115234,48.209999084472656,48.22999954223633,28.526348114013672,91900,0.0
2003-07-25,48.25,49.18000030517578,48.15999984741211,49.099998474121094,29.040918350219727,71800,0.0
2003-07-28,49.0,49.40999984741211,48.939998626708984,49.099998474121094,29.040918350219727,127600,0.0
2003-07-29,49.29999923706055,49.33000183105469,48.619998931884766,48.90999984741211,28.92854881286621,66700,0.0
2003-07-30,48.93000030517578,49.0099983215332,48.689998626708984,48.70000076293945,28.804351806640625,82600,0.0
2003-07-31,49.08000183105469,49.47999954223633,48.5,48.84000015258789,28.88715934753418,251900,0.0
2003-08-01,48.619998931884766,48.79999923706055,48.20000076293945,48.34000015258789,28.59141731262207,92800,0.0
2003-08-04,48.13999938964844,48.529998779296875,47.5099983215332,48.439998626708984,28.650564193725586,96000,0.0
2003-08-05,48.150001525878906,48.349998474121094,47.31999969482422,47.31999969482422,27.988121032714844,115500,0.0
2003-08-06,47.47999954223633,48.189998626708984,47.380001068115234,47.779998779296875,28.260196685791016,105800,0.0
2003-08-07,47.650001525878906,48.099998474121094,47.58000183105469,48.08000183105469,28.43763542175293,73000,0.0
2003-08-08,48.369998931884766,48.400001525878906,48.06999969482422,48.31999969482422,28.579586029052734,58700,0.0
2003-08-11,48.41999816894531,48.709999084472656,48.13999938964844,48.4900016784668,28.680133819580078,62500,0.0
2003-08-12,48.470001220703125,49.09000015258789,48.41999816894531,49.09000015258789,29.035011291503906,109400,0.0
2003-08-13,49.130001068115234,49.130001068115234,48.560001373291016,48.810001373291016,28.869396209716797,64900,0.0
2003-08-14,48.849998474121094,49.2400016784668,48.63999938964844,49.029998779296875,28.999523162841797,107200,0.0
2003-08-15,49.20000076293945,49.36000061035156,48.849998474121094,49.09000015258789,29.035011291503906,29600,0.0
2003-08-18,49.16999816894531,49.52000045776367,49.13999938964844,49.52000045776367,29.28934097290039,109800,0.0
2003-08-19,49.68000030517578,49.77000045776367,49.29999923706055,49.65999984741211,29.37215232849121,165200,0.0
2003-08-20,49.369998931884766,49.779998779296875,49.369998931884766,49.630001068115234,29.354398727416992,109500,0.0
2003-08-21,49.849998474121094,50.150001525878906,49.619998931884766,49.79999923706055,29.454957962036133,107900,0.0
2003-08-22,50.18000030517578,50.18000030517578,49.02000045776367,49.15999984741211,29.076416015625,108900,0.0
2003-08-25,49.130001068115234,49.130001068115234,48.63999938964844,49.09000015258789,29.035011291503906,71200,0.0
2003-08-26,48.709999084472656,49.279998779296875,48.52000045776367,49.22999954223633,29.117820739746094,118200,0.0
2003-08-27,49.0099983215332,49.25,49.0,49.13999938964844,29.064579010009766,124200,0.0
2003-08-28,49.369998931884766,49.599998474121094,48.79999923706055,49.4900016784668,29.271602630615234,117900,0.0
2003-08-29,49.29999923706055,49.959999084472656,49.29999923706055,49.7599983215332,29.431297302246094,86500,0.0
2003-09-02,50.11000061035156,50.52000045776367,49.63999938964844,50.47999954223633,29.857147216796875,96200,0.0
2003-09-03,50.68000030517578,50.810001373291016,50.47999954223633,50.75,30.0168399810791,594600,0.0
2003-09-04,50.75,50.779998779296875,50.439998626708984,50.599998474121094,29.92814064025879,219500,0.0
2003-09-05,50.59000015258789,50.7599983215332,50.13999938964844,50.2400016784668,29.71519660949707,172600,0.0
2003-09-08,50.59000015258789,50.86000061035156,50.59000015258789,50.75,30.0168399810791,121800,0.0
2003-09-09,50.5,50.65999984741211,50.29999923706055,50.43000030517578,29.82756996154785,97200,0.0
2003-09-10,50.31999969482422,52.31999969482422,49.560001373291016,49.68000030517578,29.383981704711914,74200,0.0
2003-09-11,50.0,50.11000061035156,49.68000030517578,49.90999984741211,29.520015716552734,176200,0.0
2003-09-12,49.84000015258789,50.029998779296875,49.40999984741211,50.02000045776367,29.585073471069336,85000,0.0
2003-09-15,49.779998779296875,49.779998779296875,49.349998474121094,49.529998779296875,29.43117904663086,84700,0.231
2003-09-16,49.68000030517578,50.20000076293945,49.560001373291016,50.189998626708984,29.8233699798584,94400,0.0
2003-09-17,50.099998474121094,50.25,49.83000183105469,50.08000183105469,29.757993698120117,99700,0.0
2003-09-18,49.97999954223633,50.81999969482422,49.97999954223633,50.810001373291016,30.191762924194336,97900,0.0
2003-09-19,50.54999923706055,50.77000045776367,50.33000183105469,50.52000045776367,30.019433975219727,135900,0.0
2003-09-22,50.20000076293945,50.220001220703125,49.70000076293945,50.04999923706055,29.740150451660156,135700,0.0
2003-09-23,50.150001525878906,50.2599983215332,49.79999923706055,50.130001068115234,29.787702560424805,515300,0.0
2003-09-24,50.2599983215332,50.2599983215332,49.2599983215332,49.36000061035156,29.330156326293945,127600,0.0
2003-09-25,49.529998779296875,49.650001525878906,48.75,48.75,28.96770477294922,138800,0.0
2003-09-26,48.91999816894531,48.959999084472656,48.54999923706055,48.709999084472656,28.943918228149414,182100,0.0
2003-09-29,48.880001068115234,49.119998931884766,48.4900016784668,48.970001220703125,29.09840965270996,127500,0.0
2003-09-30,48.779998779296875,49.060001373291016,48.349998474121094,48.65999984741211,28.914213180541992,136200,0.0
2003-10-01,48.869998931884766,49.810001373291016,48.869998931884766,49.720001220703125,29.544071197509766,299900,0.0
2003-10-02,49.790000915527344,50.029998779296875,49.599998474121094,50.02000045776367,29.722341537475586,408100,0.0
2003-10-03,50.72999954223633,50.900001525878906,50.34000015258789,50.459999084472656,29.98377799987793,169500,0.0
2003-10-06,50.59000015258789,50.849998474121094,50.400001525878906,50.81999969482422,30.19769859313965,65300,0.0
2003-10-07,50.56999969482422,51.0099983215332,50.290000915527344,50.869998931884766,30.227418899536133,102400,0.0
2003-10-08,51.0,51.060001373291016,50.540000915527344,50.95000076293945,30.27494239807129,156700,0.0
2003-10-09,51.31999969482422,51.5,50.81999969482422,51.08000183105469,30.352191925048828,113800,0.0
2003-10-10,51.08000183105469,51.22999954223633,50.939998626708984,51.130001068115234,30.381908416748047,96000,0.0
2003-10-13,51.459999084472656,51.7400016784668,51.400001525878906,51.5,30.60175132751465,459200,0.0
2003-10-14,51.59000015258789,51.84000015258789,51.310001373291016,51.72999954223633,30.738426208496094,115300,0.0
2003-10-15,52.029998779296875,52.029998779296875,51.400001525878906,51.529998779296875,30.619586944580078,124700,0.0
2003-10-16,51.630001068115234,52.040000915527344,51.5099983215332,51.79999923706055,30.780025482177734,110700,0.0
2003-10-17,51.91999816894531,51.95000076293945,51.11000061035156,51.36000061035156,30.518579483032227,525800,0.0
2003-10-20,51.189998626708984,51.5099983215332,51.11000061035156,51.34000015258789,30.50669288635254,98500,0.0
2003-10-21,51.4900016784668,51.56999969482422,51.25,51.43000030517578,30.560176849365234,90600,0.0
2003-10-22,51.06999969482422,51.08000183105469,50.54999923706055,50.81999969482422,30.19769859313965,218600,0.0
2003-10-23,50.45000076293945,51.040000915527344,50.400001525878906,50.7400016784668,30.15015983581543,161400,0.0
2003-10-24,50.560001373291016,51.0,50.310001373291016,51.0,30.30466079711914,137400,0.0
2003-10-27,51.15999984741211,51.33000183105469,50.81999969482422,51.09000015258789,30.35813331604004,196500,0.0
2003-10-28,51.25,51.619998931884766,51.119998931884766,51.619998931884766,30.67305564880371,364400,0.0
2003-10-29,51.54999923706055,51.91999816894531,51.4900016784668,51.79999923706055,30.780025482177734,205600,0.0
2003-10-30,52.11000061035156,52.130001068115234,51.59000015258789,52.0,30.89887809753418,236700,0.0
2003-10-31,52.099998474121094,52.25,51.869998931884766,52.06999969482422,30.940467834472656,554900,0.0
2003-11-03,52.369998931884766,52.630001068115234,52.2400016784668,52.380001068115234,31.124677658081055,217900,0.0
2003-11-04,52.380001068115234,52.540000915527344,52.15999984741211,52.2400016784668,31.04148292541504,148800,0.0
2003-11-05,52.04999923706055,52.31999969482422,51.7400016784668,52.25,31.047420501708984,290900,0.0
2003-11-06,52.189998626708984,52.52000045776367,51.86000061035156,52.52000045776367,31.207862854003906,276500,0.0
2003-11-07,52.5,52.599998474121094,52.18000030517578,52.209999084472656,31.02364730834961,270900,0.0
2003-11-10,52.279998779296875,52.279998779296875,51.869998931884766,52.0,30.89887809753418,206300,0.0
2003-11-11,51.7599983215332,52.0099983215332,51.75,51.93000030517578,30.85729217529297,211100,0.0
2003-11-12,52.029998779296875,52.45000076293945,51.88999938964844,52.400001525878906,31.136568069458008,476400,0.0
2003-11-13,52.34000015258789,52.439998626708984,52.099998474121094,52.43000030517578,31.154390335083008,113200,0.0
2003-11-14,52.470001220703125,52.560001373291016,51.75,51.880001068115234,30.82756996154785,98700,0.0
2003-11-17,51.65999984741211,51.68000030517578,51.119998931884766,51.63999938964844,30.68495750427246,254400,0.0
2003-11-18,51.7400016784668,51.77000045776367,50.939998626708984,50.939998626708984,30.26901626586914,108100,0.0
2003-11-19,50.900001525878906,51.439998626708984,50.900001525878906,51.38999938964844,30.536422729492188,63400,0.0
2003-11-20,50.93000030517578,51.56999969482422,50.810001373291016,51.0099983215332,30.310604095458984,103700,0.0
2003-11-21,51.220001220703125,51.290000915527344,50.88999938964844,51.2400016784668,30.447284698486328,47300,0.0
2003-11-24,51.599998474121094,51.9900016784668,51.54999923706055,51.9900016784668,30.89293098449707,108400,0.0
2003-11-25,51.970001220703125,52.40999984741211,51.880001068115234,52.279998779296875,31.065265655517578,200300,0.0
2003-11-26,52.4900016784668,52.54999923706055,52.08000183105469,52.54999923706055,31.225685119628906,139500,0.0
2003-11-28,52.54999923706055,52.630001068115234,52.43000030517578,52.58000183105469,31.2435245513916,50900,0.0
2003-12-01,52.77000045776367,53.13999938964844,52.599998474121094,53.13999938964844,31.576265335083008,148200,0.0
2003-12-02,53.040000915527344,53.15999984741211,52.81999969482422,53.060001373291016,31.528738021850586,136500,0.0
2003-12-03,53.22999954223633,53.459999084472656,52.869998931884766,53.0,31.49307632446289,388500,0.0
2003-12-04,53.0,53.220001220703125,52.880001068115234,53.220001220703125,31.62380599975586,281000,0.0
2003-12-05,53.099998474121094,53.13999938964844,52.68000030517578,52.84000015258789,31.39801025390625,162700,0.0
2003-12-08,52.65999984741211,53.220001220703125,52.65999984741211,53.099998474121094,31.552492141723633,224100,0.0
2003-12-09,53.349998474121094,53.349998474121094,52.720001220703125,52.880001068115234,31.421781539916992,175900,0.0
2003-12-10,52.880001068115234,52.939998626708984,52.45000076293945,52.7400016784668,31.33858871459961,102700,0.0
2003-12-11,52.70000076293945,53.470001220703125,52.70000076293945,53.43000030517578,31.74860191345215,220200,0.0
2003-12-12,53.4900016784668,53.63999938964844,53.15999984741211,53.630001068115234,31.86745262145996,200500,0.0
2003-12-15,53.83000183105469,53.83000183105469,52.95000076293945,53.04999923706055,31.68348503112793,255700,0.272
2003-12-16,53.20000076293945,53.400001525878906,53.0,53.38999938964844,32.016292572021484,172100,0.215
2003-12-17,53.38999938964844,53.470001220703125,53.060001373291016,53.470001220703125,32.06426239013672,140600,0.0
2003-12-18,53.540000915527344,54.18000030517578,53.40999984741211,54.02000045776367,32.394100189208984,296300,0.0
2003-12-19,54.02000045776367,54.290000915527344,53.91999816894531,54.0099983215332,32.388092041015625,328000,0.0
2003-12-22,54.150001525878906,54.54999923706055,54.02000045776367,54.540000915527344,32.70590591430664,180800,0.0
2003-12-23,54.59000015258789,54.68000030517578,54.33000183105469,54.65999984741211,32.77788543701172,480100,0.0
2003-12-24,54.540000915527344,54.63999938964844,54.33000183105469,54.43000030517578,32.63996124267578,174300,0.0
2003-12-26,54.5099983215332,54.7400016784668,54.5099983215332,54.650001525878906,32.771888732910156,107900,0.0
2003-12-29,54.84000015258789,55.31999969482422,54.75,55.29999923706055,33.16167068481445,170800,0.0
2003-12-30,55.29999923706055,55.41999816894531,55.119998931884766,55.40999984741211,33.227638244628906,213900,0.0
2003-12-31,55.470001220703125,55.56999969482422,55.16999816894531,55.33000183105469,33.17965316772461,207000,0.0
2004-01-02,55.650001525878906,55.86000061035156,55.040000915527344,55.29999923706055,33.16167068481445,449100,0.0
2004-01-05,55.68000030517578,55.9900016784668,55.52000045776367,55.9900016784668,33.575443267822266,164700,0.0
2004-01-06,55.959999084472656,56.06999969482422,55.7400016784668,56.060001373291016,33.617435455322266,304800,0.0
2004-01-07,55.81999969482422,56.099998474121094,55.58000183105469,56.099998474121094,33.641387939453125,376500,0.0
2004-01-08,56.040000915527344,56.439998626708984,56.040000915527344,56.38999938964844,33.81529998779297,289500,0.0
2004-01-09,56.25,56.439998626708984,55.880001068115234,56.11000061035156,33.64738845825195,264300,0.0
2004-01-12,55.93000030517578,56.38999938964844,55.93000030517578,56.38999938964844,33.81529998779297,317100,0.0
2004-01-13,56.38999938964844,56.400001525878906,55.650001525878906,56.11000061035156,33.64738845825195,259800,0.0
2004-01-14,56.20000076293945,56.52000045776367,56.130001068115234,56.5099983215332,33.887271881103516,214300,0.0
2004-01-15,56.68000030517578,56.849998474121094,56.349998474121094,56.65999984741211,33.977210998535156,415200,0.0
2004-01-16,56.79999923706055,56.93000030517578,56.63999938964844,56.900001525878906,34.121131896972656,289000,0.0
2004-01-20,56.900001525878906,57.150001525878906,56.66999816894531,57.099998474121094,34.24107360839844,703500,0.0
2004-01-21,57.029998779296875,57.599998474121094,56.72999954223633,57.529998779296875,34.498924255371094,321800,0.0
2004-01-22,57.61000061035156,57.70000076293945,57.310001373291016,57.5099983215332,34.48694610595703,373500,0.0
2004-01-23,57.43000030517578,57.66999816894531,56.91999816894531,57.25,34.331016540527344,242200,0.0
2004-01-26,57.220001220703125,57.7400016784668,57.02000045776367,57.7400016784668,34.624839782714844,338100,0.0
2004-01-27,57.75,57.779998779296875,57.130001068115234,57.22999954223633,34.31903076171875,272000,0.0
2004-01-28,57.349998474121094,57.43000030517578,56.18000030517578,56.38999938964844,33.81529998779297,191800,0.0
2004-01-29,56.540000915527344,56.63999938964844,55.91999816894531,56.58000183105469,33.92922592163086,255200,0.0
2004-01-30,56.43000030517578,56.540000915527344,56.16999816894531,56.529998779296875,33.89925003051758,145300,0.0
2004-02-02,56.36000061035156,57.040000915527344,56.20000076293945,56.70000076293945,34.00120544433594,159900,0.0
2004-02-03,56.54999923706055,56.709999084472656,56.29999923706055,56.459999084472656,33.85727310180664,177400,0.0
2004-02-04,56.34000015258789,56.380001068115234,55.869998931884766,56.099998474121094,33.641387939453125,135800,0.0
2004-02-05,56.0,56.279998779296875,55.91999816894531,56.16999816894531,33.68336486816406,168000,0.0
2004-02-06,56.290000915527344,56.91999816894531,56.130001068115234,56.90999984741211,34.12714385986328,385100,0.0
2004-02-09,56.95000076293945,57.08000183105469,56.68000030517578,56.869998931884766,34.1031379699707,206800,0.0
2004-02-10,56.88999938964844,57.290000915527344,56.849998474121094,57.279998779296875,34.34900665283203,160900,0.0
2004-02-11,57.220001220703125,58.06999969482422,57.040000915527344,57.9900016784668,34.77477264404297,189800,0.0
2004-02-12,57.88999938964844,57.959999084472656,57.619998931884766,57.77000045776367,34.64284896850586,121600,0.0
2004-02-13,57.849998474121094,58.0099983215332,57.310001373291016,57.5099983215332,34.48694610595703,126900,0.0
2004-02-17,57.90999984741211,58.18000030517578,57.79999923706055,58.119998931884766,34.85272216796875,262000,0.0
2004-02-18,57.91999816894531,58.099998474121094,57.560001373291016,57.84000015258789,34.68482208251953,186100,0.0
2004-02-19,58.099998474121094,58.11000061035156,57.5,57.58000183105469,34.52888870239258,280300,0.0
2004-02-20,57.70000076293945,57.720001220703125,57.0099983215332,57.369998931884766,34.40298080444336,199900,0.0
2004-02-23,57.52000045776367,57.54999923706055,57.029998779296875,57.22999954223633,34.31903076171875,278900,0.0
2004-02-24,57.18000030517578,57.34000015258789,56.84000015258789,57.0,34.18111038208008,318100,0.0
2004-02-25,57.150001525878906,57.529998779296875,57.02000045776367,57.439998626708984,34.4449462890625,1136800,0.0
2004-02-26,57.36000061035156,57.70000076293945,57.20000076293945,57.459999084472656,34.45694351196289,175800,0.0
2004-02-27,57.68000030517578,57.95000076293945,57.439998626708984,57.61000061035156,34.54690933227539,120500,0.0
2004-03-01,57.97999954223633,58.36000061035156,57.93000030517578,58.279998779296875,34.94868087768555,173900,0.0
2004-03-02,58.20000076293945,58.290000915527344,57.849998474121094,58.09000015258789,34.8347282409668,215300,0.0
2004-03-03,58.0099983215332,58.29999923706055,57.7599983215332,58.209999084472656,34.906681060791016,155700,0.0
2004-03-04,58.2599983215332,58.40999984741211,58.119998931884766,58.380001068115234,35.008663177490234,242800,0.0
2004-03-05,58.16999816894531,58.880001068115234,58.11000061035156,58.68000030517578,35.18855285644531,181800,0.0
2004-03-08,58.68000030517578,58.77000045776367,58.099998474121094,58.11000061035156,34.846736907958984,201800,0.0
2004-03-09,58.150001525878906,58.150001525878906,57.619998931884766,57.869998931884766,34.70280456542969,162200,0.0
2004-03-10,57.869998931884766,57.900001525878906,56.70000076293945,56.70000076293945,34.00120544433594,157900,0.0
2004-03-11,56.5,57.02000045776367,55.900001525878906,55.93000030517578,33.53946304321289,403400,0.0
2004-03-12,56.16999816894531,56.88999938964844,56.16999816894531,56.79999923706055,34.0611686706543,484600,0.0
2004-03-15,56.72999954223633,56.72999954223633,55.880001068115234,56.09000015258789,33.63541030883789,336900,0.0
2004-03-16,56.31999969482422,56.529998779296875,56.040000915527344,56.47999954223633,33.869285583496094,243500,0.0
2004-03-17,56.720001220703125,57.29999923706055,56.61000061035156,57.20000076293945,34.30104064941406,212900,0.0
2004-03-18,56.880001068115234,57.400001525878906,56.689998626708984,57.279998779296875,34.34900665283203,160800,0.0
2004-03-19,57.22999954223633,57.25,56.58000183105469,56.70000076293945,34.00120544433594,210300,0.0
2004-03-22,56.15999984741211,56.279998779296875,55.5,55.81999969482422,33.4734992980957,376700,0.0
2004-03-23,55.79999923706055,56.06999969482422,55.540000915527344,55.77000045776367,33.443519592285156,1125200,0.0
2004-03-24,55.619998931884766,55.79999923706055,55.18000030517578,55.369998931884766,33.203636169433594,316900,0.0
2004-03-25,55.560001373291016,56.279998779296875,55.54999923706055,56.099998474121094,33.641387939453125,206800,0.0
2004-03-26,56.099998474121094,56.560001373291016,55.91999816894531,56.16999816894531,33.68336486816406,155100,0.0
2004-03-29,56.18000030517578,56.849998474121094,56.18000030517578,56.599998474121094,34.07651901245117,298400,0.223
2004-03-30,56.66999816894531,57.099998474121094,56.5,57.060001373291016,34.353450775146484,164400,0.0
2004-03-31,57.08000183105469,57.310001373291016,56.79999923706055,57.08000183105469,34.365501403808594,125700,0.0
2004-04-01,57.2400016784668,57.619998931884766,57.15999984741211,57.33000183105469,34.51602554321289,571700,0.0
2004-04-02,57.900001525878906,57.95000076293945,57.31999969482422,57.709999084472656,34.744808197021484,130100,0.0
2004-04-05,57.779998779296875,58.08000183105469,57.61000061035156,58.08000183105469,34.967567443847656,166600,0.0
2004-04-06,57.95000076293945,58.09000015258789,57.790000915527344,58.08000183105469,34.967567443847656,170900,0.0
2004-04-07,58.099998474121094,58.099998474121094,57.52000045776367,57.810001373291016,34.805015563964844,182900,0.0
2004-04-08,57.91999816894531,58.08000183105469,57.33000183105469,57.709999084472656,34.744808197021484,229400,0.0
2004-04-12,57.84000015258789,58.119998931884766,57.75,57.959999084472656,34.89532470703125,267100,0.0
2004-04-13,58.060001373291016,58.08000183105469,56.84000015258789,56.900001525878906,34.25713348388672,143300,0.0
2004-04-14,56.720001220703125,57.0099983215332,56.290000915527344,56.7599983215332,34.172828674316406,203600,0.0
2004-04-15,56.75,56.970001220703125,56.09000015258789,56.65999984741211,34.112648010253906,211300,0.0
2004-04-16,56.56999969482422,57.040000915527344,56.56999969482422,56.95000076293945,34.287254333496094,99900,0.0
2004-04-19,56.939998626708984,56.97999954223633,56.599998474121094,56.849998474121094,34.227020263671875,163900,0.0
2004-04-20,57.040000915527344,57.189998626708984,55.970001220703125,56.0,33.71527862548828,176400,0.0
2004-04-21,56.18000030517578,56.4900016784668,55.849998474121094,56.31999969482422,33.90793991088867,293200,0.0
2004-04-22,56.38999938964844,57.5,56.279998779296875,57.29999923706055,34.49795913696289,400800,0.0
2004-04-23,57.279998779296875,57.279998779296875,56.810001373291016,57.20000076293945,34.43777084350586,324200,0.0
2004-04-26,57.290000915527344,57.47999954223633,56.779998779296875,57.099998474121094,34.3775520324707,162900,0.0
2004-04-27,57.02000045776367,57.59000015258789,57.02000045776367,57.2599983215332,34.4738883972168,148400,0.0
2004-04-28,57.06999969482422,57.06999969482422,56.310001373291016,56.40999984741211,33.96213150024414,146200,0.0
2004-04-29,56.400001525878906,56.790000915527344,55.63999938964844,56.0,33.71527862548828,159100,0.0
2004-04-30,56.22999954223633,56.25,55.439998626708984,55.59000015258789,33.46842575073242,163500,0.0
2004-05-03,55.650001525878906,56.18000030517578,55.619998931884766,56.18000030517578,33.82366180419922,374800,0.0
2004-05-04,56.18000030517578,56.720001220703125,55.90999984741211,56.189998626708984,33.82967758178711,780200,0.0
2004-05-05,56.279998779296875,56.54999923706055,56.189998626708984,56.4900016784668,34.01029586791992,188700,0.0
2004-05-06,56.15999984741211,56.15999984741211,55.41999816894531,55.900001525878906,33.65507888793945,271300,0.0
2004-05-07,55.400001525878906,55.880001068115234,54.599998474121094,54.599998474121094,32.87240219116211,261700,0.0
2004-05-10,54.220001220703125,54.29999923706055,53.439998626708984,53.72999954223633,32.348602294921875,475600,0.0
2004-05-11,54.099998474121094,54.45000076293945,53.93000030517578,54.34000015258789,32.715877532958984,272300,0.0
2004-05-12,54.279998779296875,54.880001068115234,53.599998474121094,54.880001068115234,33.04099655151367,182000,0.0
2004-05-13,54.599998474121094,55.150001525878906,54.5,54.72999954223633,32.95066452026367,90100,0.0
2004-05-14,54.93000030517578,55.13999938964844,54.45000076293945,54.83000183105469,33.01087951660156,97800,0.0
2004-05-17,54.40999984741211,54.52000045776367,54.029998779296875,54.2400016784668,32.655643463134766,173000,0.0
2004-05-18,54.540000915527344,54.720001220703125,54.33000183105469,54.65999984741211,32.90852737426758,108800,0.0
2004-05-19,55.02000045776367,55.380001068115234,54.38999938964844,54.38999938964844,32.74595642089844,838400,0.0
2004-05-20,54.599998474121094,54.790000915527344,54.47999954223633,54.689998626708984,32.92659378051758,139100,0.0
2004-05-21,54.810001373291016,55.16999816894531,54.630001068115234,54.7400016784668,32.95668029785156,111600,0.0
2004-05-24,55.04999923706055,55.310001373291016,54.849998474121094,55.09000015258789,33.167415618896484,360700,0.0
2004-05-25,55.13999938964844,56.08000183105469,54.90999984741211,56.08000183105469,33.763465881347656,601800,0.0
2004-05-26,56.02000045776367,56.20000076293945,55.849998474121094,56.040000915527344,33.739376068115234,210300,0.0
2004-05-27,56.36000061035156,56.52000045776367,55.880001068115234,56.34000015258789,33.91997528076172,252600,0.0
2004-05-28,56.34000015258789,56.36000061035156,56.11000061035156,56.36000061035156,33.93202590942383,126600,0.0
2004-06-01,56.310001373291016,56.38999938964844,55.900001525878906,56.22999954223633,33.85375213623047,354000,0.0
2004-06-02,56.4900016784668,56.68000030517578,56.20000076293945,56.56999969482422,34.0584716796875,154300,0.0
2004-06-03,56.459999084472656,56.459999084472656,55.95000076293945,55.95000076293945,33.6851921081543,95600,0.0
2004-06-04,56.41999816894531,56.66999816894531,56.290000915527344,56.439998626708984,33.980186462402344,215200,0.0
2004-06-07,56.52000045776367,57.369998931884766,56.52000045776367,57.369998931884766,34.54010772705078,180800,0.0
2004-06-08,57.20000076293945,57.33000183105469,57.02000045776367,57.33000183105469,34.51602554321289,643300,0.0
2004-06-09,57.189998626708984,57.20000076293945,56.75,56.75,34.16682815551758,230200,0.0
2004-06-10,56.9900016784668,57.119998931884766,56.90999984741211,57.11000061035156,34.38357925415039,178600,0.0
2004-06-14,56.95000076293945,56.95000076293945,56.31999969482422,56.349998474121094,33.926002502441406,207300,0.0
2004-06-15,56.70000076293945,57.04999923706055,56.56999969482422,56.86000061035156,34.23304748535156,173900,0.0
2004-06-16,56.7400016784668,56.970001220703125,56.70000076293945,56.880001068115234,34.24510192871094,589200,0.0
2004-06-17,56.86000061035156,57.0,56.599998474121094,56.93000030517578,34.275203704833984,88100,0.0
2004-06-18,56.93000030517578,57.29999923706055,56.79999923706055,57.040000915527344,34.34142303466797,136800,0.0
2004-06-21,57.189998626708984,57.2599983215332,56.810001373291016,56.880001068115234,34.24510192871094,170200,0.0
2004-06-22,56.880001068115234,57.13999938964844,56.630001068115234,57.13999938964844,34.40163803100586,173600,0.0
2004-06-23,57.150001525878906,57.619998931884766,56.95000076293945,57.5,34.618370056152344,252200,0.0
2004-06-24,57.41999816894531,57.709999084472656,56.5,57.52000045776367,34.63041687011719,187900,0.0
2004-06-25,57.52000045776367,57.810001373291016,57.29999923706055,57.400001525878906,34.558162689208984,104600,0.0
2004-06-28,57.369998931884766,57.40999984741211,56.790000915527344,56.790000915527344,34.3284797668457,135300,0.23
2004-06-29,56.86000061035156,57.08000183105469,56.790000915527344,56.970001220703125,34.43727493286133,120800,0.0
2004-06-30,57.040000915527344,57.38999938964844,56.86000061035156,57.279998779296875,34.62465286254883,737800,0.0
2004-07-01,57.279998779296875,57.310001373291016,56.45000076293945,56.81999969482422,34.34659957885742,249900,0.0
2004-07-02,56.77000045776367,56.869998931884766,56.5,56.720001220703125,34.28615188598633,125400,0.0
2004-07-06,56.47999954223633,56.540000915527344,56.04999923706055,56.2400016784668,33.99600601196289,148500,0.0
2004-07-07,56.290000915527344,56.5099983215332,56.150001525878906,56.38999938964844,34.08666229248047,334900,0.0
2004-07-08,56.290000915527344,56.31999969482422,55.84000015258789,55.90999984741211,33.79652404785156,180100,0.0
2004-07-09,56.15999984741211,56.209999084472656,55.869998931884766,56.08000183105469,33.8992805480957,139100,0.0
2004-07-12,56.20000076293945,56.290000915527344,55.810001373291016,56.209999084472656,33.97785949707031,446500,0.0
2004-07-13,56.16999816894531,56.290000915527344,56.029998779296875,56.150001525878906,33.94159698486328,126700,0.0
2004-07-14,55.88999938964844,56.470001220703125,55.88999938964844,56.13999938964844,33.935546875,76800,0.0
2004-07-15,56.13999938964844,56.25,55.7599983215332,55.7599983215332,33.70582580566406,97000,0.0
2004-07-16,56.029998779296875,56.18000030517578,55.66999816894531,55.869998931884766,33.772335052490234,102600,0.0
2004-07-19,55.72999954223633,56.0,55.54999923706055,55.7599983215332,33.70582580566406,471900,0.0
2004-07-20,55.66999816894531,56.29999923706055,55.560001373291016,56.29999923706055,34.03226852416992,304200,0.0
2004-07-21,56.380001068115234,56.54999923706055,55.290000915527344,55.38999938964844,33.4821891784668,253100,0.0
2004-07-22,55.279998779296875,55.689998626708984,54.880001068115234,55.47999954223633,33.53658676147461,385400,0.0
2004-07-23,55.47999954223633,55.5,55.09000015258789,55.13999938964844,33.331077575683594,178100,0.0
2004-07-26,55.2599983215332,55.470001220703125,54.88999938964844,55.130001068115234,33.32503128051758,380900,0.0
2004-07-27,55.33000183105469,55.83000183105469,55.29999923706055,55.689998626708984,33.66353225708008,151500,0.0
2004-07-28,55.689998626708984,55.939998626708984,55.2400016784668,55.849998474121094,33.760250091552734,266700,0.0
2004-07-29,56.09000015258789,56.310001373291016,55.91999816894531,56.20000076293945,33.9718132019043,348300,0.0
2004-07-30,56.16999816894531,56.20000076293945,55.900001525878906,56.150001525878906,33.94159698486328,132200,0.0
2004-08-02,56.11000061035156,56.5,55.900001525878906,56.33000183105469,34.05042266845703,116900,0.0
2004-08-03,56.2599983215332,56.47999954223633,56.13999938964844,56.209999084472656,33.97785949707031,189700,0.0
2004-08-04,56.029998779296875,56.2599983215332,55.75,56.060001373291016,33.88718795776367,94300,0.0
2004-08-05,56.029998779296875,56.13999938964844,55.16999816894531,55.189998626708984,33.361297607421875,278700,0.0
2004-08-06,54.849998474121094,55.08000183105469,54.29999923706055,54.4900016784668,32.93816375732422,278600,0.0
2004-08-09,54.459999084472656,54.7400016784668,54.459999084472656,54.56999969482422,32.98652267456055,261400,0.0
2004-08-10,54.72999954223633,55.18000030517578,54.650001525878906,55.18000030517578,33.355255126953125,260100,0.0
2004-08-11,54.900001525878906,55.119998931884766,54.56999969482422,54.9900016784668,33.24040603637695,131100,0.0
2004-08-12,54.95000076293945,54.95000076293945,54.33000183105469,54.439998626708984,32.90793991088867,183600,0.0
2004-08-13,54.58000183105469,54.599998474121094,54.16999816894531,54.54999923706055,32.97444534301758,624500,0.0
2004-08-16,54.380001068115234,55.33000183105469,54.380001068115234,55.11000061035156,33.312950134277344,337900,0.0
2004-08-17,55.45000076293945,55.619998931884766,55.2599983215332,55.4900016784668,33.54262924194336,69700,0.0
2004-08-18,55.369998931884766,56.040000915527344,55.290000915527344,56.040000915527344,33.8751106262207,100100,0.0
2004-08-19,55.93000030517578,56.02000045776367,55.61000061035156,55.91999816894531,33.80257034301758,81300,0.0
2004-08-20,55.83000183105469,56.40999984741211,55.83000183105469,56.25,34.00204086303711,337600,0.0
2004-08-23,56.400001525878906,56.41999816894531,56.0099983215332,56.099998474121094,33.91138458251953,381200,0.0
2004-08-24,56.36000061035156,56.36000061035156,55.95000076293945,56.099998474121094,33.91138458251953,109800,0.0
2004-08-25,56.2400016784668,56.650001525878906,56.040000915527344,56.470001220703125,34.13502883911133,293500,0.0
2004-08-26,56.40999984741211,56.709999084472656,56.38999938964844,56.599998474121094,34.2136116027832,1285000,0.0
2004-08-27,56.7400016784668,56.849998474121094,56.529998779296875,56.720001220703125,34.28615188598633,484700,0.0
2004-08-30,56.650001525878906,56.7400016784668,56.33000183105469,56.38999938964844,34.08666229248047,225800,0.0
2004-08-31,56.54999923706055,56.790000915527344,56.22999954223633,56.790000915527344,34.3284797668457,112100,0.0
2004-09-01,56.81999969482422,57.0,56.529998779296875,56.849998474121094,34.36472702026367,887000,0.0
2004-09-02,56.91999816894531,57.4900016784668,56.709999084472656,57.4900016784668,34.75160598754883,1412400,0.0
2004-09-03,57.540000915527344,57.59000015258789,57.22999954223633,57.369998931884766,34.6790771484375,1488700,0.0
2004-09-07,56.29999923706055,57.86000061035156,56.29999923706055,57.84000015258789,34.963172912597656,380200,0.0
2004-09-08,57.72999954223633,57.790000915527344,57.400001525878906,57.43000030517578,34.7153434753418,184100,0.0
2004-09-09,57.63999938964844,57.65999984741211,57.279998779296875,57.47999954223633,34.74553680419922,138600,0.0
2004-09-10,57.47999954223633,57.849998474121094,57.349998474121094,57.709999084472656,34.884578704833984,135800,0.0
2004-09-13,57.84000015258789,57.9900016784668,57.709999084472656,57.810001373291016,34.94504928588867,602800,0.0
2004-09-14,57.84000015258789,57.97999954223633,57.70000076293945,57.93000030517578,35.01755905151367,477800,0.0
2004-09-15,57.88999938964844,57.88999938964844,57.5099983215332,57.61000061035156,34.824127197265625,236000,0.0
2004-09-16,57.529998779296875,57.970001220703125,57.529998779296875,57.90999984741211,35.0054817199707,174200,0.0
2004-09-17,58.150001525878906,58.25,57.900001525878906,58.04999923706055,35.09010696411133,741300,0.0
2004-09-20,57.84000015258789,58.040000915527344,57.70000076293945,57.81999969482422,34.95106887817383,168600,0.0
2004-09-21,58.02000045776367,58.41999816894531,57.869998931884766,58.290000915527344,35.23518753051758,398400,0.0
2004-09-22,57.939998626708984,57.939998626708984,57.540000915527344,57.599998474121094,34.81809997558594,289900,0.0
2004-09-23,57.599998474121094,57.61000061035156,57.209999084472656,57.279998779296875,34.62465286254883,117300,0.0
2004-09-24,57.349998474121094,57.70000076293945,57.25,57.619998931884766,34.83018112182617,167500,0.0
2004-09-27,57.08000183105469,57.16999816894531,56.88999938964844,57.029998779296875,34.62496566772461,125700,0.252
2004-09-28,57.119998931884766,57.33000183105469,56.869998931884766,57.29999923706055,34.78889846801758,233000,0.0
2004-09-29,57.20000076293945,57.38999938964844,56.970001220703125,57.38999938964844,34.843544006347656,196300,0.0
2004-09-30,57.36000061035156,57.70000076293945,57.20000076293945,57.560001373291016,34.94675827026367,207000,0.0
2004-10-01,57.779998779296875,58.45000076293945,57.77000045776367,58.45000076293945,35.487098693847656,750000,0.0
2004-10-04,58.720001220703125,58.81999969482422,58.58000183105469,58.58000183105469,35.566043853759766,260100,0.0
2004-10-05,58.65999984741211,58.7400016784668,58.40999984741211,58.66999816894531,35.620670318603516,115800,0.0
2004-10-06,58.54999923706055,59.060001373291016,58.5099983215332,59.060001373291016,35.85746765136719,221700,0.0
2004-10-07,59.0,59.060001373291016,58.63999938964844,58.70000076293945,35.638893127441406,171700,0.0
2004-10-08,58.68000030517578,58.81999969482422,58.27000045776367,58.349998474121094,35.4263801574707,157600,0.0
2004-10-11,58.619998931884766,58.619998931884766,58.349998474121094,58.400001525878906,35.45673751831055,317900,0.0
2004-10-12,58.189998626708984,58.43000030517578,58.0,58.279998779296875,35.38390350341797,168900,0.0
2004-10-13,58.4900016784668,58.4900016784668,57.5099983215332,57.779998779296875,35.080322265625,150600,0.0
2004-10-14,57.83000183105469,57.849998474121094,56.9900016784668,57.119998931884766,34.679622650146484,644700,0.0
2004-10-15,57.18000030517578,57.61000061035156,57.02000045776367,57.41999816894531,34.86175537109375,246700,0.0
2004-10-18,57.15999984741211,57.58000183105469,57.119998931884766,57.560001373291016,34.94675827026367,138800,0.0
2004-10-19,57.59000015258789,57.619998931884766,56.75,56.84000015258789,34.509613037109375,266200,0.0
2004-10-20,56.650001525878906,56.779998779296875,56.20000076293945,56.779998779296875,34.47319030761719,386400,0.0
2004-10-21,56.72999954223633,56.9900016784668,56.45000076293945,56.790000915527344,34.47927474975586,412400,0.0
2004-10-22,56.900001525878906,57.0,56.400001525878906,56.400001525878906,34.242488861083984,404700,0.0
2004-10-25,56.349998474121094,56.66999816894531,56.20000076293945,56.599998474121094,34.3639030456543,114900,0.0
2004-10-26,56.66999816894531,57.529998779296875,56.66999816894531,57.529998779296875,34.92853546142578,188600,0.0
2004-10-27,57.400001525878906,58.040000915527344,57.290000915527344,58.0,35.213905334472656,1082000,0.0
2004-10-28,57.970001220703125,58.349998474121094,57.75,58.119998931884766,35.286739349365234,190000,0.0
2004-10-29,58.290000915527344,58.439998626708984,58.04999923706055,58.439998626708984,35.48102951049805,352500,0.0
2004-11-01,58.380001068115234,58.66999816894531,58.36000061035156,58.58000183105469,35.566043853759766,137000,0.0
2004-11-02,58.63999938964844,58.9900016784668,58.33000183105469,58.45000076293945,35.487098693847656,189000,0.0
2004-11-03,59.29999923706055,59.400001525878906,58.88999938964844,59.119998931884766,35.89387893676758,463600,0.0
2004-11-04,59.119998931884766,60.18000030517578,59.04999923706055,60.150001525878906,36.51924514770508,245900,0.0
2004-11-05,60.290000915527344,60.599998474121094,60.040000915527344,60.31999969482422,36.62245178222656,202800,0.0
2004-11-08,60.25,60.38999938964844,60.06999969482422,60.150001525878906,36.51924514770508,142600,0.0
2004-11-09,60.310001373291016,60.439998626708984,60.11000061035156,60.18000030517578,36.537452697753906,129700,0.0
2004-11-10,60.290000915527344,60.54999923706055,60.130001068115234,60.31999969482422,36.62245178222656,219700,0.0
2004-11-11,60.400001525878906,60.84000015258789,60.31999969482422,60.7400016784668,36.87743377685547,171800,0.0
2004-11-12,60.779998779296875,61.33000183105469,60.630001068115234,61.20000076293945,37.15674591064453,152200,0.0
2004-11-15,61.22999954223633,61.31999969482422,60.9900016784668,61.209999084472656,37.16279983520508,733100,0.0
2004-11-16,61.18000030517578,61.209999084472656,60.709999084472656,60.709999084472656,36.8592414855957,212800,0.0
2004-11-17,61.099998474121094,61.47999954223633,60.91999816894531,61.060001373291016,37.07173538208008,238400,0.0
2004-11-18,61.22999954223633,61.25,60.9900016784668,61.189998626708984,37.15065383911133,741300,0.0
2004-11-19,61.25,61.25,60.5,60.599998474121094,36.792442321777344,171300,0.0
2004-11-22,60.5099983215332,61.13999938964844,60.47999954223633,61.119998931884766,37.10816955566406,545200,0.0
2004-11-23,61.16999816894531,61.400001525878906,60.95000076293945,61.400001525878906,37.27816390991211,133200,0.0
2004-11-24,61.4900016784668,61.599998474121094,61.31999969482422,61.58000183105469,37.387447357177734,144200,0.0
2004-11-26,61.68000030517578,61.86000061035156,61.58000183105469,61.58000183105469,37.387447357177734,154500,0.0
2004-11-29,61.869998931884766,61.90999984741211,61.099998474121094,61.31999969482422,37.22957992553711,136600,0.0
2004-11-30,61.41999816894531,61.459999084472656,61.119998931884766,61.33000183105469,37.23566436767578,158500,0.0
2004-12-01,61.470001220703125,62.08000183105469,61.36000061035156,61.91999816894531,37.5938720703125,210700,0.0
2004-12-02,61.95000076293945,62.029998779296875,61.619998931884766,61.65999984741211,37.43600845336914,231200,0.0
2004-12-03,61.66999816894531,61.97999954223633,61.470001220703125,61.709999084472656,37.46638107299805,129400,0.0
2004-12-06,61.709999084472656,61.90999984741211,61.439998626708984,61.84000015258789,37.54529571533203,226600,0.0
2004-12-07,61.83000183105469,61.86000061035156,61.13999938964844,61.13999938964844,37.12030029296875,129300,0.0
2004-12-08,61.22999954223633,61.38999938964844,61.0099983215332,61.33000183105469,37.23566436767578,182200,0.0
2004-12-09,61.18000030517578,61.70000076293945,60.869998931884766,61.59000015258789,37.39352035522461,120100,0.0
2004-12-10,61.58000183105469,61.849998474121094,61.459999084472656,61.63999938964844,37.42387771606445,208900,0.0
2004-12-13,62.040000915527344,62.279998779296875,61.7599983215332,62.279998779296875,37.81245803833008,162400,0.0
2004-12-14,62.33000183105469,62.54999923706055,62.16999816894531,62.4900016784668,37.939945220947266,160800,0.0
2004-12-15,62.470001220703125,62.70000076293945,62.380001068115234,62.65999984741211,38.04313659667969,123600,0.0
2004-12-16,62.36000061035156,62.65999984741211,62.11000061035156,62.41999816894531,37.8974494934082,177100,0.0
2004-12-17,62.290000915527344,62.459999084472656,62.060001373291016,62.119998931884766,37.71530532836914,156700,0.0
2004-12-20,62.290000915527344,62.560001373291016,62.0099983215332,62.150001525878906,37.73351287841797,231700,0.0
2004-12-21,62.380001068115234,62.790000915527344,62.20000076293945,62.7400016784668,38.09172821044922,191400,0.0
2004-12-22,62.869998931884766,63.099998474121094,62.709999084472656,63.040000915527344,38.273860931396484,257400,0.0
2004-12-23,63.099998474121094,63.20000076293945,62.97999954223633,63.029998779296875,38.267791748046875,258700,0.0
2004-12-27,62.88999938964844,62.90999984741211,62.439998626708984,62.560001373291016,38.1719856262207,407700,0.313
2004-12-28,62.65999984741211,62.95000076293945,62.65999984741211,62.95000076293945,38.409969329833984,170700,0.0
2004-12-29,62.95000076293945,63.099998474121094,62.79999923706055,63.099998474121094,38.501487731933594,381400,0.0
2004-12-30,63.09000015258789,63.130001068115234,62.869998931884766,62.869998931884766,38.36115264892578,204300,0.0
2004-12-31,62.93000030517578,63.22999954223633,62.880001068115234,62.880001068115234,38.36724090576172,156700,0.0
2005-01-03,63.2400016784668,63.2599983215332,62.220001220703125,62.4900016784668,38.1292839050293,457500,0.0
2005-01-04,62.540000915527344,62.560001373291016,61.43000030517578,61.70000076293945,37.64725112915039,184300,0.0
2005-01-05,61.77000045776367,61.86000061035156,61.290000915527344,61.38999938964844,37.458099365234375,209200,0.0
2005-01-06,61.40999984741211,61.880001068115234,61.40999984741211,61.65999984741211,37.62283706665039,171300,0.0
2005-01-07,61.79999923706055,61.88999938964844,61.34000015258789,61.540000915527344,37.54964065551758,245400,0.0
2005-01-10,61.349998474121094,61.869998931884766,61.29999923706055,61.72999954223633,37.66556167602539,321000,0.0
2005-01-11,61.4900016784668,61.5099983215332,61.099998474121094,61.209999084472656,37.34827423095703,198800,0.0
2005-01-12,61.34000015258789,61.45000076293945,60.84000015258789,61.380001068115234,37.45199966430664,299300,0.0
2005-01-13,61.31999969482422,61.4900016784668,60.869998931884766,61.02000045776367,37.23234939575195,233400,0.0
2005-01-14,61.0099983215332,61.369998931884766,60.970001220703125,61.34000015258789,37.4276008605957,212600,0.0
2005-01-18,61.2400016784668,62.06999969482422,61.06999969482422,61.9900016784668,37.82421112060547,192400,0.0
2005-01-19,61.9900016784668,62.02000045776367,61.38999938964844,61.470001220703125,37.506900787353516,159800,0.0
2005-01-20,61.150001525878906,61.2400016784668,60.81999969482422,61.0,37.220123291015625,197800,0.0
2005-01-21,61.099998474121094,61.13999938964844,60.41999816894531,60.54999923706055,36.945560455322266,330300,0.0
2005-01-24,60.68000030517578,60.95000076293945,60.380001068115234,60.560001373291016,36.95165252685547,184600,0.0
2005-01-25,60.599998474121094,60.900001525878906,60.439998626708984,60.54999923706055,36.945560455322266,396100,0.0
2005-01-26,60.779998779296875,61.02000045776367,60.59000015258789,60.95000076293945,37.18963623046875,355600,0.0
2005-01-27,60.709999084472656,61.119998931884766,60.689998626708984,61.02000045776367,37.23234939575195,155900,0.0
2005-01-28,60.810001373291016,60.93000030517578,60.45000076293945,60.81999969482422,37.11030960083008,206000,0.0
2005-01-31,61.290000915527344,61.43000030517578,61.11000061035156,61.380001068115234,37.45199966430664,275500,0.0
2005-02-01,61.529998779296875,61.880001068115234,61.36000061035156,61.630001068115234,37.60452651977539,233500,0.0
2005-02-02,61.79999923706055,62.040000915527344,61.720001220703125,61.9900016784668,37.82421112060547,215000,0.0
2005-02-03,61.84000015258789,61.849998474121094,61.560001373291016,61.810001373291016,37.7143669128418,198500,0.0
2005-02-04,61.83000183105469,62.599998474121094,61.75,62.599998474121094,38.19639587402344,162000,0.0
2005-02-07,62.40999984741211,62.720001220703125,62.40999984741211,62.5,38.135372161865234,237700,0.0
2005-02-08,62.4900016784668,62.7599983215332,62.45000076293945,62.5099983215332,38.14149475097656,309600,0.0
2005-02-09,62.650001525878906,62.709999084472656,62.09000015258789,62.20000076293945,37.95232391357422,156200,0.0
2005-02-10,62.349998474121094,62.52000045776367,62.130001068115234,62.45000076293945,38.10488510131836,211700,0.0
2005-02-11,62.349998474121094,63.04999923706055,62.25,62.84000015258789,38.342838287353516,192200,0.0
2005-02-14,62.869998931884766,62.970001220703125,62.72999954223633,62.90999984741211,38.38555145263672,407300,0.0
2005-02-15,62.939998626708984,63.11000061035156,62.810001373291016,63.06999969482422,38.483184814453125,140000,0.0
2005-02-16,62.810001373291016,63.13999938964844,62.709999084472656,63.060001373291016,38.477081298828125,111300,0.0
2005-02-17,63.040000915527344,63.040000915527344,62.5,62.58000183105469,38.184200286865234,127200,0.0
2005-02-18,62.40999984741211,62.54999923706055,62.209999084472656,62.47999954223633,38.12319564819336,338900,0.0
2005-02-22,62.2400016784668,62.5,61.540000915527344,61.630001068115234,37.60452651977539,212900,0.0
2005-02-23,61.83000183105469,62.08000183105469,61.66999816894531,62.04999923706055,37.86080551147461,148000,0.0
2005-02-24,62.02000045776367,62.40999984741211,61.79999923706055,62.40999984741211,38.08047866821289,197400,0.0
2005-02-25,62.36000061035156,63.099998474121094,62.29999923706055,63.0,38.440467834472656,170500,0.0
2005-02-28,62.880001068115234,62.900001525878906,62.20000076293945,62.529998779296875,38.1536750793457,938000,0.0
2005-03-01,62.54999923706055,63.0,62.54999923706055,62.91999816894531,38.39164733886719,189100,0.0
2005-03-02,62.63999938964844,63.150001525878906,62.54999923706055,62.88999938964844,38.37335205078125,164100,0.0
2005-03-03,63.06999969482422,63.18000030517578,62.529998779296875,62.90999984741211,38.38555145263672,123400,0.0
2005-03-04,63.189998626708984,63.75,63.119998931884766,63.47999954223633,38.73335266113281,192200,0.0
2005-03-07,63.63999938964844,63.970001220703125,63.59000015258789,63.790000915527344,38.92249298095703,120200,0.0
2005-03-08,63.77000045776367,63.790000915527344,63.40999984741211,63.40999984741211,38.69063949584961,113200,0.0
2005-03-09,63.380001068115234,63.40999984741211,62.720001220703125,62.720001220703125,38.26962661743164,186100,0.0
2005-03-10,62.95000076293945,63.0099983215332,62.47999954223633,62.93000030517578,38.39774703979492,115200,0.0
2005-03-11,62.869998931884766,63.08000183105469,62.310001373291016,62.459999084472656,38.11098861694336,125900,0.0
2005-03-14,62.630001068115234,62.869998931884766,62.459999084472656,62.79999923706055,38.31843185424805,92800,0.0
2005-03-15,63.08000183105469,63.119998931884766,62.400001525878906,62.400001525878906,38.07436752319336,329100,0.0
2005-03-16,62.2400016784668,62.27000045776367,61.779998779296875,61.97999954223633,37.81809616088867,206700,0.0
2005-03-17,62.11000061035156,62.22999954223633,61.79999923706055,62.04999923706055,37.86080551147461,312600,0.0
2005-03-18,62.150001525878906,62.150001525878906,61.56999969482422,61.86000061035156,37.744873046875,142500,0.0
2005-03-21,61.95000076293945,61.95000076293945,61.349998474121094,61.459999084472656,37.50081253051758,124700,0.0
2005-03-22,61.63999938964844,61.83000183105469,60.7599983215332,60.88999938964844,37.153018951416016,184300,0.0
2005-03-23,60.79999923706055,60.959999084472656,60.540000915527344,60.77000045776367,37.07981491088867,3131300,0.0
2005-03-24,60.88999938964844,61.22999954223633,60.66999816894531,60.66999816894531,37.01878356933594,255200,0.0
2005-03-28,60.40999984741211,60.689998626708984,60.31999969482422,60.349998474121094,37.10547637939453,195000,0.461
2005-03-29,60.34000015258789,60.77000045776367,59.84000015258789,60.029998779296875,36.908729553222656,760600,0.0
2005-03-30,60.099998474121094,60.84000015258789,60.099998474121094,60.72999954223633,37.3391227722168,387100,0.0
2005-03-31,60.900001525878906,61.13999938964844,60.810001373291016,60.95000076293945,37.47438049316406,212300,0.0
2005-04-01,61.36000061035156,61.540000915527344,60.33000183105469,60.599998474121094,37.25917053222656,341900,0.0
2005-04-04,60.54999923706055,60.849998474121094,60.11000061035156,60.68000030517578,37.308353424072266,132600,0.0
2005-04-05,60.900001525878906,61.099998474121094,60.79999923706055,60.79999923706055,37.38214111328125,221500,0.0
2005-04-06,61.150001525878906,61.380001068115234,61.0,61.13999938964844,37.59119415283203,285600,0.0
2005-04-07,61.11000061035156,61.54999923706055,61.099998474121094,61.470001220703125,37.79407501220703,162100,0.0
2005-04-08,61.470001220703125,61.560001373291016,60.81999969482422,60.81999969482422,37.39445114135742,221400,0.0
2005-04-11,61.060001373291016,61.060001373291016,60.72999954223633,60.95000076293945,37.47438049316406,65400,0.0
2005-04-12,60.790000915527344,61.5,60.369998931884766,61.2400016784668,37.652671813964844,181700,0.0
2005-04-13,61.27000045776367,61.279998779296875,60.400001525878906,60.56999969482422,37.24073791503906,101100,0.0
2005-04-14,60.459999084472656,60.5,59.709999084472656,59.709999084472656,36.71197509765625,286800,0.0
2005-04-15,59.5,59.75,58.540000915527344,58.65999984741211,36.0663948059082,417000,0.0
2005-04-18,58.70000076293945,59.13999938964844,58.369998931884766,58.95000076293945,36.24467849731445,770400,0.0
2005-04-19,59.27000045776367,59.540000915527344,59.189998626708984,59.5,36.58285903930664,294300,0.0
2005-04-20,59.439998626708984,59.4900016784668,58.529998779296875,58.54999923706055,35.99876022338867,128300,0.0
2005-04-21,59.15999984741211,59.59000015258789,58.66999816894531,59.59000015258789,36.63819885253906,246900,0.0
2005-04-22,59.400001525878906,59.650001525878906,58.7599983215332,59.310001373291016,36.46604537963867,262400,0.0
2005-04-25,59.5,59.93000030517578,59.29999923706055,59.779998779296875,36.7550163269043,181900,0.0
2005-04-26,59.630001068115234,60.0,59.27000045776367,59.29999923706055,36.45988845825195,151300,0.0
2005-04-27,59.20000076293945,59.7400016784668,58.81999969482422,59.619998931884766,36.65663528442383,343400,0.0
2005-04-28,59.54999923706055,59.56999969482422,58.900001525878906,58.900001525878906,36.213958740234375,325300,0.0
2005-04-29,59.279998779296875,59.790000915527344,58.650001525878906,59.630001068115234,36.66279602050781,241200,0.0
2005-05-02,59.849998474121094,60.0099983215332,59.4900016784668,60.0,36.89029312133789,171900,0.0
2005-05-03,59.869998931884766,60.150001525878906,59.56999969482422,60.0,36.89029312133789,127700,0.0
2005-05-04,60.08000183105469,60.810001373291016,59.939998626708984,60.59000015258789,37.25303268432617,222700,0.0
2005-05-05,60.7599983215332,60.939998626708984,60.13999938964844,60.459999084472656,37.17311477661133,196100,0.0
2005-05-06,60.81999969482422,60.86000061035156,60.349998474121094,60.40999984741211,37.142364501953125,208300,0.0
2005-05-09,60.45000076293945,60.959999084472656,60.40999984741211,60.959999084472656,37.480506896972656,711400,0.0
2005-05-10,60.599998474121094,60.599998474121094,60.029998779296875,60.20000076293945,37.013240814208984,257600,0.0
2005-05-11,60.29999923706055,60.5,59.849998474121094,60.439998626708984,37.160804748535156,172500,0.0
2005-05-12,60.470001220703125,60.599998474121094,59.599998474121094,59.72999954223633,36.72426986694336,144600,0.0
2005-05-13,59.709999084472656,59.880001068115234,58.84000015258789,59.45000076293945,36.552127838134766,119300,0.0
2005-05-16,59.36000061035156,60.0,59.36000061035156,59.91999816894531,36.84107971191406,96200,0.0
2005-05-17,59.79999923706055,60.540000915527344,59.68000030517578,60.5,37.19770431518555,178200,0.0
2005-05-18,60.7400016784668,61.27000045776367,60.72999954223633,61.09000015258789,37.56044387817383,265400,0.0
2005-05-19,61.04999923706055,61.45000076293945,61.0,61.45000076293945,37.781795501708984,236000,0.0
2005-05-20,61.349998474121094,61.400001525878906,61.040000915527344,61.400001525878906,37.75104522705078,173200,0.0
2005-05-23,61.400001525878906,61.72999954223633,61.25,61.400001525878906,37.75104522705078,305000,0.0
2005-05-24,61.36000061035156,61.61000061035156,61.279998779296875,61.459999084472656,37.787940979003906,200900,0.0
2005-05-25,61.40999984741211,61.470001220703125,61.09000015258789,61.380001068115234,37.73876190185547,166500,0.0
2005-05-26,61.54999923706055,61.84000015258789,61.5099983215332,61.72999954223633,37.953948974609375,150900,0.0
2005-05-27,61.81999969482422,61.93000030517578,61.650001525878906,61.79999923706055,37.996986389160156,218000,0.0
2005-05-31,62.75,62.75,61.529998779296875,61.630001068115234,37.892452239990234,246200,0.0
2005-06-01,61.630001068115234,62.349998474121094,61.470001220703125,62.08000183105469,38.169158935546875,210300,0.0
2005-06-02,61.869998931884766,62.220001220703125,61.869998931884766,62.209999084472656,38.24907302856445,202900,0.0
2005-06-03,62.130001068115234,62.220001220703125,61.75,61.86000061035156,38.033878326416016,225800,0.0
2005-06-06,61.939998626708984,62.0099983215332,61.630001068115234,61.900001525878906,38.05848693847656,246900,0.0
2005-06-07,62.099998474121094,62.52000045776367,61.84000015258789,61.84000015258789,38.021575927734375,222700,0.0
2005-06-08,62.099998474121094,62.22999954223633,61.7599983215332,61.900001525878906,38.05848693847656,218700,0.0
2005-06-09,61.79999923706055,62.22999954223633,61.630001068115234,62.209999084472656,38.24907302856445,703800,0.0
2005-06-10,62.279998779296875,62.31999969482422,61.900001525878906,62.22999954223633,38.26136779785156,215000,0.0
2005-06-13,62.08000183105469,62.619998931884766,61.970001220703125,62.45000076293945,38.39664077758789,228800,0.0
2005-06-14,62.43000030517578,62.77000045776367,62.400001525878906,62.560001373291016,38.46426010131836,209600,0.0
2005-06-15,62.810001373291016,62.84000015258789,62.380001068115234,62.81999969482422,38.62411880493164,210300,0.0
2005-06-16,62.81999969482422,63.119998931884766,62.650001525878906,63.08000183105469,38.783966064453125,132300,0.0
2005-06-17,63.38999938964844,63.540000915527344,63.20000076293945,63.470001220703125,39.023765563964844,189300,0.0
2005-06-20,63.2599983215332,63.54999923706055,63.119998931884766,63.45000076293945,39.011470794677734,221500,0.0
2005-06-21,63.25,63.33000183105469,63.0099983215332,63.18000030517578,38.98616027832031,186500,0.229
2005-06-22,63.439998626708984,63.540000915527344,63.08000183105469,63.400001525878906,39.12192153930664,278100,0.0
2005-06-23,63.2400016784668,63.33000183105469,62.56999969482422,62.56999969482422,38.60975646972656,248900,0.0
2005-06-24,62.619998931884766,62.619998931884766,62.04999923706055,62.16999816894531,38.362945556640625,227500,0.0
2005-06-27,62.16999816894531,62.31999969482422,61.970001220703125,62.25,38.412288665771484,238100,0.0
2005-06-28,62.38999938964844,62.70000076293945,62.25,62.52000045776367,38.57890701293945,312400,0.0
2005-06-29,62.720001220703125,62.79999923706055,62.52000045776367,62.65999984741211,38.665287017822266,176100,0.0
2005-06-30,62.720001220703125,62.86000061035156,62.18000030517578,62.34000015258789,38.467830657958984,410100,0.0
2005-07-01,62.45000076293945,62.58000183105469,62.34000015258789,62.58000183105469,38.615936279296875,382900,0.0
2005-07-05,62.349998474121094,62.970001220703125,62.20000076293945,62.880001068115234,38.801048278808594,886200,0.0
2005-07-06,62.93000030517578,63.0,62.43000030517578,62.439998626708984,38.529541015625,165400,0.0
2005-07-07,61.90999984741211,62.72999954223633,61.81999969482422,62.66999816894531,38.671451568603516,195100,0.0
2005-07-08,62.5,63.33000183105469,62.47999954223633,63.33000183105469,39.078731536865234,172700,0.0
2005-07-11,63.20000076293945,63.63999938964844,63.20000076293945,63.54999923706055,39.214473724365234,245800,0.0
2005-07-12,63.52000045776367,63.849998474121094,63.40999984741211,63.599998474121094,39.24533462524414,263200,0.0
2005-07-13,63.619998931884766,63.83000183105469,63.54999923706055,63.7599983215332,39.34404373168945,251000,0.0
2005-07-14,64.06999969482422,64.30000305175781,63.72999954223633,63.93000030517578,39.44896697998047,203600,0.0
2005-07-15,63.93000030517578,64.05000305175781,63.70000076293945,63.93000030517578,39.44896697998047,215400,0.0
2005-07-18,63.90999984741211,64.80000305175781,63.599998474121094,63.63999938964844,39.270015716552734,234500,0.0
2005-07-19,63.79999923706055,63.95000076293945,63.65999984741211,63.900001525878906,39.43045425415039,229900,0.0
2005-07-20,63.83000183105469,64.2699966430664,63.599998474121094,64.08000183105469,39.54151916503906,173200,0.0
2005-07-21,64.05000305175781,64.08000183105469,63.54999923706055,63.599998474121094,39.24533462524414,213600,0.0
2005-07-22,63.66999816894531,64.13999938964844,63.650001525878906,64.13999938964844,39.57854461669922,186200,0.0
2005-07-25,64.19000244140625,64.31999969482422,63.779998779296875,63.81999969482422,39.3810920715332,147000,0.0
2005-07-26,64.01000213623047,64.12999725341797,63.810001373291016,64.08999633789062,39.54768753051758,169200,0.0
2005-07-27,64.04000091552734,64.29000091552734,63.86000061035156,64.29000091552734,39.671112060546875,304000,0.0
2005-07-28,64.4800033569336,64.70999908447266,64.19999694824219,64.68000030517578,39.9117546081543,162500,0.0
2005-07-29,64.55999755859375,64.73999786376953,64.1500015258789,64.27999877929688,39.66494369506836,165700,0.0
2005-08-01,64.33999633789062,64.44999694824219,64.1500015258789,64.2699966430664,39.65876007080078,183800,0.0
2005-08-02,64.4000015258789,64.69000244140625,64.31999969482422,64.55000305175781,39.831539154052734,176800,0.0
2005-08-03,64.55000305175781,64.75,64.41000366210938,64.72000122070312,39.93645095825195,133200,0.0
2005-08-04,64.55000305175781,64.5999984741211,64.27999877929688,64.29000091552734,39.671112060546875,209500,0.0
2005-08-05,64.2699966430664,64.2699966430664,63.68000030517578,63.7599983215332,39.34404373168945,117100,0.0
2005-08-08,63.97999954223633,64.08000183105469,63.540000915527344,63.650001525878906,39.27620315551758,163700,0.0
2005-08-09,63.79999923706055,64.0999984741211,63.79999923706055,64.0999984741211,39.553863525390625,135600,0.0
2005-08-10,64.44999694824219,64.66000366210938,63.86000061035156,64.19999694824219,39.615570068359375,197800,0.0
2005-08-11,64.02999877929688,64.45999908447266,63.97999954223633,64.4000015258789,39.73898696899414,256300,0.0
2005-08-12,64.27999877929688,64.3499984741211,63.83000183105469,64.04000091552734,39.516849517822266,168700,0.0
2005-08-15,64.19999694824219,64.43000030517578,63.880001068115234,64.30999755859375,39.683467864990234,140500,0.0
2005-08-16,64.29000091552734,64.31999969482422,63.619998931884766,63.66999816894531,39.28852462768555,184100,0.0
2005-08-17,63.72999954223633,63.959999084472656,63.54999923706055,63.58000183105469,39.233009338378906,154000,0.0
2005-08-18,63.5,63.66999816894531,63.380001068115234,63.4900016784668,39.17746353149414,245300,0.0
2005-08-19,63.779998779296875,63.86000061035156,63.59000015258789,63.619998931884766,39.25767135620117,120300,0.0
2005-08-22,63.91999816894531,64.12000274658203,63.529998779296875,63.79999923706055,39.368751525878906,298800,0.0
2005-08-23,63.83000183105469,63.849998474121094,63.38999938964844,63.59000015258789,39.239158630371094,166600,0.0
2005-08-24,63.459999084472656,63.779998779296875,63.02000045776367,63.02000045776367,38.88743591308594,187900,0.0
2005-08-25,63.099998474121094,63.310001373291016,63.099998474121094,63.209999084472656,39.00468063354492,224500,0.0
2005-08-26,63.29999923706055,63.349998474121094,62.790000915527344,62.86000061035156,38.788700103759766,125700,0.0
2005-08-29,62.599998474121094,63.25,62.5099983215332,63.150001525878906,38.96766662597656,384400,0.0
2005-08-30,63.02000045776367,63.06999969482422,62.619998931884766,63.06999969482422,38.918296813964844,215500,0.0
2005-08-31,63.119998931884766,63.75,62.900001525878906,63.650001525878906,39.27620315551758,290300,0.0
2005-09-01,63.79999923706055,64.13999938964844,63.52000045776367,63.900001525878906,39.43045425415039,345200,0.0
2005-09-02,64.0999984741211,64.0999984741211,63.65999984741211,63.66999816894531,39.28852462768555,171100,0.0
2005-09-06,63.9900016784668,64.41000366210938,63.91999816894531,64.33000183105469,39.695770263671875,199300,0.0
2005-09-07,64.43000030517578,64.5999984741211,64.31999969482422,64.5999984741211,39.8624153137207,174800,0.0
2005-09-08,64.43000030517578,64.48999786376953,64.18000030517578,64.30000305175781,39.677276611328125,827700,0.0
2005-09-09,64.4000015258789,64.94000244140625,64.38999938964844,64.80000305175781,39.98581314086914,178800,0.0
2005-09-12,64.80999755859375,65.0,64.69000244140625,64.81999969482422,39.9981575012207,150200,0.0
2005-09-13,64.6500015258789,64.76000213623047,64.30000305175781,64.4000015258789,39.73898696899414,231400,0.0
2005-09-14,64.47000122070312,64.55999755859375,64.16000366210938,64.19999694824219,39.615570068359375,406300,0.0
2005-09-15,64.44000244140625,64.47000122070312,64.12000274658203,64.22000122070312,39.62791061401367,239600,0.0
2005-09-16,64.58999633789062,64.97000122070312,64.4800033569336,64.8499984741211,40.01667022705078,216100,0.0
2005-09-19,63.83000183105469,64.81999969482422,63.83000183105469,64.62999725341797,39.880916595458984,165900,0.0
2005-09-20,64.55999755859375,64.8499984741211,63.95000076293945,64.02999877929688,39.51066970825195,345000,0.0
2005-09-21,63.90999984741211,63.90999984741211,63.290000915527344,63.40999984741211,39.12809753417969,186600,0.0
2005-09-22,63.27000045776367,63.599998474121094,63.0,63.52000045776367,39.19598388671875,343000,0.0
2005-09-23,63.349998474121094,63.75,63.25,63.56999969482422,39.226810455322266,245700,0.0
2005-09-26,63.70000076293945,63.7400016784668,63.18000030517578,63.34000015258789,39.2578125,340500,0.28
2005-09-27,63.25,63.5099983215332,63.04999923706055,63.2400016784668,39.19583511352539,320900,0.0
2005-09-28,63.29999923706055,63.63999938964844,63.209999084472656,63.209999084472656,39.1772346496582,400700,0.0
2005-09-29,63.25,64.1500015258789,63.150001525878906,63.959999084472656,39.64208221435547,234700,0.0
2005-09-30,64.08999633789062,64.19999694824219,63.95000076293945,64.12999725341797,39.7474479675293,568200,0.0
2005-10-03,64.30000305175781,64.30999755859375,63.900001525878906,64.05000305175781,39.69786834716797,163400,0.0
2005-10-04,64.30000305175781,64.30000305175781,63.310001373291016,63.310001373291016,39.23920822143555,199200,0.0
2005-10-05,63.29999923706055,63.33000183105469,62.2400016784668,62.2400016784668,38.57603073120117,278200,0.0
2005-10-06,62.25,62.58000183105469,61.540000915527344,62.0,38.42729187011719,495000,0.0
2005-10-07,62.380001068115234,62.439998626708984,62.04999923706055,62.29999923706055,38.61323165893555,132000,0.0
2005-10-10,62.16999816894531,62.27000045776367,61.689998626708984,61.689998626708984,38.235145568847656,178100,0.0
2005-10-11,61.91999816894531,62.060001373291016,61.459999084472656,61.61000061035156,38.18558120727539,346800,0.0
2005-10-12,61.5,61.900001525878906,60.880001068115234,61.029998779296875,37.826080322265625,279900,0.0
2005-10-13,60.900001525878906,61.11000061035156,60.400001525878906,60.79999923706055,37.68353271484375,266800,0.0
2005-10-14,60.95000076293945,61.540000915527344,60.869998931884766,61.52000045776367,38.12977600097656,184900,0.0
2005-10-17,61.40999984741211,61.79999923706055,61.33000183105469,61.68000030517578,38.22895812988281,465100,0.0
2005-10-18,61.54999923706055,61.63999938964844,61.040000915527344,61.040000915527344,37.8322868347168,216300,0.0
2005-10-19,60.70000076293945,61.91999816894531,60.5099983215332,61.88999938964844,38.359100341796875,254700,0.0
2005-10-20,61.849998474121094,61.900001525878906,60.599998474121094,60.810001373291016,37.689720153808594,313500,0.0
2005-10-21,60.939998626708984,61.400001525878906,60.75,61.15999984741211,37.90666961669922,180100,0.0
2005-10-24,61.040000915527344,62.25,61.040000915527344,62.2400016784668,38.57603073120117,153000,0.0
2005-10-25,62.150001525878906,62.43000030517578,61.7599983215332,62.08000183105469,38.47687911987305,258400,0.0
2005-10-26,61.849998474121094,62.56999969482422,61.849998474121094,62.04999923706055,38.458282470703125,246600,0.0
2005-10-27,62.099998474121094,62.099998474121094,61.349998474121094,61.40999984741211,38.06161880493164,133300,0.0
2005-10-28,61.849998474121094,62.560001373291016,61.470001220703125,62.560001373291016,38.77437973022461,167700,0.0
2005-10-31,62.79999923706055,63.22999954223633,62.779998779296875,62.779998779296875,38.91072082519531,218600,0.0
2005-11-01,62.959999084472656,63.04999923706055,62.68000030517578,62.90999984741211,38.99130630493164,209100,0.0
2005-11-02,62.939998626708984,63.630001068115234,62.83000183105469,63.630001068115234,39.43755340576172,841400,0.0
2005-11-03,63.95000076293945,63.959999084472656,63.43000030517578,63.709999084472656,39.48713302612305,241100,0.0
2005-11-04,63.75,63.790000915527344,63.279998779296875,63.560001373291016,39.394168853759766,135800,0.0
2005-11-07,63.880001068115234,63.880001068115234,63.470001220703125,63.65999984741211,39.456146240234375,261300,0.0
2005-11-08,63.54999923706055,63.70000076293945,63.369998931884766,63.56999969482422,39.40037536621094,187600,0.0
2005-11-09,63.47999954223633,64.0199966430664,63.40999984741211,63.7400016784668,39.5057373046875,468500,0.0
2005-11-10,63.779998779296875,64.33999633789062,63.369998931884766,64.25,39.82182312011719,220700,0.0
2005-11-11,64.3499984741211,64.58999633789062,64.19999694824219,64.52999877929688,39.99536895751953,103900,0.0
2005-11-14,64.41999816894531,64.61000061035156,64.31999969482422,64.38999938964844,39.90861511230469,343400,0.0
2005-11-15,64.43000030517578,64.66000366210938,63.95000076293945,64.13999938964844,39.75364685058594,186000,0.0
2005-11-16,64.30999755859375,64.30999755859375,63.91999816894531,64.1500015258789,39.75984191894531,132000,0.0
2005-11-17,64.1500015258789,64.9000015258789,64.1500015258789,64.86000061035156,40.19991683959961,368300,0.0
2005-11-18,65.0199966430664,65.26000213623047,64.62999725341797,65.0999984741211,40.34864807128906,207800,0.0
2005-11-21,65.06999969482422,65.5,65.01000213623047,65.44999694824219,40.56558609008789,154900,0.0
2005-11-22,65.4000015258789,65.91999816894531,65.25,65.77999877929688,40.770111083984375,273100,0.0
2005-11-23,65.9000015258789,66.48999786376953,65.83000183105469,66.1500015258789,40.999446868896484,142400,0.0
2005-11-25,66.18000030517578,66.37000274658203,66.1500015258789,66.3499984741211,41.12338638305664,161700,0.0
2005-11-28,66.41999816894531,66.41999816894531,65.69999694824219,65.7699966430664,40.76390838623047,145700,0.0
2005-11-29,66.08999633789062,66.2300033569336,65.79000091552734,65.9000015258789,40.84447479248047,376100,0.0
2005-11-30,65.93000030517578,65.94999694824219,65.25,65.25,40.44162368774414,145200,0.0
2005-12-01,65.3499984741211,66.20999908447266,65.25,66.06999969482422,40.94985580444336,811800,0.0
2005-12-02,66.0,66.19999694824219,65.9000015258789,66.05000305175781,40.937461853027344,978700,0.0
2005-12-05,66.12000274658203,66.13999938964844,65.69999694824219,65.98999786376953,40.90027618408203,228400,0.0
2005-12-06,66.30000305175781,66.55999755859375,65.9800033569336,66.0999984741211,40.96843338012695,215800,0.0
2005-12-07,66.08999633789062,66.18000030517578,65.41999816894531,65.66000366210938,40.69575119018555,142000,0.0
2005-12-08,65.80000305175781,66.08999633789062,65.48999786376953,65.69000244140625,40.71433639526367,176700,0.0
2005-12-09,65.80000305175781,66.16999816894531,65.6500015258789,65.91999816894531,40.85689926147461,189900,0.0
2005-12-12,66.19999694824219,66.20999908447266,65.63999938964844,65.97000122070312,40.887874603271484,239800,0.0
2005-12-13,66.0,66.63999938964844,65.81999969482422,66.43000030517578,41.17298889160156,162500,0.0
2005-12-14,66.4800033569336,66.83999633789062,66.41999816894531,66.7300033569336,41.35892105102539,358800,0.0
2005-12-15,66.66999816894531,66.79000091552734,66.3499984741211,66.44999694824219,41.18539047241211,352800,0.0
2005-12-16,66.5999984741211,66.77999877929688,66.25,66.37000274658203,41.135799407958984,764600,0.0
2005-12-19,66.54000091552734,66.6500015258789,65.76000213623047,65.86000061035156,40.8196907043457,251500,0.0
2005-12-20,65.86000061035156,66.05000305175781,65.69999694824219,65.87000274658203,40.825904846191406,263200,0.0
2005-12-21,66.12999725341797,66.4000015258789,65.9000015258789,66.08000183105469,40.956058502197266,210600,0.0
2005-12-22,66.19999694824219,66.38999938964844,66.05999755859375,66.33000183105469,41.11100769042969,422200,0.0
2005-12-23,65.9000015258789,66.13999938964844,65.9000015258789,66.05000305175781,41.149635314941406,183100,0.342
2005-12-27,66.0,66.27999877929688,65.48999786376953,65.61000061035156,40.87550354003906,201800,0.0
2005-12-28,65.68000030517578,65.69999694824219,65.47000122070312,65.5,40.806976318359375,134400,0.0
2005-12-29,65.5,65.72000122070312,65.3499984741211,65.37000274658203,40.725982666015625,174000,0.0
2005-12-30,64.80000305175781,65.30999755859375,64.80000305175781,65.05000305175781,40.52663040161133,274000,0.0
2006-01-03,65.25,66.19000244140625,64.95999908447266,66.1500015258789,41.21192932128906,548400,0.0
2006-01-04,66.19999694824219,66.5199966430664,66.1500015258789,66.4000015258789,41.367679595947266,370200,0.0
2006-01-05,66.4000015258789,66.5,66.16000366210938,66.4000015258789,41.367679595947266,305000,0.0
2006-01-06,66.5999984741211,67.05999755859375,66.43000030517578,66.9000015258789,41.679195404052734,363400,0.0
2006-01-09,66.80999755859375,67.27999877929688,66.80999755859375,67.27999877929688,41.91594314575195,304700,0.0
2006-01-10,67.1500015258789,67.2699966430664,66.8499984741211,67.19999694824219,41.8660774230957,380900,0.0
2006-01-11,67.0999984741211,67.52999877929688,67.0999984741211,67.38999938964844,41.98446273803711,251500,0.0
2006-01-12,67.3499984741211,67.4000015258789,66.97000122070312,67.0,41.741485595703125,174200,0.0
2006-01-13,66.87999725341797,67.19000244140625,66.81999969482422,67.0999984741211,41.80379104614258,280400,0.0
2006-01-17,66.83999633789062,66.93000030517578,66.0,66.88999938964844,41.67295455932617,463700,0.0
2006-01-18,66.3499984741211,66.83999633789062,66.30999755859375,66.62999725341797,41.510963439941406,187400,0.0
2006-01-19,66.55000305175781,67.12000274658203,66.55000305175781,66.86000061035156,41.65425491333008,291700,0.0
2006-01-20,66.9000015258789,66.9000015258789,65.72000122070312,65.77999877929688,40.981407165527344,209600,0.0
2006-01-23,65.80000305175781,66.20999908447266,65.80000305175781,65.95999908447266,41.09355545043945,341200,0.0
2006-01-24,66.13999938964844,66.45999908447266,66.05000305175781,66.18000030517578,41.23061752319336,217300,0.0
2006-01-25,66.5,66.5,65.95999908447266,66.22000122070312,41.25553512573242,168500,0.0
2006-01-26,66.5199966430664,66.94999694824219,66.45999908447266,66.86000061035156,41.65425491333008,128800,0.0
2006-01-27,66.75,67.38999938964844,66.75,67.18000030517578,41.8536376953125,157300,0.0
2006-01-30,67.19999694824219,67.41999816894531,67.1500015258789,67.33000183105469,41.94707107543945,215900,0.0
2006-01-31,67.12999725341797,67.36000061035156,66.9000015258789,66.9000015258789,41.679195404052734,228400,0.0
2006-02-01,66.9000015258789,67.29000091552734,66.87999725341797,67.25,41.89723205566406,185900,0.0
2006-02-02,67.0999984741211,67.1500015258789,66.41000366210938,66.5999984741211,41.49227523803711,281600,0.0
2006-02-03,66.19999694824219,66.69999694824219,66.08000183105469,66.19000244140625,41.23685073852539,397000,0.0
2006-02-06,66.44000244140625,66.55000305175781,66.27999877929688,66.44999694824219,41.39884567260742,148400,0.0
2006-02-07,66.5999984741211,66.5999984741211,65.91000366210938,66.0199966430664,41.13093948364258,186300,0.0
2006-02-08,66.19999694824219,66.55999755859375,65.94000244140625,66.55999755859375,41.46734619140625,179200,0.0
2006-02-09,66.5,66.91000366210938,66.33999633789062,66.4800033569336,41.417518615722656,202400,0.0
2006-02-10,66.44999694824219,66.77999877929688,65.94999694824219,66.7300033569336,41.57327651977539,301400,0.0
2006-02-13,66.69999694824219,66.69999694824219,66.22000122070312,66.52999877929688,41.44867706298828,181400,0.0
2006-02-14,66.30000305175781,67.41999816894531,66.30000305175781,67.2300033569336,41.88479232788086,1305500,0.0
2006-02-15,67.5,67.62000274658203,67.02999877929688,67.5,42.052978515625,387800,0.0
2006-02-16,67.44999694824219,68.0199966430664,67.44999694824219,67.97000122070312,42.345794677734375,506400,0.0
2006-02-17,68.0,68.13999938964844,67.81999969482422,68.01000213623047,42.370723724365234,394400,0.0
2006-02-21,68.44999694824219,68.44999694824219,67.73999786376953,67.87000274658203,42.283512115478516,592100,0.0
2006-02-22,68.1500015258789,68.45999908447266,67.95999908447266,68.37000274658203,42.59500503540039,133000,0.0
2006-02-23,68.25,68.47000122070312,67.95999908447266,68.12999725341797,42.44548416137695,92800,0.0
2006-02-24,68.1500015258789,68.41000366210938,68.05000305175781,68.2699966430664,42.5327033996582,155900,0.0
2006-02-27,68.4000015258789,68.5999984741211,68.27999877929688,68.4000015258789,42.61368942260742,143500,0.0
2006-02-28,68.18000030517578,68.25,67.6500015258789,67.6500015258789,42.14644241333008,287600,0.0
2006-03-01,68.06999969482422,68.45999908447266,67.91000366210938,68.33000183105469,42.57008361816406,239900,0.0
2006-03-02,68.19999694824219,68.36000061035156,67.94999694824219,68.3499984741211,42.582550048828125,328200,0.0
2006-03-03,68.1500015258789,68.68000030517578,67.97000122070312,68.08000183105469,42.41433334350586,569500,0.0
2006-03-06,68.30000305175781,68.30000305175781,67.51000213623047,67.63999938964844,42.14020919799805,284000,0.0
2006-03-07,67.6500015258789,67.6500015258789,67.25,67.5,42.052978515625,116000,0.0
2006-03-08,67.55000305175781,67.75,67.05999755859375,67.66000366210938,42.15267562866211,242400,0.0
2006-03-09,67.75,67.88999938964844,67.31999969482422,67.4000015258789,41.990692138671875,110000,0.0
2006-03-10,67.5,68.06999969482422,67.3499984741211,67.94999694824219,42.33332061767578,104300,0.0
2006-03-13,68.3499984741211,68.3499984741211,68.0,68.19000244140625,42.48286819458008,171500,0.0
2006-03-14,68.1500015258789,68.94999694824219,68.0199966430664,68.8499984741211,42.894020080566406,104200,0.0
2006-03-15,68.80000305175781,69.33999633789062,68.7699966430664,69.25,43.14324188232422,103200,0.0
2006-03-16,69.4000015258789,69.72000122070312,69.30000305175781,69.41999816894531,43.249149322509766,144200,0.0
2006-03-17,69.44999694824219,69.66000366210938,69.4000015258789,69.44000244140625,43.261627197265625,114700,0.0
2006-03-20,69.61000061035156,69.62999725341797,69.22000122070312,69.2699966430664,43.15569305419922,186600,0.0
2006-03-21,69.3499984741211,69.5199966430664,68.7300033569336,68.8499984741211,42.894020080566406,112000,0.0
2006-03-22,68.6500015258789,69.36000061035156,68.6500015258789,69.36000061035156,43.2117805480957,111400,0.0
2006-03-23,69.3499984741211,69.3499984741211,68.95999908447266,69.11000061035156,43.056026458740234,134800,0.0
2006-03-24,69.19999694824219,69.43000030517578,68.9800033569336,69.30000305175781,43.17438507080078,137600,0.0
2006-03-27,68.69999694824219,69.05000305175781,68.69999694824219,68.9000015258789,43.13872146606445,145400,0.343
2006-03-28,68.80000305175781,69.22000122070312,68.37999725341797,68.48999786376953,42.88200759887695,193800,0.0
2006-03-29,68.6500015258789,69.19000244140625,68.4800033569336,69.01000213623047,43.207584381103516,265000,0.0
2006-03-30,68.75,69.4000015258789,68.62999725341797,68.8499984741211,43.10737609863281,206600,0.0
2006-03-31,68.69999694824219,68.98999786376953,68.5199966430664,68.76000213623047,43.051063537597656,292100,0.0
2006-04-03,69.30000305175781,69.4800033569336,68.75,68.8499984741211,43.10737609863281,478600,0.0
2006-04-04,68.76000213623047,69.45999908447266,68.69999694824219,69.37000274658203,43.433006286621094,159300,0.0
2006-04-05,69.27999877929688,69.80999755859375,69.27999877929688,69.73999786376953,43.66463851928711,157600,0.0
2006-04-06,69.5999984741211,69.77999877929688,69.22000122070312,69.58000183105469,43.56447982788086,95900,0.0
2006-04-07,69.55000305175781,69.91999816894531,68.8499984741211,68.94000244140625,43.16374969482422,177900,0.0
2006-04-10,68.94999694824219,69.25,68.7699966430664,68.94000244140625,43.16374969482422,94200,0.0
2006-04-11,69.0999984741211,69.22000122070312,68.23999786376953,68.38999938964844,42.819400787353516,269100,0.0
2006-04-12,68.54000091552734,68.69999694824219,68.44000244140625,68.62000274658203,42.96340560913086,293000,0.0
2006-04-13,68.5,68.75,68.30999755859375,68.63999938964844,42.97591781616211,240400,0.0
2006-04-17,68.69999694824219,68.83000183105469,68.23999786376953,68.47000122070312,42.86948013305664,136700,0.0
2006-04-18,68.8499984741211,69.93000030517578,68.79000091552734,69.81999969482422,43.71472930908203,1221500,0.0
2006-04-19,69.80000305175781,70.0,69.54000091552734,69.93000030517578,43.783599853515625,1430100,0.0
2006-04-20,69.86000061035156,70.5,69.83000183105469,70.05000305175781,43.858741760253906,276000,0.0
2006-04-21,70.27999877929688,70.43000030517578,69.83999633789062,70.0999984741211,43.890052795410156,113600,0.0
2006-04-24,70.08999633789062,70.08999633789062,69.69999694824219,69.94000244140625,43.789859771728516,405100,0.0
2006-04-25,70.0999984741211,70.0999984741211,69.41999816894531,69.56999969482422,43.55820846557617,278600,0.0
2006-04-26,69.80000305175781,70.05999755859375,69.66999816894531,69.8499984741211,43.733516693115234,185000,0.0
2006-04-27,69.25,70.41999816894531,69.23999786376953,70.16999816894531,43.933860778808594,199900,0.0
2006-04-28,70.19999694824219,70.73999786376953,70.08999633789062,70.62000274658203,44.215606689453125,144800,0.0
2006-05-01,70.6500015258789,70.80999755859375,70.06999969482422,70.08999633789062,43.88378143310547,253800,0.0
2006-05-02,70.5,70.7699966430664,70.31999969482422,70.7699966430664,44.309532165527344,213400,0.0
2006-05-03,70.69999694824219,70.80999755859375,70.33999633789062,70.63999938964844,44.2281379699707,110200,0.0
2006-05-04,70.77999877929688,71.0,70.69000244140625,70.91000366210938,44.39719772338867,178000,0.0
2006-05-05,71.19999694824219,71.72000122070312,71.11000061035156,71.62000274658203,44.84170150756836,152500,0.0
2006-05-08,71.69999694824219,71.70999908447266,71.4800033569336,71.61000061035156,44.835472106933594,276600,0.0
2006-05-09,71.55000305175781,71.7300033569336,71.48999786376953,71.69999694824219,44.891815185546875,188000,0.0
2006-05-10,71.4800033569336,71.80999755859375,71.37999725341797,71.69999694824219,44.891815185546875,98600,0.0
2006-05-11,71.79000091552734,71.79000091552734,70.68000030517578,70.91000366210938,44.39719772338867,165800,0.0
2006-05-12,70.80000305175781,70.80000305175781,69.83999633789062,69.8499984741211,43.733516693115234,326200,0.0
2006-05-15,69.54000091552734,70.04000091552734,69.44999694824219,69.94999694824219,43.79612731933594,478500,0.0
2006-05-16,70.08999633789062,70.20999908447266,69.5999984741211,69.76000213623047,43.67717361450195,169000,0.0
2006-05-17,69.55000305175781,69.58999633789062,68.36000061035156,68.4000015258789,42.825660705566406,279200,0.0
2006-05-18,68.44999694824219,68.8499984741211,67.94000244140625,67.94000244140625,42.537654876708984,216900,0.0
2006-05-19,68.22000122070312,68.70999908447266,67.83999633789062,68.43000030517578,42.844459533691406,288700,0.0
2006-05-22,68.19999694824219,68.5,67.55000305175781,68.0999984741211,42.637821197509766,283100,0.0
2006-05-23,68.55999755859375,68.79000091552734,67.66999816894531,67.72000122070312,42.39990234375,306300,0.0
2006-05-24,67.87000274658203,68.23999786376953,67.16000366210938,67.76000213623047,42.42496109008789,246500,0.0
2006-05-25,68.4000015258789,68.62999725341797,68.02999877929688,68.62999725341797,42.96965026855469,257500,0.0
2006-05-26,68.9800033569336,69.18000030517578,68.69000244140625,69.16000366210938,43.30149841308594,138200,0.0
2006-05-30,69.0,69.08999633789062,68.05999755859375,68.0999984741211,42.637821197509766,137800,0.0
2006-05-31,68.1500015258789,68.76000213623047,68.1500015258789,68.75,43.044795989990234,146600,0.0
2006-06-01,69.0,69.68000030517578,68.75,69.55000305175781,43.54568099975586,248200,0.0
2006-06-02,69.13999938964844,70.04000091552734,69.13999938964844,69.86000061035156,43.73979568481445,273800,0.0
2006-06-05,69.7699966430664,69.79000091552734,68.55999755859375,68.69999694824219,43.013484954833984,447700,0.0
2006-06-06,68.87999725341797,68.93000030517578,67.95999908447266,68.44000244140625,42.850711822509766,324600,0.0
2006-06-07,68.5,68.91000366210938,68.0,68.0199966430664,42.58775329589844,168300,0.0
2006-06-08,67.69999694824219,68.16999816894531,66.72000122070312,67.97000122070312,42.556434631347656,557800,0.0
2006-06-09,68.08000183105469,68.31999969482422,67.66000366210938,67.7300033569336,42.40617752075195,178100,0.0
2006-06-12,67.8499984741211,68.05000305175781,66.8499984741211,66.8499984741211,41.85520553588867,126200,0.0
2006-06-13,66.6500015258789,67.30000305175781,65.9000015258789,66.08000183105469,41.37310791015625,423200,0.0
2006-06-14,66.19999694824219,66.4000015258789,65.63999938964844,66.22000122070312,41.46074295043945,502100,0.0
2006-06-15,66.80000305175781,68.05999755859375,66.66999816894531,67.86000061035156,42.48756408691406,239500,0.0
2006-06-16,67.75,67.86000061035156,67.30000305175781,67.5,42.26216125488281,174700,0.0
2006-06-19,67.83000183105469,67.86000061035156,66.83000183105469,66.9000015258789,41.886505126953125,189700,0.0
2006-06-20,67.0,67.5,66.88999938964844,66.98999786376953,41.942848205566406,144500,0.0
2006-06-21,67.1500015258789,68.02999877929688,67.1500015258789,67.66999816894531,42.36860275268555,205200,0.0
2006-06-22,67.69999694824219,67.69999694824219,67.18000030517578,67.31999969482422,42.14947509765625,178800,0.0
2006-06-23,66.83000183105469,67.47000122070312,66.77999877929688,67.06999969482422,42.19791030883789,118900,0.327
2006-06-26,67.11000061035156,67.43000030517578,66.9800033569336,67.41999816894531,42.41812515258789,143900,0.0
2006-06-27,67.4800033569336,67.58000183105469,66.77999877929688,66.77999877929688,42.015472412109375,262100,0.0
2006-06-28,67.0999984741211,67.27999877929688,66.75,67.26000213623047,42.31745147705078,122000,0.0
2006-06-29,67.69999694824219,68.75,67.55999755859375,68.66000366210938,43.198280334472656,169400,0.0
2006-06-30,68.91000366210938,68.94000244140625,68.5999984741211,68.70999908447266,43.22972869873047,1148700,0.0
2006-07-03,68.61000061035156,69.26000213623047,68.61000061035156,69.19999694824219,43.53800964355469,139400,0.0
2006-07-05,68.94999694824219,68.95999908447266,68.4800033569336,68.77999877929688,43.27377700805664,649400,0.0
2006-07-06,68.7300033569336,69.13999938964844,68.69999694824219,68.93000030517578,43.36813735961914,272600,0.0
2006-07-07,68.69999694824219,69.04000091552734,68.3499984741211,68.55000305175781,43.12907409667969,160100,0.0
2006-07-10,68.55000305175781,68.98999786376953,68.47000122070312,68.55999755859375,43.1353759765625,124200,0.0
2006-07-11,68.4000015258789,69.0199966430664,68.2300033569336,68.93000030517578,43.36813735961914,132700,0.0
2006-07-12,68.9000015258789,69.04000091552734,68.16000366210938,68.29000091552734,42.96550369262695,172700,0.0
2006-07-13,67.97000122070312,68.0199966430664,67.13999938964844,67.13999938964844,42.241943359375,159300,0.0
2006-07-14,67.2300033569336,67.2300033569336,66.37999725341797,66.75,41.99657440185547,340600,0.0
2006-07-17,66.7699966430664,67.04000091552734,66.54000091552734,66.66000366210938,41.93996047973633,258400,0.0
2006-07-18,66.75,67.0999984741211,66.26000213623047,66.94999694824219,42.12240982055664,100200,0.0
2006-07-19,67.13999938964844,68.4000015258789,67.13999938964844,68.1500015258789,42.87741470336914,356100,0.0
2006-07-20,68.41000366210938,68.5,67.62000274658203,67.6500015258789,42.56283187866211,150600,0.0
2006-07-21,67.8499984741211,67.8499984741211,67.01000213623047,67.01000213623047,42.16017150878906,141300,0.0
2006-07-24,67.37000274658203,68.33000183105469,67.37000274658203,68.33000183105469,42.99066925048828,139600,0.0
2006-07-25,68.2699966430664,68.94000244140625,68.12000274658203,68.7699966430664,43.267486572265625,162400,0.0
2006-07-26,68.58999633789062,69.05000305175781,68.37000274658203,68.83000183105469,43.30522918701172,247700,0.0
2006-07-27,69.0999984741211,69.19000244140625,68.47000122070312,68.6500015258789,43.19198989868164,706700,0.0
2006-07-28,68.9000015258789,69.5,68.86000061035156,69.44000244140625,43.689022064208984,340200,0.0
2006-07-31,69.4000015258789,69.44000244140625,69.08999633789062,69.33000183105469,43.61981201171875,267000,0.0
2006-08-01,69.18000030517578,69.18000030517578,68.70999908447266,69.0,43.41218948364258,1090600,0.0
2006-08-02,69.3499984741211,69.66999816894531,69.12999725341797,69.44000244140625,43.689022064208984,547700,0.0
2006-08-03,68.80000305175781,69.79000091552734,68.80000305175781,69.61000061035156,43.79598617553711,417100,0.0
2006-08-04,70.04000091552734,70.4000015258789,69.20999908447266,69.58999633789062,43.78341293334961,333000,0.0
2006-08-07,69.4000015258789,69.52999877929688,69.16000366210938,69.36000061035156,43.63868713378906,140000,0.0
2006-08-08,69.44999694824219,69.70999908447266,68.87000274658203,69.05999755859375,43.44994354248047,178100,0.0
2006-08-09,69.5999984741211,69.6500015258789,68.51000213623047,68.55000305175781,43.12907409667969,230400,0.0
2006-08-10,68.4000015258789,68.91999816894531,68.27999877929688,68.80000305175781,43.28636169433594,151700,0.0
2006-08-11,68.75,68.77999877929688,68.31999969482422,68.55000305175781,43.12907409667969,179500,0.0
2006-08-14,69.0999984741211,69.2699966430664,68.54000091552734,68.69000244140625,43.217166900634766,655900,0.0
2006-08-15,69.25,69.68000030517578,69.13999938964844,69.5999984741211,43.78969192504883,514500,0.0
2006-08-16,69.94000244140625,70.22000122070312,69.79000091552734,70.0999984741211,44.104286193847656,402500,0.0
2006-08-17,70.13999938964844,70.41999816894531,70.02999877929688,70.20999908447266,44.17346954345703,1542500,0.0
2006-08-18,70.3499984741211,70.43000030517578,70.05999755859375,70.41999816894531,44.30560302734375,173400,0.0
2006-08-21,70.3499984741211,70.3499984741211,70.08999633789062,70.33000183105469,44.24898147583008,225800,0.0
2006-08-22,70.19999694824219,70.41999816894531,70.02999877929688,70.19000244140625,44.16089630126953,223900,0.0
2006-08-23,70.33999633789062,70.45999908447266,69.76000213623047,69.9800033569336,44.028770446777344,142900,0.0
2006-08-24,70.19999694824219,70.2699966430664,69.83000183105469,70.02999877929688,44.060218811035156,183700,0.0
2006-08-25,69.94999694824219,70.12000274658203,69.81999969482422,69.9800033569336,44.028770446777344,82200,0.0
2006-08-28,69.94999694824219,70.47000122070312,69.86000061035156,70.26000213623047,44.20494079589844,688000,0.0
2006-08-29,70.3499984741211,70.4000015258789,69.87000274658203,70.33999633789062,44.25526428222656,247500,0.0
2006-08-30,70.44999694824219,70.4800033569336,70.2300033569336,70.23999786376953,44.192344665527344,188800,0.0
2006-08-31,70.38999938964844,70.5,70.20999908447266,70.30000305175781,44.2301025390625,233400,0.0
2006-09-01,70.66000366210938,70.83999633789062,70.44000244140625,70.69999694824219,44.481781005859375,1585200,0.0
2006-09-05,70.72000122070312,71.02999877929688,70.6500015258789,70.95999908447266,44.64533996582031,702100,0.0
2006-09-06,70.62999725341797,70.72000122070312,70.19999694824219,70.2699966430664,44.21123123168945,231700,0.0
2006-09-07,70.13999938964844,70.23999786376953,69.79000091552734,69.91999816894531,43.991024017333984,284900,0.0
2006-09-08,70.0,70.2300033569336,69.83999633789062,70.08000183105469,44.09166717529297,134600,0.0
2006-09-11,69.9000015258789,70.26000213623047,69.66000366210938,70.06999969482422,44.08540344238281,163900,0.0
2006-09-12,70.02999877929688,70.79000091552734,70.02999877929688,70.66000366210938,44.45661544799805,189100,0.0
2006-09-13,70.68000030517578,71.2300033569336,70.62000274658203,71.13999938964844,44.75859451293945,121900,0.0
2006-09-14,70.98999786376953,71.13999938964844,70.8499984741211,71.06999969482422,44.71454620361328,196500,0.0
2006-09-15,71.69000244140625,71.69000244140625,71.08000183105469,71.0999984741211,44.73344039916992,421000,0.0
2006-09-18,71.2300033569336,71.36000061035156,70.95999908447266,71.33000183105469,44.878150939941406,463500,0.0
2006-09-19,71.30999755859375,71.30999755859375,70.77999877929688,71.19000244140625,44.79005813598633,113200,0.0
2006-09-20,71.61000061035156,71.69000244140625,71.22000122070312,71.47000122070312,44.966224670410156,144900,0.0
2006-09-21,71.52999877929688,71.62999725341797,70.88999938964844,71.1500015258789,44.764892578125,193100,0.0
2006-09-22,71.13999938964844,71.25,70.76000213623047,70.93000030517578,44.626487731933594,130300,0.0
2006-09-25,71.29000091552734,71.87000274658203,70.94999694824219,71.62999725341797,45.0668830871582,202700,0.0
2006-09-26,71.69999694824219,72.29000091552734,71.5999984741211,72.20999908447266,45.43180465698242,186900,0.0
2006-09-27,71.69999694824219,72.08000183105469,71.66999816894531,71.88999938964844,45.45710372924805,161500,0.36
2006-09-28,72.05000305175781,72.0999984741211,71.69000244140625,72.04000091552734,45.55195236206055,138200,0.0
2006-09-29,72.08000183105469,72.11000061035156,71.77999877929688,71.80999755859375,45.406517028808594,270500,0.0
2006-10-02,71.93000030517578,72.08999633789062,71.62999725341797,71.77999877929688,45.387535095214844,180700,0.0
2006-10-03,71.75,72.16000366210938,71.51000213623047,71.97000122070312,45.50767135620117,257900,0.0
2006-10-04,71.91000366210938,72.72000122070312,71.80000305175781,72.70999908447266,45.97560119628906,420100,0.0
2006-10-05,72.69999694824219,72.9000015258789,72.51000213623047,72.86000061035156,46.070457458496094,1502400,0.0
2006-10-06,72.7699966430664,72.7699966430664,72.3499984741211,72.68000030517578,45.95663833618164,186800,0.0
2006-10-09,72.25,72.87000274658203,72.25,72.68000030517578,45.95663833618164,279900,0.0
2006-10-10,72.83999633789062,72.9800033569336,72.68000030517578,72.8499984741211,46.06412887573242,94000,0.0
2006-10-11,72.62999725341797,73.04000091552734,72.56999969482422,72.8499984741211,46.06412887573242,239800,0.0
2006-10-12,72.93000030517578,73.61000061035156,72.93000030517578,73.55000305175781,46.50675964355469,138400,0.0
2006-10-13,73.5199966430664,73.8499984741211,73.41000366210938,73.80000305175781,46.66482925415039,493200,0.0
2006-10-16,73.80000305175781,73.97000122070312,73.66000366210938,73.87999725341797,46.715415954589844,188700,0.0
2006-10-17,73.66999816894531,73.75,73.22000122070312,73.69999694824219,46.601585388183594,168200,0.0
2006-10-18,74.1500015258789,74.1500015258789,73.37000274658203,73.66000366210938,46.57627868652344,213500,0.0
2006-10-19,73.55000305175781,73.76000213623047,73.41000366210938,73.76000213623047,46.639503479003906,893400,0.0
2006-10-20,73.80000305175781,73.80000305175781,73.44999694824219,73.68000030517578,46.588932037353516,1147700,0.0
2006-10-23,73.5199966430664,74.16999816894531,73.47000122070312,74.08000183105469,46.84186935424805,942200,0.0
2006-10-24,73.97000122070312,74.3499984741211,73.80000305175781,74.3499984741211,47.012596130371094,374000,0.0
2006-10-25,74.27999877929688,74.56999969482422,74.13999938964844,74.5,47.107418060302734,795000,0.0
2006-10-26,74.7699966430664,74.88999938964844,74.37000274658203,74.7699966430664,47.27814865112305,495200,0.0
2006-10-27,74.6500015258789,74.75,74.19999694824219,74.3499984741211,47.012596130371094,708200,0.0
2006-10-30,74.0999984741211,74.44000244140625,74.05000305175781,74.30000305175781,46.98099136352539,179000,0.0
2006-10-31,74.47000122070312,74.48999786376953,74.0,74.19999694824219,46.91776657104492,210700,0.0
2006-11-01,74.45999908447266,74.5199966430664,73.6500015258789,73.66999816894531,46.582618713378906,224600,0.0
2006-11-02,73.61000061035156,73.7699966430664,73.43000030517578,73.55000305175781,46.50675964355469,180100,0.0
2006-11-03,73.88999938964844,73.97000122070312,73.30999755859375,73.44000244140625,46.437156677246094,423500,0.0
2006-11-06,73.80000305175781,74.4000015258789,73.69999694824219,74.31999969482422,46.99362564086914,161300,0.0
2006-11-07,74.44999694824219,74.7699966430664,74.2699966430664,74.4800033569336,47.094810485839844,161900,0.0
2006-11-08,74.30000305175781,74.9000015258789,74.18000030517578,74.76000213623047,47.2718505859375,198000,0.0
2006-11-09,75.0,75.0,74.33999633789062,74.33999633789062,47.00627517700195,588800,0.0
2006-11-10,74.5,74.62000274658203,74.2699966430664,74.54000091552734,47.132728576660156,183500,0.0
2006-11-13,74.41999816894531,75.01000213623047,74.41999816894531,74.80999755859375,47.303462982177734,183200,0.0
2006-11-14,75.05000305175781,75.30000305175781,74.47000122070312,75.23999786376953,47.575347900390625,327100,0.0
2006-11-15,75.23999786376953,75.5,75.12999725341797,75.33999633789062,47.63856887817383,442700,0.0
2006-11-16,75.63999938964844,75.68000030517578,75.44999694824219,75.5,47.73977279663086,175600,0.0
2006-11-17,75.37000274658203,75.55000305175781,75.19000244140625,75.55000305175781,47.7713737487793,187100,0.0
2006-11-20,75.30000305175781,75.73999786376953,75.30000305175781,75.45999908447266,47.71445083618164,1527300,0.0
2006-11-21,75.51000213623047,75.77999877929688,75.4000015258789,75.41999816894531,47.68915939331055,291400,0.0
2006-11-22,75.69999694824219,75.81999969482422,75.55000305175781,75.69999694824219,47.86619186401367,196200,0.0
2006-11-24,75.5,75.75,75.41000366210938,75.51000213623047,47.74609375,556800,0.0
2006-11-27,75.36000061035156,75.51000213623047,74.43000030517578,74.5,47.107418060302734,274100,0.0
2006-11-28,74.25,74.77999877929688,74.19000244140625,74.73999786376953,47.259185791015625,203300,0.0
2006-11-29,75.0,75.55999755859375,74.9800033569336,75.55000305175781,47.7713737487793,201300,0.0
2006-11-30,75.5999984741211,75.8499984741211,75.12000274658203,75.6500015258789,47.83460235595703,197400,0.0
2006-12-01,75.5999984741211,75.63999938964844,74.73999786376953,75.26000213623047,47.5880012512207,246400,0.0
2006-12-04,75.30999755859375,76.25,75.30999755859375,76.08000183105469,48.106510162353516,186900,0.0
2006-12-05,76.33000183105469,76.54000091552734,76.05999755859375,76.4800033569336,48.35942840576172,458600,0.0
2006-12-06,76.55000305175781,76.62999725341797,76.36000061035156,76.5,48.3720817565918,211200,0.0
2006-12-07,76.69999694824219,76.83000183105469,76.19999694824219,76.26000213623047,48.22032165527344,213000,0.0
2006-12-08,76.05999755859375,76.62000274658203,76.02999877929688,76.30999755859375,48.2519416809082,197000,0.0
2006-12-11,76.3499984741211,76.7699966430664,76.3499984741211,76.68000030517578,48.48589324951172,159400,0.0
2006-12-12,76.6500015258789,76.73999786376953,76.20999908447266,76.73999786376953,48.52383804321289,196800,0.0
2006-12-13,77.05000305175781,77.05000305175781,76.61000061035156,76.76000213623047,48.536476135253906,232800,0.0
2006-12-14,76.69999694824219,77.44999694824219,76.69999694824219,77.37000274658203,48.922176361083984,712500,0.0
2006-12-15,77.55000305175781,77.68000030517578,77.33000183105469,77.33000183105469,48.89687728881836,276600,0.0
2006-12-18,77.44999694824219,77.72000122070312,77.26000213623047,77.33999633789062,48.90320587158203,215900,0.0
2006-12-19,77.13999938964844,77.56999969482422,77.01000213623047,77.41000366210938,48.9474983215332,200000,0.0
2006-12-20,77.5,77.76000213623047,77.45999908447266,77.45999908447266,48.97908401489258,370700,0.0
2006-12-21,77.25,77.4000015258789,76.72000122070312,76.80000305175781,48.836647033691406,280600,0.436
2006-12-22,76.66000366210938,76.80999755859375,76.33000183105469,76.3499984741211,48.55050277709961,631000,0.0
2006-12-26,76.27999877929688,76.9000015258789,76.27999877929688,76.83999633789062,48.86208724975586,218800,0.0
2006-12-27,77.30000305175781,77.51000213623047,77.08999633789062,77.51000213623047,49.28813171386719,349200,0.0
2006-12-28,77.30000305175781,77.44999694824219,77.16000366210938,77.30000305175781,49.15458679199219,185300,0.0
2006-12-29,77.25,77.41000366210938,76.86000061035156,76.88999938964844,48.89387512207031,145200,0.0
2007-01-03,77.4000015258789,77.58000183105469,76.44999694824219,76.95999908447266,48.93840408325195,562400,0.0
2007-01-04,76.8499984741211,77.06999969482422,76.37000274658203,76.91000366210938,48.90660858154297,208700,0.0
2007-01-05,76.76000213623047,76.76000213623047,76.01000213623047,76.20999908447266,48.46147918701172,278700,0.0
2007-01-08,76.25,76.58999633789062,75.94000244140625,76.44999694824219,48.614097595214844,302800,0.0
2007-01-09,76.4800033569336,76.66000366210938,75.97000122070312,76.44999694824219,48.614097595214844,336900,0.0
2007-01-10,76.0999984741211,76.66000366210938,76.0,76.55000305175781,48.67768096923828,257700,0.0
2007-01-11,76.5199966430664,77.12999725341797,76.5199966430664,77.0,48.96381759643555,370000,0.0
2007-01-12,77.04000091552734,77.41999816894531,76.97000122070312,77.3499984741211,49.1863899230957,365900,0.0
2007-01-16,77.3499984741211,77.56999969482422,77.31999969482422,77.54000091552734,49.30722427368164,388500,0.0
2007-01-17,77.44000244140625,77.62999725341797,77.26000213623047,77.33000183105469,49.17366409301758,229100,0.0
2007-01-18,77.52999877929688,77.62000274658203,77.19999694824219,77.2699966430664,49.135528564453125,274400,0.0
2007-01-19,77.19999694824219,77.54000091552734,77.19999694824219,77.5199966430664,49.29448699951172,305200,0.0
2007-01-22,77.5999984741211,77.5999984741211,77.04000091552734,77.1500015258789,49.05922317504883,234000,0.0
2007-01-23,77.25,77.70999908447266,77.12999725341797,77.47000122070312,49.2627067565918,210000,0.0
2007-01-24,77.76000213623047,78.18000030517578,77.66000366210938,78.11000061035156,49.66968536376953,806100,0.0
2007-01-25,78.25,78.25,77.19999694824219,77.19999694824219,49.09099197387695,218300,0.0
2007-01-26,77.4000015258789,77.45999908447266,76.94000244140625,77.30999755859375,49.16094970703125,346300,0.0
2007-01-29,77.30999755859375,77.5199966430664,77.12000274658203,77.19999694824219,49.09099197387695,360400,0.0
2007-01-30,77.3499984741211,77.94999694824219,77.27999877929688,77.61000061035156,49.35172653198242,211200,0.0
2007-01-31,77.55999755859375,78.41000366210938,77.48999786376953,78.33999633789062,49.815921783447266,197000,0.0
2007-02-01,78.52999877929688,78.73999786376953,78.33999633789062,78.70999908447266,50.051212310791016,167300,0.0
2007-02-02,78.83999633789062,78.87999725341797,78.62999725341797,78.81999969482422,50.121158599853516,222200,0.0
2007-02-05,78.83000183105469,78.95999908447266,78.58999633789062,78.86000061035156,50.146602630615234,354900,0.0
2007-02-06,78.9800033569336,79.01000213623047,78.72000122070312,78.9000015258789,50.1720085144043,362800,0.0
2007-02-07,79.16999816894531,79.18000030517578,78.87999725341797,79.13999938964844,50.32466125488281,474000,0.0
2007-02-08,79.0999984741211,79.0999984741211,78.63999938964844,78.91000366210938,50.178382873535156,163600,0.0
2007-02-09,79.08000183105469,79.18000030517578,78.08999633789062,78.43000030517578,49.873172760009766,309000,0.0
2007-02-12,78.31999969482422,78.51000213623047,78.05000305175781,78.1500015258789,49.69510269165039,196700,0.0
2007-02-13,78.30000305175781,78.97000122070312,78.30000305175781,78.87999725341797,50.15931701660156,408500,0.0
2007-02-14,79.12000274658203,79.69000244140625,79.08999633789062,79.58999633789062,50.610801696777344,210600,0.0
2007-02-15,79.5999984741211,79.61000061035156,79.38999938964844,79.5999984741211,50.61716842651367,187400,0.0
2007-02-16,79.38999938964844,79.5199966430664,79.23999786376953,79.4800033569336,50.54084777832031,289400,0.0
2007-02-20,79.44999694824219,79.80000305175781,79.22000122070312,79.76000213623047,50.71889114379883,321300,0.0
2007-02-21,79.47000122070312,79.72000122070312,79.31999969482422,79.5999984741211,50.61716842651367,196100,0.0
2007-02-22,79.7699966430664,79.87000274658203,79.2699966430664,79.58000183105469,50.60443878173828,254400,0.0
2007-02-23,79.5199966430664,79.5199966430664,78.98999786376953,79.25,50.39459228515625,450100,0.0
2007-02-26,79.61000061035156,79.6500015258789,79.0,79.16999816894531,50.34372329711914,184000,0.0
2007-02-27,78.69999694824219,78.69999694824219,75.66999816894531,76.2699966430664,48.49962615966797,583400,0.0
2007-02-28,76.7699966430664,77.3499984741211,76.30999755859375,76.87000274658203,48.88114547729492,662700,0.0
2007-03-01,75.94999694824219,77.12000274658203,75.37000274658203,76.80000305175781,48.836647033691406,671800,0.0
2007-03-02,76.5999984741211,76.7300033569336,75.72000122070312,75.72000122070312,48.14989471435547,536300,0.0
2007-03-05,74.80000305175781,76.0199966430664,74.80000305175781,74.86000061035156,47.60302734375,524100,0.0
2007-03-06,75.91999816894531,76.38999938964844,75.43000030517578,76.19999694824219,48.455108642578125,459700,0.0
2007-03-07,76.23999786376953,76.54000091552734,75.95999908447266,76.05000305175781,48.35972213745117,253700,0.0
2007-03-08,76.81999969482422,76.98999786376953,76.47000122070312,76.58999633789062,48.703121185302734,391700,0.0
2007-03-09,77.19999694824219,77.19999694824219,76.47000122070312,76.79000091552734,48.8303108215332,198900,0.0
2007-03-12,76.68000030517578,77.22000122070312,76.54000091552734,77.06999969482422,49.00833511352539,233300,0.0
2007-03-13,76.5999984741211,76.81999969482422,75.37000274658203,75.43000030517578,47.9654655456543,301300,0.0
2007-03-14,75.62000274658203,75.87000274658203,74.44000244140625,75.76000213623047,48.17531967163086,1168300,0.0
2007-03-15,75.66000366210938,76.44999694824219,75.66000366210938,76.16999816894531,48.43602752685547,194900,0.0
2007-03-16,76.19999694824219,76.61000061035156,75.75,75.91000366210938,48.27071762084961,278100,0.0
2007-03-19,76.30000305175781,76.8499984741211,76.23999786376953,76.7699966430664,48.817562103271484,250300,0.0
2007-03-20,76.6500015258789,77.30000305175781,76.6500015258789,77.30000305175781,49.15458679199219,148600,0.0
2007-03-21,77.25,78.86000061035156,77.22000122070312,78.63999938964844,50.0067138671875,223200,0.0
2007-03-22,78.8499984741211,78.8499984741211,78.33000183105469,78.54000091552734,49.9431037902832,173400,0.0
2007-03-23,78.5,78.8499984741211,78.48999786376953,78.62999725341797,50.00034713745117,277600,0.0
2007-03-26,78.0999984741211,78.3499984741211,77.51000213623047,78.0999984741211,49.928733825683594,259800,0.418
2007-03-27,78.05000305175781,78.0999984741211,77.69000244140625,77.87000274658203,49.78169250488281,213700,0.0
2007-03-28,77.55999755859375,77.6500015258789,77.06999969482422,77.20999908447266,49.35978317260742,325900,0.0
2007-03-29,77.8499984741211,77.8499984741211,77.06999969482422,77.55000305175781,49.577125549316406,231200,0.0
2007-03-30,77.5,77.94999694824219,76.86000061035156,77.5999984741211,49.60906219482422,199900,0.0
2007-04-02,77.66000366210938,77.9000015258789,77.16999816894531,77.51000213623047,49.55154037475586,463300,0.0
2007-04-03,78.19999694824219,78.47000122070312,77.97000122070312,78.37999725341797,50.10776138305664,142300,0.0
2007-04-04,78.33999633789062,78.37999725341797,78.1500015258789,78.23999786376953,50.01823043823242,181800,0.0
2007-04-05,78.12000274658203,78.66999816894531,78.12000274658203,78.52999877929688,50.203617095947266,165200,0.0
2007-04-09,78.68000030517578,78.86000061035156,78.61000061035156,78.63999938964844,50.273963928222656,150800,0.0
2007-04-10,78.69999694824219,78.91000366210938,78.61000061035156,78.87999725341797,50.42739486694336,143400,0.0
2007-04-11,78.9800033569336,78.9800033569336,78.19999694824219,78.4000015258789,50.120513916015625,194000,0.0
2007-04-12,78.30000305175781,78.7699966430664,78.0,78.7699966430664,50.3570556640625,134300,0.0
2007-04-13,79.0,79.08999633789062,78.0,79.05000305175781,50.536075592041016,153200,0.0
2007-04-16,79.4000015258789,79.94999694824219,79.4000015258789,79.91000366210938,51.08585739135742,403400,0.0
2007-04-17,79.94000244140625,80.13999938964844,79.70999908447266,79.88999938964844,51.07307815551758,324600,0.0
2007-04-18,79.93000030517578,80.44999694824219,79.83999633789062,80.29000091552734,51.32876968383789,160400,0.0
2007-04-19,79.80000305175781,80.36000061035156,79.75,80.1500015258789,51.23928451538086,213800,0.0
2007-04-20,80.95999908447266,80.95999908447266,80.5,80.83000183105469,51.67400360107422,230500,0.0
2007-04-23,81.0,81.05000305175781,80.61000061035156,80.61000061035156,51.53337478637695,295300,0.0
2007-04-24,81.02999877929688,81.02999877929688,80.23999786376953,80.6500015258789,51.558937072753906,254600,0.0
2007-04-25,81.0,81.54000091552734,80.76000213623047,81.44999694824219,52.07036209106445,529900,0.0
2007-04-26,81.44999694824219,81.55000305175781,81.19999694824219,81.5,52.10231399536133,237400,0.0
2007-04-27,81.2300033569336,81.5,81.04000091552734,81.31999969482422,51.98726272583008,300700,0.0
2007-04-30,81.5199966430664,81.5999984741211,80.76000213623047,80.86000061035156,51.69316482543945,228300,0.0
2007-05-01,80.80999755859375,81.0199966430664,79.88999938964844,80.87000274658203,51.69959259033203,451200,0.0
2007-05-02,81.12999725341797,81.6500015258789,81.01000213623047,81.45999908447266,52.076744079589844,397500,0.0
2007-05-03,81.80000305175781,81.95999908447266,81.58000183105469,81.8499984741211,52.326080322265625,764000,0.0
2007-05-04,82.0,82.37999725341797,81.94999694824219,82.13999938964844,52.511474609375,388100,0.0
2007-05-07,82.20999908447266,82.51000213623047,82.19000244140625,82.37000274658203,52.658504486083984,308100,0.0
2007-05-08,82.05000305175781,82.33000183105469,81.94000244140625,82.18000030517578,52.53702926635742,265800,0.0
2007-05-09,82.20999908447266,82.75,82.16999816894531,82.69000244140625,52.86305618286133,240200,0.0
2007-05-10,82.25,82.44000244140625,81.62000274658203,81.63999938964844,52.19179153442383,639500,0.0
2007-05-11,82.0,82.43000030517578,81.87999725341797,82.41999816894531,52.69047164916992,223400,0.0
2007-05-14,82.54000091552734,82.66999816894531,82.0,82.25,52.581817626953125,200900,0.0
2007-05-15,82.3499984741211,83.02999877929688,82.23999786376953,82.3499984741211,52.645729064941406,227000,0.0
2007-05-16,82.63999938964844,83.01000213623047,82.41000366210938,83.01000213623047,53.06767654418945,317200,0.0
2007-05-17,82.86000061035156,83.18000030517578,82.73999786376953,82.9800033569336,53.0484619140625,508200,0.0
2007-05-18,83.3499984741211,83.41999816894531,83.08999633789062,83.41000366210938,53.323360443115234,384000,0.0
2007-05-21,83.6500015258789,83.83000183105469,83.37999725341797,83.5199966430664,53.393707275390625,525300,0.0
2007-05-22,83.75,83.80999755859375,83.41999816894531,83.48999786376953,53.374507904052734,344200,0.0
2007-05-23,83.75,83.9800033569336,83.41999816894531,83.56999969482422,53.4256706237793,222400,0.0
2007-05-24,83.33000183105469,83.77999877929688,82.47000122070312,82.62000274658203,52.818328857421875,241200,0.0
2007-05-25,82.75,83.12999725341797,82.70999908447266,83.05999755859375,53.09961700439453,150400,0.0
2007-05-29,83.12999725341797,83.37999725341797,82.83999633789062,83.26000213623047,53.227500915527344,266900,0.0
2007-05-30,82.87999725341797,83.87000274658203,82.83999633789062,83.81999969482422,53.58550262451172,270600,0.0
2007-05-31,83.91999816894531,84.1500015258789,83.69999694824219,83.77999877929688,53.55990982055664,225000,0.0
2007-06-01,83.98999786376953,84.31999969482422,83.80000305175781,84.12000274658203,53.777278900146484,331200,0.0
2007-06-04,83.83000183105469,84.20999908447266,83.80999755859375,84.13999938964844,53.79005813598633,228600,0.0
2007-06-05,83.94999694824219,83.94999694824219,83.29000091552734,83.56999969482422,53.4256706237793,217800,0.0
2007-06-06,83.30000305175781,83.30999755859375,82.6500015258789,82.77999877929688,52.920631408691406,243800,0.0
2007-06-07,82.88999938964844,82.88999938964844,81.4000015258789,81.47000122070312,52.08314895629883,358900,0.0
2007-06-08,81.23999786376953,82.4000015258789,81.23999786376953,82.29000091552734,52.60737991333008,343600,0.0
2007-06-11,82.1500015258789,82.87000274658203,82.1500015258789,82.61000061035156,52.811927795410156,227300,0.0
2007-06-12,82.0999984741211,82.62000274658203,81.5,81.5,52.10231399536133,221500,0.0
2007-06-13,81.87999725341797,82.94000244140625,81.87999725341797,82.94000244140625,53.02289962768555,370000,0.0
2007-06-14,83.0999984741211,83.58999633789062,82.95999908447266,83.25,53.22108840942383,234800,0.0
2007-06-15,83.94999694824219,84.19000244140625,83.7300033569336,83.77999877929688,53.55990982055664,715900,0.0
2007-06-18,84.0199966430664,84.0999984741211,83.58000183105469,83.62000274658203,53.45765686035156,163700,0.0
2007-06-19,83.47000122070312,84.0,83.43000030517578,83.97000122070312,53.68136215209961,268500,0.0
2007-06-20,84.01000213623047,84.19999694824219,82.63999938964844,82.63999938964844,52.83109664916992,234300,0.0
2007-06-21,82.75,83.20999908447266,82.12999725341797,83.13999938964844,53.1507682800293,356300,0.0
2007-06-22,82.97000122070312,83.0199966430664,81.9800033569336,82.16000366210938,52.52425003051758,305300,0.0
2007-06-25,82.25,82.80000305175781,81.5,81.80999755859375,52.300506591796875,245000,0.0
2007-06-26,82.18000030517578,82.2699966430664,81.18000030517578,81.18000030517578,51.897762298583984,421900,0.0
2007-06-27,80.9000015258789,82.26000213623047,80.8499984741211,82.25,52.581817626953125,526700,0.0
2007-06-28,82.29000091552734,82.72000122070312,82.12999725341797,82.25,52.581817626953125,457200,0.0
2007-06-29,82.12000274658203,82.47000122070312,81.08999633789062,81.69999694824219,52.50210189819336,615400,0.426
2007-07-02,82.20999908447266,82.69999694824219,81.94999694824219,82.69999694824219,53.14474868774414,621900,0.0
2007-07-03,82.9000015258789,83.13999938964844,82.80000305175781,83.04000091552734,53.36323547363281,308500,0.0
2007-07-05,82.97000122070312,83.04000091552734,82.5,82.73999786376953,53.170433044433594,409700,0.0
2007-07-06,82.80000305175781,83.16999816894531,82.55999755859375,83.05000305175781,53.36962890625,145900,0.0
2007-07-09,83.19999694824219,83.2300033569336,82.8499984741211,83.12000274658203,53.414634704589844,183700,0.0
2007-07-10,82.69999694824219,82.70999908447266,81.7300033569336,81.86000061035156,52.604942321777344,245800,0.0
2007-07-11,81.61000061035156,82.33000183105469,81.58000183105469,82.29000091552734,52.88127136230469,370100,0.0
2007-07-12,82.70999908447266,83.94999694824219,82.69999694824219,83.94999694824219,53.948020935058594,296900,0.0
2007-07-13,83.83000183105469,84.4000015258789,83.79000091552734,84.16999816894531,54.08938217163086,385300,0.0
2007-07-16,84.06999969482422,84.48999786376953,83.97000122070312,84.06999969482422,54.02513122558594,381000,0.0
2007-07-17,84.25,84.41999816894531,84.0,84.04000091552734,54.005863189697266,166500,0.0
2007-07-18,83.69999694824219,83.9000015258789,82.93000030517578,83.62999725341797,53.742366790771484,459400,0.0
2007-07-19,84.11000061035156,84.23999786376953,83.69000244140625,83.94000244140625,53.94157791137695,360400,0.0
2007-07-20,83.73999786376953,83.79000091552734,82.5199966430664,82.8499984741211,53.24111557006836,321700,0.0
2007-07-23,83.36000061035156,83.58000183105469,83.1500015258789,83.19999694824219,53.46604537963867,133500,0.0
2007-07-24,82.54000091552734,82.83000183105469,81.22000122070312,81.54000091552734,52.399288177490234,346300,0.0
2007-07-25,82.08000183105469,82.25,80.87999725341797,81.69999694824219,52.50210189819336,314900,0.0
2007-07-26,80.5999984741211,81.0,78.66999816894531,79.72000122070312,51.22972869873047,652000,0.0
2007-07-27,79.62000274658203,80.1500015258789,78.19000244140625,78.2699966430664,50.297908782958984,680600,0.0
2007-07-30,78.69000244140625,79.5999984741211,78.25,79.33999633789062,50.985530853271484,607700,0.0
2007-07-31,79.95999908447266,80.33999633789062,78.36000061035156,78.55000305175781,50.47786331176758,444100,0.0
2007-08-01,78.48999786376953,79.05000305175781,77.41999816894531,78.81999969482422,50.6513786315918,2185500,0.0
2007-08-02,79.29000091552734,79.55000305175781,78.72000122070312,79.45999908447266,51.06264114379883,403900,0.0
2007-08-03,79.37000274658203,79.5199966430664,76.95999908447266,77.13999938964844,49.5717658996582,611300,0.0
2007-08-06,77.55999755859375,78.9800033569336,76.31999969482422,78.9800033569336,50.754188537597656,1297500,0.0
2007-08-07,78.43000030517578,80.26000213623047,78.33999633789062,79.48999786376953,51.08194351196289,664900,0.0
2007-08-08,79.7300033569336,81.05000305175781,79.44000244140625,80.6500015258789,51.82736587524414,339800,0.0
2007-08-09,78.9800033569336,79.91000366210938,77.81999969482422,78.06999969482422,50.169395446777344,861200,0.0
2007-08-10,77.0,78.5999984741211,76.61000061035156,78.06999969482422,50.169395446777344,315400,0.0
2007-08-13,78.91999816894531,78.98999786376953,78.0999984741211,78.0999984741211,50.18867874145508,210300,0.0
2007-08-14,78.43000030517578,78.43000030517578,76.61000061035156,76.61000061035156,49.231163024902344,227700,0.0
2007-08-15,76.5,77.52999877929688,75.37999725341797,75.5999984741211,48.58211898803711,892500,0.0
2007-08-16,74.72000122070312,76.80000305175781,73.66999816894531,76.62000274658203,49.237606048583984,811500,0.0
2007-08-17,78.9000015258789,79.0,76.80999755859375,78.30000305175781,50.31721496582031,578100,0.0
2007-08-20,78.5999984741211,78.5999984741211,77.33999633789062,78.05000305175781,50.15654373168945,831500,0.0
2007-08-21,77.9000015258789,78.95999908447266,77.9000015258789,78.41999816894531,50.39431381225586,846200,0.0
2007-08-22,79.19999694824219,79.47000122070312,78.61000061035156,79.37000274658203,51.004791259765625,338500,0.0
2007-08-23,79.91999816894531,79.91999816894531,78.80999755859375,79.2699966430664,50.94054412841797,341100,0.0
2007-08-24,79.26000213623047,80.16999816894531,79.12000274658203,80.16999816894531,51.51887512207031,355200,0.0
2007-08-27,79.88999938964844,79.95999908447266,79.30000305175781,79.4000015258789,51.024078369140625,264400,0.0
2007-08-28,78.8499984741211,78.8499984741211,77.19000244140625,77.41999816894531,49.75170135498047,495300,0.0
2007-08-29,77.88999938964844,79.08000183105469,77.45999908447266,78.91999816894531,50.71562576293945,392800,0.0
2007-08-30,78.26000213623047,79.12999725341797,78.19000244140625,78.5199966430664,50.458553314208984,991900,0.0
2007-08-31,79.44000244140625,79.95999908447266,78.95999908447266,79.45999908447266,51.06264114379883,318700,0.0
2007-09-04,79.30000305175781,80.72000122070312,79.29000091552734,80.1500015258789,51.50605392456055,1726000,0.0
2007-09-05,79.5199966430664,79.69000244140625,78.87999725341797,79.19000244140625,50.889156341552734,344700,0.0
2007-09-06,79.3499984741211,79.66999816894531,78.83999633789062,79.61000061035156,51.1590461730957,208300,0.0
2007-09-07,78.5199966430664,78.87999725341797,77.94999694824219,78.26000213623047,50.29150390625,258800,0.0
2007-09-10,78.54000091552734,78.68000030517578,77.37999725341797,78.22000122070312,50.26579284667969,337200,0.0
2007-09-11,78.41000366210938,79.18000030517578,78.41000366210938,79.11000061035156,50.83772659301758,250500,0.0
2007-09-12,78.87999725341797,79.41999816894531,78.72000122070312,79.16999816894531,50.876285552978516,196600,0.0
2007-09-13,79.3499984741211,82.1500015258789,79.3499984741211,79.80999755859375,51.28755569458008,451400,0.0
2007-09-14,79.30000305175781,79.94999694824219,79.20999908447266,79.94999694824219,51.37750244140625,254100,0.0
2007-09-17,79.58000183105469,79.69000244140625,79.16000366210938,79.38999938964844,51.01766586303711,278300,0.0
2007-09-18,79.86000061035156,81.98999786376953,79.55999755859375,81.9000015258789,52.630645751953125,1023900,0.0
2007-09-19,82.5199966430664,83.04000091552734,82.12000274658203,82.4000015258789,52.95195007324219,213000,0.0
2007-09-20,82.43000030517578,82.48999786376953,81.62000274658203,81.75,52.53423309326172,195200,0.0
2007-09-21,82.25,82.38999938964844,82.0,82.02999877929688,52.71419143676758,263500,0.0
2007-09-24,82.06999969482422,82.37000274658203,81.55000305175781,81.80000305175781,52.56637954711914,253100,0.0
2007-09-25,81.12000274658203,81.5999984741211,80.9800033569336,81.55000305175781,52.40571975708008,346600,0.0
2007-09-26,81.3499984741211,81.7699966430664,81.13999938964844,81.5199966430664,52.6829719543457,294700,0.459
2007-09-27,81.72000122070312,81.88999938964844,81.45999908447266,81.80000305175781,52.86393356323242,239900,0.0
2007-09-28,81.76000213623047,81.87999725341797,81.27999877929688,81.45999908447266,52.6441764831543,171600,0.0
2007-10-01,81.80000305175781,82.77999877929688,80.0,82.70999908447266,53.4520149230957,262500,0.0
2007-10-02,82.75,82.80999755859375,82.41999816894531,82.80000305175781,53.51018142700195,384800,0.0
2007-10-03,82.55000305175781,82.80999755859375,82.30000305175781,82.41999816894531,53.264591217041016,376100,0.0
2007-10-04,82.62000274658203,82.83000183105469,82.51000213623047,82.7300033569336,53.46495056152344,489400,0.0
2007-10-05,83.30999755859375,83.86000061035156,83.08999633789062,83.56999969482422,54.0078239440918,167700,0.0
2007-10-08,83.48999786376953,83.5199966430664,83.05000305175781,83.19000244140625,53.76221466064453,132300,0.0
2007-10-09,83.4000015258789,83.83000183105469,83.02999877929688,83.76000213623047,54.130592346191406,165400,0.0
2007-10-10,83.75,83.75,83.12999725341797,83.47000122070312,53.943172454833984,341300,0.0
2007-10-11,83.94999694824219,84.29000091552734,82.76000213623047,83.16999816894531,53.749298095703125,565800,0.0
2007-10-12,83.04000091552734,83.5199966430664,83.02999877929688,83.4800033569336,53.94963455200195,211800,0.0
2007-10-15,83.66999816894531,83.97000122070312,82.20999908447266,82.68000030517578,53.43263244628906,255300,0.0
2007-10-16,82.5,82.5,81.79000091552734,81.91999816894531,52.941463470458984,278000,0.0
2007-10-17,82.77999877929688,82.77999877929688,81.27999877929688,81.94999694824219,52.96086120605469,246500,0.0
2007-10-18,81.6500015258789,82.05999755859375,81.44999694824219,81.76000213623047,52.838069915771484,304900,0.0
2007-10-19,81.44000244140625,81.44999694824219,79.62999725341797,79.62999725341797,51.4615364074707,357200,0.0
2007-10-22,79.0999984741211,80.25,79.0999984741211,80.05000305175781,51.73295974731445,389400,0.0
2007-10-23,80.66999816894531,80.79000091552734,79.9000015258789,80.79000091552734,52.21118927001953,664400,0.0
2007-10-24,80.33000183105469,80.58999633789062,78.95999908447266,80.38999938964844,51.952693939208984,415500,0.0
2007-10-25,80.45999908447266,80.83000183105469,79.61000061035156,80.6500015258789,52.12070846557617,429800,0.0
2007-10-26,81.54000091552734,81.83000183105469,80.76000213623047,81.80000305175781,52.86393356323242,530700,0.0
2007-10-29,81.8499984741211,82.19000244140625,81.69999694824219,81.91000366210938,52.93503189086914,289900,0.0
2007-10-30,81.7300033569336,81.7699966430664,81.30000305175781,81.36000061035156,52.57957077026367,343400,0.0
2007-10-31,81.79000091552734,82.55999755859375,81.27999877929688,82.31999969482422,53.1999626159668,303000,0.0
2007-11-01,81.41000366210938,81.44999694824219,79.88999938964844,80.0,51.70063018798828,486200,0.0
2007-11-02,80.05000305175781,80.08999633789062,78.87999725341797,79.91000366210938,51.64249801635742,444000,0.0
2007-11-05,79.55999755859375,79.70999908447266,78.52999877929688,79.05999755859375,51.09317398071289,465500,0.0
2007-11-06,79.36000061035156,80.12000274658203,78.94000244140625,80.0999984741211,51.76529312133789,392600,0.0
2007-11-07,78.4800033569336,79.4800033569336,77.56999969482422,77.5999984741211,50.149635314941406,391700,0.0
2007-11-08,77.5199966430664,78.19999694824219,76.36000061035156,77.76000213623047,50.25303649902344,744200,0.0
2007-11-09,76.9000015258789,78.19000244140625,76.55000305175781,77.0,49.76185989379883,1269300,0.0
2007-11-12,77.22000122070312,77.77999877929688,76.22000122070312,76.26000213623047,49.28364944458008,531200,0.0
2007-11-13,76.95999908447266,78.69000244140625,76.95999908447266,78.63999938964844,50.82175064086914,386100,0.0
2007-11-14,79.69999694824219,79.69999694824219,77.87999725341797,78.06999969482422,50.453372955322266,318600,0.0
2007-11-15,77.66999816894531,78.1500015258789,76.44000244140625,76.91000366210938,49.703712463378906,396400,0.0
2007-11-16,76.7699966430664,77.36000061035156,76.30999755859375,77.05999755859375,49.80066680908203,288800,0.0
2007-11-19,76.62999725341797,76.62999725341797,75.27999877929688,75.44999694824219,48.76018524169922,632700,0.0
2007-11-20,76.06999969482422,76.27999877929688,74.41999816894531,75.5,48.7924919128418,527400,0.0
2007-11-21,74.8499984741211,75.41999816894531,74.18000030517578,74.38999938964844,48.07514190673828,559300,0.0
2007-11-23,75.06999969482422,75.76000213623047,74.87999725341797,75.63999938964844,48.88298034667969,131000,0.0
2007-11-26,75.43000030517578,75.91999816894531,73.5999984741211,73.6500015258789,47.596927642822266,518800,0.0
2007-11-27,74.79000091552734,74.98999786376953,73.79000091552734,74.75,48.307796478271484,641000,0.0
2007-11-28,75.79000091552734,77.44999694824219,75.66999816894531,77.30999755859375,49.96221160888672,337300,0.0
2007-11-29,77.0999984741211,77.54000091552734,76.6500015258789,77.30000305175781,49.95576477050781,462200,0.0
2007-11-30,78.5,78.83999633789062,77.81999969482422,78.55000305175781,50.76357650756836,578600,0.0
2007-12-03,77.88999938964844,78.37999725341797,77.72000122070312,77.94999694824219,50.375823974609375,295300,0.0
2007-12-04,77.62999725341797,77.69999694824219,77.0999984741211,77.3499984741211,49.98807907104492,464400,0.0
2007-12-05,77.93000030517578,78.61000061035156,77.87000274658203,78.61000061035156,50.80236053466797,413300,0.0
2007-12-06,78.41000366210938,79.7699966430664,78.3499984741211,79.5199966430664,51.390438079833984,541600,0.0
2007-12-07,80.01000213623047,80.01000213623047,79.4000015258789,79.4000015258789,51.3128776550293,394800,0.0
2007-12-10,79.80999755859375,80.5,79.61000061035156,80.4000015258789,51.959163665771484,685900,0.0
2007-12-11,80.75,80.9000015258789,77.94999694824219,78.08000183105469,50.4598388671875,713800,0.0
2007-12-12,80.08999633789062,80.22000122070312,77.29000091552734,78.30000305175781,50.60203552246094,1169400,0.0
2007-12-13,77.77999877929688,78.5999984741211,77.30000305175781,78.54000091552734,50.75712966918945,989400,0.0
2007-12-14,77.66000366210938,78.44000244140625,77.27999877929688,77.3499984741211,49.98807907104492,531200,0.0
2007-12-17,76.9000015258789,77.18000030517578,76.05999755859375,76.05999755859375,49.15438461303711,869800,0.0
2007-12-18,76.83000183105469,76.95999908447266,75.5999984741211,76.56999969482422,49.48398208618164,1297100,0.0
2007-12-19,76.76000213623047,77.16999816894531,76.0,76.45999908447266,49.41288757324219,780700,0.0
2007-12-20,77.12000274658203,77.12000274658203,75.91999816894531,76.62999725341797,49.52277374267578,854200,0.0
2007-12-21,77.87000274658203,78.12000274658203,77.33999633789062,77.9800033569336,50.39522933959961,691100,0.0
2007-12-24,78.23999786376953,78.80000305175781,78.19000244140625,78.80000305175781,50.9251594543457,346900,0.0
2007-12-26,78.41999816894531,78.72000122070312,78.19999694824219,78.55999755859375,50.77005386352539,676600,0.0
2007-12-27,77.68000030517578,77.95999908447266,76.94999694824219,77.23999786376953,50.21354675292969,700800,0.464
2007-12-28,77.70999908447266,77.70999908447266,76.69000244140625,77.0199966430664,50.07053756713867,533100,0.0
2007-12-31,76.81999969482422,77.0,76.33000183105469,76.36000061035156,49.64147186279297,749200,0.0
2008-01-02,76.38999938964844,76.72000122070312,75.0999984741211,75.3499984741211,48.98487091064453,819300,0.0
2008-01-03,75.51000213623047,75.76000213623047,75.0999984741211,75.18000030517578,48.874366760253906,567200,0.0
2008-01-04,74.5,74.68000030517578,73.58000183105469,73.58999633789062,47.84070587158203,546100,0.0
2008-01-07,73.9800033569336,74.51000213623047,73.33000183105469,74.0999984741211,48.1722412109375,1226800,0.0
2008-01-08,74.27999877929688,74.87000274658203,72.4000015258789,72.5199966430664,47.14509201049805,586300,0.0
2008-01-09,72.72000122070312,73.41000366210938,71.70999908447266,73.36000061035156,47.69118881225586,633100,0.0
2008-01-10,72.72000122070312,74.7699966430664,72.58999633789062,74.16999816894531,48.2177619934082,1078600,0.0
2008-01-11,73.56999969482422,74.31999969482422,73.06999969482422,73.41999816894531,47.730186462402344,914900,0.0
2008-01-14,73.94999694824219,74.20999908447266,73.47000122070312,74.08999633789062,48.165748596191406,787400,0.0
2008-01-15,73.0999984741211,73.3499984741211,72.1500015258789,72.27999877929688,46.989070892333984,586700,0.0
2008-01-16,72.05000305175781,73.41999816894531,71.61000061035156,72.43000030517578,47.08658218383789,853600,0.0
2008-01-17,72.43000030517578,72.55999755859375,69.9000015258789,70.19999694824219,45.636871337890625,1282900,0.0
2008-01-18,70.68000030517578,70.86000061035156,68.66999816894531,69.2300033569336,45.00628662109375,1428100,0.0
2008-01-22,66.16999816894531,69.80000305175781,49.650001525878906,69.2300033569336,45.00628662109375,2587200,0.0
2008-01-23,67.44000244140625,71.4800033569336,67.08000183105469,71.33000183105469,46.371482849121094,1739600,0.0
2008-01-24,71.48999786376953,71.9800033569336,70.94000244140625,71.68000030517578,46.5990104675293,1072300,0.0
2008-01-25,72.36000061035156,72.58000183105469,70.3499984741211,70.6500015258789,45.92941665649414,1026700,0.0
2008-01-28,70.61000061035156,72.12999725341797,70.13999938964844,72.12000274658203,46.88506317138672,693100,0.0
2008-01-29,72.72000122070312,73.0199966430664,72.0199966430664,72.80999755859375,47.3336181640625,628900,0.0
2008-01-30,72.7300033569336,74.30999755859375,72.33000183105469,72.41999816894531,47.08009719848633,608900,0.0
2008-01-31,71.37999725341797,74.4800033569336,71.29000091552734,73.72000122070312,47.92522430419922,999300,0.0
2008-02-01,74.0999984741211,75.12000274658203,73.94000244140625,75.0199966430664,48.770355224609375,582600,0.0
2008-02-04,75.01000213623047,75.01000213623047,74.02999877929688,74.18000030517578,48.22425079345703,722400,0.0
2008-02-05,73.08999633789062,73.16000366210938,71.63999938964844,71.63999938964844,46.57301712036133,1534700,0.0
2008-02-06,72.0199966430664,72.62000274658203,71.16000366210938,71.25,46.319480895996094,763500,0.0
2008-02-07,70.83000183105469,72.2699966430664,70.75,71.83999633789062,46.703033447265625,567400,0.0
2008-02-08,71.33999633789062,71.76000213623047,70.5199966430664,71.0999984741211,46.22196578979492,856800,0.0
2008-02-11,71.08999633789062,71.3499984741211,70.2300033569336,71.13999938964844,46.247962951660156,621900,0.0
2008-02-12,71.76000213623047,72.5199966430664,71.33999633789062,71.76000213623047,46.65103530883789,3010300,0.0
2008-02-13,72.58999633789062,72.9000015258789,71.88999938964844,72.79000091552734,47.320640563964844,862800,0.0
2008-02-14,72.70999908447266,72.83999633789062,71.61000061035156,71.6500015258789,46.57952117919922,1469000,0.0
2008-02-15,71.43000030517578,71.95999908447266,71.1500015258789,71.93000030517578,46.76152420043945,1100200,0.0
2008-02-19,72.72000122070312,72.80000305175781,71.4000015258789,71.62000274658203,46.56000900268555,1426100,0.0
2008-02-20,71.08999633789062,72.30000305175781,70.77999877929688,72.04000091552734,46.833065032958984,1431200,0.0
2008-02-21,72.48999786376953,72.62000274658203,71.04000091552734,71.23999786376953,46.31298065185547,1829000,0.0
2008-02-22,71.51000213623047,72.11000061035156,70.33000183105469,72.01000213623047,46.81354522705078,1742200,0.0
2008-02-25,71.86000061035156,73.04000091552734,71.38999938964844,72.93000030517578,47.41162872314453,2717700,0.0
2008-02-26,72.5,73.6500015258789,72.37000274658203,73.30999755859375,47.658660888671875,2183200,0.0
2008-02-27,72.77999877929688,73.76000213623047,72.73999786376953,73.26000213623047,47.62615203857422,1775200,0.0
2008-02-28,72.7300033569336,72.77999877929688,71.97000122070312,72.12999725341797,46.89157485961914,1095300,0.0
2008-02-29,71.47000122070312,71.47000122070312,69.83000183105469,70.22000122070312,45.64986801147461,801300,0.0
2008-03-03,69.93000030517578,70.19999694824219,69.4000015258789,70.06999969482422,45.5523567199707,1382200,0.0
2008-03-04,69.29000091552734,70.05000305175781,68.80000305175781,69.79000091552734,45.37033462524414,672300,0.0
2008-03-05,69.9800033569336,70.70999908447266,69.33000183105469,70.01000213623047,45.51335525512695,1114900,0.0
2008-03-06,69.66000366210938,69.75,68.29000091552734,68.33999633789062,44.42767333984375,641100,0.0
2008-03-07,67.72000122070312,69.01000213623047,67.33999633789062,68.0,44.206668853759766,830900,0.0
2008-03-10,68.1500015258789,68.1500015258789,66.70999908447266,66.9000015258789,43.49154281616211,625500,0.0
2008-03-11,67.75,69.5199966430664,67.58999633789062,69.5199966430664,45.19480895996094,688000,0.0
2008-03-12,69.62000274658203,70.45999908447266,68.83000183105469,68.91000366210938,44.79825210571289,947300,0.0
2008-03-13,67.80000305175781,69.4000015258789,67.16999816894531,68.91999816894531,44.80474853515625,1214100,0.0
2008-03-14,69.33999633789062,69.55999755859375,66.68000030517578,67.44000244140625,43.84259033203125,1112800,0.0
2008-03-17,65.83999633789062,67.52999877929688,65.0,66.97000122070312,43.537044525146484,1303300,0.0
2008-03-18,68.43000030517578,70.04000091552734,68.12999725341797,69.97000122070312,45.48735046386719,1004500,0.0
2008-03-19,70.5199966430664,70.91999816894531,68.63999938964844,68.63999938964844,44.622718811035156,739700,0.0
2008-03-20,68.94000244140625,71.0199966430664,68.81999969482422,70.86000061035156,46.065921783447266,859200,0.0
2008-03-24,71.2699966430664,72.33999633789062,71.23999786376953,71.83000183105469,46.69651794433594,2602200,0.0
2008-03-25,71.25,71.61000061035156,70.66000366210938,71.26000213623047,46.66181945800781,654600,0.517
2008-03-26,70.94000244140625,70.94000244140625,70.0199966430664,70.25,46.00046920776367,465100,0.0
2008-03-27,70.77999877929688,70.77999877929688,69.45999908447266,69.55999755859375,45.54864501953125,911600,0.0
2008-03-28,69.69000244140625,69.95999908447266,68.7699966430664,68.83999633789062,45.077186584472656,851200,0.0
2008-03-31,68.8499984741211,69.73999786376953,68.58999633789062,69.23999786376953,45.33909225463867,526300,0.0
2008-04-01,70.43000030517578,72.18000030517578,70.23999786376953,72.06999969482422,47.19221878051758,1630300,0.0
2008-04-02,72.3499984741211,72.5999984741211,71.55999755859375,71.83999633789062,47.041629791259766,549300,0.0
2008-04-03,71.58000183105469,72.37000274658203,71.30000305175781,72.02999877929688,47.166038513183594,856300,0.0
2008-04-04,72.23999786376953,72.33999633789062,71.47000122070312,71.86000061035156,47.05472183227539,581700,0.0
2008-04-07,72.2300033569336,72.73999786376953,71.83000183105469,72.04000091552734,47.172584533691406,500500,0.0
2008-04-08,71.6500015258789,71.77999877929688,71.19000244140625,71.45999908447266,46.79277038574219,374700,0.0
2008-04-09,71.44999694824219,71.63999938964844,70.45999908447266,70.58000183105469,46.21656799316406,395600,0.0
2008-04-10,70.58999633789062,71.33000183105469,70.26000213623047,70.7699966430664,46.3409538269043,751800,0.0
2008-04-11,69.69000244140625,70.23999786376953,69.11000061035156,69.2699966430664,45.358734130859375,733800,0.0
2008-04-14,69.02999877929688,69.0999984741211,68.5,68.69999694824219,44.985504150390625,915900,0.0
2008-04-15,69.18000030517578,69.2300033569336,68.47000122070312,69.05000305175781,45.21468734741211,875800,0.0
2008-04-16,69.73999786376953,70.63999938964844,69.69999694824219,70.58000183105469,46.21656799316406,396100,0.0
2008-04-17,70.2699966430664,70.9000015258789,70.13999938964844,70.69000244140625,46.288597106933594,1596000,0.0
2008-04-18,72.04000091552734,72.27999877929688,71.56999969482422,71.8499984741211,47.04816436767578,451500,0.0
2008-04-21,71.48999786376953,71.48999786376953,70.91999816894531,71.37999725341797,46.74040222167969,357400,0.0
2008-04-22,71.0199966430664,71.16999816894531,70.41000366210938,70.79000091552734,46.35407257080078,345200,0.0
2008-04-23,71.02999877929688,71.31999969482422,70.37000274658203,70.8499984741211,46.39335250854492,388200,0.0
2008-04-24,71.05999755859375,72.27999877929688,70.68000030517578,71.80000305175781,47.01543426513672,399800,0.0
2008-04-25,72.12000274658203,72.58999633789062,71.44999694824219,72.56999969482422,47.51964569091797,271100,0.0
2008-04-28,72.66999816894531,72.80999755859375,72.2699966430664,72.43000030517578,47.42795944213867,330700,0.0
2008-04-29,72.45999908447266,72.55000305175781,71.87999725341797,72.19999694824219,47.27734375,270700,0.0
2008-04-30,72.3499984741211,73.04000091552734,71.72000122070312,71.79000091552734,47.00888442993164,536100,0.0
2008-05-01,72.0,73.61000061035156,71.9000015258789,73.5999984741211,48.1940803527832,557900,0.0
2008-05-02,74.38999938964844,74.4000015258789,73.4000015258789,73.75,48.292301177978516,374300,0.0
2008-05-05,73.68000030517578,73.69999694824219,73.01000213623047,73.30000305175781,47.99764633178711,289300,0.0
2008-05-06,72.94000244140625,73.87000274658203,72.5,73.7699966430664,48.30540466308594,361300,0.0
2008-05-07,73.62000274658203,73.77999877929688,72.12000274658203,72.1500015258789,47.24460983276367,683500,0.0
2008-05-08,72.55999755859375,72.68000030517578,71.83000183105469,72.26000213623047,47.316646575927734,417300,0.0
2008-05-09,71.86000061035156,72.25,71.55000305175781,71.73999786376953,46.976158142089844,447600,0.0
2008-05-12,71.87000274658203,72.7300033569336,71.83000183105469,72.69000244140625,47.59820556640625,351400,0.0
2008-05-13,73.0199966430664,73.0199966430664,72.23999786376953,72.52999877929688,47.493446350097656,275100,0.0
2008-05-14,72.93000030517578,73.48999786376953,72.77999877929688,73.0,47.80119323730469,275000,0.0
2008-05-15,73.13999938964844,73.77999877929688,72.80999755859375,73.69999694824219,48.25957489013672,316300,0.0
2008-05-16,73.95999908447266,73.95999908447266,73.04000091552734,73.47000122070312,48.10895919799805,228300,0.0
2008-05-19,73.69000244140625,74.36000061035156,73.4000015258789,73.6500015258789,48.226844787597656,250200,0.0
2008-05-20,73.41000366210938,73.4800033569336,72.44000244140625,72.70999908447266,47.61132049560547,483900,0.0
2008-05-21,72.6500015258789,72.9000015258789,71.36000061035156,71.4800033569336,46.80588150024414,723300,0.0
2008-05-22,71.4000015258789,72.08999633789062,71.36000061035156,71.76000213623047,46.989227294921875,1602800,0.0
2008-05-23,71.44000244140625,71.44999694824219,70.58000183105469,70.62000274658203,46.24275588989258,1298400,0.0
2008-05-27,70.55000305175781,71.29000091552734,70.4800033569336,71.13999938964844,46.583255767822266,274700,0.0
2008-05-28,71.4800033569336,71.55000305175781,70.66999816894531,71.3499984741211,46.72077941894531,748300,0.0
2008-05-29,71.30000305175781,72.36000061035156,71.22000122070312,72.0,47.146385192871094,420500,0.0
2008-05-30,72.11000061035156,72.20999908447266,71.75,71.80999755859375,47.0219841003418,467500,0.0
2008-06-02,71.76000213623047,71.76000213623047,70.55999755859375,71.06999969482422,46.53740692138672,401900,0.0
2008-06-03,71.38999938964844,71.38999938964844,70.12999725341797,70.58999633789062,46.22309875488281,743300,0.0
2008-06-04,70.37999725341797,71.13999938964844,70.20999908447266,70.58000183105469,46.21656799316406,804100,0.0
2008-06-05,70.8499984741211,71.75,70.62000274658203,71.72000122070312,46.96303939819336,381800,0.0
2008-06-06,70.80000305175781,71.1500015258789,69.2300033569336,69.25,45.345638275146484,400700,0.0
2008-06-09,69.51000213623047,69.75,68.54000091552734,68.94999694824219,45.14921188354492,527500,0.0
2008-06-10,68.62999725341797,69.41999816894531,68.29000091552734,68.91000366210938,45.12303924560547,614900,0.0
2008-06-11,68.80000305175781,68.80000305175781,67.44000244140625,67.47000122070312,44.180091857910156,398300,0.0
2008-06-12,67.62000274658203,68.63999938964844,67.33999633789062,67.80000305175781,44.396183013916016,381500,0.0
2008-06-13,68.37999725341797,68.83000183105469,67.80000305175781,68.77999877929688,45.03789520263672,349800,0.0
2008-06-16,68.27999877929688,69.08000183105469,68.19000244140625,68.79000091552734,45.044456481933594,444300,0.0
2008-06-17,69.12999725341797,69.19999694824219,67.94000244140625,67.94000244140625,44.487850189208984,373500,0.0
2008-06-18,67.5999984741211,67.7699966430664,66.94999694824219,67.29000091552734,44.062225341796875,467900,0.0
2008-06-19,67.0999984741211,67.72000122070312,66.76000213623047,67.52999877929688,44.219383239746094,593500,0.0
2008-06-20,66.77999877929688,67.02999877929688,66.05000305175781,66.2300033569336,43.368133544921875,497600,0.0
2008-06-23,66.44000244140625,66.56999969482422,65.69000244140625,65.81999969482422,43.09965896606445,432300,0.0
2008-06-24,65.25,66.05999755859375,64.69999694824219,65.5,43.187347412109375,585900,0.453
2008-06-25,65.87000274658203,66.76000213623047,65.76000213623047,65.9000015258789,43.45110321044922,957300,0.0
2008-06-26,65.26000213623047,65.26000213623047,63.7400016784668,63.7400016784668,42.026912689208984,542700,0.0
2008-06-27,63.939998626708984,64.11000061035156,63.040000915527344,63.43000030517578,41.8224983215332,696600,0.0
2008-06-30,63.36000061035156,63.90999984741211,63.0,63.400001525878906,41.80271911621094,1197000,0.0
2008-07-01,62.79999923706055,63.709999084472656,62.33000183105469,63.65999984741211,41.974151611328125,1897000,0.0
2008-07-02,63.72999954223633,64.08999633789062,62.58000183105469,62.61000061035156,41.28182601928711,1003400,0.0
2008-07-03,62.970001220703125,63.08000183105469,62.09000015258789,62.599998474121094,41.27522659301758,1932300,0.0
2008-07-07,63.02000045776367,63.2599983215332,61.29999923706055,61.84000015258789,40.77412796020508,1389600,0.0
2008-07-08,61.97999954223633,63.63999938964844,61.689998626708984,63.619998931884766,41.94777297973633,1756000,0.0
2008-07-09,63.849998474121094,63.900001525878906,62.0,62.099998474121094,40.94554901123047,1067300,0.0
2008-07-10,62.130001068115234,62.630001068115234,61.470001220703125,62.27000045776367,41.05765914916992,1298500,0.0
2008-07-11,61.43000030517578,62.41999816894531,60.68000030517578,61.349998474121094,40.45105743408203,4049400,0.0
2008-07-14,62.20000076293945,62.380001068115234,60.279998779296875,60.380001068115234,39.81148910522461,2081200,0.0
2008-07-15,59.7400016784668,60.790000915527344,58.72999954223633,59.599998474121094,39.297176361083984,3164900,0.0
2008-07-16,60.0,62.11000061035156,59.66999816894531,62.099998474121094,40.94554901123047,1945900,0.0
2008-07-17,62.68000030517578,63.529998779296875,61.939998626708984,63.27000045776367,41.717002868652344,3396500,0.0
2008-07-18,63.52000045776367,63.810001373291016,62.91999816894531,63.61000061035156,41.94116973876953,1924300,0.0
2008-07-21,63.83000183105469,64.13999938964844,63.16999816894531,63.31999969482422,41.74998092651367,1293100,0.0
2008-07-22,63.189998626708984,64.9000015258789,62.63999938964844,64.86000061035156,42.7653694152832,1939800,0.0
2008-07-23,65.22000122070312,66.12000274658203,64.83000183105469,65.44999694824219,43.15437316894531,2033900,0.0
2008-07-24,65.58999633789062,65.58999633789062,63.43000030517578,63.56999969482422,41.914825439453125,2369500,0.0
2008-07-25,63.81999969482422,64.06999969482422,63.11000061035156,63.40999984741211,41.80930709838867,1970400,0.0
2008-07-28,63.040000915527344,63.630001068115234,61.95000076293945,61.970001220703125,40.8598518371582,1429600,0.0
2008-07-29,62.25,63.939998626708984,61.970001220703125,63.88999938964844,42.12579345703125,1622200,0.0
2008-07-30,64.27999877929688,65.0999984741211,63.95000076293945,64.94000244140625,42.8181037902832,2025900,0.0
2008-07-31,64.4800033569336,65.23999786376953,64.18000030517578,64.26000213623047,42.369754791259766,1985300,0.0
2008-08-01,64.3499984741211,64.76000213623047,63.470001220703125,63.9900016784668,42.19173812866211,1203300,0.0
2008-08-04,63.880001068115234,64.30999755859375,63.27000045776367,63.68000030517578,41.987335205078125,750200,0.0
2008-08-05,64.41000366210938,65.68000030517578,64.22000122070312,65.62000274658203,43.26646423339844,936100,0.0
2008-08-06,65.33000183105469,65.7300033569336,64.91999816894531,65.5199966430664,43.20053482055664,762400,0.0
2008-08-07,64.80000305175781,65.18000030517578,63.90999984741211,64.12999725341797,42.28403091430664,669200,0.0
2008-08-08,64.0999984741211,66.12000274658203,63.939998626708984,65.9000015258789,43.45110321044922,1077200,0.0
2008-08-11,65.83999633789062,67.25,65.63999938964844,66.58999633789062,43.906044006347656,1162700,0.0
2008-08-12,66.4000015258789,66.41000366210938,65.02999877929688,65.36000061035156,43.09504699707031,708100,0.0
2008-08-13,64.9800033569336,65.25,64.06999969482422,64.72000122070312,42.67304992675781,1280900,0.0
2008-08-14,64.33000183105469,65.77999877929688,64.19000244140625,65.33000183105469,43.07524490356445,757600,0.0
2008-08-15,65.6500015258789,66.11000061035156,65.38999938964844,65.83999633789062,43.41154098510742,504100,0.0
2008-08-18,66.0,66.0,64.47000122070312,64.73999786376953,42.686256408691406,719700,0.0
2008-08-19,64.27999877929688,64.30000305175781,63.38999938964844,63.66999816894531,41.980743408203125,453200,0.0
2008-08-20,63.83000183105469,64.16000366210938,63.029998779296875,64.05000305175781,42.231292724609375,541400,0.0
2008-08-21,63.43000030517578,64.19000244140625,63.20000076293945,64.0199966430664,42.21150207519531,684600,0.0
2008-08-22,64.47000122070312,65.05999755859375,64.41000366210938,65.01000213623047,42.8642578125,304900,0.0
2008-08-25,64.69999694824219,64.69999694824219,63.61000061035156,63.689998626708984,41.99393081665039,737800,0.0
2008-08-26,63.59000015258789,64.11000061035156,63.34000015258789,63.86000061035156,42.10601043701172,393300,0.0
2008-08-27,63.97999954223633,64.5999984741211,63.66999816894531,64.41999816894531,42.47525405883789,314200,0.0
2008-08-28,64.91000366210938,65.83000183105469,64.80999755859375,65.77999877929688,43.37196350097656,403200,0.0
2008-08-29,65.5,65.83000183105469,65.12000274658203,65.16999816894531,42.96977615356445,718300,0.0
2008-09-02,66.0999984741211,66.66000366210938,64.95999908447266,65.37999725341797,43.108238220214844,710100,0.0
2008-09-03,65.30000305175781,65.62999725341797,64.83999633789062,65.47000122070312,43.16756820678711,710200,0.0
2008-09-04,64.86000061035156,65.11000061035156,63.27000045776367,63.279998779296875,41.723594665527344,874500,0.0
2008-09-05,62.93000030517578,64.0,62.310001373291016,63.90999984741211,42.13899612426758,815200,0.0
2008-09-08,66.54000091552734,67.2300033569336,64.55000305175781,65.87000274658203,43.43132781982422,1339800,0.0
2008-09-09,65.45999908447266,66.87000274658203,63.47999954223633,63.52000045776367,41.88184356689453,1137100,0.0
2008-09-10,63.97999954223633,64.25,62.900001525878906,63.470001220703125,41.8488655090332,1169100,0.0
2008-09-11,62.650001525878906,64.44999694824219,62.20000076293945,64.44999694824219,42.495033264160156,1479300,0.0
2008-09-12,63.65999984741211,64.5999984741211,63.38999938964844,64.30000305175781,42.39614486694336,1026100,0.0
2008-09-15,62.02000045776367,63.40999984741211,61.0,61.040000915527344,40.24665451049805,2022600,0.0
2008-09-16,59.349998474121094,62.18000030517578,59.22999954223633,62.18000030517578,40.99831008911133,3339900,0.0
2008-09-17,60.81999969482422,61.16999816894531,58.56999969482422,58.65999984741211,38.67740249633789,2938700,0.0
2008-09-18,59.56999969482422,62.380001068115234,57.29999923706055,61.630001068115234,40.63566589355469,5085200,0.0
2008-09-19,64.62000274658203,64.62000274658203,63.86000061035156,64.62000274658203,42.60711669921875,864800,0.0
2008-09-22,64.30000305175781,64.76000213623047,62.02000045776367,62.189998626708984,41.00489807128906,1237300,0.0
2008-09-23,62.0,62.84000015258789,60.93000030517578,61.06999969482422,40.26642990112305,2105500,0.0
2008-09-24,61.779998779296875,61.869998931884766,60.529998779296875,60.90999984741211,40.160926818847656,1987800,0.0
2008-09-25,60.599998474121094,62.36000061035156,60.599998474121094,61.810001373291016,41.082149505615234,1550500,0.486
2008-09-26,61.119998931884766,62.380001068115234,60.29999923706055,62.040000915527344,41.235015869140625,1355200,0.0
2008-09-29,61.060001373291016,61.529998779296875,56.790000915527344,57.849998474121094,38.450111389160156,3584200,0.0
2008-09-30,59.22999954223633,59.959999084472656,57.65999984741211,59.849998474121094,39.7794189453125,1012500,0.0
2008-10-01,59.40999984741211,60.349998474121094,58.45000076293945,59.9900016784668,39.87248229980469,2362600,0.0
2008-10-02,59.709999084472656,59.709999084472656,57.40999984741211,57.619998931884766,38.29725646972656,1549300,0.0
2008-10-03,58.75,59.650001525878906,56.54999923706055,56.66999816894531,37.66581726074219,1946900,0.0
2008-10-06,54.86000061035156,55.43000030517578,51.90999984741211,54.790000915527344,36.41627883911133,3328900,0.0
2008-10-07,54.66999816894531,55.36000061035156,50.38999938964844,50.70000076293945,33.69786071777344,3626200,0.0
2008-10-08,49.13999938964844,51.95000076293945,48.810001373291016,49.900001525878906,33.166133880615234,4447300,0.0
2008-10-09,50.470001220703125,50.900001525878906,45.709999084472656,46.25,30.740169525146484,3886500,0.0
2008-10-10,43.400001525878906,47.7599983215332,41.97999954223633,46.7400016784668,31.065841674804688,5371000,0.0
2008-10-13,48.20000076293945,51.130001068115234,47.5099983215332,51.130001068115234,33.98365783691406,2169100,0.0
2008-10-14,54.2400016784668,54.75,49.81999969482422,51.25,34.06342697143555,3185100,0.0
2008-10-15,50.52000045776367,50.52000045776367,46.84000015258789,46.88999938964844,31.165525436401367,1664100,0.0
2008-10-16,47.709999084472656,48.689998626708984,44.720001220703125,48.470001220703125,32.21569061279297,2807800,0.0
2008-10-17,47.61000061035156,50.36000061035156,46.66999816894531,48.15999984741211,32.0096549987793,2555400,0.0
2008-10-20,49.060001373291016,50.220001220703125,48.189998626708984,50.18000030517578,33.35225296020508,1867400,0.0
2008-10-21,49.90999984741211,50.400001525878906,48.79999923706055,48.869998931884766,32.48155212402344,2246500,0.0
2008-10-22,47.529998779296875,48.25,44.83000183105469,46.2400016784668,30.73350715637207,2620600,0.0
2008-10-23,46.29999923706055,47.27000045776367,43.93000030517578,46.560001373291016,30.94619369506836,4284900,0.0
2008-10-24,42.34000015258789,45.869998931884766,42.34000015258789,44.70000076293945,29.7099552154541,2870100,0.0
2008-10-27,43.75,45.68000030517578,43.22999954223633,43.439998626708984,28.872488021850586,1894900,0.0
2008-10-28,45.0,48.2599983215332,43.13999938964844,48.09000015258789,31.963134765625,2956500,0.0
2008-10-29,47.93000030517578,49.58000183105469,46.95000076293945,46.97999954223633,31.225357055664062,2976400,0.0
2008-10-30,49.0,49.45000076293945,47.27000045776367,48.63999938964844,32.328678131103516,1781200,0.0
2008-10-31,48.63999938964844,50.27000045776367,48.18000030517578,49.66999816894531,33.01325988769531,1900900,0.0
2008-11-03,49.61000061035156,49.970001220703125,49.209999084472656,49.65999984741211,33.00661849975586,1164400,0.0
2008-11-04,50.9900016784668,51.849998474121094,50.45000076293945,51.63999938964844,34.3226203918457,2447000,0.0
2008-11-05,50.849998474121094,51.45000076293945,48.5,48.7400016784668,32.3951416015625,1939700,0.0
2008-11-06,47.97999954223633,48.77000045776367,45.869998931884766,46.2599983215332,30.746816635131836,2535300,0.0
2008-11-07,46.650001525878906,47.43000030517578,46.18000030517578,47.349998474121094,31.471277236938477,4992600,0.0
2008-11-10,48.5,48.70000076293945,45.959999084472656,46.70000076293945,31.039255142211914,1694600,0.0
2008-11-11,45.7599983215332,46.56999969482422,44.81999969482422,45.630001068115234,30.328073501586914,1730800,0.0
2008-11-12,44.58000183105469,45.11000061035156,43.040000915527344,43.279998779296875,28.76614761352539,2885700,0.0
2008-11-13,43.29999923706055,46.22999954223633,41.349998474121094,46.22999954223633,30.726869583129883,4035300,0.0
2008-11-14,45.16999816894531,46.349998474121094,43.84000015258789,44.099998474121094,29.31116485595703,2401300,0.0
2008-11-17,43.380001068115234,44.40999984741211,42.650001525878906,42.720001220703125,28.393938064575195,2068300,0.0
2008-11-18,42.540000915527344,43.4900016784668,41.31999969482422,43.0,28.580045700073242,3250600,0.0
2008-11-19,42.83000183105469,43.15999984741211,39.900001525878906,39.97999954223633,26.572792053222656,2735200,0.0
2008-11-20,39.61000061035156,40.689998626708984,36.77000045776367,37.25,24.758289337158203,4080300,0.0
2008-11-21,37.880001068115234,39.310001373291016,36.18000030517578,39.209999084472656,26.061004638671875,6102700,0.0
2008-11-24,40.189998626708984,42.9900016784668,39.790000915527344,41.79999923706055,27.78244972229004,7638400,0.0
2008-11-25,43.150001525878906,43.470001220703125,41.52000045776367,42.81999969482422,28.460403442382812,3914200,0.0
2008-11-26,41.88999938964844,44.369998931884766,41.81999969482422,44.27000045776367,29.424142837524414,3650500,0.0
2008-11-28,44.040000915527344,45.130001068115234,44.029998779296875,45.06999969482422,29.95586395263672,1131000,0.0
2008-12-01,43.83000183105469,43.90999984741211,40.70000076293945,40.88999938964844,27.177621841430664,3983000,0.0
2008-12-02,41.529998779296875,42.869998931884766,40.849998474121094,42.59000015258789,28.307537078857422,4719600,0.0
2008-12-03,41.689998626708984,44.29999923706055,41.599998474121094,44.060001373291016,29.28456687927246,4034800,0.0
2008-12-04,43.38999938964844,44.56999969482422,42.290000915527344,42.970001220703125,28.560096740722656,2726000,0.0
2008-12-05,42.25,44.95000076293945,41.65999984741211,44.810001373291016,29.78306007385254,3472300,0.0
2008-12-08,45.95000076293945,46.9900016784668,45.560001373291016,46.400001525878906,30.839862823486328,3332600,0.0
2008-12-09,45.97999954223633,46.63999938964844,44.91999816894531,45.130001068115234,29.995737075805664,4004700,0.0
2008-12-10,45.630001068115234,45.880001068115234,44.68000030517578,45.369998931884766,30.155269622802734,3079300,0.0
2008-12-11,44.83000183105469,45.41999816894531,43.5099983215332,43.810001373291016,29.118406295776367,2878700,0.0
2008-12-12,42.599998474121094,44.36000061035156,42.52000045776367,44.22999954223633,29.39756965637207,2454600,0.0
2008-12-15,44.41999816894531,44.459999084472656,42.810001373291016,43.439998626708984,28.872488021850586,2453900,0.0
2008-12-16,45.95000076293945,46.0099983215332,43.84000015258789,45.95000076293945,30.540760040283203,3336300,0.0
2008-12-17,45.27000045776367,46.31999969482422,44.959999084472656,45.5,30.241653442382812,4922600,0.0
2008-12-18,45.849998474121094,45.95000076293945,44.130001068115234,44.650001525878906,29.676712036132812,2260400,0.0
2008-12-19,44.9900016784668,45.58000183105469,44.380001068115234,44.52000045776367,29.59031105041504,3086700,0.0
2008-12-22,44.77000045776367,44.77000045776367,43.099998474121094,43.599998474121094,28.978832244873047,2031000,0.0
2008-12-23,44.20000076293945,44.29999923706055,43.20000076293945,43.380001068115234,28.832612991333008,1802400,0.0
2008-12-24,43.11000061035156,43.29999923706055,42.83000183105469,43.18000030517578,29.01268768310547,847100,0.468
2008-12-26,43.439998626708984,43.54999923706055,43.060001373291016,43.349998474121094,29.12690544128418,801900,0.0
2008-12-29,43.38999938964844,43.439998626708984,42.4900016784668,43.2599983215332,29.066429138183594,1398700,0.0
2008-12-30,43.54999923706055,44.369998931884766,43.349998474121094,44.34000015258789,29.792085647583008,1540400,0.0
2008-12-31,44.40999984741211,45.41999816894531,44.2599983215332,45.18000030517578,30.356487274169922,3382600,0.0
2009-01-02,45.16999816894531,46.52000045776367,44.790000915527344,46.2400016784668,31.068687438964844,1529800,0.0
2009-01-05,45.939998626708984,46.41999816894531,45.54999923706055,45.95000076293945,30.87383460998535,4446300,0.0
2009-01-06,46.400001525878906,46.779998779296875,45.900001525878906,46.36000061035156,31.149328231811523,2392600,0.0
2009-01-07,45.70000076293945,45.70000076293945,44.70000076293945,44.88999938964844,30.161624908447266,1356800,0.0
2009-01-08,44.54999923706055,45.0099983215332,44.38999938964844,45.0099983215332,30.242258071899414,2012500,0.0
2009-01-09,45.040000915527344,45.189998626708984,43.91999816894531,44.040000915527344,29.590497970581055,1679300,0.0
2009-01-12,43.91999816894531,43.970001220703125,42.59000015258789,42.86000061035156,28.79767417907715,2583400,0.0
2009-01-13,42.720001220703125,43.130001068115234,42.36000061035156,42.84000015258789,28.784238815307617,2494200,0.0
2009-01-14,42.0,42.02000045776367,41.06999969482422,41.41999816894531,27.830129623413086,2437500,0.0
2009-01-15,41.279998779296875,41.709999084472656,39.81999969482422,41.11000061035156,27.621849060058594,2802600,0.0
2009-01-16,41.81999969482422,41.97999954223633,40.16999816894531,41.20000076293945,27.682300567626953,2608000,0.0
2009-01-20,40.75,40.849998474121094,38.66999816894531,38.75,26.036161422729492,2592100,0.0
2009-01-21,39.439998626708984,40.66999816894531,38.619998931884766,40.56999969482422,27.259008407592773,2788600,0.0
2009-01-22,39.689998626708984,40.56999969482422,39.06999969482422,39.959999084472656,26.849157333374023,3066500,0.0
2009-01-23,38.849998474121094,40.40999984741211,38.72999954223633,40.119998931884766,26.956655502319336,1774900,0.0
2009-01-26,40.290000915527344,41.13999938964844,39.79999923706055,40.16999816894531,26.990253448486328,2103900,0.0
2009-01-27,40.400001525878906,40.959999084472656,40.13999938964844,40.720001220703125,27.35979652404785,1585200,0.0
2009-01-28,41.83000183105469,42.54999923706055,41.630001068115234,42.279998779296875,28.407958984375,1597200,0.0
2009-01-29,41.65999984741211,41.68000030517578,40.630001068115234,40.70000076293945,27.34636878967285,1377100,0.0
2009-01-30,40.84000015258789,41.0,39.310001373291016,39.689998626708984,26.667749404907227,1772900,0.0
2009-02-02,39.02000045776367,39.81999969482422,38.869998931884766,39.560001373291016,26.580400466918945,1454200,0.0
2009-02-03,39.84000015258789,40.25,39.310001373291016,39.970001220703125,26.85587501525879,1744900,0.0
2009-02-04,40.150001525878906,40.68000030517578,39.41999816894531,39.560001373291016,26.580400466918945,1534600,0.0
2009-02-05,39.29999923706055,40.36000061035156,38.77000045776367,39.95000076293945,26.842445373535156,1644900,0.0
2009-02-06,40.189998626708984,41.45000076293945,40.130001068115234,41.2599983215332,27.722637176513672,1683200,0.0
2009-02-09,41.36000061035156,41.7599983215332,40.97999954223633,41.4900016784668,27.877153396606445,1629500,0.0
2009-02-10,40.900001525878906,41.279998779296875,38.91999816894531,39.13999938964844,26.298192977905273,1993400,0.0
2009-02-11,39.52000045776367,39.880001068115234,39.119998931884766,39.70000076293945,26.674467086791992,2289000,0.0
2009-02-12,39.060001373291016,39.63999938964844,38.209999084472656,39.58000183105469,26.593833923339844,1848500,0.0
2009-02-13,39.5099983215332,39.720001220703125,38.91999816894531,38.93000030517578,26.157108306884766,2772000,0.0
2009-02-17,37.59000015258789,37.790000915527344,37.029998779296875,37.09000015258789,24.920791625976562,1257700,0.0
2009-02-18,37.380001068115234,37.380001068115234,36.5,36.869998931884766,24.772979736328125,1445800,0.0
2009-02-19,37.220001220703125,37.38999938964844,36.20000076293945,36.279998779296875,24.37656021118164,1345400,0.0
2009-02-20,35.61000061035156,36.25,34.810001373291016,35.790000915527344,24.04733657836914,2535500,0.0
2009-02-23,36.279998779296875,36.380001068115234,34.599998474121094,34.709999084472656,23.32168197631836,1719800,0.0
2009-02-24,35.0099983215332,36.34000015258789,34.630001068115234,36.18000030517578,24.309377670288086,1943000,0.0
2009-02-25,35.959999084472656,36.709999084472656,35.18000030517578,35.939998626708984,24.148107528686523,1597000,0.0
2009-02-26,36.5,36.790000915527344,35.349998474121094,35.45000076293945,23.81888771057129,1200000,0.0
2009-02-27,34.59000015258789,35.2599983215332,34.41999816894531,34.47999954223633,23.167139053344727,1301700,0.0
2009-03-02,33.88999938964844,33.88999938964844,32.650001525878906,32.7400016784668,21.998031616210938,1969300,0.0
2009-03-03,33.20000076293945,33.310001373291016,32.08000183105469,32.25,21.668800354003906,2342100,0.0
2009-03-04,32.7599983215332,33.470001220703125,32.22999954223633,32.849998474121094,22.07193946838379,1295700,0.0
2009-03-05,32.0,32.43000030517578,31.09000015258789,31.420000076293945,21.111120223999023,1991000,0.0
2009-03-06,31.829999923706055,32.290000915527344,30.6200008392334,31.520000457763672,21.178314208984375,2283300,0.0
2009-03-09,31.0,32.099998474121094,31.0,31.15999984741211,20.936429977416992,1916500,0.0
2009-03-10,31.969999313354492,33.4900016784668,31.940000534057617,33.43000030517578,22.46164321899414,1527400,0.0
2009-03-11,33.88999938964844,34.2599983215332,33.18000030517578,33.5099983215332,22.515396118164062,1226900,0.0
2009-03-12,33.61000061035156,35.41999816894531,33.25,35.25,23.684505462646484,1128400,0.0
2009-03-13,35.689998626708984,35.869998931884766,34.939998626708984,35.689998626708984,23.980138778686523,1403500,0.0
2009-03-16,36.25,36.900001525878906,35.61000061035156,35.630001068115234,23.939834594726562,1575000,0.0
2009-03-17,35.81999969482422,36.880001068115234,35.38999938964844,36.849998474121094,24.75954818725586,1538300,0.0
2009-03-18,36.720001220703125,38.5,36.40999984741211,38.060001373291016,25.572540283203125,2472200,0.0
2009-03-19,38.68000030517578,38.68000030517578,37.11000061035156,37.150001525878906,24.961103439331055,2367900,0.0
2009-03-20,37.349998474121094,37.40999984741211,36.209999084472656,36.31999969482422,24.403446197509766,1585700,0.0
2009-03-23,37.4900016784668,39.22999954223633,37.29999923706055,39.209999084472656,26.345224380493164,1573200,0.0
2009-03-24,38.619998931884766,39.36000061035156,38.29999923706055,38.33000183105469,25.75395965576172,1533600,0.0
2009-03-25,38.34000015258789,39.099998474121094,37.15999984741211,38.22999954223633,25.9576473236084,1835400,0.4
2009-03-26,38.95000076293945,39.290000915527344,38.279998779296875,39.209999084472656,26.623058319091797,1501100,0.0
2009-03-27,38.720001220703125,38.970001220703125,38.31999969482422,38.47999954223633,26.127389907836914,1335300,0.0
2009-03-30,37.52000045776367,37.52000045776367,36.5,36.84000015258789,25.01386833190918,1310000,0.0
2009-03-31,37.34000015258789,38.040000915527344,36.959999084472656,37.20000076293945,25.25829315185547,1490100,0.0
2009-04-01,36.9900016784668,38.310001373291016,36.779998779296875,38.09000015258789,25.86260223388672,1150500,0.0
2009-04-02,39.20000076293945,39.77000045776367,38.959999084472656,39.2400016784668,26.643436431884766,1282600,0.0
2009-04-03,39.380001068115234,39.720001220703125,38.869998931884766,39.709999084472656,26.962549209594727,2260700,0.0
2009-04-06,39.25,39.529998779296875,38.81999969482422,39.40999984741211,26.75886344909668,1357700,0.0
2009-04-07,38.63999938964844,38.93000030517578,38.369998931884766,38.40999984741211,26.07987403869629,1157400,0.0
2009-04-08,38.68000030517578,38.970001220703125,38.33000183105469,38.810001373291016,26.351465225219727,1165600,0.0
2009-04-09,40.08000183105469,40.849998474121094,39.91999816894531,40.81999969482422,27.716228485107422,1271900,0.0
2009-04-13,40.5099983215332,41.47999954223633,40.25,41.189998626708984,27.967456817626953,1219500,0.0
2009-04-14,40.779998779296875,41.029998779296875,40.0,40.060001373291016,27.200197219848633,1809200,0.0
2009-04-15,39.88999938964844,40.939998626708984,39.709999084472656,40.869998931884766,27.750181198120117,1348700,0.0
2009-04-16,41.220001220703125,41.84000015258789,40.56999969482422,41.4900016784668,28.171142578125,1242700,0.0
2009-04-17,41.619998931884766,42.220001220703125,41.310001373291016,41.91999816894531,28.463125228881836,1972000,0.0
2009-04-20,41.099998474121094,41.099998474121094,39.650001525878906,39.720001220703125,26.969337463378906,1013000,0.0
2009-04-21,39.34000015258789,40.630001068115234,39.060001373291016,40.599998474121094,27.56685447692871,2108900,0.0
2009-04-22,40.16999816894531,41.290000915527344,40.06999969482422,40.189998626708984,27.28847312927246,1821300,0.0
2009-04-23,40.41999816894531,40.81999969482422,39.86000061035156,40.75,27.668697357177734,1367600,0.0
2009-04-24,41.040000915527344,41.619998931884766,40.779998779296875,41.27000045776367,28.021778106689453,1292000,0.0
2009-04-27,40.84000015258789,41.43000030517578,40.66999816894531,40.86000061035156,27.74338150024414,1047000,0.0
2009-04-28,40.38999938964844,41.099998474121094,40.25,40.58000183105469,27.553268432617188,3528900,0.0
2009-04-29,41.11000061035156,41.959999084472656,40.9900016784668,41.4900016784668,28.171142578125,1124800,0.0
2009-04-30,42.13999938964844,42.380001068115234,41.43000030517578,41.560001373291016,28.218679428100586,1038400,0.0
2009-05-01,41.75,41.88999938964844,41.290000915527344,41.709999084472656,28.320531845092773,1106600,0.0
2009-05-04,42.209999084472656,43.630001068115234,42.04999923706055,43.619998931884766,29.61739730834961,1069900,0.0
2009-05-05,43.40999984741211,43.72999954223633,43.13999938964844,43.40999984741211,29.47480583190918,1273400,0.0
2009-05-06,44.08000183105469,44.599998474121094,43.66999816894531,44.540000915527344,30.242063522338867,2116900,0.0
2009-05-07,45.290000915527344,45.290000915527344,43.70000076293945,44.0,29.875408172607422,1327500,0.0
2009-05-08,44.68000030517578,45.349998474121094,44.369998931884766,45.310001373291016,30.764883041381836,1576500,0.0
2009-05-11,44.540000915527344,44.7400016784668,44.060001373291016,44.08000183105469,29.929731369018555,1044400,0.0
2009-05-12,44.380001068115234,44.40999984741211,43.27000045776367,43.88999938964844,29.80069923400879,1252300,0.0
2009-05-13,43.16999816894531,43.36000061035156,42.4900016784668,42.630001068115234,28.945201873779297,777500,0.0
2009-05-14,42.54999923706055,43.380001068115234,42.470001220703125,43.08000183105469,29.250730514526367,818400,0.0
2009-05-15,43.11000061035156,43.310001373291016,42.27000045776367,42.560001373291016,28.897676467895508,988100,0.0
2009-05-18,43.09000015258789,43.91999816894531,42.970001220703125,43.869998931884766,29.787139892578125,1027500,0.0
2009-05-19,43.849998474121094,44.25,43.70000076293945,43.75,29.705663681030273,893700,0.0
2009-05-20,44.150001525878906,44.599998474121094,43.310001373291016,43.310001373291016,29.406904220581055,1644000,0.0
2009-05-21,42.869998931884766,43.060001373291016,42.349998474121094,42.849998474121094,29.094566345214844,1109700,0.0
2009-05-22,42.95000076293945,43.150001525878906,42.599998474121094,42.7400016784668,29.019887924194336,714600,0.0
2009-05-26,42.40999984741211,43.91999816894531,42.38999938964844,43.84000015258789,29.766765594482422,1140600,0.0
2009-05-27,43.91999816894531,43.95000076293945,42.810001373291016,42.869998931884766,29.108156204223633,1158200,0.0
2009-05-28,43.220001220703125,43.630001068115234,42.56999969482422,43.4900016784668,29.529117584228516,712700,0.0
2009-05-29,43.779998779296875,44.27000045776367,43.349998474121094,44.2599983215332,30.051939010620117,915800,0.0
2009-06-01,44.93000030517578,45.459999084472656,44.689998626708984,45.18000030517578,30.676616668701172,842700,0.0
2009-06-02,44.90999984741211,45.31999969482422,44.880001068115234,45.119998931884766,30.6358699798584,826800,0.0
2009-06-03,44.7599983215332,44.83000183105469,44.04999923706055,44.45000076293945,30.180946350097656,766600,0.0
2009-06-04,44.63999938964844,45.0099983215332,44.290000915527344,44.97999954223633,30.54081153869629,725000,0.0
2009-06-05,45.529998779296875,45.54999923706055,44.59000015258789,44.810001373291016,30.425371170043945,782200,0.0
2009-06-08,44.5099983215332,45.189998626708984,44.220001220703125,44.709999084472656,30.357494354248047,583500,0.0
2009-06-09,44.959999084472656,45.09000015258789,44.560001373291016,44.869998931884766,30.46611785888672,1468300,0.0
2009-06-10,45.290000915527344,45.290000915527344,44.130001068115234,44.66999816894531,30.330339431762695,841000,0.0
2009-06-11,44.84000015258789,45.619998931884766,44.84000015258789,44.959999084472656,30.527223587036133,1061000,0.0
2009-06-12,44.779998779296875,45.2400016784668,44.720001220703125,45.22999954223633,30.710573196411133,687000,0.0
2009-06-15,44.720001220703125,44.720001220703125,43.86000061035156,44.099998474121094,29.94331169128418,618100,0.0
2009-06-16,44.27000045776367,44.27000045776367,43.34000015258789,43.380001068115234,29.45443344116211,782900,0.0
2009-06-17,43.33000183105469,43.630001068115234,42.880001068115234,43.150001525878906,29.298255920410156,627100,0.0
2009-06-18,43.2599983215332,43.939998626708984,43.11000061035156,43.720001220703125,29.68528938293457,821000,0.0
2009-06-19,44.18000030517578,44.18000030517578,43.66999816894531,43.880001068115234,29.793926239013672,663500,0.0
2009-06-22,43.52000045776367,43.540000915527344,42.540000915527344,42.540000915527344,28.884078979492188,938000,0.0
2009-06-23,42.439998626708984,42.61000061035156,42.11000061035156,42.40999984741211,28.994842529296875,973600,0.292
2009-06-24,42.790000915527344,43.209999084472656,42.5,42.75,29.2272891998291,667300,0.0
2009-06-25,42.619998931884766,43.689998626708984,42.4900016784668,43.66999816894531,29.856279373168945,829300,0.0
2009-06-26,43.61000061035156,43.79999923706055,43.25,43.619998931884766,29.822097778320312,553400,0.0
2009-06-29,43.75,44.130001068115234,43.439998626708984,44.08000183105469,30.136587142944336,382100,0.0
2009-06-30,44.150001525878906,44.16999816894531,43.380001068115234,43.65999984741211,29.849437713623047,676200,0.0
2009-07-01,43.84000015258789,44.27000045776367,43.84000015258789,43.900001525878906,30.01352310180664,1037500,0.0
2009-07-02,43.27000045776367,43.29999923706055,42.56999969482422,42.650001525878906,29.158912658691406,581100,0.0
2009-07-06,42.15999984741211,42.709999084472656,42.099998474121094,42.68000030517578,29.17943000793457,732700,0.0
2009-07-07,42.58000183105469,42.68000030517578,41.880001068115234,41.90999984741211,28.65300178527832,550700,0.0
2009-07-08,42.189998626708984,42.22999954223633,41.15999984741211,41.709999084472656,28.516271591186523,1083700,0.0
2009-07-09,42.0,42.130001068115234,41.61000061035156,41.810001373291016,28.584640502929688,503100,0.0
2009-07-10,41.560001373291016,41.880001068115234,41.349998474121094,41.59000015258789,28.43422508239746,500600,0.0
2009-07-13,41.77000045776367,42.880001068115234,41.599998474121094,42.86000061035156,29.302505493164062,454100,0.0
2009-07-14,43.029998779296875,43.130001068115234,42.68000030517578,43.119998931884766,29.48025131225586,621700,0.0
2009-07-15,43.65999984741211,44.529998779296875,43.59000015258789,44.38999938964844,30.348529815673828,649700,0.0
2009-07-16,44.22999954223633,44.880001068115234,44.06999969482422,44.709999084472656,30.567310333251953,549700,0.0
2009-07-17,44.66999816894531,44.66999816894531,44.310001373291016,44.54999923706055,30.457910537719727,1016400,0.0
2009-07-20,44.869998931884766,45.11000061035156,44.56999969482422,45.02000045776367,30.779237747192383,965600,0.0
2009-07-21,45.41999816894531,45.439998626708984,44.650001525878906,45.11000061035156,30.84077262878418,646800,0.0
2009-07-22,44.79999923706055,45.47999954223633,44.7599983215332,45.20000076293945,30.902307510375977,578400,0.0
2009-07-23,45.29999923706055,46.5099983215332,45.2400016784668,46.2400016784668,31.613323211669922,601600,0.0
2009-07-24,46.15999984741211,46.54999923706055,45.849998474121094,46.52000045776367,31.804779052734375,495300,0.0
2009-07-27,46.540000915527344,46.810001373291016,46.29999923706055,46.810001373291016,32.003028869628906,596600,0.0
2009-07-28,46.43000030517578,46.849998474121094,46.2599983215332,46.68000030517578,31.91415786743164,769700,0.0
2009-07-29,46.459999084472656,46.72999954223633,46.22999954223633,46.5,31.791095733642578,526200,0.0
2009-07-30,47.209999084472656,47.7400016784668,47.11000061035156,47.2400016784668,32.29701232910156,659000,0.0
2009-07-31,47.2599983215332,47.63999938964844,47.09000015258789,47.34000015258789,32.36537551879883,463200,0.0
2009-08-03,47.880001068115234,48.2400016784668,47.61000061035156,48.189998626708984,32.94651412963867,587700,0.0
2009-08-04,48.029998779296875,48.540000915527344,47.84000015258789,48.43000030517578,33.110599517822266,769900,0.0
2009-08-05,48.560001373291016,48.79999923706055,48.0,48.59000015258789,33.21998977661133,1136000,0.0
2009-08-06,48.97999954223633,49.02000045776367,48.15999984741211,48.41999816894531,33.103755950927734,630800,0.0
2009-08-07,49.029998779296875,49.7599983215332,48.7599983215332,49.310001373291016,33.71222686767578,1083300,0.0
2009-08-10,49.040000915527344,49.29999923706055,48.790000915527344,49.16999816894531,33.616519927978516,654600,0.0
2009-08-11,48.91999816894531,48.939998626708984,48.209999084472656,48.31999969482422,33.03539276123047,541900,0.0
2009-08-12,48.209999084472656,49.22999954223633,48.209999084472656,48.880001068115234,33.41824722290039,607800,0.0
2009-08-13,49.15999984741211,49.349998474121094,48.63999938964844,49.34000015258789,33.73275375366211,813300,0.0
2009-08-14,49.369998931884766,49.369998931884766,48.41999816894531,48.97999954223633,33.48662185668945,589000,0.0
2009-08-17,47.95000076293945,48.04999923706055,47.619998931884766,47.720001220703125,32.62517547607422,670700,0.0
2009-08-18,47.90999984741211,48.34000015258789,47.7599983215332,48.20000076293945,32.953338623046875,2410300,0.0
2009-08-19,47.72999954223633,48.66999816894531,47.72999954223633,48.540000915527344,33.185787200927734,595700,0.0
2009-08-20,48.650001525878906,49.16999816894531,48.5,49.09000015258789,33.561824798583984,514700,0.0
2009-08-21,49.54999923706055,50.220001220703125,49.459999084472656,50.119998931884766,34.26601028442383,577400,0.0
2009-08-24,50.40999984741211,50.650001525878906,49.81999969482422,49.97999954223633,34.170310974121094,716500,0.0
2009-08-25,50.2400016784668,50.689998626708984,50.13999938964844,50.18000030517578,34.307029724121094,905700,0.0
2009-08-26,50.13999938964844,50.470001220703125,49.849998474121094,50.189998626708984,34.31386947631836,618100,0.0
2009-08-27,50.13999938964844,50.54999923706055,49.65999984741211,50.38999938964844,34.450599670410156,749500,0.0
2009-08-28,50.72999954223633,50.779998779296875,49.9900016784668,50.369998931884766,34.43693923950195,432300,0.0
2009-08-31,49.81999969482422,49.97999954223633,49.59000015258789,49.970001220703125,34.1634635925293,847700,0.0
2009-09-01,49.7599983215332,50.27000045776367,48.459999084472656,48.56999969482422,33.20630645751953,1413400,0.0
2009-09-02,48.31999969482422,48.619998931884766,48.20000076293945,48.31999969482422,33.03539276123047,785000,0.0
2009-09-03,48.68000030517578,48.880001068115234,48.2599983215332,48.79999923706055,33.36355972290039,531300,0.0
2009-09-04,48.970001220703125,49.4900016784668,48.790000915527344,49.45000076293945,33.80795669555664,573200,0.0
2009-09-08,50.02000045776367,50.02000045776367,49.560001373291016,49.849998474121094,34.081424713134766,591200,0.0
2009-09-09,49.83000183105469,50.45000076293945,49.77000045776367,50.31999969482422,34.40275573730469,536900,0.0
2009-09-10,50.29999923706055,50.79999923706055,49.91999816894531,50.790000915527344,34.72406005859375,591900,0.0
2009-09-11,50.81999969482422,50.97999954223633,50.4900016784668,50.650001525878906,34.628360748291016,625700,0.0
2009-09-14,50.209999084472656,51.189998626708984,50.209999084472656,51.150001525878906,34.97019577026367,802800,0.0
2009-09-15,51.2400016784668,51.56999969482422,50.810001373291016,51.31999969482422,35.08644104003906,1554600,0.0
2009-09-16,51.560001373291016,52.220001220703125,51.33000183105469,52.209999084472656,35.69490432739258,979200,0.0
2009-09-17,52.2400016784668,52.650001525878906,51.720001220703125,52.06999969482422,35.599185943603516,933700,0.0
2009-09-18,52.29999923706055,52.29999923706055,51.900001525878906,52.060001373291016,35.59235382080078,589500,0.0
2009-09-21,51.75,52.029998779296875,51.52000045776367,51.869998931884766,35.46245574951172,598900,0.0
2009-09-22,52.290000915527344,52.45000076293945,52.04999923706055,52.29999923706055,35.756439208984375,458000,0.0
2009-09-23,52.20000076293945,52.5099983215332,51.47999954223633,51.5,35.41399383544922,617000,0.302
2009-09-24,51.720001220703125,51.79999923706055,50.650001525878906,50.880001068115234,34.98764419555664,559600,0.0
2009-09-25,50.779998779296875,50.95000076293945,50.380001068115234,50.58000183105469,34.78133773803711,513400,0.0
2009-09-28,50.790000915527344,51.599998474121094,50.709999084472656,51.540000915527344,35.441471099853516,819300,0.0
2009-09-29,51.720001220703125,51.959999084472656,51.369998931884766,51.4900016784668,35.4070930480957,492300,0.0
2009-09-30,51.689998626708984,51.689998626708984,50.779998779296875,51.189998626708984,35.20079803466797,468300,0.0
2009-10-01,51.09000015258789,51.09000015258789,49.779998779296875,49.790000915527344,34.23809814453125,986300,0.0
2009-10-02,49.2400016784668,49.810001373291016,49.189998626708984,49.5099983215332,34.045555114746094,921900,0.0
2009-10-05,49.81999969482422,50.59000015258789,49.650001525878906,50.470001220703125,34.705684661865234,488100,0.0
2009-10-06,50.93000030517578,51.4900016784668,50.75,51.099998474121094,35.1389274597168,345700,0.0
2009-10-07,51.09000015258789,51.31999969482422,50.880001068115234,51.25,35.242069244384766,550100,0.0
2009-10-08,51.68000030517578,51.869998931884766,51.43000030517578,51.59000015258789,35.47586441040039,395200,0.0
2009-10-09,51.58000183105469,51.880001068115234,51.470001220703125,51.880001068115234,35.675296783447266,327400,0.0
2009-10-12,52.220001220703125,52.220001220703125,51.93000030517578,52.150001525878906,35.86094284057617,317100,0.0
2009-10-13,51.93000030517578,52.040000915527344,51.61000061035156,51.970001220703125,35.7371711730957,369900,0.0
2009-10-14,52.65999984741211,53.02000045776367,52.369998931884766,52.9900016784668,36.43857955932617,513100,0.0
2009-10-15,52.650001525878906,53.060001373291016,52.63999938964844,52.9900016784668,36.43857955932617,400600,0.0
2009-10-16,52.4900016784668,52.65999984741211,52.18000030517578,52.47999954223633,36.08787155151367,503100,0.0
2009-10-19,52.61000061035156,53.04999923706055,52.400001525878906,52.849998474121094,36.34230422973633,345500,0.0
2009-10-20,52.880001068115234,52.97999954223633,52.369998931884766,52.529998779296875,36.122257232666016,544000,0.0
2009-10-21,52.43000030517578,52.970001220703125,51.790000915527344,51.810001373291016,35.62715530395508,684500,0.0
2009-10-22,51.869998931884766,52.619998931884766,51.540000915527344,52.470001220703125,36.08100891113281,530400,0.0
2009-10-23,52.5099983215332,52.560001373291016,51.47999954223633,51.72999954223633,35.572139739990234,552500,0.0
2009-10-26,51.709999084472656,52.150001525878906,50.7599983215332,50.88999938964844,34.99452209472656,654900,0.0
2009-10-27,50.95000076293945,51.119998931884766,50.540000915527344,50.619998931884766,34.80884552001953,571900,0.0
2009-10-28,50.5,50.63999938964844,49.650001525878906,49.689998626708984,34.1693229675293,630300,0.0
2009-10-29,50.029998779296875,50.95000076293945,49.9900016784668,50.86000061035156,34.973880767822266,522400,0.0
2009-10-30,50.70000076293945,50.77000045776367,49.18000030517578,49.33000183105469,33.921791076660156,821200,0.0
2009-11-02,49.630001068115234,50.189998626708984,48.93000030517578,49.63999938964844,34.134944915771484,1194200,0.0
2009-11-03,49.27000045776367,49.86000061035156,49.22999954223633,49.84000015258789,34.2724723815918,1521600,0.0
2009-11-04,50.27000045776367,50.599998474121094,49.689998626708984,49.75,34.210594177246094,750000,0.0
2009-11-05,50.18000030517578,50.7400016784668,50.06999969482422,50.709999084472656,34.870750427246094,509500,0.0
2009-11-06,50.369998931884766,50.959999084472656,50.310001373291016,50.869998931884766,34.98075866699219,429200,0.0
2009-11-09,51.25,52.20000076293945,51.25,52.20000076293945,35.89533996582031,309500,0.0
2009-11-10,52.08000183105469,52.349998474121094,51.90999984741211,52.20000076293945,35.89533996582031,401900,0.0
2009-11-11,52.63999938964844,52.880001068115234,52.2599983215332,52.5,36.10163497924805,378300,0.0
2009-11-12,52.4900016784668,52.70000076293945,51.81999969482422,51.959999084472656,35.73030471801758,546100,0.0
2009-11-13,52.13999938964844,52.380001068115234,51.79999923706055,52.15999984741211,35.867820739746094,377100,0.0
2009-11-16,52.52000045776367,53.189998626708984,52.5099983215332,52.900001525878906,36.3766975402832,413200,0.0
2009-11-17,52.70000076293945,52.97999954223633,52.560001373291016,52.93000030517578,36.397308349609375,314400,0.0
2009-11-18,52.959999084472656,53.08000183105469,52.65999984741211,53.029998779296875,36.466087341308594,248300,0.0
2009-11-19,52.7599983215332,52.7599983215332,52.029998779296875,52.33000183105469,35.9847297668457,365500,0.0
2009-11-20,52.0,52.33000183105469,51.9900016784668,52.25,35.929718017578125,241700,0.0
2009-11-23,52.93000030517578,53.209999084472656,52.72999954223633,52.880001068115234,36.36293411254883,571000,0.0
2009-11-24,52.93000030517578,52.970001220703125,52.4900016784668,52.869998931884766,36.356056213378906,781700,0.0
2009-11-25,52.93000030517578,53.099998474121094,52.79999923706055,53.040000915527344,36.472957611083984,238200,0.0
2009-11-27,51.439998626708984,52.56999969482422,51.41999816894531,52.150001525878906,35.86094284057617,237100,0.0
2009-11-30,52.09000015258789,52.52000045776367,51.95000076293945,52.439998626708984,36.060386657714844,352100,0.0
2009-12-01,52.869998931884766,53.20000076293945,52.7599983215332,53.060001373291016,36.48670959472656,819500,0.0
2009-12-02,53.04999923706055,53.41999816894531,52.90999984741211,53.15999984741211,36.555477142333984,444000,0.0
2009-12-03,53.25,53.65999984741211,52.540000915527344,52.540000915527344,36.12913513183594,571900,0.0
2009-12-04,53.43000030517578,53.689998626708984,52.65999984741211,53.099998474121094,36.51422119140625,508800,0.0
2009-12-07,53.04999923706055,53.439998626708984,52.95000076293945,53.060001373291016,36.48670959472656,506000,0.0
2009-12-08,52.65999984741211,52.779998779296875,52.36000061035156,52.5,36.10163497924805,436800,0.0
2009-12-09,52.529998779296875,52.7400016784668,52.27000045776367,52.66999816894531,36.21853256225586,278600,0.0
2009-12-10,53.060001373291016,53.16999816894531,52.75,52.86000061035156,36.349178314208984,414100,0.0
2009-12-11,53.04999923706055,53.31999969482422,52.93000030517578,53.25,36.61735153198242,298700,0.0
2009-12-14,53.68000030517578,53.720001220703125,53.38999938964844,53.70000076293945,36.92679977416992,416100,0.0
2009-12-15,53.529998779296875,53.599998474121094,53.16999816894531,53.33000183105469,36.67238998413086,528700,0.0
2009-12-16,53.599998474121094,53.68000030517578,53.29999923706055,53.40999984741211,36.727386474609375,265000,0.0
2009-12-17,53.02000045776367,53.11000061035156,52.7400016784668,52.7599983215332,36.280426025390625,359900,0.0
2009-12-18,53.029998779296875,53.060001373291016,52.560001373291016,53.04999923706055,36.4798469543457,380400,0.0
2009-12-21,53.2400016784668,53.72999954223633,53.220001220703125,53.58000183105469,36.844295501708984,330000,0.0
2009-12-22,53.630001068115234,53.810001373291016,53.560001373291016,53.619998931884766,36.87179946899414,284600,0.0
2009-12-23,53.81999969482422,53.81999969482422,53.470001220703125,53.599998474121094,36.85804748535156,475800,0.0
2009-12-24,53.40999984741211,53.54999923706055,53.38999938964844,53.529998779296875,37.05951690673828,127600,0.361
2009-12-28,53.7599983215332,53.7599983215332,53.33000183105469,53.529998779296875,37.05951690673828,523200,0.0
2009-12-29,53.650001525878906,53.68000030517578,53.439998626708984,53.459999084472656,37.01105499267578,1241300,0.0
2009-12-30,53.2599983215332,53.4900016784668,53.2599983215332,53.459999084472656,37.01105499267578,248900,0.0
2009-12-31,53.5,53.59000015258789,52.97999954223633,53.0099983215332,36.69948959350586,282300,0.0
2010-01-04,53.470001220703125,53.95000076293945,53.38999938964844,53.86000061035156,37.28797912597656,904100,0.0
2010-01-05,53.93000030517578,54.18000030517578,53.75,54.150001525878906,37.48874282836914,682300,0.0
2010-01-06,54.119998931884766,54.400001525878906,54.06999969482422,54.279998779296875,37.57874298095703,675600,0.0
2010-01-07,54.27000045776367,54.84000015258789,54.130001068115234,54.75,37.904136657714844,591800,0.0
2010-01-08,54.68000030517578,54.86000061035156,54.540000915527344,54.849998474121094,37.97336196899414,351400,0.0
2010-01-11,55.06999969482422,55.18000030517578,54.79999923706055,55.04999923706055,38.111820220947266,436000,0.0
2010-01-12,54.61000061035156,54.7599983215332,54.290000915527344,54.4900016784668,37.72413635253906,467200,0.0
2010-01-13,54.709999084472656,55.11000061035156,54.400001525878906,54.970001220703125,38.05644226074219,298700,0.0
2010-01-14,54.95000076293945,55.16999816894531,54.849998474121094,55.060001373291016,38.11874008178711,431300,0.0
2010-01-15,54.959999084472656,54.959999084472656,54.189998626708984,54.43000030517578,37.68259048461914,405400,0.0
2010-01-19,54.45000076293945,55.13999938964844,54.34000015258789,55.130001068115234,38.16720962524414,296300,0.0
2010-01-20,54.709999084472656,54.83000183105469,54.290000915527344,54.7400016784668,37.897216796875,331100,0.0
2010-01-21,54.709999084472656,54.86000061035156,53.4900016784668,53.54999923706055,37.073360443115234,522900,0.0
2010-01-22,53.400001525878906,53.59000015258789,52.38999938964844,52.4900016784668,36.339508056640625,538200,0.0
2010-01-25,53.040000915527344,53.060001373291016,52.54999923706055,52.720001220703125,36.49874496459961,320300,0.0
2010-01-26,52.560001373291016,53.0099983215332,52.380001068115234,52.41999816894531,36.291046142578125,385500,0.0
2010-01-27,52.380001068115234,52.81999969482422,51.959999084472656,52.709999084472656,36.49181365966797,407100,0.0
2010-01-28,53.0,53.04999923706055,51.959999084472656,52.2400016784668,36.16643142700195,376800,0.0
2010-01-29,52.529998779296875,52.88999938964844,51.84000015258789,51.90999984741211,35.93796157836914,299000,0.0
2010-02-01,52.220001220703125,52.63999938964844,52.20000076293945,52.630001068115234,36.43642807006836,247800,0.0
2010-02-02,52.79999923706055,53.459999084472656,52.59000015258789,53.400001525878906,36.96950912475586,855300,0.0
2010-02-03,53.150001525878906,53.349998474121094,52.84000015258789,52.97999954223633,36.678741455078125,462100,0.0
2010-02-04,52.54999923706055,52.54999923706055,51.27000045776367,51.279998779296875,35.50181198120117,503400,0.0
2010-02-05,51.27000045776367,51.45000076293945,50.2400016784668,51.34000015258789,35.54335403442383,645400,0.0
2010-02-08,51.40999984741211,51.619998931884766,50.84000015258789,50.86000061035156,35.21103286743164,348700,0.0
2010-02-09,51.5099983215332,51.869998931884766,50.959999084472656,51.43000030517578,35.605648040771484,613600,0.0
2010-02-10,51.310001373291016,51.689998626708984,50.9900016784668,51.400001525878906,35.584877014160156,309400,0.0
2010-02-11,51.369998931884766,51.900001525878906,51.029998779296875,51.790000915527344,35.854881286621094,363600,0.0
2010-02-12,51.2400016784668,51.7599983215332,51.06999969482422,51.68000030517578,35.77873611450195,618300,0.0
2010-02-16,52.09000015258789,52.70000076293945,51.970001220703125,52.61000061035156,36.42257308959961,434300,0.0
2010-02-17,52.880001068115234,52.970001220703125,52.650001525878906,52.849998474121094,36.58872604370117,375200,0.0
2010-02-18,52.720001220703125,53.2400016784668,52.720001220703125,53.18000030517578,36.81719207763672,326500,0.0
2010-02-19,52.97999954223633,53.5,52.91999816894531,53.31999969482422,36.91412353515625,378400,0.0
2010-02-22,53.56999969482422,53.63999938964844,53.279998779296875,53.43000030517578,36.990291595458984,382900,0.0
2010-02-23,53.27000045776367,53.529998779296875,52.689998626708984,52.779998779296875,36.540283203125,479900,0.0
2010-02-24,53.0,53.43000030517578,52.849998474121094,53.400001525878906,36.96950912475586,562600,0.0
2010-02-25,52.65999984741211,53.290000915527344,52.4900016784668,53.2599983215332,36.87259292602539,442200,0.0
2010-02-26,53.36000061035156,53.5,53.02000045776367,53.2599983215332,36.87259292602539,342600,0.0
2010-03-01,53.560001373291016,53.810001373291016,53.5,53.779998779296875,37.23258590698242,348100,0.0
2010-03-02,54.0,54.15999984741211,53.81999969482422,53.880001068115234,37.30181884765625,387100,0.0
2010-03-03,53.970001220703125,54.279998779296875,53.810001373291016,53.880001068115234,37.30181884765625,459400,0.0
2010-03-04,54.06999969482422,54.189998626708984,53.869998931884766,54.150001525878906,37.48874282836914,691500,0.0
2010-03-05,54.560001373291016,54.959999084472656,54.34000015258789,54.95000076293945,38.04258728027344,416300,0.0
2010-03-08,54.9900016784668,55.11000061035156,54.880001068115234,54.880001068115234,37.994136810302734,300900,0.0
2010-03-09,54.709999084472656,55.27000045776367,54.709999084472656,55.029998779296875,38.09796905517578,376300,0.0
2010-03-10,55.130001068115234,55.4900016784668,55.060001373291016,55.310001373291016,38.29182052612305,323200,0.0
2010-03-11,55.22999954223633,55.58000183105469,55.0,55.58000183105469,38.4787483215332,336700,0.0
2010-03-12,55.83000183105469,55.83000183105469,55.349998474121094,55.47999954223633,38.409515380859375,248800,0.0
2010-03-15,55.45000076293945,55.63999938964844,55.130001068115234,55.619998931884766,38.50645065307617,247800,0.0
2010-03-16,55.849998474121094,56.18000030517578,55.65999984741211,56.150001525878906,38.87336730957031,411300,0.0
2010-03-17,56.349998474121094,56.689998626708984,56.2599983215332,56.529998779296875,39.13644790649414,305600,0.0
2010-03-18,56.5099983215332,56.61000061035156,56.22999954223633,56.5,39.11567306518555,225200,0.0
2010-03-19,56.16999816894531,56.68000030517578,55.97999954223633,56.16999816894531,38.887210845947266,292100,0.0
2010-03-22,55.81999969482422,56.54999923706055,55.79999923706055,56.5,39.11567306518555,540600,0.0
2010-03-23,56.61000061035156,56.9900016784668,56.439998626708984,56.970001220703125,39.441078186035156,380600,0.0
2010-03-24,56.68000030517578,56.97999954223633,56.619998931884766,56.72999954223633,39.2749137878418,377400,0.0
2010-03-25,56.90999984741211,57.11000061035156,56.31999969482422,56.400001525878906,39.220680236816406,418300,0.252
2010-03-26,56.560001373291016,56.84000015258789,56.18000030517578,56.400001525878906,39.220680236816406,407700,0.0
2010-03-29,56.72999954223633,56.79999923706055,56.47999954223633,56.709999084472656,39.436248779296875,498900,0.0
2010-03-30,56.790000915527344,56.900001525878906,56.47999954223633,56.68000030517578,39.41537857055664,354700,0.0
2010-03-31,56.459999084472656,56.709999084472656,56.25,56.459999084472656,39.262393951416016,299100,0.0
2010-04-01,56.90999984741211,57.060001373291016,56.61000061035156,56.970001220703125,39.617061614990234,699600,0.0
2010-04-05,57.20000076293945,57.38999938964844,56.9900016784668,57.38999938964844,39.909114837646484,568500,0.0
2010-04-06,57.18000030517578,57.650001525878906,57.18000030517578,57.59000015258789,40.04819869995117,684500,0.0
2010-04-07,57.5,57.61000061035156,57.0099983215332,57.279998779296875,39.832611083984375,953200,0.0
2010-04-08,57.09000015258789,57.61000061035156,56.900001525878906,57.529998779296875,40.00646209716797,362600,0.0
2010-04-09,57.689998626708984,57.880001068115234,57.52000045776367,57.880001068115234,40.24987030029297,420700,0.0
2010-04-12,57.970001220703125,58.150001525878906,57.88999938964844,58.02000045776367,40.347225189208984,224200,0.0
2010-04-13,57.900001525878906,58.11000061035156,57.650001525878906,58.029998779296875,40.354164123535156,256200,0.0
2010-04-14,58.290000915527344,58.779998779296875,58.16999816894531,58.779998779296875,40.875732421875,246600,0.0
2010-04-15,58.709999084472656,58.959999084472656,58.650001525878906,58.810001373291016,40.8965950012207,326000,0.0
2010-04-16,58.599998474121094,58.66999816894531,57.40999984741211,57.720001220703125,40.13859939575195,484100,0.0
2010-04-19,57.5,58.060001373291016,57.310001373291016,58.0,40.33332061767578,302100,0.0
2010-04-20,58.41999816894531,58.61000061035156,58.22999954223633,58.58000183105469,40.73664855957031,307000,0.0
2010-04-21,58.650001525878906,58.75,58.02000045776367,58.380001068115234,40.59756088256836,206300,0.0
2010-04-22,57.970001220703125,58.619998931884766,57.68000030517578,58.560001373291016,40.72273635864258,524600,0.0
2010-04-23,58.459999084472656,58.970001220703125,58.310001373291016,58.970001220703125,41.007843017578125,761900,0.0
2010-04-26,59.0099983215332,59.040000915527344,58.540000915527344,58.59000015258789,40.74361038208008,1015300,0.0
2010-04-27,58.290000915527344,58.529998779296875,56.9900016784668,57.119998931884766,39.721370697021484,780400,0.0
2010-04-28,57.41999816894531,57.810001373291016,57.15999984741211,57.66999816894531,40.10383605957031,470900,0.0
2010-04-29,58.04999923706055,58.630001068115234,58.02000045776367,58.5,40.68101119995117,310200,0.0
2010-04-30,58.459999084472656,58.59000015258789,57.5099983215332,57.560001373291016,40.02735137939453,353900,0.0
2010-05-03,57.869998931884766,58.470001220703125,57.779998779296875,58.349998474121094,40.57669448852539,514400,0.0
2010-05-04,57.70000076293945,57.709999084472656,56.7400016784668,57.0099983215332,39.644874572753906,687300,0.0
2010-05-05,56.4900016784668,57.189998626708984,56.2599983215332,56.709999084472656,39.436248779296875,777700,0.0
2010-05-06,56.459999084472656,56.70000076293945,29.299999237060547,54.68000030517578,38.024566650390625,1516900,0.0
2010-05-07,54.779998779296875,55.209999084472656,53.2599983215332,54.02000045776367,37.56561279296875,1563300,0.0
2010-05-10,56.5099983215332,57.38999938964844,55.66999816894531,56.279998779296875,39.13723373413086,1009000,0.0
2010-05-11,55.70000076293945,56.9900016784668,55.70000076293945,56.2599983215332,39.12330627441406,1442300,0.0
2010-05-12,56.4900016784668,56.959999084472656,56.310001373291016,56.849998474121094,39.533599853515625,348500,0.0
2010-05-13,56.81999969482422,56.95000076293945,56.15999984741211,56.20000076293945,39.08159255981445,429000,0.0
2010-05-14,55.75,55.880001068115234,54.720001220703125,55.18000030517578,38.37226486206055,492500,0.0
2010-05-17,55.349998474121094,55.45000076293945,54.15999984741211,55.2599983215332,38.42790603637695,1504400,0.0
2010-05-18,55.77000045776367,55.79999923706055,54.189998626708984,54.40999984741211,37.83681106567383,816000,0.0
2010-05-19,54.0,54.59000015258789,53.470001220703125,54.20000076293945,37.6907844543457,1060300,0.0
2010-05-20,53.06999969482422,53.25,51.970001220703125,52.0099983215332,36.167842864990234,1490200,0.0
2010-05-21,51.290000915527344,52.95000076293945,51.08000183105469,52.869998931884766,36.76590347290039,1362800,0.0
2010-05-24,52.689998626708984,52.939998626708984,52.0099983215332,52.11000061035156,36.237396240234375,789700,0.0
2010-05-25,50.689998626708984,52.20000076293945,50.439998626708984,52.20000076293945,36.29998016357422,996100,0.0
2010-05-26,52.650001525878906,52.91999816894531,51.790000915527344,51.95000076293945,36.126136779785156,978200,0.0
2010-05-27,52.86000061035156,53.709999084472656,52.68000030517578,53.70000076293945,37.343082427978516,497100,0.0
2010-05-28,53.65999984741211,53.65999984741211,52.779998779296875,53.0,36.85630798339844,457200,0.0
2010-06-01,52.61000061035156,53.220001220703125,51.97999954223633,52.040000915527344,36.188716888427734,906100,0.0
2010-06-02,52.400001525878906,53.380001068115234,52.13999938964844,53.349998474121094,37.09969711303711,603600,0.0
2010-06-03,53.599998474121094,53.709999084472656,52.9900016784668,53.45000076293945,37.16922378540039,317800,0.0
2010-06-04,52.36000061035156,52.68000030517578,51.400001525878906,51.560001373291016,35.85494613647461,546600,0.0
2010-06-07,51.75,51.849998474121094,50.83000183105469,50.869998931884766,35.375099182128906,590400,0.0
2010-06-08,50.95000076293945,51.58000183105469,50.47999954223633,51.5,35.813194274902344,804400,0.0
2010-06-09,51.77000045776367,52.2400016784668,51.060001373291016,51.25,35.63935089111328,481500,0.0
2010-06-10,52.18000030517578,52.790000915527344,52.029998779296875,52.75,36.68246078491211,738700,0.0
2010-06-11,52.290000915527344,52.900001525878906,52.22999954223633,52.869998931884766,36.76590347290039,450100,0.0
2010-06-14,53.20000076293945,53.560001373291016,52.7400016784668,52.79999923706055,36.71721649169922,385400,0.0
2010-06-15,53.119998931884766,53.97999954223633,53.04999923706055,53.95000076293945,37.51694107055664,427800,0.0
2010-06-16,53.70000076293945,54.08000183105469,53.52000045776367,53.86000061035156,37.45435333251953,300900,0.0
2010-06-17,54.06999969482422,54.06999969482422,53.41999816894531,53.970001220703125,37.530845642089844,278700,0.0
2010-06-18,54.040000915527344,54.18000030517578,53.86000061035156,54.040000915527344,37.57952117919922,295300,0.0
2010-06-21,54.75,54.75,53.599998474121094,53.849998474121094,37.44739532470703,363500,0.0
2010-06-22,53.83000183105469,54.040000915527344,52.900001525878906,52.95000076293945,36.821533203125,526300,0.0
2010-06-23,52.709999084472656,52.849998474121094,52.220001220703125,52.4900016784668,36.68943405151367,376500,0.271
2010-06-24,52.189998626708984,52.25,51.470001220703125,51.599998474121094,36.06732177734375,429600,0.0
2010-06-25,51.790000915527344,52.099998474121094,51.34000015258789,51.88999938964844,36.27003860473633,384900,0.0
2010-06-28,51.9900016784668,52.08000183105469,51.58000183105469,51.720001220703125,36.15121841430664,419500,0.0
2010-06-29,51.06999969482422,51.06999969482422,49.91999816894531,50.220001220703125,35.10274124145508,488700,0.0
2010-06-30,50.04999923706055,50.52000045776367,49.54999923706055,49.65999984741211,34.7113151550293,584500,0.0
2010-07-01,49.66999816894531,49.81999969482422,48.650001525878906,49.459999084472656,34.5715217590332,1254300,0.0
2010-07-02,49.619998931884766,49.77000045776367,48.849998474121094,49.11000061035156,34.326866149902344,444200,0.0
2010-07-06,49.86000061035156,50.150001525878906,48.97999954223633,49.43000030517578,34.55054473876953,750700,0.0
2010-07-07,49.61000061035156,51.08000183105469,49.529998779296875,51.0099983215332,35.65493392944336,430400,0.0
2010-07-08,51.400001525878906,51.59000015258789,50.939998626708984,51.52000045776367,36.01142883300781,412000,0.0
2010-07-09,51.54999923706055,51.959999084472656,51.41999816894531,51.939998626708984,36.30498504638672,243200,0.0
2010-07-12,51.84000015258789,52.04999923706055,51.56999969482422,52.0099983215332,36.353904724121094,387600,0.0
2010-07-13,52.560001373291016,53.119998931884766,52.540000915527344,52.900001525878906,36.97600555419922,675500,0.0
2010-07-14,52.75,52.959999084472656,52.400001525878906,52.79999923706055,36.90610122680664,710900,0.0
2010-07-15,52.779998779296875,52.959999084472656,52.04999923706055,52.83000183105469,36.927093505859375,645600,0.0
2010-07-16,52.4900016784668,52.5,51.16999816894531,51.2599983215332,35.82969284057617,643000,0.0
2010-07-19,51.529998779296875,51.72999954223633,51.0,51.540000915527344,36.025386810302734,446400,0.0
2010-07-20,50.810001373291016,52.06999969482422,50.810001373291016,52.04999923706055,36.38187026977539,511000,0.0
2010-07-21,52.38999938964844,52.400001525878906,51.16999816894531,51.349998474121094,35.89258575439453,921800,0.0
2010-07-22,51.9900016784668,52.720001220703125,51.939998626708984,52.5,36.69642639160156,560000,0.0
2010-07-23,52.47999954223633,53.08000183105469,52.25,52.959999084472656,37.0179443359375,705400,0.0
2010-07-26,53.150001525878906,53.709999084472656,52.97999954223633,53.689998626708984,37.52820587158203,879600,0.0
2010-07-27,54.029998779296875,54.13999938964844,53.58000183105469,53.7400016784668,37.563148498535156,884100,0.0
2010-07-28,53.56999969482422,53.77000045776367,53.220001220703125,53.36000061035156,37.297550201416016,1176600,0.0
2010-07-29,53.79999923706055,53.91999816894531,52.7400016784668,53.150001525878906,37.1507568359375,688600,0.0
2010-07-30,52.68000030517578,53.439998626708984,52.54999923706055,53.189998626708984,37.178714752197266,507300,0.0
2010-08-02,54.099998474121094,54.43000030517578,53.77000045776367,54.369998931884766,38.003509521484375,719500,0.0
2010-08-03,54.189998626708984,54.380001068115234,53.939998626708984,54.09000015258789,37.807796478271484,487700,0.0
2010-08-04,54.2400016784668,54.400001525878906,54.0099983215332,54.369998931884766,38.003509521484375,441300,0.0
2010-08-05,54.04999923706055,54.33000183105469,53.900001525878906,54.27000045776367,37.933616638183594,481900,0.0
2010-08-06,53.72999954223633,54.13999938964844,53.380001068115234,54.0099983215332,37.75187683105469,687300,0.0
2010-08-09,54.349998474121094,54.41999816894531,53.9900016784668,54.33000183105469,37.97554016113281,352400,0.0
2010-08-10,53.849998474121094,54.31999969482422,53.560001373291016,54.040000915527344,37.77285385131836,600000,0.0
2010-08-11,53.18000030517578,53.209999084472656,52.400001525878906,52.459999084472656,36.66844940185547,322000,0.0
2010-08-12,51.689998626708984,52.459999084472656,51.689998626708984,52.27000045776367,36.53565216064453,582600,0.0
2010-08-13,52.150001525878906,52.4900016784668,52.09000015258789,52.130001068115234,36.437782287597656,367400,0.0
2010-08-16,51.84000015258789,52.220001220703125,51.599998474121094,52.09000015258789,36.40983200073242,321300,0.0
2010-08-17,52.56999969482422,53.04999923706055,52.36000061035156,52.68000030517578,36.822235107421875,707900,0.0
2010-08-18,52.650001525878906,53.04999923706055,52.369998931884766,52.79999923706055,36.90610122680664,701800,0.0
2010-08-19,52.470001220703125,52.58000183105469,51.59000015258789,51.779998779296875,36.193153381347656,587800,0.0
2010-08-20,51.65999984741211,51.66999816894531,51.18000030517578,51.560001373291016,36.03937911987305,628900,0.0
2010-08-23,51.880001068115234,52.04999923706055,51.400001525878906,51.43000030517578,35.94850158691406,774200,0.0
2010-08-24,50.83000183105469,51.09000015258789,50.459999084472656,50.7599983215332,35.480194091796875,623100,0.0
2010-08-25,50.470001220703125,51.09000015258789,50.09000015258789,50.90999984741211,35.58502960205078,577900,0.0
2010-08-26,51.18000030517578,51.22999954223633,50.41999816894531,50.54999923706055,35.333412170410156,340600,0.0
2010-08-27,50.869998931884766,51.45000076293945,50.2400016784668,51.40999984741211,35.93453598022461,531000,0.0
2010-08-30,51.290000915527344,51.349998474121094,50.56999969482422,50.56999969482422,35.34738540649414,528000,0.0
2010-08-31,50.400001525878906,50.97999954223633,50.2400016784668,50.72999954223633,35.4592170715332,1285300,0.0
2010-09-01,51.380001068115234,52.310001373291016,51.33000183105469,52.2400016784668,36.51468276977539,888000,0.0
2010-09-02,52.41999816894531,52.75,52.27000045776367,52.720001220703125,36.85019302368164,725500,0.0
2010-09-03,53.290000915527344,53.4900016784668,52.939998626708984,53.38999938964844,37.31849670410156,408400,0.0
2010-09-07,53.15999984741211,53.15999984741211,52.630001068115234,52.689998626708984,36.8292236328125,540600,0.0
2010-09-08,52.790000915527344,53.25,52.7599983215332,53.029998779296875,37.06687927246094,379800,0.0
2010-09-09,53.630001068115234,53.65999984741211,53.2400016784668,53.380001068115234,37.311519622802734,294600,0.0
2010-09-10,53.52000045776367,53.689998626708984,53.38999938964844,53.619998931884766,37.47927474975586,439000,0.0
2010-09-13,54.130001068115234,54.34000015258789,53.95000076293945,54.220001220703125,37.89866256713867,454600,0.0
2010-09-14,54.04999923706055,54.349998474121094,53.810001373291016,54.09000015258789,37.807796478271484,783000,0.0
2010-09-15,53.90999984741211,54.33000183105469,53.720001220703125,54.2599983215332,37.92661666870117,674200,0.0
2010-09-16,54.040000915527344,54.20000076293945,53.83000183105469,54.16999816894531,37.86371612548828,614500,0.0
2010-09-17,54.38999938964844,54.470001220703125,54.0099983215332,54.08000183105469,37.80081558227539,520600,0.0
2010-09-20,54.220001220703125,55.060001373291016,54.150001525878906,54.959999084472656,38.41590881347656,475600,0.0
2010-09-21,54.970001220703125,55.22999954223633,54.619998931884766,54.790000915527344,38.297080993652344,911200,0.0
2010-09-22,54.65999984741211,55.0099983215332,54.33000183105469,54.45000076293945,38.05942916870117,807100,0.0
2010-09-23,53.9900016784668,54.45000076293945,53.720001220703125,53.84000015258789,37.63304901123047,628200,0.0
2010-09-24,54.060001373291016,54.63999938964844,54.0,54.61000061035156,38.428924560546875,268100,0.361
2010-09-27,54.70000076293945,54.70000076293945,54.25,54.279998779296875,38.19671630859375,834600,0.0
2010-09-28,54.41999816894531,54.68000030517578,53.86000061035156,54.56999969482422,38.40077209472656,1046700,0.0
2010-09-29,54.40999984741211,54.59000015258789,54.16999816894531,54.36000061035156,38.25300216674805,637700,0.0
2010-09-30,54.709999084472656,55.040000915527344,54.040000915527344,54.25,38.17559051513672,2211500,0.0
2010-10-01,54.68000030517578,54.709999084472656,54.20000076293945,54.56999969482422,38.40077209472656,950800,0.0
2010-10-04,54.529998779296875,54.72999954223633,53.959999084472656,54.209999084472656,38.14744186401367,1474500,0.0
2010-10-05,54.70000076293945,55.43000030517578,54.61000061035156,55.290000915527344,38.907447814941406,1053800,0.0
2010-10-06,55.33000183105469,55.470001220703125,55.15999984741211,55.36000061035156,38.956695556640625,373200,0.0
2010-10-07,55.599998474121094,55.68000030517578,55.0099983215332,55.31999969482422,38.92855453491211,319700,0.0
2010-10-08,55.40999984741211,55.689998626708984,55.220001220703125,55.540000915527344,39.0833740234375,223300,0.0
2010-10-11,55.59000015258789,55.720001220703125,55.41999816894531,55.56999969482422,39.1044807434082,218100,0.0
2010-10-12,55.400001525878906,55.88999938964844,55.150001525878906,55.7599983215332,39.23817825317383,334700,0.0
2010-10-13,56.119998931884766,56.369998931884766,55.869998931884766,56.029998779296875,39.42818069458008,338000,0.0
2010-10-14,55.9900016784668,55.9900016784668,55.29999923706055,55.70000076293945,39.195960998535156,450900,0.0
2010-10-15,56.04999923706055,56.04999923706055,55.04999923706055,55.38999938964844,38.97781753540039,485000,0.0
2010-10-18,55.38999938964844,55.91999816894531,55.310001373291016,55.86000061035156,39.308555603027344,393800,0.0
2010-10-19,55.290000915527344,55.709999084472656,54.810001373291016,55.09000015258789,38.76670837402344,675800,0.0
2010-10-20,55.150001525878906,55.93000030517578,55.150001525878906,55.70000076293945,39.195960998535156,410300,0.0
2010-10-21,55.849998474121094,56.25,55.38999938964844,55.77000045776367,39.245216369628906,772100,0.0
2010-10-22,55.810001373291016,55.91999816894531,55.65999984741211,55.81999969482422,39.2804069519043,257800,0.0
2010-10-25,56.13999938964844,56.41999816894531,55.83000183105469,55.880001068115234,39.32261657714844,607600,0.0
2010-10-26,55.619998931884766,55.93000030517578,55.5099983215332,55.869998931884766,39.31559371948242,445800,0.0
2010-10-27,55.5,55.709999084472656,55.18000030517578,55.650001525878906,39.1607666015625,462700,0.0
2010-10-28,56.029998779296875,56.029998779296875,55.45000076293945,55.7400016784668,39.22411346435547,617400,0.0
2010-10-29,55.650001525878906,55.72999954223633,55.470001220703125,55.66999816894531,39.17484664916992,554200,0.0
2010-11-01,55.97999954223633,56.220001220703125,55.2599983215332,55.58000183105469,39.11151885986328,540500,0.0
2010-11-02,55.97999954223633,56.060001373291016,55.77000045776367,55.90999984741211,39.34373092651367,437500,0.0
2010-11-03,56.04999923706055,56.220001220703125,55.52000045776367,56.209999084472656,39.554847717285156,905600,0.0
2010-11-04,56.779998779296875,57.43000030517578,56.7400016784668,57.40999984741211,40.3992805480957,759100,0.0
2010-11-05,57.459999084472656,57.900001525878906,57.380001068115234,57.790000915527344,40.666690826416016,745700,0.0
2010-11-08,57.56999969482422,57.65999984741211,57.279998779296875,57.58000183105469,40.51891326904297,517600,0.0
2010-11-09,57.720001220703125,57.7599983215332,56.83000183105469,57.04999923706055,40.145957946777344,381600,0.0
2010-11-10,57.08000183105469,57.29999923706055,56.56999969482422,57.290000915527344,40.31485366821289,385000,0.0
2010-11-11,56.880001068115234,57.220001220703125,56.7599983215332,57.130001068115234,40.20225143432617,616100,0.0
2010-11-12,56.7400016784668,57.0,56.29999923706055,56.529998779296875,39.7800407409668,759000,0.0
2010-11-15,56.689998626708984,57.04999923706055,56.5099983215332,56.529998779296875,39.7800407409668,482100,0.0
2010-11-16,56.2400016784668,56.279998779296875,55.43000030517578,55.72999954223633,39.217063903808594,540900,0.0
2010-11-17,55.77000045776367,55.880001068115234,55.5,55.63999938964844,39.15372848510742,944900,0.0
2010-11-18,56.189998626708984,56.560001373291016,56.15999984741211,56.349998474121094,39.65336608886719,934600,0.0
2010-11-19,56.27000045776367,56.47999954223633,55.97999954223633,56.470001220703125,39.7378044128418,316300,0.0
2010-11-22,56.20000076293945,56.31999969482422,55.63999938964844,56.189998626708984,39.540767669677734,525900,0.0
2010-11-23,55.56999969482422,55.65999984741211,55.310001373291016,55.439998626708984,39.012996673583984,1765100,0.0
2010-11-24,55.77000045776367,56.15999984741211,55.720001220703125,56.13999938964844,39.505592346191406,484100,0.0
2010-11-26,55.709999084472656,55.939998626708984,55.5,55.5,39.05522155761719,147200,0.0
2010-11-29,55.33000183105469,55.83000183105469,55.029998779296875,55.70000076293945,39.195960998535156,777900,0.0
2010-11-30,55.13999938964844,55.709999084472656,55.13999938964844,55.380001068115234,38.970787048339844,862400,0.0
2010-12-01,56.150001525878906,56.63999938964844,56.119998931884766,56.58000183105469,39.815208435058594,529000,0.0
2010-12-02,56.689998626708984,57.439998626708984,56.619998931884766,57.40999984741211,40.3992805480957,374800,0.0
2010-12-03,57.150001525878906,57.61000061035156,57.11000061035156,57.54999923706055,40.497798919677734,335100,0.0
2010-12-06,57.36000061035156,57.619998931884766,57.36000061035156,57.459999084472656,40.43446731567383,392700,0.0
2010-12-07,58.0,58.040000915527344,57.58000183105469,57.59000015258789,40.525962829589844,879000,0.0
2010-12-08,57.619998931884766,57.959999084472656,57.439998626708984,57.93000030517578,40.76520919799805,575900,0.0
2010-12-09,58.220001220703125,58.349998474121094,57.959999084472656,58.290000915527344,41.01853942871094,286500,0.0
2010-12-10,58.43000030517578,58.75,58.31999969482422,58.68000030517578,41.292972564697266,272500,0.0
2010-12-13,59.0,59.0,58.70000076293945,58.70000076293945,41.30705642700195,441300,0.0
2010-12-14,58.7400016784668,59.040000915527344,58.59000015258789,58.77000045776367,41.35630416870117,286800,0.0
2010-12-15,58.619998931884766,58.86000061035156,58.36000061035156,58.439998626708984,41.12409210205078,260000,0.0
2010-12-16,58.470001220703125,58.869998931884766,58.369998931884766,58.84000015258789,41.40556335449219,1683900,0.0
2010-12-17,58.689998626708984,58.93000030517578,58.61000061035156,58.88999938964844,41.44074630737305,560800,0.0
2010-12-20,59.06999969482422,59.18000030517578,58.77000045776367,59.02000045776367,41.5322380065918,677100,0.0
2010-12-21,59.18000030517578,59.529998779296875,59.18000030517578,59.47999954223633,41.855953216552734,1178300,0.0
2010-12-22,59.560001373291016,59.869998931884766,59.54999923706055,59.86000061035156,42.12333679199219,289300,0.0
2010-12-23,59.45000076293945,59.47999954223633,59.2599983215332,59.41999816894531,42.06529235839844,324000,0.358
2010-12-27,59.189998626708984,59.54999923706055,59.130001068115234,59.52000045776367,42.136070251464844,230900,0.0
2010-12-28,59.58000183105469,59.689998626708984,59.47999954223633,59.63999938964844,42.22103500366211,435400,0.0
2010-12-29,59.70000076293945,59.77000045776367,59.63999938964844,59.650001525878906,42.228126525878906,318100,0.0
2010-12-30,59.619998931884766,59.709999084472656,59.45000076293945,59.560001373291016,42.1644172668457,383100,0.0
2010-12-31,59.470001220703125,59.68000030517578,59.400001525878906,59.59000015258789,42.185638427734375,325400,0.0
2011-01-03,60.02000045776367,60.529998779296875,60.0099983215332,60.31999969482422,42.702430725097656,966200,0.0
2011-01-04,60.43000030517578,60.5,60.0099983215332,60.439998626708984,42.78738784790039,2482300,0.0
2011-01-05,60.18000030517578,60.79999923706055,60.18000030517578,60.72999954223633,42.992671966552734,1051300,0.0
2011-01-06,60.77000045776367,60.81999969482422,60.41999816894531,60.59000015258789,42.89358139038086,363500,0.0
2011-01-07,60.72999954223633,60.790000915527344,59.959999084472656,60.43000030517578,42.780311584472656,911900,0.0
2011-01-10,60.13999938964844,60.40999984741211,59.970001220703125,60.33000183105469,42.70950698852539,1124900,0.0
2011-01-11,60.58000183105469,60.77000045776367,60.349998474121094,60.599998474121094,42.900657653808594,742900,0.0
2011-01-12,60.97999954223633,61.310001373291016,60.90999984741211,61.220001220703125,43.339576721191406,731000,0.0
2011-01-13,61.290000915527344,61.290000915527344,60.939998626708984,61.099998474121094,43.254608154296875,463300,0.0
2011-01-14,60.970001220703125,61.66999816894531,60.970001220703125,61.619998931884766,43.62274932861328,655600,0.0
2011-01-18,61.619998931884766,61.720001220703125,61.4900016784668,61.63999938964844,43.636905670166016,838200,0.0
2011-01-19,61.560001373291016,61.560001373291016,60.7400016784668,60.900001525878906,43.113037109375,764600,0.0
2011-01-20,60.79999923706055,61.130001068115234,60.529998779296875,61.029998779296875,43.205055236816406,825600,0.0
2011-01-21,61.41999816894531,61.61000061035156,61.2400016784668,61.40999984741211,43.47407913208008,693000,0.0
2011-01-24,61.41999816894531,61.720001220703125,61.38999938964844,61.630001068115234,43.62981033325195,584000,0.0
2011-01-25,61.5,61.720001220703125,61.130001068115234,61.63999938964844,43.636905670166016,1567600,0.0
2011-01-26,61.810001373291016,62.0,61.689998626708984,61.810001373291016,43.75724411010742,864900,0.0
2011-01-27,61.79999923706055,62.099998474121094,61.72999954223633,62.04999923706055,43.927162170410156,678200,0.0
2011-01-28,62.150001525878906,62.279998779296875,60.97999954223633,61.04999923706055,43.21921920776367,1472000,0.0
2011-01-31,61.2400016784668,61.560001373291016,61.13999938964844,61.4900016784668,43.53070831298828,863300,0.0
2011-02-01,61.91999816894531,62.75,61.900001525878906,62.68000030517578,44.37314224243164,2952100,0.0
2011-02-02,62.5099983215332,62.68000030517578,62.380001068115234,62.43000030517578,44.19617462158203,1292400,0.0
2011-02-03,62.369998931884766,62.720001220703125,62.0,62.619998931884766,44.33068084716797,1044300,0.0
2011-02-04,62.630001068115234,62.720001220703125,62.2400016784668,62.689998626708984,44.38022994995117,518000,0.0
2011-02-07,62.83000183105469,63.279998779296875,62.81999969482422,63.150001525878906,44.70587921142578,531600,0.0
2011-02-08,63.2599983215332,63.41999816894531,62.97999954223633,63.40999984741211,44.889930725097656,1077300,0.0
2011-02-09,63.189998626708984,63.31999969482422,62.79999923706055,63.15999984741211,44.71296310424805,3171300,0.0
2011-02-10,62.779998779296875,63.209999084472656,62.66999816894531,63.13999938964844,44.69879913330078,1121200,0.0
2011-02-11,62.970001220703125,63.619998931884766,62.83000183105469,63.529998779296875,44.97489929199219,1580500,0.0
2011-02-14,63.470001220703125,63.77000045776367,63.369998931884766,63.709999084472656,45.102317810058594,546700,0.0
2011-02-15,63.5,63.58000183105469,63.290000915527344,63.45000076293945,44.91825485229492,2026300,0.0
2011-02-16,63.619998931884766,63.959999084472656,63.58000183105469,63.880001068115234,45.22267532348633,480700,0.0
2011-02-17,63.72999954223633,64.23999786376953,63.70000076293945,64.1500015258789,45.41380310058594,622100,0.0
2011-02-18,64.19999694824219,64.38999938964844,64.12999725341797,64.37000274658203,45.56953430175781,420600,0.0
2011-02-22,63.7599983215332,64.12999725341797,62.959999084472656,63.150001525878906,44.70587921142578,1144300,0.0
2011-02-23,63.09000015258789,63.290000915527344,62.4900016784668,62.900001525878906,44.52888107299805,975900,0.0
2011-02-24,62.77000045776367,62.959999084472656,62.130001068115234,62.72999954223633,44.4085578918457,1097900,0.0
2011-02-25,63.0,63.34000015258789,62.93000030517578,63.279998779296875,44.79789733886719,290300,0.0
2011-02-28,63.59000015258789,63.849998474121094,63.43000030517578,63.7599983215332,45.13771057128906,450000,0.0
2011-03-01,64.02999877929688,64.02999877929688,62.709999084472656,62.709999084472656,44.39439010620117,559100,0.0
2011-03-02,62.599998474121094,63.040000915527344,62.459999084472656,62.709999084472656,44.39439010620117,494100,0.0
2011-03-03,63.380001068115234,63.849998474121094,63.33000183105469,63.75,45.130638122558594,315700,0.0
2011-03-04,63.77000045776367,63.77000045776367,62.810001373291016,63.22999954223633,44.762508392333984,561400,0.0
2011-03-07,63.41999816894531,63.59000015258789,62.540000915527344,62.81999969482422,44.47225570678711,422000,0.0
2011-03-08,62.91999816894531,63.689998626708984,62.75,63.5,44.95365524291992,371200,0.0
2011-03-09,63.349998474121094,63.70000076293945,63.09000015258789,63.54999923706055,44.989051818847656,629200,0.0
2011-03-10,62.959999084472656,62.959999084472656,62.220001220703125,62.290000915527344,44.097049713134766,685000,0.0
2011-03-11,62.0,62.95000076293945,61.939998626708984,62.709999084472656,44.39439010620117,767500,0.0
2011-03-14,62.290000915527344,62.459999084472656,61.83000183105469,62.36000061035156,44.14659118652344,485700,0.0
2011-03-15,60.619998931884766,61.97999954223633,60.599998474121094,61.630001068115234,43.62981033325195,954300,0.0
2011-03-16,61.45000076293945,61.630001068115234,60.08000183105469,60.5099983215332,42.83694076538086,3217400,0.0
2011-03-17,61.470001220703125,61.540000915527344,60.91999816894531,61.36000061035156,43.438682556152344,905400,0.0
2011-03-18,62.20000076293945,62.22999954223633,61.630001068115234,61.77000045776367,43.72892379760742,553700,0.0
2011-03-21,62.459999084472656,62.7400016784668,62.439998626708984,62.58000183105469,44.302345275878906,540000,0.0
2011-03-22,62.63999938964844,62.650001525878906,62.31999969482422,62.34000015258789,44.132442474365234,297300,0.0
2011-03-23,62.209999084472656,62.56999969482422,61.849998474121094,62.43000030517578,44.19617462158203,636900,0.0
2011-03-24,62.7400016784668,62.9900016784668,62.369998931884766,62.91999816894531,44.54304885864258,451400,0.0
2011-03-25,62.7599983215332,63.060001373291016,62.599998474121094,62.810001373291016,44.66608428955078,503500,0.283
2011-03-28,62.9900016784668,63.11000061035156,62.630001068115234,62.630001068115234,44.53807067871094,628600,0.0
2011-03-29,62.619998931884766,63.02000045776367,62.380001068115234,62.97999954223633,44.78697204589844,1151700,0.0
2011-03-30,63.380001068115234,63.689998626708984,63.290000915527344,63.5,45.156761169433594,391300,0.0
2011-03-31,63.400001525878906,63.52000045776367,63.279998779296875,63.310001373291016,45.021636962890625,802500,0.0
2011-04-01,63.790000915527344,63.90999984741211,63.5,63.650001525878906,45.263427734375,961000,0.0
2011-04-04,63.7599983215332,63.900001525878906,63.56999969482422,63.7400016784668,45.327423095703125,901200,0.0
2011-04-05,63.560001373291016,64.01000213623047,63.560001373291016,63.75,45.33454513549805,376200,0.0
2011-04-06,64.0199966430664,64.12000274658203,63.810001373291016,64.05000305175781,45.547882080078125,436500,0.0
2011-04-07,63.97999954223633,64.19999694824219,63.619998931884766,63.90999984741211,45.44832229614258,306900,0.0
2011-04-08,64.19000244140625,64.19999694824219,63.400001525878906,63.630001068115234,45.24920654296875,339300,0.0
2011-04-11,63.709999084472656,63.88999938964844,63.290000915527344,63.40999984741211,45.09274673461914,441600,0.0
2011-04-12,63.040000915527344,63.13999938964844,62.650001525878906,62.939998626708984,44.75851821899414,334300,0.0
2011-04-13,63.18000030517578,63.27000045776367,62.58000183105469,62.77000045776367,44.637630462646484,294500,0.0
2011-04-14,62.439998626708984,62.88999938964844,62.18000030517578,62.7599983215332,44.630523681640625,321000,0.0
2011-04-15,62.939998626708984,63.209999084472656,62.81999969482422,63.06999969482422,44.85097885131836,387000,0.0
2011-04-18,62.31999969482422,62.43000030517578,61.86000061035156,62.25,44.2678337097168,783700,0.0
2011-04-19,62.41999816894531,62.650001525878906,62.25,62.59000015258789,44.50962448120117,557600,0.0
2011-04-20,63.40999984741211,63.540000915527344,63.22999954223633,63.349998474121094,45.050086975097656,597000,0.0
2011-04-21,63.619998931884766,63.68000030517578,63.31999969482422,63.5099983215332,45.163856506347656,346700,0.0
2011-04-25,63.439998626708984,63.58000183105469,63.290000915527344,63.439998626708984,45.11408615112305,333200,0.0
2011-04-26,63.56999969482422,64.13999938964844,63.56999969482422,64.02999877929688,45.53364181518555,614200,0.0
2011-04-27,64.23999786376953,64.58999633789062,63.95000076293945,64.45999908447266,45.83944320678711,521500,0.0
2011-04-28,64.44000244140625,64.77999877929688,64.41000366210938,64.75,46.04567337036133,329500,0.0
2011-04-29,64.73999786376953,64.9000015258789,64.63999938964844,64.87999725341797,46.13810729980469,292000,0.0
2011-05-02,65.16000366210938,65.26000213623047,64.56999969482422,64.70999908447266,46.017234802246094,551500,0.0
2011-05-03,64.4800033569336,64.69000244140625,64.1500015258789,64.48999786376953,45.86076736450195,474500,0.0
2011-05-04,64.43000030517578,64.45999908447266,63.7599983215332,64.0,45.51231384277344,471800,0.0
2011-05-05,63.61000061035156,63.939998626708984,63.0,63.31999969482422,45.028751373291016,582500,0.0
2011-05-06,63.939998626708984,64.2699966430664,63.349998474121094,63.619998931884766,45.242103576660156,493500,0.0
2011-05-09,63.63999938964844,64.0,63.47999954223633,63.81999969482422,45.384307861328125,396600,0.0
2011-05-10,64.01000213623047,64.5199966430664,63.959999084472656,64.37000274658203,45.77542495727539,250500,0.0
2011-05-11,64.29000091552734,64.29000091552734,63.400001525878906,63.619998931884766,45.242103576660156,308800,0.0
2011-05-12,63.40999984741211,63.939998626708984,63.04999923706055,63.810001373291016,45.37721252441406,559000,0.0
2011-05-13,63.900001525878906,63.91999816894531,63.04999923706055,63.29999923706055,45.0145149230957,264500,0.0
2011-05-16,63.099998474121094,63.63999938964844,62.95000076293945,63.060001373291016,44.84385299682617,306400,0.0
2011-05-17,62.83000183105469,63.16999816894531,62.650001525878906,63.08000183105469,44.85807800292969,282400,0.0
2011-05-18,63.06999969482422,63.65999984741211,62.97999954223633,63.58000183105469,45.21365737915039,314600,0.0
2011-05-19,63.849998474121094,63.90999984741211,63.41999816894531,63.70000076293945,45.298980712890625,341000,0.0
2011-05-20,63.540000915527344,63.59000015258789,63.08000183105469,63.150001525878906,44.90786361694336,204500,0.0
2011-05-23,62.38999938964844,62.630001068115234,62.25,62.43000030517578,44.39585494995117,265000,0.0
2011-05-24,62.58000183105469,62.75,62.2400016784668,62.38999938964844,44.367401123046875,305900,0.0
2011-05-25,62.11000061035156,62.81999969482422,62.09000015258789,62.56999969482422,44.49540710449219,330100,0.0
2011-05-26,62.36000061035156,62.900001525878906,62.15999984741211,62.7599983215332,44.630523681640625,396700,0.0
2011-05-27,62.95000076293945,63.2599983215332,62.95000076293945,63.04999923706055,44.83674621582031,205100,0.0
2011-05-31,63.720001220703125,63.7599983215332,63.22999954223633,63.70000076293945,45.298980712890625,402500,0.0
2011-06-01,63.470001220703125,63.529998779296875,62.119998931884766,62.16999816894531,44.21095275878906,477200,0.0
2011-06-02,62.25,62.34000015258789,61.689998626708984,62.040000915527344,44.118499755859375,572400,0.0
2011-06-03,61.27000045776367,62.0099983215332,61.25,61.540000915527344,43.76295852661133,422900,0.0
2011-06-06,61.349998474121094,61.38999938964844,60.65999984741211,60.779998779296875,43.22248077392578,335300,0.0
2011-06-07,61.04999923706055,61.2599983215332,60.66999816894531,60.66999816894531,43.14424514770508,217400,0.0
2011-06-08,60.650001525878906,60.90999984741211,60.38999938964844,60.4900016784668,43.0162467956543,352800,0.0
2011-06-09,60.61000061035156,61.27000045776367,60.529998779296875,61.0,43.378944396972656,242100,0.0
2011-06-10,60.709999084472656,60.790000915527344,59.970001220703125,60.220001220703125,42.824249267578125,521000,0.0
2011-06-13,60.34000015258789,60.619998931884766,60.040000915527344,60.349998474121094,42.916709899902344,323700,0.0
2011-06-14,60.88999938964844,61.290000915527344,60.88999938964844,61.029998779296875,43.4002571105957,372200,0.0
2011-06-15,60.4900016784668,60.66999816894531,59.7599983215332,59.91999816894531,42.61090850830078,631100,0.0
2011-06-16,59.880001068115234,60.4900016784668,59.7599983215332,60.18000030517578,42.79581069946289,435100,0.0
2011-06-17,60.79999923706055,60.84000015258789,60.220001220703125,60.45000076293945,42.98780822753906,269100,0.0
2011-06-20,60.27000045776367,60.880001068115234,60.209999084472656,60.75,43.201141357421875,184400,0.0
2011-06-21,61.08000183105469,61.599998474121094,60.97999954223633,61.45000076293945,43.698951721191406,258900,0.0
2011-06-22,61.290000915527344,61.650001525878906,61.06999969482422,61.099998474121094,43.450035095214844,445700,0.0
2011-06-23,60.130001068115234,60.47999954223633,59.56999969482422,60.45000076293945,43.205604553222656,473800,0.308
2011-06-24,60.5099983215332,60.540000915527344,59.70000076293945,59.75,42.70529556274414,324900,0.0
2011-06-27,59.7599983215332,60.439998626708984,59.720001220703125,60.22999954223633,43.048370361328125,353900,0.0
2011-06-28,60.47999954223633,60.869998931884766,60.34000015258789,60.84000015258789,43.48434066772461,191400,0.0
2011-06-29,61.20000076293945,61.56999969482422,60.9900016784668,61.470001220703125,43.93463134765625,310600,0.0
2011-06-30,61.709999084472656,62.09000015258789,61.529998779296875,62.0,44.313453674316406,234900,0.0
2011-07-01,62.08000183105469,62.9900016784668,61.939998626708984,62.88999938964844,44.94955825805664,361300,0.0
2011-07-05,62.849998474121094,62.849998474121094,62.47999954223633,62.619998931884766,44.7565803527832,382500,0.0
2011-07-06,62.47999954223633,62.63999938964844,62.2599983215332,62.56999969482422,44.7208366394043,382200,0.0
2011-07-07,63.130001068115234,63.369998931884766,63.0,63.2400016784668,45.19971466064453,330800,0.0
2011-07-08,62.4900016784668,62.68000030517578,62.25,62.65999984741211,44.78517150878906,262200,0.0
2011-07-11,61.84000015258789,61.95000076293945,61.31999969482422,61.4900016784668,43.948936462402344,217700,0.0
2011-07-12,61.290000915527344,61.95000076293945,61.27000045776367,61.279998779296875,43.7988395690918,406200,0.0
2011-07-13,61.540000915527344,62.11000061035156,61.34000015258789,61.4900016784668,43.948936462402344,380500,0.0
2011-07-14,61.75,61.91999816894531,61.0,61.08000183105469,43.6558952331543,1568400,0.0
2011-07-15,61.38999938964844,61.459999084472656,60.849998474121094,61.25,43.77739334106445,231400,0.0
2011-07-18,60.95000076293945,60.959999084472656,60.20000076293945,60.630001068115234,43.33427047729492,342700,0.0
2011-07-19,60.900001525878906,61.470001220703125,60.810001373291016,61.38999938964844,43.87745666503906,288700,0.0
2011-07-20,61.560001373291016,61.77000045776367,61.40999984741211,61.529998779296875,43.97752380371094,192700,0.0
2011-07-21,61.939998626708984,62.72999954223633,61.91999816894531,62.599998474121094,44.74229049682617,398300,0.0
2011-07-22,62.59000015258789,62.650001525878906,62.18000030517578,62.43000030517578,44.620784759521484,210800,0.0
2011-07-25,61.7599983215332,62.349998474121094,61.75,62.040000915527344,44.3420295715332,244000,0.0
2011-07-26,62.0,62.060001373291016,61.619998931884766,61.720001220703125,44.11331558227539,214800,0.0
2011-07-27,61.36000061035156,61.40999984741211,60.5,60.58000183105469,43.29853439331055,1419400,0.0
2011-07-28,60.54999923706055,61.0099983215332,60.18000030517578,60.2599983215332,43.0698127746582,427500,0.0
2011-07-29,59.599998474121094,60.380001068115234,59.40999984741211,59.779998779296875,42.72673416137695,726300,0.0
2011-08-01,60.630001068115234,60.709999084472656,59.060001373291016,59.619998931884766,42.61238479614258,683500,0.0
2011-08-02,59.18000030517578,59.41999816894531,58.08000183105469,58.08000183105469,41.511688232421875,408400,0.0
2011-08-03,58.130001068115234,58.29999923706055,57.18000030517578,58.2599983215332,41.64033508300781,1005900,0.0
2011-08-04,57.470001220703125,57.4900016784668,55.349998474121094,55.43000030517578,39.617645263671875,904200,0.0
2011-08-05,56.130001068115234,56.290000915527344,53.88999938964844,55.34000015258789,39.553314208984375,1292800,0.0
2011-08-08,53.63999938964844,54.459999084472656,51.2400016784668,51.31999969482422,36.680091857910156,2041600,0.0
2011-08-09,52.2400016784668,53.95000076293945,50.41999816894531,53.95000076293945,38.55984878540039,958600,0.0
2011-08-10,52.869998931884766,53.2400016784668,51.16999816894531,51.29999923706055,36.66579055786133,857900,0.0
2011-08-11,51.779998779296875,54.5099983215332,51.65999984741211,53.810001373291016,38.45978546142578,896900,0.0
2011-08-12,54.369998931884766,54.790000915527344,53.709999084472656,54.0,38.59557342529297,408000,0.0
2011-08-15,54.52000045776367,55.43000030517578,54.52000045776367,55.41999816894531,39.61050033569336,475100,0.0
2011-08-16,54.880001068115234,55.43000030517578,54.36000061035156,54.900001525878906,39.238834381103516,589700,0.0
2011-08-17,55.290000915527344,55.72999954223633,54.65999984741211,55.04999923706055,39.34606170654297,382900,0.0
2011-08-18,53.59000015258789,53.59000015258789,52.290000915527344,52.810001373291016,37.74504470825195,573300,0.0
2011-08-19,52.0,53.380001068115234,51.900001525878906,51.959999084472656,37.13751220703125,625900,0.0
2011-08-22,53.150001525878906,53.209999084472656,51.709999084472656,51.84000015258789,37.051753997802734,415000,0.0
2011-08-23,52.02000045776367,53.459999084472656,51.65999984741211,53.459999084472656,38.20963668823242,559100,0.0
2011-08-24,53.349998474121094,54.36000061035156,53.20000076293945,54.310001373291016,38.81715393066406,349400,0.0
2011-08-25,54.880001068115234,55.150001525878906,53.27000045776367,53.54999923706055,38.273948669433594,530800,0.0
2011-08-26,53.15999984741211,54.400001525878906,52.34000015258789,54.099998474121094,38.667057037353516,447900,0.0
2011-08-29,54.86000061035156,55.77000045776367,54.84000015258789,55.720001220703125,39.82491683959961,282400,0.0
2011-08-30,55.43000030517578,56.099998474121094,55.0,55.7400016784668,39.83921813964844,331500,0.0
2011-08-31,56.189998626708984,56.619998931884766,55.65999984741211,56.08000183105469,40.082218170166016,354500,0.0
2011-09-01,56.15999984741211,56.540000915527344,55.369998931884766,55.43000030517578,39.617645263671875,293200,0.0
2011-09-02,54.27000045776367,54.459999084472656,53.75,53.86000061035156,38.495521545410156,379500,0.0
2011-09-06,52.20000076293945,53.349998474121094,52.15999984741211,53.279998779296875,38.080970764160156,443800,0.0
2011-09-07,54.09000015258789,55.0,53.97999954223633,54.9900016784668,39.30317306518555,560200,0.0
2011-09-08,54.630001068115234,55.16999816894531,54.18000030517578,54.279998779296875,38.795719146728516,368600,0.0
2011-09-09,53.63999938964844,53.810001373291016,52.599998474121094,52.84000015258789,37.76648712158203,253300,0.0
2011-09-12,52.08000183105469,53.20000076293945,51.97999954223633,53.20000076293945,38.02378845214844,248000,0.0
2011-09-13,53.34000015258789,53.810001373291016,52.939998626708984,53.599998474121094,38.309696197509766,357300,0.0
2011-09-14,53.91999816894531,54.95000076293945,53.099998474121094,54.29999923706055,38.810001373291016,323400,0.0
2011-09-15,54.88999938964844,55.36000061035156,54.4900016784668,55.36000061035156,39.56761169433594,325000,0.0
2011-09-16,55.529998779296875,55.869998931884766,55.040000915527344,55.560001373291016,39.7105712890625,360100,0.0
2011-09-19,54.630001068115234,55.08000183105469,54.220001220703125,54.790000915527344,39.16020584106445,305800,0.0
2011-09-20,54.97999954223633,55.56999969482422,54.65999984741211,54.7400016784668,39.12449264526367,439600,0.0
2011-09-21,54.72999954223633,54.849998474121094,52.83000183105469,52.83000183105469,37.759361267089844,425900,0.0
2011-09-22,51.31999969482422,51.849998474121094,50.4900016784668,51.20000076293945,36.59431838989258,871800,0.0
2011-09-23,50.88999938964844,51.790000915527344,50.84000015258789,51.4900016784668,36.80159378051758,501300,0.0
2011-09-26,51.720001220703125,52.709999084472656,51.130001068115234,52.65999984741211,37.89097595214844,420800,0.344
2011-09-27,53.86000061035156,54.189998626708984,52.880001068115234,53.20000076293945,38.279537200927734,505500,0.0
2011-09-28,53.31999969482422,53.619998931884766,51.97999954223633,52.040000915527344,37.444862365722656,368100,0.0
2011-09-29,53.0099983215332,53.33000183105469,51.880001068115234,52.900001525878906,38.06365966796875,481200,0.0
2011-09-30,52.130001068115234,52.599998474121094,51.58000183105469,51.58000183105469,37.113895416259766,1033000,0.0
2011-10-03,51.220001220703125,51.939998626708984,49.939998626708984,49.939998626708984,35.933834075927734,1682200,0.0
2011-10-04,49.22999954223633,51.27000045776367,48.72999954223633,51.119998931884766,36.782901763916016,1000000,0.0
2011-10-05,51.380001068115234,52.22999954223633,50.86000061035156,52.09000015258789,37.48085021972656,788400,0.0
2011-10-06,51.97999954223633,53.130001068115234,51.58000183105469,53.060001373291016,38.178810119628906,444900,0.0
2011-10-07,53.369998931884766,53.38999938964844,52.279998779296875,52.54999923706055,37.81184005737305,751600,0.0
2011-10-10,53.41999816894531,54.380001068115234,53.41999816894531,54.380001068115234,39.12859344482422,358200,0.0
2011-10-11,54.06999969482422,54.5,53.900001525878906,54.36000061035156,39.11419677734375,479300,0.0
2011-10-12,54.81999969482422,55.599998474121094,54.63999938964844,54.970001220703125,39.55311965942383,409500,0.0
2011-10-13,54.65999984741211,54.77000045776367,53.95000076293945,54.58000183105469,39.27251434326172,432600,0.0
2011-10-14,55.209999084472656,55.43000030517578,54.83000183105469,55.43000030517578,39.884117126464844,399800,0.0
2011-10-17,55.130001068115234,55.22999954223633,54.279998779296875,54.38999938964844,39.13578796386719,483600,0.0
2011-10-18,54.439998626708984,56.27000045776367,54.119998931884766,55.81999969482422,40.16472625732422,660700,0.0
2011-10-19,55.79999923706055,56.2599983215332,55.150001525878906,55.25,39.75459289550781,264800,0.0
2011-10-20,55.439998626708984,55.88999938964844,54.779998779296875,55.689998626708984,40.07118606567383,580400,0.0
2011-10-21,56.380001068115234,56.81999969482422,56.22999954223633,56.77000045776367,40.84828567504883,345600,0.0
2011-10-24,56.79999923706055,57.529998779296875,56.79999923706055,57.41999816894531,41.31599426269531,347800,0.0
2011-10-25,57.04999923706055,57.04999923706055,56.150001525878906,56.279998779296875,40.49571228027344,1108800,0.0
2011-10-26,56.9900016784668,57.27000045776367,56.11000061035156,57.08000183105469,41.07135009765625,556200,0.0
2011-10-27,58.709999084472656,59.58000183105469,58.22999954223633,59.16999816894531,42.5751953125,681400,0.0
2011-10-28,58.93000030517578,59.189998626708984,58.689998626708984,59.11000061035156,42.53202438354492,272000,0.0
2011-10-31,58.31999969482422,58.349998474121094,57.349998474121094,57.36000061035156,41.27281188964844,357900,0.0
2011-11-01,55.630001068115234,56.45000076293945,55.400001525878906,55.630001068115234,40.028018951416016,482400,0.0
2011-11-02,56.5,56.880001068115234,56.16999816894531,56.68000030517578,40.78351593017578,564200,0.0
2011-11-03,57.33000183105469,57.79999923706055,56.459999084472656,57.689998626708984,41.510276794433594,300900,0.0
2011-11-04,57.18000030517578,57.349998474121094,56.599998474121094,57.29999923706055,41.22964859008789,206300,0.0
2011-11-07,57.2599983215332,57.75,56.77000045776367,57.689998626708984,41.510276794433594,261600,0.0
2011-11-08,57.97999954223633,58.529998779296875,57.459999084472656,58.470001220703125,42.07150650024414,344600,0.0
2011-11-09,57.09000015258789,57.33000183105469,56.13999938964844,56.2400016784668,40.46693420410156,447400,0.0
2011-11-10,57.040000915527344,57.16999816894531,56.31999969482422,56.86000061035156,40.913063049316406,346500,0.0
2011-11-11,57.56999969482422,58.150001525878906,57.560001373291016,57.90999984741211,41.668556213378906,165000,0.0
2011-11-14,57.63999938964844,57.689998626708984,56.970001220703125,57.2599983215332,41.20087814331055,409700,0.0
2011-11-15,57.04999923706055,57.68000030517578,56.83000183105469,57.369998931884766,41.28002166748047,267800,0.0
2011-11-16,56.79999923706055,57.41999816894531,56.27000045776367,56.36000061035156,40.55327224731445,264800,0.0
2011-11-17,56.209999084472656,56.4900016784668,55.189998626708984,55.599998474121094,40.00642013549805,455800,0.0
2011-11-18,55.810001373291016,55.970001220703125,55.400001525878906,55.619998931884766,40.02083206176758,256000,0.0
2011-11-21,54.779998779296875,54.849998474121094,54.130001068115234,54.540000915527344,39.24372100830078,440700,0.0
2011-11-22,54.459999084472656,54.63999938964844,53.959999084472656,54.16999816894531,38.97749328613281,1228000,0.0
2011-11-23,53.619998931884766,53.650001525878906,52.93000030517578,52.93000030517578,38.08525848388672,577200,0.0
2011-11-25,52.90999984741211,53.54999923706055,52.849998474121094,52.900001525878906,38.06365966796875,155000,0.0
2011-11-28,54.400001525878906,54.65999984741211,53.95000076293945,54.34000015258789,39.09981155395508,339600,0.0
2011-11-29,54.54999923706055,54.95000076293945,54.33000183105469,54.63999938964844,39.315670013427734,270800,0.0
2011-11-30,56.2400016784668,57.22999954223633,56.119998931884766,57.13999938964844,41.1145133972168,382000,0.0
2011-12-01,57.06999969482422,57.290000915527344,56.72999954223633,56.970001220703125,40.99220275878906,252000,0.0
2011-12-02,57.56999969482422,57.77000045776367,57.0,57.060001373291016,41.05695724487305,575800,0.0
2011-12-05,57.93000030517578,58.20000076293945,57.34000015258789,57.7400016784668,41.54624938964844,537600,0.0
2011-12-06,57.75,58.2400016784668,57.5,57.869998931884766,41.6397819519043,327800,0.0
2011-12-07,57.63999938964844,58.400001525878906,57.29999923706055,58.189998626708984,41.870033264160156,300100,0.0
2011-12-08,57.689998626708984,57.779998779296875,56.540000915527344,56.720001220703125,40.812313079833984,393400,0.0
2011-12-09,56.959999084472656,57.849998474121094,56.939998626708984,57.689998626708984,41.510276794433594,272400,0.0
2011-12-12,57.13999938964844,57.16999816894531,56.279998779296875,56.7400016784668,40.82670211791992,258500,0.0
2011-12-13,57.099998474121094,57.41999816894531,56.0,56.279998779296875,40.49571228027344,470100,0.0
2011-12-14,55.9900016784668,56.310001373291016,55.72999954223633,55.790000915527344,40.14313888549805,385500,0.0
2011-12-15,56.310001373291016,56.540000915527344,55.97999954223633,56.06999969482422,40.34461212158203,378400,0.0
2011-12-16,56.52000045776367,56.7400016784668,56.060001373291016,56.209999084472656,40.44535446166992,601900,0.0
2011-12-19,56.36000061035156,56.47999954223633,55.20000076293945,55.33000183105469,39.81216812133789,321800,0.0
2011-12-20,56.209999084472656,57.2599983215332,56.209999084472656,57.150001525878906,41.121726989746094,395400,0.0
2011-12-21,57.16999816894531,57.54999923706055,56.72999954223633,57.459999084472656,41.34477615356445,531300,0.0
2011-12-22,57.2400016784668,57.880001068115234,57.2400016784668,57.81999969482422,41.889591217041016,470200,0.392
2011-12-23,58.06999969482422,58.31999969482422,57.869998931884766,58.290000915527344,42.23009490966797,409300,0.0
2011-12-27,58.209999084472656,58.47999954223633,58.11000061035156,58.220001220703125,42.17937469482422,271300,0.0
2011-12-28,58.25,58.25,57.349998474121094,57.45000076293945,41.62152099609375,410500,0.0
2011-12-29,57.56999969482422,58.13999938964844,57.529998779296875,58.099998474121094,42.09244918823242,608900,0.0
2011-12-30,57.97999954223633,58.130001068115234,57.83000183105469,57.83000183105469,41.89681625366211,334000,0.0
2012-01-03,58.95000076293945,59.29999923706055,58.880001068115234,58.93000030517578,42.69377517700195,387000,0.0
2012-01-04,58.650001525878906,59.099998474121094,58.5099983215332,59.02000045776367,42.75897979736328,2494600,0.0
2012-01-05,58.630001068115234,59.36000061035156,58.31999969482422,59.279998779296875,42.947322845458984,559400,0.0
2012-01-06,59.31999969482422,59.33000183105469,58.83000183105469,59.11000061035156,42.82417678833008,302700,0.0
2012-01-09,59.18000030517578,59.400001525878906,59.02000045776367,59.31999969482422,42.97631072998047,835900,0.0
2012-01-10,59.9900016784668,60.16999816894531,59.88999938964844,59.9900016784668,43.46172332763672,1910100,0.0
2012-01-11,59.81999969482422,60.2400016784668,59.68000030517578,60.15999984741211,43.584877014160156,294000,0.0
2012-01-12,60.36000061035156,60.4900016784668,59.849998474121094,60.369998931884766,43.73701095581055,300400,0.0
2012-01-13,59.790000915527344,60.0099983215332,59.36000061035156,60.0,43.46895980834961,244300,0.0
2012-01-17,60.5099983215332,60.619998931884766,59.869998931884766,59.9900016784668,43.46172332763672,593500,0.0
2012-01-18,60.0,60.790000915527344,59.849998474121094,60.790000915527344,44.04129409790039,406900,0.0
2012-01-19,60.959999084472656,61.16999816894531,60.779998779296875,61.099998474121094,44.265892028808594,1768200,0.0
2012-01-20,60.91999816894531,61.27000045776367,60.869998931884766,61.25,44.37456130981445,394300,0.0
2012-01-23,61.22999954223633,61.68000030517578,61.02000045776367,61.310001373291016,44.418033599853516,300200,0.0
2012-01-24,60.90999984741211,61.220001220703125,60.70000076293945,61.18000030517578,44.3238525390625,350500,0.0
2012-01-25,60.970001220703125,61.65999984741211,60.650001525878906,61.58000183105469,44.61365509033203,1166000,0.0
2012-01-26,61.81999969482422,61.88999938964844,60.84000015258789,61.06999969482422,44.24416732788086,464900,0.0
2012-01-27,60.790000915527344,61.16999816894531,60.66999816894531,60.9900016784668,44.18619918823242,393500,0.0
2012-01-30,60.369998931884766,60.810001373291016,60.130001068115234,60.72999954223633,43.99782943725586,353500,0.0
2012-01-31,61.060001373291016,61.130001068115234,60.38999938964844,60.66999816894531,43.95435333251953,1395300,0.0
2012-02-01,61.22999954223633,61.720001220703125,61.220001220703125,61.33000183105469,44.432518005371094,481900,0.0
2012-02-02,61.439998626708984,61.63999938964844,61.2599983215332,61.470001220703125,44.53394317626953,338300,0.0
2012-02-03,62.13999938964844,62.540000915527344,62.11000061035156,62.5,45.28015899658203,1036000,0.0
2012-02-06,62.20000076293945,62.470001220703125,62.150001525878906,62.45000076293945,45.24394607543945,469400,0.0
2012-02-07,62.290000915527344,62.65999984741211,62.0,62.54999923706055,45.31639099121094,1219500,0.0
2012-02-08,62.61000061035156,62.84000015258789,62.400001525878906,62.810001373291016,45.5047607421875,220100,0.0
2012-02-09,62.90999984741211,63.0,62.439998626708984,62.7400016784668,45.45404052734375,655300,0.0
2012-02-10,62.20000076293945,62.279998779296875,61.959999084472656,62.2400016784668,45.091793060302734,450800,0.0
2012-02-13,62.689998626708984,62.77000045776367,62.41999816894531,62.650001525878906,45.38884735107422,433300,0.0
2012-02-14,62.5,62.5099983215332,61.970001220703125,62.45000076293945,45.24394607543945,571900,0.0
2012-02-15,62.720001220703125,62.720001220703125,62.09000015258789,62.20000076293945,45.06281280517578,642600,0.0
2012-02-16,62.20000076293945,63.119998931884766,62.16999816894531,63.060001373291016,45.68587112426758,260100,0.0
2012-02-17,63.369998931884766,63.43000030517578,63.13999938964844,63.349998474121094,45.895965576171875,296600,0.0
2012-02-21,63.47999954223633,63.68000030517578,63.189998626708984,63.36000061035156,45.90321731567383,313200,0.0
2012-02-22,63.220001220703125,63.31999969482422,62.900001525878906,62.95000076293945,45.60618209838867,288700,0.0
2012-02-23,62.93000030517578,63.2599983215332,62.650001525878906,63.220001220703125,45.80178451538086,331200,0.0
2012-02-24,63.31999969482422,63.43000030517578,63.11000061035156,63.189998626708984,45.780067443847656,446100,0.0
2012-02-27,62.79999923706055,63.560001373291016,62.66999816894531,63.41999816894531,45.94668197631836,432200,0.0
2012-02-28,63.470001220703125,63.599998474121094,63.25,63.54999923706055,46.0408821105957,336600,0.0
2012-02-29,63.650001525878906,63.869998931884766,63.150001525878906,63.18000030517578,45.77280044555664,474200,0.0
2012-03-01,63.439998626708984,63.79999923706055,63.380001068115234,63.709999084472656,46.156803131103516,355000,0.0
2012-03-02,63.70000076293945,63.72999954223633,63.290000915527344,63.40999984741211,45.939453125,315200,0.0
2012-03-05,63.290000915527344,63.290000915527344,62.90999984741211,63.130001068115234,45.736576080322266,244600,0.0
2012-03-06,62.40999984741211,62.459999084472656,61.880001068115234,62.040000915527344,44.9468994140625,358100,0.0
2012-03-07,62.220001220703125,62.70000076293945,62.13999938964844,62.599998474121094,45.35260772705078,305800,0.0
2012-03-08,63.02000045776367,63.36000061035156,62.84000015258789,63.20000076293945,45.78730392456055,182600,0.0
2012-03-09,63.38999938964844,63.77000045776367,63.279998779296875,63.54999923706055,46.0408821105957,349300,0.0
2012-03-12,63.54999923706055,63.59000015258789,63.25,63.5,46.004642486572266,303800,0.0
2012-03-13,63.81999969482422,64.91999816894531,63.779998779296875,64.88999938964844,47.01167678833008,854300,0.0
2012-03-14,64.9000015258789,65.02999877929688,64.5,64.72000122070312,46.88851547241211,462200,0.0
2012-03-15,64.80000305175781,65.27999877929688,64.5999984741211,65.22000122070312,47.25075912475586,257300,0.0
2012-03-16,65.44999694824219,65.48999786376953,65.2300033569336,65.3499984741211,47.344940185546875,267500,0.0
2012-03-19,65.31999969482422,65.86000061035156,65.22000122070312,65.55000305175781,47.48984146118164,287900,0.0
2012-03-20,65.11000061035156,65.51000213623047,64.94999694824219,65.38999938964844,47.373924255371094,219000,0.0
2012-03-21,65.51000213623047,65.55000305175781,65.11000061035156,65.26000213623047,47.279747009277344,193300,0.0
2012-03-22,64.79000091552734,64.87999725341797,64.41000366210938,64.6500015258789,46.83779525756836,397700,0.0
2012-03-23,64.68000030517578,65.04000091552734,64.37000274658203,64.9800033569336,47.076881408691406,308000,0.0
2012-03-26,65.19999694824219,65.52999877929688,63.31999969482422,65.52999877929688,47.72359085083008,519000,0.338
2012-03-27,65.58000183105469,65.69000244140625,65.16999816894531,65.19000244140625,47.47597885131836,435300,0.0
2012-03-28,65.16999816894531,65.20999908447266,64.44999694824219,64.87000274658203,47.2429084777832,294600,0.0
2012-03-29,64.41000366210938,64.7300033569336,64.04000091552734,64.6500015258789,47.082698822021484,256500,0.0
2012-03-30,65.01000213623047,65.05999755859375,64.62999725341797,64.93000030517578,47.286617279052734,207300,0.0
2012-04-02,64.88999938964844,65.5999984741211,64.70999908447266,65.3499984741211,47.59249496459961,573500,0.0
2012-04-03,65.25,65.29000091552734,64.5199966430664,64.97000122070312,47.31575012207031,713400,0.0
2012-04-04,64.37000274658203,64.48999786376953,64.0199966430664,64.19000244140625,46.747711181640625,572000,0.0
2012-04-05,63.97999954223633,64.31999969482422,63.849998474121094,63.9900016784668,46.60204315185547,420100,0.0
2012-04-09,63.099998474121094,63.40999984741211,62.970001220703125,63.150001525878906,45.99030303955078,1582700,0.0
2012-04-10,63.040000915527344,63.25,61.959999084472656,61.9900016784668,45.145511627197266,512400,0.0
2012-04-11,62.66999816894531,62.84000015258789,62.5099983215332,62.58000183105469,45.575191497802734,322700,0.0
2012-04-12,62.709999084472656,63.650001525878906,62.689998626708984,63.59000015258789,46.310760498046875,294500,0.0
2012-04-13,63.400001525878906,63.400001525878906,62.650001525878906,62.689998626708984,45.655296325683594,259100,0.0
2012-04-16,63.0099983215332,63.22999954223633,62.619998931884766,62.880001068115234,45.79366683959961,399900,0.0
2012-04-17,63.369998931884766,63.90999984741211,63.18000030517578,63.790000915527344,46.45640182495117,274900,0.0
2012-04-18,63.470001220703125,63.689998626708984,63.380001068115234,63.470001220703125,46.22335433959961,194300,0.0
2012-04-19,63.56999969482422,63.7599983215332,62.900001525878906,63.25,46.0631217956543,292300,0.0
2012-04-20,63.52000045776367,63.68000030517578,63.2599983215332,63.27000045776367,46.07768249511719,241900,0.0
2012-04-23,62.52000045776367,62.81999969482422,62.31999969482422,62.720001220703125,45.677146911621094,426400,0.0
2012-04-24,62.84000015258789,63.279998779296875,62.84000015258789,63.209999084472656,46.03400802612305,206000,0.0
2012-04-25,63.68000030517578,63.84000015258789,63.400001525878906,63.720001220703125,46.40541458129883,250000,0.0
2012-04-26,63.540000915527344,64.33000183105469,63.529998779296875,64.26000213623047,46.79867172241211,235800,0.0
2012-04-27,64.47000122070312,64.47000122070312,63.9900016784668,64.30000305175781,46.82781982421875,209600,0.0
2012-04-30,64.19999694824219,64.19999694824219,63.880001068115234,64.06999969482422,46.66032028198242,263000,0.0
2012-05-01,64.11000061035156,65.0,64.02999877929688,64.5999984741211,47.046295166015625,830100,0.0
2012-05-02,64.20999908447266,64.31999969482422,63.91999816894531,64.18000030517578,46.74042510986328,2188300,0.0
2012-05-03,64.19000244140625,64.2699966430664,63.54999923706055,63.72999954223633,46.412689208984375,580000,0.0
2012-05-04,63.33000183105469,63.43000030517578,62.630001068115234,62.689998626708984,45.655296325683594,323800,0.0
2012-05-07,62.439998626708984,62.97999954223633,62.41999816894531,62.810001373291016,45.742706298828125,175000,0.0
2012-05-08,62.43000030517578,62.61000061035156,61.869998931884766,62.5099983215332,45.524208068847656,343500,0.0
2012-05-09,61.790000915527344,62.5099983215332,61.52000045776367,62.119998931884766,45.24018096923828,365700,0.0
2012-05-10,62.65999984741211,62.72999954223633,62.20000076293945,62.33000183105469,45.39311218261719,203500,0.0
2012-05-11,61.86000061035156,62.619998931884766,61.72999954223633,61.97999954223633,45.138221740722656,356200,0.0
2012-05-14,61.380001068115234,61.630001068115234,61.13999938964844,61.209999084472656,44.577457427978516,316200,0.0
2012-05-15,61.150001525878906,61.40999984741211,60.61000061035156,60.720001220703125,44.22060775756836,275000,0.0
2012-05-16,61.0099983215332,61.36000061035156,60.38999938964844,60.40999984741211,43.994834899902344,2323900,0.0
2012-05-17,60.47999954223633,60.47999954223633,59.560001373291016,59.560001373291016,43.37580490112305,507900,0.0
2012-05-18,59.779998779296875,59.84000015258789,58.9900016784668,59.13999938964844,43.06993103027344,656900,0.0
2012-05-21,59.29999923706055,59.869998931884766,59.11000061035156,59.849998474121094,43.587013244628906,434400,0.0
2012-05-22,60.040000915527344,60.560001373291016,59.689998626708984,60.029998779296875,43.718101501464844,269000,0.0
2012-05-23,59.529998779296875,60.060001373291016,58.90999984741211,59.970001220703125,43.674415588378906,328000,0.0
2012-05-24,60.15999984741211,60.2400016784668,59.61000061035156,60.15999984741211,43.812767028808594,566200,0.0
2012-05-25,60.119998931884766,60.38999938964844,59.90999984741211,60.04999923706055,43.7326545715332,275600,0.0
2012-05-29,60.56999969482422,60.86000061035156,60.369998931884766,60.810001373291016,44.2861442565918,259800,0.0
2012-05-30,60.31999969482422,60.31999969482422,59.689998626708984,59.83000183105469,43.57243728637695,226100,0.0
2012-05-31,59.83000183105469,60.2599983215332,59.220001220703125,59.83000183105469,43.57243728637695,475900,0.0
2012-06-01,58.810001373291016,58.959999084472656,58.22999954223633,58.25,42.42176055908203,461000,0.0
2012-06-04,58.36000061035156,58.45000076293945,57.65999984741211,58.04999923706055,42.27613067626953,594900,0.0
2012-06-05,57.91999816894531,58.66999816894531,57.91999816894531,58.54999923706055,42.640254974365234,285000,0.0
2012-06-06,59.029998779296875,60.04999923706055,58.9900016784668,60.040000915527344,43.72537612915039,460700,0.0
2012-06-07,60.75,60.84000015258789,59.970001220703125,60.08000183105469,43.754512786865234,364100,0.0
2012-06-08,59.90999984741211,60.619998931884766,59.72999954223633,60.599998474121094,44.133209228515625,213900,0.0
2012-06-11,61.09000015258789,61.20000076293945,59.75,59.83000183105469,43.57243728637695,381900,0.0
2012-06-12,60.0,60.619998931884766,59.75,60.56999969482422,44.11135482788086,410800,0.0
2012-06-13,60.40999984741211,60.810001373291016,59.9900016784668,60.18000030517578,43.82735061645508,741800,0.0
2012-06-14,60.349998474121094,61.220001220703125,60.18000030517578,60.959999084472656,44.395381927490234,395800,0.0
2012-06-15,61.220001220703125,61.63999938964844,61.099998474121094,61.56999969482422,44.839637756347656,291200,0.0
2012-06-18,61.369998931884766,61.70000076293945,61.209999084472656,61.5099983215332,44.795936584472656,327200,0.0
2012-06-19,61.56999969482422,62.119998931884766,61.400001525878906,61.84000015258789,45.2784538269043,487600,0.329
2012-06-20,61.900001525878906,62.13999938964844,61.349998474121094,61.810001373291016,45.256465911865234,561600,0.0
2012-06-21,61.91999816894531,62.04999923706055,60.43000030517578,60.5,44.29731750488281,316300,0.0
2012-06-22,60.86000061035156,61.04999923706055,60.56999969482422,60.91999816894531,44.60483169555664,238700,0.0
2012-06-25,60.220001220703125,60.220001220703125,59.599998474121094,59.79999923706055,43.784786224365234,244900,0.0
2012-06-26,60.029998779296875,60.38999938964844,59.68000030517578,60.15999984741211,44.048370361328125,649900,0.0
2012-06-27,60.33000183105469,60.939998626708984,60.33000183105469,60.79999923706055,44.516963958740234,241400,0.0
2012-06-28,60.33000183105469,60.83000183105469,59.970001220703125,60.779998779296875,44.5023307800293,379400,0.0
2012-06-29,61.939998626708984,62.290000915527344,61.7599983215332,62.279998779296875,45.600608825683594,260300,0.0
2012-07-02,62.459999084472656,62.529998779296875,61.93000030517578,62.380001068115234,45.67384719848633,599200,0.0
2012-07-03,62.380001068115234,62.81999969482422,62.29999923706055,62.75,45.94474411010742,194000,0.0
2012-07-05,62.52000045776367,62.54999923706055,62.04999923706055,62.20000076293945,45.542030334472656,307800,0.0
2012-07-06,61.540000915527344,61.7599983215332,61.38999938964844,61.66999816894531,45.15397644042969,301800,0.0
2012-07-09,61.619998931884766,61.66999816894531,61.209999084472656,61.47999954223633,45.01486587524414,397000,0.0
2012-07-10,61.77000045776367,61.900001525878906,60.709999084472656,60.970001220703125,44.641441345214844,257200,0.0
2012-07-11,61.02000045776367,61.279998779296875,60.790000915527344,61.119998931884766,44.75126647949219,378000,0.0
2012-07-12,60.689998626708984,60.939998626708984,60.349998474121094,60.689998626708984,44.436431884765625,293500,0.0
2012-07-13,60.880001068115234,61.880001068115234,60.81999969482422,61.790000915527344,45.241844177246094,471400,0.0
2012-07-16,61.689998626708984,61.79999923706055,61.380001068115234,61.68000030517578,45.16130447387695,173000,0.0
2012-07-17,61.95000076293945,62.2599983215332,61.29999923706055,62.18000030517578,45.52738952636719,252500,0.0
2012-07-18,62.029998779296875,62.70000076293945,61.959999084472656,62.54999923706055,45.79829406738281,208100,0.0
2012-07-19,62.619998931884766,62.720001220703125,62.279998779296875,62.43000030517578,45.710445404052734,377900,0.0
2012-07-20,62.06999969482422,62.16999816894531,61.81999969482422,61.849998474121094,45.2857666015625,305200,0.0
2012-07-23,60.93000030517578,61.439998626708984,60.77000045776367,61.33000183105469,44.905033111572266,177700,0.0
2012-07-24,61.369998931884766,61.369998931884766,60.31999969482422,60.77000045776367,44.4950065612793,354900,0.0
2012-07-25,61.08000183105469,61.18000030517578,60.65999984741211,60.90999984741211,44.59751892089844,392400,0.0
2012-07-26,61.84000015258789,62.099998474121094,61.59000015258789,61.939998626708984,45.3516731262207,194400,0.0
2012-07-27,62.31999969482422,63.31999969482422,62.209999084472656,63.11000061035156,46.20833206176758,424100,0.0
2012-07-30,63.029998779296875,63.34000015258789,62.849998474121094,63.029998779296875,46.14975357055664,259700,0.0
2012-07-31,62.93000030517578,63.18000030517578,62.79999923706055,62.79999923706055,45.981346130371094,411300,0.0
2012-08-01,63.15999984741211,63.15999984741211,62.61000061035156,62.630001068115234,45.856876373291016,584900,0.0
2012-08-02,62.16999816894531,62.54999923706055,61.619998931884766,62.15999984741211,45.512760162353516,372600,0.0
2012-08-03,63.130001068115234,63.54999923706055,63.0099983215332,63.459999084472656,46.46459197998047,296400,0.0
2012-08-06,63.63999938964844,63.869998931884766,63.56999969482422,63.58000183105469,46.55245590209961,222500,0.0
2012-08-07,63.869998931884766,64.27999877929688,63.84000015258789,63.91999816894531,46.80139923095703,326500,0.0
2012-08-08,63.79999923706055,64.16999816894531,63.7400016784668,64.12000274658203,46.94783401489258,254500,0.0
2012-08-09,63.9900016784668,64.3499984741211,63.9900016784668,64.2300033569336,47.028385162353516,217800,0.0
2012-08-10,63.97999954223633,64.33000183105469,63.810001373291016,64.29000091552734,47.07229995727539,209800,0.0
2012-08-13,64.19999694824219,64.29000091552734,63.900001525878906,64.19000244140625,46.99909591674805,300400,0.0
2012-08-14,64.48999786376953,64.51000213623047,63.959999084472656,64.16000366210938,46.97711181640625,225700,0.0
2012-08-15,64.08999633789062,64.33000183105469,64.02999877929688,64.18000030517578,46.991764068603516,197200,0.0
2012-08-16,64.31999969482422,64.79000091552734,64.18000030517578,64.68000030517578,47.35786437988281,157600,0.0
2012-08-17,64.79000091552734,64.79000091552734,64.61000061035156,64.7300033569336,47.39447021484375,1022400,0.0
2012-08-20,64.63999938964844,64.77999877929688,64.48999786376953,64.76000213623047,47.416446685791016,300300,0.0
2012-08-21,64.91999816894531,65.25,64.52999877929688,64.66999816894531,47.35053634643555,757500,0.0
2012-08-22,64.47000122070312,64.66999816894531,64.25,64.55999755859375,47.27000427246094,328400,0.0
2012-08-23,64.4000015258789,64.41000366210938,63.93000030517578,64.0199966430664,46.87461471557617,231500,0.0
2012-08-24,63.84000015258789,64.4800033569336,63.72999954223633,64.33999633789062,47.10892105102539,186400,0.0
2012-08-27,64.5,64.52999877929688,64.20999908447266,64.27999877929688,47.06498336791992,246000,0.0
2012-08-28,64.0999984741211,64.4800033569336,64.05000305175781,64.19999694824219,47.006412506103516,307200,0.0
2012-08-29,64.26000213623047,64.5,64.12000274658203,64.33999633789062,47.10892105102539,140800,0.0
2012-08-30,64.05999755859375,64.05999755859375,63.70000076293945,63.880001068115234,46.77212142944336,169600,0.0
2012-08-31,64.27999877929688,64.5,63.90999984741211,64.19000244140625,46.99909591674805,170900,0.0
2012-09-04,64.1500015258789,64.30000305175781,63.779998779296875,64.05999755859375,46.903892517089844,191000,0.0
2012-09-05,64.12999725341797,64.30999755859375,63.97999954223633,64.12000274658203,46.94783401489258,182500,0.0
2012-09-06,64.5,65.5999984741211,64.5,65.55999755859375,48.0021858215332,526000,0.0
2012-09-07,65.69999694824219,65.94000244140625,65.69000244140625,65.91000366210938,48.258445739746094,501300,0.0
2012-09-10,65.81999969482422,66.0,65.55000305175781,65.55000305175781,47.99485778808594,470200,0.0
2012-09-11,65.6500015258789,66.01000213623047,65.58000183105469,65.87000274658203,48.22917556762695,210100,0.0
2012-09-12,66.08000183105469,66.25,65.95999908447266,66.0999984741211,48.397560119628906,201100,0.0
2012-09-13,66.08000183105469,67.4000015258789,65.9000015258789,67.25,49.239585876464844,396000,0.0
2012-09-14,67.38999938964844,68.0,67.29000091552734,67.48999786376953,49.41530990600586,402000,0.0
2012-09-17,67.27999877929688,67.36000061035156,66.87999725341797,67.02999877929688,49.07850646972656,314400,0.0
2012-09-18,66.86000061035156,66.97000122070312,66.72000122070312,66.87999725341797,48.968666076660156,243100,0.0
2012-09-19,67.0,67.20999908447266,66.83000183105469,67.0,49.05653381347656,941700,0.0
2012-09-20,66.69000244140625,67.05000305175781,66.43000030517578,67.0,49.05653381347656,427000,0.0
2012-09-21,67.36000061035156,67.36000061035156,66.93000030517578,66.93000030517578,49.005287170410156,339400,0.0
2012-09-24,66.69000244140625,67.12999725341797,66.69000244140625,66.94000244140625,49.012611389160156,201100,0.0
2012-09-25,66.80999755859375,66.8499984741211,65.81999969482422,65.83999633789062,48.492618560791016,193400,0.394
2012-09-26,65.76000213623047,65.77999877929688,65.2699966430664,65.44999694824219,48.20537567138672,333000,0.0
2012-09-27,65.79000091552734,66.19000244140625,65.58999633789062,66.0199966430664,48.62519454956055,362100,0.0
2012-09-28,65.80000305175781,66.04000091552734,65.58000183105469,65.79000091552734,48.45579528808594,193800,0.0
2012-10-01,66.05999755859375,66.55999755859375,65.83000183105469,65.94999694824219,48.57363510131836,430300,0.0
2012-10-02,66.2699966430664,66.33999633789062,65.80000305175781,66.08000183105469,48.669376373291016,530400,0.0
2012-10-03,66.25,66.5199966430664,65.88999938964844,66.30999755859375,48.838775634765625,572800,0.0
2012-10-04,66.62999725341797,66.98999786376953,66.54000091552734,66.98999786376953,49.3396110534668,467600,0.0
2012-10-05,67.37999725341797,67.48999786376953,66.81999969482422,67.0199966430664,49.3617057800293,794800,0.0
2012-10-08,66.7699966430664,66.9800033569336,66.70999908447266,66.88999938964844,49.26597213745117,284700,0.0
2012-10-09,66.87999725341797,66.9800033569336,66.26000213623047,66.30999755859375,48.838775634765625,793600,0.0
2012-10-10,66.27999877929688,66.3499984741211,65.76000213623047,65.87999725341797,48.522071838378906,468000,0.0
2012-10-11,66.37000274658203,66.48999786376953,66.01000213623047,66.0199966430664,48.62519454956055,284000,0.0
2012-10-12,65.91000366210938,66.08000183105469,65.44999694824219,65.5999984741211,48.31584930419922,314500,0.0
2012-10-15,65.72000122070312,66.22000122070312,65.54000091552734,66.13999938964844,48.71357727050781,150300,0.0
2012-10-16,66.47000122070312,66.83999633789062,66.45999908447266,66.76000213623047,49.17021179199219,142000,0.0
2012-10-17,66.94000244140625,67.41000366210938,66.87999725341797,67.37000274658203,49.6194953918457,190100,0.0
2012-10-18,67.27999877929688,67.72000122070312,67.25,67.45999908447266,49.68577575683594,250600,0.0
2012-10-19,67.27999877929688,67.27999877929688,66.18000030517578,66.38999938964844,48.89769744873047,274500,0.0
2012-10-22,66.30000305175781,66.48999786376953,65.77999877929688,66.30999755859375,48.838775634765625,172200,0.0
2012-10-23,65.5,65.56999969482422,65.0,65.31999969482422,48.10962677001953,807100,0.0
2012-10-24,65.55000305175781,65.62000274658203,65.06999969482422,65.1500015258789,47.98440933227539,377900,0.0
2012-10-25,65.6500015258789,65.79000091552734,64.94000244140625,65.41000366210938,48.17591094970703,544100,0.0
2012-10-26,65.30999755859375,65.54000091552734,64.88999938964844,65.23999786376953,48.05071258544922,775900,0.0
2012-10-31,65.62999725341797,65.69999694824219,65.05999755859375,65.31999969482422,48.10962677001953,1922500,0.0
2012-11-01,65.5199966430664,66.08999633789062,65.44999694824219,66.08999633789062,48.67674255371094,379300,0.0
2012-11-02,66.44000244140625,66.4800033569336,65.4800033569336,65.54000091552734,48.27167510986328,384500,0.0
2012-11-05,65.41999816894531,65.73999786376953,65.13999938964844,65.5999984741211,48.31584930419922,473100,0.0
2012-11-06,65.83000183105469,66.44999694824219,65.79000091552734,66.26000213623047,48.801944732666016,319900,0.0
2012-11-07,65.56999969482422,65.58999633789062,64.26000213623047,64.52999877929688,47.52776336669922,682900,0.0
2012-11-08,64.58999633789062,64.95999908447266,63.869998931884766,63.869998931884766,47.041656494140625,455600,0.0
2012-11-09,63.59000015258789,64.44999694824219,63.529998779296875,63.849998474121094,47.02692794799805,661800,0.0
2012-11-12,63.9900016784668,64.06999969482422,63.70000076293945,63.849998474121094,47.02692794799805,279700,0.0
2012-11-13,63.470001220703125,64.26000213623047,63.369998931884766,63.56999969482422,46.82071304321289,453600,0.0
2012-11-14,63.810001373291016,63.88999938964844,62.47999954223633,62.650001525878906,46.14311981201172,626600,0.0
2012-11-15,62.619998931884766,62.939998626708984,62.33000183105469,62.540000915527344,46.06208801269531,554300,0.0
2012-11-16,62.66999816894531,62.93000030517578,62.11000061035156,62.84000015258789,46.283050537109375,307400,0.0
2012-11-19,63.61000061035156,64.02999877929688,63.54999923706055,64.02999877929688,47.15951919555664,331100,0.0
2012-11-20,63.90999984741211,64.23999786376953,63.61000061035156,64.13999938964844,47.240535736083984,704600,0.0
2012-11-21,64.22000122070312,64.29000091552734,64.05000305175781,64.2699966430664,47.33626937866211,414200,0.0
2012-11-23,64.54000091552734,65.11000061035156,64.5199966430664,65.08999633789062,47.94023132324219,172600,0.0
2012-11-26,64.77999877929688,64.95999908447266,64.55000305175781,64.94999694824219,47.83710861206055,616400,0.0
2012-11-27,64.88999938964844,65.0999984741211,64.51000213623047,64.58999633789062,47.571956634521484,428900,0.0
2012-11-28,64.30999755859375,65.12999725341797,63.900001525878906,65.08999633789062,47.94023132324219,406700,0.0
2012-11-29,65.37000274658203,65.58999633789062,65.02999877929688,65.38999938964844,48.16119384765625,1158400,0.0
2012-11-30,65.43000030517578,65.55999755859375,65.19000244140625,65.41000366210938,48.17591094970703,441400,0.0
2012-12-03,65.72000122070312,65.76000213623047,65.06999969482422,65.12000274658203,47.96232223510742,947000,0.0
2012-12-04,65.13999938964844,65.3499984741211,64.8499984741211,65.0199966430664,47.888671875,944000,0.0
2012-12-05,65.1500015258789,65.79000091552734,64.91000366210938,65.48999786376953,48.234832763671875,1203400,0.0
2012-12-06,65.61000061035156,65.72000122070312,65.3499984741211,65.69999694824219,48.38949203491211,386100,0.0
2012-12-07,65.97000122070312,66.05000305175781,65.62999725341797,66.04000091552734,48.63993453979492,584400,0.0
2012-12-10,65.97000122070312,66.19999694824219,65.91000366210938,66.0999984741211,48.684104919433594,670400,0.0
2012-12-11,66.33999633789062,66.70999908447266,66.23999786376953,66.41999816894531,48.919803619384766,686800,0.0
2012-12-12,66.69999694824219,67.08999633789062,66.5199966430664,66.5999984741211,49.0523681640625,797700,0.0
2012-12-13,66.58999633789062,66.7699966430664,66.08000183105469,66.23999786376953,48.78722381591797,666300,0.0
2012-12-14,66.18000030517578,66.30999755859375,66.02999877929688,66.13999938964844,48.71357727050781,510700,0.0
2012-12-17,66.25,67.02999877929688,66.25,67.02999877929688,49.369075775146484,610400,0.0
2012-12-18,67.18000030517578,67.86000061035156,67.0199966430664,67.80999755859375,49.94356155395508,689000,0.0
2012-12-19,67.44000244140625,67.44000244140625,66.79000091552734,66.79000091552734,49.55035400390625,861300,0.49
2012-12-20,66.86000061035156,67.36000061035156,66.75,67.36000061035156,49.9732551574707,865900,0.0
2012-12-21,66.4000015258789,66.80000305175781,66.22000122070312,66.62000274658203,49.42424392700195,933700,0.0
2012-12-24,66.43000030517578,66.4800033569336,66.29000091552734,66.43000030517578,49.28330993652344,258800,0.0
2012-12-26,66.55000305175781,66.5999984741211,66.04000091552734,66.16000366210938,49.08298873901367,408600,0.0
2012-12-27,66.2300033569336,66.30999755859375,65.31999969482422,66.04000091552734,48.99396514892578,1075300,0.0
2012-12-28,65.66999816894531,65.94999694824219,65.2699966430664,65.29000091552734,48.43754577636719,666400,0.0
2012-12-31,65.16000366210938,66.41000366210938,65.08000183105469,66.38999938964844,49.25361633300781,1772100,0.0
2013-01-02,67.69999694824219,68.0,67.43000030517578,67.9800033569336,50.43320083618164,1117500,0.0
2013-01-03,67.95999908447266,68.19999694824219,67.7300033569336,67.91000366210938,50.38127136230469,959200,0.0
2013-01-04,68.04000091552734,68.4800033569336,67.94999694824219,68.38999938964844,50.73737335205078,691900,0.0
2013-01-07,68.13999938964844,68.20999908447266,67.87999725341797,68.1500015258789,50.5593376159668,550200,0.0
2013-01-08,68.0199966430664,68.05000305175781,67.62999725341797,67.86000061035156,50.34417724609375,1302900,0.0
2013-01-09,68.04000091552734,68.23999786376953,67.88999938964844,68.05000305175781,50.48512649536133,845200,0.0
2013-01-10,68.41999816894531,68.6500015258789,68.1500015258789,68.62000274658203,50.90800476074219,423200,0.0
2013-01-11,68.62000274658203,68.6500015258789,68.37000274658203,68.58999633789062,50.8857536315918,598200,0.0
2013-01-14,68.62000274658203,68.70999908447266,68.37000274658203,68.66999816894531,50.94511413574219,465000,0.0
2013-01-15,68.36000061035156,68.94000244140625,68.33999633789062,68.83999633789062,51.07121276855469,740500,0.0
2013-01-16,68.69999694824219,68.9000015258789,68.62000274658203,68.81999969482422,51.0563850402832,556000,0.0
2013-01-17,69.0199966430664,69.41999816894531,68.97000122070312,69.19000244140625,51.330902099609375,1203500,0.0
2013-01-18,69.30000305175781,69.58000183105469,69.12999725341797,69.54000091552734,51.59054183959961,599600,0.0
2013-01-22,69.5199966430664,70.04000091552734,69.43000030517578,70.02999877929688,51.954071044921875,485900,0.0
2013-01-23,69.9800033569336,70.0999984741211,69.79000091552734,70.04000091552734,51.96148681640625,719900,0.0
2013-01-24,70.1500015258789,70.62999725341797,70.12000274658203,70.36000061035156,52.19888687133789,485400,0.0
2013-01-25,70.62000274658203,70.72000122070312,70.33999633789062,70.72000122070312,52.46596145629883,604000,0.0
2013-01-28,70.83999633789062,70.83999633789062,70.38999938964844,70.69000244140625,52.4437141418457,764500,0.0
2013-01-29,70.58000183105469,71.12000274658203,70.55999755859375,71.05999755859375,52.71819305419922,662900,0.0
2013-01-30,71.05000305175781,71.1500015258789,70.70999908447266,70.77999877929688,52.51047134399414,645400,0.0
2013-01-31,70.6500015258789,70.83000183105469,70.52999877929688,70.66000366210938,52.42145538330078,1479200,0.0
2013-02-01,71.12000274658203,71.44999694824219,70.9800033569336,71.37000274658203,52.948177337646484,730200,0.0
2013-02-04,70.94999694824219,71.02999877929688,70.5999984741211,70.68000030517578,52.43627166748047,991500,0.0
2013-02-05,71.08999633789062,71.5,71.05999755859375,71.27999877929688,52.88142776489258,533900,0.0
2013-02-06,71.01000213623047,71.37000274658203,70.91000366210938,71.36000061035156,52.94076919555664,426800,0.0
2013-02-07,71.38999938964844,71.44999694824219,70.76000213623047,71.19999694824219,52.82207107543945,534900,0.0
2013-02-08,71.30999755859375,71.54000091552734,71.30000305175781,71.48999786376953,53.037200927734375,418700,0.0
2013-02-11,71.51000213623047,71.56999969482422,71.3499984741211,71.5,53.044654846191406,480200,0.0
2013-02-12,71.5999984741211,71.9000015258789,71.48999786376953,71.81999969482422,53.28205108642578,348500,0.0
2013-02-13,71.94999694824219,72.05000305175781,71.69000244140625,71.87000274658203,53.319149017333984,417500,0.0
2013-02-14,71.62000274658203,72.01000213623047,71.5,71.93000030517578,53.36365509033203,1055800,0.0
2013-02-15,72.02999877929688,72.02999877929688,71.44999694824219,71.72000122070312,53.207862854003906,443800,0.0
2013-02-19,71.80000305175781,72.30999755859375,71.80000305175781,72.2699966430664,53.615875244140625,535100,0.0
2013-02-20,72.25,72.2699966430664,71.37000274658203,71.38999938964844,52.963035583496094,492800,0.0
2013-02-21,71.23999786376953,71.26000213623047,70.79000091552734,71.0199966430664,52.68852996826172,636700,0.0
2013-02-22,71.37000274658203,71.70999908447266,71.23999786376953,71.70999908447266,53.20042037963867,343900,0.0
2013-02-25,72.05999755859375,72.1500015258789,70.23999786376953,70.26000213623047,52.124691009521484,643500,0.0
2013-02-26,70.58999633789062,70.76000213623047,70.08999633789062,70.66999816894531,52.42887878417969,1185900,0.0
2013-02-27,70.62000274658203,71.79000091552734,70.56999969482422,71.66000366210938,53.1633415222168,663300,0.0
2013-02-28,71.62000274658203,72.08999633789062,71.44999694824219,71.4800033569336,53.029808044433594,737500,0.0
2013-03-01,71.25,71.83000183105469,70.9000015258789,71.70999908447266,53.20042037963867,959000,0.0
2013-03-04,71.55000305175781,72.02999877929688,71.4000015258789,72.02999877929688,53.43782043457031,681500,0.0
2013-03-05,72.43000030517578,72.86000061035156,72.37999725341797,72.63999938964844,53.890380859375,725000,0.0
2013-03-06,72.91999816894531,73.01000213623047,72.6500015258789,72.83999633789062,54.03874206542969,563900,0.0
2013-03-07,72.94999694824219,73.08000183105469,72.88999938964844,72.98999786376953,54.15001678466797,459600,0.0
2013-03-08,73.33999633789062,73.4800033569336,73.01000213623047,73.38999938964844,54.44679260253906,1120100,0.0
2013-03-11,73.37999725341797,73.70999908447266,73.22000122070312,73.66999816894531,54.65452575683594,2168600,0.0
2013-03-12,73.56999969482422,73.76000213623047,73.33000183105469,73.54000091552734,54.55808639526367,803700,0.0
2013-03-13,73.58000183105469,73.75,73.38999938964844,73.69000244140625,54.669349670410156,1064900,0.0
2013-03-14,73.87000274658203,74.19999694824219,73.86000061035156,74.16000366210938,55.01804733276367,1421900,0.0
2013-03-15,74.0,74.16000366210938,73.80000305175781,74.05000305175781,54.936431884765625,614300,0.0
2013-03-18,73.31999969482422,73.93000030517578,73.26000213623047,73.5999984741211,54.602596282958984,848400,0.0
2013-03-19,73.69999694824219,73.83000183105469,72.93000030517578,73.41000366210938,54.46164321899414,1871800,0.0
2013-03-20,73.76000213623047,73.9800033569336,73.66999816894531,73.8499984741211,54.788063049316406,587800,0.0
2013-03-21,73.4800033569336,73.7300033569336,73.1500015258789,73.2699966430664,54.357765197753906,690200,0.0
2013-03-22,73.44000244140625,73.76000213623047,73.43000030517578,73.73999786376953,54.70642852783203,756700,0.0
2013-03-25,73.5999984741211,73.72000122070312,72.80999755859375,73.11000061035156,54.51852035522461,941500,0.378
2013-03-26,73.43000030517578,73.6500015258789,73.29000091552734,73.63999938964844,54.913761138916016,580900,0.0
2013-03-27,73.2300033569336,73.63999938964844,73.0999984741211,73.58999633789062,54.87645721435547,749200,0.0
2013-03-28,73.56999969482422,73.91999816894531,73.5,73.80000305175781,55.03306579589844,532600,0.0
2013-04-01,73.80000305175781,73.98999786376953,73.44000244140625,73.62000274658203,54.89884567260742,1400800,0.0
2013-04-02,73.91000366210938,74.11000061035156,73.69000244140625,73.87000274658203,55.08528518676758,721200,0.0
2013-04-03,73.94000244140625,73.94999694824219,72.87000274658203,73.05000305175781,54.473785400390625,709000,0.0
2013-04-04,73.16000366210938,73.54000091552734,73.08000183105469,73.47000122070312,54.786983489990234,604700,0.0
2013-04-05,72.5999984741211,73.38999938964844,72.5199966430664,73.33000183105469,54.68257141113281,385700,0.0
2013-04-08,73.3499984741211,73.7699966430664,73.06999969482422,73.73999786376953,54.988319396972656,368000,0.0
2013-04-09,73.94000244140625,74.36000061035156,73.69000244140625,74.08999633789062,55.249324798583984,544000,0.0
2013-04-10,74.33000183105469,74.94999694824219,74.20999908447266,74.83000183105469,55.80115509033203,346700,0.0
2013-04-11,74.91000366210938,75.31999969482422,74.7699966430664,75.11000061035156,56.00994110107422,519500,0.0
2013-04-12,74.77999877929688,74.94999694824219,74.43000030517578,74.81999969482422,55.79368591308594,549900,0.0
2013-04-15,74.41999816894531,74.41999816894531,73.04000091552734,73.08000183105469,54.49615478515625,638000,0.0
2013-04-16,73.5999984741211,74.05000305175781,73.33000183105469,74.0199966430664,55.1971321105957,700300,0.0
2013-04-17,73.55999755859375,73.55999755859375,72.54000091552734,72.94999694824219,54.39921951293945,760200,0.0
2013-04-18,73.12999725341797,73.12999725341797,72.37000274658203,72.63999938964844,54.168060302734375,793200,0.0
2013-04-19,72.83999633789062,73.16000366210938,72.55000305175781,73.11000061035156,54.51852035522461,363900,0.0
2013-04-22,73.30999755859375,73.48999786376953,72.69999694824219,73.33000183105469,54.68257141113281,435700,0.0
2013-04-23,73.6500015258789,74.12999725341797,73.31999969482422,74.11000061035156,55.26424789428711,960500,0.0
2013-04-24,74.16999816894531,74.4800033569336,74.06999969482422,74.36000061035156,55.450687408447266,886900,0.0
2013-04-25,74.62999725341797,75.04000091552734,74.44000244140625,74.62999725341797,55.652015686035156,514300,0.0
2013-04-26,74.61000061035156,74.69000244140625,74.26000213623047,74.5,55.55506134033203,473000,0.0
2013-04-29,74.75,75.13999938964844,74.55999755859375,74.97000122070312,55.90554428100586,394700,0.0
2013-04-30,74.97000122070312,75.1500015258789,74.62000274658203,75.11000061035156,56.00994110107422,708000,0.0
2013-05-01,74.9800033569336,75.02999877929688,74.33999633789062,74.41999816894531,55.495384216308594,751900,0.0
2013-05-02,74.62000274658203,75.02999877929688,74.5199966430664,74.9800033569336,55.913028717041016,481500,0.0
2013-05-03,75.66000366210938,76.04000091552734,75.5999984741211,75.73999786376953,56.479736328125,810400,0.0
2013-05-06,75.80000305175781,76.05000305175781,75.77999877929688,75.91000366210938,56.60651779174805,310900,0.0
2013-05-07,76.04000091552734,76.37999725341797,75.91999816894531,76.36000061035156,56.942081451416016,984600,0.0
2013-05-08,76.27999877929688,76.75,76.25,76.72000122070312,57.21052551269531,436800,0.0
2013-05-09,76.66000366210938,76.7699966430664,76.19000244140625,76.37000274658203,56.94953918457031,702700,0.0
2013-05-10,76.41000366210938,76.62999725341797,76.1500015258789,76.62999725341797,57.14341735839844,379300,0.0
2013-05-13,76.54000091552734,76.66999816894531,76.23999786376953,76.5999984741211,57.12107467651367,341400,0.0
2013-05-14,76.7300033569336,77.54000091552734,76.69999694824219,77.52999877929688,57.814552307128906,450700,0.0
2013-05-15,77.38999938964844,78.1500015258789,77.30999755859375,77.95999908447266,58.13520812988281,483700,0.0
2013-05-16,77.77999877929688,78.0999984741211,77.5,77.58999633789062,57.859283447265625,472200,0.0
2013-05-17,77.87999725341797,78.5199966430664,77.83999633789062,78.5,58.537872314453125,300000,0.0
2013-05-20,78.4000015258789,78.8499984741211,78.36000061035156,78.58999633789062,58.60499954223633,318600,0.0
2013-05-21,78.6500015258789,78.95999908447266,78.43000030517578,78.70999908447266,58.69447708129883,404700,0.0
2013-05-22,78.75,79.5,77.7300033569336,78.04000091552734,58.19485855102539,881300,0.0
2013-05-23,77.18000030517578,78.0199966430664,77.0999984741211,77.86000061035156,58.0606575012207,469700,0.0
2013-05-24,77.45999908447266,77.77999877929688,77.18000030517578,77.75,57.97861099243164,465600,0.0
2013-05-28,78.56999969482422,78.91000366210938,78.04000091552734,78.2699966430664,58.36635971069336,499100,0.0
2013-05-29,77.87999725341797,78.18000030517578,77.44999694824219,77.93000030517578,58.11284255981445,484800,0.0
2013-05-30,77.9800033569336,78.55000305175781,77.87999725341797,78.20999908447266,58.32163619995117,535700,0.0
2013-05-31,78.0199966430664,78.41000366210938,76.95999908447266,76.95999908447266,57.38951110839844,759500,0.0
2013-06-03,77.2300033569336,77.5,76.66000366210938,77.48999786376953,57.78474044799805,535400,0.0
2013-06-04,77.5,77.77999877929688,76.66999816894531,77.0999984741211,57.49388885498047,663000,0.0
2013-06-05,76.91000366210938,76.95999908447266,75.94999694824219,76.05999755859375,56.71837615966797,507200,0.0
2013-06-06,76.0199966430664,76.76000213623047,75.61000061035156,76.7300033569336,57.217987060546875,392100,0.0
2013-06-07,77.2699966430664,77.83999633789062,76.9800033569336,77.7699966430664,57.9935302734375,385900,0.0
2013-06-10,77.98999786376953,78.05000305175781,77.55999755859375,77.81999969482422,58.03080749511719,383200,0.0
2013-06-11,77.05000305175781,77.63999938964844,76.8499984741211,76.98999786376953,57.411895751953125,585000,0.0
2013-06-12,77.55000305175781,77.63999938964844,76.33000183105469,76.44000244140625,57.00173568725586,347900,0.0
2013-06-13,76.4000015258789,77.7699966430664,76.26000213623047,77.6500015258789,57.90403747558594,369500,0.0
2013-06-14,77.61000061035156,77.83000183105469,76.94000244140625,77.05000305175781,57.45662307739258,520600,0.0
2013-06-17,77.55999755859375,78.02999877929688,77.25,77.7300033569336,57.96369552612305,770200,0.0
2013-06-18,77.7699966430664,78.38999938964844,77.7300033569336,78.26000213623047,58.358924865722656,347800,0.0
2013-06-19,78.16999816894531,78.3499984741211,77.16000366210938,77.18000030517578,57.55356216430664,1020400,0.0
2013-06-20,76.45999908447266,76.51000213623047,75.0999984741211,75.25,56.114356994628906,1278100,0.0
2013-06-21,75.94000244140625,75.95999908447266,74.83999633789062,75.55999755859375,56.34550857543945,1373800,0.0
2013-06-24,74.80999755859375,75.2699966430664,73.9800033569336,74.66999816894531,55.681819915771484,2002600,0.0
2013-06-25,75.33000183105469,75.69999694824219,74.8499984741211,75.41000366210938,56.23365020751953,1474600,0.0
2013-06-26,75.68000030517578,75.9000015258789,75.25,75.7300033569336,56.784786224365234,534200,0.415
2013-06-27,76.23999786376953,76.58000183105469,76.1500015258789,76.30000305175781,57.21220016479492,605000,0.0
2013-06-28,76.13999938964844,76.36000061035156,75.66999816894531,75.7699966430664,56.81475830078125,727600,0.0
2013-07-01,76.33000183105469,76.80999755859375,76.12999725341797,76.2699966430664,57.189697265625,824100,0.0
2013-07-02,76.22000122070312,76.69999694824219,75.83000183105469,76.08000183105469,57.0472297668457,727000,0.0
2013-07-03,75.83999633789062,76.26000213623047,75.63999938964844,76.05999755859375,57.032230377197266,677700,0.0
2013-07-05,76.63999938964844,76.97000122070312,76.08999633789062,76.94000244140625,57.69208908081055,418300,0.0
2013-07-08,77.41999816894531,77.68000030517578,77.29000091552734,77.48999786376953,58.1044921875,437700,0.0
2013-07-09,78.02999877929688,78.19999694824219,77.70999908447266,78.0999984741211,58.5618782043457,437000,0.0
2013-07-10,78.0199966430664,78.31999969482422,77.79000091552734,78.0,58.486900329589844,700400,0.0
2013-07-11,78.95999908447266,79.06999969482422,78.56999969482422,78.97000122070312,59.21424102783203,640300,0.0
2013-07-12,78.9000015258789,79.16999816894531,78.81999969482422,79.0999984741211,59.311729431152344,425400,0.0
2013-07-15,79.26000213623047,79.5,79.13999938964844,79.37999725341797,59.52167510986328,464900,0.0
2013-07-16,79.45999908447266,79.4800033569336,78.8499984741211,79.05999755859375,59.2817268371582,383600,0.0
2013-07-17,79.4000015258789,79.54000091552734,79.16000366210938,79.23999786376953,59.41669464111328,439700,0.0
2013-07-18,79.5,80.08000183105469,79.47000122070312,79.94999694824219,59.94904708862305,546200,0.0
2013-07-19,79.91000366210938,80.2300033569336,79.75,80.2300033569336,60.15903091430664,441000,0.0
2013-07-22,80.33000183105469,80.51000213623047,80.19000244140625,80.4000015258789,60.28650665283203,377200,0.0
2013-07-23,80.61000061035156,80.61000061035156,80.29000091552734,80.41999816894531,60.30149841308594,432600,0.0
2013-07-24,80.58999633789062,80.58999633789062,79.69999694824219,79.9000015258789,59.91157150268555,252500,0.0
2013-07-25,79.7699966430664,80.0999984741211,79.54000091552734,80.06999969482422,60.0390510559082,511600,0.0
2013-07-26,79.72000122070312,80.05999755859375,79.30999755859375,80.0199966430664,60.00154495239258,296600,0.0
2013-07-29,79.87999725341797,79.94000244140625,79.55999755859375,79.73999786376953,59.791603088378906,2188500,0.0
2013-07-30,79.98999786376953,80.12999725341797,79.47000122070312,79.66999816894531,59.739105224609375,456600,0.0
2013-07-31,79.81999969482422,80.37000274658203,79.70999908447266,79.73999786376953,59.791603088378906,420000,0.0
2013-08-01,80.44000244140625,80.80999755859375,80.37999725341797,80.73999786376953,60.54145431518555,1026100,0.0
2013-08-02,80.69999694824219,80.83999633789062,80.44000244140625,80.7699966430664,60.56394577026367,421200,0.0
2013-08-05,80.7300033569336,80.81999969482422,80.51000213623047,80.63999938964844,60.46647262573242,345900,0.0
2013-08-06,80.5,80.58000183105469,79.9800033569336,80.1500015258789,60.09904098510742,289300,0.0
2013-08-07,79.80000305175781,80.0,79.5999984741211,79.91000366210938,59.919063568115234,262300,0.0
2013-08-08,80.27999877929688,80.37999725341797,79.79000091552734,80.16000366210938,60.106571197509766,339200,0.0
2013-08-09,80.11000061035156,80.33999633789062,79.68000030517578,79.97000122070312,59.96406173706055,307000,0.0
2013-08-12,79.51000213623047,79.91000366210938,79.51000213623047,79.79000091552734,59.82908248901367,1669400,0.0
2013-08-13,79.9800033569336,80.18000030517578,79.52999877929688,79.97000122070312,59.96406173706055,882900,0.0
2013-08-14,79.95999908447266,80.05999755859375,79.55999755859375,79.56999969482422,59.664127349853516,262300,0.0
2013-08-15,78.91000366210938,79.0,78.37999725341797,78.51000213623047,58.86931610107422,345200,0.0
2013-08-16,78.44000244140625,78.62999725341797,78.05000305175781,78.25,58.67435836791992,438900,0.0
2013-08-19,78.18000030517578,78.25,77.52999877929688,77.52999877929688,58.13447570800781,358600,0.0
2013-08-20,77.66999816894531,78.19999694824219,77.48999786376953,77.95999908447266,58.456912994384766,390700,0.0
2013-08-21,77.77999877929688,78.01000213623047,77.19999694824219,77.36000061035156,58.00701904296875,389300,0.0
2013-08-22,77.55999755859375,78.16000366210938,77.54000091552734,78.01000213623047,58.494388580322266,291800,0.0
2013-08-23,78.26000213623047,78.44999694824219,77.91999816894531,78.36000061035156,58.75684356689453,4232600,0.0
2013-08-26,78.5,78.58000183105469,77.91999816894531,77.97000122070312,58.464420318603516,424700,0.0
2013-08-27,77.19000244140625,77.44999694824219,76.68000030517578,76.70999908447266,57.51961898803711,886000,0.0
2013-08-28,76.76000213623047,77.2699966430664,76.63999938964844,76.95999908447266,57.70708465576172,513600,0.0
2013-08-29,76.83000183105469,77.44999694824219,76.77999877929688,77.05000305175781,57.77457046508789,361900,0.0
2013-08-30,77.2699966430664,77.2699966430664,76.63999938964844,76.87000274658203,57.63959503173828,293200,0.0
2013-09-03,77.69000244140625,77.75,76.80000305175781,77.08999633789062,57.80454635620117,993000,0.0
2013-09-04,77.05000305175781,77.80000305175781,76.94000244140625,77.66000366210938,58.231956481933594,554600,0.0
2013-09-05,77.68000030517578,78.0199966430664,77.68000030517578,77.81999969482422,58.3519287109375,343000,0.0
2013-09-06,78.08999633789062,78.29000091552734,77.16999816894531,77.77999877929688,58.321937561035156,287000,0.0
2013-09-09,78.04000091552734,78.62000274658203,78.04000091552734,78.54000091552734,58.89183807373047,342600,0.0
2013-09-10,79.12000274658203,79.30000305175781,78.87999725341797,79.26000213623047,59.43170928955078,685000,0.0
2013-09-11,79.27999877929688,79.5999984741211,79.12000274658203,79.5999984741211,59.68662643432617,219500,0.0
2013-09-12,79.5199966430664,79.62999725341797,79.16000366210938,79.27999877929688,59.446693420410156,350300,0.0
2013-09-13,79.38999938964844,79.55000305175781,79.2699966430664,79.45999908447266,59.58164596557617,409400,0.0
2013-09-16,80.30999755859375,80.43000030517578,79.94000244140625,80.05000305175781,60.024051666259766,1045300,0.0
2013-09-17,80.05999755859375,80.41000366210938,80.05999755859375,80.37999725341797,60.271507263183594,268800,0.0
2013-09-18,80.37999725341797,81.48999786376953,80.0999984741211,81.26000213623047,60.931365966796875,402300,0.0
2013-09-19,81.5,81.5,80.87000274658203,80.95999908447266,60.706417083740234,431200,0.0
2013-09-20,81.0999984741211,81.0999984741211,80.19000244140625,80.2300033569336,60.15903091430664,347400,0.0
2013-09-23,79.95999908447266,80.05999755859375,79.61000061035156,79.86000061035156,59.88161087036133,794400,0.0
2013-09-24,79.36000061035156,79.69000244140625,79.08999633789062,79.16999816894531,59.70661926269531,441600,0.458
2013-09-25,79.25,79.48999786376953,79.02999877929688,79.0999984741211,59.65383529663086,385900,0.0
2013-09-26,79.27999877929688,79.58000183105469,78.93000030517578,79.20999908447266,59.73679733276367,307100,0.0
2013-09-27,78.81999969482422,78.94999694824219,78.70999908447266,78.80999755859375,59.43513870239258,489000,0.0
2013-09-30,78.19000244140625,78.58000183105469,77.97000122070312,78.31999969482422,59.06560516357422,640700,0.0
2013-10-01,78.30999755859375,78.95999908447266,78.29000091552734,78.8499984741211,59.46529006958008,1364400,0.0
2013-10-02,78.41999816894531,78.83999633789062,78.19000244140625,78.80999755859375,59.43513870239258,843200,0.0
2013-10-03,78.61000061035156,78.62000274658203,77.7699966430664,78.16000366210938,58.94495391845703,627600,0.0
2013-10-04,78.22000122070312,78.77999877929688,78.08000183105469,78.69999694824219,59.3521614074707,413200,0.0
2013-10-07,78.06999969482422,78.5199966430664,77.94000244140625,78.06999969482422,58.87704086303711,436800,0.0
2013-10-08,78.12000274658203,78.20999908447266,77.2699966430664,77.30000305175781,58.29633712768555,753500,0.0
2013-10-09,77.41999816894531,77.79000091552734,77.02999877929688,77.5,58.44718933105469,700900,0.0
2013-10-10,78.36000061035156,79.20999908447266,78.2300033569336,79.19999694824219,59.72926330566406,490600,0.0
2013-10-11,79.08999633789062,79.70999908447266,78.97000122070312,79.66999816894531,60.08368682861328,335200,0.0
2013-10-14,79.26000213623047,79.95999908447266,79.11000061035156,79.93000030517578,60.279762268066406,286800,0.0
2013-10-15,79.77999877929688,80.01000213623047,79.19000244140625,79.29000091552734,59.797115325927734,570500,0.0
2013-10-16,79.77999877929688,80.47000122070312,79.70999908447266,80.45999908447266,60.67949676513672,411500,0.0
2013-10-17,80.19000244140625,81.01000213623047,80.0999984741211,80.94999694824219,61.04902267456055,707300,0.0
2013-10-18,81.31999969482422,81.41000366210938,80.97000122070312,81.36000061035156,61.358238220214844,404200,0.0
2013-10-21,81.38999938964844,81.5,81.19000244140625,81.3499984741211,61.35068893432617,270700,0.0
2013-10-22,81.66999816894531,82.06999969482422,81.56999969482422,81.87000274658203,61.74285125732422,701700,0.0
2013-10-23,81.6500015258789,81.66000366210938,81.13999938964844,81.37000274658203,61.365787506103516,315000,0.0
2013-10-24,81.58000183105469,81.6500015258789,81.23999786376953,81.54000091552734,61.49398422241211,282100,0.0
2013-10-25,81.69999694824219,81.91999816894531,81.55000305175781,81.91999816894531,61.780555725097656,286900,0.0
2013-10-28,81.94999694824219,82.12999725341797,81.80999755859375,82.02999877929688,61.86348342895508,330100,0.0
2013-10-29,82.2300033569336,82.51000213623047,82.11000061035156,82.51000213623047,62.225521087646484,286700,0.0
2013-10-30,82.6500015258789,82.70999908447266,81.80000305175781,82.0999984741211,61.916316986083984,370400,0.0
2013-10-31,81.94999694824219,82.30000305175781,81.68000030517578,81.75,61.65235900878906,454500,0.0
2013-11-01,81.88999938964844,82.11000061035156,81.52999877929688,81.9800033569336,61.825809478759766,481800,0.0
2013-11-04,82.37000274658203,82.38999938964844,82.0,82.33999633789062,62.09731674194336,396900,0.0
2013-11-05,82.01000213623047,82.31999969482422,81.80000305175781,82.08999633789062,61.90876007080078,251400,0.0
2013-11-06,82.48999786376953,82.63999938964844,82.29000091552734,82.58000183105469,62.278282165527344,387300,0.0
2013-11-07,82.70999908447266,82.80999755859375,81.56999969482422,81.63999938964844,61.569393157958984,362600,0.0
2013-11-08,81.6500015258789,82.77999877929688,81.6500015258789,82.73999786376953,62.398963928222656,608300,0.0
2013-11-11,82.77999877929688,82.87999725341797,82.66000366210938,82.87000274658203,62.49701690673828,185500,0.0
2013-11-12,82.73999786376953,82.79000091552734,82.26000213623047,82.51000213623047,62.225521087646484,361100,0.0
2013-11-13,82.19999694824219,83.12000274658203,82.06999969482422,83.08999633789062,62.662906646728516,341100,0.0
2013-11-14,83.12000274658203,83.54000091552734,82.9800033569336,83.4800033569336,62.95704650878906,443400,0.0
2013-11-15,83.58999633789062,83.8499984741211,83.51000213623047,83.83000183105469,63.221004486083984,372400,0.0
2013-11-18,84.04000091552734,84.06999969482422,83.47000122070312,83.66999816894531,63.10032272338867,331100,0.0
2013-11-19,83.52999877929688,83.88999938964844,83.38999938964844,83.5199966430664,62.98719787597656,355300,0.0
2013-11-20,83.73999786376953,83.93000030517578,83.05999755859375,83.26000213623047,62.79115295410156,381800,0.0
2013-11-21,83.54000091552734,84.04000091552734,83.45999908447266,83.95999908447266,63.31904602050781,276500,0.0
2013-11-22,84.01000213623047,84.37999725341797,83.81999969482422,84.37000274658203,63.62824249267578,535700,0.0
2013-11-25,84.54000091552734,84.54000091552734,84.08999633789062,84.2300033569336,63.522666931152344,218800,0.0
2013-11-26,84.26000213623047,84.31999969482422,84.05000305175781,84.05999755859375,63.394466400146484,324100,0.0
2013-11-27,84.12000274658203,84.30000305175781,83.9800033569336,84.18000030517578,63.48495101928711,248000,0.0
2013-11-29,84.33000183105469,84.4800033569336,83.97000122070312,84.05000305175781,63.38690185546875,1303300,0.0
2013-12-02,84.08000183105469,84.29000091552734,83.69999694824219,83.81999969482422,63.213478088378906,631900,0.0
2013-12-03,83.58000183105469,83.7699966430664,83.18000030517578,83.51000213623047,62.97967529296875,446600,0.0
2013-12-04,83.19999694824219,83.81999969482422,82.80999755859375,83.44999694824219,62.93442916870117,721400,0.0
2013-12-05,83.23999786376953,83.30000305175781,82.79000091552734,82.81999969482422,62.45930480957031,417100,0.0
2013-12-06,83.61000061035156,83.9000015258789,83.5,83.83999633789062,63.22854232788086,546500,0.0
2013-12-09,84.12999725341797,84.25,83.98999786376953,84.12000274658203,63.43968200683594,328700,0.0
2013-12-10,83.88999938964844,84.0999984741211,83.79000091552734,83.79000091552734,63.190834045410156,319900,0.0
2013-12-11,83.79000091552734,83.79000091552734,82.63999938964844,82.73999786376953,62.398963928222656,341400,0.0
2013-12-12,82.66999816894531,82.83999633789062,82.31999969482422,82.55999755859375,62.26321029663086,1279400,0.0
2013-12-13,82.66000366210938,82.72000122070312,82.33000183105469,82.54000091552734,62.24814987182617,360700,0.0
2013-12-16,82.97000122070312,83.27999877929688,82.88999938964844,83.06999969482422,62.64781951904297,363100,0.0
2013-12-17,83.1500015258789,83.1500015258789,82.5999984741211,82.7300033569336,62.39144515991211,355900,0.0
2013-12-18,82.86000061035156,84.16000366210938,82.16999816894531,84.16000366210938,63.469871520996094,719200,0.0
2013-12-19,83.91000366210938,84.12000274658203,83.66000366210938,84.05999755859375,63.394466400146484,473600,0.0
2013-12-20,84.16000366210938,84.68000030517578,84.11000061035156,84.44000244140625,63.68103790283203,871500,0.0
2013-12-23,84.37999725341797,84.4800033569336,84.26000213623047,84.33999633789062,63.979156494140625,310700,0.493
2013-12-24,84.4000015258789,84.66999816894531,84.4000015258789,84.6500015258789,64.21432495117188,192300,0.0
2013-12-26,84.83000183105469,85.12000274658203,84.75,85.06999969482422,64.53291320800781,274500,0.0
2013-12-27,85.25,85.27999877929688,85.05999755859375,85.19000244140625,64.62396240234375,237500,0.0
2013-12-30,85.26000213623047,85.30000305175781,85.08000183105469,85.16999816894531,64.60879516601562,292600,0.0
2013-12-31,85.30999755859375,85.54000091552734,85.19000244140625,85.45999908447266,64.82877349853516,575900,0.0
2014-01-02,85.16000366210938,85.26000213623047,84.58000183105469,84.72000122070312,64.2674331665039,454900,0.0
2014-01-03,84.91000366210938,85.11000061035156,84.69999694824219,84.80999755859375,64.33568572998047,397900,0.0
2014-01-06,85.05000305175781,85.19000244140625,84.5999984741211,84.68000030517578,64.23709869384766,496900,0.0
2014-01-07,85.0999984741211,85.23999786376953,84.94999694824219,85.08000183105469,64.5405044555664,350100,0.0
2014-01-08,85.08999633789062,85.08999633789062,84.69999694824219,84.94999694824219,64.44187927246094,381600,0.0
2014-01-09,85.2300033569336,85.2300033569336,84.66000366210938,85.06999969482422,64.53291320800781,348800,0.0
2014-01-10,85.1500015258789,85.25,84.76000213623047,85.16000366210938,64.60120391845703,351300,0.0
2014-01-13,85.05000305175781,85.22000122070312,84.08000183105469,84.20999908447266,63.88054275512695,480500,0.0
2014-01-14,84.37999725341797,84.93000030517578,84.30999755859375,84.91000366210938,64.41156768798828,349900,0.0
2014-01-15,85.05999755859375,85.47000122070312,85.05999755859375,85.37000274658203,64.76050567626953,245100,0.0
2014-01-16,85.20999908447266,85.2300033569336,84.91999816894531,85.19999694824219,64.63153839111328,388500,0.0
2014-01-17,85.0199966430664,85.13999938964844,84.68000030517578,84.79000091552734,64.32051849365234,334700,0.0
2014-01-21,85.20999908447266,85.20999908447266,84.4000015258789,84.9000015258789,64.40396118164062,323900,0.0
2014-01-22,84.93000030517578,84.97000122070312,84.66999816894531,84.80999755859375,64.33568572998047,271400,0.0
2014-01-23,84.38999938964844,84.38999938964844,83.6500015258789,84.02999877929688,63.744022369384766,555500,0.0
2014-01-24,83.51000213623047,83.51000213623047,82.36000061035156,82.36000061035156,62.477142333984375,668700,0.0
2014-01-27,82.43000030517578,82.66000366210938,81.80000305175781,82.12000274658203,62.29508590698242,794600,0.0
2014-01-28,82.47000122070312,82.86000061035156,82.33000183105469,82.77999877929688,62.795745849609375,421100,0.0
2014-01-29,82.1500015258789,82.61000061035156,81.87999725341797,82.05999755859375,62.249576568603516,855300,0.0
2014-01-30,82.55999755859375,82.9000015258789,82.20999908447266,82.68000030517578,62.719886779785156,337400,0.0
2014-01-31,81.72000122070312,82.56999969482422,81.54000091552734,82.04000091552734,62.23442077636719,562400,0.0
2014-02-03,81.9000015258789,82.06999969482422,80.13999938964844,80.26000213623047,60.8841438293457,749800,0.0
2014-02-04,80.58000183105469,80.83000183105469,80.26000213623047,80.6500015258789,61.17997360229492,1046300,0.0
2014-02-05,80.41999816894531,80.70999908447266,80.02999877929688,80.55000305175781,61.10411834716797,505000,0.0
2014-02-06,80.7699966430664,81.58000183105469,80.7699966430664,81.55000305175781,61.862709045410156,312600,0.0
2014-02-07,81.93000030517578,82.45999908447266,81.62000274658203,82.41000366210938,62.515098571777344,376500,0.0
2014-02-10,82.37000274658203,82.4000015258789,82.08000183105469,82.3499984741211,62.46957778930664,226000,0.0
2014-02-11,82.5,83.52999877929688,82.4000015258789,83.31999969482422,63.20539855957031,338300,0.0
2014-02-12,83.48999786376953,83.72000122070312,83.16999816894531,83.30999755859375,63.19782257080078,361400,0.0
2014-02-13,82.80000305175781,83.7300033569336,82.69000244140625,83.69999694824219,63.4936637878418,306800,0.0
2014-02-14,83.5999984741211,84.41999816894531,83.52999877929688,84.27999877929688,63.93364334106445,385600,0.0
2014-02-18,84.33000183105469,84.43000030517578,84.11000061035156,84.29000091552734,63.94124984741211,350300,0.0
2014-02-19,84.08000183105469,84.69000244140625,83.7300033569336,83.80999755859375,63.577091217041016,341100,0.0
2014-02-20,83.83000183105469,84.44000244140625,83.68000030517578,84.30000305175781,63.948814392089844,260900,0.0
2014-02-21,84.47000122070312,84.51000213623047,84.06999969482422,84.06999969482422,63.774349212646484,251800,0.0
2014-02-24,84.30000305175781,85.16999816894531,84.30000305175781,84.5999984741211,64.1763687133789,319500,0.0
2014-02-25,84.56999969482422,84.83000183105469,84.29000091552734,84.4800033569336,64.08538055419922,343500,0.0
2014-02-26,84.69000244140625,84.79000091552734,84.30999755859375,84.58000183105469,64.16122436523438,451400,0.0
2014-02-27,84.5199966430664,84.88999938964844,84.27999877929688,84.88999938964844,64.39640808105469,252000,0.0
2014-02-28,84.83000183105469,85.5199966430664,84.68000030517578,85.13999938964844,64.58601379394531,445400,0.0
2014-03-03,84.41000366210938,84.81999969482422,84.12999725341797,84.54000091552734,64.13086700439453,614100,0.0
2014-03-04,85.30000305175781,85.87000274658203,85.30000305175781,85.75,65.04876708984375,552100,0.0
2014-03-05,85.70999908447266,85.93000030517578,85.56999969482422,85.76000213623047,65.05635070800781,472800,0.0
2014-03-06,86.0,86.23999786376953,85.94000244140625,86.08999633789062,65.30667877197266,384900,0.0
2014-03-07,86.37000274658203,86.47000122070312,85.91999816894531,86.26000213623047,65.4356460571289,471200,0.0
2014-03-10,86.16000366210938,86.29000091552734,85.76000213623047,86.2699966430664,65.44322967529297,304200,0.0
2014-03-11,86.37999725341797,86.4000015258789,85.55999755859375,85.70999908447266,65.0184097290039,496100,0.0
2014-03-12,85.37000274658203,85.83000183105469,85.2699966430664,85.80000305175781,65.08670806884766,477300,0.0
2014-03-13,86.02999877929688,86.0999984741211,84.83000183105469,84.9800033569336,64.46464538574219,607000,0.0
2014-03-14,84.9000015258789,85.33000183105469,84.70999908447266,84.83000183105469,64.35088348388672,969400,0.0
2014-03-17,85.18000030517578,85.68000030517578,85.13999938964844,85.52999877929688,64.88188934326172,478400,0.0
2014-03-18,85.7300033569336,86.16000366210938,85.58999633789062,86.08999633789062,65.30667877197266,469300,0.0
2014-03-19,86.0999984741211,86.2300033569336,85.16999816894531,85.69000244140625,65.00325775146484,629100,0.0
2014-03-20,85.5199966430664,86.41999816894531,85.4800033569336,86.38999938964844,65.53426361083984,431900,0.0
2014-03-21,86.83000183105469,87.08999633789062,86.2300033569336,86.2300033569336,65.41290283203125,863900,0.0
2014-03-24,86.55999755859375,86.7300033569336,85.87999725341797,86.1500015258789,65.35221099853516,553300,0.0
2014-03-25,86.08999633789062,86.27999877929688,85.77999877929688,86.18000030517578,65.73282623291016,471800,0.469
2014-03-26,86.52999877929688,86.6500015258789,85.75,85.7699966430664,65.42005920410156,910900,0.0
2014-03-27,85.62999725341797,85.98999786376953,85.47000122070312,85.72000122070312,65.3819351196289,1017200,0.0
2014-03-28,85.98999786376953,86.4800033569336,85.94999694824219,86.20999908447266,65.75566864013672,501300,0.0
2014-03-31,86.69999694824219,86.97000122070312,86.58999633789062,86.9000015258789,66.28197479248047,1249700,0.0
2014-04-01,87.08999633789062,87.2699966430664,86.88999938964844,87.23999786376953,66.54132080078125,2316300,0.0
2014-04-02,87.29000091552734,87.58999633789062,87.04000091552734,87.48999786376953,66.73198699951172,1444200,0.0
2014-04-03,87.55999755859375,87.68000030517578,87.37999725341797,87.58999633789062,66.8082275390625,747500,0.0
2014-04-04,88.0199966430664,88.12999725341797,86.87000274658203,86.97000122070312,66.33537292480469,1010400,0.0
2014-04-07,86.80999755859375,86.91000366210938,86.08000183105469,86.13999938964844,65.7022933959961,932300,0.0
2014-04-08,86.0999984741211,86.5999984741211,85.87999725341797,86.4800033569336,65.96162414550781,1072100,0.0
2014-04-09,86.73999786376953,87.0999984741211,86.37999725341797,87.0999984741211,66.43451690673828,742600,0.0
2014-04-10,87.0,87.19000244140625,85.58000183105469,85.66999816894531,65.34380340576172,958700,0.0
2014-04-11,85.2300033569336,85.7300033569336,84.94000244140625,84.98999786376953,64.82514953613281,1488700,0.0
2014-04-14,85.61000061035156,85.7699966430664,85.02999877929688,85.66999816894531,65.34380340576172,809400,0.0
2014-04-15,85.8499984741211,86.30000305175781,85.23999786376953,86.29000091552734,65.81668853759766,1200200,0.0
2014-04-16,86.7699966430664,86.98999786376953,86.44000244140625,86.9800033569336,66.3429946899414,2198800,0.0
2014-04-17,86.88999938964844,87.30999755859375,86.83000183105469,87.16000366210938,66.48027038574219,982000,0.0
2014-04-21,86.95999908447266,87.30999755859375,86.94000244140625,87.2300033569336,66.53369140625,650400,0.0
2014-04-22,87.29000091552734,87.70999908447266,87.16000366210938,87.47000122070312,66.71672058105469,819400,0.0
2014-04-23,87.41999816894531,87.61000061035156,87.37999725341797,87.44000244140625,66.69384765625,487200,0.0
2014-04-24,87.73999786376953,87.77999877929688,87.2699966430664,87.58000183105469,66.80064392089844,1337900,0.0
2014-04-25,87.19999694824219,87.45999908447266,86.9000015258789,87.08999633789062,66.4269027709961,876900,0.0
2014-04-28,87.4000015258789,87.56999969482422,86.61000061035156,87.36000061035156,66.63282775878906,2749600,0.0
2014-04-29,87.6500015258789,87.83000183105469,87.55999755859375,87.66999816894531,66.86925506591797,1252000,0.0
2014-04-30,87.5,87.97000122070312,87.5,87.93000030517578,67.06761169433594,1133300,0.0
2014-05-01,87.87999725341797,87.91000366210938,87.55000305175781,87.80999755859375,66.97603607177734,2413400,0.0
2014-05-02,87.80000305175781,88.16999816894531,87.55000305175781,87.62000274658203,66.83113861083984,1177800,0.0
2014-05-05,87.12000274658203,87.6500015258789,86.93000030517578,87.54000091552734,66.77013397216797,1177600,0.0
2014-05-06,87.33999633789062,87.4000015258789,86.87000274658203,86.88999938964844,66.27434539794922,457300,0.0
2014-05-07,87.20999908447266,87.72000122070312,86.91000366210938,87.66999816894531,66.86925506591797,720300,0.0
2014-05-08,87.52999877929688,88.08000183105469,87.37000274658203,87.61000061035156,66.82351684570312,779800,0.0
2014-05-09,87.55999755859375,87.70999908447266,87.2300033569336,87.62999725341797,66.8387451171875,554300,0.0
2014-05-12,88.04000091552734,88.33000183105469,87.97000122070312,88.27999877929688,67.33454895019531,591000,0.0
2014-05-13,88.4000015258789,88.5,88.29000091552734,88.38999938964844,67.41847229003906,968400,0.0
2014-05-14,88.30000305175781,88.41000366210938,87.93000030517578,88.04000091552734,67.15150451660156,695900,0.0
2014-05-15,87.88999938964844,87.88999938964844,86.95999908447266,87.30999755859375,66.59468841552734,863700,0.0
2014-05-16,87.3499984741211,87.48999786376953,87.02999877929688,87.45999908447266,66.70911407470703,2883100,0.0
2014-05-19,87.31999969482422,87.70999908447266,87.2300033569336,87.62999725341797,66.8387451171875,1659000,0.0
2014-05-20,87.62000274658203,87.62000274658203,86.88999938964844,87.05000305175781,66.3963851928711,579600,0.0
2014-05-21,87.33999633789062,87.73999786376953,87.33999633789062,87.68000030517578,66.87689208984375,644700,0.0
2014-05-22,87.70999908447266,87.95999908447266,87.56999969482422,87.83999633789062,66.99898529052734,367000,0.0
2014-05-23,87.91000366210938,88.12999725341797,87.87000274658203,88.08000183105469,67.1820068359375,689700,0.0
2014-05-27,88.3499984741211,88.5199966430664,88.29000091552734,88.44999694824219,67.46422576904297,454800,0.0
2014-05-28,88.4800033569336,88.6500015258789,88.33000183105469,88.44999694824219,67.46422576904297,476200,0.0
2014-05-29,88.66999816894531,88.83000183105469,88.38999938964844,88.79000091552734,67.72356414794922,855200,0.0
2014-05-30,88.72000122070312,89.04000091552734,88.6500015258789,89.0,67.8836898803711,884800,0.0
2014-06-02,89.1500015258789,89.1500015258789,88.77999877929688,89.08000183105469,67.94476318359375,472700,0.0
2014-06-03,88.86000061035156,89.16999816894531,88.86000061035156,89.0999984741211,67.96001434326172,397500,0.0
2014-06-04,89.0,89.2699966430664,88.91999816894531,89.16000366210938,68.00578308105469,822100,0.0
2014-06-05,89.41000366210938,89.8499984741211,89.05000305175781,89.77999877929688,68.4786605834961,679200,0.0
2014-06-06,89.95999908447266,90.27999877929688,89.9000015258789,90.2300033569336,68.8218994140625,418900,0.0
2014-06-09,90.22000122070312,90.55000305175781,90.19000244140625,90.31999969482422,68.89055633544922,455600,0.0
2014-06-10,90.12999725341797,90.37999725341797,90.0999984741211,90.36000061035156,68.92107391357422,401800,0.0
2014-06-11,90.05999755859375,90.11000061035156,89.81999969482422,89.94999694824219,68.60833740234375,729000,0.0
2014-06-12,89.87000274658203,89.94999694824219,89.31999969482422,89.45999908447266,68.23458862304688,557300,0.0
2014-06-13,89.66999816894531,89.93000030517578,89.54000091552734,89.88999938964844,68.56253814697266,367600,0.0
2014-06-16,89.83999633789062,90.12000274658203,89.6500015258789,89.95999908447266,68.61593627929688,306000,0.0
2014-06-17,89.83999633789062,90.2699966430664,89.72000122070312,90.22000122070312,68.81427764892578,365100,0.0
2014-06-18,90.23999786376953,90.91999816894531,90.08000183105469,90.87000274658203,69.31006622314453,493500,0.0
2014-06-19,90.97000122070312,91.08999633789062,90.7699966430664,91.08000183105469,69.47022247314453,351900,0.0
2014-06-20,91.33999633789062,91.33999633789062,91.18000030517578,91.30000305175781,69.63801574707031,358700,0.0
2014-06-23,91.31999969482422,91.38999938964844,91.16000366210938,91.31999969482422,69.65328216552734,285400,0.0
2014-06-24,90.66000366210938,91.04000091552734,90.18000030517578,90.27999877929688,69.20940399169922,548500,0.461
2014-06-25,90.0999984741211,90.48999786376953,90.04000091552734,90.44000244140625,69.33209228515625,316900,0.0
2014-06-26,90.44000244140625,90.44000244140625,89.75,90.33999633789062,69.25540161132812,302900,0.0
2014-06-27,90.08000183105469,90.43000030517578,89.98999786376953,90.37999725341797,69.28608703613281,477900,0.0
2014-06-30,90.38999938964844,90.55000305175781,90.23999786376953,90.27999877929688,69.20940399169922,532000,0.0
2014-07-01,90.45999908447266,91.02999877929688,90.45999908447266,90.76000213623047,69.57740020751953,745100,0.0
2014-07-02,90.80000305175781,90.94999694824219,90.69000244140625,90.80000305175781,69.60807037353516,432000,0.0
2014-07-03,91.05000305175781,91.30999755859375,91.02999877929688,91.23999786376953,69.94532012939453,282500,0.0
2014-07-07,91.08000183105469,91.0999984741211,90.80999755859375,90.94999694824219,69.72303771972656,377800,0.0
2014-07-08,90.83000183105469,90.83000183105469,90.41000366210938,90.55000305175781,69.4164047241211,671700,0.0
2014-07-09,90.7699966430664,90.95999908447266,90.5999984741211,90.87999725341797,69.66936492919922,392800,0.0
2014-07-10,90.11000061035156,90.7300033569336,90.04000091552734,90.55000305175781,69.4164047241211,747000,0.0
2014-07-11,90.45999908447266,90.61000061035156,90.2300033569336,90.54000091552734,69.40872192382812,347600,0.0
2014-07-14,91.01000213623047,91.08000183105469,90.83000183105469,90.87999725341797,69.66936492919922,617200,0.0
2014-07-15,90.98999786376953,91.19999694824219,90.5999984741211,90.94000244140625,69.71536254882812,689200,0.0
2014-07-16,91.30000305175781,91.47000122070312,91.13999938964844,91.44999694824219,70.10633850097656,448600,0.0
2014-07-17,91.16999816894531,91.5199966430664,90.4000015258789,90.45999908447266,69.3473892211914,892000,0.0
2014-07-18,90.77999877929688,91.29000091552734,90.6500015258789,91.22000122070312,69.93004608154297,469000,0.0
2014-07-21,90.93000030517578,91.13999938964844,90.63999938964844,91.08000183105469,69.82268524169922,357900,0.0
2014-07-22,91.30000305175781,91.55999755859375,91.29000091552734,91.41000366210938,70.07568359375,541300,0.0
2014-07-23,91.41999816894531,91.58000183105469,91.27999877929688,91.5199966430664,70.15999603271484,652500,0.0
2014-07-24,91.58000183105469,91.73999786376953,91.5,91.56999969482422,70.19834899902344,262100,0.0
2014-07-25,91.41000366210938,91.43000030517578,91.05000305175781,91.20999908447266,69.92236328125,376700,0.0
2014-07-28,91.20999908447266,91.38999938964844,90.75,91.30999755859375,69.99901580810547,384600,0.0
2014-07-29,91.5,91.56999969482422,90.87999725341797,90.87999725341797,69.66936492919922,549500,0.0
2014-07-30,91.18000030517578,91.25,90.36000061035156,90.76000213623047,69.57740020751953,684700,0.0
2014-07-31,90.0999984741211,90.30000305175781,88.94999694824219,88.9800033569336,68.21283721923828,784500,0.0
2014-08-01,88.79000091552734,89.22000122070312,88.27999877929688,88.72000122070312,68.01349639892578,905400,0.0
2014-08-04,88.79000091552734,89.44999694824219,88.45999908447266,89.30999755859375,68.46580505371094,503500,0.0
2014-08-05,89.0199966430664,89.12999725341797,88.05000305175781,88.31999969482422,67.70685577392578,867700,0.0
2014-08-06,87.87999725341797,88.80999755859375,87.87999725341797,88.44999694824219,67.8065185546875,884100,0.0
2014-08-07,88.9000015258789,88.94999694824219,87.7699966430664,87.95999908447266,67.43087768554688,770200,0.0
2014-08-08,88.12000274658203,89.08999633789062,88.0,89.0199966430664,68.24351501464844,624400,0.0
2014-08-11,89.44000244140625,89.61000061035156,89.19000244140625,89.19999694824219,68.38147735595703,1093300,0.0
2014-08-12,89.16000366210938,89.4000015258789,88.93000030517578,89.13999938964844,68.33545684814453,433300,0.0
2014-08-13,89.41999816894531,89.7300033569336,89.26000213623047,89.66000366210938,68.73412322998047,546100,0.0
2014-08-14,89.76000213623047,90.0,89.63999938964844,89.98999786376953,68.9870834350586,571300,0.0
2014-08-15,90.30999755859375,90.30999755859375,89.25,89.81999969482422,68.85676574707031,1011200,0.0
2014-08-18,90.30999755859375,90.5199966430664,90.19999694824219,90.4800033569336,69.36273956298828,433900,0.0
2014-08-19,90.69000244140625,90.94999694824219,90.58000183105469,90.87000274658203,69.6617202758789,414400,0.0
2014-08-20,90.77999877929688,91.20999908447266,90.7300033569336,91.11000061035156,69.84573364257812,361100,0.0
2014-08-21,91.23999786376953,91.72000122070312,91.20999908447266,91.58999633789062,70.21368408203125,333800,0.0
2014-08-22,91.5,91.5999984741211,91.11000061035156,91.23999786376953,69.94532012939453,387500,0.0
2014-08-25,91.66999816894531,91.91000366210938,91.58999633789062,91.73999786376953,70.32865142822266,441400,0.0
2014-08-26,91.73999786376953,92.0999984741211,91.73999786376953,91.83000183105469,70.39765167236328,381000,0.0
2014-08-27,91.8499984741211,91.9800033569336,91.7300033569336,91.91999816894531,70.4666519165039,454800,0.0
2014-08-28,91.52999877929688,91.87999725341797,91.51000213623047,91.86000061035156,70.42066955566406,498600,0.0
2014-08-29,91.9800033569336,92.16999816894531,91.75,92.1500015258789,70.64293670654297,399200,0.0
2014-09-02,92.19999694824219,92.2300033569336,91.5999984741211,91.94000244140625,70.48199462890625,372500,0.0
2014-09-03,92.33000183105469,92.41999816894531,92.02999877929688,92.16000366210938,70.65065002441406,336000,0.0
2014-09-04,92.22000122070312,92.58999633789062,91.73999786376953,92.05000305175781,70.5663070678711,611000,0.0
2014-09-05,91.94000244140625,92.44999694824219,91.69000244140625,92.44000244140625,70.86529541015625,295000,0.0
2014-09-08,92.33000183105469,92.37999725341797,91.8499984741211,92.05999755859375,70.57398223876953,1065400,0.0
2014-09-09,91.95999908447266,91.95999908447266,91.2699966430664,91.47000122070312,70.1216812133789,798900,0.0
2014-09-10,91.45999908447266,91.66000366210938,91.12000274658203,91.61000061035156,70.22900390625,600000,0.0
2014-09-11,91.30000305175781,91.81999969482422,91.2300033569336,91.81999969482422,70.38999938964844,323000,0.0
2014-09-12,91.69999694824219,91.76000213623047,90.9800033569336,91.26000213623047,69.96066284179688,387100,0.0
2014-09-15,91.2699966430664,91.56999969482422,91.04000091552734,91.43000030517578,70.09101867675781,361600,0.0
2014-09-16,91.25,92.30999755859375,91.25,92.08999633789062,70.59696960449219,351100,0.0
2014-09-17,92.22000122070312,92.61000061035156,91.77999877929688,92.19999694824219,70.68128967285156,821500,0.0
2014-09-18,92.4000015258789,92.6500015258789,92.31999969482422,92.54000091552734,70.94196319580078,562800,0.0
2014-09-19,92.9000015258789,92.95999908447266,92.4000015258789,92.58999633789062,70.98028564453125,505100,0.0
2014-09-22,92.33000183105469,92.4000015258789,91.7699966430664,91.9000015258789,70.4513168334961,595000,0.0
2014-09-23,91.55000305175781,91.88999938964844,91.23999786376953,91.26000213623047,69.96066284179688,488700,0.0
2014-09-24,90.77999877929688,91.37999725341797,90.51000213623047,91.31999969482422,70.39546203613281,502300,0.504
2014-09-25,91.12999725341797,91.19000244140625,89.94999694824219,90.0,69.37794494628906,631900,0.0
2014-09-26,90.05000305175781,90.76000213623047,89.86000061035156,90.52999877929688,69.78648376464844,474300,0.0
2014-09-29,89.91000366210938,90.47000122070312,89.76000213623047,90.30000305175781,69.60918426513672,652500,0.0
2014-09-30,90.38999938964844,90.62000274658203,89.86000061035156,90.06999969482422,69.43186950683594,700900,0.0
2014-10-01,89.9800033569336,90.0,88.83000183105469,88.95999908447266,68.57623291015625,1901600,0.0
2014-10-02,88.87000274658203,89.2699966430664,88.13999938964844,88.97000122070312,68.58390808105469,1165700,0.0
2014-10-03,89.54000091552734,90.05000305175781,89.25,89.9000015258789,69.30084228515625,731800,0.0
2014-10-06,90.2699966430664,90.45999908447266,89.55000305175781,89.87000274658203,69.27769470214844,648200,0.0
2014-10-07,89.5,89.6500015258789,88.47000122070312,88.47000122070312,68.19847869873047,953300,0.0
2014-10-08,88.55000305175781,90.0199966430664,88.12000274658203,89.94999694824219,69.33937072753906,995900,0.0
2014-10-09,89.75,89.88999938964844,88.04000091552734,88.08999633789062,67.90555572509766,1608900,0.0
2014-10-10,88.0,88.61000061035156,87.36000061035156,87.37999725341797,67.35828399658203,1540100,0.0
2014-10-13,87.3499984741211,87.72000122070312,86.11000061035156,86.12999725341797,66.39466094970703,1429000,0.0
2014-10-14,86.56999969482422,87.23999786376953,85.95999908447266,86.27999877929688,66.51029968261719,2006000,0.0
2014-10-15,85.29000091552734,85.75,83.47000122070312,85.43000030517578,65.85504150390625,2453100,0.0
2014-10-16,84.30000305175781,86.0199966430664,83.94999694824219,85.43000030517578,65.85504150390625,1686500,0.0
2014-10-17,86.30000305175781,86.93000030517578,86.01000213623047,86.43000030517578,66.62593078613281,1637400,0.0
2014-10-20,86.18000030517578,87.12999725341797,86.18000030517578,87.08999633789062,67.13468933105469,1060600,0.0
2014-10-21,87.55999755859375,88.7300033569336,87.52999877929688,88.62000274658203,68.31412506103516,1131100,0.0
2014-10-22,88.83000183105469,89.0999984741211,88.05999755859375,88.11000061035156,67.92095947265625,747300,0.0
2014-10-23,88.91000366210938,89.41000366210938,88.66999816894531,88.83000183105469,68.47599792480469,882900,0.0
2014-10-24,89.0,89.5199966430664,88.62000274658203,89.45999908447266,68.96163177490234,849600,0.0
2014-10-27,89.12999725341797,89.47000122070312,88.87999725341797,89.29000091552734,68.83057403564453,490100,0.0
2014-10-28,89.5999984741211,90.26000213623047,89.4800033569336,90.23999786376953,69.56290435791016,657000,0.0
2014-10-29,90.41000366210938,90.69000244140625,89.56999969482422,90.2300033569336,69.55520629882812,996000,0.0
2014-10-30,89.87999725341797,90.93000030517578,89.80999755859375,90.69000244140625,69.90980529785156,800000,0.0
2014-10-31,91.66000366210938,91.77999877929688,91.16999816894531,91.68000030517578,70.67298126220703,749500,0.0
2014-11-03,91.75,92.0199966430664,91.44999694824219,91.62999725341797,70.63440704345703,739100,0.0
2014-11-04,91.43000030517578,91.61000061035156,90.97000122070312,91.41999816894531,70.47254943847656,448500,0.0
2014-11-05,91.98999786376953,92.19999694824219,91.69000244140625,92.19999694824219,71.07381439208984,474000,0.0
2014-11-06,92.1500015258789,92.54000091552734,91.75,92.52999877929688,71.32818603515625,411000,0.0
2014-11-07,92.5,92.80999755859375,92.33000183105469,92.72000122070312,71.47465515136719,467400,0.0
2014-11-10,92.80999755859375,92.95999908447266,92.5999984741211,92.93000030517578,71.63655090332031,513100,0.0
2014-11-11,92.95999908447266,93.05999755859375,92.81999969482422,92.9800033569336,71.67510223388672,883000,0.0
2014-11-12,92.56999969482422,92.86000061035156,92.5199966430664,92.7699966430664,71.51321411132812,629200,0.0
2014-11-13,92.83999633789062,93.05999755859375,92.36000061035156,92.76000213623047,71.50550079345703,839000,0.0
2014-11-14,92.77999877929688,92.97000122070312,92.6500015258789,92.83999633789062,71.56715393066406,443000,0.0
2014-11-17,92.69999694824219,93.18000030517578,92.63999938964844,93.12000274658203,71.78302001953125,346500,0.0
2014-11-18,93.19000244140625,93.70999908447266,93.16999816894531,93.52999877929688,72.09904479980469,363500,0.0
2014-11-19,93.44999694824219,93.55999755859375,93.02999877929688,93.43000030517578,72.02197265625,352900,0.0
2014-11-20,93.0199966430664,93.62000274658203,92.98999786376953,93.62000274658203,72.16847229003906,385200,0.0
2014-11-21,94.54000091552734,94.58000183105469,93.8499984741211,94.1500015258789,72.57701873779297,375900,0.0
2014-11-24,94.36000061035156,94.45999908447266,94.08999633789062,94.25,72.65410614013672,397200,0.0
2014-11-25,94.33000183105469,94.37000274658203,93.87000274658203,94.11000061035156,72.54619598388672,517900,0.0
2014-11-26,94.08000183105469,94.30000305175781,94.01000213623047,94.2699966430664,72.66952514648438,320400,0.0
2014-11-28,93.9800033569336,94.16000366210938,93.69999694824219,93.8499984741211,72.34575653076172,272100,0.0
2014-12-01,93.44999694824219,93.69000244140625,93.20999908447266,93.5,72.07593536376953,1085400,0.0
2014-12-02,93.4800033569336,94.29000091552734,93.4800033569336,94.18000030517578,72.60015106201172,427400,0.0
2014-12-03,94.2300033569336,94.66000366210938,94.16999816894531,94.54000091552734,72.87763977050781,460200,0.0
2014-12-04,94.37000274658203,94.56999969482422,93.8499984741211,94.3499984741211,72.73116302490234,912200,0.0
2014-12-05,94.44000244140625,94.73999786376953,94.36000061035156,94.52999877929688,72.86993408203125,461100,0.0
2014-12-08,94.31999969482422,94.55999755859375,93.66000366210938,93.94999694824219,72.42279815673828,613900,0.0
2014-12-09,92.94999694824219,93.80999755859375,92.80000305175781,93.73999786376953,72.26094818115234,608500,0.0
2014-12-10,93.5,93.5,92.12999725341797,92.2699966430664,71.1278076171875,1032100,0.0
2014-12-11,92.56999969482422,93.62000274658203,92.48999786376953,92.69000244140625,71.45155334472656,689900,0.0
2014-12-12,92.01000213623047,92.41000366210938,90.98999786376953,91.02999877929688,70.17192077636719,894400,0.0
2014-12-15,91.56999969482422,91.76000213623047,90.08999633789062,90.44000244140625,69.71707916259766,1574000,0.0
2014-12-16,90.04000091552734,91.97000122070312,89.94000244140625,89.9800033569336,69.36248779296875,1814000,0.0
2014-12-17,90.30999755859375,91.97000122070312,90.19000244140625,91.80000305175781,70.76547241210938,1916700,0.0
2014-12-18,93.16000366210938,94.05000305175781,92.63999938964844,94.05000305175781,72.49994659423828,1045400,0.0
2014-12-19,94.22000122070312,94.83999633789062,94.05999755859375,94.56999969482422,72.9007797241211,1389300,0.0
2014-12-22,94.62000274658203,94.9000015258789,94.41999816894531,94.9000015258789,73.1551742553711,705200,0.0
2014-12-23,95.25,95.63999938964844,95.19000244140625,95.4000015258789,73.54058074951172,753100,0.0
2014-12-24,94.98999786376953,95.08000183105469,94.72000122070312,94.79000091552734,73.50878143310547,165800,0.569
2014-12-26,95.0999984741211,95.20999908447266,94.91999816894531,94.94000244140625,73.62513732910156,251600,0.0
2014-12-29,94.94000244140625,95.30000305175781,94.81999969482422,95.06999969482422,73.72592163085938,258200,0.0
2014-12-30,94.93000030517578,94.94000244140625,94.69999694824219,94.75,73.4777603149414,359500,0.0
2014-12-31,94.93000030517578,94.93000030517578,93.70999908447266,93.7699966430664,72.71781158447266,523500,0.0
2015-01-02,93.97000122070312,94.26000213623047,93.20999908447266,93.7300033569336,72.68677520751953,1778700,0.0
2015-01-05,93.19000244140625,93.23999786376953,91.61000061035156,91.80000305175781,71.19005584716797,1407900,0.0
2015-01-06,92.02999877929688,92.22000122070312,90.51000213623047,90.94999694824219,70.53091430664062,1066500,0.0
2015-01-07,91.52999877929688,92.06999969482422,91.27999877929688,91.86000061035156,71.23658752441406,1053300,0.0
2015-01-08,92.55000305175781,93.55000305175781,92.41999816894531,93.4800033569336,72.4928970336914,542100,0.0
2015-01-09,93.55999755859375,93.5999984741211,92.30000305175781,92.52999877929688,71.75617218017578,744200,0.0
2015-01-12,92.6500015258789,92.6500015258789,91.44999694824219,91.76000213623047,71.15906524658203,489500,0.0
2015-01-13,92.44000244140625,92.87999725341797,90.69999694824219,91.37999725341797,70.86436462402344,971200,0.0
2015-01-14,90.19999694824219,90.79000091552734,89.4800033569336,90.7300033569336,70.36031341552734,1333100,0.0
2015-01-15,90.86000061035156,91.19000244140625,89.9000015258789,89.94999694824219,69.75543212890625,1204200,0.0
2015-01-16,89.69000244140625,91.25,89.69000244140625,91.13999938964844,70.67825317382812,914100,0.0
2015-01-20,91.5,91.55999755859375,90.4800033569336,91.22000122070312,70.74027252197266,620000,0.0
2015-01-21,91.04000091552734,91.91000366210938,90.76000213623047,91.72000122070312,71.12803649902344,705900,0.0
2015-01-22,92.05999755859375,93.05000305175781,91.44000244140625,93.02999877929688,72.14393615722656,691000,0.0
2015-01-23,92.75,92.87999725341797,92.1500015258789,92.18000030517578,71.4847640991211,498500,0.0
2015-01-26,92.05999755859375,92.52999877929688,91.69000244140625,92.4800033569336,71.71739196777344,2059500,0.0
2015-01-27,91.55999755859375,92.08999633789062,91.16000366210938,91.62000274658203,71.05049133300781,503800,0.0
2015-01-28,92.0199966430664,92.0199966430664,89.91000366210938,89.98999786376953,69.78643035888672,706400,0.0
2015-01-29,90.05999755859375,90.9000015258789,89.23999786376953,90.7699966430664,70.39131927490234,716000,0.0
2015-01-30,89.94999694824219,90.80999755859375,89.5,89.56999969482422,69.46073150634766,1192500,0.0
2015-02-02,89.86000061035156,91.12000274658203,89.25,91.05999755859375,70.61618041992188,1875100,0.0
2015-02-03,91.58999633789062,92.76000213623047,91.58999633789062,92.73999786376953,71.91903686523438,1259000,0.0
2015-02-04,92.37000274658203,92.87000274658203,92.0199966430664,92.23999786376953,71.53126525878906,558900,0.0
2015-02-05,92.56999969482422,93.20999908447266,92.51000213623047,93.16000366210938,72.24474334716797,435000,0.0
2015-02-06,93.43000030517578,93.94999694824219,92.98999786376953,93.22000122070312,72.2912826538086,433800,0.0
2015-02-09,92.83000183105469,93.33999633789062,92.6500015258789,92.87999725341797,72.02759552001953,347800,0.0
2015-02-10,93.30999755859375,93.75,92.83000183105469,93.62000274658203,72.60147094726562,343100,0.0
2015-02-11,93.47000122070312,93.75,93.0199966430664,93.4800033569336,72.4928970336914,1070500,0.0
2015-02-12,93.9000015258789,94.41000366210938,93.8499984741211,94.36000061035156,73.17535400390625,788700,0.0
2015-02-13,94.44000244140625,94.80000305175781,94.30999755859375,94.69999694824219,73.43898010253906,397000,0.0
2015-02-17,94.52999877929688,94.91000366210938,94.30999755859375,94.87000274658203,73.57083892822266,375500,0.0
2015-02-18,94.54000091552734,94.77999877929688,94.41999816894531,94.62999725341797,73.38470458984375,479600,0.0
2015-02-19,94.30999755859375,94.62999725341797,94.02999877929688,94.4000015258789,73.20636749267578,415900,0.0
2015-02-20,94.2300033569336,94.87000274658203,93.69999694824219,94.86000061035156,73.56306457519531,550300,0.0
2015-02-23,94.58999633789062,94.66000366210938,94.36000061035156,94.63999938964844,73.39246368408203,310700,0.0
2015-02-24,94.6500015258789,95.25,94.62999725341797,95.16999816894531,73.80347442626953,359300,0.0
2015-02-25,95.08999633789062,95.25,94.86000061035156,95.04000091552734,73.70266723632812,305800,0.0
2015-02-26,95.02999877929688,95.02999877929688,94.37999725341797,94.72000122070312,73.45452117919922,307500,0.0
2015-02-27,94.62999725341797,94.81999969482422,94.45999908447266,94.4800033569336,73.26838684082031,670300,0.0
2015-03-02,94.44000244140625,94.80999755859375,94.30999755859375,94.77999877929688,73.50105285644531,495100,0.0
2015-03-03,94.62000274658203,94.77999877929688,94.16000366210938,94.52999877929688,73.30716705322266,383100,0.0
2015-03-04,94.16999816894531,94.25,93.58000183105469,94.02999877929688,72.91938781738281,387100,0.0
2015-03-05,94.23999786376953,94.25,93.9000015258789,94.16999816894531,73.02799224853516,355400,0.0
2015-03-06,93.7699966430664,93.98999786376953,92.68000030517578,92.86000061035156,72.01209259033203,621800,0.0
2015-03-09,93.04000091552734,93.41999816894531,92.97000122070312,93.18000030517578,72.26026153564453,340000,0.0
2015-03-10,92.48999786376953,92.48999786376953,91.66000366210938,91.68000030517578,71.09701538085938,1344700,0.0
2015-03-11,91.9000015258789,91.95999908447266,91.51000213623047,91.6500015258789,71.07373809814453,1255700,0.0
2015-03-12,92.12000274658203,92.88999938964844,92.12000274658203,92.8499984741211,72.00433349609375,1647900,0.0
2015-03-13,92.69000244140625,92.69000244140625,91.56999969482422,92.22000122070312,71.5157699584961,1187700,0.0
2015-03-16,92.54000091552734,93.45999908447266,92.54000091552734,93.41000366210938,72.43864440917969,701100,0.0
2015-03-17,92.98999786376953,93.19999694824219,92.58999633789062,92.9800033569336,72.10516357421875,691400,0.0
2015-03-18,92.73999786376953,94.55000305175781,92.5199966430664,94.20999908447266,73.05899047851562,760600,0.0
2015-03-19,93.76000213623047,93.86000061035156,93.16999816894531,93.37000274658203,72.4075927734375,408500,0.0
2015-03-20,93.69000244140625,94.51000213623047,93.69000244140625,94.25,73.08999633789062,1265600,0.0
2015-03-23,94.26000213623047,94.73999786376953,94.19999694824219,94.20999908447266,73.05899047851562,751400,0.0
2015-03-24,94.19000244140625,94.19000244140625,93.4800033569336,93.5,72.50841522216797,864700,0.0
2015-03-25,93.16999816894531,93.27999877929688,92.04000091552734,92.04000091552734,71.7916030883789,720300,0.541
2015-03-26,91.83000183105469,92.25,91.43000030517578,91.80999755859375,71.61214447021484,640900,0.0
2015-03-27,91.83000183105469,92.01000213623047,91.61000061035156,91.87999725341797,71.66676330566406,466600,0.0
2015-03-30,92.4800033569336,93.44000244140625,92.4800033569336,93.22000122070312,72.71200561523438,477200,0.0
2015-03-31,92.80999755859375,93.0999984741211,92.43000030517578,92.55999755859375,72.19718933105469,650100,0.0
2015-04-01,92.5199966430664,92.5199966430664,91.83000183105469,92.2699966430664,71.97099304199219,928300,0.0
2015-04-02,92.18000030517578,92.88999938964844,92.16999816894531,92.58999633789062,72.22058868408203,692000,0.0
2015-04-06,92.22000122070312,93.6500015258789,92.19999694824219,93.33000183105469,72.79779052734375,730500,0.0
2015-04-07,93.36000061035156,93.58999633789062,93.02999877929688,93.02999877929688,72.56380462646484,537400,0.0
2015-04-08,92.98999786376953,93.48999786376953,92.83000183105469,93.13999938964844,72.64960479736328,797300,0.0
2015-04-09,93.1500015258789,93.81999969482422,92.87000274658203,93.66999816894531,73.06299591064453,751700,0.0
2015-04-10,93.94999694824219,94.31999969482422,93.8499984741211,94.30000305175781,73.5544204711914,601500,0.0
2015-04-13,94.23999786376953,94.41999816894531,93.87000274658203,93.88999938964844,73.23456573486328,569700,0.0
2015-04-14,93.88999938964844,94.3499984741211,93.62999725341797,94.22000122070312,73.49201965332031,568500,0.0
2015-04-15,94.52999877929688,95.08000183105469,94.44000244140625,94.80000305175781,73.94438934326172,372200,0.0
2015-04-16,94.6500015258789,95.0,94.4000015258789,94.6500015258789,73.8274154663086,430900,0.0
2015-04-17,94.19999694824219,94.19999694824219,93.19000244140625,93.5999984741211,73.00839233398438,1139100,0.0
2015-04-20,94.02999877929688,94.61000061035156,94.02999877929688,94.2699966430664,73.53099822998047,483400,0.0
2015-04-21,94.44999694824219,94.63999938964844,93.66999816894531,93.8499984741211,73.20340728759766,430800,0.0
2015-04-22,94.05000305175781,94.43000030517578,93.55000305175781,94.2699966430664,73.53099822998047,539800,0.0
2015-04-23,94.1500015258789,94.91000366210938,94.12000274658203,94.5999984741211,73.7884292602539,794500,0.0
2015-04-24,94.5999984741211,94.5999984741211,94.33999633789062,94.5,73.71038818359375,318200,0.0
2015-04-27,94.69000244140625,94.80999755859375,94.08000183105469,94.16999816894531,73.45298767089844,446500,0.0
2015-04-28,94.16000366210938,94.68000030517578,93.72000122070312,94.66999816894531,73.84300231933594,493400,0.0
2015-04-29,94.26000213623047,94.8499984741211,94.16999816894531,94.58000183105469,73.7728042602539,561100,0.0
2015-04-30,94.37999725341797,94.55000305175781,93.55999755859375,93.88999938964844,73.23456573486328,710800,0.0
2015-05-01,94.26000213623047,94.72000122070312,94.12999725341797,94.66000366210938,73.8351821899414,592800,0.0
2015-05-04,94.9000015258789,95.27999877929688,94.8499984741211,95.13999938964844,74.2095947265625,512000,0.0
2015-05-05,95.0,95.30000305175781,94.08999633789062,94.12000274658203,73.41401672363281,633200,0.0
2015-05-06,94.54000091552734,94.69999694824219,93.26000213623047,93.83000183105469,73.18779754638672,566400,0.0
2015-05-07,93.73999786376953,94.20999908447266,93.43000030517578,93.9800033569336,73.30479431152344,442800,0.0
2015-05-08,94.91000366210938,95.22000122070312,94.73999786376953,95.16000366210938,74.22520446777344,371600,0.0
2015-05-11,95.20999908447266,95.22000122070312,94.62999725341797,94.6500015258789,73.8274154663086,802400,0.0
2015-05-12,94.31999969482422,94.66000366210938,93.93000030517578,94.41999816894531,73.64797973632812,527000,0.0
2015-05-13,94.63999938964844,94.86000061035156,94.31999969482422,94.4800033569336,73.69480895996094,689400,0.0
2015-05-14,94.86000061035156,95.22000122070312,94.86000061035156,95.18000030517578,74.24079895019531,469600,0.0
2015-05-15,95.20999908447266,95.30999755859375,95.0,95.30999755859375,74.34217834472656,365300,0.0
2015-05-18,95.18000030517578,95.6500015258789,95.18000030517578,95.5199966430664,74.5060043334961,398100,0.0
2015-05-19,95.5,95.69000244140625,95.2699966430664,95.52999877929688,74.51380920410156,542000,0.0
2015-05-20,95.5999984741211,95.86000061035156,95.37000274658203,95.55000305175781,74.52940368652344,500100,0.0
2015-05-21,95.4800033569336,95.91999816894531,95.38999938964844,95.83999633789062,74.75559997558594,521400,0.0
2015-05-22,95.62000274658203,95.75,95.5,95.5199966430664,74.5060043334961,354500,0.0
2015-05-26,95.22000122070312,95.22000122070312,94.33000183105469,94.56999969482422,73.7649917602539,604700,0.0
2015-05-27,94.72000122070312,95.30000305175781,94.56999969482422,95.13999938964844,74.2095947265625,549700,0.0
2015-05-28,95.0,95.1500015258789,94.66000366210938,95.08999633789062,74.17060089111328,355900,0.0
2015-05-29,95.08000183105469,95.11000061035156,94.41000366210938,94.55000305175781,73.74938201904297,623100,0.0
2015-06-01,94.91999816894531,95.01000213623047,94.36000061035156,94.62000274658203,73.80402374267578,828500,0.0
2015-06-02,94.43000030517578,94.9800033569336,94.20999908447266,94.63999938964844,73.81959533691406,578900,0.0
2015-06-03,94.95999908447266,95.31999969482422,94.63999938964844,94.97000122070312,74.07699584960938,557300,0.0
2015-06-04,94.72000122070312,94.83000183105469,93.9800033569336,94.12000274658203,73.41401672363281,642000,0.0
2015-06-05,94.0199966430664,94.48999786376953,93.80999755859375,94.02999877929688,73.3437728881836,518600,0.0
2015-06-08,94.04000091552734,94.11000061035156,93.58000183105469,93.62999725341797,73.03179168701172,493300,0.0
2015-06-09,93.70999908447266,94.05999755859375,93.4800033569336,93.72000122070312,73.10198974609375,432000,0.0
2015-06-10,94.2300033569336,95.08999633789062,94.2300033569336,94.83999633789062,73.97559356689453,1122200,0.0
2015-06-11,95.06999969482422,95.26000213623047,94.88999938964844,95.08000183105469,74.16279602050781,350700,0.0
2015-06-12,94.6500015258789,94.73999786376953,94.25,94.41999816894531,73.64797973632812,516700,0.0
2015-06-15,93.7699966430664,94.12000274658203,93.47000122070312,93.94999694824219,73.28138732910156,764100,0.0
2015-06-16,93.88999938964844,94.4800033569336,93.73999786376953,94.4800033569336,73.69480895996094,773700,0.0
2015-06-17,94.62999725341797,94.87000274658203,94.0199966430664,94.52999877929688,73.7337875366211,763300,0.0
2015-06-18,94.79000091552734,95.56999969482422,94.79000091552734,95.33000183105469,74.3577880859375,715900,0.0
2015-06-19,95.0999984741211,95.25,94.68000030517578,94.79000091552734,73.93658447265625,2305300,0.0
2015-06-22,95.27999877929688,95.54000091552734,95.13999938964844,95.23999786376953,74.2876205444336,547700,0.0
2015-06-23,95.30000305175781,95.61000061035156,95.20999908447266,95.43000030517578,74.43582153320312,494500,0.0
2015-06-24,94.7300033569336,94.8499984741211,94.18000030517578,94.19000244140625,73.85167694091797,559700,0.495
2015-06-25,94.47000122070312,94.47000122070312,93.75,93.75,73.50666046142578,438300,0.0
2015-06-26,93.91000366210938,94.08000183105469,93.6500015258789,93.91999816894531,73.63996887207031,553800,0.0
2015-06-29,93.0199966430664,93.41000366210938,92.04000091552734,92.05999755859375,72.18160247802734,1062600,0.0
2015-06-30,92.9800033569336,93.0999984741211,91.91999816894531,92.20999908447266,72.29917907714844,1061900,0.0
2015-07-01,93.08999633789062,93.11000061035156,92.4800033569336,92.8499984741211,72.80101013183594,675000,0.0
2015-07-02,93.16999816894531,93.23999786376953,92.55000305175781,92.7300033569336,72.70693969726562,622800,0.0
2015-07-06,92.08000183105469,92.75,91.86000061035156,92.33999633789062,72.40110778808594,458400,0.0
2015-07-07,92.47000122070312,93.02999877929688,91.19999694824219,92.94000244140625,72.87157440185547,1146100,0.0
2015-07-08,92.22000122070312,92.33000183105469,91.2300033569336,91.37999725341797,71.6484375,699400,0.0
2015-07-09,92.29000091552734,92.72000122070312,91.62000274658203,91.66000366210938,71.86796569824219,655200,0.0
2015-07-10,92.56999969482422,92.8499984741211,92.27999877929688,92.6500015258789,72.6441879272461,416700,0.0
2015-07-13,93.2300033569336,93.56999969482422,93.2300033569336,93.5,73.31065368652344,289400,0.0
2015-07-14,93.38999938964844,94.01000213623047,93.38999938964844,93.88999938964844,73.61644744873047,203400,0.0
2015-07-15,93.9000015258789,94.0199966430664,93.5199966430664,93.80000305175781,73.54586029052734,286400,0.0
2015-07-16,94.26000213623047,94.4000015258789,94.18000030517578,94.36000061035156,73.98497772216797,301600,0.0
2015-07-17,94.19999694824219,94.19999694824219,93.79000091552734,93.97000122070312,73.67916107177734,331100,0.0
2015-07-20,94.1500015258789,94.1500015258789,93.7300033569336,93.8499984741211,73.5850830078125,245700,0.0
2015-07-21,93.66000366210938,93.77999877929688,93.13999938964844,93.30000305175781,73.15384674072266,328100,0.0
2015-07-22,93.2300033569336,93.4800033569336,93.16000366210938,93.3499984741211,73.19306182861328,284700,0.0
2015-07-23,93.51000213623047,93.51000213623047,92.63999938964844,92.75,72.72259521484375,635300,0.0
2015-07-24,92.75,92.75,91.45999908447266,91.6500015258789,71.86012268066406,358800,0.0
2015-07-27,91.12000274658203,91.37999725341797,90.7300033569336,91.08000183105469,71.41320037841797,787000,0.0
2015-07-28,91.58999633789062,92.30000305175781,91.11000061035156,92.20999908447266,72.29917907714844,378300,0.0
2015-07-29,92.16999816894531,93.11000061035156,92.16999816894531,93.0199966430664,72.93431091308594,547800,0.0
2015-07-30,92.81999969482422,93.04000091552734,92.5,92.95999908447266,72.88725280761719,455100,0.0
2015-07-31,93.12000274658203,93.13999938964844,92.5199966430664,92.62000274658203,72.62068939208984,459300,0.0
2015-08-03,92.52999877929688,92.56999969482422,91.75,92.19999694824219,72.29138946533203,457500,0.0
2015-08-04,92.2300033569336,92.41999816894531,91.7699966430664,91.97000122070312,72.11103820800781,422700,0.0
2015-08-05,92.5,92.94000244140625,92.12999725341797,92.29000091552734,72.36194610595703,670400,0.0
2015-08-06,92.33000183105469,92.38999938964844,91.68000030517578,92.01000213623047,72.14238739013672,390100,0.0
2015-08-07,91.91000366210938,91.9800033569336,91.30999755859375,91.58999633789062,71.81305694580078,292500,0.0
2015-08-10,92.06999969482422,92.93000030517578,92.06999969482422,92.91000366210938,72.8480453491211,366900,0.0
2015-08-11,92.18000030517578,92.26000213623047,91.66999816894531,92.0999984741211,72.21295166015625,376800,0.0
2015-08-12,91.48999786376953,92.25,90.69999694824219,92.16000366210938,72.26002502441406,426100,0.0
2015-08-13,92.1500015258789,92.2699966430664,91.76000213623047,91.94999694824219,72.09534454345703,260200,0.0
2015-08-14,91.87000274658203,92.3499984741211,91.87000274658203,92.31999969482422,72.38543701171875,359600,0.0
2015-08-17,91.98999786376953,92.6500015258789,91.70999908447266,92.6500015258789,72.6441879272461,324300,0.0
2015-08-18,92.52999877929688,92.68000030517578,92.29000091552734,92.41999816894531,72.46385955810547,265900,0.0
2015-08-19,92.13999938964844,92.2699966430664,91.12999725341797,91.55999755859375,71.78953552246094,673900,0.0
2015-08-20,90.93000030517578,91.01000213623047,89.75,89.75,70.37039947509766,1121900,0.0
2015-08-21,88.87999725341797,89.33000183105469,87.19000244140625,87.19999694824219,68.37100982666016,2109500,0.0
2015-08-24,82.08000183105469,86.12000274658203,72.55000305175781,83.58999633789062,65.54051208496094,3026500,0.0
2015-08-25,84.41999816894531,86.43000030517578,82.16999816894531,82.20999908447266,64.45848083496094,1663500,0.0
2015-08-26,84.1500015258789,85.2699966430664,82.70999908447266,85.18000030517578,66.78717803955078,3032200,0.0
2015-08-27,86.02999877929688,87.44999694824219,85.69000244140625,87.3499984741211,68.4886245727539,2206700,0.0
2015-08-28,87.05000305175781,87.63999938964844,86.87000274658203,87.45999908447266,68.57486724853516,997800,0.0
2015-08-31,86.97000122070312,87.41000366210938,86.4000015258789,87.0199966430664,68.22987365722656,809600,0.0
2015-09-01,86.1500015258789,86.1500015258789,83.9000015258789,84.37000274658203,66.1520767211914,1961600,0.0
2015-09-02,85.68000030517578,85.69999694824219,84.5,85.66999816894531,67.17137908935547,1307600,0.0
2015-09-03,86.0999984741211,87.01000213623047,85.51000213623047,85.95999908447266,67.3987808227539,1128200,0.0
2015-09-04,85.11000061035156,85.11000061035156,84.12999725341797,84.54000091552734,66.2853775024414,847700,0.0
2015-09-08,85.94999694824219,86.69999694824219,85.6500015258789,86.66999816894531,67.95545959472656,747000,0.0
2015-09-09,87.5,87.55999755859375,85.2699966430664,85.43000030517578,66.98320770263672,705800,0.0
2015-09-10,85.41999816894531,86.36000061035156,85.1500015258789,85.79000091552734,67.2654800415039,934400,0.0
2015-09-11,85.55000305175781,86.08000183105469,85.20999908447266,86.08000183105469,67.49286651611328,560800,0.0
2015-09-14,86.05999755859375,86.05999755859375,85.4800033569336,85.72000122070312,67.2105712890625,520300,0.0
2015-09-15,86.01000213623047,87.08000183105469,85.91000366210938,86.87999725341797,68.1201171875,724600,0.0
2015-09-16,87.12999725341797,87.83999633789062,86.94999694824219,87.72000122070312,68.77873229980469,602400,0.0
2015-09-17,87.62999725341797,88.66000366210938,87.08000183105469,87.25,68.41020202636719,1069900,0.0
2015-09-18,86.12000274658203,86.4800033569336,85.37000274658203,85.61000061035156,67.12435150146484,701700,0.0
2015-09-21,86.08999633789062,86.54000091552734,85.70999908447266,86.12999725341797,67.53204345703125,877200,0.0
2015-09-22,85.12000274658203,85.23999786376953,84.51000213623047,85.0,66.64603424072266,647900,0.0
2015-09-23,85.16000366210938,85.33999633789062,84.52999877929688,84.80999755859375,66.4970932006836,660400,0.0
2015-09-24,84.19999694824219,84.80000305175781,83.5999984741211,84.55999755859375,66.30106353759766,1050500,0.0
2015-09-25,84.77999877929688,85.01000213623047,83.91999816894531,84.33999633789062,66.55277252197266,1335200,0.539
2015-09-28,83.87000274658203,83.87000274658203,82.29000091552734,82.38999938964844,65.01404571533203,1341100,0.0
2015-09-29,82.5999984741211,82.9800033569336,82.18000030517578,82.61000061035156,65.18765258789062,1997300,0.0
2015-09-30,83.5999984741211,84.11000061035156,83.16000366210938,84.02999877929688,66.30816650390625,1029800,0.0
2015-10-01,84.30999755859375,84.5,83.16999816894531,84.05000305175781,66.32396697998047,1055000,0.0
2015-10-02,83.12000274658203,85.20999908447266,82.7300033569336,85.18000030517578,67.21562194824219,1202100,0.0
2015-10-05,85.83999633789062,87.12999725341797,85.83999633789062,87.01000213623047,68.65966796875,1089000,0.0
2015-10-06,86.98999786376953,87.36000061035156,86.72000122070312,86.98999786376953,68.64390563964844,685900,0.0
2015-10-07,87.52999877929688,87.9800033569336,86.93000030517578,87.73999786376953,69.23571014404297,718000,0.0
2015-10-08,87.54000091552734,88.77999877929688,87.44000244140625,88.62000274658203,69.9301528930664,858900,0.0
2015-10-09,88.80999755859375,88.93000030517578,88.16999816894531,88.44999694824219,69.7959976196289,1250000,0.0
2015-10-12,88.5,88.5,88.16999816894531,88.44999694824219,69.7959976196289,522500,0.0
2015-10-13,88.0199966430664,88.63999938964844,87.81999969482422,87.9000015258789,69.36198425292969,480200,0.0
2015-10-14,87.87000274658203,88.0999984741211,87.26000213623047,87.44000244140625,68.99901580810547,460300,0.0
2015-10-15,87.69000244140625,88.79000091552734,87.52999877929688,88.79000091552734,70.06430053710938,496700,0.0
2015-10-16,89.0199966430664,89.16999816894531,88.55000305175781,89.12999725341797,70.33258819580078,457800,0.0
2015-10-19,88.7300033569336,88.93000030517578,88.58000183105469,88.8499984741211,70.11162567138672,290600,0.0
2015-10-20,88.73999786376953,89.23999786376953,88.62999725341797,88.94000244140625,70.1826400756836,786600,0.0
2015-10-21,89.13999938964844,89.27999877929688,88.31999969482422,88.4000015258789,69.75653076171875,798100,0.0
2015-10-22,88.8499984741211,90.12000274658203,88.79000091552734,89.98999786376953,71.01119995117188,554500,0.0
2015-10-23,90.51000213623047,90.5999984741211,89.97000122070312,90.47000122070312,71.38997650146484,590600,0.0
2015-10-26,90.37999725341797,90.47000122070312,89.95999908447266,90.02999877929688,71.04279327392578,859000,0.0
2015-10-27,89.69999694824219,89.80999755859375,89.29000091552734,89.61000061035156,70.71136474609375,496800,0.0
2015-10-28,89.79000091552734,90.8499984741211,89.66999816894531,90.83000183105469,71.67402648925781,837000,0.0
2015-10-29,90.56999969482422,90.80999755859375,90.33000183105469,90.63999938964844,71.52411651611328,876000,0.0
2015-10-30,90.77999877929688,90.9000015258789,90.19999694824219,90.2300033569336,71.20059967041016,463900,0.0
2015-11-02,90.36000061035156,91.61000061035156,90.36000061035156,91.4800033569336,72.18697357177734,801500,0.0
2015-11-03,91.3499984741211,92.06999969482422,91.19999694824219,91.80999755859375,72.44733428955078,640400,0.0
2015-11-04,91.97000122070312,92.0,91.16999816894531,91.38999938964844,72.11593627929688,480900,0.0
2015-11-05,91.43000030517578,91.63999938964844,90.91999816894531,91.33000183105469,72.06857299804688,714000,0.0
2015-11-06,91.26000213623047,91.48999786376953,90.62999725341797,91.4000015258789,72.12384796142578,524100,0.0
2015-11-09,91.22000122070312,91.22000122070312,90.0999984741211,90.5199966430664,71.429443359375,430300,0.0
2015-11-10,90.37999725341797,90.88999938964844,90.2300033569336,90.81999969482422,71.6661605834961,465400,0.0
2015-11-11,91.0199966430664,91.0199966430664,90.41000366210938,90.44999694824219,71.37418365478516,312500,0.0
2015-11-12,89.86000061035156,89.97000122070312,88.9800033569336,89.02999877929688,70.25366973876953,739400,0.0
2015-11-13,88.75,89.0,88.16999816894531,88.27999877929688,69.66185760498047,655000,0.0
2015-11-16,88.12000274658203,89.76000213623047,88.12000274658203,89.73999786376953,70.81389617919922,647800,0.0
2015-11-17,89.87000274658203,90.27999877929688,89.33000183105469,89.51000213623047,70.63243865966797,622200,0.0
2015-11-18,89.68000030517578,90.95999908447266,89.68000030517578,90.86000061035156,71.69770812988281,1125900,0.0
2015-11-19,90.73999786376953,90.94000244140625,90.55000305175781,90.76000213623047,71.61881256103516,506700,0.0
2015-11-20,91.13999938964844,91.31999969482422,90.6500015258789,90.81999969482422,71.6661605834961,434200,0.0
2015-11-23,90.76000213623047,91.05000305175781,90.47000122070312,90.66000366210938,71.5399169921875,1122900,0.0
2015-11-24,90.19999694824219,91.22000122070312,90.08999633789062,90.9800033569336,71.79241180419922,391500,0.0
2015-11-25,91.0199966430664,91.04000091552734,90.69999694824219,90.83000183105469,71.67402648925781,599100,0.0
2015-11-27,90.79000091552734,91.02999877929688,90.63999938964844,90.94000244140625,71.76087951660156,224700,0.0
2015-11-30,91.06999969482422,91.11000061035156,90.69000244140625,90.73999786376953,71.60301208496094,559100,0.0
2015-12-01,91.05999755859375,91.66999816894531,90.93000030517578,91.62999725341797,72.30532836914062,605400,0.0
2015-12-02,91.56999969482422,91.61000061035156,90.27999877929688,90.41999816894531,71.35053253173828,947600,0.0
2015-12-03,90.68000030517578,90.68000030517578,88.91999816894531,89.22000122070312,70.40360260009766,1341300,0.0
2015-12-04,89.4000015258789,91.02999877929688,89.33000183105469,90.88999938964844,71.72138214111328,988300,0.0
2015-12-07,90.55000305175781,90.55999755859375,89.68000030517578,90.12999725341797,71.1216812133789,633900,0.0
2015-12-08,89.33000183105469,89.80999755859375,88.87999725341797,89.18000030517578,70.37203979492188,945800,0.0
2015-12-09,88.93000030517578,90.18000030517578,88.25,88.79000091552734,70.06430053710938,1668100,0.0
2015-12-10,88.87000274658203,89.69999694824219,88.68000030517578,88.97000122070312,70.2063217163086,911000,0.0
2015-12-11,87.94999694824219,88.19999694824219,87.12000274658203,87.25,68.84908294677734,1752100,0.0
2015-12-14,87.31999969482422,87.75,86.54000091552734,87.69000244140625,69.19628143310547,2137600,0.0
2015-12-15,88.44999694824219,89.2699966430664,88.43000030517578,88.91000366210938,70.15898132324219,1137100,0.0
2015-12-16,89.37000274658203,90.29000091552734,88.80000305175781,90.12999725341797,71.1216812133789,1415600,0.0
2015-12-17,90.2699966430664,90.2699966430664,88.68000030517578,88.72000122070312,70.0090560913086,1118300,0.0
2015-12-18,88.44000244140625,88.45999908447266,87.13999938964844,87.13999938964844,68.76226806640625,1401600,0.0
2015-12-21,87.7699966430664,87.9800033569336,87.19999694824219,87.9000015258789,69.36198425292969,1059000,0.0
2015-12-22,88.33999633789062,89.02999877929688,87.87999725341797,88.8499984741211,70.11162567138672,3263100,0.0
2015-12-23,89.30999755859375,90.31999969482422,89.30999755859375,90.31999969482422,71.27159881591797,858600,0.0
2015-12-24,89.61000061035156,89.80999755859375,89.37000274658203,89.51000213623047,71.09686279296875,399400,0.59
2015-12-28,89.05000305175781,89.1500015258789,88.63999938964844,89.08999633789062,70.76325988769531,830800,0.0
2015-12-29,89.58999633789062,90.04000091552734,89.58999633789062,89.88999938964844,71.3987045288086,716300,0.0
2015-12-30,89.7699966430664,89.81999969482422,89.16999816894531,89.25,70.89033508300781,750200,0.0
2015-12-31,88.94000244140625,89.27999877929688,88.5199966430664,88.52999877929688,70.31845092773438,921800,0.0
2016-01-04,87.26000213623047,87.51000213623047,86.41999816894531,87.4800033569336,69.48446655273438,2080400,0.0
2016-01-05,87.68000030517578,87.83000183105469,87.0199966430664,87.72000122070312,69.67509460449219,1183200,0.0
2016-01-06,86.47000122070312,86.94000244140625,85.88999938964844,86.41000366210938,68.63456726074219,1947600,0.0
2016-01-07,84.9800033569336,85.75,84.19000244140625,84.44000244140625,67.06983947753906,1644600,0.0
2016-01-08,85.12000274658203,85.1500015258789,83.26000213623047,83.37000274658203,66.21990966796875,1414300,0.0
2016-01-11,83.79000091552734,83.93000030517578,82.41000366210938,83.26000213623047,66.13255310058594,2024200,0.0
2016-01-12,84.05000305175781,84.25,82.69999694824219,83.7699966430664,66.53762817382812,1098100,0.0
2016-01-13,84.20999908447266,84.41999816894531,81.75,81.98999786376953,65.12378692626953,1312600,0.0
2016-01-14,82.3499984741211,83.87000274658203,81.70999908447266,83.31999969482422,66.18018341064453,1849900,0.0
2016-01-15,81.12000274658203,81.87999725341797,80.55999755859375,81.62000274658203,64.82991790771484,1824000,0.0
2016-01-19,82.33000183105469,82.5,80.80999755859375,81.5,64.73458862304688,2202700,0.0
2016-01-20,80.0199966430664,80.98999786376953,78.41000366210938,80.2699966430664,63.75762176513672,3265000,0.0
2016-01-21,80.37999725341797,81.70999908447266,79.87000274658203,80.77999877929688,64.16270446777344,2103000,0.0
2016-01-22,82.16000366210938,82.41000366210938,81.54000091552734,82.22000122070312,65.30650329589844,1512300,0.0
2016-01-25,81.91000366210938,82.01000213623047,80.63999938964844,80.72000122070312,64.11507415771484,1122300,0.0
2016-01-26,81.11000061035156,82.27999877929688,81.11000061035156,82.19000244140625,65.28267669677734,1226500,0.0
2016-01-27,81.97000122070312,83.22000122070312,81.29000091552734,81.81999969482422,64.98876953125,1796100,0.0
2016-01-28,82.52999877929688,82.63999938964844,81.3499984741211,82.11000061035156,65.21914672851562,1219000,0.0
2016-01-29,82.51000213623047,84.16999816894531,82.5,84.1500015258789,66.83946990966797,1475800,0.0
2016-02-01,83.66000366210938,84.41000366210938,83.16999816894531,84.02999877929688,66.74417877197266,1780900,0.0
2016-02-02,82.98999786376953,83.0999984741211,82.05999755859375,82.33999633789062,65.40180969238281,1391900,0.0
2016-02-03,82.7300033569336,83.41000366210938,81.02999877929688,83.25,66.12460327148438,2077900,0.0
2016-02-04,83.04000091552734,84.19000244140625,82.94999694824219,83.66999816894531,66.45821380615234,1824600,0.0
2016-02-05,83.45999908447266,83.63999938964844,82.47000122070312,82.80000305175781,65.76719665527344,1570600,0.0
2016-02-08,81.79000091552734,82.19999694824219,80.91000366210938,81.93000030517578,65.07616424560547,2516200,0.0
2016-02-09,81.0,82.2300033569336,80.9000015258789,81.61000061035156,64.82196807861328,1929800,0.0
2016-02-10,81.94999694824219,82.61000061035156,81.25,81.29000091552734,64.56778717041016,1977000,0.0
2016-02-11,79.94000244140625,80.55999755859375,79.22000122070312,79.97000122070312,63.51935577392578,3143300,0.0
2016-02-12,80.87999725341797,81.91000366210938,80.5999984741211,81.88999938964844,65.04437255859375,1398700,0.0
2016-02-16,82.7699966430664,83.19000244140625,82.25,83.08999633789062,65.99752807617188,1078600,0.0
2016-02-17,83.80999755859375,84.62999725341797,83.66000366210938,84.43000030517578,67.0618667602539,1257800,0.0
2016-02-18,84.55999755859375,84.56999969482422,83.94000244140625,84.2699966430664,66.9347915649414,1085000,0.0
2016-02-19,83.88999938964844,84.06999969482422,83.4000015258789,84.06999969482422,66.77592468261719,724400,0.0
2016-02-22,84.8499984741211,85.36000061035156,84.81999969482422,85.30999755859375,67.7608413696289,716900,0.0
2016-02-23,84.97000122070312,85.0,84.05000305175781,84.18000030517578,66.86328125,913500,0.0
2016-02-24,83.38999938964844,84.61000061035156,82.81999969482422,84.5,67.11750030517578,1467200,0.0
2016-02-25,84.66999816894531,85.43000030517578,84.33000183105469,85.41999816894531,67.84822845458984,2074200,0.0
2016-02-26,85.94999694824219,86.0,85.26000213623047,85.31999969482422,67.768798828125,1248300,0.0
2016-02-29,85.36000061035156,85.79000091552734,84.62999725341797,84.6500015258789,67.23661804199219,853000,0.0
2016-03-01,85.26000213623047,86.52999877929688,85.02999877929688,86.5,68.7060317993164,978600,0.0
2016-03-02,86.37999725341797,87.23999786376953,86.22000122070312,87.23999786376953,69.29381561279297,1704900,0.0
2016-03-03,87.16000366210938,87.83000183105469,86.86000061035156,87.83000183105469,69.76244354248047,984900,0.0
2016-03-04,87.87000274658203,88.62000274658203,87.5199966430664,88.22000122070312,70.07225036621094,1127200,0.0
2016-03-07,87.7300033569336,88.83999633789062,87.7300033569336,88.73999786376953,70.48526763916016,806200,0.0
2016-03-08,88.18000030517578,88.20999908447266,87.37000274658203,87.45999908447266,69.46857452392578,1351600,0.0
2016-03-09,87.93000030517578,88.25,87.58000183105469,87.88999938964844,69.81008911132812,751400,0.0
2016-03-10,88.13999938964844,88.5199966430664,86.9800033569336,87.91999816894531,69.83393096923828,1114200,0.0
2016-03-11,88.7300033569336,89.41000366210938,88.70999908447266,89.37000274658203,70.98567199707031,798100,0.0
2016-03-14,89.08999633789062,89.37000274658203,88.80000305175781,89.13999938964844,70.802978515625,916600,0.0
2016-03-15,88.37000274658203,88.86000061035156,88.31999969482422,88.83000183105469,70.55674743652344,740600,0.0
2016-03-16,88.63999938964844,89.5199966430664,88.58000183105469,89.33999633789062,70.9618148803711,1050900,0.0
2016-03-17,89.41999816894531,90.43000030517578,89.08000183105469,90.13999938964844,71.59727478027344,1069500,0.0
2016-03-18,90.43000030517578,90.93000030517578,90.43000030517578,90.73999786376953,72.07383728027344,936300,0.0
2016-03-21,90.5999984741211,90.87000274658203,90.38999938964844,90.73999786376953,72.07383728027344,755400,0.0
2016-03-22,90.29000091552734,90.86000061035156,90.12999725341797,90.55999755859375,71.9308853149414,1235200,0.0
2016-03-23,89.80000305175781,89.80000305175781,89.16999816894531,89.27999877929688,71.34434509277344,733000,0.546
2016-03-24,88.62999725341797,89.13999938964844,88.37000274658203,89.13999938964844,71.23245239257812,838900,0.0
2016-03-28,89.33000183105469,89.43000030517578,88.87000274658203,89.19000244140625,71.27240753173828,581500,0.0
2016-03-29,88.94000244140625,89.7699966430664,88.62999725341797,89.7699966430664,71.73585510253906,989500,0.0
2016-03-30,90.23999786376953,90.5,89.91000366210938,90.12000274658203,72.01557922363281,833100,0.0
2016-03-31,90.08999633789062,90.30000305175781,89.80000305175781,89.93000030517578,71.86375427246094,921600,0.0
2016-04-01,89.26000213623047,90.33999633789062,89.05000305175781,90.2699966430664,72.13545227050781,876700,0.0
2016-04-04,90.22000122070312,90.31999969482422,89.7300033569336,89.88999938964844,71.83177947998047,703500,0.0
2016-04-05,89.37000274658203,89.43000030517578,88.81999969482422,88.9800033569336,71.10459899902344,1149600,0.0
2016-04-06,89.08000183105469,89.77999877929688,88.72000122070312,89.76000213623047,71.72791290283203,1272400,0.0
2016-04-07,89.18000030517578,89.36000061035156,88.30000305175781,88.72000122070312,70.89682006835938,1082300,0.0
2016-04-08,89.33000183105469,89.63999938964844,88.83999633789062,89.08999633789062,71.19245910644531,545700,0.0
2016-04-11,89.38999938964844,89.8499984741211,89.01000213623047,89.02999877929688,71.14456939697266,692600,0.0
2016-04-12,89.1500015258789,90.19000244140625,89.05000305175781,90.01000213623047,71.92768096923828,967000,0.0
2016-04-13,90.55999755859375,91.12999725341797,90.4800033569336,91.08000183105469,72.78272247314453,665100,0.0
2016-04-14,91.08000183105469,91.33000183105469,90.87999725341797,91.16000366210938,72.84664916992188,734700,0.0
2016-04-15,91.19999694824219,91.25,90.83000183105469,90.94999694824219,72.6788101196289,689700,0.0
2016-04-18,90.58999633789062,91.63999938964844,90.51000213623047,91.63999938964844,73.2302017211914,424700,0.0
2016-04-19,91.88999938964844,92.47000122070312,91.86000061035156,92.37000274658203,73.81356048583984,592000,0.0
2016-04-20,92.44999694824219,92.97000122070312,92.26000213623047,92.58000183105469,73.98138427734375,734900,0.0
2016-04-21,92.5999984741211,92.69999694824219,91.83000183105469,91.97000122070312,73.4939193725586,894300,0.0
2016-04-22,92.11000061035156,92.6500015258789,92.0999984741211,92.54000091552734,73.94943237304688,797500,0.0
2016-04-25,92.19000244140625,92.2699966430664,91.76000213623047,92.22000122070312,73.69367980957031,528600,0.0
2016-04-26,92.4000015258789,92.68000030517578,92.23999786376953,92.6500015258789,74.03730773925781,501300,0.0
2016-04-27,92.63999938964844,93.43000030517578,92.62000274658203,93.23999786376953,74.5087890625,704700,0.0
2016-04-28,92.61000061035156,93.27999877929688,92.16000366210938,92.41999816894531,73.853515625,1258300,0.0
2016-04-29,92.08999633789062,92.19000244140625,91.16999816894531,91.72000122070312,73.29412841796875,707200,0.0
2016-05-02,92.06999969482422,92.47000122070312,91.7300033569336,92.37000274658203,73.81356048583984,677300,0.0
2016-05-03,91.62999725341797,91.62999725341797,90.9800033569336,91.41999816894531,73.05441284179688,1294500,0.0
2016-05-04,90.88999938964844,91.26000213623047,90.4800033569336,90.70999908447266,72.48703002929688,983000,0.0
2016-05-05,91.0199966430664,91.30999755859375,90.47000122070312,90.69000244140625,72.47106170654297,1106100,0.0
2016-05-06,90.38999938964844,91.0,90.19000244140625,90.91999816894531,72.65486145019531,716300,0.0
2016-05-09,90.8499984741211,91.0199966430664,90.44000244140625,90.73999786376953,72.51101684570312,798900,0.0
2016-05-10,91.05000305175781,91.87999725341797,91.05000305175781,91.87000274658203,73.41402435302734,837400,0.0
2016-05-11,91.63999938964844,91.87000274658203,91.18000030517578,91.18000030517578,72.86261749267578,844800,0.0
2016-05-12,91.5,91.7300033569336,90.7699966430664,91.23999786376953,72.91056823730469,601800,0.0
2016-05-13,91.08999633789062,91.30000305175781,90.06999969482422,90.2300033569336,72.10348510742188,885700,0.0
2016-05-16,90.2699966430664,91.29000091552734,90.2699966430664,91.05999755859375,72.76671600341797,502500,0.0
2016-05-17,90.88999938964844,91.16000366210938,90.13999938964844,90.41999816894531,72.25529479980469,1122300,0.0
2016-05-18,90.27999877929688,91.06999969482422,89.94000244140625,90.45999908447266,72.28727722167969,1087900,0.0
2016-05-19,90.08999633789062,90.4000015258789,89.58999633789062,90.23999786376953,72.11146545410156,673300,0.0
2016-05-20,90.68000030517578,91.0199966430664,90.55999755859375,90.76000213623047,72.5270004272461,1480600,0.0
2016-05-23,90.72000122070312,90.91999816894531,90.55000305175781,90.5999984741211,72.39913940429688,916300,0.0
2016-05-24,91.0,91.80000305175781,91.0,91.61000061035156,73.20624542236328,588200,0.0
2016-05-25,91.91999816894531,92.66000366210938,91.91999816894531,92.44999694824219,73.87751770019531,574200,0.0
2016-05-26,92.58999633789062,92.66000366210938,92.22000122070312,92.30999755859375,73.765625,451500,0.0
2016-05-27,92.44999694824219,92.70999908447266,92.37000274658203,92.69000244140625,74.06926727294922,605500,0.0
2016-05-31,92.91999816894531,93.04000091552734,92.2699966430664,92.55999755859375,73.96539306640625,524700,0.0
2016-06-01,92.26000213623047,92.88999938964844,92.01000213623047,92.79000091552734,74.14918518066406,457800,0.0
2016-06-02,92.5999984741211,93.05999755859375,92.37999725341797,93.05999755859375,74.36492156982422,490600,0.0
2016-06-03,92.69000244140625,92.94999694824219,92.0999984741211,92.75,74.11721801757812,683900,0.0
2016-06-06,93.01000213623047,93.58999633789062,92.9800033569336,93.41999816894531,74.6526107788086,608800,0.0
2016-06-07,93.58999633789062,93.95999908447266,93.5199966430664,93.66999816894531,74.85240936279297,505300,0.0
2016-06-08,93.73999786376953,94.08999633789062,93.7300033569336,93.97000122070312,75.09214782714844,506400,0.0
2016-06-09,93.56999969482422,93.83000183105469,93.30000305175781,93.73999786376953,74.9083480834961,462900,0.0
2016-06-10,93.08000183105469,93.22000122070312,92.55000305175781,92.8499984741211,74.19713592529297,576500,0.0
2016-06-13,92.54000091552734,93.08000183105469,92.1500015258789,92.1500015258789,73.63776397705078,594400,0.0
2016-06-14,91.9000015258789,92.2699966430664,91.30999755859375,91.80999755859375,73.36605834960938,657000,0.0
2016-06-15,92.05000305175781,92.61000061035156,91.61000061035156,91.7300033569336,73.3021469116211,754800,0.0
2016-06-16,91.30999755859375,92.0999984741211,90.69000244140625,92.05999755859375,73.56584167480469,625300,0.0
2016-06-17,92.12000274658203,92.27999877929688,91.62999725341797,92.05000305175781,73.55784606933594,677400,0.0
2016-06-20,93.05000305175781,93.37999725341797,92.56999969482422,92.5999984741211,73.99736022949219,543700,0.0
2016-06-21,92.30000305175781,92.61000061035156,91.91999816894531,92.36000061035156,74.23285675048828,622300,0.533
2016-06-22,92.47000122070312,92.87000274658203,92.16999816894531,92.20999908447266,74.1122817993164,689200,0.0
2016-06-23,93.13999938964844,93.61000061035156,92.93000030517578,93.61000061035156,75.23751831054688,590800,0.0
2016-06-24,90.31999969482422,91.72000122070312,89.81999969482422,90.0,72.33605194091797,2882300,0.0
2016-06-27,89.23999786376953,89.33000183105469,87.87999725341797,88.2699966430664,70.94558715820312,1175400,0.0
2016-06-28,89.25,89.83000183105469,88.8499984741211,89.83000183105469,72.19940948486328,1009600,0.0
2016-06-29,90.6500015258789,91.56999969482422,90.48999786376953,91.47000122070312,73.51751708984375,931300,0.0
2016-06-30,91.72000122070312,92.9000015258789,91.44000244140625,92.9000015258789,74.66685485839844,935900,0.0
2016-07-01,92.87999725341797,93.19000244140625,92.76000213623047,92.91999816894531,74.68294525146484,735000,0.0
2016-07-05,92.47000122070312,92.55999755859375,91.69999694824219,91.98999786376953,73.93547821044922,1032100,0.0
2016-07-06,91.7699966430664,92.5999984741211,91.26000213623047,92.55999755859375,74.39361572265625,1333900,0.0
2016-07-07,92.69999694824219,93.06999969482422,91.97000122070312,92.36000061035156,74.23285675048828,674000,0.0
2016-07-08,93.12000274658203,93.94000244140625,93.04000091552734,93.80000305175781,75.39024353027344,790600,0.0
2016-07-11,94.06999969482422,94.38999938964844,93.9000015258789,94.13999938964844,75.66351318359375,578200,0.0
2016-07-12,94.61000061035156,95.18000030517578,94.61000061035156,95.04000091552734,76.38687896728516,646400,0.0
2016-07-13,95.16000366210938,95.2300033569336,94.68000030517578,95.1500015258789,76.47525787353516,618700,0.0
2016-07-14,95.75,95.97000122070312,95.4800033569336,95.66000366210938,76.88517761230469,572900,0.0
2016-07-15,95.98999786376953,95.98999786376953,95.25,95.51000213623047,76.7646255493164,809400,0.0
2016-07-18,95.54000091552734,95.79000091552734,95.36000061035156,95.66000366210938,76.88517761230469,448500,0.0
2016-07-19,95.58000183105469,95.62999725341797,95.36000061035156,95.56999969482422,76.81283569335938,605700,0.0
2016-07-20,95.7300033569336,95.86000061035156,95.38999938964844,95.73999786376953,76.949462890625,495200,0.0
2016-07-21,95.66999816894531,95.94000244140625,95.23999786376953,95.4000015258789,76.67620849609375,546700,0.0
2016-07-22,95.4800033569336,95.93000030517578,95.43000030517578,95.93000030517578,77.10216522216797,619800,0.0
2016-07-25,95.80999755859375,95.80999755859375,95.2699966430664,95.5199966430664,76.77266693115234,665000,0.0
2016-07-26,95.5199966430664,95.81999969482422,95.2300033569336,95.73999786376953,76.949462890625,553900,0.0
2016-07-27,95.68000030517578,95.73999786376953,95.01000213623047,95.37000274658203,76.65208435058594,896100,0.0
2016-07-28,95.18000030517578,95.43000030517578,94.8499984741211,95.29000091552734,76.58779907226562,636400,0.0
2016-07-29,95.01000213623047,95.5199966430664,94.83999633789062,95.37000274658203,76.65208435058594,561800,0.0
2016-08-01,95.41999816894531,95.41999816894531,94.72000122070312,94.88999938964844,76.26631927490234,464500,0.0
2016-08-02,94.8499984741211,94.87000274658203,93.87999725341797,94.30999755859375,75.80014038085938,694300,0.0
2016-08-03,94.30000305175781,94.80000305175781,94.19000244140625,94.79000091552734,76.1859130859375,739200,0.0
2016-08-04,94.7699966430664,94.98999786376953,94.63999938964844,94.7699966430664,76.16984558105469,633400,0.0
2016-08-05,95.26000213623047,95.7300033569336,95.16999816894531,95.72000122070312,76.93339538574219,386700,0.0
2016-08-08,95.81999969482422,96.02999877929688,95.66999816894531,95.77999877929688,76.98162841796875,1812300,0.0
2016-08-09,95.81999969482422,96.04000091552734,95.5999984741211,95.76000213623047,76.96553039550781,400600,0.0
2016-08-10,95.86000061035156,95.9000015258789,95.26000213623047,95.4000015258789,76.67620849609375,524600,0.0
2016-08-11,95.66000366210938,96.08999633789062,95.62000274658203,95.98999786376953,77.15042114257812,1040500,0.0
2016-08-12,95.87000274658203,96.05000305175781,95.7300033569336,95.91000366210938,77.08611297607422,644000,0.0
2016-08-15,96.1500015258789,96.4000015258789,95.9000015258789,96.23999786376953,77.35134887695312,346900,0.0
2016-08-16,95.98999786376953,96.0999984741211,95.66999816894531,95.83000183105469,77.02181243896484,394900,0.0
2016-08-17,95.79000091552734,96.13999938964844,95.47000122070312,96.08000183105469,77.22274780273438,830600,0.0
2016-08-18,96.0999984741211,96.4800033569336,96.08000183105469,96.4800033569336,77.54425048828125,1457300,0.0
2016-08-19,96.26000213623047,96.30000305175781,95.86000061035156,96.23999786376953,77.35134887695312,336300,0.0
2016-08-22,96.05000305175781,96.20999908447266,95.7300033569336,96.08999633789062,77.23075866699219,438500,0.0
2016-08-23,96.41000366210938,96.56999969482422,96.23999786376953,96.23999786376953,77.35134887695312,444200,0.0
2016-08-24,96.23999786376953,96.25,95.69999694824219,95.91000366210938,77.08611297607422,456600,0.0
2016-08-25,95.75,96.0199966430664,95.66000366210938,95.80000305175781,76.99769592285156,419300,0.0
2016-08-26,95.91999816894531,96.47000122070312,95.18000030517578,95.56999969482422,76.81283569335938,939600,0.0
2016-08-29,95.68000030517578,96.36000061035156,95.68000030517578,96.2300033569336,77.34329986572266,355700,0.0
2016-08-30,96.23999786376953,96.37000274658203,95.91999816894531,96.19000244140625,77.31114959716797,524000,0.0
2016-08-31,96.12000274658203,96.12000274658203,95.41999816894531,95.91000366210938,77.08611297607422,666400,0.0
2016-09-01,95.95999908447266,96.05000305175781,95.19999694824219,95.83000183105469,77.02181243896484,810900,0.0
2016-09-02,96.18000030517578,96.44000244140625,96.01000213623047,96.27999877929688,77.38348388671875,812500,0.0
2016-09-06,96.37999725341797,96.5199966430664,95.97000122070312,96.5199966430664,77.57636260986328,539700,0.0
2016-09-07,96.44999694824219,96.61000061035156,96.23999786376953,96.55000305175781,77.60050201416016,1020000,0.0
2016-09-08,96.43000030517578,96.73999786376953,96.29000091552734,96.61000061035156,77.64874267578125,586700,0.0
2016-09-09,95.9800033569336,95.9800033569336,94.33000183105469,94.3499984741211,75.8322982788086,1361400,0.0
2016-09-12,93.9800033569336,95.87000274658203,93.83999633789062,95.63999938964844,76.86910247802734,2325300,0.0
2016-09-13,94.88999938964844,94.91999816894531,93.70999908447266,93.98999786376953,75.54293060302734,1836900,0.0
2016-09-14,94.05000305175781,94.52999877929688,93.41999816894531,93.6500015258789,75.26966857910156,800200,0.0
2016-09-15,93.56999969482422,94.73999786376953,93.44000244140625,94.5,75.95285034179688,730100,0.0
2016-09-16,94.18000030517578,94.18000030517578,93.6500015258789,94.0,75.55097198486328,626400,0.0
2016-09-19,94.37999725341797,94.73999786376953,94.01000213623047,94.12999725341797,75.65545654296875,604500,0.0
2016-09-20,94.58000183105469,94.69000244140625,94.04000091552734,94.05000305175781,75.59115600585938,473200,0.0
2016-09-21,94.45999908447266,95.23999786376953,94.20999908447266,95.16999816894531,76.49132537841797,655200,0.0
2016-09-22,95.61000061035156,95.91000366210938,95.45999908447266,95.63999938964844,76.86910247802734,479400,0.0
2016-09-23,95.5,95.5999984741211,95.11000061035156,95.18000030517578,76.49940490722656,347500,0.0
2016-09-26,94.20999908447266,94.2699966430664,93.66999816894531,93.75,75.81682586669922,1215700,0.586
2016-09-27,93.66000366210938,94.29000091552734,93.45999908447266,94.19999694824219,76.18074035644531,845100,0.0
2016-09-28,94.38999938964844,95.04000091552734,93.80000305175781,94.9800033569336,76.81155395507812,470500,0.0
2016-09-29,94.88999938964844,95.08999633789062,93.77999877929688,94.0999984741211,76.09988403320312,874100,0.0
2016-09-30,94.5999984741211,95.31999969482422,94.51000213623047,94.95999908447266,76.7953872680664,513500,0.0
2016-10-03,94.79000091552734,94.80999755859375,94.38999938964844,94.66000366210938,76.55276489257812,500000,0.0
2016-10-04,94.77999877929688,94.83000183105469,93.8499984741211,94.13999938964844,76.13223266601562,719300,0.0
2016-10-05,94.4800033569336,95.04000091552734,94.26000213623047,94.77999877929688,76.64978790283203,674500,0.0
2016-10-06,94.7300033569336,94.91999816894531,94.33000183105469,94.87000274658203,76.72257995605469,615500,0.0
2016-10-07,95.0,95.08999633789062,94.19000244140625,94.56999969482422,76.47997283935547,636500,0.0
2016-10-10,94.94000244140625,95.30999755859375,94.94000244140625,95.0199966430664,76.84390258789062,405700,0.0
2016-10-11,94.83000183105469,94.83000183105469,93.4800033569336,93.86000061035156,75.9057846069336,667300,0.0
2016-10-12,93.91999816894531,94.13999938964844,93.62000274658203,93.9000015258789,75.93811798095703,772300,0.0
2016-10-13,93.27999877929688,93.83000183105469,92.76000213623047,93.56999969482422,75.67125701904297,929400,0.0
2016-10-14,94.16000366210938,94.36000061035156,93.56999969482422,93.5999984741211,75.69552612304688,544900,0.0
2016-10-17,93.58999633789062,93.77999877929688,93.19000244140625,93.30999755859375,75.46099853515625,589000,0.0
2016-10-18,94.04000091552734,94.0999984741211,93.56999969482422,93.80999755859375,75.86534881591797,573400,0.0
2016-10-19,93.97000122070312,94.37999725341797,93.80000305175781,94.16000366210938,76.14839935302734,664800,0.0
2016-10-20,94.02999877929688,94.31999969482422,93.66999816894531,94.0199966430664,76.03517150878906,548100,0.0
2016-10-21,93.51000213623047,93.81999969482422,93.27999877929688,93.76000213623047,75.82491302490234,607000,0.0
2016-10-24,94.08000183105469,94.26000213623047,93.73999786376953,93.93000030517578,75.96240234375,382200,0.0
2016-10-25,93.87999725341797,94.19999694824219,93.7300033569336,93.83000183105469,75.88150787353516,844800,0.0
2016-10-26,93.5199966430664,94.13999938964844,93.43000030517578,93.94000244140625,75.97049713134766,588900,0.0
2016-10-27,94.29000091552734,94.30999755859375,93.66999816894531,93.83999633789062,75.88961029052734,651000,0.0
2016-10-28,93.72000122070312,94.11000061035156,93.05000305175781,93.47000122070312,75.59038543701172,872200,0.0
2016-10-31,93.66000366210938,93.87000274658203,93.51000213623047,93.52999877929688,75.63890838623047,1310500,0.0
2016-11-01,93.68000030517578,93.83999633789062,92.4000015258789,93.0,75.21029663085938,1322400,0.0
2016-11-02,92.81999969482422,92.94999694824219,92.25,92.51000213623047,74.81402587890625,1219800,0.0
2016-11-03,92.62999725341797,92.86000061035156,92.12999725341797,92.26000213623047,74.61184692382812,614300,0.0
2016-11-04,92.33999633789062,92.70999908447266,92.04000091552734,92.0999984741211,74.48243713378906,665900,0.0
2016-11-07,93.25,94.1500015258789,93.25,94.11000061035156,76.10797119140625,613400,0.0
2016-11-08,93.9000015258789,94.76000213623047,93.7300033569336,94.44999694824219,76.38294219970703,639200,0.0
2016-11-09,94.05999755859375,96.5,93.9000015258789,96.06999969482422,77.69303894042969,2834500,0.0
2016-11-10,96.55000305175781,97.5199966430664,96.2300033569336,97.08999633789062,78.5179214477539,2059200,0.0
2016-11-11,96.7300033569336,97.0,96.25,96.93000030517578,78.38851928710938,1627800,0.0
2016-11-14,97.22000122070312,97.83000183105469,97.18000030517578,97.66000366210938,78.97891235351562,3107200,0.0
2016-11-15,97.69999694824219,98.37000274658203,97.41000366210938,98.37000274658203,79.55308532714844,1727400,0.0
2016-11-16,98.08000183105469,98.12999725341797,97.52999877929688,97.76000213623047,79.05977630615234,976400,0.0
2016-11-17,97.8499984741211,98.18000030517578,97.76000213623047,98.06999969482422,79.31046295166016,776600,0.0
2016-11-18,98.16000366210938,98.16000366210938,97.80999755859375,97.94000244140625,79.20535278320312,803700,0.0
2016-11-21,98.37000274658203,98.63999938964844,98.16000366210938,98.62000274658203,79.75525665283203,1278500,0.0
2016-11-22,98.87999725341797,98.94000244140625,98.37999725341797,98.83999633789062,79.93315887451172,823600,0.0
2016-11-23,98.69000244140625,99.16999816894531,98.58000183105469,99.12999725341797,80.167724609375,778500,0.0
2016-11-25,99.37000274658203,99.51000213623047,99.20999908447266,99.51000213623047,80.47501373291016,355100,0.0
2016-11-28,99.29000091552734,99.41999816894531,98.9000015258789,98.97000122070312,80.03832244873047,658500,0.0
2016-11-29,98.94999694824219,99.22000122070312,98.72000122070312,98.97000122070312,80.03832244873047,1199200,0.0
2016-11-30,99.5999984741211,99.83000183105469,99.41999816894531,99.41999816894531,80.40223693847656,1676700,0.0
2016-12-01,99.77999877929688,100.0999984741211,99.52999877929688,99.70999908447266,80.63676452636719,1878400,0.0
2016-12-02,99.7699966430664,99.91000366210938,99.41999816894531,99.56999969482422,80.52354431152344,901800,0.0
2016-12-05,100.02999877929688,100.3499984741211,99.91000366210938,100.13999938964844,80.98450469970703,863500,0.0
2016-12-06,100.2699966430664,100.6500015258789,99.93000030517578,100.62999725341797,81.38077545166016,1254700,0.0
2016-12-07,100.66000366210938,102.0199966430664,100.54000091552734,102.0199966430664,82.50487518310547,1258500,0.0
2016-12-08,102.02999877929688,102.66000366210938,101.83000183105469,102.30999755859375,82.7394027709961,1148000,0.0
2016-12-09,102.43000030517578,102.86000061035156,102.23999786376953,102.86000061035156,83.18419647216797,985600,0.0
2016-12-12,102.83999633789062,103.27999877929688,102.63999938964844,102.77999877929688,83.11949157714844,1627600,0.0
2016-12-13,103.16999816894531,103.52999877929688,102.7699966430664,103.30000305175781,83.54004669189453,1941700,0.0
2016-12-14,103.0,103.51000213623047,101.9800033569336,102.20999908447266,82.65853118896484,1988500,0.0
2016-12-15,102.4000015258789,103.19999694824219,102.22000122070312,102.75,83.09525299072266,1497600,0.0
2016-12-16,103.0999984741211,103.12999725341797,102.41000366210938,102.56999969482422,82.94966888427734,1039800,0.0
2016-12-19,102.69999694824219,102.83999633789062,102.41000366210938,102.70999908447266,83.06289672851562,731800,0.0
2016-12-20,103.05000305175781,103.2699966430664,102.91000366210938,103.16999816894531,83.43492889404297,1067200,0.0
2016-12-21,102.52999877929688,102.56999969482422,102.31999969482422,102.31999969482422,83.24938201904297,694200,0.622
2016-12-22,102.23999786376953,102.33999633789062,102.0,102.16999816894531,83.12737274169922,870200,0.0
2016-12-23,102.19000244140625,102.33999633789062,102.12999725341797,102.31999969482422,83.24938201904297,519600,0.0
2016-12-27,102.48999786376953,102.62000274658203,102.37000274658203,102.48999786376953,83.38768768310547,952300,0.0
2016-12-28,102.69999694824219,102.69999694824219,101.58000183105469,101.62999725341797,82.6880111694336,1312000,0.0
2016-12-29,101.72000122070312,101.8499984741211,101.30000305175781,101.52999877929688,82.60663604736328,2602500,0.0
2016-12-30,101.63999938964844,101.80999755859375,101.04000091552734,101.37999725341797,82.484619140625,974500,0.0
2017-01-03,102.05999755859375,102.44999694824219,101.55999755859375,102.20999908447266,83.15989685058594,1625100,0.0
2017-01-04,102.5,102.91999816894531,102.48999786376953,102.83000183105469,83.66434478759766,4224000,0.0
2017-01-05,102.62000274658203,102.69999694824219,101.94999694824219,102.41999816894531,83.33074951171875,1224600,0.0
2017-01-06,102.4800033569336,102.80999755859375,102.12000274658203,102.63999938964844,83.50975799560547,874300,0.0
2017-01-09,102.41999816894531,102.41999816894531,101.91999816894531,101.91999816894531,82.92394256591797,727100,0.0
2017-01-10,101.97000122070312,102.5,101.7699966430664,102.01000213623047,82.99717712402344,831900,0.0
2017-01-11,102.0,102.33999633789062,101.6500015258789,102.31999969482422,83.24938201904297,987000,0.0
2017-01-12,102.18000030517578,102.18000030517578,101.3499984741211,102.02999877929688,83.013427734375,795300,0.0
2017-01-13,102.06999969482422,102.5199966430664,101.97000122070312,102.18000030517578,83.135498046875,3282700,0.0
2017-01-17,101.9000015258789,102.0199966430664,101.5,101.68000030517578,82.72869873046875,1112200,0.0
2017-01-18,101.75,101.9000015258789,101.44999694824219,101.88999938964844,82.89954376220703,722100,0.0
2017-01-19,101.93000030517578,101.95999908447266,101.0999984741211,101.37000274658203,82.47647094726562,1122800,0.0
2017-01-20,101.69999694824219,102.02999877929688,101.38999938964844,101.69999694824219,82.74494171142578,1159800,0.0
2017-01-23,101.5999984741211,101.7300033569336,100.97000122070312,101.2699966430664,82.39511108398438,1076600,0.0
2017-01-24,101.4800033569336,102.33999633789062,101.38999938964844,102.0999984741211,83.07038879394531,915400,0.0
2017-01-25,102.61000061035156,103.05000305175781,102.5199966430664,102.97000122070312,83.77824401855469,912700,0.0
2017-01-26,102.97000122070312,103.12999725341797,102.70999908447266,102.88999938964844,83.7131576538086,795600,0.0
2017-01-27,102.8499984741211,102.9000015258789,102.38999938964844,102.48999786376953,83.38768768310547,874800,0.0
2017-01-30,102.06999969482422,102.11000061035156,101.33000183105469,101.86000061035156,82.87513732910156,1125100,0.0
2017-01-31,101.62000274658203,101.9800033569336,101.3499984741211,101.97000122070312,82.96463012695312,1591300,0.0
2017-02-01,102.16000366210938,102.37999725341797,101.5199966430664,101.77999877929688,82.81005859375,813700,0.0
2017-02-02,101.52999877929688,101.93000030517578,101.37999725341797,101.81999969482422,82.84258270263672,996400,0.0
2017-02-03,102.58000183105469,102.87000274658203,102.20999908447266,102.80000305175781,83.63993072509766,902200,0.0
2017-02-06,102.58999633789062,102.80000305175781,102.33999633789062,102.4800033569336,83.37957763671875,806400,0.0
2017-02-07,102.70999908447266,102.7699966430664,102.18000030517578,102.30000305175781,83.23312377929688,1095000,0.0
2017-02-08,102.05999755859375,102.38999938964844,101.91000366210938,102.33999633789062,83.26568603515625,1654700,0.0
2017-02-09,102.33999633789062,103.2300033569336,102.33999633789062,103.08999633789062,83.87586975097656,787700,0.0
2017-02-10,103.33000183105469,103.6500015258789,103.19000244140625,103.5,84.20946502685547,2794000,0.0
2017-02-13,103.79000091552734,104.30999755859375,103.7699966430664,104.08000183105469,84.68138122558594,1016500,0.0
2017-02-14,104.0199966430664,104.66999816894531,103.9000015258789,104.66999816894531,85.16139221191406,1020000,0.0
2017-02-15,104.5999984741211,105.30000305175781,104.5,105.16999816894531,85.56820678710938,693000,0.0
2017-02-16,105.2300033569336,105.30000305175781,104.69000244140625,105.06999969482422,85.48684692382812,753400,0.0
2017-02-17,104.69999694824219,105.19000244140625,104.58999633789062,105.19000244140625,85.58448028564453,1436500,0.0
2017-02-21,105.47000122070312,106.0199966430664,105.37000274658203,105.91000366210938,86.17028045654297,1011100,0.0
2017-02-22,105.69000244140625,105.93000030517578,105.58000183105469,105.76000213623047,86.04824829101562,994300,0.0
2017-02-23,106.11000061035156,106.16999816894531,105.61000061035156,105.9800033569336,86.22724151611328,781400,0.0
2017-02-24,105.41999816894531,105.94999694824219,105.41999816894531,105.94000244140625,86.1947021484375,876700,0.0
2017-02-27,105.88999938964844,106.22000122070312,105.79000091552734,106.12999725341797,86.34929656982422,711900,0.0
2017-02-28,105.86000061035156,105.98999786376953,105.58000183105469,105.83000183105469,86.10519409179688,959200,0.0
2017-03-01,106.83000183105469,107.75,106.70999908447266,107.43000030517578,87.40699005126953,1472100,0.0
2017-03-02,107.4000015258789,107.4000015258789,106.70999908447266,106.75,86.85372161865234,933100,0.0
2017-03-03,106.63999938964844,106.87000274658203,106.5199966430664,106.70999908447266,86.82117462158203,995800,0.0
2017-03-06,106.27999877929688,106.41999816894531,105.95999908447266,106.30000305175781,86.48760223388672,2572500,0.0
2017-03-07,106.13999938964844,106.13999938964844,105.70999908447266,105.80000305175781,86.0807876586914,588400,0.0
2017-03-08,105.95999908447266,106.1500015258789,105.37999725341797,105.43000030517578,85.77976989746094,696000,0.0
2017-03-09,105.44000244140625,105.77999877929688,105.08000183105469,105.61000061035156,85.92621612548828,1226600,0.0
2017-03-10,106.13999938964844,106.13999938964844,105.38999938964844,105.86000061035156,86.12960815429688,649300,0.0
2017-03-13,105.87000274658203,105.9800033569336,105.63999938964844,105.8499984741211,86.1214599609375,662700,0.0
2017-03-14,105.58000183105469,105.58000183105469,105.04000091552734,105.41999816894531,85.77161407470703,615800,0.0
2017-03-15,105.69999694824219,106.5,105.62999725341797,106.25,86.44693756103516,966500,0.0
2017-03-16,106.44999694824219,106.47000122070312,105.94000244140625,106.11000061035156,86.33299255371094,791000,0.0
2017-03-17,106.2300033569336,106.23999786376953,105.70999908447266,105.70999908447266,86.00755310058594,766400,0.0
2017-03-20,105.68000030517578,105.69000244140625,105.2300033569336,105.3499984741211,85.71464538574219,1314900,0.0
2017-03-21,105.70999908447266,105.70999908447266,103.77999877929688,103.87999725341797,84.51866149902344,2633500,0.0
2017-03-22,103.73999786376953,104.0999984741211,103.44999694824219,103.9000015258789,84.53492736816406,1251000,0.0
2017-03-23,103.79000091552734,104.62000274658203,103.72000122070312,103.91999816894531,84.55117797851562,1194700,0.0
2017-03-24,103.58999633789062,103.80999755859375,102.83999633789062,103.27999877929688,84.48247528076172,1072000,0.556
2017-03-27,102.26000213623047,103.19000244140625,102.11000061035156,103.08000183105469,84.31888580322266,952300,0.0
2017-03-28,102.94000244140625,104.16000366210938,102.94000244140625,103.93000030517578,85.0141830444336,870900,0.0
2017-03-29,103.8499984741211,104.16000366210938,103.61000061035156,103.91999816894531,85.00601196289062,802500,0.0
2017-03-30,103.98999786376953,104.55000305175781,103.83999633789062,104.45999908447266,85.44770812988281,651400,0.0
2017-03-31,104.31999969482422,104.41999816894531,104.0,104.04000091552734,85.10414123535156,723000,0.0
2017-04-03,104.05999755859375,104.16000366210938,103.06999969482422,103.79000091552734,84.8996353149414,854500,0.0
2017-04-04,103.56999969482422,103.87000274658203,103.37000274658203,103.87000274658203,84.96509552001953,550800,0.0
2017-04-05,104.30999755859375,104.81999969482422,103.37999725341797,103.45999908447266,84.62972259521484,1380000,0.0
2017-04-06,103.58000183105469,104.16000366210938,103.2699966430664,103.83000183105469,84.93235778808594,1248700,0.0
2017-04-07,103.70999908447266,104.08000183105469,103.45999908447266,103.66000366210938,84.7933120727539,558500,0.0
2017-04-10,103.80999755859375,104.20999908447266,103.51000213623047,103.79000091552734,84.8996353149414,683200,0.0
2017-04-11,103.55000305175781,103.70999908447266,102.91999816894531,103.70999908447266,84.83423614501953,2480000,0.0
2017-04-12,103.61000061035156,103.6500015258789,103.0999984741211,103.2699966430664,84.47429656982422,749000,0.0
2017-04-13,103.05999755859375,103.37999725341797,102.37999725341797,102.37999725341797,83.74629211425781,1545200,0.0
2017-04-17,102.58000183105469,103.27999877929688,102.41000366210938,103.23999786376953,84.44975280761719,746000,0.0
2017-04-18,102.87000274658203,103.11000061035156,102.44999694824219,102.83999633789062,84.12255096435547,570200,0.0
2017-04-19,103.08000183105469,103.29000091552734,102.37000274658203,102.5199966430664,83.86080169677734,596200,0.0
2017-04-20,102.62999725341797,103.58999633789062,102.62999725341797,103.30999755859375,84.50701904296875,678500,0.0
2017-04-21,103.22000122070312,103.26000213623047,102.6500015258789,102.83000183105469,84.1143798828125,695100,0.0
2017-04-24,103.94999694824219,104.1500015258789,103.75,103.97000122070312,85.04689025878906,788600,0.0
2017-04-25,104.38999938964844,104.7699966430664,104.30000305175781,104.58999633789062,85.55404663085938,747500,0.0
2017-04-26,104.58000183105469,105.18000030517578,104.55000305175781,104.56999969482422,85.53768920898438,559800,0.0
2017-04-27,104.66000366210938,104.66000366210938,104.05999755859375,104.37999725341797,85.38226318359375,533200,0.0
2017-04-28,104.52999877929688,104.52999877929688,103.88999938964844,103.94000244140625,85.0223388671875,417400,0.0
2017-05-01,104.12000274658203,104.23999786376953,103.76000213623047,103.94000244140625,85.0223388671875,876200,0.0
2017-05-02,104.0,104.06999969482422,103.63999938964844,103.83000183105469,84.93235778808594,591200,0.0
2017-05-03,103.73999786376953,104.05999755859375,103.5999984741211,103.94999694824219,85.0305404663086,542700,0.0
2017-05-04,104.13999938964844,104.22000122070312,103.61000061035156,103.95999908447266,85.03872680664062,652200,0.0
2017-05-05,104.13999938964844,104.41999816894531,103.98999786376953,104.41999816894531,85.41500091552734,559400,0.0
2017-05-08,104.41999816894531,104.48999786376953,104.16999816894531,104.30000305175781,85.31685638427734,453400,0.0
2017-05-09,104.41999816894531,104.45999908447266,103.80999755859375,103.98999786376953,85.0632553100586,619900,0.0
2017-05-10,103.88999938964844,104.22000122070312,103.8499984741211,104.20999908447266,85.24322509765625,657600,0.0
2017-05-11,104.0,104.08999633789062,103.43000030517578,103.93000030517578,85.0141830444336,693800,0.0
2017-05-12,103.75,103.75,103.4000015258789,103.56999969482422,84.71971893310547,441200,0.0
2017-05-15,103.86000061035156,104.30999755859375,103.80999755859375,104.16999816894531,85.21051025390625,383100,0.0
2017-05-16,104.27999877929688,104.33999633789062,103.83000183105469,103.94000244140625,85.0223388671875,2003500,0.0
2017-05-17,103.06999969482422,103.2300033569336,102.11000061035156,102.13999938964844,83.54996490478516,1605000,0.0
2017-05-18,101.93000030517578,102.72000122070312,101.77999877929688,102.22000122070312,83.61540222167969,799000,0.0
2017-05-19,102.56999969482422,103.38999938964844,102.48999786376953,103.0,84.2534408569336,1659900,0.0
2017-05-22,103.29000091552734,103.51000213623047,103.0999984741211,103.41000366210938,84.58881378173828,500000,0.0
2017-05-23,103.62000274658203,103.88999938964844,103.44999694824219,103.7699966430664,84.88331604003906,592600,0.0
2017-05-24,103.9000015258789,103.9000015258789,103.55000305175781,103.83999633789062,84.94056701660156,457100,0.0
2017-05-25,104.08000183105469,104.26000213623047,103.8499984741211,103.9800033569336,85.0550537109375,643900,0.0
2017-05-26,103.93000030517578,104.05999755859375,103.86000061035156,103.9800033569336,85.0550537109375,353000,0.0
2017-05-30,103.80999755859375,103.91999816894531,103.61000061035156,103.7699966430664,84.88331604003906,625200,0.0
2017-05-31,103.87999725341797,103.87999725341797,103.26000213623047,103.58999633789062,84.73605346679688,559300,0.0
2017-06-01,103.77999877929688,104.62999725341797,103.62999725341797,104.5999984741211,85.562255859375,1102700,0.0
2017-06-02,104.55000305175781,104.69999694824219,104.30000305175781,104.5199966430664,85.49678802490234,524300,0.0
2017-06-05,104.44999694824219,104.63999938964844,104.37999725341797,104.41999816894531,85.41500091552734,307200,0.0
2017-06-06,104.13999938964844,104.38999938964844,103.94999694824219,104.16000366210938,85.20233154296875,443800,0.0
2017-06-07,104.27999877929688,104.41999816894531,103.98999786376953,104.27999877929688,85.30047607421875,413400,0.0
2017-06-08,104.30000305175781,104.88999938964844,104.30000305175781,104.54000091552734,85.51315307617188,677900,0.0
2017-06-09,104.63999938964844,105.5999984741211,104.63999938964844,105.5199966430664,86.31476593017578,2046600,0.0
2017-06-12,105.61000061035156,106.12999725341797,105.48999786376953,105.80999755859375,86.55200958251953,1169300,0.0
2017-06-13,106.04000091552734,106.1500015258789,105.7699966430664,106.12000274658203,86.8055648803711,655600,0.0
2017-06-14,106.16999816894531,106.16999816894531,105.56999969482422,106.04000091552734,86.74012756347656,620900,0.0
2017-06-15,105.48999786376953,105.86000061035156,105.41000366210938,105.83000183105469,86.56836700439453,427600,0.0
2017-06-16,105.88999938964844,105.88999938964844,105.2699966430664,105.77999877929688,86.5274658203125,406300,0.0
2017-06-19,106.0999984741211,106.41000366210938,105.95999908447266,106.33999633789062,86.98554229736328,501600,0.0
2017-06-20,106.08000183105469,106.12999725341797,105.62000274658203,105.6500015258789,86.42112731933594,375500,0.0
2017-06-21,105.75,105.75,104.94999694824219,105.13999938964844,86.00396728515625,449600,0.0
2017-06-22,105.19000244140625,105.37999725341797,104.98999786376953,105.02999877929688,85.91400146484375,580100,0.0
2017-06-23,105.0999984741211,105.23999786376953,104.80000305175781,104.95999908447266,85.85669708251953,489500,0.0
2017-06-26,105.23999786376953,105.62999725341797,105.1500015258789,105.33000183105469,86.15939331054688,515600,0.0
2017-06-27,104.83000183105469,105.08999633789062,104.33999633789062,104.33999633789062,85.8237533569336,491500,0.582
2017-06-28,104.79000091552734,105.41999816894531,104.79000091552734,105.16999816894531,86.50647735595703,954600,0.0
2017-06-29,105.58999633789062,105.80999755859375,104.30000305175781,104.83000183105469,86.226806640625,868500,0.0
2017-06-30,105.2699966430664,105.37000274658203,104.83999633789062,104.95999908447266,86.33373260498047,788700,0.0
2017-07-03,105.43000030517578,106.26000213623047,105.43000030517578,105.80000305175781,87.0246810913086,614900,0.0
2017-07-05,105.94000244140625,105.94000244140625,105.29000091552734,105.58000183105469,86.84373474121094,1522000,0.0
2017-07-06,105.41000366210938,105.48999786376953,104.56999969482422,104.62999725341797,86.06230926513672,708400,0.0
2017-07-07,104.83000183105469,105.0999984741211,104.58999633789062,105.05000305175781,86.40779113769531,630000,0.0
2017-07-10,104.94000244140625,105.12000274658203,104.79000091552734,104.88999938964844,86.27615356445312,582000,0.0
2017-07-11,104.87999725341797,104.9000015258789,104.23999786376953,104.72000122070312,86.1363296508789,495500,0.0
2017-07-12,105.13999938964844,105.47000122070312,105.12999725341797,105.2300033569336,86.55583190917969,580100,0.0
2017-07-13,105.33000183105469,105.5,105.13999938964844,105.44999694824219,86.73677825927734,468600,0.0
2017-07-14,105.31999969482422,105.94000244140625,105.12000274658203,105.7300033569336,86.96709442138672,583300,0.0
2017-07-17,105.68000030517578,105.9000015258789,105.55999755859375,105.66000366210938,86.90950775146484,530000,0.0
2017-07-18,105.5,105.52999877929688,105.13999938964844,105.41999816894531,86.71210479736328,490000,0.0
2017-07-19,105.62999725341797,105.97000122070312,105.4800033569336,105.97000122070312,87.16452026367188,536900,0.0
2017-07-20,106.12000274658203,106.20999908447266,105.83000183105469,106.01000213623047,87.19742584228516,712800,0.0
2017-07-21,105.79000091552734,105.87000274658203,105.48999786376953,105.8499984741211,87.0657958984375,479900,0.0
2017-07-24,105.76000213623047,105.83999633789062,105.62000274658203,105.72000122070312,86.95889282226562,324600,0.0
2017-07-25,106.29000091552734,106.61000061035156,106.16000366210938,106.36000061035156,87.48530578613281,431900,0.0
2017-07-26,106.52999877929688,106.52999877929688,106.02999877929688,106.13999938964844,87.30430603027344,527500,0.0
2017-07-27,106.26000213623047,106.33999633789062,105.83000183105469,106.33999633789062,87.46885681152344,862800,0.0
2017-07-28,106.11000061035156,106.3499984741211,105.87000274658203,106.19999694824219,87.35369873046875,849300,0.0
2017-07-31,106.41000366210938,106.62999725341797,106.30000305175781,106.41999816894531,87.53466033935547,948400,0.0
2017-08-01,106.66000366210938,106.75,106.43000030517578,106.69999694824219,87.76497650146484,605100,0.0
2017-08-02,106.54000091552734,106.6500015258789,106.29000091552734,106.62999725341797,87.7073745727539,471900,0.0
2017-08-03,106.61000061035156,106.66000366210938,106.33000183105469,106.44999694824219,87.55934143066406,486700,0.0
2017-08-04,106.75,106.80999755859375,106.55999755859375,106.66000366210938,87.73207092285156,522700,0.0
2017-08-07,106.6500015258789,106.69000244140625,106.4800033569336,106.6500015258789,87.72383880615234,639100,0.0
2017-08-08,106.51000213623047,107.16999816894531,106.2699966430664,106.44000244140625,87.55111694335938,453300,0.0
2017-08-09,106.08000183105469,106.31999969482422,105.93000030517578,106.27999877929688,87.41950225830078,398900,0.0
2017-08-10,105.95999908447266,105.95999908447266,105.01000213623047,105.0199966430664,86.38310241699219,509200,0.0
2017-08-11,105.04000091552734,105.2300033569336,104.7300033569336,104.86000061035156,86.25149536132812,624600,0.0
2017-08-14,105.4800033569336,105.9800033569336,105.44999694824219,105.72000122070312,86.95889282226562,468200,0.0
2017-08-15,105.98999786376953,105.98999786376953,105.56999969482422,105.68000030517578,86.92599487304688,599900,0.0
2017-08-16,105.93000030517578,106.12000274658203,105.62000274658203,105.77999877929688,87.00823974609375,605700,0.0
2017-08-17,105.43000030517578,105.58000183105469,104.19000244140625,104.20999908447266,85.71684265136719,693500,0.0
2017-08-18,104.04000091552734,104.6500015258789,103.7699966430664,103.97000122070312,85.51942443847656,568700,0.0
2017-08-21,103.95999908447266,104.16000366210938,103.70999908447266,104.05000305175781,85.58523559570312,720800,0.0
2017-08-22,104.2699966430664,104.9800033569336,104.2699966430664,104.87000274658203,86.25971221923828,415000,0.0
2017-08-23,104.44999694824219,104.94000244140625,104.41000366210938,104.63999938964844,86.07051086425781,655500,0.0
2017-08-24,104.80000305175781,104.87999725341797,104.3499984741211,104.38999938964844,85.86488342285156,413600,0.0
2017-08-25,104.76000213623047,105.11000061035156,104.69000244140625,104.75,86.16104125976562,455900,0.0
2017-08-28,104.94999694824219,104.97000122070312,104.33000183105469,104.58999633789062,86.0293960571289,410000,0.0
2017-08-29,103.9000015258789,104.5999984741211,103.87000274658203,104.47000122070312,85.93070220947266,516900,0.0
2017-08-30,104.48999786376953,104.91999816894531,104.3499984741211,104.72000122070312,86.1363296508789,407800,0.0
2017-08-31,104.9800033569336,105.31999969482422,104.91999816894531,105.0999984741211,86.44888305664062,841800,0.0
2017-09-01,105.30999755859375,105.79000091552734,105.30999755859375,105.52999877929688,86.8025894165039,504500,0.0
2017-09-05,105.2300033569336,105.29000091552734,104.19999694824219,104.58000183105469,86.02119445800781,651100,0.0
2017-09-06,104.9000015258789,105.13999938964844,104.80000305175781,104.9800033569336,86.35018920898438,483900,0.0
2017-09-07,105.08000183105469,105.08000183105469,104.31999969482422,104.54000091552734,85.98827362060547,403300,0.0
2017-09-08,104.41999816894531,104.83999633789062,104.29000091552734,104.66999816894531,86.09520721435547,429000,0.0
2017-09-11,105.29000091552734,106.01000213623047,105.29000091552734,105.91000366210938,87.11516571044922,425600,0.0
2017-09-12,106.18000030517578,106.56999969482422,106.12999725341797,106.5199966430664,87.61688995361328,435100,0.0
2017-09-13,106.44000244140625,106.72000122070312,106.33999633789062,106.69999694824219,87.76497650146484,446300,0.0
2017-09-14,106.58000183105469,106.80999755859375,106.58000183105469,106.73999786376953,87.7978515625,401500,0.0
2017-09-15,106.66999816894531,107.02999877929688,106.62999725341797,107.01000213623047,88.01997375488281,303600,0.0
2017-09-18,107.11000061035156,107.43000030517578,107.11000061035156,107.4000015258789,88.34075927734375,758800,0.0
2017-09-19,107.51000213623047,107.63999938964844,107.38999938964844,107.55999755859375,88.47235870361328,689200,0.0
2017-09-20,107.63999938964844,107.83000183105469,107.41000366210938,107.77999877929688,88.65330505371094,424800,0.0
2017-09-21,107.66000366210938,107.83000183105469,107.48999786376953,107.62999725341797,88.52992248535156,685900,0.0
2017-09-22,107.48999786376953,107.7699966430664,107.41999816894531,107.66000366210938,88.55461883544922,373600,0.0
2017-09-25,107.63999938964844,108.16000366210938,107.56999969482422,108.02999877929688,88.85893249511719,543600,0.0
2017-09-26,107.43000030517578,107.5199966430664,107.23999786376953,107.30999755859375,88.80596923828125,425100,0.656
2017-09-27,107.66000366210938,107.7300033569336,107.13999938964844,107.54000091552734,88.99630737304688,627900,0.0
2017-09-28,107.51000213623047,107.73999786376953,107.37000274658203,107.68000030517578,89.11219024658203,565800,0.0
2017-09-29,107.61000061035156,107.94000244140625,107.51000213623047,107.91000366210938,89.30252075195312,460500,0.0
2017-10-02,108.08999633789062,108.56999969482422,107.83000183105469,108.56999969482422,89.84871673583984,743200,0.0
2017-10-03,108.66999816894531,108.83000183105469,108.48999786376953,108.79000091552734,90.03076934814453,568400,0.0
2017-10-04,108.79000091552734,109.12999725341797,108.7699966430664,108.94000244140625,90.1549072265625,410400,0.0
2017-10-05,109.05999755859375,109.58999633789062,108.91000366210938,109.44999694824219,90.57695770263672,379700,0.0
2017-10-06,109.23999786376953,109.36000061035156,108.93000030517578,109.16999816894531,90.34524536132812,599700,0.0
2017-10-09,109.27999877929688,109.29000091552734,108.62999725341797,108.76000213623047,90.00595092773438,450400,0.0
2017-10-10,108.9800033569336,109.33999633789062,108.9800033569336,109.26000213623047,90.41973876953125,1326100,0.0
2017-10-11,109.19999694824219,109.25,109.04000091552734,109.25,90.41144561767578,630300,0.0
2017-10-12,109.11000061035156,109.11000061035156,108.72000122070312,108.80000305175781,90.0390396118164,500100,0.0
2017-10-13,108.87999725341797,109.06999969482422,108.66999816894531,108.8499984741211,90.08043670654297,675300,0.0
2017-10-16,108.94000244140625,109.16999816894531,108.86000061035156,109.0,90.2045669555664,1287900,0.0
2017-10-17,109.05000305175781,109.05000305175781,108.73999786376953,108.94999694824219,90.16320037841797,479700,0.0
2017-10-18,109.1500015258789,109.20999908447266,109.01000213623047,109.06999969482422,90.26248931884766,450000,0.0
2017-10-19,108.66999816894531,109.30999755859375,108.66999816894531,109.30999755859375,90.46109771728516,504500,0.0
2017-10-20,109.73999786376953,110.12000274658203,109.63999938964844,110.0199966430664,91.04866790771484,522600,0.0
2017-10-23,110.19000244140625,110.30000305175781,109.79000091552734,109.83999633789062,90.89970397949219,538300,0.0
2017-10-24,110.08000183105469,110.25,110.0,110.08999633789062,91.10660552978516,491800,0.0
2017-10-25,110.02999877929688,110.12000274658203,108.94000244140625,109.47000122070312,90.593505859375,517200,0.0
2017-10-26,109.8499984741211,110.0999984741211,109.70999908447266,109.70999908447266,90.7921371459961,539600,0.0
2017-10-27,109.48999786376953,109.63999938964844,109.04000091552734,109.5999984741211,90.70109558105469,667100,0.0
2017-10-30,109.48999786376953,109.48999786376953,108.94999694824219,109.04000091552734,90.2376480102539,1827700,0.0
2017-10-31,109.19999694824219,109.33000183105469,109.08999633789062,109.1500015258789,90.32868957519531,465100,0.0
2017-11-01,109.58999633789062,109.87000274658203,109.37999725341797,109.47000122070312,90.593505859375,601300,0.0
2017-11-02,109.51000213623047,109.61000061035156,108.87000274658203,109.5199966430664,90.63489532470703,481900,0.0
2017-11-03,109.4800033569336,109.55999755859375,109.27999877929688,109.5,90.61833190917969,406300,0.0
2017-11-06,109.37000274658203,109.55999755859375,109.26000213623047,109.44000244140625,90.56869506835938,392100,0.0
2017-11-07,109.5999984741211,109.72000122070312,109.05000305175781,109.2699966430664,90.42798614501953,548900,0.0
2017-11-08,109.16000366210938,109.2699966430664,108.8499984741211,109.23999786376953,90.4031753540039,500300,0.0
2017-11-09,108.66000366210938,109.12999725341797,108.3499984741211,109.02999877929688,90.22940826416016,545500,0.0
2017-11-10,108.93000030517578,108.98999786376953,108.70999908447266,108.93000030517578,90.1466293334961,598700,0.0
2017-11-13,108.54000091552734,109.13999938964844,108.5199966430664,109.02999877929688,90.22940826416016,513500,0.0
2017-11-14,108.69999694824219,108.76000213623047,108.25,108.7300033569336,89.9811019897461,578600,0.0
2017-11-15,108.23999786376953,108.62000274658203,107.87000274658203,108.38999938964844,89.69973754882812,707900,0.0
2017-11-16,108.83999633789062,109.38999938964844,108.81999969482422,109.16000366210938,90.33698272705078,532500,0.0
2017-11-17,108.91999816894531,109.20999908447266,108.83000183105469,109.0199966430664,90.22110748291016,701900,0.0
2017-11-20,109.13999938964844,109.33000183105469,108.95999908447266,109.23999786376953,90.4031753540039,462600,0.0
2017-11-21,109.54000091552734,109.80000305175781,109.54000091552734,109.66000366210938,90.7507553100586,497000,0.0
2017-11-22,109.69999694824219,109.81999969482422,109.5199966430664,109.56999969482422,90.67626190185547,409400,0.0
2017-11-24,109.75,109.83999633789062,109.5999984741211,109.62999725341797,90.72590637207031,223400,0.0
2017-11-27,109.5199966430664,109.77999877929688,109.45999908447266,109.4800033569336,90.60181427001953,357600,0.0
2017-11-28,109.69999694824219,111.12000274658203,109.63999938964844,111.0999984741211,91.94245910644531,599500,0.0
2017-11-29,111.29000091552734,112.2300033569336,111.29000091552734,112.02999877929688,92.71208190917969,1194000,0.0
2017-11-30,112.44999694824219,113.5,112.31999969482422,112.80999755859375,93.35759735107422,1054900,0.0
2017-12-01,112.9000015258789,113.11000061035156,111.13999938964844,112.7699966430664,93.3244857788086,1202200,0.0
2017-12-04,113.68000030517578,114.2699966430664,113.44999694824219,113.44999694824219,93.88721466064453,819400,0.0
2017-12-05,112.86000061035156,113.68000030517578,112.69000244140625,112.77999877929688,93.332763671875,788200,0.0
2017-12-06,112.63999938964844,112.83999633789062,112.44999694824219,112.51000213623047,93.10932922363281,466500,0.0
2017-12-07,112.70999908447266,112.91000366210938,112.26000213623047,112.70999908447266,93.27482604980469,1508700,0.0
2017-12-08,113.06999969482422,113.38999938964844,112.80000305175781,113.37000274658203,93.82102966308594,507200,0.0
2017-12-11,113.41000366210938,113.66000366210938,113.2699966430664,113.6500015258789,94.05274200439453,961500,0.0
2017-12-12,113.83999633789062,114.2699966430664,113.72000122070312,114.04000091552734,94.37548065185547,593200,0.0
2017-12-13,114.11000061035156,114.27999877929688,113.75,113.77999877929688,94.16033172607422,11132400,0.0
2017-12-14,113.9000015258789,113.95999908447266,113.12999725341797,113.16000366210938,93.64720916748047,434000,0.0
2017-12-15,113.6500015258789,114.38999938964844,113.63999938964844,114.02999877929688,94.36719512939453,10326200,0.0
2017-12-18,114.66000366210938,115.11000061035156,114.66000366210938,114.77999877929688,94.98790740966797,664900,0.0
2017-12-19,114.43000030517578,114.43000030517578,113.68000030517578,113.72000122070312,94.62675476074219,624700,0.626
2017-12-20,114.16999816894531,114.23999786376953,113.66000366210938,113.76000213623047,94.6600341796875,551600,0.0
2017-12-21,114.08999633789062,114.58000183105469,113.81999969482422,114.31999969482422,95.12601470947266,669200,0.0
2017-12-22,114.37999725341797,114.4800033569336,114.08000183105469,114.36000061035156,95.15928649902344,731500,0.0
2017-12-26,114.33000183105469,114.69000244140625,114.26000213623047,114.37000274658203,95.16761016845703,372600,0.0
2017-12-27,114.45999908447266,114.56999969482422,114.16999816894531,114.33000183105469,95.13433074951172,441100,0.0
2017-12-28,114.51000213623047,114.61000061035156,114.30999755859375,114.56999969482422,95.33403778076172,440300,0.0
2017-12-29,114.79000091552734,114.88999938964844,114.1500015258789,114.23999786376953,95.05944061279297,463200,0.0
2018-01-02,114.56999969482422,114.8499984741211,114.30000305175781,114.83000183105469,95.55037689208984,841800,0.0
2018-01-03,114.9800033569336,115.36000061035156,114.83000183105469,115.30000305175781,95.94147491455078,649400,0.0
2018-01-04,115.55999755859375,116.11000061035156,115.5,115.91999816894531,96.4573745727539,833000,0.0
2018-01-05,116.16999816894531,116.36000061035156,115.76000213623047,116.2699966430664,96.74859619140625,782600,0.0
2018-01-08,116.26000213623047,116.5199966430664,116.0,116.44999694824219,96.89838409423828,1361900,0.0
2018-01-09,116.62000274658203,117.0199966430664,116.52999877929688,116.62000274658203,97.03987121582031,1215400,0.0
2018-01-10,116.37999725341797,116.87000274658203,116.20999908447266,116.61000061035156,97.03152465820312,937100,0.0
2018-01-11,116.9800033569336,117.62999725341797,116.83000183105469,117.62999725341797,97.8802719116211,1546400,0.0
2018-01-12,117.93000030517578,118.38999938964844,117.83000183105469,118.31999969482422,98.45442199707031,698100,0.0
2018-01-16,118.79000091552734,118.97000122070312,117.48999786376953,117.80999755859375,98.0300521850586,1615000,0.0
2018-01-17,118.18000030517578,118.91000366210938,117.73999786376953,118.63999938964844,98.72068786621094,1211000,0.0
2018-01-18,118.58999633789062,118.77999877929688,118.20999908447266,118.33000183105469,98.46275329589844,759700,0.0
2018-01-19,118.58000183105469,118.83000183105469,118.2699966430664,118.83000183105469,98.87879180908203,887800,0.0
2018-01-22,118.73999786376953,119.83999633789062,118.73999786376953,119.83999633789062,99.71922302246094,691400,0.0
2018-01-23,119.69999694824219,120.04000091552734,119.45999908447266,119.86000061035156,99.73585510253906,1393600,0.0
2018-01-24,120.20999908447266,120.56999969482422,119.58000183105469,120.16000366210938,99.98548126220703,1091600,0.0
2018-01-25,120.48999786376953,120.48999786376953,119.7300033569336,120.05000305175781,99.89397430419922,1173900,0.0
2018-01-26,120.30999755859375,121.12000274658203,120.20999908447266,121.11000061035156,100.77599334716797,1121100,0.0
2018-01-29,120.83999633789062,121.06999969482422,120.31999969482422,120.36000061035156,100.15191650390625,1345600,0.0
2018-01-30,119.52999877929688,120.02999877929688,118.94000244140625,118.9800033569336,99.00360870361328,2852800,0.0
2018-01-31,119.19999694824219,119.37999725341797,118.30000305175781,118.83999633789062,98.88711547851562,913300,0.0
2018-02-01,118.4800033569336,119.30999755859375,118.41999816894531,118.97000122070312,98.99530029296875,1755000,0.0
2018-02-02,118.18000030517578,118.30000305175781,116.16000366210938,116.19999694824219,96.69039154052734,1558000,0.0
2018-02-05,115.2300033569336,116.0,110.9000015258789,111.37000274658203,92.67129516601562,2295600,0.0
2018-02-06,109.58000183105469,113.11000061035156,108.62000274658203,112.86000061035156,93.9111099243164,2252800,0.0
2018-02-07,112.75,114.37999725341797,112.4800033569336,112.55000305175781,93.65319061279297,2813100,0.0
2018-02-08,112.69000244140625,112.69000244140625,108.69000244140625,108.75,90.49121856689453,2015500,0.0
2018-02-09,109.98999786376953,110.87000274658203,106.79000091552734,110.11000061035156,91.62286376953125,2772800,0.0
2018-02-12,110.93000030517578,112.05999755859375,110.16000366210938,111.3499984741211,92.65465545654297,1427400,0.0
2018-02-13,110.91000366210938,111.8499984741211,110.52999877929688,111.62999725341797,92.88765716552734,954400,0.0
2018-02-14,111.11000061035156,113.12999725341797,110.91000366210938,112.9800033569336,94.01102447509766,1159200,0.0
2018-02-15,113.68000030517578,114.05000305175781,112.52999877929688,114.05000305175781,94.90132904052734,1014000,0.0
2018-02-16,113.7300033569336,115.04000091552734,113.7300033569336,114.1500015258789,94.98454284667969,868300,0.0
2018-02-20,113.62999725341797,113.91999816894531,112.69000244140625,113.02999877929688,94.05260467529297,621100,0.0
2018-02-21,113.0999984741211,114.12000274658203,112.2300033569336,112.23999786376953,93.39524841308594,740800,0.0
2018-02-22,112.62000274658203,113.62000274658203,112.08000183105469,112.31999969482422,93.46180725097656,1105600,0.0
2018-02-23,112.86000061035156,114.08000183105469,112.73999786376953,114.08000183105469,94.92631530761719,646400,0.0
2018-02-26,114.5999984741211,115.41000366210938,114.1500015258789,115.3499984741211,95.98308563232422,1503600,0.0
2018-02-27,115.41000366210938,115.83999633789062,113.73999786376953,113.7699966430664,94.66836547851562,926700,0.0
2018-02-28,114.25,114.41000366210938,112.23999786376953,112.23999786376953,93.39524841308594,637800,0.0
2018-03-01,112.26000213623047,113.16000366210938,110.37999725341797,110.94000244140625,92.31351470947266,1336400,0.0
2018-03-02,110.31999969482422,111.68000030517578,109.9800033569336,111.43000030517578,92.72124481201172,792600,0.0
2018-03-05,110.86000061035156,113.02999877929688,110.8499984741211,112.76000213623047,93.82792663574219,864400,0.0
2018-03-06,113.19000244140625,113.19000244140625,112.26000213623047,113.02999877929688,94.05260467529297,534000,0.0
2018-03-07,111.95999908447266,112.77999877929688,111.63999938964844,112.61000061035156,93.70310974121094,589400,0.0
2018-03-08,112.87000274658203,113.05000305175781,112.2300033569336,113.0,94.02765655517578,1023700,0.0
2018-03-09,113.6500015258789,114.86000061035156,113.44000244140625,114.83000183105469,95.55037689208984,610800,0.0
2018-03-12,114.83000183105469,115.2699966430664,114.41999816894531,114.61000061035156,95.36731719970703,638700,0.0
2018-03-13,115.0,115.29000091552734,113.72000122070312,113.97000122070312,94.83478546142578,834200,0.0
2018-03-14,114.44999694824219,114.52999877929688,112.87999725341797,113.12000274658203,94.12749481201172,859200,0.0
2018-03-15,113.3499984741211,113.58999633789062,112.75,112.94999694824219,93.98603057861328,646600,0.0
2018-03-16,113.0999984741211,113.80000305175781,113.0999984741211,113.2300033569336,94.21903228759766,683600,0.0
2018-03-19,113.02999877929688,113.11000061035156,111.30000305175781,111.95999908447266,93.16223907470703,787000,0.0
2018-03-20,112.18000030517578,112.54000091552734,111.66000366210938,111.87999725341797,93.09566497802734,548600,0.0
2018-03-21,111.93000030517578,112.98999786376953,111.79000091552734,112.04000091552734,93.22882843017578,850000,0.0
2018-03-22,110.51000213623047,110.87000274658203,108.62999725341797,108.79000091552734,91.04536437988281,1424100,0.641
2018-03-23,108.98999786376953,109.16999816894531,106.4800033569336,106.61000061035156,89.2209243774414,1778400,0.0
2018-03-26,108.12000274658203,109.20999908447266,107.22000122070312,109.05000305175781,91.26295471191406,1272500,0.0
2018-03-27,109.44000244140625,109.98999786376953,107.37999725341797,107.98999786376953,90.3758773803711,1555200,0.0
2018-03-28,108.25,108.9800033569336,107.7300033569336,108.08000183105469,90.451171875,1324100,0.0
2018-03-29,108.58999633789062,109.83000183105469,108.44000244140625,109.33999633789062,91.50565338134766,941600,0.0
2018-04-02,109.08999633789062,109.19999694824219,105.80999755859375,107.02999877929688,89.57242584228516,1946700,0.0
2018-04-03,107.55000305175781,108.5999984741211,106.9000015258789,108.4800033569336,90.78593444824219,1559500,0.0
2018-04-04,107.08000183105469,109.79000091552734,106.83000183105469,109.58999633789062,91.71488189697266,1439800,0.0
2018-04-05,110.0999984741211,110.81999969482422,109.83000183105469,110.43000030517578,92.41789245605469,973100,0.0
2018-04-06,109.80000305175781,110.19000244140625,107.4000015258789,108.22000122070312,90.5683364868164,2544300,0.0
2018-04-09,108.8499984741211,110.12000274658203,108.44000244140625,108.55999755859375,90.85286712646484,1649800,0.0
2018-04-10,109.91999816894531,110.58999633789062,109.45999908447266,110.19999694824219,92.22538757324219,1551600,0.0
2018-04-11,109.56999969482422,110.29000091552734,109.4000015258789,109.66999816894531,91.78182983398438,1046100,0.0
2018-04-12,110.2300033569336,110.88999938964844,110.0999984741211,110.44999694824219,92.4345932006836,1011100,0.0
2018-04-13,111.08000183105469,111.16000366210938,109.69999694824219,110.13999938964844,92.1751708984375,1317800,0.0
2018-04-16,110.79000091552734,111.5199966430664,110.4800033569336,111.0999984741211,92.97859191894531,6643300,0.0
2018-04-17,111.7699966430664,111.9000015258789,111.36000061035156,111.56999969482422,93.37191009521484,1067700,0.0
2018-04-18,111.87999725341797,112.16999816894531,111.56999969482422,111.56999969482422,93.37191009521484,677000,0.0
2018-04-19,111.37999725341797,111.66000366210938,110.79000091552734,111.30000305175781,93.14596557617188,791500,0.0
2018-04-20,111.36000061035156,111.55000305175781,110.26000213623047,110.66999816894531,92.61870574951172,1064900,0.0
2018-04-23,110.8499984741211,111.05999755859375,110.37000274658203,110.8499984741211,92.76936340332031,1675100,0.0
2018-04-24,111.41000366210938,111.61000061035156,109.36000061035156,110.08000183105469,92.12496185302734,5458100,0.0
2018-04-25,109.91999816894531,110.54000091552734,109.20999908447266,110.37000274658203,92.36767578125,2514000,0.0
2018-04-26,110.41000366210938,111.13999938964844,110.08000183105469,110.7699966430664,92.7024154663086,998900,0.0
2018-04-27,110.69000244140625,111.19999694824219,110.4800033569336,110.95999908447266,92.8614273071289,905000,0.0
2018-04-30,111.22000122070312,111.37000274658203,109.8499984741211,109.88999938964844,91.96595001220703,1102400,0.0
2018-05-01,109.56999969482422,109.62000274658203,108.54000091552734,109.55000305175781,91.6814193725586,1261400,0.0
2018-05-02,109.27999877929688,109.54000091552734,108.37999725341797,108.55999755859375,90.85286712646484,2055400,0.0
2018-05-03,108.27999877929688,108.33000183105469,106.79000091552734,108.02999877929688,90.4093246459961,1227000,0.0
2018-05-04,107.63999938964844,109.58999633789062,107.37999725341797,109.23999786376953,91.42195129394531,601200,0.0
2018-05-07,109.61000061035156,109.9000015258789,109.12999725341797,109.37999725341797,91.53913879394531,353700,0.0
2018-05-08,109.2699966430664,109.47000122070312,108.66000366210938,109.33999633789062,91.50565338134766,589400,0.0
2018-05-09,109.75,110.55000305175781,109.5999984741211,110.3499984741211,92.35089111328125,750000,0.0
2018-05-10,110.7300033569336,111.54000091552734,110.5199966430664,111.3499984741211,93.18779754638672,573700,0.0
2018-05-11,111.5199966430664,111.94999694824219,111.33999633789062,111.66999816894531,93.45562744140625,413300,0.0
2018-05-14,111.93000030517578,112.20999908447266,111.62999725341797,111.83999633789062,93.59788513183594,504600,0.0
2018-05-15,111.37000274658203,111.58000183105469,111.0199966430664,111.37999725341797,93.21292877197266,1146000,0.0
2018-05-16,111.43000030517578,112.13999938964844,111.43000030517578,111.93000030517578,93.67322540283203,342200,0.0
2018-05-17,111.91000366210938,112.41000366210938,111.62000274658203,112.04000091552734,93.76527404785156,429300,0.0
2018-05-18,111.91000366210938,111.91000366210938,111.44999694824219,111.48999786376953,93.30496978759766,391500,0.0
2018-05-21,112.08999633789062,112.4800033569336,112.06999969482422,112.31999969482422,93.99959564208984,493500,0.0
2018-05-22,112.45999908447266,112.86000061035156,112.05999755859375,112.1500015258789,93.8573226928711,2439000,0.0
2018-05-23,111.62999725341797,111.97000122070312,111.26000213623047,111.95999908447266,93.69830322265625,841500,0.0
2018-05-24,111.72000122070312,111.79000091552734,110.86000061035156,111.55999755859375,93.36355590820312,790200,0.0
2018-05-25,111.18000030517578,111.23999786376953,110.72000122070312,111.04000091552734,92.92839813232422,752300,0.0
2018-05-29,110.2699966430664,110.41999816894531,108.83000183105469,109.4000015258789,91.55587768554688,959700,0.0
2018-05-30,110.02999877929688,111.37000274658203,110.0,111.12000274658203,92.9953384399414,697400,0.0
2018-05-31,110.9800033569336,110.9800033569336,109.87000274658203,110.16000366210938,92.1919174194336,865500,0.0
2018-06-01,110.87999725341797,111.25,110.79000091552734,110.97000122070312,92.86979675292969,623600,0.0
2018-06-04,111.30000305175781,111.66999816894531,111.05999755859375,111.18000030517578,93.04553985595703,456000,0.0
2018-06-05,111.16000366210938,111.20999908447266,110.72000122070312,111.08000183105469,92.96184539794922,524200,0.0
2018-06-06,111.33000183105469,112.11000061035156,111.16999816894531,112.11000061035156,93.8238296508789,548100,0.0
2018-06-07,112.33000183105469,112.83000183105469,112.29000091552734,112.56999969482422,94.20883178710938,2545500,0.0
2018-06-08,112.48999786376953,113.0,112.31999969482422,112.97000122070312,94.54357147216797,765900,0.0
2018-06-11,113.02999877929688,113.48999786376953,113.02999877929688,113.19000244140625,94.7276840209961,420500,0.0
2018-06-12,113.3499984741211,113.3499984741211,112.80000305175781,113.06999969482422,94.62724304199219,2418600,0.0
2018-06-13,113.1500015258789,113.16999816894531,112.51000213623047,112.52999877929688,94.17536163330078,1162400,0.0
2018-06-14,112.87000274658203,113.0,112.33999633789062,112.5,94.15022277832031,2182200,0.0
2018-06-15,112.16000366210938,112.54000091552734,111.5199966430664,112.41999816894531,94.08329010009766,1139300,0.0
2018-06-18,111.7300033569336,112.11000061035156,111.62000274658203,112.0199966430664,93.74853515625,1439000,0.0
2018-06-19,111.13999938964844,111.9000015258789,111.11000061035156,111.7699966430664,93.53929901123047,725600,0.0
2018-06-20,112.08000183105469,112.16000366210938,111.54000091552734,111.76000213623047,93.53092956542969,506600,0.0
2018-06-21,111.62000274658203,111.62000274658203,110.91000366210938,111.13999938964844,93.0120620727539,3074100,0.0
2018-06-22,111.88999938964844,112.20999908447266,111.6500015258789,111.69000244140625,93.47237396240234,516900,0.0
2018-06-25,111.33000183105469,111.4800033569336,110.08000183105469,110.75,92.68567657470703,5720800,0.0
2018-06-26,110.2300033569336,110.41999816894531,109.69999694824219,110.08000183105469,92.7219009399414,555500,0.713
2018-06-27,110.27999877929688,111.08000183105469,109.58000183105469,109.62999725341797,92.34284210205078,1180200,0.0
2018-06-28,109.5999984741211,110.33999633789062,109.2300033569336,110.08000183105469,92.7219009399414,2691500,0.0
2018-06-29,110.45999908447266,111.19999694824219,110.0999984741211,110.12999725341797,92.76402282714844,929600,0.0
2018-07-02,109.4800033569336,110.11000061035156,109.29000091552734,110.02999877929688,92.67977905273438,903000,0.0
2018-07-03,110.5,110.80999755859375,109.81999969482422,110.04000091552734,92.68818664550781,474600,0.0
2018-07-05,110.47000122070312,110.70999908447266,109.9800033569336,110.69999694824219,93.24413299560547,912000,0.0
2018-07-06,110.6500015258789,111.61000061035156,110.41999816894531,111.3499984741211,93.7916259765625,706400,0.0
2018-07-09,111.76000213623047,112.51000213623047,111.69999694824219,112.4000015258789,94.67607116699219,537400,0.0
2018-07-10,112.70999908447266,112.9000015258789,112.55000305175781,112.81999969482422,95.0298080444336,561800,0.0
2018-07-11,112.19000244140625,112.4000015258789,111.68000030517578,111.87000274658203,94.22964477539062,1866700,0.0
2018-07-12,112.4800033569336,112.4800033569336,111.95999908447266,112.29000091552734,94.5833969116211,602500,0.0
2018-07-13,112.13999938964844,112.58000183105469,112.0199966430664,112.3499984741211,94.63394927978516,458700,0.0
2018-07-16,112.3499984741211,112.5199966430664,112.02999877929688,112.45999908447266,94.72660827636719,695900,0.0
2018-07-17,112.31999969482422,112.77999877929688,112.2300033569336,112.61000061035156,94.85293579101562,527100,0.0
2018-07-18,112.62999725341797,113.05999755859375,112.5199966430664,113.0,95.18144226074219,2808900,0.0
2018-07-19,112.76000213623047,112.94999694824219,112.4000015258789,112.63999938964844,94.87821197509766,714200,0.0
2018-07-20,112.44000244140625,112.55999755859375,112.23999786376953,112.37999725341797,94.65922546386719,761700,0.0
2018-07-23,112.33000183105469,112.72000122070312,112.19999694824219,112.61000061035156,94.85293579101562,2902800,0.0
2018-07-24,112.94000244140625,113.36000061035156,112.80999755859375,113.12000274658203,95.28253173828125,844700,0.0
2018-07-25,113.01000213623047,113.76000213623047,112.80000305175781,113.6500015258789,95.72897338867188,770400,0.0
2018-07-26,113.94999694824219,114.44999694824219,113.94999694824219,114.16999816894531,96.16694641113281,629000,0.0
2018-07-27,114.06999969482422,114.33000183105469,113.66000366210938,114.0199966430664,96.04060363769531,1168300,0.0
2018-07-30,114.05999755859375,114.61000061035156,114.05999755859375,114.2699966430664,96.25117492675781,1621100,0.0
2018-07-31,114.58000183105469,114.79000091552734,114.30999755859375,114.5199966430664,96.4617691040039,3179300,0.0
2018-08-01,114.41999816894531,114.47000122070312,113.73999786376953,113.87999725341797,95.92268371582031,986800,0.0
2018-08-02,113.3499984741211,114.05999755859375,113.08999633789062,113.97000122070312,95.99849700927734,1621300,0.0
2018-08-03,114.04000091552734,114.76000213623047,113.9800033569336,114.7300033569336,96.6386489868164,875500,0.0
2018-08-06,114.73999786376953,115.27999877929688,114.55999755859375,115.0,96.86608123779297,634700,0.0
2018-08-07,115.2300033569336,115.62000274658203,115.1500015258789,115.38999938964844,97.19459533691406,638700,0.0
2018-08-08,115.33999633789062,115.3499984741211,115.02999877929688,115.18000030517578,97.0177001953125,1236300,0.0
2018-08-09,115.23999786376953,115.23999786376953,114.80999755859375,114.8499984741211,96.7397232055664,487600,0.0
2018-08-10,114.20999908447266,114.41999816894531,113.83999633789062,114.1500015258789,96.15010070800781,731800,0.0
2018-08-13,114.25,114.2699966430664,113.3499984741211,113.47000122070312,95.57733917236328,764400,0.0
2018-08-14,113.73999786376953,114.38999938964844,113.73999786376953,114.26000213623047,96.24275970458984,647200,0.0
2018-08-15,113.66000366210938,113.68000030517578,112.9000015258789,113.48999786376953,95.59417724609375,1043600,0.0
2018-08-16,114.12000274658203,114.98999786376953,114.12000274658203,114.76000213623047,96.66390228271484,715100,0.0
2018-08-17,114.6500015258789,115.55999755859375,114.6500015258789,115.33000183105469,97.14404296875,673100,0.0
2018-08-20,115.5,115.87999725341797,115.47000122070312,115.80000305175781,97.53993225097656,460800,0.0
2018-08-21,115.98999786376953,116.43000030517578,115.9800033569336,116.06999969482422,97.7673568725586,540100,0.0
2018-08-22,115.94000244140625,116.05000305175781,115.7300033569336,115.75,97.49781036376953,562100,0.0
2018-08-23,115.62999725341797,115.77999877929688,115.30999755859375,115.44999694824219,97.24510955810547,540800,0.0
2018-08-24,115.66999816894531,116.05000305175781,115.5999984741211,115.91000366210938,97.6325912475586,301600,0.0
2018-08-27,116.30999755859375,116.80999755859375,116.30999755859375,116.68000030517578,98.28118896484375,1916000,0.0
2018-08-28,116.9000015258789,116.94999694824219,116.5,116.61000061035156,98.22220611572266,802200,0.0
2018-08-29,116.66999816894531,117.05999755859375,116.38999938964844,116.87000274658203,98.44120025634766,596800,0.0
2018-08-30,116.61000061035156,116.7699966430664,116.0,116.19000244140625,97.86842346191406,1000700,0.0
2018-08-31,115.91999816894531,116.2300033569336,115.58000183105469,116.05000305175781,97.75050354003906,736000,0.0
2018-09-04,115.95999908447266,116.12000274658203,115.54000091552734,115.91999816894531,97.64099884033203,2194100,0.0
2018-09-05,115.7300033569336,116.47000122070312,115.58999633789062,116.43000030517578,98.07057189941406,2085100,0.0
2018-09-06,116.41000366210938,116.63999938964844,115.80000305175781,116.0999984741211,97.79261016845703,1078200,0.0
2018-09-07,115.7699966430664,116.08000183105469,115.4800033569336,115.8499984741211,97.5820541381836,814800,0.0
2018-09-10,116.31999969482422,116.6500015258789,116.06999969482422,116.08999633789062,97.78421020507812,448700,0.0
2018-09-11,115.86000061035156,116.44999694824219,115.61000061035156,116.16999816894531,97.85154724121094,578500,0.0
2018-09-12,116.25,116.63999938964844,116.19999694824219,116.31999969482422,97.97792053222656,712600,0.0
2018-09-13,116.66000366210938,116.81999969482422,116.30000305175781,116.62999725341797,98.23905944824219,678400,0.0
2018-09-14,116.72000122070312,116.83999633789062,116.44999694824219,116.77999877929688,98.36539459228516,725400,0.0
2018-09-17,116.87000274658203,117.0999984741211,116.66999816894531,116.79000091552734,98.37381744384766,1101600,0.0
2018-09-18,116.91000366210938,117.44000244140625,116.69000244140625,117.2300033569336,98.74444580078125,472700,0.0
2018-09-19,117.22000122070312,117.91000366210938,117.22000122070312,117.63999938964844,99.08978271484375,999500,0.0
2018-09-20,118.04000091552734,118.55999755859375,117.98999786376953,118.4000015258789,99.7299575805664,750200,0.0
2018-09-21,118.76000213623047,118.80999755859375,118.45999908447266,118.52999877929688,99.83944702148438,546000,0.0
2018-09-24,118.47000122070312,118.61000061035156,117.51000213623047,117.6500015258789,99.09822082519531,3939400,0.0
2018-09-25,117.95999908447266,117.9800033569336,117.18000030517578,117.2699966430664,98.77811431884766,727900,0.0
2018-09-26,116.66000366210938,116.91000366210938,115.8499984741211,116.0,98.28077697753906,760500,0.683
2018-09-27,116.02999877929688,116.5999984741211,115.80000305175781,115.94999694824219,98.23841094970703,408900,0.0
2018-09-28,115.45999908447266,116.13999938964844,115.45999908447266,115.83999633789062,98.1452407836914,773000,0.0
2018-10-01,116.37999725341797,116.69999694824219,116.02999877929688,116.30000305175781,98.53494262695312,898100,0.0
2018-10-02,116.31999969482422,116.72000122070312,116.02999877929688,116.5199966430664,98.72134399414062,864100,0.0
2018-10-03,117.0199966430664,117.12000274658203,116.44000244140625,116.62000274658203,98.80609130859375,1033000,0.0
2018-10-04,116.47000122070312,116.8499984741211,115.87000274658203,116.58000183105469,98.77220153808594,1882800,0.0
2018-10-05,116.6500015258789,116.9000015258789,115.79000091552734,116.22000122070312,98.4671859741211,1593200,0.0
2018-10-08,115.98999786376953,116.91999816894531,115.98999786376953,116.80000305175781,98.95860290527344,3928700,0.0
2018-10-09,116.66000366210938,116.88999938964844,116.12000274658203,116.44000244140625,98.65359497070312,1523200,0.0
2018-10-10,116.33000183105469,116.4000015258789,113.48999786376953,113.70999908447266,96.34058380126953,3228600,0.0
2018-10-11,113.19999694824219,113.41000366210938,110.05000305175781,110.56999969482422,93.68025207519531,4258200,0.0
2018-10-12,112.0,112.0,109.94999694824219,111.16000366210938,94.18012237548828,2392200,0.0
2018-10-15,111.05999755859375,112.01000213623047,111.04000091552734,111.05000305175781,94.08690643310547,1680300,0.0
2018-10-16,111.63999938964844,112.86000061035156,111.27999877929688,112.72000122070312,95.5018081665039,1820800,0.0
2018-10-17,112.58999633789062,113.20999908447266,111.72000122070312,112.83999633789062,95.60347747802734,982100,0.0
2018-10-18,112.55999755859375,113.12000274658203,111.30999755859375,111.87000274658203,94.78167724609375,1311700,0.0
2018-10-19,111.83000183105469,112.77999877929688,111.76000213623047,111.97000122070312,94.86637878417969,1400800,0.0
2018-10-22,112.1500015258789,112.25,110.7699966430664,110.87999725341797,93.94287872314453,1100200,0.0
2018-10-23,109.4800033569336,110.76000213623047,108.69000244140625,110.19999694824219,93.36676025390625,2329500,0.0
2018-10-24,110.11000061035156,110.18000030517578,107.3499984741211,107.58999633789062,91.15542602539062,2279400,0.0
2018-10-25,108.08999633789062,109.36000061035156,107.66000366210938,108.63999938964844,92.0450439453125,1487400,0.0
2018-10-26,107.80000305175781,108.23999786376953,106.26000213623047,107.1500015258789,90.78264617919922,3924100,0.0
2018-10-29,108.25,109.18000030517578,106.22000122070312,107.47000122070312,91.05376434326172,3320500,0.0
2018-10-30,107.68000030517578,109.36000061035156,107.62999725341797,109.22000122070312,92.53643035888672,2335400,0.0
2018-10-31,109.98999786376953,110.68000030517578,109.54000091552734,109.6500015258789,92.90074920654297,1295100,0.0
2018-11-01,110.0,110.61000061035156,109.76000213623047,110.45999908447266,93.5870590209961,829700,0.0
2018-11-02,111.31999969482422,111.4000015258789,109.3499984741211,110.26000213623047,93.41761016845703,1357300,0.0
2018-11-05,110.63999938964844,111.81999969482422,110.63999938964844,111.56999969482422,94.52748107910156,933500,0.0
2018-11-06,111.61000061035156,112.30000305175781,111.44999694824219,112.25,95.10359191894531,653000,0.0
2018-11-07,113.13999938964844,113.91000366210938,112.37000274658203,113.81999969482422,96.43379211425781,1200100,0.0
2018-11-08,113.56999969482422,114.08999633789062,113.23999786376953,113.6500015258789,96.2897720336914,896000,0.0
2018-11-09,113.19000244140625,113.4000015258789,112.37999725341797,112.93000030517578,95.67974853515625,821300,0.0
2018-11-12,112.94000244140625,113.06999969482422,111.20999908447266,111.44000244140625,94.4173583984375,993700,0.0
2018-11-13,111.68000030517578,112.30000305175781,110.93000030517578,111.25,94.25636291503906,1122200,0.0
2018-11-14,111.95999908447266,112.1500015258789,109.7699966430664,110.5199966430664,93.63786315917969,1413600,0.0
2018-11-15,110.0199966430664,111.45999908447266,109.30999755859375,111.37999725341797,94.36650848388672,2425300,0.0
2018-11-16,111.13999938964844,112.19000244140625,111.04000091552734,111.87000274658203,94.78167724609375,878200,0.0
2018-11-19,111.72000122070312,112.12000274658203,110.79000091552734,111.33999633789062,94.33262634277344,1298400,0.0
2018-11-20,110.33999633789062,110.54000091552734,108.70999908447266,109.02999877929688,92.37547302246094,1923900,0.0
2018-11-21,109.44999694824219,110.0999984741211,109.26000213623047,109.30000305175781,92.60423278808594,1245900,0.0
2018-11-23,108.5199966430664,108.98999786376953,108.29000091552734,108.51000213623047,91.93489837646484,505200,0.0
2018-11-26,109.2699966430664,110.04000091552734,109.2699966430664,109.87000274658203,93.08716583251953,969800,0.0
2018-11-27,109.54000091552734,110.27999877929688,109.37999725341797,110.26000213623047,93.41761016845703,1632600,0.0
2018-11-28,110.51000213623047,111.94999694824219,109.93000030517578,111.93000030517578,94.8324966430664,1421400,0.0
2018-11-29,111.61000061035156,112.36000061035156,111.2699966430664,111.7699966430664,94.6969223022461,1293000,0.0
2018-11-30,111.61000061035156,112.58000183105469,111.58000183105469,112.41000366210938,95.23916625976562,1227500,0.0
2018-12-03,113.76000213623047,113.77999877929688,112.55000305175781,113.33999633789062,96.02710723876953,1857900,0.0
2018-12-04,113.19000244140625,113.3499984741211,109.94999694824219,110.12000274658203,93.29898071289062,2075900,0.0
2018-12-06,108.73999786376953,109.4800033569336,106.79000091552734,109.47000122070312,92.7482681274414,2787800,0.0
2018-12-07,109.44999694824219,110.19999694824219,107.13999938964844,107.55999755859375,91.13002014160156,1956500,0.0
2018-12-10,107.52999877929688,107.58000183105469,104.97000122070312,107.0199966430664,90.67249298095703,1892400,0.0
2018-12-11,108.22000122070312,108.54000091552734,106.26000213623047,106.81999969482422,90.50304412841797,1832500,0.0
2018-12-12,108.0,108.37000274658203,107.05000305175781,107.11000061035156,90.7487564086914,1564500,0.0
2018-12-13,107.38999938964844,107.69000244140625,106.55999755859375,106.98999786376953,90.64706420898438,1219400,0.0
2018-12-14,106.06999969482422,106.63999938964844,105.12000274658203,105.41999816894531,89.31690216064453,1741600,0.0
2018-12-17,104.33000183105469,104.79000091552734,102.16000366210938,102.7699966430664,87.685546875,3417300,0.738
2018-12-18,103.45999908447266,103.77999877929688,101.56999969482422,102.18000030517578,87.18212890625,1707500,0.0
2018-12-19,102.37000274658203,103.97000122070312,100.30000305175781,100.94999694824219,86.1326675415039,3625400,0.0
2018-12-20,100.3499984741211,101.08999633789062,98.51000213623047,99.43000030517578,84.83580780029297,4507900,0.0
2018-12-21,99.45999908447266,101.19999694824219,97.66000366210938,97.93000030517578,83.55597686767578,4890900,0.0
2018-12-24,97.25,97.54000091552734,95.31999969482422,95.36000061035156,81.36315155029297,2831700,0.0
2018-12-26,95.87999725341797,99.62000274658203,94.72000122070312,99.61000061035156,84.98937225341797,4615200,0.0
2018-12-27,98.44999694824219,100.44999694824219,96.86000061035156,100.44999694824219,85.70608520507812,6774800,0.0
2018-12-28,101.0,101.69000244140625,99.93000030517578,100.37000274658203,85.6378173828125,5279700,0.0
2018-12-31,100.93000030517578,101.23999786376953,100.0999984741211,101.13999938964844,86.29478454589844,4345100,0.0
2019-01-02,99.80999755859375,101.91000366210938,99.55999755859375,101.55000305175781,86.64462280273438,2577800,0.0
2019-01-03,100.6500015258789,100.6500015258789,98.97000122070312,99.16000366210938,84.60540771484375,2129700,0.0
2019-01-04,100.55000305175781,102.5199966430664,100.4000015258789,102.29000091552734,87.27600860595703,6128900,0.0
2019-01-07,102.44000244140625,103.69999694824219,101.83999633789062,103.04000091552734,87.91590881347656,1887000,0.0
2019-01-08,104.0,104.05999755859375,102.93000030517578,103.80999755859375,88.5728759765625,1307200,0.0
2019-01-09,104.12000274658203,104.72000122070312,103.5999984741211,104.2699966430664,88.96540069580078,2925000,0.0
2019-01-10,103.62000274658203,104.86000061035156,103.41999816894531,104.79000091552734,89.4090576171875,1341000,0.0
2019-01-11,104.29000091552734,104.91999816894531,104.0,104.83999633789062,89.45171356201172,2497900,0.0
2019-01-14,104.0,104.7699966430664,103.8499984741211,104.44999694824219,89.11896514892578,1311000,0.0
2019-01-15,104.4000015258789,105.33000183105469,104.4000015258789,105.1500015258789,89.71622467041016,4403500,0.0
2019-01-16,105.38999938964844,106.23999786376953,105.38999938964844,105.80999755859375,90.27934265136719,1450100,0.0
2019-01-17,105.3499984741211,107.0199966430664,105.33000183105469,106.56999969482422,90.92779541015625,1727200,0.0
2019-01-18,107.47000122070312,108.33999633789062,107.08999633789062,108.16000366210938,92.28440856933594,2027900,0.0
2019-01-22,107.56999969482422,107.62000274658203,106.12999725341797,106.70999908447266,91.0472412109375,3056200,0.0
2019-01-23,107.19000244140625,107.52999877929688,105.88999938964844,106.9000015258789,91.20935821533203,1081000,0.0
2019-01-24,106.77999877929688,107.3499984741211,106.55000305175781,107.0999984741211,91.3799819946289,1296600,0.0
2019-01-25,107.97000122070312,108.55000305175781,107.83000183105469,108.20999908447266,92.32705688476562,2856200,0.0
2019-01-28,107.19000244140625,107.72000122070312,106.80000305175781,107.69000244140625,91.88338470458984,1663600,0.0
2019-01-29,107.81999969482422,108.20999908447266,107.55999755859375,107.86000061035156,92.02843475341797,1194800,0.0
2019-01-30,108.41000366210938,109.62999725341797,107.88999938964844,109.13999938964844,93.12057495117188,1193000,0.0
2019-01-31,108.91000366210938,109.94999694824219,108.73999786376953,109.77999877929688,93.66664123535156,1336600,0.0
2019-02-01,110.02999877929688,110.37000274658203,109.58000183105469,109.94999694824219,93.81165313720703,1015900,0.0
2019-02-04,109.91999816894531,110.58000183105469,109.51000213623047,110.56999969482422,94.34068298339844,871900,0.0
2019-02-05,110.79000091552734,111.05000305175781,110.37999725341797,110.87999725341797,94.60516357421875,842700,0.0
2019-02-06,110.68000030517578,111.08000183105469,110.62999725341797,110.9000015258789,94.62222290039062,819600,0.0
2019-02-07,110.30000305175781,110.4800033569336,109.12999725341797,109.8499984741211,93.72635650634766,954000,0.0
2019-02-08,109.36000061035156,109.7300033569336,108.62999725341797,109.70999908447266,93.60690307617188,857800,0.0
2019-02-11,109.94000244140625,109.97000122070312,109.5199966430664,109.72000122070312,93.61544799804688,609500,0.0
2019-02-12,110.37000274658203,111.27999877929688,110.37000274658203,111.12000274658203,94.8099365234375,734000,0.0
2019-02-13,111.43000030517578,111.93000030517578,111.3499984741211,111.55999755859375,95.18534088134766,599400,0.0
2019-02-14,111.02999877929688,111.6500015258789,110.55999755859375,111.11000061035156,94.80142211914062,2044400,0.0
2019-02-15,111.91000366210938,112.56999969482422,111.87000274658203,112.55999755859375,96.03858184814453,546800,0.0
2019-02-19,112.22000122070312,113.12000274658203,112.22000122070312,112.8499984741211,96.28600311279297,568400,0.0
2019-02-20,112.77999877929688,113.43000030517578,112.70999908447266,113.2300033569336,96.61026000976562,699000,0.0
2019-02-21,112.98999786376953,113.0199966430664,112.25,112.66000366210938,96.12390899658203,574800,0.0
2019-02-22,112.9000015258789,113.12000274658203,112.62000274658203,113.05000305175781,96.45664978027344,630600,0.0
2019-02-25,113.66999816894531,114.01000213623047,113.2300033569336,113.2699966430664,96.64434051513672,789000,0.0
2019-02-26,113.05999755859375,113.48999786376953,112.9800033569336,113.0199966430664,96.43107604980469,780600,0.0
2019-02-27,112.79000091552734,113.0199966430664,112.3499984741211,112.80999755859375,96.25189971923828,622000,0.0
2019-02-28,112.7300033569336,112.7300033569336,112.16999816894531,112.23999786376953,95.76554107666016,740300,0.0
2019-03-01,112.94999694824219,113.2699966430664,112.30000305175781,112.88999938964844,96.32013702392578,595000,0.0
2019-03-04,113.27999877929688,113.41000366210938,111.4000015258789,112.3499984741211,95.8593978881836,721500,0.0
2019-03-05,112.41999816894531,112.41999816894531,111.80999755859375,112.13999938964844,95.68022155761719,517600,0.0
2019-03-06,112.12999725341797,112.1500015258789,111.23999786376953,111.33000183105469,94.98912048339844,523800,0.0
2019-03-07,111.19000244140625,111.19000244140625,110.12000274658203,110.5,94.28094482421875,1497400,0.0
2019-03-08,109.73999786376953,110.47000122070312,109.5999984741211,110.41000366210938,94.20416259765625,843200,0.0
2019-03-11,110.91000366210938,112.05999755859375,110.91000366210938,112.01000213623047,95.5693130493164,559300,0.0
2019-03-12,112.22000122070312,112.70999908447266,112.19000244140625,112.4000015258789,95.9020767211914,589000,0.0
2019-03-13,112.75,113.5199966430664,112.69999694824219,113.13999938964844,96.5334701538086,582500,0.0
2019-03-14,113.2699966430664,113.4800033569336,113.0,113.23999786376953,96.61878967285156,333700,0.0
2019-03-15,113.44000244140625,114.0199966430664,113.37999725341797,113.69000244140625,97.00271606445312,548300,0.0
2019-03-18,113.79000091552734,114.4800033569336,113.77999877929688,114.4000015258789,97.6084976196289,422300,0.0
2019-03-19,114.86000061035156,115.16999816894531,113.77999877929688,114.18000030517578,97.42079162597656,783100,0.0
2019-03-20,113.36000061035156,113.54000091552734,112.37999725341797,112.58999633789062,96.60652923583984,687700,0.641
2019-03-21,112.2300033569336,114.05999755859375,112.2300033569336,113.79000091552734,97.63616943359375,431800,0.0
2019-03-22,113.16999816894531,113.44999694824219,111.47000122070312,111.51000213623047,95.67985534667969,886600,0.0
2019-03-25,111.38999938964844,111.81999969482422,110.63999938964844,111.16000366210938,95.37953186035156,1027600,0.0
2019-03-26,111.94999694824219,112.4800033569336,111.4000015258789,111.94000244140625,96.0488052368164,653400,0.0
2019-03-27,112.05999755859375,112.29000091552734,110.97000122070312,111.56999969482422,95.73131561279297,928300,0.0
2019-03-28,111.83999633789062,112.16999816894531,111.29000091552734,112.0199966430664,96.11744689941406,1260700,0.0
2019-03-29,112.63999938964844,112.83999633789062,112.18000030517578,112.73999786376953,96.7352066040039,1000700,0.0
2019-04-01,113.55999755859375,114.31999969482422,113.43000030517578,114.19999694824219,97.98796844482422,1004100,0.0
2019-04-02,114.22000122070312,114.33999633789062,113.81999969482422,114.12999725341797,97.92789459228516,659500,0.0
2019-04-03,114.63999938964844,114.83999633789062,114.08999633789062,114.43000030517578,98.18531036376953,912500,0.0
2019-04-04,114.47000122070312,115.02999877929688,114.47000122070312,114.97000122070312,98.64864349365234,502600,0.0
2019-04-05,115.2699966430664,115.6500015258789,115.06999969482422,115.5999984741211,99.18921661376953,717600,0.0
2019-04-08,115.4000015258789,115.87000274658203,115.25,115.83000183105469,99.38656616210938,966300,0.0
2019-04-09,115.44999694824219,115.44999694824219,114.77999877929688,115.01000213623047,98.6829605102539,539900,0.0
2019-04-10,115.2300033569336,115.43000030517578,114.91000366210938,115.38999938964844,99.00904083251953,277800,0.0
2019-04-11,115.62000274658203,115.81999969482422,115.18000030517578,115.43000030517578,99.0433578491211,431400,0.0
2019-04-12,116.2300033569336,116.5999984741211,115.7300033569336,116.22000122070312,99.72119140625,493200,0.0
2019-04-15,116.22000122070312,116.30000305175781,115.80000305175781,116.08999633789062,99.60964965820312,464400,0.0
2019-04-16,116.5,116.5199966430664,116.08000183105469,116.44000244140625,99.90997314453125,433100,0.0
2019-04-17,116.77999877929688,116.77999877929688,116.12999725341797,116.37999725341797,99.85848236083984,362700,0.0
2019-04-18,116.66999816894531,116.66999816894531,116.1500015258789,116.47000122070312,99.93569946289062,413900,0.0
2019-04-22,116.18000030517578,116.44999694824219,116.1500015258789,116.4000015258789,99.87564086914062,322600,0.0
2019-04-23,116.5,117.3499984741211,116.37999725341797,117.2300033569336,100.58781433105469,1372800,0.0
2019-04-24,117.0999984741211,117.22000122070312,116.77999877929688,116.91000366210938,100.3132553100586,297500,0.0
2019-04-25,116.41999816894531,116.69999694824219,115.79000091552734,116.31999969482422,99.80701446533203,463000,0.0
2019-04-26,116.30000305175781,116.88999938964844,116.18000030517578,116.87999725341797,100.2874984741211,340800,0.0
2019-04-29,116.94000244140625,117.5,116.94000244140625,117.16999816894531,100.53632354736328,408400,0.0
2019-04-30,117.30000305175781,117.5,116.4800033569336,117.36000061035156,100.69937133789062,485500,0.0
2019-05-01,117.80999755859375,118.12000274658203,116.83000183105469,116.8499984741211,100.26174926757812,584200,0.0
2019-05-02,116.79000091552734,117.23999786376953,115.9800033569336,116.58999633789062,100.03865814208984,477000,0.0
2019-05-03,117.13999938964844,117.62000274658203,116.97000122070312,117.4800033569336,100.80233001708984,273200,0.0
2019-05-06,115.66999816894531,117.12000274658203,115.51000213623047,116.94000244140625,100.3389892578125,437700,0.0
2019-05-07,115.91999816894531,116.05000305175781,114.19999694824219,114.97000122070312,98.64864349365234,770400,0.0
2019-05-08,114.8499984741211,115.51000213623047,114.54000091552734,114.70999908447266,98.42555236816406,534000,0.0
2019-05-09,113.87999725341797,114.72000122070312,113.08999633789062,114.41000366210938,98.16815185546875,777500,0.0
2019-05-10,114.0,115.23999786376953,112.62999725341797,114.88999938964844,98.58000946044922,653500,0.0
2019-05-13,112.9000015258789,112.9000015258789,111.5199966430664,111.91999816894531,96.0316390991211,952100,0.0
2019-05-14,112.2699966430664,113.6500015258789,112.2699966430664,112.93000030517578,96.89824676513672,733200,0.0
2019-05-15,112.22000122070312,113.5199966430664,111.95999908447266,113.19999694824219,97.12989807128906,625000,0.0
2019-05-16,113.48999786376953,114.5999984741211,113.48999786376953,113.91999816894531,97.74771118164062,628200,0.0
2019-05-17,112.91000366210938,114.2300033569336,112.9000015258789,113.2699966430664,97.1899642944336,531600,0.0
2019-05-20,112.62000274658203,113.20999908447266,112.30999755859375,112.63999938964844,96.64942932128906,445600,0.0
2019-05-21,113.3499984741211,113.94999694824219,113.19000244140625,113.76000213623047,97.61042785644531,610000,0.0
2019-05-22,113.3499984741211,113.58000183105469,112.91000366210938,113.05000305175781,97.00121307373047,539300,0.0
2019-05-23,112.0999984741211,112.0999984741211,110.98999786376953,111.70999908447266,95.85142517089844,781300,0.0
2019-05-24,112.23999786376953,112.41999816894531,111.61000061035156,111.94000244140625,96.0488052368164,363600,0.0
2019-05-28,112.08999633789062,112.22000122070312,110.48999786376953,110.48999786376953,94.80464172363281,517200,0.0
2019-05-29,109.9800033569336,110.2699966430664,109.18000030517578,109.9000015258789,94.29840087890625,1012800,0.0
2019-05-30,110.19000244140625,110.5999984741211,109.45999908447266,109.91000366210938,94.30696105957031,486400,0.0
2019-05-31,108.77999877929688,109.11000061035156,108.43000030517578,108.5,93.09715270996094,731600,0.0
2019-06-03,108.58000183105469,109.63999938964844,108.55000305175781,109.16000366210938,93.6634521484375,1030400,0.0
2019-06-04,110.19000244140625,111.81999969482422,110.19000244140625,111.73999786376953,95.877197265625,820400,0.0
2019-06-05,112.33000183105469,112.47000122070312,111.5,112.38999938964844,96.43490600585938,640900,0.0
2019-06-06,112.52999877929688,113.43000030517578,112.29000091552734,113.13999938964844,97.07846069335938,573400,0.0
2019-06-07,113.4800033569336,114.33000183105469,113.4000015258789,113.87000274658203,97.7048110961914,272000,0.0
2019-06-10,114.56999969482422,115.16999816894531,114.41999816894531,114.44000244140625,98.19390106201172,359500,0.0
2019-06-11,115.08999633789062,115.33999633789062,114.4000015258789,114.61000061035156,98.33975219726562,339100,0.0
2019-06-12,114.5199966430664,114.69999694824219,114.0999984741211,114.20999908447266,97.99653625488281,348000,0.0
2019-06-13,114.62999725341797,115.06999969482422,114.55999755859375,114.97000122070312,98.64864349365234,538000,0.0
2019-06-14,114.73999786376953,115.05000305175781,114.30999755859375,114.7699966430664,98.47704315185547,450600,0.0
2019-06-17,114.13999938964844,114.36000061035156,113.8499984741211,113.9000015258789,98.28376007080078,315400,0.646
2019-06-18,114.51000213623047,115.73999786376953,114.43000030517578,115.18000030517578,99.38825988769531,545900,0.0
2019-06-19,115.29000091552734,115.56999969482422,114.7699966430664,115.30000305175781,99.49179077148438,513900,0.0
2019-06-20,116.37999725341797,116.54000091552734,115.44999694824219,116.33999633789062,100.38923645019531,406000,0.0
2019-06-21,116.27999877929688,116.83000183105469,116.1500015258789,116.26000213623047,100.32019805908203,509200,0.0
2019-06-24,116.25,116.37000274658203,115.80999755859375,115.86000061035156,99.97503662109375,362000,0.0
2019-06-25,115.98999786376953,115.98999786376953,115.0999984741211,115.16999816894531,99.37962341308594,473500,0.0
2019-06-26,115.5199966430664,115.75,115.16000366210938,115.16000366210938,99.3709945678711,334200,0.0
2019-06-27,115.4800033569336,115.93000030517578,115.43000030517578,115.72000122070312,99.8542251586914,244300,0.0
2019-06-28,116.19000244140625,116.69999694824219,116.11000061035156,116.56999969482422,100.58769226074219,573200,0.0
2019-07-01,117.87000274658203,118.19999694824219,116.93000030517578,117.44999694824219,101.34703826904297,1382500,0.0
2019-07-02,117.44000244140625,117.58000183105469,116.93000030517578,117.54000091552734,101.42469024658203,628200,0.0
2019-07-03,117.86000061035156,118.41000366210938,117.77999877929688,118.41000366210938,102.17540740966797,342300,0.0
2019-07-05,117.94000244140625,118.41999816894531,117.48999786376953,118.37000274658203,102.1408920288086,327300,0.0
2019-07-08,117.80000305175781,118.05000305175781,117.47000122070312,117.69000244140625,101.55413055419922,614700,0.0
2019-07-09,117.1500015258789,117.77999877929688,117.1500015258789,117.70999908447266,101.57138061523438,512000,0.0
2019-07-10,118.12999725341797,118.5,117.70999908447266,117.94000244140625,101.76985168457031,351000,0.0
2019-07-11,118.30999755859375,118.51000213623047,117.9800033569336,118.3499984741211,102.1236343383789,362900,0.0
2019-07-12,118.62999725341797,119.2300033569336,118.62999725341797,119.19000244140625,102.84847259521484,300000,0.0
2019-07-15,119.37000274658203,119.37000274658203,118.93000030517578,119.1500015258789,102.81396484375,441200,0.0
2019-07-16,119.0999984741211,119.20999908447266,118.72000122070312,118.8499984741211,102.55509185791016,815800,0.0
2019-07-17,118.8499984741211,118.8499984741211,117.83000183105469,117.83000183105469,101.6749267578125,438900,0.0
2019-07-18,117.69999694824219,118.58999633789062,117.6500015258789,118.4000015258789,102.16680145263672,1676700,0.0
2019-07-19,118.69999694824219,118.75,117.73999786376953,117.81999969482422,101.66629028320312,732500,0.0
2019-07-22,117.9800033569336,118.18000030517578,117.69000244140625,118.04000091552734,101.85613250732422,369900,0.0
2019-07-23,118.51000213623047,119.08999633789062,118.33000183105469,119.04000091552734,102.71905517578125,421700,0.0
2019-07-24,118.86000061035156,119.73999786376953,118.80999755859375,119.73999786376953,103.32304382324219,377100,0.0
2019-07-25,119.66000366210938,119.68000030517578,118.88999938964844,119.18000030517578,102.83985137939453,367400,0.0
2019-07-26,119.38999938964844,119.87000274658203,119.12000274658203,119.80000305175781,103.37483978271484,393800,0.0
2019-07-29,119.75,119.94000244140625,119.62999725341797,119.69999694824219,103.28854370117188,492900,0.0
2019-07-30,119.1500015258789,119.68000030517578,118.9800033569336,119.62000274658203,103.21951293945312,435200,0.0
2019-07-31,119.83999633789062,120.0,118.0,118.61000061035156,102.34799194335938,579500,0.0
2019-08-01,118.58000183105469,119.66999816894531,116.70999908447266,116.94999694824219,100.91559600830078,1315600,0.0
2019-08-02,116.58999633789062,116.73999786376953,115.44000244140625,116.18000030517578,100.25115966796875,808200,0.0
2019-08-05,114.54000091552734,114.54000091552734,111.93000030517578,112.69999694824219,97.2482681274414,2215600,0.0
2019-08-06,113.44999694824219,114.13999938964844,112.5199966430664,114.08000183105469,98.4390640258789,594700,0.0
2019-08-07,112.7699966430664,114.2699966430664,111.66999816894531,113.9800033569336,98.352783203125,776000,0.0
2019-08-08,114.5999984741211,116.0,114.36000061035156,116.0,100.0958480834961,474200,0.0
2019-08-09,115.56999969482422,115.7300033569336,114.43000030517578,115.20999908447266,99.41414642333984,628100,0.0
2019-08-12,114.47000122070312,114.69000244140625,113.37000274658203,113.70999908447266,98.11980438232422,361600,0.0
2019-08-13,113.7300033569336,116.30000305175781,113.47000122070312,115.45999908447266,99.62985229492188,590200,0.0
2019-08-14,113.63999938964844,113.7699966430664,111.94999694824219,112.0,96.64424896240234,948700,0.0
2019-08-15,112.41999816894531,112.62000274658203,111.2300033569336,112.08999633789062,96.72191619873047,632900,0.0
2019-08-16,112.76000213623047,114.22000122070312,112.76000213623047,114.04000091552734,98.40457916259766,503600,0.0
2019-08-19,115.38999938964844,115.73999786376953,115.19000244140625,115.37000274658203,99.5522232055664,345000,0.0
2019-08-20,115.16999816894531,115.2699966430664,114.3499984741211,114.37000274658203,98.6893081665039,428500,0.0
2019-08-21,115.4000015258789,115.45999908447266,115.0199966430664,115.25,99.44866180419922,357400,0.0
2019-08-22,115.52999877929688,115.94000244140625,114.7300033569336,115.33999633789062,99.52631378173828,953700,0.0
2019-08-23,114.62999725341797,115.33000183105469,111.73999786376953,112.29000091552734,96.89449310302734,928100,0.0
2019-08-26,113.2699966430664,113.48999786376953,112.69000244140625,113.45999908447266,97.9040756225586,690900,0.0
2019-08-27,114.0199966430664,114.1500015258789,112.45999908447266,112.69000244140625,97.23966979980469,476000,0.0
2019-08-28,112.44000244140625,113.80000305175781,112.30000305175781,113.69999694824219,98.11116790771484,440000,0.0
2019-08-29,114.80999755859375,115.44000244140625,114.43000030517578,115.2300033569336,99.43138885498047,536100,0.0
2019-08-30,115.87999725341797,116.08000183105469,115.13999938964844,115.44999694824219,99.6212387084961,705600,0.0
2019-09-03,114.61000061035156,114.8499984741211,113.83000183105469,114.7699966430664,99.03447723388672,490800,0.0
2019-09-04,115.7300033569336,116.20999908447266,115.5199966430664,116.18000030517578,100.25115966796875,291600,0.0
2019-09-05,117.37000274658203,118.27999877929688,117.37000274658203,117.68000030517578,101.54550170898438,426400,0.0
2019-09-06,117.9000015258789,118.16999816894531,117.68000030517578,117.94000244140625,101.76985168457031,214400,0.0
2019-09-09,118.45999908447266,119.04000091552734,118.36000061035156,118.95999908447266,102.64999389648438,480200,0.0
2019-09-10,118.91000366210938,119.72000122070312,118.73999786376953,119.72000122070312,103.3057861328125,854200,0.0
2019-09-11,119.9000015258789,120.73999786376953,119.41000366210938,120.69999694824219,104.15145874023438,793500,0.0
2019-09-12,120.87999725341797,121.30999755859375,120.31999969482422,120.83999633789062,104.27224731445312,660700,0.0
2019-09-13,121.12000274658203,121.33000183105469,120.77999877929688,120.87999725341797,104.30677032470703,675000,0.0
2019-09-16,120.4000015258789,120.77999877929688,120.2699966430664,120.63999938964844,104.09966278076172,580000,0.0
2019-09-17,120.4800033569336,120.73999786376953,120.1500015258789,120.68000030517578,104.13418579101562,374900,0.0
2019-09-18,120.4800033569336,120.83999633789062,119.8499984741211,120.80000305175781,104.23771667480469,472100,0.0
2019-09-19,120.95999908447266,121.22000122070312,120.37999725341797,120.47000122070312,103.95296478271484,606800,0.0
2019-09-20,120.76000213623047,120.98999786376953,119.83999633789062,119.98999786376953,103.53878784179688,636700,0.0
2019-09-23,119.5999984741211,120.4000015258789,119.56999969482422,120.11000061035156,103.642333984375,354100,0.0
2019-09-24,119.8499984741211,119.94000244140625,118.1500015258789,118.54000091552734,102.90099334716797,1082800,0.716
2019-09-25,118.55999755859375,119.41000366210938,118.23999786376953,119.23999786376953,103.5086441040039,672600,0.0
2019-09-26,119.23999786376953,119.23999786376953,118.29000091552734,118.80000305175781,103.12667846679688,636800,0.0
2019-09-27,119.16000366210938,119.27999877929688,117.94000244140625,118.54000091552734,102.90099334716797,607000,0.0
2019-09-30,118.80000305175781,119.41000366210938,118.80000305175781,119.13999938964844,103.42183685302734,524800,0.0
2019-10-01,119.58999633789062,119.83999633789062,117.41000366210938,117.70999908447266,102.18050384521484,1461400,0.0
2019-10-02,116.88999938964844,116.91000366210938,114.93000030517578,115.41000366210938,100.18394470214844,997400,0.0
2019-10-03,115.30999755859375,116.06999969482422,114.01000213623047,116.06999969482422,100.7568588256836,1056900,0.0
2019-10-04,116.4800033569336,117.77999877929688,116.44999694824219,117.69000244140625,102.16313171386719,632100,0.0
2019-10-07,117.45999908447266,118.16000366210938,117.13999938964844,117.25,101.78119659423828,775000,0.0
2019-10-08,116.3499984741211,116.63999938964844,115.4000015258789,115.41000366210938,100.18394470214844,860100,0.0
2019-10-09,116.25,116.80999755859375,115.94000244140625,116.37000274658203,101.01727294921875,616100,0.0
2019-10-10,116.43000030517578,117.79000091552734,116.43000030517578,117.4000015258789,101.91141510009766,868400,0.0
2019-10-11,118.68000030517578,119.83000183105469,118.62000274658203,118.87000274658203,103.18744659423828,1229300,0.0
2019-10-14,118.72000122070312,118.97000122070312,118.5199966430664,118.77999877929688,103.10932922363281,538500,0.0
2019-10-15,119.27999877929688,120.31999969482422,119.12999725341797,119.88999938964844,104.07290649414062,853500,0.0
2019-10-16,119.7699966430664,120.13999938964844,119.61000061035156,119.72000122070312,103.92530822753906,484900,0.0
2019-10-17,120.16999816894531,120.47000122070312,119.76000213623047,120.12000274658203,104.27254486083984,503800,0.0
2019-10-18,119.87000274658203,120.43000030517578,119.66999816894531,120.08000183105469,104.2378158569336,646900,0.0
2019-10-21,120.73999786376953,121.16000366210938,120.73999786376953,121.11000061035156,105.1319351196289,805500,0.0
2019-10-22,121.36000061035156,122.04000091552734,121.08999633789062,121.41999816894531,105.40103912353516,1045000,0.0
2019-10-23,121.20999908447266,121.7300033569336,121.11000061035156,121.69000244140625,105.63541412353516,757800,0.0
2019-10-24,122.0,122.12000274658203,121.13999938964844,121.51000213623047,105.47917938232422,548600,0.0
2019-10-25,121.45999908447266,122.3499984741211,121.45999908447266,122.18000030517578,106.06076049804688,824000,0.0
2019-10-28,122.66000366210938,123.06999969482422,122.63999938964844,122.72000122070312,106.52952575683594,950400,0.0
2019-10-29,122.48999786376953,122.9800033569336,122.43000030517578,122.52999877929688,106.3646011352539,758500,0.0
2019-10-30,122.66000366210938,122.72000122070312,121.9000015258789,122.6500015258789,106.46875762939453,770200,0.0
2019-10-31,122.5199966430664,122.63999938964844,121.4800033569336,122.27999877929688,106.14757537841797,658900,0.0
2019-11-01,122.94000244140625,123.97000122070312,122.8499984741211,123.97000122070312,107.61461639404297,1393400,0.0
2019-11-04,124.70999908447266,124.87999725341797,124.55999755859375,124.80999755859375,108.34381866455078,1140500,0.0
2019-11-05,125.0199966430664,125.31999969482422,124.75,124.93000030517578,108.44796752929688,1198900,0.0
2019-11-06,124.97000122070312,125.08999633789062,124.52999877929688,124.97000122070312,108.48268127441406,1432800,0.0
2019-11-07,125.75,126.08000183105469,125.38999938964844,125.63999938964844,109.06428527832031,866800,0.0
2019-11-08,125.44000244140625,125.91999816894531,124.97000122070312,125.91999816894531,109.30734252929688,614400,0.0
2019-11-11,125.25,125.66999816894531,125.13999938964844,125.58000183105469,109.01219177246094,816300,0.0
2019-11-12,125.73999786376953,126.13999938964844,125.36000061035156,125.63999938964844,109.06428527832031,789900,0.0
2019-11-13,125.13999938964844,125.87000274658203,124.97000122070312,125.6500015258789,109.07299041748047,822600,0.0
2019-11-14,125.58000183105469,125.87000274658203,125.22000122070312,125.75,109.1597671508789,465400,0.0
2019-11-15,126.33000183105469,126.66999816894531,125.98999786376953,126.66999816894531,109.95841979980469,803900,0.0
2019-11-18,126.5199966430664,126.87000274658203,126.36000061035156,126.79000091552734,110.06256103515625,1145500,0.0
2019-11-19,127.0,127.0,126.12000274658203,126.33000183105469,109.66326141357422,531700,0.0
2019-11-20,126.01000213623047,126.12000274658203,125.05999755859375,125.76000213623047,109.16845703125,643200,0.0
2019-11-21,125.88999938964844,125.91000366210938,125.3499984741211,125.68000030517578,109.09900665283203,754700,0.0
2019-11-22,126.05000305175781,126.25,125.66999816894531,126.08999633789062,109.45491790771484,831300,0.0
2019-11-25,126.5199966430664,127.02999877929688,126.51000213623047,126.97000122070312,110.21880340576172,1001800,0.0
2019-11-26,127.0,127.0999984741211,126.69999694824219,126.9000015258789,110.15806579589844,730500,0.0
2019-11-27,127.22000122070312,127.4800033569336,127.01000213623047,127.43000030517578,110.6181411743164,613900,0.0
2019-11-29,127.26000213623047,127.30000305175781,126.87000274658203,127.0199966430664,110.2622299194336,272800,0.0
2019-12-02,127.18000030517578,127.25,126.02999877929688,126.0999984741211,109.46359252929688,1111100,0.0
2019-12-03,124.80000305175781,124.91000366210938,124.04000091552734,124.86000061035156,108.38717651367188,1042300,0.0
2019-12-04,125.41999816894531,126.18000030517578,125.29000091552734,125.83000183105469,109.22921752929688,665900,0.0
2019-12-05,126.19999694824219,126.33999633789062,125.63999938964844,126.25,109.59381866455078,875200,0.0
2019-12-06,127.19000244140625,127.79000091552734,127.19000244140625,127.55000305175781,110.72230529785156,638100,0.0
2019-12-09,127.36000061035156,127.62000274658203,127.08999633789062,127.12000274658203,110.34905242919922,488600,0.0
2019-12-10,127.13999938964844,127.44000244140625,126.63999938964844,127.06999969482422,110.3056411743164,764500,0.0
2019-12-11,127.22000122070312,127.56999969482422,127.12000274658203,127.4000015258789,110.59208679199219,387400,0.0
2019-12-12,127.37999725341797,129.1300048828125,127.26000213623047,128.88999938964844,111.8855209350586,1203900,0.0
2019-12-13,128.85000610351562,129.52999877929688,128.22999572753906,128.6999969482422,111.72056579589844,980500,0.0
2019-12-16,128.88999938964844,129.36000061035156,128.75999450683594,128.9600067138672,112.59278869628906,1060500,0.739
2019-12-17,129.1300048828125,129.3699951171875,129.0399932861328,129.08999633789062,112.706298828125,641100,0.0
2019-12-18,129.24000549316406,129.3000030517578,128.97000122070312,129.00999450683594,112.6364517211914,816200,0.0
2019-12-19,129.13999938964844,129.41000366210938,129.10000610351562,129.32000732421875,112.90713500976562,858700,0.0
2019-12-20,129.8800048828125,130.25,129.7899932861328,129.92999267578125,113.43968963623047,870600,0.0
2019-12-23,130.13999938964844,130.13999938964844,129.88999938964844,130.00999450683594,113.50953674316406,727200,0.0
2019-12-24,130.08999633789062,130.17999267578125,129.85000610351562,129.9199981689453,113.43095397949219,383300,0.0
2019-12-26,130.0500030517578,130.3300018310547,129.92999267578125,130.25999450683594,113.7278060913086,429400,0.0
2019-12-27,130.47999572753906,130.52999877929688,130.07000732421875,130.2100067138672,113.68416595458984,655000,0.0
2019-12-30,130.3000030517578,130.3699951171875,129.52999877929688,129.6999969482422,113.23889923095703,933600,0.0
2019-12-31,129.42999267578125,130.16000366210938,129.3800048828125,130.08999633789062,113.57937622070312,617000,0.0
2020-01-02,130.67999267578125,130.77999877929688,129.94000244140625,130.58999633789062,114.01593017578125,2280200,0.0
2020-01-03,129.3300018310547,129.99000549316406,129.2899932861328,129.66000366210938,113.20394134521484,956800,0.0
2020-01-06,129.0,129.91000366210938,128.92999267578125,129.8699951171875,113.38729095458984,1059100,0.0
2020-01-07,129.52000427246094,129.58999633789062,129.13999938964844,129.3800048828125,112.95948791503906,966000,0.0
2020-01-08,129.3800048828125,130.3000030517578,129.24000549316406,129.72000122070312,113.25634765625,1044700,0.0
2020-01-09,130.3000030517578,130.3800048828125,129.91000366210938,130.3000030517578,113.76273345947266,690100,0.0
2020-01-10,130.49000549316406,130.5800018310547,129.69000244140625,129.83999633789062,113.3611068725586,569000,0.0
2020-01-13,130.0500030517578,130.32000732421875,129.7100067138672,130.30999755859375,113.77146911621094,709300,0.0
2020-01-14,130.17999267578125,130.75,130.0500030517578,130.41000366210938,113.85875701904297,769000,0.0
2020-01-15,130.27000427246094,131.00999450683594,130.27000427246094,130.6300048828125,114.05081939697266,817400,0.0
2020-01-16,131.19000244140625,131.60000610351562,131.05999755859375,131.57000732421875,114.8715591430664,457700,0.0
2020-01-17,131.82000732421875,131.86000061035156,131.60000610351562,131.77999877929688,115.0549087524414,556300,0.0
2020-01-21,131.32000732421875,131.66000366210938,131.1300048828125,131.25,114.59215545654297,763400,0.0
2020-01-22,131.55999755859375,131.75999450683594,131.2100067138672,131.32000732421875,114.65328216552734,469800,0.0
2020-01-23,130.94000244140625,131.39999389648438,130.25999450683594,131.30999755859375,114.64454650878906,658900,0.0
2020-01-24,131.41000366210938,131.41000366210938,129.4600067138672,130.0,113.50082397460938,967900,0.0
2020-01-27,128.16000366210938,128.7899932861328,128.00999450683594,128.2100067138672,111.93798065185547,1199100,0.0
2020-01-28,128.6199951171875,129.50999450683594,128.5399932861328,129.07000732421875,112.68885803222656,546500,0.0
2020-01-29,129.42999267578125,129.52000427246094,128.4600067138672,128.47000122070312,112.16500091552734,594300,0.0
2020-01-30,127.56999969482422,129.0399932861328,127.2300033569336,128.9499969482422,112.58406066894531,1088800,0.0
2020-01-31,128.27000427246094,128.3699951171875,126.20999908447266,126.61000061035156,110.54106903076172,1564100,0.0
2020-02-03,127.33999633789062,128.08999633789062,126.94000244140625,127.05999755859375,110.93391418457031,1167400,0.0
2020-02-04,128.50999450683594,129.13999938964844,128.5,128.61000061035156,112.2872085571289,708700,0.0
2020-02-05,129.67999267578125,131.0,129.67999267578125,130.91000366210938,114.29531860351562,985600,0.0
2020-02-06,131.4600067138672,131.4600067138672,130.77000427246094,130.92999267578125,114.31278228759766,475400,0.0
2020-02-07,130.5800018310547,130.6699981689453,130.00999450683594,130.1699981689453,113.64923095703125,535000,0.0
2020-02-10,129.89999389648438,130.60000610351562,129.89999389648438,130.5800018310547,114.00718688964844,578000,0.0
2020-02-11,131.0800018310547,131.5399932861328,130.9600067138672,131.1699981689453,114.52228546142578,664300,0.0
2020-02-12,131.7899932861328,132.10000610351562,131.5,131.7899932861328,115.06361389160156,400200,0.0
2020-02-13,131.25,131.86000061035156,130.97999572753906,131.5500030517578,114.85406494140625,436800,0.0
2020-02-14,131.72999572753906,131.77999877929688,130.97000122070312,131.42999267578125,114.74930572509766,350800,0.0
2020-02-18,131.1999969482422,131.39999389648438,130.38999938964844,130.94000244140625,114.32149505615234,465500,0.0
2020-02-19,131.25999450683594,131.5800018310547,131.1199951171875,131.3300018310547,114.66200256347656,509800,0.0
2020-02-20,131.08999633789062,131.55999755859375,130.1999969482422,131.19000244140625,114.53977966308594,734600,0.0
2020-02-21,130.63999938964844,130.80999755859375,130.13999938964844,130.6300048828125,114.05081939697266,3138900,0.0
2020-02-24,127.47000122070312,127.88999938964844,126.29000091552734,126.61000061035156,110.54106903076172,2531500,0.0
2020-02-25,126.91999816894531,127.0,122.25,122.58999633789062,107.03126525878906,1633800,0.0
2020-02-26,123.25,124.16999816894531,121.44000244140625,121.48999786376953,106.07087707519531,1314900,0.0
2020-02-27,119.45999908447266,120.9800033569336,116.29000091552734,116.29000091552734,101.53083038330078,4393400,0.0
2020-02-28,113.0,114.80999755859375,111.3499984741211,114.62999725341797,100.08152770996094,3929100,0.0
2020-03-02,115.27999877929688,119.80000305175781,113.95999908447266,119.80000305175781,104.59536743164062,1860600,0.0
2020-03-03,119.7699966430664,121.5999984741211,115.4000015258789,116.4000015258789,101.62688446044922,1778100,0.0
2020-03-04,118.79000091552734,121.43000030517578,117.83000183105469,121.31999969482422,105.92243957519531,1620300,0.0
2020-03-05,118.26000213623047,119.26000213623047,116.19000244140625,117.30000305175781,102.41263580322266,997600,0.0
2020-03-06,113.69999694824219,115.77999877929688,112.75,115.20999908447266,100.587890625,1181700,0.0
2020-03-09,106.48999786376953,109.37999725341797,102.63999938964844,105.80000305175781,92.37218475341797,1495200,0.0
2020-03-10,109.68000030517578,110.68000030517578,105.0,110.68000030517578,96.63284301757812,1168900,0.0
2020-03-11,107.56999969482422,108.02999877929688,103.87000274658203,104.95999908447266,91.63880920410156,1266900,0.0
2020-03-12,97.80999755859375,101.13999938964844,93.31999969482422,94.33999633789062,82.36666107177734,3164700,0.0
2020-03-13,100.0,103.12000274658203,94.88999938964844,102.9000015258789,89.84024047851562,2494600,0.0
2020-03-16,91.51000213623047,97.83000183105469,89.0199966430664,91.38999938964844,79.79106903076172,2371100,0.0
2020-03-17,93.12999725341797,97.5199966430664,90.5,96.45999908447266,84.21760559082031,2237500,0.0
2020-03-18,90.94999694824219,93.5999984741211,86.25,91.25,79.6688232421875,2710600,0.0
2020-03-19,90.58999633789062,92.62000274658203,87.0999984741211,90.66000366210938,79.15370178222656,2643600,0.0
2020-03-20,91.54000091552734,91.94000244140625,86.2699966430664,86.70999908447266,75.70503997802734,2415300,0.0
2020-03-23,86.06999969482422,86.06999969482422,81.69999694824219,82.97000122070312,72.439697265625,2802300,0.0
2020-03-24,87.58999633789062,91.2699966430664,87.0,91.01000213623047,79.45930480957031,1964300,0.0
2020-03-25,91.0,95.69999694824219,88.80999755859375,92.23999786376953,81.26718139648438,13796200,0.822
2020-03-26,93.2300033569336,98.55999755859375,93.0,97.93000030517578,86.28031158447266,7715000,0.0
2020-03-27,94.77999877929688,97.97000122070312,93.9800033569336,95.26000213623047,83.92793273925781,3330700,0.0
2020-03-30,95.80000305175781,98.3499984741211,94.9000015258789,97.98999786376953,86.33316802978516,7177900,0.0
2020-03-31,97.6500015258789,98.31999969482422,95.69000244140625,96.25,84.80014038085938,3167200,0.0
2020-04-01,92.72000122070312,93.5199966430664,90.95999908447266,91.94000244140625,81.00288391113281,3794400,0.0
2020-04-02,91.47000122070312,94.77999877929688,91.36000061035156,94.16999816894531,82.96759033203125,2763100,0.0
2020-04-03,93.79000091552734,94.80999755859375,91.66000366210938,92.73999786376953,81.70769500732422,2195800,0.0
2020-04-06,96.19000244140625,99.25,95.80000305175781,98.56999969482422,86.84416198730469,2254900,0.0
2020-04-07,102.30999755859375,102.52999877929688,98.80999755859375,98.94000244140625,87.17013549804688,3310700,0.0
2020-04-08,99.95999908447266,103.45999908447266,99.12999725341797,102.94000244140625,90.69432067871094,3157100,0.0
2020-04-09,104.58999633789062,106.69000244140625,103.97000122070312,105.2300033569336,92.71189880371094,10952300,0.0
2020-04-13,104.94000244140625,105.05999755859375,102.02999877929688,103.16000366210938,90.88815307617188,2349900,0.0
2020-04-14,105.2300033569336,105.93000030517578,104.16000366210938,105.37000274658203,92.83525085449219,1699200,0.0
2020-04-15,102.83000183105469,103.0999984741211,101.5199966430664,102.41000366210938,90.22737121582031,5014500,0.0
2020-04-16,102.70999908447266,102.80999755859375,101.13999938964844,102.30999755859375,90.13925170898438,1439800,0.0
2020-04-17,104.97000122070312,106.36000061035156,104.19000244140625,106.02999877929688,93.41674041748047,1758300,0.0
2020-04-20,104.04000091552734,105.73999786376953,103.73999786376953,103.8499984741211,91.4960708618164,1172500,0.0
2020-04-21,101.79000091552734,102.69999694824219,100.80999755859375,101.08000183105469,89.05558776855469,1587200,0.0
2020-04-22,102.97000122070312,103.29000091552734,102.08000183105469,102.62999725341797,90.42119598388672,1398400,0.0
2020-04-23,103.06999969482422,104.44999694824219,102.58999633789062,102.69999694824219,90.48287963867188,1097100,0.0
2020-04-24,103.30999755859375,104.37000274658203,102.41999816894531,103.98999786376953,91.61941528320312,969800,0.0
2020-04-27,104.68000030517578,106.63999938964844,104.55999755859375,106.19000244140625,93.55769348144531,1154600,0.0
2020-04-28,107.94000244140625,108.25,106.27999877929688,106.63999938964844,93.95415496826172,2048600,0.0
2020-04-29,108.66999816894531,109.5999984741211,107.94999694824219,108.69999694824219,95.76910400390625,1731900,0.0
2020-04-30,107.45999908447266,107.55999755859375,106.0999984741211,106.48999786376953,93.822021484375,1351100,0.0
2020-05-01,104.88999938964844,104.95999908447266,103.08999633789062,103.54000091552734,91.22295379638672,991300,0.0
2020-05-04,102.69999694824219,103.54000091552734,101.94000244140625,103.4800033569336,91.17008209228516,2619700,0.0
2020-05-05,104.61000061035156,105.23999786376953,103.91999816894531,104.0,91.62822723388672,2191400,0.0
2020-05-06,104.54000091552734,104.73999786376953,102.37000274658203,102.37000274658203,90.192138671875,1072800,0.0
2020-05-07,103.52999877929688,104.5999984741211,103.19000244140625,103.33000183105469,91.03794860839844,1219700,0.0
2020-05-08,104.8499984741211,105.75,104.45999908447266,105.58999633789062,93.02906036376953,1118800,0.0
2020-05-11,104.69999694824219,105.54000091552734,104.12000274658203,104.83999633789062,92.36830139160156,1388400,0.0
2020-05-12,105.41000366210938,105.55999755859375,102.7699966430664,102.7699966430664,90.54452514648438,1056400,0.0
2020-05-13,102.41000366210938,102.41000366210938,99.69000244140625,100.41000366210938,88.46528625488281,1871000,0.0
2020-05-14,99.27999877929688,101.94000244140625,98.2699966430664,101.87000274658203,89.7516098022461,1886400,0.0
2020-05-15,101.1500015258789,102.1500015258789,100.63999938964844,101.91999816894531,89.79566192626953,1064200,0.0
2020-05-18,104.9000015258789,106.63999938964844,104.9000015258789,106.05999755859375,93.44316864013672,903800,0.0
2020-05-19,105.76000213623047,105.87000274658203,104.29000091552734,104.29000091552734,91.88373565673828,863400,0.0
2020-05-20,105.6500015258789,106.41000366210938,105.41000366210938,105.93000030517578,93.32861328125,892700,0.0
2020-05-21,105.66000366210938,106.16000366210938,104.80999755859375,105.26000213623047,92.73833465576172,930800,0.0
2020-05-22,105.1500015258789,105.31999969482422,104.37999725341797,105.26000213623047,92.73833465576172,910300,0.0
2020-05-26,107.94000244140625,108.75,107.72000122070312,107.87999725341797,95.0466537475586,1597600,0.0
2020-05-27,109.94999694824219,110.41000366210938,108.3499984741211,110.37000274658203,97.24044799804688,1546200,0.0
2020-05-28,111.30000305175781,111.41999816894531,109.63999938964844,109.93000030517578,96.8528060913086,1028400,0.0
2020-05-29,109.47000122070312,110.1500015258789,108.12999725341797,109.93000030517578,96.8528060913086,1681300,0.0
2020-06-01,109.70999908447266,110.61000061035156,109.37999725341797,110.2699966430664,97.15235137939453,488900,0.0
2020-06-02,110.81999969482422,111.38999938964844,110.38999938964844,111.3499984741211,98.10388946533203,830600,0.0
2020-06-03,112.58999633789062,113.94999694824219,112.52999877929688,113.55999755859375,100.05096435546875,4442800,0.0
2020-06-04,113.04000091552734,114.12999725341797,112.83000183105469,114.0199966430664,100.45624542236328,1830200,0.0
2020-06-05,117.58999633789062,118.75,117.01000213623047,117.44999694824219,103.47821807861328,1363000,0.0
2020-06-08,118.41000366210938,119.7300033569336,118.16999816894531,119.66999816894531,105.43412017822266,1307300,0.0
2020-06-09,118.08000183105469,118.08000183105469,116.9800033569336,117.37000274658203,103.40774536132812,1200200,0.0
2020-06-10,117.25,117.25,114.94999694824219,114.94999694824219,101.27560424804688,4953700,0.0
2020-06-11,111.19000244140625,111.94999694824219,107.18000030517578,107.45999908447266,94.6766128540039,2333100,0.0
2020-06-12,110.6500015258789,110.83000183105469,107.05000305175781,109.19000244140625,96.20082092285156,1300700,0.0
2020-06-15,105.91999816894531,109.97000122070312,105.33999633789062,109.43000030517578,96.96997833251953,1133800,0.628
2020-06-16,112.83000183105469,113.0,109.55000305175781,111.45999908447266,98.76885223388672,1733200,0.0
2020-06-17,111.75,111.75,110.0999984741211,110.26000213623047,97.70549774169922,769600,0.0
2020-06-18,109.41999816894531,110.5999984741211,109.26000213623047,110.23999786376953,97.68778991699219,571700,0.0
2020-06-19,111.83999633789062,111.9000015258789,108.93000030517578,109.33999633789062,96.89022064208984,1078000,0.0
2020-06-22,108.94000244140625,109.55000305175781,108.20999908447266,109.23999786376953,96.80162811279297,643600,0.0
2020-06-23,110.36000061035156,110.54000091552734,109.41000366210938,109.41999816894531,96.96112823486328,717800,0.0
2020-06-24,108.47000122070312,108.4800033569336,105.66000366210938,106.36000061035156,94.24955749511719,789400,0.0
2020-06-25,105.9800033569336,107.63999938964844,105.47000122070312,107.51000213623047,95.26861572265625,938100,0.0
2020-06-26,106.88999938964844,107.04000091552734,104.69999694824219,105.22000122070312,93.2393569946289,1342500,0.0
2020-06-29,106.06999969482422,107.01000213623047,105.38999938964844,106.97000122070312,94.79006958007812,1025400,0.0
2020-06-30,106.79000091552734,108.75,106.6500015258789,108.20999908447266,95.888916015625,1220400,0.0
2020-07-01,108.58999633789062,109.30000305175781,107.8499984741211,108.19000244140625,95.87117767333984,1764800,0.0
2020-07-02,109.5999984741211,110.20999908447266,108.45999908447266,108.66999816894531,96.29654693603516,702500,0.0
2020-07-06,110.26000213623047,110.47000122070312,109.26000213623047,109.69000244140625,97.20038604736328,849700,0.0
2020-07-07,108.80000305175781,109.05999755859375,108.08999633789062,108.29000091552734,95.9598159790039,1013500,0.0
2020-07-08,108.37000274658203,108.87000274658203,107.5999984741211,108.47000122070312,96.11930084228516,1389300,0.0
2020-07-09,108.41000366210938,108.43000030517578,105.88999938964844,106.7699966430664,94.61285400390625,1010200,0.0
2020-07-10,106.73999786376953,108.7699966430664,106.73999786376953,108.66000366210938,96.28765106201172,1284600,0.0
2020-07-13,109.41999816894531,110.4800033569336,108.58999633789062,108.87000274658203,96.4737548828125,1281900,0.0
2020-07-14,108.5199966430664,110.66999816894531,108.1500015258789,110.55000305175781,97.96245574951172,1933800,0.0
2020-07-15,112.06999969482422,112.33999633789062,111.3499984741211,112.02999877929688,99.27396392822266,1181700,0.0
2020-07-16,111.5199966430664,112.51000213623047,111.26000213623047,112.01000213623047,99.25621795654297,661100,0.0
2020-07-17,112.44999694824219,112.70999908447266,111.95999908447266,112.37000274658203,99.57524871826172,539900,0.0
2020-07-20,112.16000366210938,112.30000305175781,111.33000183105469,111.47000122070312,98.77770233154297,600300,0.0
2020-07-21,112.23999786376953,113.44000244140625,112.11000061035156,112.88999938964844,100.03600311279297,773000,0.0
2020-07-22,112.62000274658203,113.55000305175781,112.33999633789062,113.41000366210938,100.496826171875,707400,0.0
2020-07-23,113.47000122070312,114.12999725341797,112.94000244140625,113.37000274658203,100.46137237548828,954800,0.0
2020-07-24,113.26000213623047,113.5199966430664,112.19000244140625,112.55000305175781,99.7347412109375,783000,0.0
2020-07-27,112.45999908447266,112.6500015258789,111.79000091552734,112.5999984741211,99.77904510498047,593400,0.0
2020-07-28,112.3499984741211,113.0999984741211,112.25,112.52999877929688,99.7170181274414,500500,0.0
2020-07-29,112.69999694824219,113.98999786376953,112.62000274658203,113.79000091552734,100.83354949951172,396900,0.0
2020-07-30,112.5999984741211,112.73999786376953,111.44000244140625,112.54000091552734,99.72587585449219,627900,0.0
2020-07-31,112.22000122070312,112.30999755859375,110.76000213623047,112.25,99.46890258789062,516400,0.0
2020-08-03,112.56999969482422,112.87000274658203,111.91000366210938,112.54000091552734,99.72587585449219,406800,0.0
2020-08-04,112.29000091552734,113.2300033569336,112.26000213623047,113.1500015258789,100.26641845703125,478500,0.0
2020-08-05,113.87000274658203,114.05000305175781,113.58999633789062,113.76000213623047,100.80696105957031,478600,0.0
2020-08-06,113.5999984741211,113.9800033569336,113.30999755859375,113.7699966430664,100.8158187866211,459300,0.0
2020-08-07,113.47000122070312,115.1500015258789,113.45999908447266,115.12000274658203,102.01211547851562,579600,0.0
2020-08-10,115.4000015258789,116.30000305175781,115.36000061035156,116.2300033569336,102.99573516845703,555800,0.0
2020-08-11,117.48999786376953,117.91999816894531,115.69000244140625,115.93000030517578,102.72989654541016,713900,0.0
2020-08-12,116.97000122070312,117.16000366210938,116.37999725341797,116.77999877929688,103.48310852050781,858600,0.0
2020-08-13,116.0,116.30999755859375,115.56999969482422,115.87999725341797,102.6855697631836,514600,0.0
2020-08-14,115.5,116.47000122070312,115.37999725341797,116.18000030517578,102.95140838623047,424500,0.0
2020-08-17,116.23999786376953,116.23999786376953,115.70999908447266,115.87999725341797,102.6855697631836,370100,0.0
2020-08-18,115.94999694824219,116.04000091552734,115.30000305175781,115.41999816894531,102.27794647216797,386800,0.0
2020-08-19,115.66999816894531,115.98999786376953,114.69999694824219,114.95999908447266,101.87032318115234,382400,0.0
2020-08-20,114.2699966430664,114.66000366210938,114.05999755859375,114.33999633789062,101.3209228515625,544400,0.0
2020-08-21,114.11000061035156,114.47000122070312,113.86000061035156,114.33000183105469,101.31206512451172,510400,0.0
2020-08-24,114.91999816894531,115.91999816894531,114.48999786376953,115.87999725341797,102.6855697631836,547800,0.0
2020-08-25,116.41000366210938,116.4800033569336,115.30999755859375,115.76000213623047,102.57923889160156,362600,0.0
2020-08-26,115.63999938964844,115.69999694824219,114.93000030517578,115.41999816894531,102.27794647216797,486600,0.0
2020-08-27,115.75,116.70999908447266,115.75,116.27999877929688,103.0400161743164,477300,0.0
2020-08-28,116.69000244140625,117.16000366210938,116.04000091552734,117.08999633789062,103.75779724121094,316700,0.0
2020-08-31,116.94000244140625,116.94000244140625,116.19000244140625,116.20999908447266,102.9780044555664,556500,0.0
2020-09-01,115.77999877929688,116.22000122070312,115.47000122070312,116.18000030517578,102.95140838623047,989200,0.0
2020-09-02,116.4000015258789,118.54000091552734,116.20999908447266,118.22000122070312,104.75914001464844,874900,0.0
2020-09-03,118.44999694824219,119.25,115.19000244140625,115.94999694824219,102.74758911132812,1270000,0.0
2020-09-04,116.91000366210938,117.2300033569336,114.47000122070312,115.95999908447266,102.75648498535156,980400,0.0
2020-09-08,115.26000213623047,115.26000213623047,113.54000091552734,113.80999755859375,100.85127258300781,948400,0.0
2020-09-09,114.61000061035156,116.04000091552734,114.55000305175781,115.12999725341797,102.0209732055664,644300,0.0
2020-09-10,115.4000015258789,115.5999984741211,113.20999908447266,113.38999938964844,100.47908782958984,733300,0.0
2020-09-11,113.87999725341797,114.4800033569336,113.16000366210938,114.08000183105469,101.09053802490234,615400,0.0
2020-09-14,114.80000305175781,116.06999969482422,114.69999694824219,115.5199966430664,102.36656188964844,369600,0.0
2020-09-15,116.01000213623047,116.30000305175781,115.13999938964844,115.30000305175781,102.17161560058594,611900,0.0
2020-09-16,115.87999725341797,117.26000213623047,115.69999694824219,116.11000061035156,102.8893814086914,442400,0.0
2020-09-17,114.83999633789062,115.9800033569336,114.38999938964844,115.5199966430664,102.36656188964844,958900,0.0
2020-09-18,115.69000244140625,115.76000213623047,114.12000274658203,114.5999984741211,101.55133819580078,569500,0.0
2020-09-21,112.80999755859375,112.93000030517578,110.79000091552734,112.08000183105469,99.31825256347656,963800,0.0
2020-09-22,112.0999984741211,112.91999816894531,111.51000213623047,112.12999725341797,99.36255645751953,502300,0.0
2020-09-23,111.6500015258789,112.08999633789062,109.25,109.27999877929688,97.53028869628906,639100,0.797
2020-09-24,109.06999969482422,110.44000244140625,108.19999694824219,109.4000015258789,97.63739013671875,662200,0.0
2020-09-25,108.9000015258789,110.93000030517578,108.70999908447266,110.66999816894531,98.77082824707031,709000,0.0
2020-09-28,111.83000183105469,112.93000030517578,111.83000183105469,112.4000015258789,100.3148193359375,519500,0.0
2020-09-29,112.38999938964844,112.45999908447266,111.0999984741211,111.52999877929688,99.53838348388672,423400,0.0
2020-09-30,111.91999816894531,113.55999755859375,111.80000305175781,112.44999694824219,100.35945892333984,844200,0.0
2020-10-01,113.0,113.4000015258789,111.93000030517578,112.56999969482422,100.466552734375,680200,0.0
2020-10-02,110.97000122070312,113.51000213623047,110.94999694824219,112.80999755859375,100.68075561523438,753300,0.0
2020-10-05,113.5999984741211,114.69999694824219,113.5199966430664,114.58000183105469,102.26045227050781,560400,0.0
2020-10-06,114.88999938964844,115.81999969482422,113.33999633789062,113.4800033569336,101.27871704101562,569700,0.0
2020-10-07,114.4000015258789,115.68000030517578,114.4000015258789,115.31999969482422,102.9208755493164,717400,0.0
2020-10-08,115.95999908447266,116.79000091552734,115.9000015258789,116.7699966430664,104.21498107910156,440900,0.0
2020-10-09,117.45999908447266,117.62000274658203,116.62000274658203,116.95999908447266,104.38453674316406,462100,0.0
2020-10-12,117.19000244140625,118.12000274658203,117.08000183105469,117.80999755859375,105.14315032958984,422300,0.0
2020-10-13,117.41999816894531,117.58999633789062,116.30999755859375,116.5999984741211,104.06324768066406,483600,0.0
2020-10-14,116.62000274658203,117.13999938964844,115.88999938964844,116.0199966430664,103.54560852050781,494200,0.0
2020-10-15,114.83999633789062,116.4000015258789,114.7699966430664,116.33000183105469,103.82227325439453,407500,0.0
2020-10-16,116.66000366210938,117.25,116.41000366210938,116.66000366210938,104.1167984008789,528700,0.0
2020-10-19,116.91999816894531,117.12999725341797,114.87000274658203,115.08999633789062,102.71559143066406,659400,0.0
2020-10-20,115.68000030517578,116.62000274658203,115.30999755859375,115.5199966430664,103.09938049316406,675200,0.0
2020-10-21,115.51000213623047,116.01000213623047,115.13999938964844,115.13999938964844,102.76024627685547,441500,0.0
2020-10-22,115.2300033569336,116.83000183105469,115.16999816894531,116.69000244140625,104.14360046386719,871300,0.0
2020-10-23,117.20999908447266,117.37999725341797,116.18000030517578,116.91000366210938,104.3399429321289,595300,0.0
2020-10-26,115.48999786376953,115.68000030517578,113.58000183105469,114.63999938964844,102.31399536132812,937400,0.0
2020-10-27,114.37999725341797,114.5199966430664,113.18000030517578,113.18000030517578,101.01097869873047,598700,0.0
2020-10-28,111.18000030517578,112.05000305175781,109.73999786376953,109.93000030517578,98.11040496826172,1321100,0.0
2020-10-29,109.6500015258789,111.43000030517578,108.7300033569336,110.44999694824219,98.57449340820312,933400,0.0
2020-10-30,109.94000244140625,110.56999969482422,108.9000015258789,110.38999938964844,98.5209732055664,1043700,0.0
2020-11-02,111.7699966430664,112.75,110.91000366210938,112.55999755859375,100.4576416015625,956200,0.0
2020-11-03,113.9800033569336,115.26000213623047,113.93000030517578,114.5199966430664,102.20690155029297,967100,0.0
2020-11-04,114.77999877929688,116.91000366210938,114.11000061035156,114.88999938964844,102.537109375,1229300,0.0
2020-11-05,116.20999908447266,117.41999816894531,116.05999755859375,116.56999969482422,104.03646850585938,1679200,0.0
2020-11-06,116.72000122070312,117.0,115.9000015258789,116.1500015258789,103.6616439819336,1238200,0.0
2020-11-09,122.2300033569336,123.77999877929688,120.77999877929688,120.97000122070312,107.96338653564453,2253200,0.0
2020-11-10,121.41000366210938,122.75,120.87999725341797,122.55000305175781,109.37350463867188,1836600,0.0
2020-11-11,123.29000091552734,123.29000091552734,121.61000061035156,122.16999816894531,109.03437805175781,847500,0.0
2020-11-12,121.4000015258789,121.62000274658203,119.73999786376953,120.61000061035156,107.64208221435547,1069600,0.0
2020-11-13,121.5199966430664,123.22000122070312,121.5199966430664,122.95999908447266,109.73943328857422,952400,0.0
2020-11-16,125.18000030517578,125.18000030517578,123.77999877929688,125.02999877929688,111.58686065673828,1253200,0.0
2020-11-17,123.91999816894531,124.80000305175781,123.25,124.37999725341797,111.00674438476562,985100,0.0
2020-11-18,124.83000183105469,125.11000061035156,122.80999755859375,122.80999755859375,109.60556030273438,817200,0.0
2020-11-19,122.55000305175781,123.12999725341797,121.7699966430664,122.98999786376953,109.76619720458984,574700,0.0
2020-11-20,122.94000244140625,123.16000366210938,122.22000122070312,122.44000244140625,109.27534484863281,364000,0.0
2020-11-23,123.27999877929688,124.26000213623047,123.19000244140625,124.08000183105469,110.73899841308594,643500,0.0
2020-11-24,125.54000091552734,126.94999694824219,125.2699966430664,126.70999908447266,113.08624267578125,2068100,0.0
2020-11-25,126.37000274658203,126.37000274658203,125.3499984741211,125.94000244140625,112.39903259277344,725200,0.0
2020-11-27,126.12000274658203,126.27999877929688,125.4800033569336,125.88999938964844,112.3543930053711,343200,0.0
2020-11-30,125.44999694824219,125.5199966430664,124.29000091552734,124.63999938964844,111.23880004882812,1396900,0.0
2020-12-01,126.19000244140625,126.91999816894531,125.58999633789062,125.66000366210938,112.14913177490234,678000,0.0
2020-12-02,125.4000015258789,126.58999633789062,125.33999633789062,126.47000122070312,112.8720474243164,474700,0.0
2020-12-03,126.47000122070312,127.2699966430664,126.19999694824219,126.7699966430664,113.13975524902344,441600,0.0
2020-12-04,127.1500015258789,128.2100067138672,127.1500015258789,128.17999267578125,114.398193359375,398300,0.0
2020-12-07,127.72000122070312,127.76000213623047,127.0,127.44000244140625,113.73775482177734,930100,0.0
2020-12-08,126.80999755859375,128.1999969482422,126.73999786376953,128.0399932861328,114.27323913574219,485600,0.0
2020-12-09,128.4600067138672,128.66000366210938,127.3499984741211,127.91000366210938,114.15721893310547,596600,0.0
2020-12-10,127.37000274658203,127.86000061035156,127.2300033569336,127.5999984741211,113.88054656982422,580000,0.0
2020-12-11,127.02999877929688,127.37000274658203,126.33000183105469,127.16999816894531,113.49678039550781,513600,0.0
2020-12-14,127.51000213623047,127.58000183105469,125.0199966430664,125.02999877929688,112.27639770507812,776900,0.781
2020-12-15,125.9800033569336,126.93000030517578,125.33999633789062,126.80000305175781,113.8658447265625,572700,0.0
2020-12-16,126.80000305175781,126.83999633789062,126.1500015258789,126.37000274658203,113.4797134399414,682600,0.0
2020-12-17,126.93000030517578,127.19999694824219,126.58999633789062,127.11000061035156,114.14421844482422,590300,0.0
2020-12-18,127.16000366210938,127.16000366210938,125.7699966430664,126.36000061035156,113.47074127197266,759600,0.0
2020-12-21,124.77999877929688,126.19000244140625,124.02999877929688,125.86000061035156,113.02173614501953,756100,0.0
2020-12-22,125.73999786376953,125.73999786376953,124.83000183105469,124.86000061035156,112.12374877929688,591400,0.0
2020-12-23,125.5,126.36000061035156,125.5,125.79000091552734,112.95886993408203,507300,0.0
2020-12-24,126.02999877929688,126.1500015258789,125.41999816894531,126.12000274658203,113.25520324707031,162100,0.0
2020-12-28,126.87999725341797,127.48999786376953,126.55999755859375,126.68000030517578,113.75808715820312,371000,0.0
2020-12-29,127.25,127.38999938964844,126.18000030517578,126.44999694824219,113.55155944824219,418600,0.0
2020-12-30,126.62999725341797,127.38999938964844,126.62999725341797,126.98999786376953,114.03645324707031,442200,0.0
2020-12-31,126.94999694824219,128.1999969482422,126.61000061035156,128.02000427246094,114.9614028930664,446600,0.0
2021-01-04,128.39999389648438,128.44000244140625,125.25,126.31999969482422,113.43480682373047,2108100,0.0
2021-01-05,126.2300033569336,127.86000061035156,126.01000213623047,127.20999908447266,114.23402404785156,677600,0.0
2021-01-06,127.83000183105469,130.99000549316406,127.7699966430664,130.1199951171875,116.84716796875,986200,0.0
2021-01-07,131.05999755859375,131.6999969482422,130.63999938964844,131.13999938964844,117.76314544677734,732400,0.0
2021-01-08,131.3699951171875,131.52999877929688,129.99000549316406,131.22000122070312,117.83499145507812,558200,0.0
2021-01-11,130.17999267578125,131.47000122070312,130.0800018310547,131.27000427246094,117.8798828125,746100,0.0
2021-01-12,131.41000366210938,132.0500030517578,131.02999877929688,131.8000030517578,118.35581970214844,980800,0.0
2021-01-13,131.80999755859375,132.19000244140625,131.33999633789062,131.72999572753906,118.29296112060547,471400,0.0
2021-01-14,132.19000244140625,132.91000366210938,131.94000244140625,132.17999267578125,118.69706726074219,684900,0.0
2021-01-15,131.14999389648438,131.47000122070312,130.02999877929688,130.97000122070312,117.6104965209961,638600,0.0
2021-01-19,131.83999633789062,131.85000610351562,131.2100067138672,131.4199981689453,118.01457214355469,648700,0.0
2021-01-20,131.83999633789062,132.1999969482422,131.24000549316406,131.97999572753906,118.5174560546875,465700,0.0
2021-01-21,131.9199981689453,132.0,131.0500030517578,131.27999877929688,117.88887786865234,549200,0.0
2021-01-22,130.1300048828125,130.69000244140625,129.77000427246094,130.27999877929688,116.99089050292969,646300,0.0
2021-01-25,129.72999572753906,130.22000122070312,128.85000610351562,130.2100067138672,116.92803955078125,740000,0.0
2021-01-26,130.6999969482422,130.77000427246094,129.69000244140625,129.6999969482422,116.47006225585938,551100,0.0
2021-01-27,128.1300048828125,128.2100067138672,126.22000122070312,126.75,113.8209457397461,983200,0.0
2021-01-28,127.76000213623047,129.4199981689453,127.63999938964844,128.27999877929688,115.19489288330078,692900,0.0
2021-01-29,127.69000244140625,128.22000122070312,125.47000122070312,125.9800033569336,113.1294937133789,868100,0.0
2021-02-01,127.0,127.61000061035156,126.1500015258789,127.06999969482422,114.10832214355469,734700,0.0
2021-02-02,128.27999877929688,129.66000366210938,128.19000244140625,128.88999938964844,115.74266052246094,532800,0.0
2021-02-03,128.85000610351562,129.67999267578125,128.6199951171875,129.4199981689453,116.21858978271484,414700,0.0
2021-02-04,129.64999389648438,131.2100067138672,129.5500030517578,131.1300048828125,117.75418853759766,943200,0.0
2021-02-05,132.1300048828125,132.2899932861328,131.5500030517578,131.77000427246094,118.3288803100586,635400,0.0
2021-02-08,132.25999450683594,133.14999389648438,132.25999450683594,133.14999389648438,119.56810760498047,489700,0.0
2021-02-09,132.91000366210938,133.27999877929688,132.41000366210938,133.07000732421875,119.49630737304688,331800,0.0
2021-02-10,133.6699981689453,133.6699981689453,132.52999877929688,133.22999572753906,119.63993835449219,373800,0.0
2021-02-11,133.49000549316406,133.67999267578125,132.2899932861328,133.13999938964844,119.55915832519531,416500,0.0
2021-02-12,132.85000610351562,133.85000610351562,132.8000030517578,133.77000427246094,120.1248550415039,628200,0.0
2021-02-16,134.44000244140625,134.4600067138672,133.72000122070312,134.0500030517578,120.37629699707031,461600,0.0
2021-02-17,133.72999572753906,134.60000610351562,133.22999572753906,134.47000122070312,120.75347137451172,504700,0.0
2021-02-18,133.8800048828125,134.22000122070312,133.2899932861328,133.9199981689453,120.25959777832031,504200,0.0
2021-02-19,134.38999938964844,134.77000427246094,134.25,134.33999633789062,120.63673400878906,2243100,0.0
2021-02-22,133.89999389648438,135.67999267578125,133.89999389648438,135.22000122070312,121.42699432373047,570700,0.0
2021-02-23,135.5500030517578,136.1699981689453,134.4600067138672,135.74000549316406,121.89395141601562,1626800,0.0
2021-02-24,135.91000366210938,138.0399932861328,135.66000366210938,137.75,123.69892120361328,1094500,0.0
2021-02-25,137.8300018310547,137.9199981689453,134.69000244140625,135.17999267578125,121.39105987548828,1117400,0.0
2021-02-26,135.4600067138672,135.4600067138672,132.97999572753906,133.41000366210938,119.80159759521484,1221200,0.0
2021-03-01,135.3000030517578,137.1199951171875,135.3000030517578,136.3000030517578,122.39679718017578,1097000,0.0
2021-03-02,136.36000061035156,136.8300018310547,135.75999450683594,135.9600067138672,122.09150695800781,1613700,0.0
2021-03-03,136.0,137.3000030517578,135.8800048828125,135.94000244140625,122.07350158691406,1679300,0.0
2021-03-04,135.9499969482422,136.72999572753906,132.7899932861328,134.5500030517578,120.82530975341797,2213800,0.0
2021-03-05,136.13999938964844,137.8699951171875,134.02999877929688,137.39999389648438,123.38461303710938,3151300,0.0
2021-03-08,138.25999450683594,140.50999450683594,137.83999633789062,139.00999450683594,124.8303451538086,3379800,0.0
2021-03-09,139.36000061035156,140.17999267578125,138.60000610351562,138.64999389648438,124.5070571899414,2455800,0.0
2021-03-10,139.1699981689453,140.9499969482422,139.1300048828125,140.5,126.1684341430664,2435400,0.0
2021-03-11,140.77999877929688,141.6199951171875,140.19000244140625,140.57000732421875,126.23129272460938,1214300,0.0
2021-03-12,141.14999389648438,141.9199981689453,140.97999572753906,141.8699951171875,127.39864349365234,3665000,0.0
2021-03-15,142.1300048828125,142.52000427246094,141.02999877929688,142.39999389648438,127.87458038330078,1818900,0.0
2021-03-16,142.1199951171875,142.1199951171875,141.1199951171875,141.4499969482422,127.02146911621094,860700,0.0
2021-03-17,141.63999938964844,142.16000366210938,140.8699951171875,142.10000610351562,127.60521697998047,967700,0.0
2021-03-18,142.02999877929688,143.11000061035156,141.0500030517578,141.3000030517578,126.88680267333984,1124200,0.0
2021-03-19,141.2100067138672,141.39999389648438,139.72000122070312,140.5800018310547,126.24021911621094,1034000,0.0
2021-03-22,140.3800048828125,140.9499969482422,139.92999267578125,140.57000732421875,126.23129272460938,686100,0.0
2021-03-23,139.88999938964844,140.3800048828125,138.44000244140625,138.77999877929688,124.62384033203125,1011600,0.0
2021-03-24,139.35000610351562,140.64999389648438,138.91000366210938,138.91000366210938,124.74058532714844,1237100,0.0
2021-03-25,137.92999267578125,140.19000244140625,137.1699981689453,139.97999572753906,126.32617950439453,1381400,0.687
2021-03-26,140.77000427246094,142.3699951171875,140.36000061035156,142.22999572753906,128.35671997070312,887600,0.0
2021-03-29,141.3699951171875,142.44000244140625,140.88999938964844,141.86000061035156,128.02281188964844,1165200,0.0
2021-03-30,141.86000061035156,142.1999969482422,141.50999450683594,141.92999267578125,128.08596801757812,876700,0.0
2021-03-31,141.75,142.02000427246094,141.14999389648438,141.24000549316406,127.46331024169922,912000,0.0
2021-04-01,141.5,142.22000122070312,141.0500030517578,142.17999267578125,128.31166076660156,1023700,0.0
2021-04-05,143.16000366210938,143.80999755859375,143.02000427246094,143.5,129.5028076171875,881800,0.0
2021-04-06,143.22999572753906,143.8800048828125,143.1999969482422,143.39999389648438,129.41256713867188,782600,0.0
2021-04-07,143.44000244140625,143.88999938964844,142.86000061035156,143.25999450683594,129.28623962402344,689200,0.0
2021-04-08,143.25999450683594,143.27999877929688,142.5500030517578,143.2100067138672,129.2411651611328,649600,0.0
2021-04-09,143.47999572753906,144.0500030517578,143.14999389648438,144.02000427246094,129.9721221923828,607100,0.0
2021-04-12,144.02000427246094,144.27999877929688,143.66000366210938,144.0399932861328,129.9901580810547,483300,0.0
2021-04-13,143.52999877929688,143.80999755859375,142.83999633789062,143.5,129.5028076171875,1062600,0.0
2021-04-14,143.38999938964844,144.7100067138672,143.38999938964844,144.0800018310547,130.0262908935547,683100,0.0
2021-04-15,144.4600067138672,144.91000366210938,144.02999877929688,144.77999877929688,130.65797424316406,1179500,0.0
2021-04-16,145.63999938964844,145.8800048828125,145.25,145.60000610351562,131.3980255126953,692100,0.0
2021-04-19,145.47999572753906,145.61000061035156,144.77000427246094,145.08999633789062,130.93777465820312,913300,0.0
2021-04-20,144.5,144.6699981689453,143.4199981689453,143.83999633789062,129.8096923828125,1006900,0.0
2021-04-21,143.69000244140625,145.64999389648438,143.6199951171875,145.49000549316406,131.29872131347656,992900,0.0
2021-04-22,145.5,145.72999572753906,144.10000610351562,144.36000061035156,130.2789306640625,717100,0.0
2021-04-23,144.4499969482422,146.0399932861328,144.24000549316406,145.52999877929688,131.33486938476562,536300,0.0
2021-04-26,145.7899932861328,146.25,145.32000732421875,145.4600067138672,131.2716827392578,659300,0.0
2021-04-27,145.5500030517578,145.9600067138672,145.1300048828125,145.75999450683594,131.5424346923828,746400,0.0
2021-04-28,145.9199981689453,146.30999755859375,145.72999572753906,145.94000244140625,131.704833984375,854800,0.0
2021-04-29,146.75999450683594,147.42999267578125,146.1999969482422,147.2899932861328,132.92318725585938,865500,0.0
2021-04-30,146.66000366210938,146.9199981689453,146.02999877929688,146.38999938964844,132.11094665527344,578000,0.0
2021-05-03,147.4199981689453,148.07000732421875,147.1199951171875,147.49000549316406,133.10366821289062,521800,0.0
2021-05-04,147.13999938964844,147.74000549316406,146.33999633789062,147.74000549316406,133.3292999267578,1246100,0.0
2021-05-05,148.1300048828125,148.57000732421875,147.50999450683594,148.1300048828125,133.68124389648438,782200,0.0
2021-05-06,148.39999389648438,149.5,147.6999969482422,149.4499969482422,134.87246704101562,724400,0.0
2021-05-07,149.02000427246094,150.75999450683594,148.86000061035156,150.63999938964844,135.9464111328125,708000,0.0
2021-05-10,151.36000061035156,152.22999572753906,150.58999633789062,150.61000061035156,135.91929626464844,978500,0.0
2021-05-11,149.5399932861328,149.82000732421875,147.72999572753906,148.57000732421875,134.07826232910156,1655200,0.0
2021-05-12,148.39999389648438,148.6300048828125,145.85000610351562,145.99000549316406,131.74996948242188,1206200,0.0
2021-05-13,145.99000549316406,148.6999969482422,145.9600067138672,147.97999572753906,133.54586791992188,1055100,0.0
2021-05-14,148.61000061035156,150.10000610351562,148.61000061035156,149.82000732421875,135.20643615722656,713800,0.0
2021-05-17,149.66000366210938,150.08999633789062,149.1699981689453,149.72000122070312,135.11614990234375,562100,0.0
2021-05-18,149.75999450683594,149.8800048828125,148.33999633789062,148.44000244140625,133.9609832763672,832800,0.0
2021-05-19,146.97999572753906,147.55999755859375,145.57000732421875,147.5,133.11270141601562,2531600,0.0
2021-05-20,147.5500030517578,148.8699951171875,147.22999572753906,148.27000427246094,133.80758666992188,2408200,0.0
2021-05-21,148.8699951171875,149.72000122070312,148.47000122070312,148.8000030517578,134.28587341308594,666100,0.0
2021-05-24,149.5800018310547,150.0,149.1199951171875,149.55999755859375,134.9717254638672,1467300,0.0
2021-05-25,149.88999938964844,150.0399932861328,148.57000732421875,148.72000122070312,134.2136688232422,737400,0.0
2021-05-26,148.99000549316406,149.2100067138672,147.9199981689453,149.02999877929688,134.49346923828125,785300,0.0
2021-05-27,149.83999633789062,150.22000122070312,149.44000244140625,149.72000122070312,135.11614990234375,523600,0.0
2021-05-28,150.25999450683594,150.25999450683594,149.60000610351562,149.86000061035156,135.24246215820312,885900,0.0
2021-06-01,151.08999633789062,151.25,150.07000732421875,150.33999633789062,135.6756591796875,1250900,0.0
2021-06-02,150.6999969482422,150.8699951171875,150.05999755859375,150.6699981689453,135.97348022460938,862600,0.0
2021-06-03,149.9499969482422,150.97999572753906,149.66000366210938,150.69000244140625,135.9915313720703,1129700,0.0
2021-06-04,151.27000427246094,151.38999938964844,150.69000244140625,151.25,136.49688720703125,851800,0.0
2021-06-07,151.50999450683594,151.50999450683594,150.6699981689453,150.83999633789062,136.1269073486328,454300,0.0
2021-06-08,150.8000030517578,150.85000610351562,149.97000122070312,150.63999938964844,135.9464111328125,612000,0.0
2021-06-09,150.69000244140625,150.77999877929688,150.08999633789062,150.16000366210938,135.51321411132812,506800,0.0
2021-06-10,150.3300018310547,150.63999938964844,149.3800048828125,149.5399932861328,135.43353271484375,528300,0.532
2021-06-11,149.8800048828125,150.10000610351562,149.30999755859375,149.7899932861328,135.65992736816406,454600,0.0
2021-06-14,149.7100067138672,149.77000427246094,148.3699951171875,149.10000610351562,135.0350341796875,460800,0.0
2021-06-15,149.30999755859375,149.55999755859375,148.72000122070312,149.25999450683594,135.179931640625,512000,0.0
2021-06-16,149.27000427246094,149.27000427246094,147.5500030517578,148.25,134.26524353027344,815900,0.0
2021-06-17,148.2899932861328,148.4499969482422,145.57000732421875,146.33999633789062,132.535400390625,3520500,0.0
2021-06-18,144.74000549316406,145.00999450683594,143.5500030517578,143.60000610351562,130.05392456054688,2535200,0.0
2021-06-21,144.60000610351562,146.44000244140625,144.52999877929688,146.39999389648438,132.58975219726562,1476300,0.0
2021-06-22,146.4600067138672,146.97000122070312,145.77000427246094,146.5,132.68031311035156,608800,0.0
2021-06-23,146.72999572753906,146.7899932861328,146.1300048828125,146.14999389648438,132.36334228515625,524200,0.0
2021-06-24,146.83999633789062,147.35000610351562,146.52999877929688,147.17999267578125,133.29612731933594,618000,0.0
2021-06-25,147.52000427246094,148.4600067138672,147.1999969482422,148.22000122070312,134.23806762695312,751800,0.0
2021-06-28,148.25,148.25,146.86000061035156,147.32000732421875,133.42295837402344,567000,0.0
2021-06-29,147.6699981689453,148.0800018310547,146.80999755859375,146.89999389648438,133.04257202148438,563500,0.0
2021-06-30,146.8000030517578,147.74000549316406,146.8000030517578,147.63999938964844,133.71275329589844,627600,0.0
2021-07-01,148.02999877929688,148.67999267578125,147.8300018310547,148.52000427246094,134.509765625,880000,0.0
2021-07-02,148.7100067138672,149.0500030517578,148.3000030517578,148.8699951171875,134.82672119140625,400200,0.0
2021-07-06,148.63999938964844,148.63999938964844,146.4199981689453,147.4199981689453,133.5135040283203,555400,0.0
2021-07-07,147.0800018310547,147.8000030517578,146.60000610351562,147.66000366210938,133.7308807373047,797600,0.0
2021-07-08,145.9499969482422,146.80999755859375,145.35000610351562,146.25999450683594,132.46292114257812,1053100,0.0
2021-07-09,147.47999572753906,148.63999938964844,147.2899932861328,148.5,134.4916229248047,848300,0.0
2021-07-12,148.0800018310547,149.25,147.58999633789062,149.11000061035156,135.04409790039062,657300,0.0
2021-07-13,148.85000610351562,149.02999877929688,148.0399932861328,148.0800018310547,134.11129760742188,781200,0.0
2021-07-14,148.52000427246094,149.02000427246094,147.4499969482422,148.02999877929688,134.06597900390625,1009700,0.0
2021-07-15,147.27000427246094,148.25999450683594,147.27000427246094,147.9499969482422,133.99351501464844,1046900,0.0
2021-07-16,148.52000427246094,148.52000427246094,146.47999572753906,146.63999938964844,132.80712890625,923100,0.0
2021-07-19,144.6199951171875,144.94000244140625,142.69000244140625,143.75,130.18971252441406,1304200,0.0
2021-07-20,144.02999877929688,146.72999572753906,143.77000427246094,146.2100067138672,132.4176483154297,1054900,0.0
2021-07-21,147.02000427246094,147.9199981689453,147.02000427246094,147.75999450683594,133.8214111328125,2083100,0.0
2021-07-22,147.63999938964844,147.63999938964844,146.52999877929688,147.0500030517578,133.17843627929688,1094600,0.0
2021-07-23,147.6300048828125,148.0399932861328,147.1999969482422,147.89999389648438,133.94825744628906,454200,0.0
2021-07-26,147.72000122070312,148.60000610351562,147.72000122070312,148.52999877929688,134.51881408691406,800800,0.0
2021-07-27,147.92999267578125,148.64999389648438,147.3699951171875,148.61000061035156,134.59127807617188,479000,0.0
2021-07-28,148.72999572753906,148.9499969482422,147.77000427246094,148.3000030517578,134.3105010986328,694300,0.0
2021-07-29,149.2100067138672,149.83999633789062,148.97000122070312,149.38999938964844,135.29766845703125,633500,0.0
2021-07-30,149.05999755859375,149.69000244140625,148.49000549316406,148.80999755859375,134.77239990234375,604000,0.0
2021-08-02,149.41000366210938,150.32000732421875,148.24000549316406,148.3000030517578,134.3105010986328,853900,0.0
2021-08-03,148.66000366210938,149.64999389648438,147.4600067138672,149.63999938964844,135.5240936279297,1149200,0.0
2021-08-04,148.6999969482422,149.1699981689453,148.0,148.0500030517578,134.08407592773438,605700,0.0
2021-08-05,148.5399932861328,149.0500030517578,148.47999572753906,149.00999450683594,134.95350646972656,729100,0.0
2021-08-06,149.67999267578125,150.27000427246094,149.52999877929688,150.08999633789062,135.93162536621094,570600,0.0
2021-08-09,149.83999633789062,150.13999938964844,149.30999755859375,149.82000732421875,135.68711853027344,503300,0.0
2021-08-10,150.00999450683594,151.02999877929688,149.77999877929688,150.86000061035156,136.62896728515625,575300,0.0
2021-08-11,151.17999267578125,151.8000030517578,150.80999755859375,151.7899932861328,137.47128295898438,3144800,0.0
2021-08-12,151.82000732421875,151.85000610351562,151.08999633789062,151.8000030517578,137.48036193847656,322600,0.0
2021-08-13,151.99000549316406,152.11000061035156,151.52999877929688,151.72000122070312,137.40786743164062,231800,0.0
2021-08-16,151.1699981689453,151.8800048828125,150.3699951171875,151.83999633789062,137.5165557861328,449500,0.0
2021-08-17,151.00999450683594,151.57000732421875,149.92999267578125,151.13999938964844,136.88255310058594,705900,0.0
2021-08-18,150.66000366210938,151.2100067138672,149.35000610351562,149.4499969482422,135.35198974609375,558200,0.0
2021-08-19,148.2899932861328,149.42999267578125,148.0,148.83999633789062,134.79954528808594,672100,0.0
2021-08-20,148.69000244140625,149.8300018310547,148.41000366210938,149.57000732421875,135.46070861816406,436700,0.0
2021-08-23,150.42999267578125,150.97000122070312,150.39999389648438,150.52999877929688,136.3301239013672,424000,0.0
2021-08-24,150.8800048828125,151.24000549316406,150.72999572753906,150.9499969482422,136.71054077148438,395400,0.0
2021-08-25,151.11000061035156,151.97999572753906,150.6199951171875,151.61000061035156,137.30825805664062,440700,0.0
2021-08-26,151.55999755859375,151.57000732421875,150.4199981689453,150.52000427246094,136.32107543945312,721000,0.0
2021-08-27,150.9199981689453,151.97999572753906,150.9199981689453,151.85000610351562,137.525634765625,777900,0.0
2021-08-30,151.97999572753906,152.0,151.1999969482422,151.30999755859375,137.0365753173828,894500,0.0
2021-08-31,151.19000244140625,151.7100067138672,150.94000244140625,151.25,136.98220825195312,496500,0.0
2021-09-01,151.5,151.5500030517578,150.69000244140625,151.02999877929688,136.78297424316406,677500,0.0
2021-09-02,151.4499969482422,152.0,151.4499969482422,152.0,137.66146850585938,498400,0.0
2021-09-03,151.66000366210938,151.7899932861328,151.14999389648438,151.4199981689453,137.13613891601562,271100,0.0
2021-09-07,151.1999969482422,151.1999969482422,150.13999938964844,150.25,136.07655334472656,318800,0.0
2021-09-08,149.94000244140625,150.5800018310547,149.63999938964844,150.1999969482422,136.03128051757812,390500,0.0
2021-09-09,149.9199981689453,150.9499969482422,149.69000244140625,149.75999450683594,135.63279724121094,464300,0.0
2021-09-10,150.52000427246094,150.57000732421875,148.6699981689453,148.69000244140625,134.66372680664062,363700,0.0
2021-09-13,149.69000244140625,150.17999267578125,148.88999938964844,149.66000366210938,135.54222106933594,497700,0.0
2021-09-14,150.07000732421875,150.16000366210938,147.9499969482422,148.25,134.26524353027344,3719500,0.0
2021-09-15,148.27999877929688,149.92999267578125,148.10000610351562,149.60000610351562,135.48782348632812,737300,0.0
2021-09-16,149.6999969482422,150.11000061035156,148.41000366210938,149.16000366210938,135.0894012451172,307100,0.0
2021-09-17,148.8000030517578,149.2899932861328,147.99000549316406,148.16000366210938,134.1837158203125,703900,0.0
2021-09-20,145.92999267578125,146.52999877929688,144.27999877929688,145.89999389648438,132.13690185546875,738400,0.0
2021-09-21,146.6999969482422,147.14999389648438,145.36000061035156,145.3699951171875,131.6569061279297,563800,0.0
2021-09-22,146.61000061035156,147.9499969482422,146.3699951171875,146.97000122070312,133.10597229003906,417100,0.0
2021-09-23,147.75,149.86000061035156,147.6300048828125,149.1699981689453,135.0984344482422,406200,0.0
2021-09-24,147.92999267578125,149.00999450683594,147.88999938964844,148.52999877929688,135.29153442382812,1904000,0.852
2021-09-27,148.97999572753906,150.02999877929688,148.97999572753906,149.27000427246094,135.96559143066406,545700,0.0
2021-09-28,148.99000549316406,149.2100067138672,147.19000244140625,147.47999572753906,134.3350830078125,778600,0.0
2021-09-29,147.77999877929688,148.57000732421875,147.27999877929688,147.86000061035156,134.68124389648438,458600,0.0
2021-09-30,148.3000030517578,148.3800048828125,145.36000061035156,145.4199981689453,132.458740234375,711100,0.0
2021-10-01,146.2100067138672,148.14999389648438,145.1199951171875,147.41000366210938,134.27137756347656,939300,0.0
2021-10-04,147.22000122070312,148.36000061035156,146.14999389648438,146.72000122070312,133.6428985595703,748200,0.0
2021-10-05,147.27000427246094,148.66000366210938,146.83999633789062,147.77000427246094,134.59925842285156,439100,0.0
2021-10-06,146.6300048828125,148.02000427246094,145.6699981689453,147.9499969482422,134.7632293701172,455500,0.0
2021-10-07,149.07000732421875,150.16000366210938,149.0,149.16000366210938,135.86537170410156,335300,0.0
2021-10-08,149.2899932861328,149.6699981689453,148.92999267578125,149.16000366210938,135.86537170410156,305100,0.0
2021-10-11,149.38999938964844,149.9600067138672,147.97000122070312,148.00999450683594,134.81787109375,253800,0.0
2021-10-12,148.13999938964844,148.4499969482422,147.32000732421875,147.64999389648438,134.48997497558594,501800,0.0
2021-10-13,147.6199951171875,147.97999572753906,146.17999267578125,147.6199951171875,134.462646484375,518500,0.0
2021-10-14,148.8800048828125,149.9600067138672,148.52999877929688,149.85000610351562,136.49388122558594,455500,0.0
2021-10-15,150.86000061035156,151.52999877929688,150.7100067138672,150.92999267578125,137.4776153564453,514500,0.0
2021-10-18,150.2899932861328,151.0800018310547,149.7899932861328,150.52000427246094,137.10415649414062,528600,0.0
2021-10-19,151.11000061035156,151.66000366210938,150.72999572753906,151.63999938964844,138.12432861328125,497100,0.0
2021-10-20,151.72999572753906,153.02999877929688,151.58999633789062,152.9600067138672,139.3267364501953,329200,0.0
2021-10-21,152.77999877929688,152.88999938964844,152.10000610351562,152.77999877929688,139.1627197265625,475700,0.0
2021-10-22,152.74000549316406,153.4199981689453,152.4600067138672,153.14999389648438,139.499755859375,250500,0.0
2021-10-25,153.50999450683594,153.72000122070312,152.94000244140625,153.52999877929688,139.8459014892578,247400,0.0
2021-10-26,153.6999969482422,153.99000549316406,153.36000061035156,153.4499969482422,139.77301025390625,263700,0.0
2021-10-27,153.3300018310547,153.3300018310547,151.27000427246094,151.27000427246094,137.7873077392578,501600,0.0
2021-10-28,151.58999633789062,152.4499969482422,151.58999633789062,152.41000366210938,138.82569885253906,400900,0.0
2021-10-29,152.0800018310547,152.60000610351562,151.6699981689453,152.02999877929688,138.4795684814453,280100,0.0
2021-11-01,152.66000366210938,152.91000366210938,152.22999572753906,152.86000061035156,139.235595703125,539100,0.0
2021-11-02,152.97999572753906,153.5,152.6199951171875,153.27999877929688,139.61819458007812,407700,0.0
2021-11-03,152.9600067138672,154.14999389648438,152.8000030517578,154.05999755859375,140.3286590576172,354800,0.0
2021-11-04,154.07000732421875,154.10000610351562,152.67999267578125,153.41000366210938,139.73654174804688,385200,0.0
2021-11-05,154.3699951171875,155.22999572753906,154.08999633789062,154.5500030517578,140.7749481201172,433600,0.0
2021-11-08,155.27999877929688,155.49000549316406,154.47000122070312,154.74000549316406,140.947998046875,327000,0.0
2021-11-09,154.6999969482422,154.8300018310547,153.97000122070312,154.58999633789062,140.81141662597656,371200,0.0
2021-11-10,154.39999389648438,155.07000732421875,153.97000122070312,154.19000244140625,140.44705200195312,345000,0.0
2021-11-11,154.35000610351562,154.35000610351562,153.86000061035156,153.92999267578125,140.210205078125,255400,0.0
2021-11-12,154.3300018310547,154.52000427246094,153.7899932861328,154.36000061035156,140.6019287109375,329900,0.0
2021-11-15,154.77000427246094,154.82000732421875,154.25,154.5500030517578,140.7749481201172,519600,0.0
2021-11-16,154.6300048828125,154.9499969482422,154.19000244140625,154.22999572753906,140.48348999023438,322900,0.0
2021-11-17,154.07000732421875,154.07000732421875,153.22000122070312,153.55999755859375,139.87322998046875,451000,0.0
2021-11-18,153.50999450683594,153.5399932861328,152.25999450683594,152.99000549316406,139.35406494140625,337400,0.0
2021-11-19,152.44000244140625,152.44000244140625,151.4499969482422,151.55999755859375,138.051513671875,473000,0.0
2021-11-22,152.0399932861328,153.6300048828125,151.9499969482422,152.44000244140625,138.85302734375,495600,0.0
2021-11-23,152.77000427246094,153.77999877929688,152.60000610351562,153.6300048828125,139.93698120117188,671000,0.0
2021-11-24,153.2899932861328,153.7899932861328,153.11000061035156,153.6300048828125,139.93698120117188,410600,0.0
2021-11-26,150.36000061035156,150.6699981689453,149.14999389648438,149.9600067138672,136.5941162109375,536600,0.0
2021-11-29,151.55999755859375,151.57000732421875,149.86000061035156,150.64999389648438,137.2225799560547,509900,0.0
2021-11-30,149.27999877929688,149.52999877929688,146.97000122070312,147.08999633789062,133.97988891601562,677300,0.0
2021-12-01,148.88999938964844,150.25,145.7899932861328,145.8000030517578,132.80484008789062,745300,0.0
2021-12-02,146.50999450683594,149.75999450683594,146.22000122070312,149.07000732421875,135.78341674804688,713500,0.0
2021-12-03,149.72999572753906,149.97999572753906,147.52999877929688,148.82000732421875,135.55569458007812,726400,0.0
2021-12-06,149.9499969482422,151.9199981689453,149.94000244140625,150.9199981689453,137.468505859375,856700,0.0
2021-12-07,152.32000732421875,153.4199981689453,152.08999633789062,152.8000030517578,139.1809844970703,473300,0.0
2021-12-08,152.92999267578125,153.3000030517578,152.22999572753906,152.7899932861328,139.17184448242188,409600,0.0
2021-12-09,152.19000244140625,152.97000122070312,151.9199981689453,152.35000610351562,138.77105712890625,586400,0.0
2021-12-10,153.1999969482422,153.58999633789062,152.4199981689453,153.4499969482422,139.77301025390625,303100,0.0
2021-12-13,152.4499969482422,152.55999755859375,151.4199981689453,151.9499969482422,139.0965118408203,487200,0.761
2021-12-14,151.3300018310547,152.63999938964844,151.2899932861328,151.69000244140625,138.8585205078125,557700,0.0
2021-12-15,151.86000061035156,153.1199951171875,151.0399932861328,153.0399932861328,140.0943145751953,834600,0.0
2021-12-16,153.92999267578125,155.02999877929688,153.5800018310547,153.97999572753906,140.95481872558594,685800,0.0
2021-12-17,153.25,153.3699951171875,151.6699981689453,151.8699951171875,139.02328491210938,681700,0.0
2021-12-20,150.19000244140625,150.47000122070312,149.0500030517578,150.2899932861328,137.5769500732422,843200,0.0
2021-12-21,151.4499969482422,152.83999633789062,151.42999267578125,152.6199951171875,139.70985412597656,659300,0.0
2021-12-22,152.47999572753906,153.6199951171875,152.1999969482422,153.5399932861328,140.55206298828125,531000,0.0
2021-12-23,154.07000732421875,154.91000366210938,154.05999755859375,154.41000366210938,141.3484344482422,449800,0.0
2021-12-27,154.72000122070312,156.02999877929688,154.41000366210938,156.0,142.80392456054688,415400,0.0
2021-12-28,155.91000366210938,156.8699951171875,155.89999389648438,156.49000549316406,143.25250244140625,413800,0.0
2021-12-29,156.49000549316406,157.19000244140625,156.3699951171875,156.8000030517578,143.53627014160156,385600,0.0
2021-12-30,157.1300048828125,157.66000366210938,156.55999755859375,156.74000549316406,143.48135375976562,294100,0.0
2021-12-31,156.5800018310547,157.25999450683594,156.4600067138672,156.6300048828125,143.38067626953125,365200,0.0
2022-01-03,156.94000244140625,157.49000549316406,156.27000427246094,157.3699951171875,144.05804443359375,818700,0.0
2022-01-04,158.1300048828125,159.41000366210938,158.11000061035156,158.94000244140625,145.49526977539062,923900,0.0
2022-01-05,159.25999450683594,160.3800048828125,157.83999633789062,157.89999389648438,144.543212890625,990300,0.0
2022-01-06,158.4499969482422,158.80999755859375,157.61000061035156,157.99000549316406,144.6256103515625,1796100,0.0
2022-01-07,157.9600067138672,158.8699951171875,157.74000549316406,158.41000366210938,145.01011657714844,2544100,0.0
2022-01-10,158.25,158.32000732421875,156.19000244140625,157.82000732421875,144.46998596191406,1355000,0.0
2022-01-11,157.9600067138672,158.97000122070312,156.74000549316406,158.92999267578125,145.48611450195312,726500,0.0
2022-01-12,159.1999969482422,159.47999572753906,158.4199981689453,159.05999755859375,145.60508728027344,775200,0.0
2022-01-13,159.33999633789062,160.08999633789062,158.3300018310547,158.77000427246094,145.33961486816406,712600,0.0
2022-01-14,157.6999969482422,158.6300048828125,157.0399932861328,158.5399932861328,145.1290740966797,713800,0.0
2022-01-18,157.57000732421875,157.72999572753906,156.00999450683594,156.5399932861328,143.2982635498047,1160400,0.0
2022-01-19,156.8699951171875,157.22000122070312,155.13999938964844,155.1999969482422,142.0716094970703,1001500,0.0
2022-01-20,155.35000610351562,157.13999938964844,153.67999267578125,153.83999633789062,140.82666015625,877800,0.0
2022-01-21,153.6199951171875,154.2899932861328,151.52999877929688,151.77000427246094,138.93173217773438,1732800,0.0
2022-01-24,150.10000610351562,152.27000427246094,147.08999633789062,152.0800018310547,139.2155303955078,2314700,0.0
2022-01-25,150.27999877929688,152.6300048828125,148.1199951171875,151.47999572753906,138.66627502441406,3267900,0.0
2022-01-26,152.44000244140625,153.58999633789062,149.19000244140625,150.55999755859375,137.82411193847656,2059500,0.0
2022-01-27,151.6699981689453,153.19000244140625,149.47999572753906,150.1999969482422,137.4945831298828,1543500,0.0
2022-01-28,149.97999572753906,152.5500030517578,148.69000244140625,152.49000549316406,139.59088134765625,1108900,0.0
2022-01-31,151.74000549316406,154.14999389648438,151.4199981689453,154.02999877929688,141.00062561035156,1122400,0.0
2022-02-01,154.05999755859375,155.35000610351562,153.52999877929688,155.0800018310547,141.96176147460938,3512400,0.0
2022-02-02,154.8800048828125,156.41000366210938,154.60000610351562,156.1300048828125,142.9229278564453,1051600,0.0
2022-02-03,155.66000366210938,155.94000244140625,154.47000122070312,154.63999938964844,141.55897521972656,4219000,0.0
2022-02-04,153.99000549316406,155.3699951171875,152.94000244140625,154.25,141.2019805908203,793000,0.0
2022-02-07,154.4600067138672,155.4199981689453,153.91000366210938,154.44000244140625,141.3759002685547,855400,0.0
2022-02-08,154.77999877929688,155.75999450683594,154.16000366210938,155.47000122070312,142.31878662109375,738500,0.0
2022-02-09,156.6300048828125,157.41000366210938,156.47000122070312,157.2100067138672,143.91159057617188,721700,0.0
2022-02-10,155.91000366210938,157.63999938964844,154.4600067138672,155.0800018310547,141.96176147460938,1118800,0.0
2022-02-11,155.22000122070312,156.1199951171875,153.00999450683594,153.49000549316406,140.5062713623047,1117500,0.0
2022-02-14,153.47000122070312,153.72000122070312,151.5,152.47999572753906,139.58169555664062,736900,0.0
2022-02-15,153.5500030517578,154.4600067138672,153.42999267578125,154.10000610351562,141.06466674804688,842800,0.0
2022-02-16,153.61000061035156,154.94000244140625,153.30999755859375,154.4499969482422,141.3850555419922,624000,0.0
2022-02-17,153.4600067138672,153.60000610351562,152.0399932861328,152.3000030517578,139.4169464111328,470100,0.0
2022-02-18,152.19000244140625,153.0,151.10000610351562,151.6999969482422,138.86767578125,941500,0.0
2022-02-22,151.63999938964844,152.0399932861328,149.4600067138672,150.52000427246094,137.78749084472656,1272500,0.0
2022-02-23,151.32000732421875,151.42999267578125,148.4199981689453,148.64999389648438,136.07568359375,1050900,0.0
2022-02-24,145.83999633789062,148.8300018310547,145.02999877929688,148.69000244140625,136.1123046875,2660200,0.0
2022-02-25,149.25999450683594,152.97000122070312,149.25999450683594,152.67999267578125,139.76480102539062,1141300,0.0
2022-02-28,150.55999755859375,152.27000427246094,150.0,151.83999633789062,138.99581909179688,1013700,0.0
2022-03-01,151.4600067138672,152.02000427246094,148.64999389648438,149.52000427246094,136.8720703125,1596600,0.0
2022-03-02,150.3800048828125,153.05999755859375,150.36000061035156,152.3699951171875,139.4810333251953,1500700,0.0
2022-03-03,152.7899932861328,153.57000732421875,151.5500030517578,152.5800018310547,139.67324829101562,2484900,0.0
2022-03-04,150.85000610351562,152.14999389648438,150.2899932861328,152.08999633789062,139.22471618652344,1825400,0.0
2022-03-07,151.50999450683594,151.66000366210938,148.69000244140625,148.75,136.167236328125,2433300,0.0
2022-03-08,149.1999969482422,150.75999450683594,147.39999389648438,147.4600067138672,134.9863739013672,1405100,0.0
2022-03-09,149.75,150.64999389648438,149.30999755859375,149.75,137.08261108398438,1072700,0.0
2022-03-10,148.2899932861328,149.7899932861328,147.99000549316406,149.57000732421875,136.91783142089844,1503900,0.0
2022-03-11,150.1999969482422,150.85000610351562,148.27999877929688,148.41000366210938,135.8560028076172,2481600,0.0
2022-03-14,149.1300048828125,150.14999389648438,147.75,148.3800048828125,135.82852172851562,661100,0.0
2022-03-15,148.88999938964844,150.55999755859375,148.63999938964844,150.3300018310547,137.61358642578125,913700,0.0
2022-03-16,151.4199981689453,152.4499969482422,149.66000366210938,152.3800048828125,139.4901885986328,1679800,0.0
2022-03-17,151.88999938964844,154.1699981689453,151.86000061035156,154.1300048828125,141.0921173095703,893600,0.0
2022-03-18,153.72999572753906,154.7899932861328,153.0500030517578,154.64999389648438,141.56813049316406,1094100,0.0
2022-03-21,154.86000061035156,155.66000366210938,154.0800018310547,154.94000244140625,141.83360290527344,914800,0.0
2022-03-22,155.60000610351562,156.16000366210938,155.3800048828125,155.83999633789062,142.65750122070312,1121700,0.0
2022-03-23,155.44000244140625,155.6300048828125,154.16000366210938,154.17999267578125,141.1378936767578,669300,0.0
2022-03-24,154.10000610351562,155.13999938964844,153.72000122070312,155.13999938964844,142.67092895507812,841300,0.707
2022-03-25,155.4600067138672,156.60000610351562,155.33999633789062,156.55999755859375,143.97679138183594,3539300,0.0
2022-03-28,156.24000549316406,156.6300048828125,155.1999969482422,156.6199951171875,144.03196716308594,1465000,0.0
2022-03-29,157.69000244140625,158.19000244140625,156.83999633789062,158.1199951171875,145.41140747070312,908200,0.0
2022-03-30,157.92999267578125,158.44000244140625,157.0800018310547,157.85000610351562,145.1631317138672,974400,0.0
2022-03-31,157.4199981689453,157.92999267578125,155.6300048828125,155.72000122070312,143.2042999267578,854600,0.0
2022-04-01,156.1999969482422,156.47000122070312,155.0800018310547,156.3800048828125,143.811279296875,1280600,0.0
2022-04-04,156.3000030517578,156.3300018310547,155.10000610351562,156.19000244140625,143.63653564453125,681500,0.0
2022-04-05,155.72999572753906,157.24000549316406,154.86000061035156,155.2100067138672,142.73529052734375,3373100,0.0
2022-04-06,154.50999450683594,155.77000427246094,154.1699981689453,155.44000244140625,142.94680786132812,1020200,0.0
2022-04-07,155.25,156.57000732421875,154.3300018310547,156.0800018310547,143.53536987304688,915500,0.0
2022-04-08,156.19000244140625,157.47999572753906,155.9199981689453,156.8800048828125,144.2711181640625,693900,0.0
2022-04-11,156.39999389648438,156.88999938964844,155.27000427246094,155.47000122070312,142.9744110107422,651900,0.0
2022-04-12,155.92999267578125,156.91000366210938,154.6300048828125,155.1199951171875,142.6525115966797,807700,0.0
2022-04-13,155.02999877929688,156.4199981689453,154.9600067138672,156.22999572753906,143.67330932617188,586700,0.0
2022-04-14,156.32000732421875,157.0500030517578,155.60000610351562,155.63999938964844,143.13070678710938,437300,0.0
2022-04-18,155.32000732421875,156.36000061035156,154.77000427246094,155.39999389648438,142.91004943847656,424500,0.0
2022-04-19,155.47999572753906,157.6999969482422,155.47999572753906,157.4199981689453,144.7676544189453,608400,0.0
2022-04-20,158.1300048828125,159.22000122070312,158.0399932861328,158.52000427246094,145.77926635742188,596700,0.0
2022-04-21,159.47999572753906,159.8000030517578,156.5500030517578,156.82000732421875,144.21588134765625,701700,0.0
2022-04-22,156.16000366210938,156.25999450683594,152.57000732421875,152.74000549316406,140.46383666992188,773200,0.0
2022-04-25,151.91000366210938,153.14999389648438,149.55999755859375,152.8699951171875,140.58335876464844,2907500,0.0
2022-04-26,152.02000427246094,152.69000244140625,149.80999755859375,149.85000610351562,137.8061065673828,1166400,0.0
2022-04-27,150.1999969482422,151.72000122070312,149.4199981689453,150.22999572753906,138.15554809570312,1052300,0.0
2022-04-28,151.1300048828125,153.05999755859375,149.75999450683594,152.5500030517578,140.28909301757812,1059400,0.0
2022-04-29,151.72999572753906,152.02000427246094,147.6999969482422,147.97999572753906,136.08639526367188,964200,0.0
2022-05-02,148.17999267578125,149.05999755859375,145.24000549316406,147.9499969482422,136.0587921142578,6105200,0.0
2022-05-03,148.24000549316406,149.8800048828125,147.77000427246094,148.85000610351562,136.88644409179688,1181700,0.0
2022-05-04,149.1199951171875,153.07000732421875,148.64999389648438,152.8300018310547,140.54656982421875,3034500,0.0
2022-05-05,151.80999755859375,152.0399932861328,147.9199981689453,149.27999877929688,137.2819061279297,1103300,0.0
2022-05-06,148.52000427246094,149.27999877929688,146.8000030517578,148.77999877929688,136.8220672607422,1042000,0.0
2022-05-09,146.9499969482422,147.3300018310547,144.52999877929688,145.07000732421875,133.41029357910156,1629800,0.0
2022-05-10,146.63999938964844,147.02000427246094,143.14999389648438,144.5,132.88607788085938,1205100,0.0
2022-05-11,144.75,147.0500030517578,143.58999633789062,143.72999572753906,132.1779327392578,1706500,0.0
2022-05-12,143.13999938964844,144.35000610351562,141.64999389648438,143.94000244140625,132.37112426757812,2612100,0.0
2022-05-13,145.13999938964844,146.60000610351562,144.82000732421875,146.17999267578125,134.4310302734375,1354200,0.0
2022-05-16,146.02999877929688,147.47999572753906,145.3300018310547,146.41000366210938,134.64256286621094,1951500,0.0
2022-05-17,148.1300048828125,148.77000427246094,147.3000030517578,148.77000427246094,136.8129119873047,1318800,0.0
2022-05-18,147.72999572753906,147.72999572753906,143.3800048828125,143.85000610351562,132.28836059570312,1249200,0.0
2022-05-19,142.33999633789062,144.22000122070312,141.75999450683594,142.88999938964844,131.4054718017578,1645400,0.0
2022-05-20,143.77000427246094,144.10000610351562,140.30999755859375,143.05999755859375,131.56187438964844,1979600,0.0
2022-05-23,144.50999450683594,146.07000732421875,143.86000061035156,145.60000610351562,133.89768981933594,827400,0.0
2022-05-24,144.86000061035156,146.24000549316406,143.35000610351562,145.99000549316406,134.25633239746094,2849900,0.0
2022-05-25,145.5800018310547,147.4199981689453,145.41000366210938,146.97999572753906,135.16676330566406,1342100,0.0
2022-05-26,147.9499969482422,149.74000549316406,147.9499969482422,149.07000732421875,137.08880615234375,887400,0.0
2022-05-27,149.63999938964844,151.66000366210938,149.52000427246094,151.66000366210938,139.47061157226562,659700,0.0
2022-05-31,150.72000122070312,151.5800018310547,149.72000122070312,150.4199981689453,138.33030700683594,1373600,0.0
2022-06-01,151.13999938964844,151.22000122070312,148.08999633789062,149.22999572753906,137.23593139648438,886500,0.0
2022-06-02,149.3699951171875,151.0399932861328,147.9499969482422,151.0399932861328,138.90042114257812,1259300,0.0
2022-06-03,149.94000244140625,150.55999755859375,149.38999938964844,149.61000061035156,137.58535766601562,2431000,0.0
2022-06-06,150.77000427246094,151.17999267578125,149.60000610351562,149.8800048828125,137.8336639404297,530200,0.0
2022-06-07,148.86000061035156,151.52999877929688,148.86000061035156,151.44000244140625,139.26829528808594,896800,0.0
2022-06-08,150.61000061035156,151.00999450683594,149.2899932861328,149.5500030517578,137.5302276611328,407700,0.0
2022-06-09,148.39999389648438,148.88999938964844,145.74000549316406,145.75,134.56289672851562,507900,0.586
2022-06-10,143.64999389648438,143.9600067138672,142.44000244140625,142.50999450683594,131.5715789794922,1052300,0.0
2022-06-13,139.4499969482422,140.02999877929688,137.0500030517578,137.67999267578125,127.11231231689453,1352400,0.0
2022-06-14,138.25999450683594,138.7100067138672,135.57000732421875,136.6699981689453,126.17980194091797,1905600,0.0
2022-06-15,137.77000427246094,139.1699981689453,135.52999877929688,137.5800018310547,127.01998138427734,1165900,0.0
2022-06-16,134.91000366210938,134.91000366210938,132.88999938964844,133.80999755859375,123.53933715820312,1325600,0.0
2022-06-17,133.92999267578125,134.75,132.17999267578125,133.27000427246094,123.04077911376953,1483800,0.0
2022-06-21,135.38999938964844,136.82000732421875,134.97999572753906,136.32000732421875,125.85668182373047,1037900,0.0
2022-06-22,134.5,137.3000030517578,134.5,135.97000122070312,125.53357696533203,1026700,0.0
2022-06-23,136.4600067138672,137.05999755859375,134.92999267578125,136.50999450683594,126.03206634521484,912400,0.0
2022-06-24,137.58999633789062,140.27999877929688,137.4199981689453,140.27000427246094,129.50350952148438,4170000,0.0
2022-06-27,140.52999877929688,141.00999450683594,139.77999877929688,140.3300018310547,129.55889892578125,1472400,0.0
2022-06-28,141.2100067138672,142.2899932861328,138.5800018310547,138.72999572753906,128.0817413330078,1210600,0.0
2022-06-29,138.9600067138672,139.1699981689453,137.60000610351562,138.16000366210938,127.55545806884766,888600,0.0
2022-06-30,136.6300048828125,138.36000061035156,136.0500030517578,137.4600067138672,126.90918731689453,2041400,0.0
2022-07-01,137.3800048828125,139.4600067138672,136.44000244140625,139.22000122070312,128.53411865234375,1145700,0.0
2022-07-05,137.4600067138672,137.91000366210938,135.25,137.88999938964844,127.30618286132812,1515500,0.0
2022-07-06,137.80999755859375,138.8300018310547,136.86000061035156,138.0,127.4077377319336,4531200,0.0
2022-07-07,138.77000427246094,139.6999969482422,138.67999267578125,139.3699951171875,128.67257690429688,1024700,0.0
2022-07-08,139.30999755859375,139.82000732421875,138.5800018310547,139.07000732421875,128.3956298828125,921300,0.0
2022-07-11,138.1999969482422,138.89999389648438,137.9600067138672,138.25,127.6385498046875,1067300,0.0
2022-07-12,137.69000244140625,139.0,137.11000061035156,137.66000366210938,127.09384155273438,590400,0.0
2022-07-13,136.2100067138672,137.7899932861328,135.66000366210938,136.80999755859375,126.30908203125,1452700,0.0
2022-07-14,134.6199951171875,136.02000427246094,134.0500030517578,135.83999633789062,125.41353607177734,888500,0.0
2022-07-15,137.55999755859375,138.4600067138672,136.77000427246094,138.3699951171875,127.74930572509766,900800,0.0
2022-07-18,139.4600067138672,139.66000366210938,137.05999755859375,137.47000122070312,126.91844177246094,544300,0.0
2022-07-19,138.6199951171875,140.9199981689453,138.6199951171875,140.6999969482422,129.90049743652344,741100,0.0
2022-07-20,140.61000061035156,141.13999938964844,139.8699951171875,140.69000244140625,129.8913116455078,584800,0.0
2022-07-21,140.05999755859375,141.22000122070312,139.27000427246094,141.1999969482422,130.3621063232422,745400,0.0
2022-07-22,141.5399932861328,141.97999572753906,140.0,140.8800048828125,130.06671142578125,533600,0.0
2022-07-25,141.1699981689453,141.9199981689453,140.69000244140625,141.72000122070312,130.84219360351562,3494500,0.0
2022-07-26,141.27999877929688,141.6199951171875,140.7100067138672,140.99000549316406,130.1682891845703,750800,0.0
2022-07-27,141.47999572753906,143.4600067138672,141.05999755859375,142.89999389648438,131.931640625,546000,0.0
2022-07-28,143.19000244140625,144.61000061035156,142.07000732421875,144.42999267578125,133.3441925048828,652200,0.0
2022-07-29,144.39999389648438,145.86000061035156,144.14999389648438,145.5800018310547,134.40591430664062,663200,0.0
2022-08-01,144.5800018310547,145.61000061035156,144.3800048828125,145.27000427246094,134.1197509765625,984500,0.0
2022-08-02,145.00999450683594,145.77000427246094,144.1199951171875,144.1699981689453,133.10414123535156,3516200,0.0
2022-08-03,144.8800048828125,145.7899932861328,144.27999877929688,145.3800048828125,134.2213134765625,511000,0.0
2022-08-04,145.1999969482422,145.30999755859375,144.47999572753906,144.6300048828125,133.5288543701172,636500,0.0
2022-08-05,143.58999633789062,144.94000244140625,143.49000549316406,144.83999633789062,133.72271728515625,589700,0.0
2022-08-08,145.5,146.13999938964844,144.86000061035156,145.08999633789062,133.95355224609375,667700,0.0
2022-08-09,145.25,145.64999389648438,144.6699981689453,145.0399932861328,133.9073944091797,519500,0.0
2022-08-10,146.8800048828125,147.3300018310547,146.61000061035156,147.14999389648438,135.85543823242188,501300,0.0
2022-08-11,148.02999877929688,149.0500030517578,147.6300048828125,147.8300018310547,136.48321533203125,609500,0.0
2022-08-12,148.3800048828125,149.97000122070312,148.11000061035156,149.89999389648438,138.3943328857422,472300,0.0
2022-08-15,148.9199981689453,150.47999572753906,148.77999877929688,150.27000427246094,138.73593139648438,548900,0.0
2022-08-16,150.02999877929688,151.5399932861328,150.02999877929688,150.9600067138672,139.37303161621094,466700,0.0
2022-08-17,149.77000427246094,150.7899932861328,149.3699951171875,150.02000427246094,138.50514221191406,494300,0.0
2022-08-18,150.16000366210938,150.67999267578125,149.77999877929688,150.49000549316406,138.93907165527344,430300,0.0
2022-08-19,149.85000610351562,149.9600067138672,148.97999572753906,149.25999450683594,137.80349731445312,410200,0.0
2022-08-22,147.82000732421875,147.82000732421875,146.38999938964844,146.6699981689453,135.41226196289062,500400,0.0
2022-08-23,146.77000427246094,147.33999633789062,146.2100067138672,146.3800048828125,135.14456176757812,381000,0.0
2022-08-24,146.3800048828125,147.2100067138672,146.1199951171875,146.89999389648438,135.62461853027344,370900,0.0
2022-08-25,147.27999877929688,148.66000366210938,146.9600067138672,148.6199951171875,137.2126007080078,3797200,0.0
2022-08-26,148.74000549316406,148.82000732421875,144.52000427246094,144.5800018310547,133.48269653320312,1034500,0.0
2022-08-29,143.72000122070312,145.14999389648438,143.41000366210938,144.05999755859375,133.00262451171875,700400,0.0
2022-08-30,144.30999755859375,144.30999755859375,141.97999572753906,142.44000244140625,131.50698852539062,746800,0.0
2022-08-31,142.77000427246094,143.2100067138672,141.3800048828125,141.42999267578125,130.57447814941406,670000,0.0
2022-09-01,140.82000732421875,142.0,139.9499969482422,141.9199981689453,131.02687072753906,911400,0.0
2022-09-02,143.35000610351562,143.74000549316406,140.13999938964844,140.6999969482422,129.90049743652344,885200,0.0
2022-09-06,141.1999969482422,141.3800048828125,139.72999572753906,140.27000427246094,129.50350952148438,3902900,0.0
2022-09-07,139.9499969482422,142.77999877929688,139.88999938964844,142.55999755859375,131.61776733398438,900300,0.0
2022-09-08,141.9600067138672,143.58999633789062,141.4199981689453,143.5,132.48558044433594,687000,0.0
2022-09-09,144.39999389648438,145.60000610351562,144.1199951171875,145.24000549316406,134.09205627441406,658600,0.0
2022-09-12,146.0800018310547,147.00999450683594,145.9199981689453,146.52000427246094,135.2737579345703,412900,0.0
2022-09-13,144.0800018310547,144.4600067138672,140.9600067138672,141.4199981689453,130.5652313232422,797000,0.0
2022-09-14,141.77000427246094,142.24000549316406,140.66000366210938,141.72999572753906,130.85147094726562,511800,0.0
2022-09-15,141.3699951171875,142.3000030517578,140.41000366210938,140.75,129.9467010498047,707800,0.0
2022-09-16,139.32000732421875,139.97000122070312,138.7100067138672,139.6999969482422,128.97723388671875,742700,0.0
2022-09-19,138.49000549316406,140.60000610351562,138.49000549316406,140.60000610351562,129.80819702148438,709700,0.0
2022-09-20,139.42999267578125,139.52000427246094,137.8699951171875,138.80999755859375,128.1555633544922,592200,0.0
2022-09-21,139.5800018310547,140.22999572753906,136.5,136.5399932861328,126.05980682373047,1365500,0.0
2022-09-22,136.52000427246094,136.7100067138672,135.4600067138672,135.47999572753906,125.0811538696289,1508100,0.0
2022-09-23,134.13999938964844,134.19000244140625,131.41000366210938,133.05999755859375,122.84690856933594,1386900,0.0
2022-09-26,131.44000244140625,132.24000549316406,129.77000427246094,130.3699951171875,121.19497680664062,1037500,0.913
2022-09-27,131.52999877929688,132.05999755859375,128.9600067138672,129.6699981689453,120.54422760009766,1123500,0.0
2022-09-28,130.42999267578125,132.97000122070312,129.88999938964844,132.25999450683594,122.95198059082031,1826300,0.0
2022-09-29,131.4199981689453,131.50999450683594,129.38999938964844,130.24000549316406,121.07414245605469,1977800,0.0
2022-09-30,130.10000610351562,131.0500030517578,128.44000244140625,128.52000427246094,119.47517395019531,1347100,0.0
2022-10-03,130.25,132.7100067138672,129.6300048828125,132.0800018310547,122.78462219238281,1550900,0.0
2022-10-04,133.83999633789062,136.0,133.66000366210938,135.97000122070312,126.40089416503906,1235900,0.0
2022-10-05,134.61000061035156,136.38999938964844,133.91000366210938,135.55999755859375,126.01973724365234,885300,0.0
2022-10-06,135.0,135.83999633789062,133.6999969482422,133.8800048828125,124.45796966552734,1255600,0.0
2022-10-07,132.85000610351562,133.0399932861328,130.5500030517578,131.3000030517578,122.05951690673828,955300,0.0
2022-10-10,131.75,132.0399932861328,129.8699951171875,130.55999755859375,121.37158966064453,581200,0.0
2022-10-11,130.0800018310547,131.8800048828125,129.55999755859375,130.27999877929688,121.11131286621094,1140700,0.0
2022-10-12,130.4600067138672,130.9600067138672,129.63999938964844,129.67999267578125,120.55352783203125,677700,0.0
2022-10-13,127.66000366210938,133.74000549316406,127.33000183105469,133.22000122070312,123.84439849853516,1288400,0.0
2022-10-14,134.08999633789062,134.7100067138672,130.77000427246094,130.97000122070312,121.75274658203125,2840100,0.0
2022-10-17,132.8800048828125,134.0800018310547,132.83999633789062,133.4600067138672,124.06752014160156,835700,0.0
2022-10-18,135.75,136.16000366210938,133.9600067138672,135.22999572753906,125.71292877197266,693500,0.0
2022-10-19,134.52999877929688,135.4600067138672,133.4600067138672,134.35000610351562,124.89485168457031,759100,0.0
2022-10-20,134.47999572753906,135.5800018310547,132.9199981689453,133.2100067138672,123.83509826660156,510700,0.0
2022-10-21,133.2100067138672,136.4499969482422,132.77000427246094,136.25,126.66114807128906,778200,0.0
2022-10-24,136.97000122070312,138.32000732421875,136.5500030517578,137.85000610351562,128.14854431152344,938400,0.0
2022-10-25,137.63999938964844,139.7100067138672,137.63999938964844,139.55999755859375,129.7382354736328,3549500,0.0
2022-10-26,139.94000244140625,141.6699981689453,139.94000244140625,140.36000061035156,130.4818878173828,1172600,0.0
2022-10-27,141.3800048828125,142.3300018310547,140.61000061035156,140.89999389648438,130.98390197753906,1577700,0.0
2022-10-28,141.1199951171875,144.0,141.1199951171875,143.94000244140625,133.8099822998047,1182900,0.0
2022-10-31,143.11000061035156,144.1300048828125,142.92999267578125,143.3300018310547,133.24288940429688,1972400,0.0
2022-11-01,144.4199981689453,144.57000732421875,142.77999877929688,143.5,133.40090942382812,1065500,0.0
2022-11-02,143.13999938964844,145.08999633789062,140.88999938964844,140.97000122070312,131.04898071289062,1079700,0.0
2022-11-03,139.64999389648438,141.25,139.0800018310547,140.38999938964844,130.5098114013672,1146600,0.0
2022-11-04,142.19000244140625,143.16000366210938,140.32000732421875,142.2899932861328,132.27606201171875,3355700,0.0
2022-11-07,142.8300018310547,143.72999572753906,142.2100067138672,143.49000549316406,133.39163208007812,1531700,0.0
2022-11-08,143.77999877929688,145.1699981689453,142.9600067138672,144.35000610351562,134.19110107421875,1380100,0.0
2022-11-09,143.47999572753906,144.02000427246094,141.5500030517578,141.6999969482422,131.72760009765625,816700,0.0
2022-11-10,145.7100067138672,147.38999938964844,144.8000030517578,147.2100067138672,136.84986877441406,880100,0.0
2022-11-11,147.64999389648438,148.0500030517578,146.55999755859375,147.7100067138672,137.31463623046875,999300,0.0
2022-11-14,147.42999267578125,148.72000122070312,146.6999969482422,146.77999877929688,136.45010375976562,579500,0.0
2022-11-15,148.44000244140625,148.8000030517578,146.32000732421875,147.6300048828125,137.2402801513672,955400,0.0
2022-11-16,147.3000030517578,147.64999389648438,146.60000610351562,146.77999877929688,136.45010375976562,767900,0.0
2022-11-17,145.16000366210938,146.57000732421875,145.00999450683594,146.5,136.1898193359375,905400,0.0
2022-11-18,147.5800018310547,147.97999572753906,146.74000549316406,147.7100067138672,137.31463623046875,463400,0.0
2022-11-21,147.27999877929688,148.11000061035156,146.9600067138672,147.8800048828125,137.47271728515625,457000,0.0
2022-11-22,148.6300048828125,149.85000610351562,148.57000732421875,149.74000549316406,139.2017822265625,3026000,0.0
2022-11-23,149.3300018310547,150.3699951171875,149.3300018310547,150.22999572753906,139.6573028564453,535500,0.0
2022-11-25,150.3699951171875,150.8300018310547,150.3699951171875,150.67999267578125,140.0756072998047,220000,0.0
2022-11-28,149.42999267578125,150.0500030517578,148.22999572753906,148.4499969482422,138.00254821777344,540500,0.0
2022-11-29,148.4499969482422,149.11000061035156,148.07000732421875,148.85000610351562,138.37440490722656,667300,0.0
2022-11-30,149.0399932861328,151.88999938964844,147.77000427246094,151.7899932861328,141.1074981689453,691600,0.0
2022-12-01,152.3800048828125,152.61000061035156,150.94000244140625,151.60000610351562,140.93089294433594,748700,0.0
2022-12-02,149.97999572753906,151.85000610351562,149.97999572753906,151.6199951171875,140.94947814941406,683700,0.0
2022-12-05,150.57000732421875,150.77000427246094,148.66000366210938,149.1199951171875,138.62542724609375,877500,0.0
2022-12-06,148.99000549316406,149.36000061035156,146.7899932861328,147.57000732421875,137.18450927734375,2889400,0.0
2022-12-07,147.33999633789062,148.3699951171875,147.22000122070312,147.5500030517578,137.16592407226562,858300,0.0
2022-12-08,148.22000122070312,148.75999450683594,147.85000610351562,148.2899932861328,137.8538360595703,629200,0.0
2022-12-09,147.91000366210938,148.50999450683594,147.08999633789062,147.16000366210938,136.80335998535156,532900,0.0
2022-12-12,147.5,149.3800048828125,147.22000122070312,149.3800048828125,138.8671112060547,798700,0.0
2022-12-13,151.5800018310547,151.5800018310547,148.1699981689453,149.08999633789062,139.38314819335938,1025200,0.842
2022-12-14,149.11000061035156,150.1999969482422,147.39999389648438,148.2899932861328,138.63525390625,843800,0.0
2022-12-15,146.60000610351562,147.0,144.75999450683594,145.42999267578125,135.96145629882812,774500,0.0
2022-12-16,144.1300048828125,144.4499969482422,142.92999267578125,144.0,134.62454223632812,684800,0.0
2022-12-19,143.97000122070312,144.27000427246094,142.07000732421875,142.82000732421875,133.52139282226562,1201000,0.0
2022-12-20,142.6199951171875,143.75,142.27000427246094,143.19000244140625,133.86727905273438,919100,0.0
2022-12-21,144.3000030517578,145.74000549316406,144.27999877929688,145.3300018310547,135.86801147460938,3219900,0.0
2022-12-22,144.25999450683594,144.25999450683594,141.44000244140625,143.77999877929688,134.41893005371094,881400,0.0
2022-12-23,143.60000610351562,144.75,142.86000061035156,144.6699981689453,135.2509765625,815700,0.0
2022-12-27,144.72999572753906,145.25,143.77999877929688,144.6699981689453,135.2509765625,557700,0.0
2022-12-28,144.77999877929688,145.3000030517578,143.00999450683594,143.02999877929688,133.71774291992188,858100,0.0
2022-12-29,143.9199981689453,145.8300018310547,143.82000732421875,145.58999633789062,136.11106872558594,783700,0.0
2022-12-30,144.61000061035156,145.1199951171875,143.67999267578125,145.07000732421875,135.62493896484375,699800,0.0
2023-01-03,146.22999572753906,147.07000732421875,144.47999572753906,145.72999572753906,136.24192810058594,1137500,0.0
2023-01-04,146.74000549316406,148.33999633789062,146.1300048828125,147.60000610351562,137.9901885986328,919000,0.0
2023-01-05,146.88999938964844,146.88999938964844,145.55999755859375,146.0399932861328,136.53173828125,2420700,0.0
2023-01-06,147.14999389648438,149.83999633789062,146.2899932861328,149.38999938964844,139.6636199951172,1070300,0.0
2023-01-09,150.07000732421875,151.25999450683594,149.27000427246094,149.35000610351562,139.626220703125,707100,0.0
2023-01-10,149.1699981689453,150.47000122070312,148.8699951171875,150.44000244140625,140.6453094482422,453600,0.0
2023-01-11,151.0,152.19000244140625,150.77999877929688,152.14999389648438,142.2439422607422,567100,0.0
2023-01-12,152.72000122070312,153.42999267578125,151.35000610351562,152.86000061035156,142.90769958496094,692200,0.0
2023-01-13,151.5500030517578,153.61000061035156,151.3800048828125,153.41000366210938,143.42189025878906,782900,0.0
2023-01-17,153.25999450683594,153.6300048828125,152.44000244140625,152.6199951171875,142.68338012695312,1660800,0.0
2023-01-18,152.99000549316406,153.14999389648438,149.8699951171875,149.94000244140625,140.1778564453125,934100,0.0
2023-01-19,148.97999572753906,149.36000061035156,147.9600067138672,148.44000244140625,138.7755126953125,783300,0.0
2023-01-20,148.9199981689453,151.1199951171875,148.22999572753906,151.02000427246094,141.18751525878906,870400,0.0
2023-01-23,151.2899932861328,153.52000427246094,150.9600067138672,152.77999877929688,142.83294677734375,1171500,0.0
2023-01-24,152.16000366210938,153.0800018310547,151.6999969482422,152.61000061035156,142.67401123046875,746400,0.0
2023-01-25,151.0800018310547,153.00999450683594,150.42999267578125,152.88999938964844,142.93577575683594,2651200,0.0
2023-01-26,153.52999877929688,154.22999572753906,152.5399932861328,154.1300048828125,144.0950164794922,1861400,0.0
2023-01-27,153.7899932861328,155.33999633789062,153.67999267578125,154.4600067138672,144.40354919433594,586000,0.0
2023-01-30,153.27000427246094,154.47000122070312,152.88999938964844,152.97999572753906,143.01991271972656,741700,0.0
2023-01-31,153.2899932861328,155.22999572753906,152.99000549316406,155.17999267578125,145.07667541503906,530700,0.0
2023-02-01,154.58999633789062,157.8000030517578,153.77999877929688,156.6999969482422,146.49771118164062,967200,0.0
2023-02-02,158.27999877929688,160.3000030517578,157.80999755859375,159.47000122070312,149.08737182617188,1116300,0.0
2023-02-03,157.5800018310547,158.74000549316406,156.72999572753906,157.24000549316406,147.0025634765625,2014200,0.0
2023-02-06,156.13999938964844,156.52999877929688,155.49000549316406,156.1999969482422,146.0302276611328,741200,0.0
2023-02-07,155.77000427246094,158.1699981689453,155.0399932861328,157.7100067138672,147.4419708251953,614500,0.0
2023-02-08,156.86000061035156,157.52999877929688,155.9499969482422,156.1699981689453,146.002197265625,564300,0.0
2023-02-09,157.38999938964844,157.61000061035156,154.05999755859375,154.4600067138672,144.40354919433594,335400,0.0
2023-02-10,154.02999877929688,154.97000122070312,153.67999267578125,154.83999633789062,144.7588348388672,1235300,0.0
2023-02-13,155.02000427246094,156.85000610351562,155.02000427246094,156.82000732421875,146.60987854003906,3784700,0.0
2023-02-14,156.3300018310547,157.6300048828125,155.14999389648438,156.4499969482422,146.26397705078125,767900,0.0
2023-02-15,155.58999633789062,157.02999877929688,155.4199981689453,157.00999450683594,146.7875213623047,634500,0.0
2023-02-16,155.17999267578125,156.66000366210938,154.82000732421875,155.14999389648438,145.04861450195312,633600,0.0
2023-02-17,154.44000244140625,155.14999389648438,153.7100067138672,154.97999572753906,144.8896942138672,1647300,0.0
2023-02-21,153.39999389648438,153.7100067138672,151.4600067138672,151.72000122070312,141.84194946289062,450600,0.0
2023-02-22,151.86000061035156,152.3800048828125,150.82000732421875,151.38999938964844,141.53343200683594,2250000,0.0
2023-02-23,152.13999938964844,152.5,150.19000244140625,151.77000427246094,141.88870239257812,1495900,0.0
2023-02-24,149.88999938964844,150.8300018310547,149.3699951171875,150.52000427246094,140.72007751464844,721100,0.0
2023-02-27,151.80999755859375,152.3699951171875,150.41000366210938,150.75,140.93511962890625,406600,0.0
2023-02-28,150.77000427246094,151.50999450683594,150.4499969482422,150.47999572753906,140.6826629638672,377700,0.0
2023-03-01,150.0800018310547,150.5399932861328,149.3699951171875,149.77999877929688,140.02825927734375,356600,0.0
2023-03-02,149.22000122070312,151.27999877929688,149.1199951171875,151.0,141.16885375976562,522300,0.0
2023-03-03,151.72000122070312,153.49000549316406,151.47000122070312,153.38999938964844,143.4031982421875,720500,0.0
2023-03-06,153.60000610351562,154.36000061035156,152.9199981689453,153.0399932861328,143.07598876953125,390500,0.0
2023-03-07,152.97000122070312,153.17999267578125,150.27000427246094,150.55999755859375,140.75746154785156,387900,0.0
2023-03-08,150.47999572753906,151.0,149.8300018310547,150.72000122070312,140.9070587158203,449700,0.0
2023-03-09,150.88999938964844,151.42999267578125,147.1300048828125,147.57000732421875,137.96214294433594,501000,0.0
2023-03-10,147.13999938964844,148.0399932861328,144.58999633789062,145.2899932861328,135.83055114746094,528200,0.0
2023-03-13,143.3300018310547,146.1199951171875,142.55999755859375,144.2100067138672,134.82090759277344,751600,0.0
2023-03-14,146.77000427246094,147.41000366210938,144.9499969482422,146.58999633789062,137.0459442138672,1037900,0.0
2023-03-15,144.0800018310547,145.41000366210938,143.25,145.32000732421875,135.85861206054688,3132200,0.0
2023-03-16,144.4600067138672,147.91000366210938,144.08999633789062,147.6999969482422,138.0836944580078,1566600,0.0
2023-03-17,147.17999267578125,147.17999267578125,144.8000030517578,145.35000610351562,135.8866729736328,1337000,0.0
2023-03-20,145.85000610351562,147.02999877929688,145.72000122070312,146.63999938964844,137.0926971435547,464600,0.0
2023-03-21,148.35000610351562,148.64999389648438,147.50999450683594,148.42999267578125,138.7661590576172,358900,0.0
2023-03-22,148.44000244140625,149.25,145.38999938964844,145.4600067138672,135.98951721191406,569800,0.0
2023-03-23,145.58999633789062,147.13999938964844,143.75,144.69000244140625,135.91908264160156,652200,0.695
2023-03-24,144.02000427246094,145.92999267578125,143.35000610351562,145.8699951171875,137.0275421142578,506100,0.0
2023-03-27,146.92999267578125,147.33999633789062,146.1699981689453,146.6300048828125,137.74147033691406,1078600,0.0
2023-03-28,146.30999755859375,147.0,145.89999389648438,146.6300048828125,137.74147033691406,1338400,0.0
2023-03-29,147.94000244140625,149.00999450683594,147.85000610351562,148.88999938964844,139.86447143554688,632400,0.0
2023-03-30,149.99000549316406,150.1999969482422,149.00999450683594,149.74000549316406,140.6629638671875,450100,0.0
2023-03-31,150.19000244140625,151.82000732421875,150.19000244140625,151.75999450683594,142.5605010986328,587800,0.0
2023-04-03,151.55999755859375,152.32000732421875,151.16000366210938,151.83999633789062,142.63563537597656,668800,0.0
2023-04-04,152.02000427246094,152.10000610351562,150.2100067138672,150.86000061035156,141.71502685546875,493800,0.0
2023-04-05,150.49000549316406,150.97999572753906,149.99000549316406,150.55999755859375,141.43324279785156,372400,0.0
2023-04-06,150.25999450683594,151.08999633789062,149.92999267578125,151.05999755859375,141.90292358398438,360800,0.0
2023-04-10,150.27000427246094,151.47000122070312,150.02999877929688,151.4499969482422,142.26927185058594,291300,0.0
2023-04-11,151.63999938964844,152.30999755859375,151.5399932861328,151.72999572753906,142.5323028564453,478500,0.0
2023-04-12,152.5800018310547,152.72999572753906,150.91000366210938,151.11000061035156,141.94989013671875,1579100,0.0
2023-04-13,151.44000244140625,152.8000030517578,150.97000122070312,152.64999389648438,143.3965606689453,288300,0.0
2023-04-14,152.6199951171875,153.57000732421875,151.6199951171875,152.4499969482422,143.2086639404297,357200,0.0
2023-04-17,152.57000732421875,153.57000732421875,152.4499969482422,153.5399932861328,144.23260498046875,507800,0.0
2023-04-18,154.0399932861328,154.1199951171875,153.0,153.6300048828125,144.317138671875,789700,0.0
2023-04-19,152.97999572753906,154.00999450683594,152.9600067138672,153.72999572753906,144.41104125976562,724400,0.0
2023-04-20,152.66000366210938,153.42999267578125,152.2899932861328,152.72999572753906,143.47166442871094,343200,0.0
2023-04-21,153.0399932861328,153.16000366210938,152.1699981689453,152.99000549316406,143.71595764160156,477900,0.0
2023-04-24,152.86000061035156,153.4499969482422,152.3800048828125,153.02000427246094,143.74412536621094,1352900,0.0
2023-04-25,152.13999938964844,152.25,150.47000122070312,150.49000549316406,141.3674774169922,493200,0.0
2023-04-26,150.8699951171875,151.05999755859375,149.47999572753906,149.72000122070312,140.6441650390625,584900,0.0
2023-04-27,150.9600067138672,153.17999267578125,150.9600067138672,153.0399932861328,143.76287841796875,367300,0.0
2023-04-28,152.7100067138672,154.38999938964844,152.7100067138672,154.38999938964844,145.03106689453125,429300,0.0
2023-05-01,154.32000732421875,155.0500030517578,154.02000427246094,154.14999389648438,144.80563354492188,371800,0.0
2023-05-02,153.8300018310547,153.8300018310547,151.07000732421875,152.27999877929688,143.0489959716797,489000,0.0
2023-05-03,152.41000366210938,153.14999389648438,150.94000244140625,150.97999572753906,141.82778930664062,611400,0.0
2023-05-04,150.5,150.8699951171875,149.25,149.77999877929688,140.7005157470703,1369300,0.0
2023-05-05,150.99000549316406,152.5,150.99000549316406,152.1300048828125,142.90805053710938,321700,0.0
2023-05-08,152.3300018310547,152.5,151.60000610351562,152.07000732421875,142.8516845703125,282000,0.0
2023-05-09,151.39999389648438,151.97999572753906,151.10000610351562,151.52000427246094,142.3350372314453,527200,0.0
2023-05-10,152.63999938964844,152.77000427246094,150.47000122070312,151.7899932861328,142.5886688232422,385100,0.0
2023-05-11,151.24000549316406,151.32000732421875,150.52999877929688,151.24000549316406,142.072021484375,383300,0.0
2023-05-12,151.72999572753906,151.72999572753906,149.97000122070312,150.88999938964844,141.74322509765625,285300,0.0
2023-05-15,151.1699981689453,151.94000244140625,150.57000732421875,151.7100067138672,142.51351928710938,344000,0.0
2023-05-16,151.24000549316406,151.42999267578125,150.2100067138672,150.22000122070312,141.1138458251953,279900,0.0
2023-05-17,150.99000549316406,152.55999755859375,150.63999938964844,152.32000732421875,143.08656311035156,367600,0.0
2023-05-18,152.13999938964844,153.82000732421875,152.0500030517578,153.6300048828125,144.317138671875,410400,0.0
2023-05-19,153.9600067138672,154.07000732421875,152.6699981689453,153.16000366210938,143.87562561035156,314300,0.0
2023-05-22,153.24000549316406,153.8000030517578,152.72999572753906,153.22999572753906,143.94137573242188,434400,0.0
2023-05-23,152.6699981689453,153.27999877929688,151.52999877929688,151.5399932861328,142.3538360595703,430300,0.0
2023-05-24,150.92999267578125,151.07000732421875,149.83999633789062,150.24000549316406,141.13262939453125,1447700,0.0
2023-05-25,150.52999877929688,150.77000427246094,149.42999267578125,150.3000030517578,141.18899536132812,821400,0.0
2023-05-26,150.6699981689453,152.5500030517578,150.6199951171875,152.3000030517578,143.06777954101562,949300,0.0
2023-05-30,152.97999572753906,153.1699981689453,151.77999877929688,152.2100067138672,142.98321533203125,650900,0.0
2023-05-31,151.58999633789062,151.82000732421875,150.67999267578125,151.5,142.31625366210938,518500,0.0
2023-06-01,151.5,153.1300048828125,150.99000549316406,152.72999572753906,143.47166442871094,504500,0.0
2023-06-02,153.72999572753906,155.72000122070312,153.72999572753906,155.3699951171875,145.95164489746094,548500,0.0
2023-06-05,155.35000610351562,155.6199951171875,154.63999938964844,154.88999938964844,145.50074768066406,1534500,0.0
2023-06-06,154.80999755859375,155.9199981689453,154.74000549316406,155.75,146.3086395263672,378000,0.0
2023-06-07,155.4199981689453,155.63999938964844,155.10000610351562,155.50999450683594,146.59616088867188,370900,0.545
2023-06-08,155.32000732421875,156.10000610351562,154.92999267578125,155.97999572753906,147.0391845703125,366800,0.0
2023-06-09,156.0500030517578,156.5800018310547,155.6300048828125,156.0500030517578,147.10519409179688,306000,0.0
2023-06-12,156.27999877929688,157.24000549316406,156.1199951171875,157.1699981689453,148.16098022460938,246900,0.0
2023-06-13,157.75999450683594,158.55999755859375,157.64999389648438,158.30999755859375,149.2356414794922,1205800,0.0
2023-06-14,158.72000122070312,159.58999633789062,157.5399932861328,158.5,149.4147491455078,577800,0.0
2023-06-15,158.22000122070312,161.0500030517578,158.22000122070312,160.66000366210938,151.45095825195312,454400,0.0
2023-06-16,161.4499969482422,161.47999572753906,160.0500030517578,160.13999938964844,150.96075439453125,531600,0.0
2023-06-20,159.41000366210938,159.4499969482422,158.2899932861328,158.9600067138672,149.84837341308594,520900,0.0
2023-06-21,158.41000366210938,158.92999267578125,158.00999450683594,158.22999572753906,149.1602325439453,460500,0.0
2023-06-22,158.00999450683594,158.22999572753906,157.49000549316406,158.07000732421875,149.00941467285156,641000,0.0
2023-06-23,156.88999938964844,157.50999450683594,156.58999633789062,156.9600067138672,147.96302795410156,386900,0.0
2023-06-26,156.94000244140625,157.63999938964844,156.88999938964844,157.10000610351562,148.0950164794922,466800,0.0
2023-06-27,157.44000244140625,159.13999938964844,157.44000244140625,158.8699951171875,149.76353454589844,836600,0.0
2023-06-28,158.5800018310547,159.0800018310547,158.17999267578125,158.72000122070312,149.62216186523438,496000,0.0
2023-06-29,158.72000122070312,159.6999969482422,158.5800018310547,159.58999633789062,150.44227600097656,306900,0.0
2023-06-30,160.6199951171875,161.52000427246094,160.6199951171875,161.19000244140625,151.95057678222656,420500,0.0
2023-07-03,160.9199981689453,161.72000122070312,160.7899932861328,161.47999572753906,152.2239532470703,1052200,0.0
2023-07-05,160.94000244140625,161.66000366210938,160.75,161.24000549316406,151.9977264404297,880400,0.0
2023-07-06,159.88999938964844,160.0500030517578,158.9499969482422,159.8800048828125,150.7156524658203,601100,0.0
2023-07-07,159.5,161.27999877929688,159.49000549316406,159.8000030517578,150.64022827148438,496300,0.0
2023-07-10,159.77000427246094,160.80999755859375,159.77000427246094,160.7100067138672,151.49807739257812,339700,0.0
2023-07-11,161.1300048828125,162.50999450683594,160.9499969482422,162.35000610351562,153.04409790039062,337700,0.0
2023-07-12,163.6699981689453,164.02999877929688,163.27000427246094,163.50999450683594,154.13758850097656,437600,0.0
2023-07-13,164.1999969482422,164.83999633789062,163.9499969482422,164.55999755859375,155.12742614746094,554400,0.0
2023-07-14,164.86000061035156,164.86000061035156,163.61000061035156,163.77999877929688,154.39210510253906,411100,0.0
2023-07-17,163.47999572753906,164.35000610351562,163.35000610351562,163.8800048828125,154.4863739013672,379300,0.0
2023-07-18,163.83999633789062,165.44000244140625,163.77000427246094,165.2899932861328,155.81556701660156,537300,0.0
2023-07-19,165.67999267578125,166.32000732421875,165.64999389648438,166.05999755859375,156.54139709472656,953300,0.0
2023-07-20,165.57000732421875,166.05999755859375,165.33999633789062,165.52000427246094,156.0323944091797,415700,0.0
2023-07-21,166.0500030517578,166.08999633789062,165.44000244140625,165.52000427246094,156.0323944091797,506000,0.0
2023-07-24,165.72000122070312,166.36000061035156,165.6199951171875,166.02000427246094,156.5037384033203,521000,0.0
2023-07-25,165.7899932861328,166.52000427246094,165.72000122070312,166.1300048828125,156.60740661621094,1289700,0.0
2023-07-26,165.64999389648438,166.58999633789062,165.4600067138672,166.1999969482422,156.67337036132812,417200,0.0
2023-07-27,167.4199981689453,167.6199951171875,164.86000061035156,165.08999633789062,155.6270294189453,513600,0.0
2023-07-28,166.44000244140625,166.82000732421875,165.85000610351562,166.41000366210938,156.87135314941406,286500,0.0
2023-07-31,166.6300048828125,167.05999755859375,166.11000061035156,166.75,157.1918487548828,357800,0.0
2023-08-01,166.24000549316406,166.52999877929688,165.97000122070312,166.30999755859375,156.77706909179688,464200,0.0
2023-08-02,165.1699981689453,165.38999938964844,164.11000061035156,164.39999389648438,154.9765625,533300,0.0
2023-08-03,163.6199951171875,164.25999450683594,163.1300048828125,163.6300048828125,154.25070190429688,467200,0.0
2023-08-04,164.64999389648438,165.63999938964844,163.38999938964844,163.57000732421875,154.1941375732422,575700,0.0
2023-08-07,164.32000732421875,165.4600067138672,164.32000732421875,165.3800048828125,155.90040588378906,358000,0.0
2023-08-08,164.0,164.49000549316406,162.8800048828125,164.3300018310547,154.91058349609375,418700,0.0
2023-08-09,164.47000122070312,164.47000122070312,162.97000122070312,163.22000122070312,153.8642120361328,310700,0.0
2023-08-10,164.1199951171875,165.25999450683594,162.89999389648438,163.33999633789062,153.977294921875,578600,0.0
2023-08-11,162.77000427246094,163.5800018310547,162.44000244140625,163.25,153.89248657226562,485800,0.0
2023-08-14,162.92999267578125,163.5800018310547,162.60000610351562,163.52999877929688,154.15643310546875,276800,0.0
2023-08-15,162.67999267578125,162.67999267578125,161.22000122070312,161.44000244140625,152.18624877929688,413100,0.0
2023-08-16,161.27000427246094,161.7899932861328,160.19000244140625,160.24000549316406,151.0550079345703,523700,0.0
2023-08-17,160.7100067138672,160.75999450683594,158.6699981689453,158.75,149.65042114257812,458800,0.0
2023-08-18,157.69000244140625,159.25999450683594,157.57000732421875,158.86000061035156,149.75411987304688,524100,0.0
2023-08-21,159.0,159.39999389648438,157.82000732421875,159.0500030517578,149.9332275390625,556600,0.0
2023-08-22,159.52999877929688,159.5800018310547,158.27999877929688,158.50999450683594,149.4241485595703,1416200,0.0
2023-08-23,158.75,160.24000549316406,158.72999572753906,159.97999572753906,150.80992126464844,396500,0.0
2023-08-24,160.17999267578125,160.97999572753906,158.14999389648438,158.16000366210938,149.09425354003906,325900,0.0
2023-08-25,158.74000549316406,159.66000366210938,157.4600067138672,159.13999938964844,150.01808166503906,582600,0.0
2023-08-28,159.8699951171875,160.5399932861328,159.63999938964844,160.14999389648438,150.9701690673828,421000,0.0
2023-08-29,160.22000122070312,162.1300048828125,160.02999877929688,162.0500030517578,152.7612762451172,362300,0.0
2023-08-30,162.08999633789062,162.77000427246094,161.75,162.33999633789062,153.0346221923828,262400,0.0
2023-08-31,162.67999267578125,163.05999755859375,162.08999633789062,162.08999633789062,152.79898071289062,267900,0.0
2023-09-01,163.10000610351562,163.3000030517578,162.00999450683594,162.5500030517578,153.2326202392578,356100,0.0
2023-09-05,162.3699951171875,162.47000122070312,161.17999267578125,161.1999969482422,151.95999145507812,241200,0.0
2023-09-06,161.00999450683594,161.1999969482422,159.9600067138672,160.82000732421875,151.60179138183594,295000,0.0
2023-09-07,160.3000030517578,160.9199981689453,160.22999572753906,160.6300048828125,151.4226837158203,1162900,0.0
2023-09-08,160.58999633789062,161.2899932861328,160.55999755859375,160.86000061035156,151.6394805908203,787500,0.0
2023-09-11,161.63999938964844,162.02000427246094,161.39999389648438,161.9199981689453,152.63868713378906,261100,0.0
2023-09-12,161.50999450683594,162.27000427246094,161.1999969482422,161.3699951171875,152.1202392578125,211400,0.0
2023-09-13,161.5,161.85000610351562,160.8300018310547,161.3000030517578,152.0542755126953,420000,0.0
2023-09-14,162.32000732421875,163.22000122070312,162.07000732421875,162.97000122070312,153.62850952148438,347700,0.0
2023-09-15,162.4499969482422,162.47999572753906,161.05999755859375,161.1699981689453,151.9317169189453,478700,0.0
2023-09-18,161.0399932861328,161.55999755859375,160.75,161.05999755859375,151.8280029296875,670800,0.0
2023-09-19,160.92999267578125,160.9499969482422,159.72999572753906,160.64999389648438,151.44155883789062,242900,0.0
2023-09-20,161.2100067138672,161.55999755859375,159.47999572753906,159.52000427246094,150.37628173828125,386600,0.0
2023-09-21,158.52000427246094,158.6199951171875,156.9199981689453,156.97000122070312,147.97244262695312,458700,0.0
2023-09-22,157.3000030517578,157.52999877929688,156.24000549316406,156.38999938964844,147.42568969726562,502600,0.0
2023-09-25,155.83999633789062,156.80999755859375,155.69000244140625,156.77000427246094,147.78390502929688,372900,0.0
2023-09-26,154.8800048828125,155.1699981689453,153.3000030517578,153.5800018310547,145.55667114257812,505300,0.84
2023-09-27,154.00999450683594,154.1300048828125,152.10000610351562,153.3300018310547,145.3197479248047,491500,0.0
2023-09-28,153.24000549316406,154.75999450683594,153.13999938964844,154.14999389648438,146.09689331054688,503600,0.0
2023-09-29,155.4600067138672,155.4600067138672,153.25999450683594,153.83999633789062,145.8031005859375,923000,0.0
2023-10-02,153.4499969482422,153.7100067138672,151.9600067138672,152.91000366210938,144.92166137695312,1835000,0.0
2023-10-03,151.9499969482422,152.6300048828125,150.33999633789062,150.75999450683594,142.88400268554688,909000,0.0
2023-10-04,151.1300048828125,151.99000549316406,150.19000244140625,151.75,143.82228088378906,700600,0.0
2023-10-05,151.52999877929688,151.72999572753906,150.41000366210938,151.49000549316406,143.57586669921875,522000,0.0
2023-10-06,150.50999450683594,153.75,149.8300018310547,153.11000061035156,145.11122131347656,408200,0.0
2023-10-09,152.38999938964844,154.19000244140625,152.1699981689453,154.0399932861328,145.99266052246094,309000,0.0
2023-10-10,154.41000366210938,155.99000549316406,154.1999969482422,155.05999755859375,146.9593505859375,711900,0.0
2023-10-11,155.50999450683594,155.9499969482422,154.52999877929688,155.6199951171875,147.49009704589844,593000,0.0
2023-10-12,155.75,155.75,153.32000732421875,154.22999572753906,146.17271423339844,345900,0.0
2023-10-13,154.63999938964844,155.1300048828125,152.82000732421875,153.39999389648438,145.38609313964844,560600,0.0
2023-10-16,154.50999450683594,155.60000610351562,154.25999450683594,155.16000366210938,147.05416870117188,494800,0.0
2023-10-17,154.14999389648438,156.42999267578125,154.14999389648438,155.57000732421875,147.4427490234375,462000,0.0
2023-10-18,154.99000549316406,155.08999633789062,152.97000122070312,153.36000061035156,145.3481903076172,579100,0.0
2023-10-19,153.8300018310547,154.7100067138672,152.0399932861328,152.1999969482422,144.248779296875,458700,0.0
2023-10-20,152.1699981689453,152.35000610351562,150.4600067138672,150.4600067138672,142.5996856689453,523200,0.0
2023-10-23,150.0,151.6199951171875,149.57000732421875,149.97999572753906,142.1447296142578,612700,0.0
2023-10-24,151.02999877929688,151.85000610351562,150.47999572753906,151.27000427246094,143.3673858642578,445100,0.0
2023-10-25,151.11000061035156,151.22999572753906,149.4600067138672,149.63999938964844,141.82254028320312,520100,0.0
2023-10-26,149.3699951171875,149.82000732421875,148.16000366210938,148.4499969482422,140.6946563720703,958600,0.0
2023-10-27,149.05999755859375,149.25999450683594,147.22999572753906,147.63999938964844,139.92701721191406,545600,0.0
2023-10-30,148.6300048828125,150.1300048828125,148.3300018310547,149.6999969482422,141.87939453125,543000,0.0
2023-10-31,150.00999450683594,151.1300048828125,149.61000061035156,151.0399932861328,143.1493682861328,417900,0.0
2023-11-01,151.25,152.66000366210938,151.02000427246094,152.35000610351562,144.39097595214844,646800,0.0
2023-11-02,153.72000122070312,155.3000030517578,153.64999389648438,155.1999969482422,147.0920867919922,1263600,0.0
2023-11-03,156.5500030517578,157.91000366210938,156.52999877929688,157.1699981689453,148.9591522216797,686500,0.0
2023-11-06,157.36000061035156,157.6199951171875,156.39999389648438,156.97999572753906,148.77906799316406,446500,0.0
2023-11-07,156.86000061035156,157.52000427246094,156.5399932861328,157.11000061035156,148.90228271484375,319700,0.0
2023-11-08,157.35000610351562,157.35000610351562,156.25,157.00999450683594,148.80746459960938,392800,0.0
2023-11-09,157.3800048828125,157.44000244140625,155.7899932861328,155.94000244140625,147.79342651367188,327700,0.0
2023-11-10,156.4499969482422,158.2100067138672,156.0,158.10000610351562,149.84054565429688,322700,0.0
2023-11-13,157.64999389648438,158.22000122070312,157.3300018310547,157.7899932861328,149.54676818847656,313400,0.0
2023-11-14,160.0500030517578,161.91000366210938,160.0,161.4199981689453,152.98715209960938,525500,0.0
2023-11-15,161.94000244140625,162.67999267578125,161.82000732421875,162.07000732421875,153.60317993164062,534200,0.0
2023-11-16,161.61000061035156,162.1999969482422,161.42999267578125,162.19000244140625,153.71685791015625,573400,0.0
2023-11-17,162.4199981689453,162.74000549316406,162.13999938964844,162.55999755859375,154.06753540039062,376900,0.0
2023-11-20,162.47000122070312,164.0,162.42999267578125,163.69000244140625,155.1385040283203,944900,0.0
2023-11-21,163.1300048828125,163.32000732421875,162.77999877929688,163.05999755859375,154.54141235351562,506600,0.0
2023-11-22,163.83999633789062,164.44000244140625,163.66000366210938,164.0500030517578,155.47975158691406,580400,0.0
2023-11-24,164.0,164.38999938964844,164.0,164.1999969482422,155.62185668945312,326900,0.0
2023-11-27,164.02000427246094,164.4499969482422,163.8699951171875,164.11000061035156,155.53656005859375,993800,0.0
2023-11-28,163.83999633789062,164.72999572753906,163.67999267578125,164.2100067138672,155.63136291503906,416600,0.0
2023-11-29,165.10000610351562,165.57000732421875,164.3000030517578,164.3800048828125,155.79244995117188,474600,0.0
2023-11-30,164.7100067138672,165.58999633789062,164.33999633789062,165.5,156.85394287109375,545200,0.0
2023-12-01,165.27999877929688,167.02000427246094,165.16000366210938,166.91000366210938,158.19032287597656,844900,0.0
2023-12-04,165.72000122070312,166.57000732421875,165.6300048828125,166.49000549316406,157.79225158691406,720000,0.0
2023-12-05,165.75,165.9499969482422,165.24000549316406,165.7100067138672,157.05299377441406,802600,0.0
2023-12-06,166.44000244140625,166.7100067138672,165.14999389648438,165.27999877929688,156.64544677734375,729800,0.0
2023-12-07,165.75999450683594,166.6199951171875,165.63999938964844,166.27999877929688,157.59324645996094,420200,0.0
2023-12-08,166.1199951171875,167.36000061035156,166.10000610351562,167.07000732421875,158.3419647216797,502400,0.0
2023-12-11,167.13999938964844,168.32000732421875,167.13999938964844,168.24000549316406,159.45082092285156,525000,0.0
2023-12-12,168.25,169.0800018310547,167.7899932861328,168.99000549316406,160.16165161132812,568500,0.0
2023-12-13,169.0800018310547,171.74000549316406,168.89999389648438,171.63999938964844,162.6731719970703,634200,0.0
2023-12-14,172.58999633789062,173.6300048828125,172.1999969482422,172.91000366210938,163.87686157226562,875300,0.0
2023-12-15,172.39999389648438,173.0800018310547,172.0399932861328,172.38999938964844,163.38400268554688,754100,0.0
2023-12-18,173.14999389648438,173.30999755859375,172.77000427246094,172.82000732421875,163.79156494140625,654400,0.0
2023-12-19,173.11000061035156,174.10000610351562,172.97000122070312,174.10000610351562,165.00466918945312,740400,0.0
2023-12-20,172.82000732421875,173.2100067138672,170.4499969482422,170.52999877929688,162.36163330078125,683100,0.794
2023-12-21,171.55999755859375,172.16000366210938,170.74000549316406,172.0500030517578,163.808837890625,621000,0.0
2023-12-22,172.58999633789062,173.41000366210938,172.1199951171875,172.75,164.47531127929688,551000,0.0
2023-12-26,172.7899932861328,174.0500030517578,172.7899932861328,173.63999938964844,165.32266235351562,442200,0.0
2023-12-27,173.63999938964844,174.05999755859375,173.25999450683594,173.97000122070312,165.63690185546875,702000,0.0
2023-12-28,173.80999755859375,174.44000244140625,173.80999755859375,174.2100067138672,165.86538696289062,630600,0.0
2023-12-29,174.0399932861328,174.32000732421875,173.25999450683594,173.88999938964844,165.56069946289062,447700,0.0
2024-01-02,173.1699981689453,175.32000732421875,173.1300048828125,174.89999389648438,166.52232360839844,1172200,0.0
2024-01-03,174.41000366210938,174.47999572753906,173.36000061035156,173.5,165.18939208984375,1120900,0.0
2024-01-04,173.75999450683594,174.5,173.35000610351562,173.3800048828125,165.07513427734375,612500,0.0
2024-01-05,173.3300018310547,174.55999755859375,172.9600067138672,173.77999877929688,165.4559783935547,561800,0.0
2024-01-08,173.5399932861328,174.97999572753906,173.08999633789062,174.97999572753906,166.5985107421875,568000,0.0
2024-01-09,174.11000061035156,174.27999877929688,173.60000610351562,173.9600067138672,165.62738037109375,571600,0.0
2024-01-10,173.9600067138672,174.3300018310547,173.3699951171875,174.0399932861328,165.70350646972656,763200,0.0
2024-01-11,174.02999877929688,174.02999877929688,172.3699951171875,173.38999938964844,165.0846405029297,1871300,0.0
2024-01-12,174.02000427246094,174.4499969482422,172.9199981689453,173.3300018310547,165.02752685546875,649400,0.0
2024-01-16,172.60000610351562,172.72000122070312,171.67999267578125,172.0800018310547,163.83741760253906,700400,0.0
2024-01-17,171.02999877929688,172.07000732421875,170.4600067138672,171.08999633789062,162.89486694335938,836500,0.0
2024-01-18,170.9499969482422,171.67999267578125,170.1300048828125,171.5399932861328,163.3232879638672,540700,0.0
2024-01-19,172.11000061035156,173.24000549316406,171.07000732421875,172.8699951171875,164.58956909179688,422600,0.0
2024-01-22,173.10000610351562,173.92999267578125,172.97999572753906,173.36000061035156,165.05609130859375,514100,0.0
2024-01-23,173.64999389648438,173.91000366210938,173.19000244140625,173.75999450683594,165.43692016601562,291400,0.0
2024-01-24,174.3300018310547,174.39999389648438,172.85000610351562,172.9499969482422,164.6657257080078,702600,0.0
2024-01-25,173.89999389648438,174.50999450683594,173.1999969482422,174.50999450683594,166.15101623535156,20403600,0.0
2024-01-26,174.4499969482422,174.89999389648438,174.25,174.6199951171875,166.2557373046875,3012300,0.0
2024-01-29,174.57000732421875,175.38999938964844,174.16000366210938,175.3000030517578,166.90316772460938,1552800,0.0
2024-01-30,175.0500030517578,176.17999267578125,174.83999633789062,175.88999938964844,167.4648895263672,1438600,0.0
2024-01-31,176.1300048828125,176.3000030517578,174.24000549316406,174.25999450683594,165.91299438476562,1218200,0.0
2024-02-01,174.5399932861328,175.9199981689453,173.63999938964844,175.9199981689453,167.4934539794922,928000,0.0
2024-02-02,175.1999969482422,176.33999633789062,174.3699951171875,175.4600067138672,167.0554962158203,1064900,0.0
2024-02-05,174.75,174.77000427246094,173.64999389648438,174.02000427246094,165.6844940185547,1458700,0.0
2024-02-06,174.27999877929688,175.3699951171875,174.07000732421875,175.17999267578125,166.78887939453125,859400,0.0
2024-02-07,175.85000610351562,175.94000244140625,175.10000610351562,175.63999938964844,167.2268829345703,797300,0.0
2024-02-08,175.60000610351562,175.67999267578125,174.7899932861328,175.6300048828125,167.21737670898438,474500,0.0
2024-02-09,175.57000732421875,175.6300048828125,174.77999877929688,175.47999572753906,167.07452392578125,581000,0.0
2024-02-12,175.58999633789062,177.0500030517578,175.57000732421875,176.6199951171875,168.15994262695312,553100,0.0
2024-02-13,175.30999755859375,175.61000061035156,173.00999450683594,174.27000427246094,165.9224853515625,652600,0.0
2024-02-14,174.94000244140625,175.39999389648438,174.22000122070312,175.3000030517578,166.90316772460938,1109700,0.0
2024-02-15,175.8000030517578,177.7899932861328,175.7100067138672,177.61000061035156,169.1025390625,879900,0.0
2024-02-16,177.1999969482422,178.00999450683594,176.67999267578125,177.02000427246094,168.54078674316406,522900,0.0
2024-02-20,176.91000366210938,177.74000549316406,176.7100067138672,177.10000610351562,168.61695861816406,665900,0.0
2024-02-21,177.0500030517578,177.88999938964844,176.77000427246094,177.8699951171875,169.35006713867188,461100,0.0
2024-02-22,178.14999389648438,179.49000549316406,177.80999755859375,179.07000732421875,170.49261474609375,418400,0.0
2024-02-23,179.4199981689453,180.1699981689453,179.1300048828125,179.6999969482422,171.09239196777344,508400,0.0
2024-02-26,179.72000122070312,180.08999633789062,178.63999938964844,178.67999267578125,170.12123107910156,423200,0.0
2024-02-27,179.05999755859375,179.22999572753906,178.6199951171875,179.13999938964844,170.55923461914062,353100,0.0
2024-02-28,178.85000610351562,179.75,178.7100067138672,179.3000030517578,170.71157836914062,546100,0.0
2024-02-29,179.99000549316406,180.1999969482422,179.05999755859375,179.39999389648438,170.80677795410156,603000,0.0
2024-03-01,179.63999938964844,180.25,178.86000061035156,180.1699981689453,171.5399169921875,456700,0.0
2024-03-04,179.92999267578125,180.9199981689453,179.92999267578125,180.5500030517578,171.90167236328125,851900,0.0
2024-03-05,180.36000061035156,181.33999633789062,179.57000732421875,180.14999389648438,171.52085876464844,849200,0.0
2024-03-06,180.94000244140625,181.91000366210938,180.69000244140625,181.27000427246094,172.58721923828125,479600,0.0
2024-03-07,182.11000061035156,182.49000549316406,181.6999969482422,181.97999572753906,173.26321411132812,395500,0.0
2024-03-08,182.17999267578125,182.77999877929688,181.8699951171875,182.00999450683594,173.29177856445312,379400,0.0
2024-03-11,181.64999389648438,182.74000549316406,181.3300018310547,182.7100067138672,173.95823669433594,515200,0.0
2024-03-12,182.9499969482422,183.3800048828125,182.22999572753906,183.02000427246094,174.25340270996094,532400,0.0
2024-03-13,183.22999572753906,183.9499969482422,182.8000030517578,183.32000732421875,174.53903198242188,530600,0.0
2024-03-14,183.36000061035156,183.5399932861328,181.0800018310547,182.1300048828125,173.40603637695312,1376500,0.0
2024-03-15,181.1999969482422,182.33999633789062,181.0,181.88999938964844,173.17752075195312,759200,0.0
2024-03-18,182.47000122070312,182.85000610351562,181.72999572753906,182.25999450683594,173.52978515625,414500,0.0
2024-03-19,182.2899932861328,183.30999755859375,182.25999450683594,183.2100067138672,174.43429565429688,409300,0.0
2024-03-20,182.97000122070312,184.60000610351562,182.8000030517578,184.39999389648438,175.56729125976562,663900,0.0
2024-03-21,184.1999969482422,185.22999572753906,184.0,184.64999389648438,176.61172485351562,467400,0.842
2024-03-22,184.8000030517578,184.99000549316406,183.55999755859375,183.55999755859375,175.56915283203125,392100,0.0
2024-03-25,183.50999450683594,184.07000732421875,183.22000122070312,183.3000030517578,175.3205108642578,453500,0.0
2024-03-26,183.6699981689453,183.8000030517578,183.1699981689453,183.25,175.27268981933594,634300,0.0
2024-03-27,184.1699981689453,186.13999938964844,184.1699981689453,186.11000061035156,178.0081787109375,459000,0.0
2024-03-28,186.3800048828125,187.24000549316406,186.22999572753906,186.80999755859375,178.67770385742188,716000,0.0
2024-04-01,186.86000061035156,186.97999572753906,185.5500030517578,185.6699981689453,177.5873565673828,2108200,0.0
2024-04-02,184.85000610351562,184.99000549316406,184.02999877929688,184.47999572753906,176.4491424560547,1034200,0.0
2024-04-03,184.27999877929688,184.83999633789062,183.6999969482422,184.19000244140625,176.17176818847656,527600,0.0
2024-04-04,185.24000549316406,185.5800018310547,182.14999389648438,182.42999267578125,174.48837280273438,725800,0.0
2024-04-05,182.52000427246094,184.00999450683594,182.25,183.50999450683594,175.52134704589844,573400,0.0
2024-04-08,183.64999389648438,184.16000366210938,183.5,183.7100067138672,175.71267700195312,451300,0.0
2024-04-09,184.14999389648438,184.49000549316406,182.77999877929688,184.22999572753906,176.2100067138672,383700,0.0
2024-04-10,182.17999267578125,182.6199951171875,180.94000244140625,181.7100067138672,173.7997283935547,449600,0.0
2024-04-11,182.16000366210938,182.16000366210938,180.24000549316406,181.1999969482422,173.31195068359375,402600,0.0
2024-04-12,180.3800048828125,180.60000610351562,178.0800018310547,178.52000427246094,170.7486114501953,535500,0.0
2024-04-15,180.27999877929688,180.67999267578125,177.13999938964844,177.5800018310547,169.84950256347656,547300,0.0
2024-04-16,177.9199981689453,177.9199981689453,176.44000244140625,176.6999969482422,169.00779724121094,498900,0.0
2024-04-17,177.39999389648438,177.67999267578125,176.08999633789062,176.5800018310547,168.89305114746094,870000,0.0
2024-04-18,177.19000244140625,177.99000549316406,176.52999877929688,176.91000366210938,169.20864868164062,427100,0.0
2024-04-19,177.36000061035156,178.6300048828125,177.36000061035156,178.38999938964844,170.62423706054688,655300,0.0
2024-04-22,179.0500030517578,180.64999389648438,178.25,179.7100067138672,171.8867950439453,438800,0.0
2024-04-23,180.35000610351562,181.35000610351562,180.0399932861328,180.97999572753906,173.10147094726562,733000,0.0
2024-04-24,180.52999877929688,181.25,180.02000427246094,181.0399932861328,173.1588592529297,508400,0.0
2024-04-25,180.32000732421875,180.83999633789062,179.0500030517578,180.4499969482422,172.59458923339844,414800,0.0
2024-04-26,179.77000427246094,180.7100067138672,179.52000427246094,180.14999389648438,172.30763244628906,440700,0.0
2024-04-29,180.3800048828125,181.19000244140625,180.22999572753906,180.91000366210938,173.03457641601562,556300,0.0
2024-04-30,180.22999572753906,180.38999938964844,178.77999877929688,178.7899932861328,171.00685119628906,381100,0.0
2024-05-01,178.30999755859375,180.3800048828125,178.0500030517578,178.36000061035156,170.59555053710938,1074500,0.0
2024-05-02,179.47000122070312,179.72000122070312,178.0399932861328,179.36000061035156,171.55201721191406,1004800,0.0
2024-05-03,180.6199951171875,180.8000030517578,179.36000061035156,180.32000732421875,172.47024536132812,762700,0.0
2024-05-06,181.17999267578125,181.47999572753906,180.67999267578125,181.39999389648438,173.5032196044922,590000,0.0
2024-05-07,181.72999572753906,182.25,181.72999572753906,181.9600067138672,174.03884887695312,712800,0.0
2024-05-08,181.57000732421875,182.36000061035156,181.47000122070312,182.16000366210938,174.2301483154297,322500,0.0
2024-05-09,182.24000549316406,183.77999877929688,182.08999633789062,183.74000549316406,175.74136352539062,279500,0.0
2024-05-10,184.3000030517578,184.4499969482422,183.97999572753906,184.22000122070312,176.20046997070312,290700,0.0
2024-05-13,184.7100067138672,185.35000610351562,184.05999755859375,184.16000366210938,176.14306640625,271300,0.0
2024-05-14,184.63999938964844,185.02000427246094,183.9499969482422,184.6999969482422,176.65956115722656,286700,0.0
2024-05-15,185.47999572753906,186.19000244140625,185.2899932861328,186.0500030517578,177.95077514648438,332300,0.0
2024-05-16,186.25,186.72999572753906,186.00999450683594,186.16000366210938,178.0559844970703,326300,0.0
2024-05-17,186.27999877929688,186.75999450683594,185.9499969482422,186.6999969482422,178.57249450683594,458900,0.0
2024-05-20,186.60000610351562,186.77999877929688,185.61000061035156,185.7100067138672,177.62559509277344,384800,0.0
2024-05-21,185.60000610351562,186.0500030517578,185.38999938964844,185.9199981689453,177.82644653320312,404600,0.0
2024-05-22,185.41000366210938,186.1300048828125,184.9600067138672,185.3699951171875,177.30038452148438,263800,0.0
2024-05-23,185.39999389648438,185.39999389648438,182.63999938964844,182.74000549316406,174.78488159179688,443700,0.0
2024-05-24,183.39999389648438,183.8800048828125,183.13999938964844,183.4199981689453,175.43527221679688,400600,0.0
2024-05-28,183.3699951171875,183.3699951171875,181.52000427246094,182.1199951171875,174.19187927246094,638900,0.0
2024-05-29,180.7100067138672,180.7100067138672,180.0399932861328,180.3300018310547,172.47976684570312,543800,0.0
2024-05-30,180.17999267578125,181.3000030517578,180.08999633789062,181.10000610351562,173.21627807617188,473500,0.0
2024-05-31,181.5,184.25999450683594,181.3300018310547,184.1199951171875,176.10479736328125,526400,0.0
2024-06-03,184.3000030517578,184.3000030517578,182.1199951171875,183.3699951171875,175.387451171875,702700,0.0
2024-06-04,182.75,183.5399932861328,182.24000549316406,183.11000061035156,175.1387939453125,572000,0.0
2024-06-05,183.57000732421875,183.6699981689453,182.32000732421875,183.63999938964844,175.64569091796875,345900,0.0
2024-06-06,183.36000061035156,184.11000061035156,183.07000732421875,183.57000732421875,175.57876586914062,622000,0.0
2024-06-07,183.1699981689453,184.4499969482422,182.77999877929688,183.3000030517578,175.3205108642578,330700,0.0
2024-06-10,183.0,183.64999389648438,182.5,183.60000610351562,175.60743713378906,332300,0.0
2024-06-11,182.0,182.0,180.75,181.63999938964844,174.5389404296875,467000,0.848
2024-06-12,183.25999450683594,183.25999450683594,181.07000732421875,181.39999389648438,174.3083038330078,361200,0.0
2024-06-13,181.25999450683594,181.25999450683594,179.9600067138672,180.97999572753906,173.9047088623047,506800,0.0
2024-06-14,180.24000549316406,180.52999877929688,179.22999572753906,180.5,173.4434814453125,375300,0.0
2024-06-17,180.07000732421875,181.52000427246094,179.61000061035156,181.4199981689453,174.32754516601562,482000,0.0
2024-06-18,181.35000610351562,182.3800048828125,181.35000610351562,181.97999572753906,174.86563110351562,831900,0.0
2024-06-20,181.85000610351562,183.02999877929688,181.6300048828125,182.6699981689453,175.52865600585938,422800,0.0
2024-06-21,182.80999755859375,182.94000244140625,182.0399932861328,182.66000366210938,175.51907348632812,1325200,0.0
2024-06-24,183.16000366210938,184.89999389648438,182.89999389648438,184.1300048828125,176.93157958984375,452000,0.0
2024-06-25,183.9199981689453,183.9199981689453,182.14999389648438,182.60000610351562,175.46141052246094,402500,0.0
2024-06-26,182.16000366210938,182.25999450683594,181.4199981689453,182.02999877929688,174.91368103027344,398400,0.0
2024-06-27,181.85000610351562,181.99000549316406,181.05999755859375,181.8300018310547,174.7215118408203,376400,0.0
2024-06-28,182.13999938964844,182.94000244140625,181.3300018310547,182.00999450683594,174.8944854736328,426100,0.0
2024-07-01,182.5399932861328,183.3000030517578,180.77000427246094,181.05999755859375,173.98159790039062,904600,0.0
2024-07-02,181.00999450683594,181.75999450683594,180.8000030517578,181.72000122070312,174.6157989501953,456000,0.0
2024-07-03,182.0,182.25999450683594,181.33999633789062,181.52000427246094,174.4236297607422,329200,0.0
2024-07-05,181.6699981689453,181.75,180.49000549316406,181.58999633789062,174.49087524414062,361700,0.0
2024-07-08,181.8699951171875,182.60000610351562,181.25999450683594,181.63999938964844,174.5389404296875,477900,0.0
2024-07-09,181.5800018310547,182.63999938964844,181.08999633789062,181.72999572753906,174.62539672851562,565300,0.0
2024-07-10,181.8800048828125,183.38999938964844,181.75999450683594,183.25,176.08599853515625,365200,0.0
2024-07-11,183.67999267578125,185.11000061035156,183.58999633789062,184.9199981689453,177.69068908691406,574900,0.0
2024-07-12,185.4199981689453,186.9499969482422,185.22999572753906,186.02999877929688,178.75730895996094,530900,0.0
2024-07-15,186.42999267578125,187.35000610351562,186.13999938964844,186.52000427246094,179.2281494140625,465900,0.0
2024-07-16,186.91000366210938,189.3300018310547,186.7899932861328,189.27999877929688,181.8802490234375,513900,0.0
2024-07-17,188.85000610351562,190.89999389648438,188.85000610351562,190.3000030517578,182.86036682128906,971200,0.0
2024-07-18,189.69000244140625,191.3800048828125,188.27000427246094,188.52000427246094,181.1499481201172,1025500,0.0
2024-07-19,188.6199951171875,188.97999572753906,187.0500030517578,187.27999877929688,179.95843505859375,846700,0.0
2024-07-22,187.6699981689453,188.1199951171875,186.6199951171875,188.0399932861328,180.688720703125,294400,0.0
2024-07-23,187.92999267578125,188.0399932861328,187.0800018310547,187.1999969482422,179.88157653808594,1309300,0.0
2024-07-24,187.13999938964844,187.6699981689453,186.33999633789062,186.6300048828125,179.33384704589844,599800,0.0
2024-07-25,186.5500030517578,189.1300048828125,186.5500030517578,187.02999877929688,179.71823120117188,665700,0.0
2024-07-26,188.02999877929688,190.00999450683594,187.9199981689453,189.38999938964844,181.98593139648438,457900,0.0
2024-07-29,189.60000610351562,189.77000427246094,188.41000366210938,189.35000610351562,181.947509765625,337900,0.0
2024-07-30,189.60000610351562,190.75999450683594,189.5500030517578,190.2899932861328,182.8507537841797,338900,0.0
2024-07-31,191.13999938964844,191.92999267578125,190.19000244140625,190.6999969482422,183.24472045898438,376700,0.0
2024-08-01,190.77000427246094,191.52999877929688,188.47999572753906,189.27000427246094,181.87063598632812,732700,0.0
2024-08-02,188.3300018310547,188.80999755859375,184.9600067138672,186.64999389648438,179.35304260253906,984400,0.0
2024-08-05,183.63999938964844,184.0399932861328,181.67999267578125,182.2100067138672,175.08665466308594,857300,0.0
2024-08-06,182.5399932861328,185.77999877929688,182.2100067138672,183.6199951171875,176.44151306152344,622400,0.0
2024-08-07,185.1199951171875,186.24000549316406,182.77000427246094,182.94000244140625,175.78810119628906,533300,0.0
2024-08-08,183.44000244140625,186.00999450683594,183.30999755859375,185.57000732421875,178.31529235839844,330100,0.0
2024-08-09,185.52999877929688,186.25999450683594,184.36000061035156,185.72999572753906,178.46902465820312,264200,0.0
2024-08-12,186.1699981689453,186.1699981689453,184.6699981689453,185.1300048828125,177.89247131347656,278200,0.0
2024-08-13,185.5800018310547,186.75999450683594,185.0,186.6999969482422,179.40110778808594,477900,0.0
2024-08-14,186.6999969482422,188.00999450683594,186.63999938964844,187.41000366210938,180.08334350585938,337800,0.0
2024-08-15,189.39999389648438,189.74000549316406,188.64999389648438,189.5,182.09164428710938,359800,0.0
2024-08-16,189.1699981689453,190.32000732421875,189.1699981689453,190.1699981689453,182.73545837402344,351400,0.0
2024-08-19,190.4199981689453,191.42999267578125,190.4199981689453,191.3800048828125,183.8981475830078,427500,0.0
2024-08-20,191.2100067138672,191.3800048828125,190.5800018310547,190.80999755859375,183.35044860839844,320400,0.0
2024-08-21,191.60000610351562,191.82000732421875,190.88999938964844,191.5500030517578,184.06149291992188,236600,0.0
2024-08-22,191.8800048828125,192.1699981689453,190.83999633789062,191.57000732421875,184.08071899414062,240100,0.0
2024-08-23,192.2100067138672,193.52000427246094,191.89999389648438,193.2899932861328,185.73348999023438,240700,0.0
2024-08-26,193.8300018310547,194.8000030517578,193.6199951171875,193.85000610351562,186.27162170410156,282800,0.0
2024-08-27,193.8000030517578,194.1300048828125,193.49000549316406,194.0399932861328,186.4541778564453,253800,0.0
2024-08-28,193.9199981689453,194.74000549316406,193.0,193.7899932861328,186.21392822265625,336900,0.0
2024-08-29,194.4199981689453,195.38999938964844,193.1999969482422,194.55999755859375,186.95382690429688,270500,0.0
2024-08-30,195.0399932861328,196.36000061035156,194.14999389648438,196.24000549316406,188.5681610107422,311300,0.0
2024-09-03,195.24000549316406,196.0,193.8800048828125,194.50999450683594,186.90577697753906,634000,0.0
2024-09-04,194.61000061035156,195.69000244140625,193.82000732421875,194.47999572753906,186.87693786621094,411300,0.0
2024-09-05,194.80999755859375,195.02000427246094,192.17999267578125,192.9199981689453,185.3779296875,849600,0.0
2024-09-06,193.07000732421875,193.86000061035156,190.82000732421875,191.22999572753906,183.75399780273438,593300,0.0
2024-09-09,191.97000122070312,193.9499969482422,191.75999450683594,193.1300048828125,185.57972717285156,701500,0.0
2024-09-10,193.57000732421875,193.57000732421875,191.52999877929688,192.7899932861328,185.2530059814453,309900,0.0
2024-09-11,192.2899932861328,192.5399932861328,188.91000366210938,192.22000122070312,184.70530700683594,336800,0.0
2024-09-12,192.50999450683594,193.10000610351562,191.24000549316406,193.10000610351562,185.5509033203125,291500,0.0
2024-09-13,193.52000427246094,194.6300048828125,193.3699951171875,194.25999450683594,186.66555786132812,258400,0.0
2024-09-16,194.99000549316406,196.0399932861328,194.86000061035156,195.82000732421875,188.16455078125,751900,0.0
2024-09-17,196.0800018310547,196.86000061035156,195.19000244140625,195.72999572753906,188.07806396484375,365800,0.0
2024-09-18,195.89999389648438,197.38999938964844,195.0399932861328,195.25999450683594,187.62646484375,357500,0.0
2024-09-19,197.32000732421875,197.32000732421875,195.97000122070312,196.64999389648438,188.9621124267578,371600,0.0
2024-09-20,196.05999755859375,196.41000366210938,195.3800048828125,196.25999450683594,188.58734130859375,369900,0.0
2024-09-23,196.83999633789062,197.25999450683594,196.52000427246094,197.14999389648438,189.4425811767578,301800,0.0
2024-09-24,197.24000549316406,197.60000610351562,196.63999938964844,197.14999389648438,189.4425811767578,1036600,0.0
2024-09-25,196.11000061035156,196.35000610351562,194.44000244140625,194.75999450683594,188.23251342773438,447200,1.138
2024-09-26,195.24000549316406,196.00999450683594,195.24000549316406,195.75999450683594,189.19898986816406,337800,0.0
2024-09-27,196.4199981689453,197.6300048828125,196.35000610351562,196.5,189.91419982910156,472500,0.0
2024-09-30,196.41000366210938,197.36000061035156,195.52000427246094,197.1699981689453,190.56173706054688,423900,0.0
2024-10-01,196.99000549316406,197.19000244140625,195.77000427246094,196.66000366210938,190.06886291503906,2493400,0.0
2024-10-02,196.44000244140625,196.8300018310547,195.5399932861328,196.32000732421875,189.74024963378906,630200,0.0
2024-10-03,195.85000610351562,195.99000549316406,194.77999877929688,195.36000061035156,188.8124237060547,507000,0.0
2024-10-04,196.22999572753906,196.77999877929688,195.32000732421875,196.64999389648438,190.0591583251953,329100,0.0
2024-10-07,196.38999938964844,196.38999938964844,194.61000061035156,195.22000122070312,188.67710876464844,484000,0.0
2024-10-08,195.49000549316406,195.80999755859375,194.8800048828125,195.5399932861328,188.9863739013672,378900,0.0
2024-10-09,195.5500030517578,197.22000122070312,195.17999267578125,196.92999267578125,190.3297882080078,279100,0.0
2024-10-10,197.0,197.02999877929688,195.89999389648438,196.2899932861328,189.71124267578125,355600,0.0
2024-10-11,196.85000610351562,198.6300048828125,196.85000610351562,198.44000244140625,191.7891845703125,285000,0.0
2024-10-14,198.5399932861328,199.92999267578125,198.13999938964844,199.7899932861328,193.0939483642578,621000,0.0
2024-10-15,199.61000061035156,200.94000244140625,199.0399932861328,199.17999267578125,192.50437927246094,516900,0.0
2024-10-16,199.61000061035156,200.97999572753906,199.49000549316406,200.77000427246094,194.0410919189453,368400,0.0
2024-10-17,200.8699951171875,201.0800018310547,200.17999267578125,200.41000366210938,193.6931915283203,555400,0.0
2024-10-18,200.38999938964844,200.9600067138672,199.77000427246094,200.74000549316406,194.0121307373047,324200,0.0
2024-10-21,200.52999877929688,200.8699951171875,198.75,198.99000549316406,192.32073974609375,412400,0.0
2024-10-22,198.22999572753906,198.89999389648438,197.5399932861328,198.52000427246094,191.86651611328125,382000,0.0
2024-10-23,198.0500030517578,198.7899932861328,197.38999938964844,198.35000610351562,191.70220947265625,433400,0.0
2024-10-24,198.42999267578125,198.47000122070312,197.22999572753906,197.7899932861328,191.16098022460938,255800,0.0
2024-10-25,198.66000366210938,198.7100067138672,196.1999969482422,196.32000732421875,189.74024963378906,967000,0.0
2024-10-28,196.8300018310547,197.6199951171875,196.8300018310547,197.30999755859375,190.69708251953125,305600,0.0
2024-10-29,196.75,197.17999267578125,195.9600067138672,196.08999633789062,189.51792907714844,248700,0.0
2024-10-30,195.63999938964844,196.8300018310547,195.63999938964844,195.88999938964844,189.32464599609375,1328500,0.0
2024-10-31,195.66000366210938,196.1699981689453,194.63999938964844,194.63999938964844,188.11654663085938,575600,0.0
2024-11-01,195.64999389648438,196.4199981689453,194.6699981689453,194.77000427246094,188.24220275878906,398700,0.0
2024-11-04,194.97999572753906,195.39999389648438,193.77000427246094,194.47000122070312,187.95223999023438,253200,0.0
2024-11-05,194.5,196.36000061035156,194.14999389648438,196.35000610351562,189.76927185058594,468400,0.0
2024-11-06,201.4499969482422,201.49000549316406,199.5800018310547,201.19000244140625,194.44703674316406,809000,0.0
2024-11-07,201.52000427246094,201.52000427246094,200.24000549316406,200.60000610351562,193.87680053710938,410600,0.0
2024-11-08,200.9600067138672,202.44000244140625,200.74000549316406,201.82000732421875,195.05592346191406,556600,0.0
2024-11-11,202.5399932861328,203.6699981689453,202.44000244140625,202.58999633789062,195.80007934570312,394300,0.0
2024-11-12,202.6300048828125,202.64999389648438,200.74000549316406,201.05999755859375,194.3214111328125,365900,0.0
2024-11-13,201.42999267578125,201.9499969482422,200.97999572753906,201.47000122070312,194.71766662597656,301300,0.0
2024-11-14,201.67999267578125,201.8300018310547,200.05999755859375,200.1300048828125,193.42257690429688,747300,0.0
2024-11-15,199.75,200.33999633789062,199.2100067138672,199.50999450683594,192.8233184814453,428300,0.0
2024-11-18,199.7899932861328,200.8000030517578,199.5,200.47000122070312,193.7511749267578,394100,0.0
2024-11-19,199.22999572753906,200.0800018310547,198.50999450683594,199.52999877929688,192.8426513671875,426600,0.0
2024-11-20,199.83999633789062,200.16000366210938,198.75,199.97000122070312,193.26791381835938,419400,0.0
2024-11-21,200.4499969482422,202.7100067138672,199.97999572753906,202.22999572753906,195.45217895507812,442800,0.0
2024-11-22,202.5399932861328,204.0,202.5399932861328,203.74000549316406,196.91159057617188,579100,0.0
2024-11-25,204.89999389648438,205.8699951171875,204.6199951171875,205.1999969482422,198.32261657714844,670700,0.0
2024-11-26,205.02999877929688,205.50999450683594,204.0800018310547,205.24000549316406,198.36126708984375,351600,0.0
2024-11-27,205.72000122070312,206.47000122070312,205.42999267578125,205.5,198.61257934570312,336200,0.0
2024-11-29,205.9600067138672,206.6300048828125,205.72999572753906,206.1699981689453,199.2601318359375,189100,0.0
2024-12-02,205.99000549316406,206.0399932861328,204.24000549316406,204.72999572753906,197.86839294433594,773200,0.0
2024-12-03,205.2100067138672,205.25,203.58999633789062,203.58999633789062,196.76657104492188,510400,0.0
2024-12-04,203.5800018310547,203.6199951171875,202.32000732421875,202.97000122070312,196.16738891601562,397600,0.0
2024-12-05,202.99000549316406,203.4199981689453,202.4199981689453,202.49000549316406,195.70346069335938,432000,0.0
2024-12-06,202.75999450683594,203.02999877929688,201.7100067138672,201.91000366210938,195.14291381835938,413600,0.0
2024-12-09,202.2100067138672,202.39999389648438,200.66000366210938,200.83999633789062,194.10874938964844,1045400,0.0
2024-12-10,200.94000244140625,200.94000244140625,199.3300018310547,200.0399932861328,193.3355712890625,654700,0.0
2024-12-11,200.44000244140625,200.44000244140625,199.22000122070312,199.27999877929688,192.60104370117188,410100,0.0
2024-12-12,199.44000244140625,199.57000732421875,198.5399932861328,198.5500030517578,191.8955078125,494700,0.0
2024-12-13,198.52000427246094,198.69000244140625,197.64999389648438,197.97999572753906,191.34458923339844,443500,0.0
2024-12-16,198.08999633789062,198.49000549316406,196.75,196.89999389648438,190.30079650878906,668200,0.0
2024-12-17,195.1199951171875,195.52000427246094,194.3800048828125,194.77000427246094,189.2649383544922,592800,1.064
2024-12-18,194.94000244140625,195.36000061035156,189.99000549316406,190.1699981689453,184.7949676513672,771600,0.0
2024-12-19,191.0,191.83999633789062,189.41000366210938,189.5,184.14389038085938,1109900,0.0
2024-12-20,189.27999877929688,192.88999938964844,189.1300048828125,191.7100067138672,186.2914581298828,1031800,0.0
2024-12-23,191.42999267578125,192.3800048828125,190.61000061035156,192.22000122070312,186.7869873046875,828100,0.0
2024-12-24,192.33999633789062,193.7899932861328,192.0800018310547,193.75999450683594,188.28346252441406,508000,0.0
2024-12-26,193.17999267578125,194.25,193.14999389648438,193.99000549316406,188.50698852539062,377300,0.0
2024-12-27,193.1199951171875,193.86000061035156,191.8000030517578,192.77000427246094,187.32147216796875,617000,0.0
2024-12-30,191.1999969482422,191.39999389648438,189.55999755859375,190.6300048828125,185.241943359375,513000,0.0
2024-12-31,191.27000427246094,191.72999572753906,190.16000366210938,190.8800048828125,185.48487854003906,526500,0.0
2025-01-02,191.80999755859375,192.17999267578125,189.11000061035156,189.9600067138672,184.59088134765625,2684800,0.0
2025-01-03,190.72999572753906,191.6999969482422,190.07000732421875,191.4499969482422,186.0387725830078,898100,0.0
2025-01-06,192.2100067138672,193.3800048828125,191.22999572753906,191.50999450683594,186.0970916748047,638400,0.0
2025-01-07,192.10000610351562,192.8300018310547,190.47000122070312,191.00999450683594,185.6112060546875,925600,0.0
2025-01-08,190.74000549316406,191.25,189.77000427246094,191.14999389648438,185.7472381591797,579800,0.0
2025-01-10,190.2100067138672,190.2100067138672,187.8800048828125,188.1699981689453,182.85145568847656,737900,0.0
2025-01-13,187.66000366210938,189.57000732421875,187.5,189.4199981689453,184.06614685058594,543300,0.0
2025-01-14,190.1199951171875,190.49000549316406,188.9499969482422,190.3000030517578,184.92129516601562,491000,0.0
2025-01-15,192.6300048828125,193.2100067138672,192.0500030517578,192.6999969482422,187.25344848632812,401100,0.0
2025-01-16,192.55999755859375,193.07000732421875,191.97999572753906,192.82000732421875,187.3700714111328,912300,0.0
2025-01-17,194.1300048828125,194.6199951171875,193.8000030517578,194.08999633789062,188.60415649414062,359200,0.0
2025-01-21,194.4199981689453,195.66000366210938,194.4199981689453,195.66000366210938,190.12979125976562,1109600,0.0
2025-01-22,195.5399932861328,195.82000732421875,195.10000610351562,195.41000366210938,189.88685607910156,491900,0.0
2025-01-23,195.5800018310547,196.55999755859375,195.3000030517578,196.52000427246094,190.96546936035156,707300,0.0
2025-01-24,196.38999938964844,196.6999969482422,195.92999267578125,196.14999389648438,190.60594177246094,372100,0.0
2025-01-27,195.35000610351562,198.13999938964844,195.35000610351562,198.1199951171875,192.52024841308594,1031100,0.0
2025-01-28,197.85000610351562,198.5800018310547,197.3300018310547,197.52999877929688,191.9468994140625,768700,0.0
2025-01-29,197.4199981689453,198.13999938964844,196.72999572753906,197.14999389648438,191.57765197753906,400300,0.0
2025-01-30,197.13999938964844,198.0399932861328,196.4600067138672,197.41000366210938,191.830322265625,658300,0.0
2025-01-31,198.08999633789062,198.25,196.0500030517578,196.1699981689453,190.62538146972656,407600,0.0
2025-02-03,194.0399932861328,195.99000549316406,193.19000244140625,195.25,189.7313690185547,645800,0.0
2025-02-04,194.52000427246094,196.00999450683594,194.4199981689453,195.75,190.21725463867188,471500,0.0
2025-02-05,195.49000549316406,196.5,194.66000366210938,196.47000122070312,190.91690063476562,381300,0.0
2025-02-06,196.8000030517578,197.0,195.4600067138672,196.25,190.70309448242188,433100,0.0
2025-02-07,196.3000030517578,196.47000122070312,194.35000610351562,194.6199951171875,189.1191864013672,460900,0.0
2025-02-10,195.3800048828125,195.44000244140625,194.52999877929688,195.3000030517578,189.77996826171875,385800,0.0
2025-02-11,194.86000061035156,196.3000030517578,194.86000061035156,196.22999572753906,190.6836700439453,377000,0.0
2025-02-12,194.69000244140625,195.85000610351562,194.4600067138672,195.5800018310547,190.0520477294922,470800,0.0
2025-02-13,196.0,197.1699981689453,195.42999267578125,197.0399932861328,191.47076416015625,372000,0.0
2025-02-14,197.1999969482422,197.85000610351562,196.5800018310547,196.6199951171875,191.0626678466797,982200,0.0
2025-02-18,196.7100067138672,197.74000549316406,196.41000366210938,197.74000549316406,192.1510009765625,752900,0.0
2025-02-19,197.36000061035156,198.67999267578125,197.1999969482422,198.5800018310547,192.9672393798828,368400,0.0
2025-02-20,198.2100067138672,198.5800018310547,197.5800018310547,198.47000122070312,192.8603515625,329900,0.0
2025-02-21,198.14999389648438,198.16000366210938,196.3300018310547,196.38999938964844,190.8391571044922,333100,0.0
2025-02-24,196.82000732421875,197.5399932861328,196.36000061035156,196.64999389648438,191.091796875,386900,0.0
2025-02-25,196.8699951171875,197.5,195.92999267578125,196.88999938964844,191.32501220703125,361400,0.0
2025-02-26,196.83999633789062,197.11000061035156,195.11000061035156,195.49000549316406,189.964599609375,380900,0.0
2025-02-27,195.8000030517578,196.92999267578125,194.47000122070312,194.5800018310547,189.080322265625,12271400,0.0
2025-02-28,195.2100067138672,197.33999633789062,194.02999877929688,197.1999969482422,191.62625122070312,1659600,0.0
2025-03-03,197.66000366210938,198.3300018310547,194.2100067138672,195.36000061035156,189.83827209472656,1171100,0.0
2025-03-04,194.42999267578125,194.75,191.83999633789062,192.25,186.81617736816406,2172300,0.0
2025-03-05,192.0399932861328,194.42999267578125,191.1300048828125,193.7899932861328,188.31265258789062,1062200,0.0
2025-03-06,192.25,193.5800018310547,191.38999938964844,192.60000610351562,187.15628051757812,848400,0.0
2025-03-07,192.0399932861328,194.63999938964844,191.88999938964844,194.13999938964844,188.65274047851562,1003200,0.0
2025-03-10,192.25999450683594,193.22999572753906,189.69000244140625,191.0800018310547,185.67922973632812,739800,0.0
2025-03-11,190.5399932861328,190.77000427246094,187.4199981689453,188.32000732421875,182.99725341796875,957100,0.0
2025-03-12,188.82000732421875,188.8800048828125,186.2899932861328,187.35000610351562,182.05465698242188,799100,0.0
2025-03-13,187.32000732421875,188.10000610351562,185.3300018310547,185.77999877929688,180.52902221679688,582500,0.0
2025-03-14,186.86000061035156,189.1199951171875,186.42999267578125,188.80999755859375,183.473388671875,514800,0.0
2025-03-17,188.58999633789062,191.5500030517578,188.58999633789062,190.8800048828125,185.48487854003906,515100,0.0
2025-03-18,189.9199981689453,189.9499969482422,188.69000244140625,189.42999267578125,184.79710388183594,1057600,0.745
2025-03-19,189.72999572753906,191.3800048828125,189.02999877929688,190.5399932861328,185.87997436523438,726200,0.0
2025-03-20,189.58999633789062,191.25999450683594,189.25,190.08999633789062,185.44097900390625,537700,0.0
2025-03-21,188.94000244140625,189.89999389648438,188.1199951171875,189.82000732421875,185.17759704589844,462300,0.0
2025-03-24,191.25999450683594,192.10000610351562,191.0800018310547,191.82000732421875,187.128662109375,633900,0.0
2025-03-25,192.11000061035156,192.3300018310547,191.16000366210938,191.7100067138672,187.02139282226562,1321200,0.0
2025-03-26,192.00999450683594,192.83999633789062,191.14999389648438,191.6199951171875,186.93356323242188,1145300,0.0
2025-03-27,191.47000122070312,192.4199981689453,190.75,191.64999389648438,186.96282958984375,556800,0.0
2025-03-28,191.2899932861328,191.4600067138672,188.67999267578125,188.7899932861328,184.17276000976562,496000,0.0
2025-03-31,187.8300018310547,191.22000122070312,187.7100067138672,190.5800018310547,185.91900634765625,1026100,0.0
2025-04-01,189.9600067138672,191.02999877929688,188.63999938964844,190.3300018310547,185.67510986328125,603900,0.0
2025-04-02,189.05999755859375,191.7100067138672,189.0,191.2899932861328,186.61163330078125,596700,0.0
2025-04-03,186.3300018310547,187.00999450683594,183.17999267578125,183.30999755859375,178.82679748535156,1286900,0.0
2025-04-04,179.44000244140625,179.86000061035156,172.55999755859375,172.6699981689453,168.447021484375,2236600,0.0
2025-04-07,168.2899932861328,177.0399932861328,165.4499969482422,171.25999450683594,167.07150268554688,2512400,0.0
2025-04-08,176.02000427246094,176.58999633789062,165.86000061035156,168.33999633789062,164.22291564941406,1553800,0.0
2025-04-09,166.5500030517578,181.66000366210938,166.33999633789062,180.9199981689453,176.49525451660156,1750700,0.0
2025-04-10,177.72999572753906,178.02999877929688,170.8000030517578,175.3699951171875,171.0809783935547,1140700,0.0
2025-04-11,174.97999572753906,179.1999969482422,173.97999572753906,178.30999755859375,173.9490966796875,733800,0.0
2025-04-14,181.17999267578125,181.52999877929688,178.8699951171875,180.35000610351562,175.939208984375,725400,0.0
2025-04-15,180.7100067138672,181.52000427246094,179.57000732421875,179.57000732421875,175.17828369140625,560600,0.0
2025-04-16,178.92999267578125,179.89999389648438,175.64999389648438,177.0399932861328,172.71014404296875,783200,0.0
2025-04-17,176.55999755859375,178.72999572753906,176.55999755859375,177.3800048828125,173.0418243408203,656600,0.0
2025-04-21,175.85000610351562,176.00999450683594,172.1300048828125,173.77999877929688,169.52987670898438,1025500,0.0
2025-04-22,175.60000610351562,178.39999389648438,175.5,177.97999572753906,173.6271514892578,621600,0.0
2025-04-23,180.7899932861328,182.63999938964844,178.91000366210938,179.47000122070312,175.0807342529297,1252200,0.0
2025-04-24,179.74000549316406,182.25,179.0,182.07000732421875,177.6171417236328,3798800,0.0
2025-04-25,181.55999755859375,182.0800018310547,180.22000122070312,181.83999633789062,177.3927459716797,665400,0.0
2025-04-28,182.3699951171875,183.10000610351562,180.9199981689453,182.5,178.03660583496094,340200,0.0
2025-04-29,181.80999755859375,183.80999755859375,181.67999267578125,183.32000732421875,178.83656311035156,611000,0.0
2025-04-30,182.1300048828125,184.1699981689453,180.0,183.42999267578125,178.94386291503906,540400,0.0
2025-05-01,184.3300018310547,185.41000366210938,183.5,183.94000244140625,179.44140625,585700,0.0
2025-05-02,185.6300048828125,186.30999755859375,184.75,185.8300018310547,181.28517150878906,639900,0.0
2025-05-05,184.88999938964844,185.63999938964844,184.1699981689453,184.67999267578125,180.16329956054688,3957300,0.0
2025-05-06,183.57000732421875,184.92999267578125,183.0500030517578,183.24000549316406,178.7584991455078,766900,0.0
2025-05-07,184.0399932861328,185.19000244140625,183.3000030517578,184.41000366210938,179.89988708496094,494500,0.0
2025-05-08,185.30999755859375,187.27999877929688,184.80999755859375,185.4600067138672,180.9242401123047,639400,0.0
2025-05-09,186.02000427246094,186.24000549316406,184.99000549316406,185.38999938964844,180.85595703125,342400,0.0
2025-05-12,190.10000610351562,190.33999633789062,189.00999450683594,190.25,185.59707641601562,533300,0.0
2025-05-13,189.9600067138672,190.38999938964844,189.47999572753906,189.6300048828125,184.9922637939453,372300,0.0
2025-05-14,189.4499969482422,189.5399932861328,188.10000610351562,188.50999450683594,183.89962768554688,623000,0.0
2025-05-15,188.11000061035156,190.2899932861328,188.0,190.2899932861328,185.63609313964844,541500,0.0
2025-05-16,190.33999633789062,191.6699981689453,189.75999450683594,191.5800018310547,186.89456176757812,353300,0.0
2025-05-19,190.3000030517578,192.14999389648438,190.27999877929688,191.89999389648438,187.20669555664062,458400,0.0
2025-05-20,191.4199981689453,192.00999450683594,190.77000427246094,191.5399932861328,186.85552978515625,4659900,0.0
2025-05-21,190.25,190.58999633789062,187.92999267578125,188.10000610351562,183.49964904785156,980200,0.0
2025-05-22,187.77000427246094,188.50999450683594,186.83999633789062,187.39999389648438,182.81674194335938,661200,0.0
2025-05-23,185.33999633789062,187.0500030517578,185.33999633789062,186.32000732421875,181.76316833496094,700200,0.0
2025-05-27,188.3300018310547,189.7100067138672,187.77999877929688,189.64999389648438,185.01173400878906,536100,0.0
2025-05-28,189.75999450683594,189.92999267578125,188.0500030517578,188.1699981689453,183.5679168701172,332600,0.0
2025-05-29,189.19000244140625,189.2100067138672,187.57000732421875,188.9600067138672,184.338623046875,421100,0.0
2025-05-30,188.6699981689453,189.64999389648438,187.5,188.99000549316406,184.36790466308594,1582100,0.0
2025-06-02,188.8300018310547,189.58999633789062,187.5,189.44000244140625,184.806884765625,362900,0.0
2025-06-03,189.33999633789062,190.6999969482422,188.92999267578125,190.60000610351562,185.9385223388672,371600,0.0
2025-06-04,190.8000030517578,191.11000061035156,190.02000427246094,190.0500030517578,185.40194702148438,318700,0.0
2025-06-05,190.5,190.7899932861328,189.33999633789062,189.89999389648438,185.255615234375,433800,0.0
2025-06-06,191.11000061035156,191.99000549316406,190.8800048828125,191.33999633789062,186.660400390625,380000,0.0
2025-06-09,191.9600067138672,192.5500030517578,191.4199981689453,191.8000030517578,187.10916137695312,454100,0.0
2025-06-10,191.86000061035156,193.17999267578125,191.86000061035156,192.9199981689453,188.2017822265625,338000,0.0
2025-06-11,193.1300048828125,193.22000122070312,191.7100067138672,192.25999450683594,187.5579071044922,298700,0.0
2025-06-12,191.7899932861328,192.94000244140625,191.47000122070312,192.85000610351562,188.1334991455078,335700,0.0
2025-06-13,191.86000061035156,192.57000732421875,190.6199951171875,190.91000366210938,186.24093627929688,598600,0.0
2025-06-16,191.1300048828125,192.22000122070312,191.0,191.63999938964844,187.74964904785156,849600,0.81
2025-06-17,190.92999267578125,191.22000122070312,189.66000366210938,189.82000732421875,185.9666290283203,467000,0.0
2025-06-18,190.11000061035156,191.02999877929688,189.77999877929688,189.89999389648438,186.04498291015625,492500,0.0
2025-06-20,190.9600067138672,191.38999938964844,189.92999267578125,190.27000427246094,186.40748596191406,461600,0.0
2025-06-23,190.61000061035156,191.82000732421875,189.6699981689453,191.6699981689453,187.779052734375,575600,0.0
2025-06-24,192.33999633789062,193.50999450683594,192.1999969482422,193.1300048828125,189.20941162109375,442000,0.0
2025-06-25,193.14999389648438,193.14999389648438,192.1699981689453,192.50999450683594,188.6020050048828,357400,0.0
2025-06-26,193.0399932861328,193.86000061035156,192.89999389648438,193.52000427246094,189.5915069580078,1421800,0.0
2025-06-27,193.89999389648438,195.10000610351562,193.5500030517578,194.35000610351562,190.4046630859375,358800,0.0
2025-06-30,194.85000610351562,195.66000366210938,194.13999938964844,195.4199981689453,191.4529266357422,579200,0.0
2025-07-01,195.19000244140625,197.83999633789062,195.19000244140625,197.3000030517578,193.2947540283203,661500,0.0
2025-07-02,197.13999938964844,197.74000549316406,196.75,197.52999877929688,193.5200958251953,556600,0.0
2025-07-03,197.9600067138672,198.99000549316406,197.85000610351562,198.6699981689453,194.63694763183594,222300,0.0
2025-07-07,198.11000061035156,198.4499969482422,196.1999969482422,197.1999969482422,193.19679260253906,545700,0.0
2025-07-08,197.0,197.85000610351562,196.72000122070312,197.30999755859375,193.3045654296875,303800,0.0
2025-07-09,197.77999877929688,198.0,196.61000061035156,197.82000732421875,193.80422973632812,505400,0.0
2025-07-10,197.75999450683594,199.25999450683594,197.42999267578125,198.88999938964844,194.8524932861328,291300,0.0
2025-07-11,197.74000549316406,198.3300018310547,197.3000030517578,197.88999938964844,193.872802734375,247500,0.0
2025-07-14,197.47999572753906,197.9199981689453,197.07000732421875,197.75999450683594,193.74542236328125,351600,0.0
2025-07-15,197.7899932861328,198.0,195.86000061035156,195.8800048828125,191.90359497070312,326700,0.0
2025-07-16,196.2899932861328,196.85000610351562,194.82000732421875,196.5500030517578,192.5599822998047,473000,0.0
2025-07-17,196.39999389648438,197.72000122070312,196.39999389648438,197.58999633789062,193.57888793945312,1466100,0.0
2025-07-18,198.17999267578125,198.17999267578125,196.8699951171875,197.33999633789062,193.33395385742188,514000,0.0
2025-07-21,197.57000732421875,198.39999389648438,197.24000549316406,197.3300018310547,193.32415771484375,427800,0.0
2025-07-22,197.3699951171875,199.0500030517578,197.36000061035156,198.8800048828125,194.8426971435547,453600,0.0
2025-07-23,199.52000427246094,200.2899932861328,199.0399932861328,200.1699981689453,196.10650634765625,1348700,0.0
2025-07-24,199.9499969482422,200.77000427246094,199.83999633789062,199.9199981689453,195.86158752441406,315600,0.0
2025-07-25,200.25,200.7100067138672,199.5399932861328,200.57000732421875,196.49839782714844,263200,0.0
2025-07-28,200.61000061035156,200.61000061035156,199.4499969482422,199.6699981689453,195.61666870117188,291200,0.0
2025-07-29,199.97999572753906,200.05999755859375,199.22999572753906,199.6999969482422,195.6460418701172,379300,0.0
2025-07-30,199.67999267578125,199.77000427246094,197.60000610351562,198.4199981689453,194.39202880859375,358000,0.0
2025-07-31,198.66000366210938,199.14999389648438,196.7100067138672,196.97999572753906,192.9812469482422,452100,0.0
2025-08-01,196.1300048828125,196.1300048828125,193.91000366210938,194.44000244140625,190.49282836914062,635200,0.0
2025-08-04,195.25,196.72000122070312,195.25,196.4199981689453,192.43264770507812,378100,0.0
2025-08-05,196.64999389648438,196.89999389648438,195.74000549316406,196.07000732421875,192.08975219726562,586100,0.0
2025-08-06,196.4499969482422,197.2100067138672,195.99000549316406,196.60000610351562,192.6089630126953,374500,0.0
2025-08-07,197.8800048828125,198.35000610351562,196.6300048828125,197.30999755859375,193.3045654296875,548800,0.0
2025-08-08,197.66000366210938,199.02999877929688,197.66000366210938,198.77999877929688,194.74472045898438,312200,0.0
2025-08-11,199.02000427246094,199.3699951171875,198.0399932861328,198.36000061035156,194.333251953125,308200,0.0
2025-08-12,198.91000366210938,200.47999572753906,198.89999389648438,200.39999389648438,196.3318328857422,292900,0.0
2025-08-13,201.05999755859375,202.3000030517578,200.9499969482422,202.22999572753906,198.1246795654297,417100,0.0
2025-08-14,201.63999938964844,202.25,201.1699981689453,202.0399932861328,197.9385223388672,301900,0.0
2025-08-15,202.60000610351562,202.6300048828125,201.60000610351562,201.63999938964844,197.54666137695312,341800,0.0
2025-08-18,201.75,201.99000549316406,201.33999633789062,201.42999267578125,197.34092712402344,279600,0.0
2025-08-19,201.32000732421875,202.60000610351562,201.32000732421875,201.86000061035156,197.76219177246094,340200,0.0
2025-08-20,202.0399932861328,202.44000244140625,201.27999877929688,201.6699981689453,197.5760498046875,431600,0.0
2025-08-21,201.11000061035156,201.69000244140625,200.52000427246094,201.05999755859375,196.9784393310547,266600,0.0
2025-08-22,201.9499969482422,204.3000030517578,201.9499969482422,203.91000366210938,199.77059936523438,364000,0.0
2025-08-25,203.5800018310547,203.69000244140625,202.47999572753906,202.47999572753906,198.36959838867188,345900,0.0
2025-08-26,202.17999267578125,203.02999877929688,202.07000732421875,202.72000122070312,198.604736328125,367300,0.0
2025-08-27,202.72999572753906,203.83999633789062,202.63999938964844,203.67999267578125,199.5452423095703,331200,0.0
2025-08-28,203.8300018310547,204.0,203.00999450683594,203.82000732421875,199.6824188232422,330000,0.0
2025-08-29,203.7899932861328,204.22999572753906,203.39999389648438,203.89999389648438,199.76077270507812,328200,0.0
2025-09-02,202.32000732421875,202.74000549316406,201.5,202.69000244140625,198.5753631591797,500900,0.0
2025-09-03,202.74000549316406,203.0399932861328,201.64999389648438,202.60000610351562,198.4871826171875,318000,0.0
2025-09-04,202.8300018310547,204.13999938964844,202.47999572753906,204.1199951171875,199.976318359375,306800,0.0
2025-09-05,204.1300048828125,204.60000610351562,202.33999633789062,203.1699981689453,199.0456085205078,390800,0.0
2025-09-08,203.0500030517578,203.0500030517578,201.9499969482422,202.85000610351562,198.7321014404297,369300,0.0
2025-09-09,202.77999877929688,203.2899932861328,202.63999938964844,202.88999938964844,198.7712860107422,851800,0.0
2025-09-10,202.75999450683594,202.75999450683594,201.22000122070312,201.88999938964844,197.7915802001953,1058900,0.0
2025-09-11,202.24000549316406,204.58999633789062,202.08999633789062,204.38999938964844,200.24082946777344,605500,0.0
2025-09-12,204.13999938964844,204.63999938964844,203.82000732421875,203.94000244140625,199.7999725341797,388100,0.0
2025-09-15,204.2899932861328,204.57000732421875,203.61000061035156,203.9199981689453,199.78036499023438,521100,0.0
2025-09-16,203.16000366210938,203.66000366210938,202.74000549316406,202.91000366210938,199.63772583007812,1717300,0.865
2025-09-17,203.27999877929688,204.9199981689453,202.52000427246094,203.50999450683594,200.22805786132812,730800,0.0
2025-09-18,204.0800018310547,204.74000549316406,203.5,204.1999969482422,200.90692138671875,942400,0.0
2025-09-19,204.77000427246094,204.97999572753906,203.8000030517578,204.58999633789062,201.29061889648438,584800,0.0
2025-09-22,204.27999877929688,205.24000549316406,204.1300048828125,204.97999572753906,201.67433166503906,476100,0.0
2025-09-23,205.05999755859375,206.16000366210938,204.7899932861328,205.05999755859375,201.7530517578125,1289500,0.0
2025-09-24,205.30999755859375,205.5399932861328,204.47000122070312,204.67999267578125,201.37918090820312,506800,0.0
2025-09-25,204.4199981689453,204.4600067138672,203.14999389648438,203.91000366210938,200.62161254882812,500100,0.0
2025-09-26,204.47000122070312,205.61000061035156,204.47000122070312,205.47000122070312,202.1564483642578,524800,0.0
2025-09-29,205.8699951171875,205.89999389648438,205.14999389648438,205.8000030517578,202.4811248779297,400800,0.0
2025-09-30,205.52999877929688,206.6199951171875,205.08999633789062,206.50999450683594,203.17967224121094,576100,0.0
2025-10-01,205.9600067138672,207.24000549316406,205.9600067138672,207.02999877929688,203.6912841796875,548900,0.0
2025-10-02,206.77000427246094,207.36000061035156,206.3300018310547,207.02999877929688,203.6912841796875,532100,0.0
2025-10-03,207.24000549316406,208.86000061035156,207.24000549316406,207.83999633789062,204.48822021484375,507200,0.0
2025-10-06,209.1199951171875,209.1199951171875,208.02999877929688,208.32000732421875,204.96051025390625,467700,0.0
2025-10-07,208.72000122070312,208.97999572753906,207.4199981689453,207.88999938964844,204.53741455078125,462900,0.0
2025-10-08,208.19000244140625,208.8000030517578,207.5,208.47000122070312,205.10806274414062,475200,0.0
2025-10-09,208.57000732421875,208.6699981689453,206.6699981689453,207.10000610351562,203.76014709472656,449000,0.0
2025-10-10,207.4199981689453,207.7899932861328,202.4499969482422,202.52000427246094,199.25401306152344,570300,0.0
2025-10-13,204.0,204.92999267578125,203.49000549316406,204.30999755859375,201.01515197753906,462400,0.0
2025-10-14,203.1199951171875,206.49000549316406,202.86000061035156,205.63999938964844,202.3236846923828,822100,0.0
2025-10-15,206.4600067138672,207.6999969482422,204.6999969482422,206.49000549316406,203.16000366210938,609800,0.0
2025-10-16,206.6199951171875,206.9199981689453,203.9199981689453,204.58999633789062,201.29061889648438,870200,0.0
2025-10-17,204.86000061035156,206.41000366210938,204.55999755859375,206.00999450683594,202.68771362304688,716400,0.0
2025-10-20,206.89999389648438,208.72000122070312,206.89999389648438,208.4199981689453,205.0588836669922,590800,0.0
2025-10-21,208.67999267578125,209.57000732421875,208.6199951171875,208.99000549316406,205.61968994140625,517100,0.0
2025-10-22,208.89999389648438,208.89999389648438,207.17999267578125,208.0,204.64564514160156,688200,0.0
2025-10-23,208.4600067138672,209.0399932861328,207.9600067138672,208.77000427246094,205.4032440185547,500900,0.0
2025-10-24,210.2100067138672,210.3699951171875,209.74000549316406,209.86000061035156,206.47564697265625,475800,0.0
2025-10-27,210.92999267578125,211.55999755859375,210.6699981689453,211.41000366210938,208.00064086914062,355100,0.0
2025-10-28,211.8300018310547,211.8300018310547,210.6199951171875,210.6699981689453,207.2725830078125,1493500,0.0
2025-10-29,210.69000244140625,210.69000244140625,208.47000122070312,209.47000122070312,206.09194946289062,764500,0.0
2025-10-30,208.4199981689453,209.88999938964844,208.25,208.3300018310547,204.97032165527344,574300,0.0
2025-10-31,209.13999938964844,209.5500030517578,208.02000427246094,208.7899932861328,205.42288208007812,540000,0.0
2025-11-03,209.36000061035156,209.36000061035156,207.0399932861328,208.5,205.1375732421875,539200,0.0
2025-11-04,207.13999938964844,208.22000122070312,206.88999938964844,207.86000061035156,204.50790405273438,526800,0.0
2025-11-05,207.4499969482422,208.89999389648438,207.3800048828125,208.39999389648438,205.0391845703125,489300,0.0
2025-11-06,207.8800048828125,208.41000366210938,206.77999877929688,206.99000549316406,203.65194702148438,640300,0.0
2025-11-07,206.77999877929688,207.97000122070312,206.02000427246094,207.89999389648438,204.5472412109375,805800,0.0
2025-11-10,208.57000732421875,209.64999389648438,207.82000732421875,209.3699951171875,205.99354553222656,562100,0.0
2025-11-11,209.5500030517578,211.39999389648438,209.5500030517578,211.2100067138672,207.8038787841797,598500,0.0
2025-11-12,211.47000122070312,212.5399932861328,211.47000122070312,212.07000732421875,208.65000915527344,590100,0.0
2025-11-13,211.77999877929688,212.3800048828125,209.82000732421875,210.0500030517578,206.66258239746094,1512900,0.0
2025-11-14,209.07000732421875,210.72000122070312,208.41000366210938,209.61000061035156,206.22967529296875,1444400,0.0
2025-11-17,209.17999267578125,209.61000061035156,206.6699981689453,207.3800048828125,204.03564453125,1699400,0.0
2025-11-18,206.5,207.63999938964844,205.44000244140625,206.50999450683594,203.17967224121094,21719200,0.0
2025-11-19,206.17999267578125,206.99000549316406,205.00999450683594,205.80999755859375,202.49095153808594,2742400,0.0
2025-11-20,207.60000610351562,208.17999267578125,203.14999389648438,203.25999450683594,199.98208618164062,2886500,0.0
2025-11-21,203.97000122070312,207.22999572753906,203.77999877929688,206.13999938964844,202.81564331054688,2450600,0.0
2025-11-24,206.50999450683594,207.60000610351562,205.7899932861328,207.1300048828125,203.7896728515625,1423400,0.0
2025-11-25,207.39999389648438,209.6199951171875,207.07000732421875,209.3000030517578,205.92466735839844,1144300,0.0
2025-11-26,209.77999877929688,211.52999877929688,209.77000427246094,210.77000427246094,207.3709716796875,640000,0.0
2025-11-28,211.14999389648438,212.4199981689453,211.07000732421875,212.4199981689453,208.99435424804688,313400,0.0
2025-12-01,211.2899932861328,212.35000610351562,211.17999267578125,211.30999755859375,207.90225219726562,769200,0.0
2025-12-02,211.57000732421875,211.89999389648438,210.82000732421875,211.42999267578125,208.0203094482422,937800,0.0
2025-12-03,211.32000732421875,212.74000549316406,211.32000732421875,212.50999450683594,209.0828857421875,888300,0.0
2025-12-04,212.41000366210938,212.75999450683594,211.2100067138672,212.1699981689453,208.74839782714844,633200,0.0
2025-12-05,212.1699981689453,212.99000549316406,211.83999633789062,211.9600067138672,208.54176330566406,785500,0.0
2025-12-08,212.22999572753906,212.22999572753906,211.0,211.32000732421875,207.91209411621094,845700,0.0
2025-12-09,211.4199981689453,212.22999572753906,210.9600067138672,211.10000610351562,207.69566345214844,843300,0.0
2025-12-10,210.97000122070312,213.5399932861328,210.72999572753906,213.1999969482422,209.76177978515625,1565100,0.0
2025-12-11,213.02000427246094,214.5500030517578,212.99000549316406,214.47000122070312,211.01129150390625,825200,0.0
2025-12-12,214.69000244140625,214.89999389648438,213.08999633789062,213.64999389648438,210.2045135498047,1094800,0.0
2025-12-15,214.52999877929688,214.63999938964844,213.05999755859375,213.6699981689453,210.2241973876953,650800,0.0
2025-12-16,212.33999633789062,212.57000732421875,210.3699951171875,211.02999877929688,208.59815979003906,859700,0.995
2025-12-17,211.44000244140625,212.25,210.50999450683594,210.7100067138672,208.2818603515625,822200,0.0
2025-12-18,211.8800048828125,212.6699981689453,210.75,211.22999572753906,208.7958526611328,1293800,0.0
2025-12-19,211.41000366210938,212.6999969482422,211.41000366210938,212.08999633789062,209.6459503173828,724200,0.0
2025-12-22,212.4600067138672,213.5,212.3699951171875,213.1699981689453,210.7135009765625,609200,0.0
2025-12-23,213.07000732421875,213.3699951171875,212.86000061035156,213.27999877929688,210.82225036621094,518000,0.0
2025-12-24,213.22000122070312,214.5800018310547,213.22000122070312,214.22999572753906,211.76129150390625,353400,0.0
2025-12-26,214.00999450683594,214.39999389648438,213.66000366210938,214.19000244140625,211.72174072265625,441300,0.0
2025-12-29,213.9499969482422,214.3800048828125,213.52999877929688,213.7899932861328,211.3263397216797,562600,0.0
2025-12-30,213.7899932861328,213.9600067138672,213.39999389648438,213.55999755859375,211.0989990234375,468200,0.0
2025-12-31,213.49000549316406,213.49000549316406,212.0,212.07000732421875,209.62619018554688,511300,0.0
2026-01-02,212.47999572753906,213.1199951171875,211.55999755859375,212.77000427246094,210.318115234375,1222600,0.0
2026-01-05,213.22000122070312,215.35000610351562,213.1199951171875,214.77999877929688,212.30494689941406,1063200,0.0
2026-01-06,214.5800018310547,216.64999389648438,214.47999572753906,216.2899932861328,213.7975311279297,956100,0.0
2026-01-07,216.55999755859375,216.85000610351562,214.1699981689453,214.1699981689453,211.70196533203125,1238800,0.0
2026-01-08,213.72000122070312,216.5500030517578,213.69000244140625,216.1999969482422,213.7085723876953,712600,0.0
2026-01-09,216.41000366210938,217.69000244140625,216.13999938964844,217.39999389648438,214.89476013183594,1568200,0.0
2026-01-12,216.67999267578125,217.41000366210938,215.97999572753906,217.22999572753906,214.72671508789062,858600,0.0
2026-01-13,217.38999938964844,217.57000732421875,216.0800018310547,216.77000427246094,214.2720184326172,1884800,0.0
2026-01-14,216.3699951171875,217.39999389648438,216.24000549316406,217.3800048828125,214.875,659700,0.0
2026-01-15,217.77000427246094,218.44000244140625,217.2899932861328,217.77000427246094,215.260498046875,1138700,0.0
2026-01-16,217.64999389648438,217.94000244140625,216.99000549316406,217.25999450683594,214.75636291503906,792400,0.0
2026-01-20,215.07000732421875,215.75999450683594,213.4199981689453,213.69000244140625,211.22750854492188,1021000,0.0
2026-01-21,214.7100067138672,217.33999633789062,214.63999938964844,216.6199951171875,214.1237335205078,1238600,0.0
2026-01-22,217.16000366210938,218.0399932861328,216.8699951171875,217.1699981689453,214.66738891601562,686500,0.0
2026-01-23,216.74000549316406,216.74000549316406,215.6699981689453,216.35000610351562,213.8568572998047,521900,0.0
2026-01-26,217.0,217.47999572753906,216.86000061035156,217.13999938964844,214.6377410888672,630000,0.0
2026-01-27,216.67999267578125,217.02999877929688,216.3300018310547,216.74000549316406,214.2423553466797,767500,0.0
2026-01-28,216.75999450683594,217.41000366210938,215.86000061035156,216.35000610351562,213.8568572998047,650900,0.0
2026-01-29,217.11000061035156,217.8300018310547,215.55999755859375,216.67999267578125,214.1830596923828,1935300,0.0
2026-01-30,216.2100067138672,217.58999633789062,215.1300048828125,217.24000549316406,214.73660278320312,821100,0.0
2026-02-02,216.91000366210938,219.22000122070312,216.66000366210938,219.0399932861328,216.51585388183594,689200,0.0
2026-02-03,218.44000244140625,220.02999877929688,217.61000061035156,218.92999267578125,216.4071044921875,717200,0.0
2026-02-04,219.57000732421875,221.6999969482422,219.57000732421875,221.02999877929688,218.48292541503906,913600,0.0
2026-02-05,220.32000732421875,220.63999938964844,218.75999450683594,219.00999450683594,216.4862060546875,783300,0.0
2026-02-06,219.61000061035156,222.30999755859375,219.61000061035156,222.07000732421875,219.51095581054688,582600,0.0
2026-02-09,221.44000244140625,221.91000366210938,220.30999755859375,221.58999633789062,219.03648376464844,494500,0.0
2026-02-10,221.5,222.4600067138672,221.47999572753906,221.5399932861328,218.98704528808594,679600,0.0
2026-02-11,222.27999877929688,222.5800018310547,221.44000244140625,222.00999450683594,219.45162963867188,1303400,0.0
2026-02-12,222.47000122070312,223.05999755859375,218.77999877929688,218.97999572753906,216.45654296875,878700,0.0
2026-02-13,218.97000122070312,221.3699951171875,218.6999969482422,220.2899932861328,217.75144958496094,1140300,0.0
2026-02-17,220.52999877929688,221.30999755859375,218.8000030517578,220.19000244140625,217.65260314941406,1369800,0.0
2026-02-18,220.57000732421875,221.57000732421875,220.22999572753906,221.00999450683594,218.46315002441406,702500,0.0
2026-02-19,220.52999877929688,221.11000061035156,219.42999267578125,220.27000427246094,217.731689453125,868900,0.0
2026-02-20,219.6300048828125,221.22999572753906,219.22999572753906,221.19000244140625,218.64108276367188,1219700,0.0
2026-02-23,220.35000610351562,221.24000549316406,218.67999267578125,219.4199981689453,216.89146423339844,725200,0.0
2026-02-24,219.36000061035156,221.39999389648438,219.35000610351562,221.07000732421875,218.52247619628906,897600,0.0
2026-02-25,221.5800018310547,221.72000122070312,220.32000732421875,221.5800018310547,219.02658081054688,561600,0.0
2026-02-26,221.89999389648438,222.69000244140625,220.77999877929688,221.94000244140625,219.3824462890625,932200,0.0
2026-02-27,220.99000549316406,222.3300018310547,220.32000732421875,222.08999633789062,219.5307159423828,1053200,0.0
2026-03-02,220.6999969482422,222.58999633789062,220.24000549316406,221.85000610351562,219.29347229003906,1370300,0.0
2026-03-03,218.8699951171875,220.83999633789062,216.8000030517578,219.97999572753906,217.4450225830078,2571700,0.0
2026-03-04,220.35000610351562,221.1699981689453,219.07000732421875,220.75999450683594,218.21603393554688,3628100,0.0
2026-03-05,219.3699951171875,220.07000732421875,217.2100067138672,218.4600067138672,215.9425506591797,2229400,0.0
2026-03-06,216.42999267578125,216.69000244140625,214.39999389648438,216.24000549316406,213.7481231689453,2023800,0.0
2026-03-09,214.4199981689453,216.9499969482422,212.2899932861328,216.38999938964844,213.89639282226562,1747800,0.0
2026-03-10,215.97000122070312,217.52999877929688,214.77999877929688,215.38999938964844,212.9079132080078,1523700,0.0
2026-03-11,215.3699951171875,215.6300048828125,213.9600067138672,214.75999450683594,212.28515625,623000,0.0
2026-03-12,213.22999572753906,213.88999938964844,211.88999938964844,211.91000366210938,209.468017578125,9959900,0.0
2026-03-13,213.11000061035156,213.9199981689453,211.47999572753906,211.7100067138672,209.27032470703125,1805400,0.0
2026-03-16,213.25,214.11000061035156,212.77000427246094,213.30999755859375,210.8518829345703,1091500,0.0
2026-03-17,213.60000610351562,214.47000122070312,213.13999938964844,213.2100067138672,211.530517578125,657400,0.784
2026-03-18,212.35000610351562,212.58999633789062,209.88999938964844,209.92999267578125,208.2763214111328,792600,0.0
2026-03-19,209.10000610351562,210.80999755859375,208.57000732421875,209.72000122070312,208.0679931640625,1219500,0.0
2026-03-20,209.61000061035156,209.9499969482422,207.02999877929688,207.72999572753906,206.0936737060547,1366400,0.0
2026-03-23,210.5399932861328,211.66000366210938,209.33999633789062,209.6999969482422,208.0481414794922,1186300,0.0
2026-03-24,208.4600067138672,211.47999572753906,208.35000610351562,210.24000549316406,208.5839080810547,1008800,0.0
2026-03-25,211.72000122070312,212.41000366210938,210.25,211.25999450683594,209.59585571289062,730200,0.0
2026-03-26,210.47000122070312,212.22999572753906,210.0,210.1300048828125,208.4747772216797,807100,0.0
2026-03-27,209.66000366210938,209.75999450683594,207.10000610351562,207.57000732421875,205.9349365234375,982900,0.0
2026-03-30,209.32000732421875,209.5800018310547,206.97000122070312,207.6300048828125,205.9944610595703,1007700,0.0
2026-03-31,209.41000366210938,211.5399932861328,208.35000610351562,211.14999389648438,209.48672485351562,1447700,0.0
2026-04-01,211.57000732421875,212.05999755859375,211.1199951171875,211.49000549316406,209.8240509033203,1148600,0.0
2026-04-02,210.10000610351562,212.58999633789062,209.64999389648438,211.86000061035156,210.19113159179688,733800,0.0
2026-04-06,211.52000427246094,212.86000061035156,211.39999389648438,212.74000549316406,211.064208984375,731400,0.0
2026-04-07,212.13999938964844,212.19000244140625,210.72999572753906,212.05999755859375,210.38955688476562,885600,0.0
2026-04-08,214.82000732421875,216.25999450683594,214.7899932861328,216.25999450683594,214.5564727783203,1165800,0.0
2026-04-09,215.6300048828125,217.47999572753906,215.5399932861328,217.0800018310547,215.37002563476562,730300,0.0
2026-04-10,217.1699981689453,217.22000122070312,215.14999389648438,215.4199981689453,213.7230987548828,530600,0.0
2026-04-13,214.86000061035156,217.13999938964844,214.69000244140625,217.11000061035156,215.3997802734375,776000,0.0
2026-04-14,216.85000610351562,217.82000732421875,216.4199981689453,217.5500030517578,215.83631896972656,1184600,0.0
2026-04-15,217.60000610351562,218.3699951171875,216.72000122070312,218.00999450683594,216.2926788330078,550200,0.0
2026-04-16,218.08999633789062,218.97000122070312,217.88999938964844,218.61000061035156,216.88795471191406,663400,0.0
2026-04-17,219.5399932861328,221.72000122070312,219.4499969482422,220.88999938964844,219.14999389648438,628500,0.0
2026-04-20,220.7899932861328,221.66000366210938,220.64999389648438,221.1199951171875,219.37818908691406,620200,0.0
2026-04-21,221.85000610351562,222.08999633789062,219.50999450683594,219.75999450683594,218.02890014648438,543100,0.0
2026-04-22,220.9600067138672,221.25,219.72999572753906,220.16000366210938,218.42575073242188,561900,0.0
2026-04-23,220.1699981689453,221.10000610351562,219.25,220.85000610351562,219.11032104492188,643600,0.0
2026-04-24,221.50999450683594,221.67999267578125,220.2899932861328,220.6300048828125,218.89205932617188,389600,0.0
2026-04-27,220.24000549316406,221.22999572753906,219.89999389648438,220.05999755859375,218.3265380859375,390000,0.0
2026-04-28,220.9199981689453,221.16000366210938,219.77000427246094,220.1999969482422,218.46543884277344,680400,0.0
2026-04-29,220.22999572753906,220.91000366210938,219.9499969482422,220.91000366210938,219.1698455810547,474200,0.0
2026-04-30,220.92999267578125,224.02000427246094,220.55999755859375,223.6699981689453,221.90809631347656,777400,0.0
2026-05-01,224.4499969482422,225.25999450683594,223.50999450683594,223.50999450683594,221.74935913085938,772500,0.0
2026-05-04,222.8800048828125,223.75999450683594,221.74000549316406,222.0800018310547,220.33062744140625,615700,0.0
2026-05-05,222.64999389648438,224.42999267578125,222.44000244140625,223.8000030517578,222.03709411621094,505300,0.0
2026-05-06,224.33999633789062,225.33999633789062,224.24000549316406,224.77000427246094,222.99945068359375,730300,0.0
2026-05-07,224.6699981689453,225.0,223.22999572753906,223.5800018310547,221.81881713867188,680100,0.0
2026-05-08,224.38999938964844,224.7899932861328,223.7899932861328,224.25999450683594,222.4934539794922,439900,0.0
2026-05-11,224.60000610351562,225.0,224.02999877929688,224.5800018310547,222.81092834472656,577100,0.0
2026-05-12,224.38999938964844,225.0500030517578,223.17999267578125,224.77000427246094,222.99945068359375,573700,0.0
2026-05-13,224.30999755859375,224.88999938964844,223.80999755859375,224.63999938964844,222.87046813964844,508900,0.0
2026-05-14,225.02999877929688,225.89999389648438,224.72999572753906,225.14999389648438,223.37643432617188,721300,0.0
2026-05-15,224.4199981689453,224.4199981689453,223.3000030517578,223.4499969482422,221.68983459472656,696600,0.0
2026-05-18,223.75999450683594,224.97000122070312,223.3300018310547,224.91000366210938,223.13833618164062,882300,0.0
2026-05-19,224.10000610351562,225.11000061035156,223.4499969482422,224.4600067138672,222.69187927246094,608200,0.0
2026-05-20,224.47999572753906,225.97999572753906,224.05999755859375,225.75,223.97171020507812,593900,0.0
2026-05-21,224.7100067138672,226.24000549316406,223.6199951171875,226.14999389648438,224.36856079101562,680900,0.0
2026-05-22,227.14999389648438,228.5,227.14999389648438,228.02999877929688,226.23374938964844,429100,0.0
2026-05-26,228.6300048828125,228.9499969482422,227.63999938964844,227.8800048828125,226.08494567871094,602900,0.0
2026-05-27,228.1199951171875,228.74000549316406,227.74000549316406,227.99000549316406,226.194091796875,593700,0.0
2026-05-28,228.14999389648438,228.50999450683594,227.2899932861328,228.32000732421875,226.521484375,12390500,0.0
2026-05-29,228.5399932861328,228.8800048828125,227.9199981689453,227.9199981689453,226.1246337890625,2298000,0.0
2026-06-01,226.74000549316406,227.17999267578125,226.2100067138672,226.7100067138672,224.92416381835938,1031700,0.0
2026-06-02,226.27999877929688,227.97000122070312,226.08999633789062,227.86000061035156,226.06509399414062,588200,0.0
2026-06-03,227.3000030517578,228.05999755859375,226.94000244140625,227.05999755859375,225.27139282226562,815300,0.0
2026-06-04,228.75999450683594,229.52999877929688,228.5399932861328,229.1699981689453,227.36477661132812,768800,0.0
2026-06-05,228.94000244140625,229.22999572753906,226.35000610351562,226.5399932861328,224.7554931640625,1009800,0.0
2026-06-08,227.36000061035156,228.22999572753906,226.0,226.0500030517578,224.26934814453125,870300,0.0
2026-06-09,226.82000732421875,227.5,223.8800048828125,226.50999450683594,224.72572326660156,1557900,0.0
2026-06-10,226.3300018310547,226.9199981689453,224.63999938964844,224.67999267578125,222.91014099121094,1104400,0.0
2026-06-11,225.8300018310547,228.0399932861328,225.02000427246094,227.14999389648438,225.36068725585938,1146600,0.0
2026-06-12,227.91000366210938,229.08999633789062,226.99000549316406,228.72999572753906,226.92823791503906,1151600,0.0
2026-06-15,229.00999450683594,229.6699981689453,228.47999572753906,228.75,227.84359741210938,685800,0.899
2026-06-16,229.1999969482422,230.0500030517578,228.75,228.97999572753906,228.07269287109375,536500,0.0
2026-06-17,228.63999938964844,229.16000366210938,225.19000244140625,225.7899932861328,224.89532470703125,1160100,0.0
2026-06-18,227.5800018310547,227.5800018310547,226.0500030517578,226.3800048828125,225.48300170898438,712400,0.0
2026-06-22,226.72000122070312,227.82000732421875,226.61000061035156,226.8300018310547,225.93121337890625,661600,0.0
2026-06-23,225.77999877929688,227.0500030517578,225.22000122070312,226.2100067138672,225.3136749267578,673400,0.0
2026-06-24,226.1999969482422,227.85000610351562,225.8800048828125,226.2899932861328,225.39334106445312,701700,0.0
2026-06-25,227.19000244140625,228.1699981689453,225.8300018310547,226.08999633789062,225.1941375732422,4710700,0.0
2026-06-26,225.72000122070312,227.16000366210938,225.72000122070312,226.52000427246094,225.6224365234375,701000,0.0
2026-06-29,227.17999267578125,227.4600067138672,226.2899932861328,227.16000366210938,226.25990295410156,774600,0.0
2026-06-30,226.77000427246094,227.6199951171875,226.47000122070312,227.05999755859375,226.16029357910156,1476400,0.0
2026-07-01,227.0800018310547,229.08999633789062,226.85000610351562,227.77999877929688,226.87744140625,1066400,0.0
2026-07-02,229.0800018310547,230.25999450683594,228.66000366210938,230.1999969482422,229.28785705566406,633700,0.0
2026-07-06,230.38999938964844,231.14999389648438,229.8699951171875,230.91000366210938,229.9950408935547,652000,0.0
2026-07-07,232.02000427246094,232.27999877929688,230.50999450683594,230.77999877929688,229.8655548095703,537700,0.0
2026-07-08,230.0500030517578,230.0500030517578,228.35000610351562,228.89999389648438,227.9929962158203,574300,0.0
2026-07-09,228.8300018310547,230.17999267578125,228.6999969482422,229.91000366210938,228.99900817871094,570000,0.0
2026-07-10,230.3699951171875,230.7899932861328,229.41000366210938,230.49000549316406,229.5767059326172,392000,0.0
2026-07-13,230.92999267578125,231.83999633789062,230.47000122070312,230.8800048828125,229.9651641845703,509100,0.0
2026-07-14,230.6199951171875,231.44000244140625,229.75,229.94000244140625,229.0288848876953,652300,0.0
2026-07-15,230.42999267578125,231.17999267578125,229.97000122070312,230.25,229.33766174316406,634500,0.0
2026-07-16,230.75,232.4199981689453,230.75,232.35000610351562,231.42933654785156,571700,0.0
2026-07-17,231.8000030517578,233.5800018310547,230.89999389648438,231.14999389648438,230.2340850830078,536800,0.0
2026-07-20,231.42999267578125,231.55999755859375,229.60000610351562,229.72999572753906,228.81971740722656,765400,0.0
2026-07-21,229.86000061035156,230.88999938964844,229.1199951171875,230.55999755859375,229.64642333984375,497200,0.0
2026-07-22,231.0,231.75,230.42999267578125,230.72999572753906,229.8157501220703,617400,0.0
2026-07-23,229.30999755859375,230.27999877929688,228.6999969482422,229.3000030517578,228.39141845703125,558800,0.0
2026-07-24,229.5800018310547,231.83999633789062,229.5800018310547,231.36000061035156,230.44326782226562,670400,0.0
2026-07-27,232.27000427246094,233.19000244140625,231.89999389648438,232.38999938964844,231.46917724609375,561300,0.0
2026-07-28,233.60000610351562,234.91000366210938,233.58999633789062,234.4199981689453,233.4911346435547,838900,0.0
2026-07-29,234.32000732421875,234.8699951171875,232.14999389648438,232.36000061035156,231.43930053710938,793200,0.0
2026-07-30,231.72999572753906,232.27000427246094,230.0399932861328,232.16000366210938,231.24009704589844,1088100,0.0
2026-07-31,231.38999938964844,232.3000030517578,229.88999938964844,231.7100067138672,230.79188537597656,892200,0.0
2026-08-03,232.72000122070312,233.3300018310547,232.35000610351562,233.08999633789062,232.16639709472656,666700,0.0
2026-08-04,232.88999938964844,235.9499969482422,232.27999877929688,235.6699981689453,234.73617553710938,663500,0.0
2026-08-05,236.38999938964844,236.38999938964844,234.58999633789062,235.1699981689453,234.2381591796875,686300,0.0
2026-08-06,235.97999572753906,236.00999450683594,234.0,234.6199951171875,233.69033813476562,632600,0.0
2026-08-07,234.67999267578125,235.8800048828125,234.1999969482422,235.77999877929688,234.8457489013672,516200,0.0
2026-08-10,235.1699981689453,236.3699951171875,235.1699981689453,236.3300018310547,235.39356994628906,608400,0.0
2026-08-11,236.13999938964844,236.97000122070312,235.9199981689453,236.3699951171875,235.43341064453125,533600,0.0
2026-08-12,236.61000061035156,236.91000366210938,235.66000366210938,236.60000610351562,235.66250610351562,547900,0.0
2026-08-13,237.27999877929688,238.3000030517578,237.02000427246094,238.00999450683594,237.06690979003906,439200,0.0
2026-08-14,238.2100067138672,238.3699951171875,237.80999755859375,238.08999633789062,237.14659118652344,476300,0.0
2026-08-17,237.57000732421875,237.67999267578125,236.60000610351562,236.63999938964844,235.70233154296875,425000,0.0
2026-08-18,237.13999938964844,237.5399932861328,236.55999755859375,236.6999969482422,235.76210021972656,724000,0.0
2026-08-19,237.9600067138672,239.92999267578125,237.9600067138672,238.4499969482422,237.50515747070312,501900,0.0
2026-08-20,237.22999572753906,238.22999572753906,235.99000549316406,236.10000610351562,235.16448974609375,474200,0.0
2026-08-21,237.02000427246094,237.6999969482422,236.5399932861328,237.24000549316406,236.2999725341797,414800,0.0
2026-08-24,237.36000061035156,237.97000122070312,237.1999969482422,237.75999450683594,236.81790161132812,487800,0.0
2026-08-25,237.82000732421875,237.86000061035156,237.02999877929688,237.4499969482422,236.50912475585938,450500,0.0
2026-08-26,236.92999267578125,238.32000732421875,236.7899932861328,237.86000061035156,236.91751098632812,339800,0.0
2026-08-27,237.02000427246094,237.63999938964844,236.44000244140625,237.0500030517578,236.1107177734375,485800,0.0
2026-08-28,237.52000427246094,238.2100067138672,236.8800048828125,237.2899932861328,236.34976196289062,375800,0.0
2026-08-31,236.7100067138672,236.88999938964844,236.11000061035156,236.52999877929688,235.5927734375,519700,0.0
2026-09-01,236.36000061035156,236.85000610351562,235.27999877929688,235.8000030517578,234.8656768798828,500100,0.0
2026-09-02,236.0,237.07000732421875,235.83999633789062,236.77000427246094,235.8318328857422,402600,0.0
2026-09-03,237.38999938964844,238.67999267578125,236.94000244140625,238.3699951171875,237.42547607421875,434400,0.0
2026-09-04,237.22999572753906,237.60000610351562,236.6300048828125,236.8000030517578,235.86170959472656,395300,0.0
2026-09-08,236.1199951171875,236.24000549316406,235.27000427246094,235.4199981689453,234.48716735839844,524300,0.0
2026-09-09,234.9199981689453,234.94000244140625,233.82000732421875,234.0,233.0727996826172,434000,0.0
2026-09-10,233.5399932861328,233.86000061035156,233.02000427246094,233.25,232.32577514648438,597500,0.0
2026-09-11,235.08999633789062,235.8000030517578,234.89999389648438,235.32000732421875,234.3875732421875,586200,0.0
2026-09-14,235.1999969482422,235.8800048828125,234.52999877929688,234.9600067138672,234.0290069580078,637700,0.0
2026-09-15,233.69000244140625,233.74000549316406,232.83999633789062,233.25,233.25,748300,0.931
2026-09-16,233.44000244140625,233.6300048828125,230.10000610351562,231.24000549316406,231.24000549316406,553100,0.0
2026-09-17,233.07000732421875,233.3300018310547,232.10000610351562,232.92999267578125,232.92999267578125,512300,0.0
2026-09-18,232.4499969482422,232.4499969482422,231.36000061035156,231.88999938964844,231.88999938964844,508900,0.0
2026-09-21,232.8699951171875,233.92999267578125,232.08999633789062,233.4499969482422,233.4499969482422,357800,0.0
2026-09-22,233.6999969482422,233.6999969482422,232.7100067138672,233.11000061035156,233.11000061035156,1712900,0.0
2026-09-23,232.8800048828125,233.05999755859375,231.66000366210938,231.9199981689453,231.9199981689453,790500,0.0
2026-09-24,231.74000549316406,232.25,230.89999389648438,231.22000122070312,231.22000122070312,545300,0.0
2026-09-25,231.17999267578125,232.3699951171875,230.5800018310547,232.0399932861328,232.0399932861328,482300,0.0
