Date,Open,High,Low,Close,Adj Close,Volume,Dividends
2000-05-26,20.25,20.3671875,20.2421875,20.2421875,14.746333122253418,728400,0.0
2000-05-30,20.6640625,21.125,20.625,21.08203125,15.35815715789795,92800,0.0
2000-05-31,21.08203125,21.328125,21.03125,21.03125,15.321166038513184,54000,0.0
2000-06-01,21.421875,21.55078125,21.2109375,21.34375,15.548808097839355,62800,0.0
2000-06-02,22.04296875,22.046875,21.875,22.046875,16.061050415039062,56000,0.0
2000-06-05,21.97265625,22.03125,21.93359375,21.9375,15.98137092590332,90800,0.0
2000-06-06,21.8125,22.01953125,21.7578125,21.7578125,15.85045337677002,21600,0.0
2000-06-07,21.8359375,22.0703125,21.73046875,22.0546875,16.066741943359375,40400,0.0
2000-06-08,22.09375,22.09375,21.921875,21.96875,16.00412940979004,39200,0.0
2000-06-09,21.96875,22.0390625,21.921875,21.921875,15.969976425170898,2400,0.0
2000-06-12,21.8828125,21.93359375,21.64453125,21.65625,15.776477813720703,20400,0.0
2000-06-13,21.5859375,22.09375,21.55859375,22.09375,16.095190048217773,24400,0.0
2000-06-14,22.1953125,22.359375,22.1484375,22.18359375,16.16064453125,119600,0.0
2000-06-15,22.19140625,22.5078125,22.19140625,22.421875,16.334228515625,223200,0.0
2000-06-16,22.46875,22.52734375,22.40234375,22.50390625,16.39398765563965,10400,0.0
2000-06-19,22.375,22.5546875,22.375,22.5546875,16.430980682373047,2800,0.0
2000-06-20,22.625,22.875,22.6015625,22.609375,16.470827102661133,3200,0.0
2000-06-21,22.765625,22.828125,22.6484375,22.828125,16.634597778320312,20800,0.006
2000-06-22,22.734375,22.734375,22.265625,22.2890625,16.241792678833008,45200,0.0
2000-06-23,22.1640625,22.26953125,22.1640625,22.17578125,16.159236907958984,14000,0.0
2000-06-26,22.21875,22.3828125,22.14453125,22.3828125,16.310102462768555,50400,0.0
2000-06-27,22.3828125,22.3828125,22.3828125,22.3828125,16.310102462768555,0,0.0
2000-06-28,22.35546875,22.4453125,22.3515625,22.4453125,16.355634689331055,6400,0.0
2000-06-29,22.08203125,22.3359375,22.05859375,22.3359375,16.275943756103516,54400,0.0
2000-06-30,22.0625,22.33203125,22.0625,22.33203125,16.27309226989746,16000,0.0
2000-07-03,22.578125,22.703125,22.578125,22.703125,16.543500900268555,4400,0.0
2000-07-05,22.375,22.421875,22.171875,22.234375,16.201936721801758,229600,0.0
2000-07-06,22.1171875,22.4140625,22.1171875,22.4140625,16.3328800201416,21200,0.0
2000-07-07,22.421875,22.875,22.421875,22.875,16.668745040893555,22400,0.0
2000-07-10,22.6875,22.76953125,22.6171875,22.6953125,16.537813186645508,17600,0.0
2000-07-11,22.80078125,22.8125,22.515625,22.6328125,16.49227523803711,136400,0.0
2000-07-12,22.8359375,23.015625,22.7578125,22.91796875,16.700054168701172,108800,0.0
2000-07-13,22.95703125,23.08984375,22.875,22.94921875,16.72283935546875,12000,0.0
2000-07-14,23.0546875,23.20703125,22.9921875,23.20703125,16.910696029663086,37600,0.0
2000-07-17,23.265625,23.5625,23.265625,23.51953125,17.138410568237305,46400,0.0
2000-07-18,23.33203125,23.33203125,23.125,23.125,16.850915908813477,15600,0.0
2000-07-19,22.8359375,22.8984375,22.765625,22.83203125,16.637447357177734,10800,0.0
2000-07-20,22.8984375,23.2109375,22.8984375,23.2109375,16.913541793823242,10000,0.0
2000-07-21,22.87109375,22.87109375,22.8125,22.83203125,16.637447357177734,10400,0.0
2000-07-24,22.90234375,22.9375,22.453125,22.46484375,16.369876861572266,104000,0.0
2000-07-25,22.58203125,22.61328125,22.453125,22.5546875,16.435344696044922,124000,0.0
2000-07-26,22.484375,22.52734375,22.25,22.48828125,16.386951446533203,86800,0.0
2000-07-27,22.2109375,22.3046875,22.00390625,22.09765625,16.102310180664062,160000,0.0
2000-07-28,22.171875,22.18359375,21.390625,21.48046875,15.652572631835938,101200,0.0
2000-07-31,21.6015625,21.8125,21.4765625,21.62890625,15.760737419128418,111200,0.0
2000-08-01,21.6640625,21.8125,21.6015625,21.66015625,15.783509254455566,254400,0.0
2000-08-02,21.58984375,21.8828125,21.58984375,21.59765625,15.737963676452637,64800,0.0
2000-08-03,21.37109375,21.87890625,21.3046875,21.84375,15.91729736328125,80000,0.0
2000-08-04,22.0,22.03125,21.77734375,21.9140625,15.968527793884277,101600,0.0
2000-08-07,21.96484375,22.26171875,21.92578125,22.234375,16.201936721801758,64400,0.0
2000-08-08,22.140625,22.41015625,22.1328125,22.34375,16.281627655029297,99600,0.0
2000-08-09,22.49609375,22.49609375,22.1875,22.1875,16.167781829833984,37200,0.0
2000-08-10,22.0078125,22.109375,21.875,21.875,15.940058708190918,17200,0.0
2000-08-11,21.828125,22.00390625,21.6484375,21.953125,15.996988296508789,85600,0.0
2000-08-14,21.96875,22.28515625,21.90234375,22.28515625,16.23894691467285,35200,0.0
2000-08-15,22.2734375,22.3984375,22.2265625,22.2578125,16.21901512145996,13200,0.0
2000-08-16,22.296875,22.39453125,22.11328125,22.15625,16.145002365112305,62400,0.0
2000-08-17,22.19921875,22.4921875,22.19921875,22.4765625,16.378419876098633,30000,0.0
2000-08-18,22.3828125,22.49609375,22.3828125,22.49609375,16.392650604248047,10400,0.0
2000-08-21,22.56640625,22.67578125,22.40625,22.51953125,16.409727096557617,19600,0.0
2000-08-22,22.58984375,22.64453125,22.51171875,22.51171875,16.40403175354004,7200,0.0
2000-08-23,22.4296875,22.70703125,22.32421875,22.70703125,16.546350479125977,39600,0.0
2000-08-24,22.8046875,22.89453125,22.73828125,22.89453125,16.68297576904297,27600,0.0
2000-08-25,22.90234375,22.90234375,22.8125,22.84375,16.645978927612305,12000,0.0
2000-08-28,22.85546875,23.05859375,22.85546875,22.984375,16.748451232910156,11600,0.0
2000-08-29,22.8515625,22.95703125,22.8515625,22.890625,16.680137634277344,9600,0.0
2000-08-30,22.82421875,22.83984375,22.65625,22.671875,16.520734786987305,11600,0.0
2000-08-31,22.77734375,23.0546875,22.77734375,22.9140625,16.697214126586914,62000,0.0
2000-09-01,23.05859375,23.05859375,22.9375,22.9609375,16.731372833251953,315200,0.0
2000-09-05,22.82421875,22.82421875,22.53515625,22.6171875,16.480894088745117,25200,0.0
2000-09-06,22.578125,22.578125,22.1875,22.1875,16.167781829833984,20000,0.0
2000-09-07,22.23828125,22.41796875,22.20703125,22.41796875,16.335723876953125,3200,0.0
2000-09-08,22.29296875,22.29296875,22.1328125,22.14453125,16.13646125793457,32000,0.0
2000-09-11,22.0,22.03125,21.77734375,21.81640625,15.897374153137207,11200,0.0
2000-09-12,21.90625,21.98828125,21.75390625,21.75390625,15.851819038391113,7600,0.0
2000-09-13,21.4609375,21.8359375,21.4609375,21.8359375,15.911606788635254,514000,0.0
2000-09-14,21.97265625,21.97265625,21.77734375,21.77734375,15.868896484375,9200,0.0
2000-09-15,21.75390625,21.75390625,21.39453125,21.41015625,15.601327896118164,9200,0.0
2000-09-18,21.43359375,21.640625,21.13671875,21.14453125,15.407783508300781,81200,0.0
2000-09-19,21.33984375,21.625,21.296875,21.625,15.757896423339844,16400,0.0
2000-09-20,21.54296875,21.6484375,21.23046875,21.54296875,15.709737777709961,6400,0.016
2000-09-21,21.48828125,21.68359375,21.48828125,21.578125,15.735373497009277,20000,0.0
2000-09-22,20.90625,21.27734375,20.90625,21.27734375,15.516037940979004,35600,0.0
2000-09-25,21.53125,21.5390625,21.09375,21.09375,15.382147789001465,46400,0.0
2000-09-26,21.24609375,21.24609375,20.8359375,20.86328125,15.214086532592773,8400,0.0
2000-09-27,20.9296875,20.96875,20.609375,20.609375,15.028935432434082,12000,0.0
2000-09-28,20.98828125,21.25,20.98828125,21.25,15.496094703674316,129200,0.0
2000-09-29,21.04296875,21.0546875,20.6875,20.7421875,15.125784873962402,18400,0.0
2000-10-02,20.81640625,20.9453125,20.62890625,20.6953125,15.091605186462402,269200,0.0
2000-10-03,20.78515625,20.875,20.25,20.25,14.766868591308594,22400,0.0
2000-10-04,20.2265625,20.59375,20.05078125,20.58984375,15.014691352844238,119200,0.0
2000-10-05,20.58984375,20.63671875,20.54296875,20.63671875,15.048868179321289,14000,0.0
2000-10-06,20.5,20.5,20.0,20.26171875,14.77541446685791,160800,0.0
2000-10-09,20.171875,20.19921875,19.92578125,20.04296875,14.615899085998535,124000,0.0
2000-10-10,19.98828125,20.05078125,19.84375,19.94140625,14.541829109191895,54000,0.0
2000-10-11,19.4140625,19.74609375,19.08984375,19.39453125,14.143037796020508,48800,0.0
2000-10-12,19.51171875,19.51171875,18.8671875,18.9140625,13.792665481567383,45200,0.0
2000-10-13,18.8828125,19.7734375,18.8828125,19.7734375,14.419346809387207,119200,0.0
2000-10-16,19.71875,19.90625,19.6171875,19.828125,14.459224700927734,502400,0.0
2000-10-17,19.828125,19.859375,19.296875,19.34375,14.106001853942871,61600,0.0
2000-10-18,18.75,19.484375,18.5625,19.21875,14.014857292175293,154400,0.0
2000-10-19,19.7109375,20.09375,19.63671875,20.09375,14.652923583984375,175200,0.0
2000-10-20,20.09375,20.515625,20.05859375,20.2265625,14.749776840209961,179600,0.0
2000-10-23,20.21875,20.40625,20.03125,20.28125,14.789658546447754,72400,0.0
2000-10-24,20.26171875,20.390625,19.875,19.890625,14.504792213439941,148000,0.0
2000-10-25,19.56640625,19.78125,19.2734375,19.28125,14.060426712036133,124400,0.0
2000-10-26,19.234375,19.4765625,18.94140625,19.4140625,14.157281875610352,253200,0.0
2000-10-27,19.6640625,19.6875,19.453125,19.6328125,14.316797256469727,190000,0.0
2000-10-30,19.5625,19.6796875,19.2265625,19.484375,14.208555221557617,241600,0.0
2000-10-31,19.7421875,20.1875,19.72265625,20.125,14.675713539123535,177200,0.0
2000-11-01,20.046875,20.25,19.90625,20.125,14.675713539123535,106400,0.0
2000-11-02,20.21875,20.3515625,20.125,20.2890625,14.79534912109375,152000,0.0
2000-11-03,20.328125,20.3515625,20.1328125,20.28125,14.789658546447754,145200,0.0
2000-11-06,20.3359375,20.4609375,20.2421875,20.359375,14.846633911132812,130400,0.0
2000-11-07,20.234375,20.3671875,20.0703125,20.328125,14.823841094970703,237600,0.0
2000-11-08,20.3671875,20.4296875,19.6171875,19.6171875,14.305404663085938,629600,0.0
2000-11-09,19.34375,19.6796875,19.046875,19.5234375,14.237040519714355,256000,0.0
2000-11-10,19.265625,19.2734375,18.8515625,18.8515625,13.747092247009277,43600,0.0
2000-11-13,18.53125,18.9296875,18.140625,18.5625,13.536297798156738,594800,0.0
2000-11-14,19.0,19.4453125,18.9609375,19.3828125,14.134491920471191,185200,0.0
2000-11-15,19.421875,19.640625,19.28125,19.5390625,14.248434066772461,131600,0.0
2000-11-16,19.359375,19.46875,19.125,19.125,13.946489334106445,159600,0.0
2000-11-17,19.03125,19.359375,18.90625,19.0859375,13.91800594329834,109200,0.0
2000-11-20,18.8125,18.9140625,18.6484375,18.65625,13.604670524597168,227200,0.0
2000-11-21,18.734375,18.9453125,18.5859375,18.765625,13.684414863586426,186400,0.0
2000-11-22,18.609375,18.7578125,18.3828125,18.484375,13.47932243347168,235200,0.0
2000-11-24,18.515625,18.625,18.515625,18.59375,13.559086799621582,65600,0.0
2000-11-27,19.03125,19.125,18.875,18.9375,13.809762001037598,118000,0.0
2000-11-28,18.8125,18.90625,18.4765625,18.4765625,13.473627090454102,467600,0.0
2000-11-29,18.515625,18.6640625,18.28125,18.4140625,13.42805004119873,209200,0.0
2000-11-30,18.09375,18.1640625,17.703125,17.9609375,13.09762191772461,392800,0.0
2000-12-01,18.1953125,18.3515625,17.875,17.9609375,13.09762191772461,585200,0.0
2000-12-04,18.015625,18.2578125,17.8671875,18.203125,13.274229049682617,280400,0.0
2000-12-05,18.46875,19.1640625,18.4609375,19.1015625,13.929398536682129,224400,0.0
2000-12-06,19.0,19.1875,18.6953125,18.7421875,13.667329788208008,166000,0.0
2000-12-07,18.546875,18.6171875,18.453125,18.5546875,13.530598640441895,86800,0.0
2000-12-08,18.921875,19.125,18.7890625,18.984375,13.843935012817383,66000,0.0
2000-12-11,19.09375,19.3984375,19.078125,19.3125,14.083224296569824,104800,0.0
2000-12-12,19.203125,19.203125,18.96875,18.96875,13.832548141479492,102800,0.0
2000-12-13,19.21875,19.21875,18.6328125,18.6328125,13.619701385498047,364000,0.04475
2000-12-14,18.6015625,18.65625,18.46875,18.46875,13.49977970123291,105600,0.0
2000-12-15,18.0,18.0625,17.640625,17.8125,13.020088195800781,88800,0.0
2000-12-18,18.0390625,18.0390625,17.640625,17.75,12.974408149719238,127600,0.0
2000-12-19,17.75,18.2109375,17.3828125,17.3828125,12.706005096435547,552000,0.0
2000-12-20,16.8828125,17.02734375,16.5390625,16.7109375,12.2149019241333,108800,0.0
2000-12-21,16.75,16.984375,16.5,16.7109375,12.2149019241333,884000,0.0
2000-12-22,17.0,17.328125,16.984375,17.25,12.608931541442871,415200,0.0
2000-12-26,17.46875,17.50390625,17.0546875,17.25,12.608931541442871,202800,0.0
2000-12-27,17.234375,17.55859375,17.19921875,17.37890625,12.703155517578125,414000,0.0
2000-12-28,17.375,17.5,17.3125,17.4296875,12.740270614624023,359200,0.0
2000-12-29,17.40625,17.5,17.0625,17.0625,12.47187328338623,1297600,0.0
2001-01-02,17.0625,17.0625,16.3359375,16.3359375,11.940801620483398,278400,0.0
2001-01-03,16.53125,17.546875,16.4140625,17.375,12.700301170349121,272400,0.0
2001-01-04,17.42578125,17.4375,17.05078125,17.1328125,12.523276329040527,105600,0.0
2001-01-05,16.9765625,16.9765625,16.5625,16.5703125,12.112112998962402,44000,0.0
2001-01-08,16.53125,16.53125,16.23046875,16.23046875,11.863697052001953,60000,0.0
2001-01-09,16.75,16.8671875,16.6015625,16.71875,12.220612525939941,116800,0.0
2001-01-10,16.5,16.84375,16.43359375,16.828125,12.300565719604492,177200,0.0
2001-01-11,16.8828125,17.14453125,16.76953125,17.0,12.426192283630371,56800,0.0
2001-01-12,17.05078125,17.203125,16.859375,16.921875,12.369086265563965,100000,0.0
2001-01-16,16.984375,17.0625,16.90625,17.0078125,12.431902885437012,201200,0.0
2001-01-17,17.375,17.43359375,17.08203125,17.09375,12.49471664428711,48400,0.0
2001-01-18,17.1796875,17.6171875,17.1796875,17.515625,12.80309772491455,110400,0.0
2001-01-19,17.67578125,17.67578125,17.42578125,17.5,12.791666984558105,164800,0.0
2001-01-22,17.4375,17.65625,17.375,17.4375,12.74598503112793,84400,0.0
2001-01-23,17.546875,17.78125,17.453125,17.76171875,12.9829683303833,300000,0.0
2001-01-24,17.71875,17.890625,17.71875,17.8125,13.020088195800781,443600,0.0
2001-01-25,17.78125,17.84375,17.65625,17.65625,12.90588092803955,132800,0.0
2001-01-26,17.609375,17.7265625,17.5546875,17.6328125,12.888747215270996,88800,0.0
2001-01-29,17.612499237060547,17.7549991607666,17.612499237060547,17.71500015258789,12.948826789855957,48400,0.0
2001-01-30,17.764999389648438,17.864999771118164,17.690000534057617,17.809999465942383,13.01826000213623,366400,0.0
2001-01-31,17.799999237060547,17.9375,17.649999618530273,17.649999618530273,12.901312828063965,390800,0.0
2001-02-01,17.68000030517578,17.7549991607666,17.584999084472656,17.7549991607666,12.97806453704834,55200,0.0
2001-02-02,17.780000686645508,17.787500381469727,17.420000076293945,17.420000076293945,12.733192443847656,66000,0.0
2001-02-05,17.325000762939453,17.399999618530273,17.299999237060547,17.3700008392334,12.69665241241455,69200,0.0
2001-02-06,17.545000076293945,17.600000381469727,17.357500076293945,17.417499542236328,12.731366157531738,327200,0.0
2001-02-07,17.315000534057617,17.315000534057617,17.139999389648438,17.162500381469727,12.544967651367188,62400,0.0
2001-02-08,17.309999465942383,17.350000381469727,17.05500030517578,17.05500030517578,12.466390609741211,28800,0.0
2001-02-09,16.887500762939453,16.982500076293945,16.647499084472656,16.697500228881836,12.205081939697266,216800,0.0
2001-02-12,16.662500381469727,16.969999313354492,16.655000686645508,16.969999313354492,12.404266357421875,629600,0.0
2001-02-13,16.99250030517578,17.05500030517578,16.6875,16.69499969482422,12.203250885009766,667200,0.0
2001-02-14,16.739999771118164,16.8174991607666,16.53499984741211,16.7450008392334,12.239802360534668,43200,0.0
2001-02-15,16.912500381469727,17.0625,16.912500381469727,17.0,12.426192283630371,628800,0.0
2001-02-16,16.65250015258789,16.6825008392334,16.440000534057617,16.600000381469727,12.133808135986328,673200,0.0
2001-02-20,16.6299991607666,16.6299991607666,16.200000762939453,16.237499237060547,11.868837356567383,82000,0.0
2001-02-21,16.1299991607666,16.3075008392334,15.850000381469727,15.857500076293945,11.591078758239746,49600,0.0
2001-02-22,15.899999618530273,15.944999694824219,15.612500190734863,15.6850004196167,11.464993476867676,61200,0.0
2001-02-23,15.662500381469727,15.797499656677246,15.319999694824219,15.797499656677246,11.547222137451172,83200,0.0
2001-02-26,15.895000457763672,16.0575008392334,15.680000305175781,16.0575008392334,11.737268447875977,423600,0.0
2001-02-27,15.967499732971191,16.045000076293945,15.739999771118164,15.807499885559082,11.554532051086426,407200,0.0
2001-02-28,15.904999732971191,15.904999732971191,15.430000305175781,15.539999961853027,11.359004020690918,40800,0.0
2001-03-01,15.53499984741211,15.595000267028809,15.180000305175781,15.595000267028809,11.399206161499023,129600,0.0
2001-03-02,15.337499618530273,15.664999961853027,15.3100004196167,15.329999923706055,11.205503463745117,442800,0.0
2001-03-05,15.407500267028809,15.462499618530273,15.319999694824219,15.462499618530273,11.302349090576172,469600,0.0
2001-03-06,15.717499732971191,15.817500114440918,15.600000381469727,15.600000381469727,11.40285873413086,175600,0.0
2001-03-07,15.710000038146973,15.710000038146973,15.547499656677246,15.595000267028809,11.399206161499023,73600,0.0
2001-03-08,15.664999961853027,15.664999961853027,15.482500076293945,15.567500114440918,11.379103660583496,50800,0.0
2001-03-09,15.329999923706055,15.369999885559082,14.967499732971191,15.050000190734863,11.000835418701172,448000,0.0
2001-03-12,14.795000076293945,14.795000076293945,14.204999923706055,14.204999923706055,10.398380279541016,524800,0.022
2001-03-13,14.392499923706055,14.662500381469727,14.255000114440918,14.609999656677246,10.694849014282227,497200,0.0
2001-03-14,14.289999961853027,14.432499885559082,14.132499694824219,14.295000076293945,10.464262962341309,73200,0.0
2001-03-15,14.529999732971191,14.529999732971191,14.297499656677246,14.3125,10.477075576782227,123600,0.0
2001-03-16,14.217499732971191,14.225000381469727,13.960000038146973,13.960000038146973,10.219036102294922,147200,0.0
2001-03-19,14.104999542236328,14.289999961853027,13.9375,14.225000381469727,10.413021087646484,589200,0.0
2001-03-20,14.305000305175781,14.397500038146973,13.800000190734863,13.800000190734863,10.101912498474121,581200,0.0
2001-03-21,13.84749984741211,13.930000305175781,13.567500114440918,13.567500114440918,9.931715965270996,88800,0.0
2001-03-22,13.567500114440918,13.800000190734863,13.234999656677246,13.675000190734863,10.010409355163574,189200,0.0
2001-03-23,13.917499542236328,14.055000305175781,13.729999542236328,14.024999618530273,10.266615867614746,308800,0.0
2001-03-26,14.217499732971191,14.217499732971191,14.032500267028809,14.117500305175781,10.334334373474121,275200,0.0
2001-03-27,14.117500305175781,14.494999885559082,14.092499732971191,14.494999885559082,10.61067008972168,62400,0.0
2001-03-28,14.289999961853027,14.295000076293945,14.074999809265137,14.147500038146973,10.356287956237793,438400,0.0
2001-03-29,14.072500228881836,14.242500305175781,13.880000114440918,13.975000381469727,10.230018615722656,108800,0.0
2001-03-30,14.125,14.212499618530273,13.90999984741211,14.125,10.339821815490723,164400,0.0
2001-04-02,14.192500114440918,14.22249984741211,13.824999809265137,13.930000305175781,10.197074890136719,32400,0.0
2001-04-03,13.842499732971191,13.842499732971191,13.295000076293945,13.354999542236328,9.776159286499023,82800,0.0
2001-04-04,13.417499542236328,13.569999694824219,13.220000267028809,13.255000114440918,9.702960968017578,45600,0.0
2001-04-05,13.729999542236328,14.0625,13.712499618530273,13.975000381469727,10.230018615722656,214400,0.0
2001-04-06,13.819999694824219,13.890000343322754,13.680000305175781,13.800000190734863,10.101912498474121,298800,0.0
2001-04-09,13.84000015258789,13.962499618530273,13.664999961853027,13.824999809265137,10.120214462280273,73200,0.0
2001-04-10,14.03499984741211,14.292499542236328,14.015000343322754,14.234999656677246,10.420343399047852,66400,0.0
2001-04-11,14.382499694824219,14.412500381469727,14.140000343322754,14.242500305175781,10.425838470458984,140400,0.0
2001-04-12,14.172499656677246,14.492500305175781,14.142499923706055,14.470000267028809,10.592365264892578,186800,0.0
2001-04-16,14.467499732971191,14.489999771118164,14.272500038146973,14.274999618530273,10.449618339538574,260400,0.0
2001-04-17,14.1899995803833,14.555000305175781,14.1899995803833,14.547499656677246,10.649099349975586,415200,0.0
2001-04-18,14.854999542236328,15.5,14.824999809265137,15.257499694824219,11.16883373260498,244400,0.0
2001-04-19,15.3125,15.632499694824219,15.25,15.632499694824219,11.443344116210938,155200,0.0
2001-04-20,15.515000343322754,15.545000076293945,15.300000190734863,15.449999809265137,11.309743881225586,164000,0.0
2001-04-23,15.354999542236328,15.354999542236328,15.012499809265137,15.100000381469727,11.053543090820312,105600,0.0
2001-04-24,15.03499984741211,15.21500015258789,14.805000305175781,14.805000305175781,10.837592124938965,85600,0.0
2001-04-25,14.827500343322754,15.197500228881836,14.8149995803833,15.140000343322754,11.082822799682617,192000,0.0
2001-04-26,15.217499732971191,15.375,15.09749984741211,15.1899995803833,11.119421005249023,159600,0.0
2001-04-27,15.332500457763672,15.387499809265137,15.1875,15.387499809265137,11.263997077941895,63600,0.0
2001-04-30,15.5600004196167,15.6850004196167,15.354999542236328,15.380000114440918,11.258506774902344,143600,0.0
2001-05-01,15.375,15.692500114440918,15.307499885559082,15.675000190734863,11.474451065063477,135200,0.0
2001-05-02,15.795000076293945,15.887499809265137,15.642499923706055,15.77750015258789,11.549484252929688,84000,0.0
2001-05-03,15.619999885559082,15.619999885559082,15.40250015258789,15.524999618530273,11.364653587341309,71600,0.0
2001-05-04,15.289999961853027,15.817500114440918,15.28499984741211,15.770000457763672,11.543994903564453,73200,0.0
2001-05-07,15.774999618530273,15.84749984741211,15.725000381469727,15.755000114440918,11.533015251159668,91600,0.0
2001-05-08,15.829999923706055,15.829999923706055,15.649999618530273,15.819999694824219,11.580594062805176,112400,0.0
2001-05-09,15.607500076293945,15.797499656677246,15.59000015258789,15.645000457763672,11.452495574951172,78800,0.0
2001-05-10,15.829999923706055,15.842499732971191,15.625,15.6274995803833,11.439682960510254,341200,0.0
2001-05-11,15.65999984741211,15.6850004196167,15.430000305175781,15.489999771118164,11.339030265808105,97600,0.0
2001-05-14,15.479999542236328,15.5,15.375,15.479999542236328,11.331710815429688,196400,0.0
2001-05-15,15.524999618530273,15.567500114440918,15.40250015258789,15.487500190734863,11.337203025817871,96800,0.0
2001-05-16,15.404999732971191,16.00749969482422,15.404999732971191,15.987500190734863,11.703214645385742,128000,0.0
2001-05-17,15.962499618530273,16.139999389648438,15.947500228881836,16.020000457763672,11.727004051208496,162800,0.0
2001-05-18,16.012500762939453,16.0674991607666,15.8725004196167,16.047500610351562,11.747130393981934,65600,0.0
2001-05-21,16.047500610351562,16.417499542236328,16.020000457763672,16.417499542236328,12.01798152923584,200400,0.0
2001-05-22,16.44499969482422,16.467500686645508,16.30500030517578,16.327499389648438,11.952099800109863,164800,0.0
2001-05-23,16.30500030517578,16.30500030517578,16.059999465942383,16.059999465942383,11.7562837600708,83600,0.0
2001-05-24,16.075000762939453,16.145000457763672,15.907500267028809,16.1299991607666,11.807522773742676,144400,0.0
2001-05-25,16.079999923706055,16.079999923706055,15.897500038146973,15.90999984741211,11.646479606628418,66400,0.0
2001-05-29,15.8149995803833,15.837499618530273,15.675000190734863,15.72249984741211,11.50922679901123,55600,0.0
2001-05-30,15.5600004196167,15.635000228881836,15.3774995803833,15.412500381469727,11.282299995422363,108400,0.0
2001-05-31,15.454999923706055,15.585000038146973,15.387499809265137,15.475000381469727,11.328045845031738,254000,0.0
2001-06-01,15.510000228881836,15.667499542236328,15.454999923706055,15.557499885559082,11.388442993164062,132400,0.0
2001-06-04,15.625,15.6875,15.552499771118164,15.662500381469727,11.465303421020508,66000,0.0
2001-06-05,15.742500305175781,15.994999885559082,15.742500305175781,15.957500457763672,11.68124771118164,84000,0.0
2001-06-06,15.9350004196167,15.989999771118164,15.795000076293945,15.805000305175781,11.569618225097656,69200,0.0
2001-06-07,15.805000305175781,15.96500015258789,15.765000343322754,15.96500015258789,11.68674087524414,161600,0.0
2001-06-08,15.904999732971191,15.912500381469727,15.657500267028809,15.765000343322754,11.540335655212402,94800,0.0
2001-06-11,15.675000190734863,15.717499732971191,15.484999656677246,15.595000267028809,11.426581382751465,242400,0.01475
2001-06-12,15.442500114440918,15.732500076293945,15.317500114440918,15.6274995803833,11.450393676757812,46400,0.0
2001-06-13,15.600000381469727,15.647500038146973,15.387499809265137,15.387499809265137,11.27454662322998,349600,0.0
2001-06-14,15.327500343322754,15.327500343322754,15.180000305175781,15.180000305175781,11.12250804901123,60000,0.0
2001-06-15,15.007499694824219,15.167499542236328,14.90999984741211,15.055000305175781,11.030921936035156,2105600,0.0
2001-06-18,15.042499542236328,15.157500267028809,15.015000343322754,15.055000305175781,11.030921936035156,84000,0.0
2001-06-19,15.292499542236328,15.295000076293945,15.057499885559082,15.0625,11.03641414642334,63600,0.0
2001-06-20,15.104999542236328,15.369999885559082,15.082500457763672,15.350000381469727,11.247071266174316,200400,0.0
2001-06-21,15.324999809265137,15.607500076293945,15.305000305175781,15.479999542236328,11.342325210571289,90800,0.0
2001-06-22,15.454999923706055,15.454999923706055,15.3125,15.329999923706055,11.232414245605469,76800,0.0
2001-06-25,15.390000343322754,15.404999732971191,15.180000305175781,15.25,11.173799514770508,55200,0.0
2001-06-26,15.137499809265137,15.3100004196167,15.100000381469727,15.2524995803833,11.175629615783691,59600,0.0
2001-06-27,15.220000267028809,15.274999618530273,15.087499618530273,15.157500267028809,11.1060209274292,83200,0.0
2001-06-28,15.217499732971191,15.545000076293945,15.217499732971191,15.375,11.265387535095215,1220000,0.0
2001-06-29,15.382499694824219,15.5600004196167,15.3125,15.337499618530273,11.237908363342285,1242800,0.0
2001-07-02,15.237500190734863,15.524999618530273,15.212499618530273,15.407500267028809,11.289198875427246,88400,0.0
2001-07-03,15.380000114440918,15.4375,15.332500457763672,15.414999961853027,11.294694900512695,72800,0.0
2001-07-05,15.329999923706055,15.357500076293945,15.079999923706055,15.079999923706055,11.049237251281738,115600,0.0
2001-07-06,15.0,15.0,14.734999656677246,14.774999618530273,10.825766563415527,85200,0.0
2001-07-09,14.767499923706055,14.920000076293945,14.767499923706055,14.890000343322754,10.910027503967285,111600,0.0
2001-07-10,14.9350004196167,14.9350004196167,14.577500343322754,14.619999885559082,10.712189674377441,36400,0.0
2001-07-11,14.592499732971191,14.692500114440918,14.47249984741211,14.637499809265137,10.725013732910156,58400,0.0
2001-07-12,14.854999542236328,15.079999923706055,14.854999542236328,15.072500228881836,11.043744087219238,63200,0.0
2001-07-13,15.042499542236328,15.217499732971191,15.020000457763672,15.177499771118164,11.120678901672363,97200,0.0
2001-07-16,15.162500381469727,15.1899995803833,14.949999809265137,14.987500190734863,10.981464385986328,61600,0.0
2001-07-17,14.9375,15.1875,14.912500381469727,15.167499542236328,11.113347053527832,122000,0.0
2001-07-18,15.114999771118164,15.182499885559082,14.994999885559082,15.145000457763672,11.096863746643066,106000,0.0
2001-07-19,15.305000305175781,15.397500038146973,15.172499656677246,15.227499961853027,11.15731143951416,66000,0.0
2001-07-20,15.180000305175781,15.25,15.114999771118164,15.212499618530273,11.146327018737793,134000,0.0
2001-07-23,15.2475004196167,15.257499694824219,14.90250015258789,14.932499885559082,10.94116497039795,20800,0.0
2001-07-24,14.880000114440918,14.922499656677246,14.654999732971191,14.6875,10.761653900146484,91200,0.0
2001-07-25,14.832500457763672,14.925000190734863,14.772500038146973,14.922499656677246,10.933833122253418,29200,0.0
2001-07-26,14.897500038146973,15.057499885559082,14.8100004196167,15.017499923706055,11.003443717956543,79200,0.0
2001-07-27,15.109999656677246,15.109999656677246,14.962499618530273,15.087499618530273,11.054732322692871,53200,0.0
2001-07-30,15.130000114440918,15.130000114440918,14.96500015258789,15.039999961853027,11.019935607910156,149200,0.0
2001-07-31,15.092499732971191,15.34749984741211,15.074999809265137,15.197500228881836,11.135326385498047,5263600,0.0
2001-08-01,15.197500228881836,15.319999694824219,15.180000305175781,15.192500114440918,11.131668090820312,67200,0.0
2001-08-02,15.335000038146973,15.382499694824219,15.204999923706055,15.297499656677246,11.208602905273438,196000,0.0
2001-08-03,15.265000343322754,15.265000343322754,15.102499961853027,15.197500228881836,11.135326385498047,222000,0.0
2001-08-06,15.149999618530273,15.149999618530273,14.989999771118164,15.007499694824219,10.996115684509277,26800,0.0
2001-08-07,14.975000381469727,15.104999542236328,14.942500114440918,15.079999923706055,11.049237251281738,28400,0.0
2001-08-08,15.017499923706055,15.135000228881836,14.8125,14.8125,10.853240966796875,32400,0.0
2001-08-09,14.7524995803833,14.862500190734863,14.732500076293945,14.8149995803833,10.855071067810059,64000,0.0
2001-08-10,14.817500114440918,14.9399995803833,14.677499771118164,14.9399995803833,10.946660041809082,80400,0.0
2001-08-13,14.952500343322754,14.962499618530273,14.875,14.907500267028809,10.922847747802734,67600,0.0
2001-08-14,15.010000228881836,15.020000457763672,14.920000076293945,14.9399995803833,10.946660041809082,61200,0.0
2001-08-15,14.957500457763672,14.970000267028809,14.765000343322754,14.789999961853027,10.836752891540527,114000,0.0
2001-08-16,14.699999809265137,14.835000038146973,14.619999885559082,14.8149995803833,10.855071067810059,53200,0.0
2001-08-17,14.649999618530273,14.717499732971191,14.470000267028809,14.545000076293945,10.657242774963379,80000,0.0
2001-08-20,14.617500305175781,14.742500305175781,14.587499618530273,14.742500305175781,10.801949501037598,77600,0.0
2001-08-21,14.770000457763672,14.817500114440918,14.479999542236328,14.479999542236328,10.609610557556152,45600,0.0
2001-08-22,14.550000190734863,14.6225004196167,14.430000305175781,14.609999656677246,10.704867362976074,44400,0.0
2001-08-23,14.557499885559082,14.680000305175781,14.557499885559082,14.609999656677246,10.704867362976074,52400,0.0
2001-08-24,14.630000114440918,14.930000305175781,14.6225004196167,14.930000305175781,10.9393310546875,29200,0.0
2001-08-27,14.90999984741211,14.9375,14.8149995803833,14.897500038146973,10.915519714355469,120800,0.0
2001-08-28,14.779999732971191,14.832500457763672,14.577500343322754,14.582500457763672,10.684710502624512,69600,0.0
2001-08-29,14.65250015258789,14.65250015258789,14.397500038146973,14.427499771118164,10.571146011352539,166000,0.0
2001-08-30,14.305000305175781,14.40250015258789,14.0649995803833,14.107500076293945,10.336679458618164,130800,0.0
2001-08-31,14.15999984741211,14.244999885559082,14.082500457763672,14.140000343322754,10.360488891601562,72400,0.0
2001-09-04,14.15999984741211,14.475000381469727,14.140000343322754,14.140000343322754,10.360488891601562,101600,0.0
2001-09-05,14.050000190734863,14.297499656677246,13.975000381469727,14.239999771118164,10.433761596679688,138000,0.0
2001-09-06,14.09000015258789,14.162500381469727,13.899999618530273,13.912500381469727,10.193803787231445,5296800,0.0
2001-09-07,13.75,13.869999885559082,13.585000038146973,13.6899995803833,10.030771255493164,65200,0.0
2001-09-10,13.567500114440918,13.850000381469727,13.479999542236328,13.779999732971191,10.09671688079834,336000,0.0
2001-09-17,13.0,13.5,13.0,13.212499618530273,9.680907249450684,286000,0.0
2001-09-18,13.125,13.350000381469727,13.112500190734863,13.199999809265137,9.67175006866455,294400,0.0
2001-09-19,13.25,13.25,12.5,13.050000190734863,9.561840057373047,708400,0.0
2001-09-20,12.625,12.782500267028809,12.5,12.625,9.250439643859863,447200,0.0
2001-09-21,12.050000190734863,12.625,12.0,12.3125,9.021471977233887,432400,0.0
2001-09-24,12.600000381469727,12.869999885559082,12.5625,12.782500267028809,9.36584186553955,328000,0.0
2001-09-25,12.875,13.012499809265137,12.717499732971191,12.887499809265137,9.442773818969727,294800,0.0
2001-09-26,13.0,13.0625,12.795000076293945,12.869999885559082,9.429953575134277,276000,0.0
2001-09-27,12.925000190734863,13.037500381469727,12.75,13.024999618530273,9.543519020080566,44000,0.0
2001-09-28,13.1875,13.225000381469727,13.0625,13.212499618530273,9.680907249450684,202800,0.0
2001-10-01,13.164999961853027,13.2475004196167,13.074999809265137,13.1875,9.662586212158203,150400,0.0
2001-10-02,13.182499885559082,13.324999809265137,13.135000228881836,13.324999809265137,9.789875030517578,82800,0.03575
2001-10-03,13.217499732971191,13.647500038146973,13.197500228881836,13.587499618530273,9.982739448547363,181200,0.0
2001-10-04,13.6875,13.7475004196167,13.555000305175781,13.5649995803833,9.966206550598145,166800,0.0
2001-10-05,13.5,13.6875,13.359999656677246,13.647500038146973,10.026816368103027,118400,0.0
2001-10-08,13.462499618530273,13.6274995803833,13.462499618530273,13.574999809265137,9.973551750183105,183600,0.0
2001-10-09,13.545000076293945,13.545000076293945,13.432499885559082,13.492500305175781,9.91293716430664,80800,0.0
2001-10-10,13.375,13.800000190734863,13.375,13.800000190734863,10.1388578414917,131200,0.0
2001-10-11,13.960000038146973,13.987500190734863,13.822500228881836,13.96500015258789,10.260085105895996,106000,0.0
2001-10-12,13.78499984741211,13.917499542236328,13.664999961853027,13.912500381469727,10.221513748168945,89200,0.0
2001-10-15,13.835000038146973,13.952500343322754,13.774999618530273,13.9350004196167,10.238042831420898,320000,0.0
2001-10-16,13.9375,14.0625,13.842499732971191,13.984999656677246,10.274779319763184,96000,0.0
2001-10-17,14.074999809265137,14.100000381469727,13.712499618530273,13.732500076293945,10.089265823364258,164400,0.0
2001-10-18,13.720000267028809,13.807499885559082,13.649999618530273,13.692500114440918,10.059880256652832,174000,0.0
2001-10-19,13.712499618530273,13.859999656677246,13.600000381469727,13.859999656677246,10.182942390441895,74800,0.0
2001-10-22,13.8149995803833,14.0625,13.787500381469727,14.0600004196167,10.329880714416504,201600,0.0
2001-10-23,14.119999885559082,14.140000343322754,13.8725004196167,13.9399995803833,10.241713523864746,141600,0.0
2001-10-24,13.952500343322754,14.085000038146973,13.880000114440918,14.005000114440918,10.289469718933105,136800,0.0
2001-10-25,13.84000015258789,14.175000190734863,13.727499961853027,14.175000190734863,10.414372444152832,147600,0.0
2001-10-26,14.142499923706055,14.262499809265137,14.09749984741211,14.149999618530273,10.39599895477295,333200,0.0
2001-10-29,14.15250015258789,14.15250015258789,13.852499961853027,13.895000457763672,10.208658218383789,80000,0.0
2001-10-30,13.720000267028809,13.737500190734863,13.5625,13.630000114440918,10.013954162597656,176400,0.0
2001-10-31,13.6899995803833,13.84000015258789,13.632499694824219,13.632499694824219,10.015792846679688,121200,0.0
2001-11-01,13.680000305175781,14.047499656677246,13.675000190734863,14.022500038146973,10.302327156066895,82800,0.0
2001-11-02,13.952500343322754,14.107500076293945,13.944999694824219,14.09000015258789,10.351919174194336,79600,0.0
2001-11-05,14.265000343322754,14.319999694824219,14.210000038146973,14.279999732971191,10.4915132522583,62800,0.0
2001-11-06,14.227499961853027,14.532500267028809,14.227499961853027,14.489999771118164,10.645797729492188,125600,0.0
2001-11-07,14.484999656677246,14.630000114440918,14.4399995803833,14.4399995803833,10.609065055847168,195200,0.0
2001-11-08,14.59000015258789,14.739999771118164,14.449999809265137,14.454999923706055,10.620086669921875,255600,0.0
2001-11-09,14.489999771118164,14.547499656677246,14.352499961853027,14.515000343322754,10.664167404174805,86800,0.0
2001-11-12,14.324999809265137,14.5649995803833,14.199999809265137,14.470000267028809,10.631102561950684,137600,0.0
2001-11-13,14.697500228881836,14.767499923706055,14.6274995803833,14.7475004196167,10.834982872009277,500400,0.0
2001-11-14,14.914999961853027,14.914999961853027,14.675000190734863,14.8100004196167,10.880904197692871,313200,0.0
2001-11-15,14.8149995803833,14.9399995803833,14.772500038146973,14.835000038146973,10.899271011352539,306400,0.0
2001-11-16,14.895000457763672,14.895000457763672,14.702500343322754,14.795000076293945,10.869882583618164,263600,0.0
2001-11-19,14.885000228881836,14.97249984741211,14.824999809265137,14.944999694824219,10.98008918762207,256800,0.0
2001-11-20,14.922499656677246,14.970000267028809,14.819999694824219,14.837499618530273,10.901107788085938,164800,0.0
2001-11-21,14.765000343322754,14.827500343322754,14.72249984741211,14.8149995803833,10.884576797485352,166000,0.0
2001-11-23,14.824999809265137,14.982500076293945,14.800000190734863,14.962499618530273,10.992944717407227,50800,0.0
2001-11-26,15.015000343322754,15.077500343322754,14.765000343322754,15.050000190734863,11.057228088378906,229600,0.0
2001-11-27,15.005000114440918,15.137499809265137,14.824999809265137,14.927499771118164,10.967230796813965,182000,0.0
2001-11-28,14.875,14.899999618530273,14.672499656677246,14.672499656677246,10.779881477355957,377600,0.0
2001-11-29,14.739999771118164,14.8725004196167,14.680000305175781,14.859999656677246,10.917634963989258,692000,0.0
2001-11-30,14.897500038146973,14.917499542236328,14.819999694824219,14.819999694824219,10.888248443603516,249600,0.0
2001-12-03,14.8100004196167,14.8100004196167,14.699999809265137,14.774999618530273,10.855192184448242,147200,0.0
2001-12-04,14.774999618530273,14.925000190734863,14.725000381469727,14.925000190734863,10.965394973754883,135600,0.0
2001-12-05,15.037500381469727,15.287500381469727,14.992500305175781,15.234999656677246,11.19315242767334,482000,0.0
2001-12-06,15.21500015258789,15.28499984741211,15.137499809265137,15.212499618530273,11.176623344421387,287200,0.0
2001-12-07,15.112500190734863,15.157500267028809,14.987500190734863,15.050000190734863,11.057228088378906,101200,0.0
2001-12-10,15.039999961853027,15.087499618530273,14.842499732971191,14.8725004196167,10.926823616027832,178400,0.0
2001-12-11,14.947500228881836,15.005000114440918,14.757499694824219,14.77750015258789,10.85702896118164,141200,0.0
2001-12-12,14.862500190734863,14.897500038146973,14.619999885559082,14.8100004196167,10.880904197692871,587200,0.0
2001-12-13,14.702500343322754,14.767499923706055,14.5649995803833,14.5649995803833,10.700904846191406,297600,0.0
2001-12-14,14.529999732971191,14.762499809265137,14.529999732971191,14.654999732971191,10.7670259475708,216800,0.0
2001-12-17,14.670000076293945,14.895000457763672,14.670000076293945,14.84749984741211,10.929150581359863,166800,0.02775
2001-12-18,14.9399995803833,15.007499694824219,14.887499809265137,14.979999542236328,11.026678085327148,182400,0.0
2001-12-19,14.802499771118164,15.09000015258789,14.802499771118164,15.050000190734863,11.078206062316895,285600,0.0
2001-12-20,14.975000381469727,15.037500381469727,14.899999618530273,14.899999618530273,10.96779727935791,391600,0.0
2001-12-21,15.005000114440918,15.032500267028809,14.895000457763672,14.954999923706055,11.008279800415039,329200,0.0
2001-12-24,15.0024995803833,15.037500381469727,14.954999923706055,14.992500305175781,11.035886764526367,104400,0.0
2001-12-26,14.952500343322754,15.1875,14.952500343322754,15.012499809265137,11.050604820251465,108400,0.0
2001-12-27,15.039999961853027,15.09000015258789,14.989999771118164,15.09000015258789,11.107654571533203,136000,0.0
2001-12-28,15.145000457763672,15.175000190734863,15.012499809265137,15.0600004196167,11.085570335388184,216000,0.0
2001-12-31,15.0600004196167,15.074999809265137,14.807499885559082,14.827500343322754,10.9144287109375,211200,0.0
2002-01-02,14.882499694824219,14.984999656677246,14.71500015258789,14.967499732971191,11.017477035522461,283200,0.0
2002-01-03,14.9975004196167,15.154999732971191,14.957500457763672,15.15250015258789,11.153661727905273,329200,0.0
2002-01-04,15.239999771118164,15.302499771118164,15.057499885559082,15.210000038146973,11.1959867477417,304400,0.0
2002-01-07,15.239999771118164,15.239999771118164,15.0,15.042499542236328,11.072687149047852,176400,0.0
2002-01-08,15.03499984741211,15.1274995803833,15.0,15.0,11.041402816772461,148800,0.0
2002-01-09,15.132499694824219,15.274999618530273,14.949999809265137,14.96500015258789,11.015644073486328,965200,0.0
2002-01-10,14.975000381469727,15.085000038146973,14.9375,15.017499923706055,11.05428695678711,108000,0.0
2002-01-11,15.077500343322754,15.100000381469727,14.954999923706055,15.0024995803833,11.043243408203125,127600,0.0
2002-01-14,14.887499809265137,14.970000267028809,14.850000381469727,14.859999656677246,10.938347816467285,180400,0.0
2002-01-15,14.904999732971191,15.007499694824219,14.824999809265137,14.922499656677246,10.984354972839355,101600,0.0
2002-01-16,14.852499961853027,14.920000076293945,14.727499961853027,14.75,10.857379913330078,222800,0.0
2002-01-17,14.8125,14.9350004196167,14.78499984741211,14.9350004196167,10.993562698364258,152400,0.0
2002-01-18,14.77750015258789,14.862500190734863,14.6875,14.71500015258789,10.831616401672363,188400,0.0
2002-01-22,14.84000015258789,14.84000015258789,14.587499618530273,14.657500267028809,10.78929328918457,582400,0.0
2002-01-23,14.692500114440918,14.800000190734863,14.625,14.72249984741211,10.837139129638672,107200,0.0
2002-01-24,14.805000305175781,14.842499732971191,14.71500015258789,14.75,10.857379913330078,230800,0.0
2002-01-25,14.657500267028809,14.8149995803833,14.657500267028809,14.702500343322754,10.82241439819336,152800,0.0
2002-01-28,14.757499694824219,14.822500228881836,14.647500038146973,14.729999542236328,10.842653274536133,400800,0.0
2002-01-29,14.819999694824219,14.824999809265137,14.352499961853027,14.407500267028809,10.605271339416504,293200,0.0
2002-01-30,14.412500381469727,14.649999618530273,14.322500228881836,14.642499923706055,10.778251647949219,149600,0.0
2002-01-31,14.712499618530273,14.819999694824219,14.602499961853027,14.8100004196167,10.901544570922852,172800,0.0
2002-02-01,14.802499771118164,14.8149995803833,14.670000076293945,14.755000114440918,10.861063957214355,80800,0.0
2002-02-04,14.672499656677246,14.697500228881836,14.390000343322754,14.4399995803833,10.629195213317871,210000,0.0
2002-02-05,14.4350004196167,14.649999618530273,14.350000381469727,14.47249984741211,10.653114318847656,206000,0.0
2002-02-06,14.507499694824219,14.512499809265137,14.327500343322754,14.369999885559082,10.577667236328125,188000,0.0
2002-02-07,14.4350004196167,14.460000038146973,14.270000457763672,14.270000457763672,10.504056930541992,104400,0.0
2002-02-08,14.265000343322754,14.412500381469727,14.149999618530273,14.399999618530273,10.599745750427246,134000,0.0
2002-02-11,14.375,14.617500305175781,14.364999771118164,14.617500305175781,10.759847640991211,71200,0.0
2002-02-12,14.53499984741211,14.637499809265137,14.4975004196167,14.545000076293945,10.706487655639648,70400,0.0
2002-02-13,14.647500038146973,14.744999885559082,14.647500038146973,14.737500190734863,10.84817886352539,80000,0.0
2002-02-14,14.78499984741211,14.822500228881836,14.647500038146973,14.712499618530273,10.829777717590332,178400,0.0
2002-02-15,14.72249984741211,14.72249984741211,14.520000457763672,14.557499885559082,10.715681076049805,84400,0.0
2002-02-19,14.452500343322754,14.462499618530273,14.237500190734863,14.282500267028809,10.513260841369629,177200,0.0
2002-02-20,14.287500381469727,14.515000343322754,14.1850004196167,14.5,10.673359870910645,136000,0.0
2002-02-21,14.484999656677246,14.510000228881836,14.182499885559082,14.182499885559082,10.439640998840332,113600,0.0
2002-02-22,14.154999732971191,14.390000343322754,14.100000381469727,14.2475004196167,10.487494468688965,139200,0.0
2002-02-25,14.417499542236328,14.614999771118164,14.395000457763672,14.567500114440918,10.723047256469727,100400,0.0
2002-02-26,14.600000381469727,14.617500305175781,14.414999961853027,14.547499656677246,10.708322525024414,62000,0.0
2002-02-27,14.635000228881836,14.699999809265137,14.354999542236328,14.425000190734863,10.618148803710938,149600,0.0
2002-02-28,14.529999732971191,14.612500190734863,14.397500038146973,14.40999984741211,10.607109069824219,128400,0.0
2002-03-01,14.489999771118164,14.755000114440918,14.454999923706055,14.729999542236328,10.842653274536133,184400,0.0
2002-03-04,14.800000190734863,14.967499732971191,14.71500015258789,14.949999809265137,11.004599571228027,264000,0.0
2002-03-05,14.880000114440918,14.987500190734863,14.8100004196167,14.857500076293945,10.936513900756836,149600,0.0
2002-03-06,14.829999923706055,15.042499542236328,14.817500114440918,15.012499809265137,11.050604820251465,209200,0.0
2002-03-07,15.039999961853027,15.0649995803833,14.850000381469727,14.96500015258789,11.015644073486328,217600,0.0
2002-03-08,15.119999885559082,15.170000076293945,15.010000228881836,15.045000076293945,11.074527740478516,354000,0.0
2002-03-11,15.0649995803833,15.132499694824219,14.9375,15.032500267028809,11.0830078125,238000,0.024
2002-03-12,14.927499771118164,15.005000114440918,14.882499694824219,15.005000114440918,11.062734603881836,122800,0.0
2002-03-13,14.917499542236328,14.954999923706055,14.835000038146973,14.895000457763672,10.981635093688965,118400,0.0
2002-03-14,14.922499656677246,14.9375,14.842499732971191,14.864999771118164,10.959518432617188,98400,0.0
2002-03-15,14.912500381469727,15.029999732971191,14.885000228881836,14.994999885559082,11.055355072021484,125200,0.0
2002-03-18,15.095000267028809,15.102499961853027,14.912500381469727,14.975000381469727,11.040608406066895,77200,0.0
2002-03-19,15.055000305175781,15.125,15.0,15.050000190734863,11.095904350280762,216000,0.0
2002-03-20,14.967499732971191,14.967499732971191,14.75,14.75,10.87472915649414,1070000,0.0
2002-03-21,14.710000038146973,14.832500457763672,14.602499961853027,14.829999923706055,10.933708190917969,168000,0.0
2002-03-22,14.760000228881836,14.867500305175781,14.737500190734863,14.760000228881836,10.882104873657227,205600,0.0
2002-03-25,14.8125,14.822500228881836,14.5625,14.5625,10.736486434936523,99200,0.0
2002-03-26,14.585000038146973,14.762499809265137,14.567500114440918,14.635000228881836,10.789944648742676,516800,0.0
2002-03-27,14.637499809265137,14.6875,14.5600004196167,14.65250015258789,10.80284595489502,81200,0.0
2002-03-28,14.649999618530273,14.77750015258789,14.649999618530273,14.737500190734863,10.865513801574707,96400,0.0
2002-04-01,14.607500076293945,14.75,14.53499984741211,14.727499961853027,10.858139038085938,182400,0.0
2002-04-02,14.587499618530273,14.609999656677246,14.5,14.5024995803833,10.692253112792969,112800,0.0
2002-04-03,14.475000381469727,14.569999694824219,14.282500267028809,14.352499961853027,10.581664085388184,108000,0.0
2002-04-04,14.324999809265137,14.414999961853027,14.302499771118164,14.375,10.59825325012207,339200,0.0
2002-04-05,14.47249984741211,14.47249984741211,14.25,14.3149995803833,10.55401611328125,257200,0.0
2002-04-08,14.130000114440918,14.317500114440918,14.104999542236328,14.292499542236328,10.537421226501465,267600,0.0
2002-04-09,14.350000381469727,14.359999656677246,14.154999732971191,14.154999732971191,10.436053276062012,175600,0.0
2002-04-10,14.242500305175781,14.395000457763672,14.207500457763672,14.395000457763672,10.612995147705078,186400,0.0
2002-04-11,14.342499732971191,14.342499732971191,14.0,14.03499984741211,10.347578048706055,134800,0.0
2002-04-12,14.135000228881836,14.182499885559082,14.052499771118164,14.140000343322754,10.424995422363281,85200,0.0
2002-04-15,14.142499923706055,14.142499923706055,13.992500305175781,14.022500038146973,10.338366508483887,278800,0.0
2002-04-16,14.212499618530273,14.34749984741211,14.175000190734863,14.3149995803833,10.55401611328125,129600,0.0
2002-04-17,14.375,14.375,14.180000305175781,14.229999542236328,10.491345405578613,349600,0.0
2002-04-18,14.27750015258789,14.324999809265137,14.154999732971191,14.28499984741211,10.531896591186523,566800,0.0
2002-04-19,14.337499618530273,14.354999542236328,14.2524995803833,14.287500381469727,10.533744812011719,170800,0.0
2002-04-22,14.1875,14.217499732971191,14.039999961853027,14.09749984741211,10.393658638000488,74800,0.0
2002-04-23,14.125,14.147500038146973,13.925000190734863,13.962499618530273,10.29412841796875,159200,0.0
2002-04-24,14.0,14.079999923706055,13.837499618530273,13.862500190734863,10.220403671264648,219200,0.0
2002-04-25,13.807499885559082,13.922499656677246,13.787500381469727,13.90999984741211,10.255422592163086,210800,0.0
2002-04-26,13.930000305175781,13.952500343322754,13.602499961853027,13.602499961853027,10.02871322631836,185600,0.0
2002-04-29,13.637499809265137,13.699999809265137,13.539999961853027,13.547499656677246,9.98815631866455,88800,0.0
2002-04-30,13.524999618530273,13.742500305175781,13.524999618530273,13.664999961853027,10.074790954589844,226800,0.0
2002-05-01,13.614999771118164,13.772500038146973,13.482500076293945,13.742500305175781,10.131924629211426,204000,0.0
2002-05-02,13.712499618530273,13.8149995803833,13.602499961853027,13.657500267028809,10.069260597229004,219200,0.0
2002-05-03,13.537500381469727,13.5600004196167,13.404999732971191,13.449999809265137,9.916277885437012,174400,0.0
2002-05-06,13.512499809265137,13.512499809265137,13.177499771118164,13.177499771118164,9.71536922454834,746800,0.0
2002-05-07,13.289999961853027,13.289999961853027,13.117500305175781,13.117500305175781,9.671133041381836,194800,0.0
2002-05-08,13.5,13.779999732971191,13.454999923706055,13.744999885559082,10.133772850036621,258400,0.0
2002-05-09,13.707500457763672,13.737500190734863,13.517499923706055,13.59000015258789,10.019497871398926,173200,0.0
2002-05-10,13.545000076293945,13.545000076293945,13.260000228881836,13.267499923706055,9.781725883483887,190000,0.0
2002-05-13,13.282500267028809,13.567500114440918,13.282500267028809,13.557499885559082,9.995536804199219,574400,0.0
2002-05-14,13.824999809265137,13.904999732971191,13.7475004196167,13.857500076293945,10.216718673706055,220800,0.0
2002-05-15,13.774999618530273,13.97249984741211,13.7524995803833,13.817500114440918,10.187222480773926,164000,0.0
2002-05-16,13.75,13.8774995803833,13.729999542236328,13.857500076293945,10.216718673706055,376400,0.0
2002-05-17,13.949999809265137,14.047499656677246,13.869999885559082,14.042499542236328,10.353110313415527,262400,0.0
2002-05-20,13.925000190734863,13.949999809265137,13.795000076293945,13.852499961853027,10.213030815124512,233600,0.0
2002-05-21,13.904999732971191,13.914999961853027,13.59000015258789,13.635000228881836,10.052678108215332,153200,0.0
2002-05-22,13.574999809265137,13.702500343322754,13.537500381469727,13.702500343322754,10.102437973022461,141200,0.0
2002-05-23,13.729999542236328,13.8149995803833,13.574999809265137,13.8149995803833,10.185383796691895,363600,0.0
2002-05-24,13.770000457763672,13.774999618530273,13.582500457763672,13.592499732971191,10.021336555480957,181600,0.0
2002-05-28,13.642499923706055,13.642499923706055,13.407500267028809,13.507499694824219,9.958672523498535,117200,0.0
2002-05-29,13.452500343322754,13.487500190734863,13.382499694824219,13.382499694824219,9.866509437561035,92400,0.0
2002-05-30,13.300000190734863,13.454999923706055,13.239999771118164,13.387499809265137,9.870195388793945,90400,0.0
2002-05-31,13.460000038146973,13.585000038146973,13.375,13.375,9.860978126525879,286400,0.0
2002-06-03,13.359999656677246,13.4350004196167,13.0,13.0,9.584505081176758,276800,0.0
2002-06-04,13.0024995803833,13.149999618530273,12.925000190734863,13.082500457763672,9.6453275680542,420000,0.0
2002-06-05,13.137499809265137,13.289999961853027,13.085000038146973,13.289999961853027,9.798314094543457,199200,0.0
2002-06-06,13.220000267028809,13.234999656677246,12.96500015258789,13.005000114440918,9.58819580078125,390800,0.0
2002-06-07,12.765000343322754,12.960000038146973,12.704999923706055,12.927499771118164,9.531060218811035,327200,0.0
2002-06-10,12.949999809265137,13.112500190734863,12.932499885559082,12.962499618530273,9.556861877441406,142800,0.0
2002-06-11,13.037500381469727,13.074999809265137,12.72249984741211,12.744999885559082,9.396502494812012,130000,0.0
2002-06-12,12.760000228881836,12.892499923706055,12.617500305175781,12.869999885559082,9.48866081237793,461600,0.0
2002-06-13,12.800000190734863,12.899999618530273,12.727499961853027,12.742500305175781,9.394659996032715,132800,0.0
2002-06-14,12.600000381469727,12.742500305175781,12.364999771118164,12.729999542236328,9.385442733764648,1567600,0.0
2002-06-17,12.805000305175781,13.024999618530273,12.800000190734863,13.022500038146973,9.621123313903809,456800,0.0265
2002-06-18,12.975000381469727,13.069999694824219,12.925000190734863,13.015000343322754,9.615580558776855,168800,0.0
2002-06-19,12.9399995803833,13.020000457763672,12.725000381469727,12.760000228881836,9.427184104919434,167200,0.0
2002-06-20,12.707500457763672,12.8149995803833,12.550000190734863,12.550000190734863,9.272042274475098,233200,0.0
2002-06-21,12.479999542236328,12.574999809265137,12.1850004196167,12.265000343322754,9.061474800109863,704000,0.0
2002-06-24,12.270000457763672,12.520000457763672,12.057499885559082,12.354999542236328,9.127962112426758,275200,0.0
2002-06-25,12.40999984741211,12.529999732971191,12.085000038146973,12.149999618530273,8.976511001586914,218400,0.0
2002-06-26,11.850000381469727,12.282500267028809,11.850000381469727,12.217499732971191,9.026383399963379,292800,0.0
2002-06-27,12.322500228881836,12.454999923706055,12.125,12.449999809265137,9.198156356811523,145600,0.0
2002-06-28,12.430000305175781,12.619999885559082,12.329999923706055,12.390000343322754,9.153831481933594,222000,0.0
2002-07-01,12.329999923706055,12.380000114440918,12.039999961853027,12.0600004196167,8.910022735595703,283600,0.0
2002-07-02,11.987500190734863,12.045000076293945,11.734999656677246,11.792499542236328,8.712392807006836,198800,0.0
2002-07-03,11.710000038146973,11.892499923706055,11.607500076293945,11.869999885559082,8.769648551940918,302800,0.0
2002-07-05,12.012499809265137,12.369999885559082,12.012499809265137,12.369999885559082,9.139050483703613,131600,0.0
2002-07-08,12.375,12.375,12.145000457763672,12.202500343322754,9.015300750732422,270000,0.0
2002-07-09,12.175000190734863,12.175000190734863,11.787500381469727,11.8149995803833,8.729010581970215,662000,0.0
2002-07-10,11.887499809265137,11.887499809265137,11.414999961853027,11.414999961853027,8.433494567871094,296000,0.0
2002-07-11,11.274999618530273,11.579999923706055,11.157500267028809,11.579999923706055,8.555391311645508,384800,0.0
2002-07-12,11.649999618530273,11.692500114440918,11.3774995803833,11.487500190734863,8.487051963806152,217600,0.0
2002-07-15,11.300000190734863,11.510000228881836,10.970000267028809,11.467499732971191,8.472273826599121,544000,0.0
2002-07-16,11.5,11.582500457763672,11.244999885559082,11.300000190734863,8.348526000976562,435600,0.0
2002-07-17,11.699999809265137,11.699999809265137,11.287500381469727,11.425000190734863,8.440878868103027,626400,0.0
2002-07-18,11.362500190734863,11.40999984741211,11.112500190734863,11.1225004196167,8.217387199401855,216400,0.0
2002-07-19,10.850000381469727,10.97249984741211,10.5625,10.647500038146973,7.866456985473633,614000,0.0
2002-07-22,10.712499618530273,10.762499809265137,10.34000015258789,10.40999984741211,7.690990447998047,581200,0.0
2002-07-23,10.449999809265137,10.539999961853027,10.217499732971191,10.27750015258789,7.593098163604736,370000,0.0
2002-07-24,10.005000114440918,10.904999732971191,10.005000114440918,10.892499923706055,8.047463417053223,543200,0.0
2002-07-25,10.837499618530273,10.987500190734863,10.5,10.880000114440918,8.038226127624512,331600,0.0
2002-07-26,10.737500190734863,10.97249984741211,10.725000381469727,10.97249984741211,8.1065673828125,162800,0.0
2002-07-29,11.25,11.579999923706055,11.172499656677246,11.574999809265137,8.551697731018066,652800,0.0
2002-07-30,11.462499618530273,11.707500457763672,11.412500381469727,11.602499961853027,8.572014808654785,630000,0.0
2002-07-31,11.550000190734863,11.6850004196167,11.3725004196167,11.65999984741211,8.614495277404785,441600,0.0
2002-08-01,11.65999984741211,11.670000076293945,11.287500381469727,11.319999694824219,8.363306045532227,513200,0.0
2002-08-02,11.2524995803833,11.34000015258789,11.0,11.1274995803833,8.22107982635498,238800,0.0
2002-08-05,11.079999923706055,11.1274995803833,10.762499809265137,10.765000343322754,7.953263759613037,232000,0.0
2002-08-06,11.037500381469727,11.27750015258789,10.989999771118164,11.112500190734863,8.210004806518555,332800,0.0
2002-08-07,11.387499809265137,11.392499923706055,11.0625,11.3725004196167,8.40208911895752,605200,0.0
2002-08-08,11.335000038146973,11.707500457763672,11.300000190734863,11.672499656677246,8.623733520507812,494000,0.0
2002-08-09,11.5625,11.772500038146973,11.475000381469727,11.699999809265137,8.644050598144531,1735600,0.0
2002-08-12,11.542499542236328,11.692500114440918,11.5,11.637499809265137,8.59787654876709,271200,0.0
2002-08-13,11.574999809265137,11.779999732971191,11.337499618530273,11.412500381469727,8.431644439697266,1005200,0.0
2002-08-14,11.442500114440918,11.9399995803833,11.337499618530273,11.904999732971191,8.795502662658691,788800,0.0
2002-08-15,12.012499809265137,12.082500457763672,11.90250015258789,12.045000076293945,8.89893913269043,1425600,0.0
2002-08-16,11.925000190734863,12.102499961853027,11.880000114440918,12.0024995803833,8.867537498474121,621600,0.0
2002-08-19,12.037500381469727,12.307499885559082,12.0,12.302499771118164,9.08918571472168,578000,0.0
2002-08-20,12.212499618530273,12.227499961853027,12.074999809265137,12.175000190734863,8.994982719421387,781200,0.0
2002-08-21,12.274999618530273,12.322500228881836,12.067500114440918,12.282500267028809,9.074410438537598,866400,0.0
2002-08-22,12.350000381469727,12.467499732971191,12.237500190734863,12.452500343322754,9.199999809265137,1233200,0.0
2002-08-23,12.25,12.337499618530273,12.119999885559082,12.119999885559082,8.954344749450684,664000,0.0
2002-08-26,12.217499732971191,12.25,11.979999542236328,12.212499618530273,9.022688865661621,452400,0.0
2002-08-27,12.295000076293945,12.305000305175781,11.914999961853027,11.979999542236328,8.850912094116211,333600,0.0
2002-08-28,11.854999542236328,11.932499885559082,11.755000114440918,11.8149995803833,8.729010581970215,552800,0.0
2002-08-29,11.657500267028809,11.917499542236328,11.640000343322754,11.795000076293945,8.714239120483398,253200,0.0
2002-08-30,11.75,11.9375,11.720000267028809,11.7524995803833,8.682833671569824,139600,0.0
2002-09-03,11.555000305175781,11.585000038146973,11.287500381469727,11.287500381469727,8.3392915725708,1111600,0.0
2002-09-04,11.287500381469727,11.5625,11.287500381469727,11.522500038146973,8.512910842895508,385200,0.0
2002-09-05,11.274999618530273,11.4375,11.207500457763672,11.329999923706055,8.370692253112793,272000,0.0
2002-09-06,11.5625,11.585000038146973,11.457500457763672,11.5024995803833,8.49813461303711,113600,0.0
2002-09-09,11.462499618530273,11.704999923706055,11.387499809265137,11.649999618530273,8.607107162475586,748000,0.0
2002-09-10,11.699999809265137,11.762499809265137,11.612500190734863,11.727499961853027,8.6643648147583,1339200,0.0
2002-09-11,11.962499618530273,11.987500190734863,11.720000267028809,11.742500305175781,8.675445556640625,200800,0.0
2002-09-12,11.642499923706055,11.642499923706055,11.392499923706055,11.457500457763672,8.46489429473877,670400,0.0
2002-09-13,11.425000190734863,11.542499542236328,11.317500114440918,11.494999885559082,8.492596626281738,615600,0.0
2002-09-16,11.420000076293945,11.547499656677246,11.34000015258789,11.537500381469727,8.547417640686035,257200,0.0315
2002-09-17,11.662500381469727,11.694999694824219,11.270000457763672,11.307499885559082,8.37702751159668,384800,0.0
2002-09-18,11.162500381469727,11.375,11.100000381469727,11.119999885559082,8.238117218017578,424800,0.0
2002-09-19,11.112500190734863,11.162500381469727,10.9350004196167,10.9350004196167,8.101062774658203,348400,0.0
2002-09-20,10.962499618530273,11.017499923706055,10.882499694824219,10.930000305175781,8.097359657287598,276800,0.0
2002-09-23,10.824999809265137,10.8725004196167,10.699999809265137,10.800000190734863,8.001049995422363,515600,0.0
2002-09-24,10.600000381469727,10.829999923706055,10.600000381469727,10.6899995803833,7.919552326202393,617200,0.0
2002-09-25,10.875,11.03499984741211,10.675000190734863,10.944999694824219,8.108467102050781,415200,0.0
2002-09-26,11.0625,11.145000457763672,10.949999809265137,11.0625,8.19551944732666,207200,0.0
2002-09-27,10.895000457763672,11.03499984741211,10.699999809265137,10.702500343322754,7.928817272186279,346400,0.0
2002-09-30,10.452500343322754,10.640000343322754,10.3774995803833,10.492500305175781,7.77324104309082,748400,0.0
2002-10-01,10.649999618530273,10.960000038146973,10.507499694824219,10.9375,8.102912902832031,223200,0.0
2002-10-02,10.899999618530273,11.020000457763672,10.712499618530273,10.760000228881836,7.971412658691406,175200,0.0
2002-10-03,10.737500190734863,10.90250015258789,10.614999771118164,10.657500267028809,7.895479679107666,190000,0.0
2002-10-04,10.717499732971191,10.717499732971191,10.34000015258789,10.449999809265137,7.741756916046143,231600,0.0
2002-10-07,10.462499618530273,10.567500114440918,10.239999771118164,10.3125,7.639889717102051,272400,0.0
2002-10-08,10.482500076293945,10.680000305175781,10.324999809265137,10.550000190734863,7.815840721130371,1016800,0.0
2002-10-09,10.412500381469727,10.470000267028809,10.305000305175781,10.329999923706055,7.652851104736328,434400,0.0
2002-10-10,10.387499809265137,10.625,10.175000190734863,10.592499732971191,7.847323894500732,431200,0.0
2002-10-11,10.725000381469727,11.047499656677246,10.725000381469727,10.887499809265137,8.065868377685547,429200,0.0
2002-10-14,11.012499809265137,11.1274995803833,10.9375,11.117500305175781,8.23626708984375,426000,0.0
2002-10-15,11.550000190734863,11.574999809265137,11.3774995803833,11.574999809265137,8.575197219848633,2120000,0.0
2002-10-16,11.375,11.4399995803833,11.22249984741211,11.295000076293945,8.367767333984375,1064800,0.0
2002-10-17,11.612500190734863,11.6225004196167,11.447500228881836,11.46500015258789,8.493706703186035,679200,0.0
2002-10-18,11.425000190734863,11.614999771118164,11.332500457763672,11.572500228881836,8.573346138000488,663200,0.0
2002-10-21,11.537500381469727,11.802499771118164,11.432499885559082,11.75,8.704848289489746,908400,0.0
2002-10-22,11.600000381469727,11.65250015258789,11.489999771118164,11.592499732971191,8.588160514831543,1453200,0.0
2002-10-23,11.524999618530273,11.682499885559082,11.392499923706055,11.682499885559082,8.654838562011719,684400,0.0
2002-10-24,11.75,11.75,11.399999618530273,11.432499885559082,8.469630241394043,437200,0.0
2002-10-25,11.375,11.717499732971191,11.375,11.717499732971191,8.680766105651855,499600,0.0
2002-10-28,11.795000076293945,11.795000076293945,11.477499961853027,11.524999618530273,8.538156509399414,522000,0.0
2002-10-29,11.462499618530273,11.542499542236328,11.2524995803833,11.462499618530273,8.491852760314941,859600,0.0
2002-10-30,11.487500190734863,11.614999771118164,11.40250015258789,11.547499656677246,8.554826736450195,392400,0.0
2002-10-31,11.607500076293945,11.647500038146973,11.407500267028809,11.512499809265137,8.52889633178711,484000,0.0
2002-11-01,11.417499542236328,11.717499732971191,11.390000343322754,11.672499656677246,8.647428512573242,964800,0.0
2002-11-04,11.857500076293945,11.957500457763672,11.6850004196167,11.737500190734863,8.695584297180176,1075600,0.0
2002-11-05,11.720000267028809,11.84749984741211,11.710000038146973,11.837499618530273,8.769673347473145,902000,0.0
2002-11-06,11.907500267028809,11.975000381469727,11.694999694824219,11.925000190734863,8.834488868713379,1068400,0.0
2002-11-07,11.880000114440918,11.880000114440918,11.667499542236328,11.75,8.704848289489746,1031200,0.0
2002-11-08,11.779999732971191,11.837499618530273,11.587499618530273,11.617500305175781,8.606682777404785,589600,0.0
2002-11-11,11.612500190734863,11.612500190734863,11.3774995803833,11.425000190734863,8.464073181152344,611200,0.0
2002-11-12,11.529999732971191,11.642499923706055,11.432499885559082,11.452500343322754,8.484442710876465,432800,0.0
2002-11-13,11.462499618530273,11.657500267028809,11.397500038146973,11.537500381469727,8.547417640686035,1209600,0.0
2002-11-14,11.725000381469727,11.824999809265137,11.645000457763672,11.792499542236328,8.736328125,1174000,0.0
2002-11-15,11.662500381469727,11.842499732971191,11.649999618530273,11.824999809265137,8.760407447814941,400800,0.0
2002-11-18,11.962499618530273,11.962499618530273,11.692500114440918,11.712499618530273,8.677063941955566,549200,0.0
2002-11-19,11.6225004196167,11.774999618530273,11.574999809265137,11.645000457763672,8.627055168151855,480800,0.0
2002-11-20,11.604999542236328,11.904999732971191,11.604999542236328,11.904999732971191,8.819673538208008,1368800,0.0
2002-11-21,11.987500190734863,12.09749984741211,11.962499618530273,12.074999809265137,8.94561767578125,2513600,0.0
2002-11-22,12.037500381469727,12.102499961853027,11.9975004196167,12.024999618530273,8.908580780029297,486800,0.0
2002-11-25,12.037500381469727,12.100000381469727,11.917499542236328,12.024999618530273,8.908580780029297,650800,0.0
2002-11-26,11.975000381469727,12.0024995803833,11.789999961853027,11.835000038146973,8.767821311950684,440400,0.0
2002-11-27,11.875,12.162500381469727,11.875,12.112500190734863,8.973396301269531,252800,0.0
2002-11-29,12.175000190734863,12.175000190734863,12.032500267028809,12.03499984741211,8.91598129272461,400800,0.0
2002-12-02,12.274999618530273,12.317500114440918,11.942500114440918,12.045000076293945,8.923394203186035,710800,0.0
2002-12-03,11.912500381469727,11.944999694824219,11.817500114440918,11.892499923706055,8.810415267944336,1022400,0.0
2002-12-04,11.774999618530273,12.0024995803833,11.760000228881836,11.864999771118164,8.790043830871582,525200,0.0
2002-12-05,11.975000381469727,11.975000381469727,11.717499732971191,11.760000228881836,8.712250709533691,365600,0.0
2002-12-06,11.637499809265137,11.837499618530273,11.600000381469727,11.774999618530273,8.72336483001709,258800,0.0
2002-12-09,11.6875,11.772500038146973,11.567500114440918,11.595000267028809,8.590012550354004,1387200,0.0
2002-12-10,11.595000267028809,11.744999885559082,11.582500457763672,11.744999885559082,8.701141357421875,1177200,0.0
2002-12-11,11.625,11.797499656677246,11.604999542236328,11.739999771118164,8.697433471679688,473600,0.0
2002-12-12,11.692500114440918,11.7475004196167,11.579999923706055,11.649999618530273,8.630762100219727,418800,0.0
2002-12-13,11.512499809265137,11.604999542236328,11.4375,11.4375,8.473331451416016,690000,0.0
2002-12-16,11.417499542236328,11.667499542236328,11.417499542236328,11.6274995803833,8.642995834350586,654400,0.03825
2002-12-17,11.6274995803833,11.657500267028809,11.4975004196167,11.4975004196167,8.546363830566406,481600,0.0
2002-12-18,11.399999618530273,11.444999694824219,11.307499885559082,11.362500190734863,8.446017265319824,744000,0.0
2002-12-19,11.342499732971191,11.515000343322754,11.234999656677246,11.295000076293945,8.395837783813477,457600,0.0
2002-12-20,11.432499885559082,11.454999923706055,11.352499961853027,11.382499694824219,8.460885047912598,902400,0.0
2002-12-23,11.337499618530273,11.522500038146973,11.337499618530273,11.454999923706055,8.514776229858398,988800,0.0
2002-12-24,11.454999923706055,11.47249984741211,11.399999618530273,11.399999618530273,8.473891258239746,516400,0.0
2002-12-26,11.420000076293945,11.532500267028809,11.289999961853027,11.307499885559082,8.405130386352539,571200,0.0
2002-12-27,11.295000076293945,11.359999656677246,11.177499771118164,11.21500015258789,8.336377143859863,672800,0.0
2002-12-30,11.1850004196167,11.3149995803833,11.125,11.27750015258789,8.382828712463379,802000,0.0
2002-12-31,11.262499809265137,11.279999732971191,11.102499961853027,11.227499961853027,8.345661163330078,3220800,0.0
2003-01-02,11.3125,11.607500076293945,11.302499771118164,11.600000381469727,8.622556686401367,673200,0.0
2003-01-03,11.609999656677246,11.637499809265137,11.515000343322754,11.600000381469727,8.622556686401367,290000,0.0
2003-01-06,11.625,11.852499961853027,11.625,11.774999618530273,8.752630233764648,536000,0.0
2003-01-07,11.725000381469727,11.854999542236328,11.71500015258789,11.744999885559082,8.73033618927002,548000,0.0
2003-01-08,11.739999771118164,11.757499694824219,11.572500228881836,11.614999771118164,8.633703231811523,470400,0.0
2003-01-09,11.717499732971191,11.852499961853027,11.692500114440918,11.824999809265137,8.78980541229248,461600,0.0
2003-01-10,11.75,11.904999732971191,11.699999809265137,11.802499771118164,8.773077964782715,190800,0.0
2003-01-13,11.942500114440918,11.949999809265137,11.75,11.787500381469727,8.761927604675293,1079600,0.0
2003-01-14,11.770000457763672,11.8725004196167,11.762499809265137,11.8725004196167,8.825108528137207,250800,0.0
2003-01-15,11.75,11.8100004196167,11.654999732971191,11.6899995803833,8.68945026397705,382000,0.0
2003-01-16,11.75,11.77750015258789,11.567500114440918,11.637499809265137,8.650434494018555,624400,0.0
2003-01-17,11.494999885559082,11.555000305175781,11.359999656677246,11.449999809265137,8.511054992675781,642800,0.0
2003-01-21,11.454999923706055,11.512499809265137,11.27750015258789,11.287500381469727,8.39026927947998,2328800,0.0
2003-01-22,11.25,11.3774995803833,11.177499771118164,11.220000267028809,8.340092658996582,494400,0.0
2003-01-23,11.350000381469727,11.352499961853027,11.1875,11.295000076293945,8.395837783813477,354400,0.0
2003-01-24,11.225000381469727,11.257499694824219,10.949999809265137,10.989999771118164,8.1691255569458,2230800,0.0
2003-01-27,10.862500190734863,10.97249984741211,10.742500305175781,10.817500114440918,8.040902137756348,2622000,0.0
2003-01-28,10.917499542236328,11.024999618530273,10.835000038146973,10.954999923706055,8.143111228942871,772000,0.0
2003-01-29,10.899999618530273,11.109999656677246,10.8125,11.072500228881836,8.230453491210938,756000,0.0
2003-01-30,11.100000381469727,11.100000381469727,10.795000076293945,10.832500457763672,8.052050590515137,423200,0.0
2003-01-31,10.760000228881836,10.982500076293945,10.75,10.914999961853027,8.11337661743164,262000,0.0
2003-02-03,10.962499618530273,11.0625,10.952500343322754,10.992500305175781,8.17098617553711,1024000,0.0
2003-02-04,10.892499923706055,10.892499923706055,10.7475004196167,10.857500076293945,8.070636749267578,256800,0.0
2003-02-05,10.979999542236328,11.042499542236328,10.789999961853027,10.807499885559082,8.03347396850586,185200,0.0
2003-02-06,10.797499656677246,10.852499961853027,10.704999923706055,10.767499923706055,8.003738403320312,1071600,0.0
2003-02-07,10.887499809265137,10.887499809265137,10.6274995803833,10.670000076293945,7.931262016296387,213600,0.0
2003-02-10,10.712499618530273,10.782500267028809,10.592499732971191,10.782500267028809,8.014885902404785,313200,0.0
2003-02-11,10.755000114440918,10.864999771118164,10.630000114440918,10.702500343322754,7.955420970916748,521600,0.0
2003-02-12,10.720000267028809,10.75,10.604999542236328,10.609999656677246,7.886664390563965,2932400,0.0
2003-02-13,10.602499961853027,10.602499961853027,10.40999984741211,10.567500114440918,7.855072021484375,432400,0.0
2003-02-14,10.574999809265137,10.8125,10.550000190734863,10.8125,8.037188529968262,422800,0.0
2003-02-18,10.914999961853027,11.047499656677246,10.887499809265137,11.039999961853027,8.206294059753418,1098800,0.0
2003-02-19,11.012499809265137,11.020000457763672,10.854999542236328,10.904999732971191,8.10594367980957,260800,0.0
2003-02-20,10.987500190734863,11.0,10.625,10.887499809265137,8.092934608459473,213600,0.0
2003-02-21,10.914999961853027,11.057499885559082,10.782500267028809,11.005000114440918,8.180274963378906,1148000,0.0
2003-02-24,10.917499542236328,10.9375,10.800000190734863,10.800000190734863,8.027896881103516,590000,0.0
2003-02-25,10.699999809265137,10.90999984741211,10.6225004196167,10.887499809265137,8.092934608459473,872400,0.0
2003-02-26,10.880000114440918,10.949999809265137,10.71500015258789,10.71500015258789,7.964713096618652,378000,0.0
2003-02-27,10.77750015258789,10.942500114440918,10.767499923706055,10.84749984741211,8.063204765319824,284400,0.0
2003-02-28,10.904999732971191,10.9975004196167,10.869999885559082,10.875,8.08364486694336,212800,0.0
2003-03-03,11.03499984741211,11.050000190734863,10.772500038146973,10.792499542236328,8.022318840026855,622800,0.0
2003-03-04,10.8149995803833,10.8149995803833,10.662500381469727,10.662500381469727,7.925689220428467,231600,0.0
2003-03-05,10.619999885559082,10.760000228881836,10.612500190734863,10.757499694824219,7.996302604675293,448800,0.0
2003-03-06,10.682499885559082,10.757499694824219,10.635000228881836,10.662500381469727,7.925689220428467,240400,0.0
2003-03-07,10.487500190734863,10.789999961853027,10.487500190734863,10.789999961853027,8.020459175109863,336400,0.0
2003-03-10,10.694999694824219,10.694999694824219,10.452500343322754,10.492500305175781,7.821254730224609,226400,0.03025
2003-03-11,10.522500038146973,10.574999809265137,10.417499542236328,10.449999809265137,7.789572715759277,327600,0.0
2003-03-12,10.460000038146973,10.542499542236328,10.3125,10.524999618530273,7.8454766273498535,322000,0.0
2003-03-13,10.704999923706055,10.90250015258789,10.602499961853027,10.880000114440918,8.110098838806152,651600,0.0
2003-03-14,10.970000267028809,11.015000343322754,10.824999809265137,10.899999618530273,8.125007629394531,1248400,0.0
2003-03-17,10.854999542236328,11.322500228881836,10.835000038146973,11.319999694824219,8.438079833984375,2044800,0.0
2003-03-18,11.335000038146973,11.345000267028809,11.210000038146973,11.335000038146973,8.449259757995605,1849600,0.0
2003-03-19,11.3725004196167,11.475000381469727,11.234999656677246,11.449999809265137,8.534982681274414,956800,0.0
2003-03-20,11.337499618530273,11.5,11.255000114440918,11.449999809265137,8.534982681274414,1026000,0.0
2003-03-21,11.59000015258789,11.744999885559082,11.492500305175781,11.725000381469727,8.739974975585938,4203200,0.0
2003-03-24,11.462499618530273,11.492500305175781,11.274999618530273,11.319999694824219,8.438079833984375,1901600,0.0
2003-03-25,11.300000190734863,11.524999618530273,11.282500267028809,11.460000038146973,8.542439460754395,1420400,0.0
2003-03-26,11.420000076293945,11.457500457763672,11.329999923706055,11.382499694824219,8.484668731689453,1693200,0.0
2003-03-27,11.244999885559082,11.452500343322754,11.207500457763672,11.380000114440918,8.482806205749512,678400,0.0
2003-03-28,11.302499771118164,11.40250015258789,11.227499961853027,11.3125,8.432489395141602,822000,0.0
2003-03-31,11.104999542236328,11.2475004196167,11.010000228881836,11.069999694824219,8.251729011535645,912800,0.0
2003-04-01,11.140000343322754,11.242500305175781,11.0625,11.1875,8.339312553405762,920000,0.0
2003-04-02,11.414999961853027,11.557499885559082,11.15999984741211,11.489999771118164,8.56480884552002,1592400,0.0
2003-04-03,11.545000076293945,11.602499961853027,11.457500457763672,11.484999656677246,8.561079025268555,658800,0.0
2003-04-04,11.542499542236328,11.5625,11.412500381469727,11.475000381469727,8.553617477416992,300400,0.0
2003-04-07,11.774999618530273,11.8149995803833,11.46500015258789,11.479999542236328,8.557345390319824,1914000,0.0
2003-04-08,11.494999885559082,11.53499984741211,11.414999961853027,11.470000267028809,8.549895286560059,886800,0.0
2003-04-09,11.452500343322754,11.582500457763672,11.28499984741211,11.287500381469727,8.413854598999023,634000,0.0
2003-04-10,11.3125,11.34749984741211,11.207500457763672,11.34749984741211,8.45858097076416,268000,0.0
2003-04-11,11.430000305175781,11.5,11.267499923706055,11.322500228881836,8.439943313598633,338400,0.0
2003-04-14,11.357500076293945,11.52750015258789,11.3149995803833,11.52750015258789,8.592754364013672,1503600,0.0
2003-04-15,11.512499809265137,11.59000015258789,11.487500190734863,11.5625,8.61884593963623,501600,0.0
2003-04-16,11.617500305175781,11.65250015258789,11.390000343322754,11.407500267028809,8.503307342529297,1033600,0.0
2003-04-17,11.407500267028809,11.6225004196167,11.407500267028809,11.600000381469727,8.646798133850098,431200,0.0
2003-04-21,11.614999771118164,11.667499542236328,11.53499984741211,11.569999694824219,8.62443733215332,701600,0.0
2003-04-22,11.512499809265137,11.8125,11.494999885559082,11.807499885559082,8.801467895507812,664800,0.0
2003-04-23,11.817500114440918,11.897500038146973,11.757499694824219,11.850000381469727,8.833149909973145,367200,0.0
2003-04-24,11.725000381469727,11.864999771118164,11.707500457763672,11.760000228881836,8.76606273651123,261200,0.0
2003-04-25,11.8100004196167,11.8125,11.59749984741211,11.645000457763672,8.680341720581055,456000,0.0
2003-04-28,11.680000305175781,11.904999732971191,11.65999984741211,11.845000267028809,8.829421043395996,378800,0.0
2003-04-29,11.892499923706055,11.970000267028809,11.805000305175781,11.885000228881836,8.859240531921387,1039200,0.0
2003-04-30,11.842499732971191,11.922499656677246,11.787500381469727,11.84749984741211,8.831284523010254,913600,0.0
2003-05-01,11.832500457763672,11.892499923706055,11.672499656677246,11.8149995803833,8.807056427001953,455200,0.0
2003-05-02,11.822500228881836,12.015000343322754,11.800000190734863,11.992500305175781,8.939371109008789,681200,0.0
2003-05-05,12.032500267028809,12.055000305175781,11.920000076293945,11.962499618530273,8.917008399963379,2678800,0.0
2003-05-06,11.9350004196167,12.135000228881836,11.9350004196167,12.069999694824219,8.997139930725098,1208800,0.0
2003-05-07,12.022500038146973,12.100000381469727,11.954999923706055,11.992500305175781,8.939371109008789,556800,0.0
2003-05-08,11.859999656677246,11.9975004196167,11.84000015258789,11.890000343322754,8.862964630126953,559600,0.0
2003-05-09,11.97249984741211,12.077500343322754,11.917499542236328,12.032500267028809,8.96918773651123,227600,0.0
2003-05-12,12.052499771118164,12.227499961853027,12.029999732971191,12.217499732971191,9.107087135314941,362400,0.0
2003-05-13,12.182499885559082,12.227499961853027,12.112500190734863,12.135000228881836,9.045589447021484,739600,0.0
2003-05-14,12.2475004196167,12.2475004196167,12.050000190734863,12.109999656677246,9.026957511901855,730800,0.0
2003-05-15,12.199999809265137,12.227499961853027,12.09000015258789,12.1899995803833,9.086589813232422,506000,0.0
2003-05-16,12.172499656677246,12.192500114440918,12.0649995803833,12.102499961853027,9.021366119384766,466400,0.0
2003-05-19,12.029999732971191,12.047499656677246,11.762499809265137,11.8125,8.80519962310791,378800,0.0
2003-05-20,11.832500457763672,11.84749984741211,11.647500038146973,11.762499809265137,8.767925262451172,731200,0.0
2003-05-21,11.75,11.805000305175781,11.680000305175781,11.779999732971191,8.780972480773926,417200,0.0
2003-05-22,11.767499923706055,11.957500457763672,11.762499809265137,11.852499961853027,8.835013389587402,410000,0.0
2003-05-23,11.869999885559082,11.899999618530273,11.802499771118164,11.854999542236328,8.83687973022461,571200,0.0
2003-05-27,11.787500381469727,12.107500076293945,11.787500381469727,12.069999694824219,8.997139930725098,334400,0.0
2003-05-28,12.117500305175781,12.175000190734863,12.052499771118164,12.087499618530273,9.010186195373535,1794800,0.0
2003-05-29,12.125,12.25,12.037500381469727,12.085000038146973,9.00832462310791,512800,0.0
2003-05-30,12.167499542236328,12.272500038146973,12.130000114440918,12.255000114440918,9.135049819946289,1094000,0.0
2003-06-02,12.342499732971191,12.375,12.175000190734863,12.207500457763672,9.099637031555176,969200,0.0
2003-06-03,12.1899995803833,12.322500228881836,12.182499885559082,12.322500228881836,9.185358047485352,297600,0.0
2003-06-04,12.324999809265137,12.4975004196167,12.279999732971191,12.494999885559082,9.313943862915039,306400,0.0
2003-06-05,12.425000190734863,12.512499809265137,12.359999656677246,12.512499809265137,9.326985359191895,1982400,0.0
2003-06-06,12.649999618530273,12.739999771118164,12.4399995803833,12.467499732971191,9.293438911437988,513600,0.0
2003-06-09,12.385000228881836,12.479999542236328,12.322500228881836,12.354999542236328,9.209582328796387,1005200,0.0
2003-06-10,12.462499618530273,12.5024995803833,12.3774995803833,12.5024995803833,9.319533348083496,455200,0.0
2003-06-11,12.492500305175781,12.630000114440918,12.452500343322754,12.617500305175781,9.405255317687988,651200,0.0
2003-06-12,12.6875,12.6875,12.532500267028809,12.645000457763672,9.425752639770508,254400,0.0
2003-06-13,12.632499694824219,12.6850004196167,12.420000076293945,12.522500038146973,9.334441184997559,480000,0.0
2003-06-16,12.517499923706055,12.787500381469727,12.517499923706055,12.787500381469727,9.558505058288574,392000,0.03475
2003-06-17,12.850000381469727,12.907500267028809,12.762499809265137,12.850000381469727,9.605219841003418,538800,0.0
2003-06-18,12.8149995803833,12.9375,12.765000343322754,12.829999923706055,9.590267181396484,693200,0.0
2003-06-19,12.842499732971191,12.867500305175781,12.630000114440918,12.640000343322754,9.448247909545898,518400,0.0
2003-06-20,12.744999885559082,12.7475004196167,12.6225004196167,12.6225004196167,9.435164451599121,979200,0.0
2003-06-23,12.577500343322754,12.614999771118164,12.432499885559082,12.524999618530273,9.362285614013672,267600,0.0
2003-06-24,12.545000076293945,12.614999771118164,12.0,12.552499771118164,9.382838249206543,367600,0.0
2003-06-25,12.550000190734863,12.647500038146973,12.375,12.432499885559082,9.29313850402832,292800,0.0
2003-06-26,12.387499809265137,12.574999809265137,12.387499809265137,12.545000076293945,9.377241134643555,710800,0.0
2003-06-27,12.515000343322754,12.604999542236328,12.395000457763672,12.404999732971191,9.272586822509766,258400,0.0
2003-06-30,12.539999961853027,12.539999961853027,12.369999885559082,12.399999618530273,9.268848419189453,407200,0.0
2003-07-01,12.3725004196167,12.545000076293945,12.2524995803833,12.539999961853027,9.373495101928711,904400,0.0
2003-07-02,12.539999961853027,12.694999694824219,12.53499984741211,12.680000305175781,9.478142738342285,240400,0.0
2003-07-03,12.625,12.712499618530273,12.5024995803833,12.5625,9.390315055847168,326000,0.0
2003-07-07,12.725000381469727,12.850000381469727,12.725000381469727,12.824999809265137,9.586531639099121,624000,0.0
2003-07-08,12.789999961853027,12.892499923706055,12.7524995803833,12.859999656677246,9.61269474029541,303600,0.0
2003-07-09,12.862500190734863,12.895000457763672,12.6899995803833,12.762499809265137,9.539813041687012,352400,0.0
2003-07-10,12.6274995803833,12.692500114440918,12.524999618530273,12.645000457763672,9.451983451843262,1019600,0.0
2003-07-11,12.6850004196167,12.782500267028809,12.6274995803833,12.742500305175781,9.524863243103027,804000,0.0
2003-07-14,12.914999961853027,12.957500457763672,12.755000114440918,12.787500381469727,9.558505058288574,427600,0.0
2003-07-15,12.819999694824219,12.854999542236328,12.6899995803833,12.739999771118164,9.52299690246582,346000,0.0
2003-07-16,12.787500381469727,12.787500381469727,12.617500305175781,12.732500076293945,9.517388343811035,497600,0.0
2003-07-17,12.630000114440918,12.682499885559082,12.487500190734863,12.550000190734863,9.380970001220703,549600,0.0
2003-07-18,12.632499694824219,12.65999984741211,12.5,12.65250015258789,9.457587242126465,364000,0.0
2003-07-21,12.550000190734863,12.572500228881836,12.392499923706055,12.457500457763672,9.311829566955566,520800,0.0
2003-07-22,12.52750015258789,12.574999809265137,12.387499809265137,12.550000190734863,9.380970001220703,418800,0.0
2003-07-23,12.582500457763672,12.592499732971191,12.4399995803833,12.585000038146973,9.407133102416992,308800,0.0
2003-07-24,12.637499809265137,12.725000381469727,12.449999809265137,12.477499961853027,9.326778411865234,588400,0.0
2003-07-25,12.4975004196167,12.680000305175781,12.397500038146973,12.662500381469727,9.46506404876709,1176800,0.0
2003-07-28,12.645000457763672,12.717499732971191,12.567500114440918,12.6225004196167,9.435164451599121,660400,0.0
2003-07-29,12.65999984741211,12.664999961853027,12.462499618530273,12.529999732971191,9.366018295288086,753600,0.0
2003-07-30,12.595000267028809,12.595000267028809,12.482500076293945,12.5,9.343596458435059,476000,0.0
2003-07-31,12.6225004196167,12.787500381469727,12.532500267028809,12.5625,9.390315055847168,355600,0.0
2003-08-01,12.522500038146973,12.53499984741211,12.407500267028809,12.457500457763672,9.311829566955566,245600,0.0
2003-08-04,12.457500457763672,12.542499542236328,12.27750015258789,12.505000114440918,9.347332954406738,916800,0.0
2003-08-05,12.470000267028809,12.5,12.1875,12.1875,9.110004425048828,1504800,0.0
2003-08-06,12.2475004196167,12.375,12.164999961853027,12.25,9.156723022460938,1497200,0.0
2003-08-07,12.227499961853027,12.395000457763672,12.199999809265137,12.385000228881836,9.2576322555542,552000,0.0
2003-08-08,12.420000076293945,12.444999694824219,12.34000015258789,12.397500038146973,9.266975402832031,497200,0.0
2003-08-11,12.414999961853027,12.5,12.364999771118164,12.414999961853027,9.28006649017334,466800,0.0
2003-08-12,12.430000305175781,12.5600004196167,12.392499923706055,12.5600004196167,9.388445854187012,159200,0.0
2003-08-13,12.529999732971191,12.529999732971191,12.385000228881836,12.4399995803833,9.298745155334473,552000,0.0
2003-08-14,12.475000381469727,12.537500381469727,12.407500267028809,12.470000267028809,9.32116985321045,525200,0.0
2003-08-15,12.52750015258789,12.569999694824219,12.487500190734863,12.53499984741211,9.36976146697998,98000,0.0
2003-08-18,12.600000381469727,12.6875,12.547499656677246,12.680000305175781,9.478142738342285,550000,0.0
2003-08-19,12.720000267028809,12.720000267028809,12.577500343322754,12.682499885559082,9.480010032653809,434800,0.0
2003-08-20,12.604999542236328,12.710000038146973,12.604999542236328,12.662500381469727,9.46506404876709,443600,0.0
2003-08-21,12.725000381469727,12.757499694824219,12.625,12.682499885559082,9.480010032653809,496000,0.0
2003-08-22,12.817500114440918,12.817500114440918,12.577500343322754,12.609999656677246,9.425819396972656,232000,0.0
2003-08-25,12.587499618530273,12.640000343322754,12.529999732971191,12.640000343322754,9.448247909545898,432800,0.0
2003-08-26,12.602499961853027,12.6850004196167,12.487500190734863,12.6850004196167,9.48188304901123,916400,0.0
2003-08-27,12.637499809265137,12.697500228881836,12.6225004196167,12.675000190734863,9.474407196044922,344800,0.0
2003-08-28,12.732500076293945,12.760000228881836,12.625,12.734999656677246,9.519265174865723,360800,0.0
2003-08-29,12.182499885559082,12.802499771118164,12.180000305175781,12.78499984741211,9.556629180908203,713200,0.0
2003-09-02,12.824999809265137,13.0,12.7475004196167,12.979999542236328,9.702391624450684,392000,0.0
2003-09-03,13.007499694824219,13.1274995803833,13.0024995803833,13.057499885559082,9.760320663452148,525600,0.0
2003-09-04,13.069999694824219,13.112500190734863,13.0,13.09000015258789,9.784622192382812,1049600,0.0
2003-09-05,13.042499542236328,13.1225004196167,12.970000267028809,13.029999732971191,9.739766120910645,268000,0.0
2003-09-08,13.082500457763672,13.172499656677246,13.029999732971191,13.162500381469727,9.838808059692383,279600,0.0
2003-09-09,13.117500305175781,13.1274995803833,13.007499694824219,13.042499542236328,9.749110221862793,390800,0.0
2003-09-10,13.007499694824219,13.074999809265137,12.904999732971191,12.927499771118164,9.663150787353516,196800,0.0
2003-09-11,13.010000228881836,13.09000015258789,12.942500114440918,13.042499542236328,9.749110221862793,247600,0.0
2003-09-12,12.992500305175781,13.082500457763672,12.880000114440918,13.079999923706055,9.777137756347656,314800,0.0
2003-09-15,13.057499885559082,13.072500228881836,12.977499961853027,13.022500038146973,9.760650634765625,273200,0.0355
2003-09-16,12.989999771118164,13.1899995803833,12.989999771118164,13.1875,9.884323120117188,283200,0.0
2003-09-17,13.15250015258789,13.220000267028809,13.114999771118164,13.175000190734863,9.874956130981445,251200,0.0
2003-09-18,13.175000190734863,13.3100004196167,13.117500305175781,13.287500381469727,9.95927619934082,477600,0.0
2003-09-19,13.302499771118164,13.302499771118164,13.1899995803833,13.227499961853027,9.914301872253418,293600,0.0
2003-09-22,13.0649995803833,13.135000228881836,13.0,13.072500228881836,9.798129081726074,438400,0.0
2003-09-23,13.112500190734863,13.1875,13.050000190734863,13.170000076293945,9.871201515197754,492000,0.0
2003-09-24,13.1850004196167,13.1875,12.880000114440918,12.899999618530273,9.668832778930664,485200,0.0
2003-09-25,12.930000305175781,13.010000228881836,12.779999732971191,12.779999732971191,9.578887939453125,491600,0.0
2003-09-26,12.817500114440918,12.854999542236328,12.7524995803833,12.792499542236328,9.588258743286133,532400,0.0
2003-09-29,12.827500343322754,12.90250015258789,12.729999542236328,12.859999656677246,9.638854026794434,221600,0.0
2003-09-30,12.837499618530273,12.842499732971191,12.65999984741211,12.725000381469727,9.537665367126465,1268400,0.0
2003-10-01,12.8125,13.0,12.762499809265137,13.0,9.743785858154297,429600,0.0
2003-10-02,12.947500228881836,13.055000305175781,12.944999694824219,13.005000114440918,9.747532844543457,593200,0.0
2003-10-03,13.244999885559082,13.274999618530273,13.147500038146973,13.167499542236328,9.869332313537598,1473200,0.0
2003-10-06,13.1875,13.199999809265137,13.107500076293945,13.194999694824219,9.889939308166504,314800,0.0
2003-10-07,13.137499809265137,13.229999542236328,13.087499618530273,13.207500457763672,9.899312019348145,311200,0.0
2003-10-08,13.260000228881836,13.260000228881836,13.114999771118164,13.212499618530273,9.903056144714355,745200,0.0
2003-10-09,13.327500343322754,13.345000267028809,13.147500038146973,13.1850004196167,9.8824462890625,396400,0.0
2003-10-10,13.22249984741211,13.227499961853027,13.147500038146973,13.194999694824219,9.889939308166504,384400,0.0
2003-10-13,13.282500267028809,13.305000305175781,13.194999694824219,13.225000381469727,9.912428855895996,1030400,0.0
2003-10-14,13.242500305175781,13.295000076293945,13.177499771118164,13.295000076293945,9.96489429473877,332800,0.0
2003-10-15,13.362500190734863,13.3725004196167,13.22249984741211,13.28499984741211,9.957396507263184,485200,0.0
2003-10-16,13.2524995803833,13.34000015258789,13.21500015258789,13.307499885559082,9.974266052246094,240000,0.0
2003-10-17,13.3100004196167,13.319999694824219,13.137499809265137,13.162500381469727,9.865584373474121,360800,0.0
2003-10-20,13.207500457763672,13.265000343322754,13.142499923706055,13.234999656677246,9.919921875,264800,0.0
2003-10-21,13.295000076293945,13.354999542236328,13.242500305175781,13.319999694824219,9.98363208770752,556000,0.0
2003-10-22,13.1875,13.207500457763672,13.045000076293945,13.112500190734863,9.828107833862305,526800,0.0
2003-10-23,13.067500114440918,13.142499923706055,13.024999618530273,13.072500228881836,9.798129081726074,422400,0.0
2003-10-24,12.987500190734863,13.02750015258789,12.869999885559082,13.024999618530273,9.762521743774414,352000,0.0
2003-10-27,13.112500190734863,13.132499694824219,13.0024995803833,13.067500114440918,9.794376373291016,265600,0.0
2003-10-28,13.079999923706055,13.274999618530273,12.875,13.274999618530273,9.949907302856445,555200,0.0
2003-10-29,13.257499694824219,13.292499542236328,13.192500114440918,13.257499694824219,9.936790466308594,289200,0.0
2003-10-30,13.362500190734863,13.362500190734863,13.220000267028809,13.267499923706055,9.944284439086914,540000,0.0
2003-10-31,13.305000305175781,13.322500228881836,13.234999656677246,13.272500038146973,9.948030471801758,548400,0.0
2003-11-03,13.350000381469727,13.412500381469727,13.282500267028809,13.369999885559082,10.02110767364502,473200,0.0
2003-11-04,13.287500381469727,13.345000267028809,13.265000343322754,13.274999618530273,9.949907302856445,313600,0.0
2003-11-05,13.225000381469727,13.327500343322754,13.1899995803833,13.292499542236328,9.963022232055664,404800,0.0
2003-11-06,13.292499542236328,13.390000343322754,13.234999656677246,13.375,10.024859428405762,364000,0.0
2003-11-07,13.380000114440918,13.4399995803833,13.305000305175781,13.3125,9.978013038635254,746800,0.0
2003-11-10,13.279999732971191,13.317500114440918,13.1899995803833,13.225000381469727,9.912428855895996,377200,0.0
2003-11-11,13.225000381469727,13.237500190734863,13.167499542236328,13.212499618530273,9.903056144714355,592000,0.0
2003-11-12,13.25,13.414999961853027,13.220000267028809,13.40999984741211,10.051090240478516,540800,0.0
2003-11-13,13.352499961853027,13.432499885559082,13.302499771118164,13.387499809265137,10.034226417541504,491200,0.0
2003-11-14,13.417499542236328,13.512499809265137,13.319999694824219,13.329999923706055,9.991132736206055,578400,0.0
2003-11-17,13.25,13.282500267028809,13.125,13.257499694824219,9.936790466308594,503600,0.0
2003-11-18,13.317500114440918,13.342499732971191,13.142499923706055,13.142499923706055,9.850592613220215,594000,0.0
2003-11-19,13.167499542236328,13.324999809265137,13.167499542236328,13.307499885559082,9.974266052246094,265600,0.0
2003-11-20,13.199999809265137,13.335000038146973,13.15250015258789,13.164999961853027,9.867459297180176,274400,0.0
2003-11-21,13.197500228881836,13.197500228881836,13.100000381469727,13.145000457763672,9.852470397949219,216000,0.0
2003-11-24,13.260000228881836,13.380000114440918,13.2475004196167,13.380000114440918,10.028603553771973,262400,0.0
2003-11-25,13.375,13.420000076293945,13.327500343322754,13.367500305175781,10.01923656463623,1024400,0.0
2003-11-26,13.432499885559082,13.432499885559082,13.270000457763672,13.367500305175781,10.01923656463623,415200,0.0
2003-11-28,13.329999923706055,13.427499771118164,13.329999923706055,13.407500267028809,10.049220085144043,155200,0.0
2003-12-01,13.492500305175781,13.5600004196167,13.449999809265137,13.537500381469727,10.146655082702637,536800,0.0
2003-12-02,13.524999618530273,13.552499771118164,13.46500015258789,13.470000267028809,10.096059799194336,418800,0.0
2003-12-03,13.5600004196167,13.607500076293945,13.444999694824219,13.444999694824219,10.077320098876953,438800,0.0
2003-12-04,13.5024995803833,13.542499542236328,13.412500381469727,13.542499542236328,10.150399208068848,492400,0.0
2003-12-05,13.454999923706055,13.512499809265137,13.380000114440918,13.432499885559082,10.067952156066895,477200,0.0
2003-12-08,13.427499771118164,13.522500038146973,13.387499809265137,13.5,10.118545532226562,591600,0.0
2003-12-09,13.545000076293945,13.557499885559082,13.364999771118164,13.390000343322754,10.036102294921875,648000,0.0
2003-12-10,13.407500267028809,13.427499771118164,13.28499984741211,13.395000457763672,10.039846420288086,470000,0.0
2003-12-11,13.380000114440918,13.5600004196167,13.380000114440918,13.542499542236328,10.150399208068848,1037600,0.0
2003-12-12,13.557499885559082,13.5600004196167,13.462499618530273,13.552499771118164,10.157893180847168,514800,0.0
2003-12-15,13.6274995803833,13.6274995803833,13.407500267028809,13.444999694824219,10.115572929382324,655600,0.05125
2003-12-16,13.475000381469727,13.529999732971191,13.399999618530273,13.5,10.156954765319824,812800,0.0
2003-12-17,13.5,13.547499656677246,13.452500343322754,13.547499656677246,10.192694664001465,618800,0.0
2003-12-18,13.524999618530273,13.675000190734863,13.524999618530273,13.675000190734863,10.288620948791504,976000,0.0
2003-12-19,13.637499809265137,13.6875,13.579999923706055,13.602499961853027,10.234076499938965,831200,0.0
2003-12-22,13.625,13.6850004196167,13.585000038146973,13.675000190734863,10.288620948791504,514400,0.0
2003-12-23,13.699999809265137,13.727499961853027,13.642499923706055,13.717499732971191,10.320592880249023,887200,0.0
2003-12-24,13.6875,13.727499961853027,13.65250015258789,13.6875,10.298023223876953,353600,0.0
2003-12-26,13.72249984741211,13.7475004196167,13.6850004196167,13.710000038146973,10.31495189666748,270800,0.0
2003-12-29,13.774999618530273,13.897500038146973,13.737500190734863,13.897500038146973,10.456024169921875,439200,0.0
2003-12-30,13.890000343322754,13.895000457763672,13.835000038146973,13.890000343322754,10.4503812789917,1077600,0.0
2003-12-31,13.897500038146973,13.917499542236328,13.827500343322754,13.899999618530273,10.457902908325195,728800,0.0
2004-01-02,13.970000267028809,14.005000114440918,13.8100004196167,13.862500190734863,10.4296875,578000,0.0
2004-01-05,13.9375,14.047499656677246,13.920000076293945,14.047499656677246,10.56887435913086,721600,0.0
2004-01-06,14.024999618530273,14.087499618530273,13.987500190734863,14.042499542236328,10.565115928649902,680000,0.0
2004-01-07,14.067500114440918,14.1225004196167,13.987500190734863,14.1225004196167,10.62530517578125,1757600,0.0
2004-01-08,14.175000190734863,14.1850004196167,14.092499732971191,14.157500267028809,10.651640892028809,427600,0.0
2004-01-09,14.095000267028809,14.170000076293945,14.03499984741211,14.03499984741211,10.559471130371094,578000,0.0
2004-01-12,14.092499732971191,14.145000457763672,14.017499923706055,14.145000457763672,10.642231941223145,473200,0.0
2004-01-13,14.137499809265137,14.142499923706055,13.9350004196167,14.022500038146973,10.550071716308594,736800,0.0
2004-01-14,14.085000038146973,14.175000190734863,14.02750015258789,14.175000190734863,10.664807319641113,470000,0.0
2004-01-15,14.149999618530273,14.22249984741211,14.02750015258789,14.1850004196167,10.672329902648926,1094000,0.0
2004-01-16,14.225000381469727,14.260000228881836,14.157500267028809,14.257499694824219,10.726875305175781,409600,0.0
2004-01-20,14.295000076293945,14.305000305175781,14.167499542236328,14.237500190734863,10.711827278137207,1681600,0.0
2004-01-21,14.210000038146973,14.3125,14.142499923706055,14.300000190734863,10.758851051330566,607200,0.0
2004-01-22,14.317500114440918,14.354999542236328,14.225000381469727,14.2524995803833,10.723111152648926,613200,0.0
2004-01-23,14.300000190734863,14.335000038146973,14.154999732971191,14.2524995803833,10.723111152648926,678400,0.0
2004-01-26,14.270000457763672,14.449999809265137,14.237500190734863,14.449999809265137,10.871705055236816,826000,0.0
2004-01-27,14.4399995803833,14.454999923706055,14.27750015258789,14.27750015258789,10.741922378540039,637600,0.0
2004-01-28,14.380000114440918,14.387499809265137,14.104999542236328,14.140000343322754,10.638469696044922,486400,0.0
2004-01-29,14.197500228881836,14.237500190734863,14.074999809265137,14.234999656677246,10.709949493408203,445200,0.0
2004-01-30,14.210000038146973,14.210000038146973,14.130000114440918,14.1850004196167,10.672329902648926,675200,0.0
2004-02-02,14.212499618530273,14.329999923706055,14.114999771118164,14.237500190734863,10.711827278137207,519200,0.0
2004-02-03,14.22249984741211,14.274999618530273,14.177499771118164,14.25,10.721232414245605,851200,0.0
2004-02-04,14.1899995803833,14.257499694824219,14.145000457763672,14.1875,10.674206733703613,457600,0.0
2004-02-05,14.204999923706055,14.227499961853027,14.132499694824219,14.164999961853027,10.657280921936035,1241600,0.0
2004-02-06,14.255000114440918,14.357500076293945,14.164999961853027,14.357500076293945,10.80211353302002,1026400,0.0
2004-02-09,14.300000190734863,14.367500305175781,14.272500038146973,14.3149995803833,10.770129203796387,403600,0.0
2004-02-10,14.3125,14.380000114440918,14.282500267028809,14.352499961853027,10.798354148864746,495600,0.0
2004-02-11,14.337499618530273,14.492500305175781,14.302499771118164,14.482500076293945,10.896161079406738,844800,0.0
2004-02-12,14.457500457763672,14.482500076293945,14.380000114440918,14.387499809265137,10.824682235717773,496400,0.0
2004-02-13,14.467499732971191,14.467499732971191,14.270000457763672,14.307499885559082,10.764493942260742,311600,0.0
2004-02-17,14.460000038146973,14.47249984741211,14.387499809265137,14.454999923706055,10.875465393066406,640000,0.0
2004-02-18,14.452500343322754,14.454999923706055,14.345000267028809,14.362500190734863,10.805874824523926,824000,0.0
2004-02-19,14.5024995803833,14.5024995803833,14.292499542236328,14.295000076293945,10.755087852478027,428400,0.0
2004-02-20,14.375,14.380000114440918,14.217499732971191,14.34000015258789,10.788945198059082,440400,0.0
2004-02-23,14.34749984741211,14.34749984741211,14.177499771118164,14.270000457763672,10.736276626586914,664000,0.0
2004-02-24,14.239999771118164,14.322500228881836,14.172499656677246,14.262499809265137,10.730636596679688,1449200,0.0
2004-02-25,14.227499961853027,14.3100004196167,14.21500015258789,14.297499656677246,10.756967544555664,523200,0.0
2004-02-26,14.270000457763672,14.319999694824219,14.197500228881836,14.237500190734863,10.711827278137207,799600,0.0
2004-02-27,14.317500114440918,14.364999771118164,14.21500015258789,14.265000343322754,10.732518196105957,704800,0.0
2004-03-01,14.260000228881836,14.399999618530273,14.244999885559082,14.375,10.815274238586426,385600,0.0
2004-03-02,14.362500190734863,14.40250015258789,14.255000114440918,14.3100004196167,10.766375541687012,486800,0.0
2004-03-03,14.255000114440918,14.307499885559082,14.180000305175781,14.292499542236328,10.75320816040039,449200,0.0
2004-03-04,14.305000305175781,14.34749984741211,14.2524995803833,14.34749984741211,10.794586181640625,908800,0.0
2004-03-05,14.257499694824219,14.427499771118164,14.2475004196167,14.357500076293945,10.80211353302002,501200,0.0
2004-03-08,14.357500076293945,14.375,14.15999984741211,14.15999984741211,10.653517723083496,1069200,0.0
2004-03-09,14.172499656677246,14.180000305175781,14.050000190734863,14.112500190734863,10.617778778076172,1209600,0.0
2004-03-10,14.100000381469727,14.145000457763672,13.917499542236328,13.917499542236328,10.471067428588867,566400,0.0
2004-03-11,13.827500343322754,13.967499732971191,13.6899995803833,13.692500114440918,10.301787376403809,827200,0.0
2004-03-12,13.8125,13.880000114440918,13.739999771118164,13.880000114440918,10.442855834960938,604800,0.0
2004-03-15,13.78499984741211,13.824999809265137,13.647500038146973,13.680000305175781,10.29238224029541,1084800,0.0
2004-03-16,13.8100004196167,13.8100004196167,13.612500190734863,13.7524995803833,10.346930503845215,971600,0.0
2004-03-17,13.8100004196167,13.895000457763672,13.77750015258789,13.869999885559082,10.435331344604492,710400,0.0
2004-03-18,13.832500457763672,13.862500190734863,13.692500114440918,13.797499656677246,10.380784034729004,292400,0.0
2004-03-19,13.8100004196167,13.8149995803833,13.649999618530273,13.649999618530273,10.269810676574707,208800,0.0
2004-03-22,13.539999961853027,13.569999694824219,13.392499923706055,13.462499618530273,10.128741264343262,739600,0.0
2004-03-23,13.524999618530273,13.587499618530273,13.432499885559082,13.489999771118164,10.149435997009277,692400,0.0
2004-03-24,13.512499809265137,13.587499618530273,13.40250015258789,13.520000457763672,10.172004699707031,497200,0.0
2004-03-25,13.612500190734863,13.765000343322754,13.552499771118164,13.7524995803833,10.346930503845215,451600,0.0
2004-03-26,13.734999656677246,13.824999809265137,13.725000381469727,13.725000381469727,10.326242446899414,668000,0.0
2004-03-29,13.787500381469727,13.907500267028809,13.770000457763672,13.845000267028809,10.441821098327637,1414400,0.03325
2004-03-30,13.845000267028809,13.904999732971191,13.805000305175781,13.885000228881836,10.471988677978516,637600,0.0
2004-03-31,13.885000228881836,13.9350004196167,13.807499885559082,13.880000114440918,10.46821403503418,246800,0.0
2004-04-01,13.907500267028809,13.979999542236328,13.869999885559082,13.967499732971191,10.534211158752441,608800,0.0
2004-04-02,14.117500305175781,14.149999618530273,14.042499542236328,14.1225004196167,10.651107788085938,628000,0.0
2004-04-05,14.149999618530273,14.229999542236328,14.114999771118164,14.217499732971191,10.722758293151855,493600,0.0
2004-04-06,14.1875,14.1899995803833,14.102499961853027,14.149999618530273,10.671850204467773,1475200,0.0
2004-04-07,14.1875,14.1875,14.052499771118164,14.112500190734863,10.643563270568848,534800,0.0
2004-04-08,14.242500305175781,14.242500305175781,14.0024995803833,14.050000190734863,10.596426963806152,304400,0.0
2004-04-12,14.09749984741211,14.175000190734863,14.09749984741211,14.175000190734863,10.690704345703125,490800,0.0
2004-04-13,14.21500015258789,14.220000267028809,13.977499961853027,14.015000343322754,10.570033073425293,449600,0.0
2004-04-14,13.922499656677246,14.072500228881836,13.912500381469727,14.0600004196167,10.603971481323242,214000,0.0
2004-04-15,14.077500343322754,14.114999771118164,13.97249984741211,14.0625,10.605854034423828,384000,0.0
2004-04-16,14.085000038146973,14.164999961853027,14.012499809265137,14.140000343322754,10.664304733276367,364400,0.0
2004-04-19,14.1225004196167,14.172499656677246,14.082500457763672,14.170000076293945,10.686932563781738,1390400,0.0
2004-04-20,14.194999694824219,14.199999809265137,13.925000190734863,13.925000190734863,10.502156257629395,1062800,0.0
2004-04-21,13.952500343322754,14.032500267028809,13.882499694824219,14.0024995803833,10.560603141784668,343600,0.0
2004-04-22,13.97249984741211,14.207500457763672,13.947500228881836,14.167499542236328,10.685050964355469,1066400,0.0
2004-04-23,14.210000038146973,14.242500305175781,14.145000457763672,14.212499618530273,10.718984603881836,1020800,0.0
2004-04-26,14.237500190734863,14.267499923706055,14.09749984741211,14.157500267028809,10.677505493164062,842800,0.0
2004-04-27,14.197500228881836,14.289999961853027,14.137499809265137,14.175000190734863,10.690704345703125,347200,0.0
2004-04-28,14.100000381469727,14.107500076293945,13.944999694824219,13.967499732971191,10.534211158752441,332400,0.0
2004-04-29,14.017499923706055,14.042499542236328,13.789999961853027,13.904999732971191,10.487066268920898,491200,0.0
2004-04-30,13.952500343322754,13.957500457763672,13.77750015258789,13.77750015258789,10.390909194946289,582400,0.0
2004-05-03,13.819999694824219,13.975000381469727,13.819999694824219,13.930000305175781,10.505928039550781,511600,0.0
2004-05-04,13.9399995803833,14.045000076293945,13.827500343322754,13.8774995803833,10.466329574584961,1320800,0.0
2004-05-05,13.944999694824219,14.022500038146973,13.912500381469727,13.992500305175781,10.553060531616211,804400,0.0
2004-05-06,13.880000114440918,13.952500343322754,13.807499885559082,13.925000190734863,10.502156257629395,1158800,0.0
2004-05-07,13.899999618530273,13.984999656677246,13.8125,13.8125,10.417309761047363,3107600,0.0
2004-05-10,13.737500190734863,13.792499542236328,13.6274995803833,13.71500015258789,10.343772888183594,1993600,0.0
2004-05-11,13.787500381469727,13.817500114440918,13.717499732971191,13.75,10.370170593261719,648400,0.0
2004-05-12,13.75,13.792499542236328,13.512499809265137,13.787500381469727,10.39845085144043,502400,0.0
2004-05-13,13.762499809265137,13.824999809265137,13.6875,13.737500190734863,10.360743522644043,364400,0.0
2004-05-14,13.774999618530273,13.8125,13.645000457763672,13.699999809265137,10.332462310791016,360400,0.0
2004-05-17,13.5,13.670000076293945,13.5,13.587499618530273,10.2476167678833,474400,0.0
2004-05-18,13.699999809265137,13.725000381469727,13.640000343322754,13.704999923706055,10.336228370666504,808400,0.0
2004-05-19,13.824999809265137,13.859999656677246,13.614999771118164,13.614999771118164,10.268352508544922,1942400,0.0
2004-05-20,13.637499809265137,13.675000190734863,13.550000190734863,13.642499923706055,10.289093971252441,1918000,0.0
2004-05-21,13.6899995803833,13.742500305175781,13.602499961853027,13.680000305175781,10.317378044128418,362400,0.0
2004-05-24,13.757499694824219,13.787500381469727,13.612500190734863,13.670000076293945,10.309837341308594,1402000,0.0
2004-05-25,13.645000457763672,13.885000228881836,13.59000015258789,13.852499961853027,10.447476387023926,1375200,0.0
2004-05-26,13.875,13.9350004196167,13.835000038146973,13.887499809265137,10.473870277404785,1528000,0.0
2004-05-27,13.899999618530273,14.047499656677246,13.887499809265137,14.045000076293945,10.592657089233398,627200,0.0
2004-05-28,14.0625,14.0625,13.975000381469727,14.032500267028809,10.583230018615723,339600,0.0
2004-06-01,13.925000190734863,14.037500381469727,13.899999618530273,14.0024995803833,10.560603141784668,1423200,0.0
2004-06-02,14.0625,14.095000267028809,13.970000267028809,14.0625,10.605854034423828,331600,0.0
2004-06-03,14.050000190734863,14.085000038146973,13.957500457763672,13.957500457763672,10.5266695022583,1202000,0.0
2004-06-04,14.125,14.137499809265137,14.020000457763672,14.037500381469727,10.58700180053711,1304400,0.0
2004-06-07,14.125,14.265000343322754,14.104999542236328,14.237500190734863,10.737838745117188,2180800,0.0
2004-06-08,14.220000267028809,14.297499656677246,14.192500114440918,14.28499984741211,10.773661613464355,599600,0.0
2004-06-09,14.262499809265137,14.279999732971191,14.145000457763672,14.145000457763672,10.668078422546387,1276800,0.0
2004-06-10,14.207500457763672,14.225000381469727,14.15250015258789,14.199999809265137,10.70955753326416,351600,0.0
2004-06-14,14.1875,14.1875,14.037500381469727,14.100000381469727,10.63414192199707,1140000,0.0
2004-06-15,14.225000381469727,14.262499809265137,14.149999618530273,14.207500457763672,10.715217590332031,409600,0.0
2004-06-16,14.225000381469727,14.237500190734863,14.15250015258789,14.202500343322754,10.711441040039062,1468400,0.0
2004-06-17,14.172499656677246,14.182499885559082,14.09000015258789,14.147500038146973,10.669961929321289,306000,0.0
2004-06-18,14.125,14.234999656677246,14.109999656677246,14.180000305175781,10.694476127624512,343200,0.0
2004-06-21,14.225000381469727,14.225000381469727,14.104999542236328,14.125,10.652997970581055,1078400,0.0
2004-06-22,14.107500076293945,14.177499771118164,14.024999618530273,14.175000190734863,10.690704345703125,366400,0.0
2004-06-23,14.199999809265137,14.3125,14.1274995803833,14.3125,10.794404029846191,1992000,0.0
2004-06-24,14.265000343322754,14.3100004196167,14.212499618530273,14.255000114440918,10.7510404586792,1268800,0.0
2004-06-25,14.25,14.289999961853027,14.149999618530273,14.149999618530273,10.671850204467773,877600,0.0
2004-06-28,14.237500190734863,14.2475004196167,14.057499885559082,14.095000267028809,10.658429145812988,1588800,0.03725
2004-06-29,14.087499618530273,14.1850004196167,14.085000038146973,14.164999961853027,10.711359977722168,1081200,0.0
2004-06-30,14.199999809265137,14.25,14.102499961853027,14.202500343322754,10.739715576171875,1273600,0.0
2004-07-01,14.202500343322754,14.2475004196167,13.942500114440918,14.032500267028809,10.611166000366211,1321600,0.0
2004-07-02,14.0,14.024999618530273,13.9350004196167,13.962499618530273,10.558233261108398,363200,0.0
2004-07-06,13.9375,13.9375,13.800000190734863,13.84000015258789,10.46560001373291,406000,0.0
2004-07-07,13.800000190734863,13.925000190734863,13.800000190734863,13.8774995803833,10.493955612182617,968400,0.0
2004-07-08,13.850000381469727,13.904999732971191,13.770000457763672,13.770000457763672,10.412666320800781,355200,0.0
2004-07-09,13.875,13.875,13.78499984741211,13.824999809265137,10.454252243041992,445600,0.0
2004-07-12,13.75,13.824999809265137,13.712499618530273,13.800000190734863,10.43535041809082,1567600,0.0
2004-07-13,13.850000381469727,13.854999542236328,13.8125,13.829999923706055,10.458039283752441,307600,0.0
2004-07-14,13.774999618530273,13.887499809265137,13.72249984741211,13.77750015258789,10.41833782196045,1742400,0.0
2004-07-15,13.8125,13.832500457763672,13.6875,13.6875,10.350279808044434,481200,0.0
2004-07-16,13.800000190734863,13.800000190734863,13.614999771118164,13.625,10.303019523620605,373600,0.0
2004-07-19,13.600000381469727,13.649999618530273,13.517499923706055,13.59000015258789,10.276555061340332,342400,0.0
2004-07-20,13.625,13.75,13.572500228881836,13.75,10.397540092468262,418400,0.0
2004-07-21,13.787500381469727,13.797499656677246,13.46500015258789,13.475000381469727,10.189589500427246,365600,0.0
2004-07-22,13.5,13.59000015258789,13.385000228881836,13.552499771118164,10.248194694519043,7215200,0.0
2004-07-23,13.5,13.5,13.302499771118164,13.350000381469727,10.095070838928223,700800,0.0
2004-07-26,13.364999771118164,13.385000228881836,13.239999771118164,13.329999923706055,10.079948425292969,906000,0.0
2004-07-27,13.367500305175781,13.484999656677246,13.345000267028809,13.442500114440918,10.16501522064209,252800,0.0
2004-07-28,13.412500381469727,13.5,13.274999618530273,13.4399995803833,10.163125038146973,372400,0.0
2004-07-29,13.512499809265137,13.545000076293945,13.430000305175781,13.512499809265137,10.217947959899902,856400,0.0
2004-07-30,13.489999771118164,13.572500228881836,13.467499732971191,13.512499809265137,10.217947959899902,708400,0.0
2004-08-02,13.5,13.617500305175781,13.475000381469727,13.59000015258789,10.276555061340332,269200,0.0
2004-08-03,13.574999809265137,13.574999809265137,13.449999809265137,13.449999809265137,10.170683860778809,796400,0.0
2004-08-04,13.4375,13.532500267028809,13.395000457763672,13.46500015258789,10.182029724121094,348000,0.0
2004-08-05,13.475000381469727,13.487500190734863,13.217499732971191,13.237500190734863,10.009995460510254,870800,0.0
2004-08-06,13.149999618530273,13.175000190734863,13.0,13.047499656677246,9.866323471069336,1038800,0.0
2004-08-09,13.050000190734863,13.092499732971191,13.010000228881836,13.042499542236328,9.862541198730469,366400,0.0
2004-08-10,13.087499618530273,13.199999809265137,13.052499771118164,13.1875,9.972189903259277,424400,0.0
2004-08-11,13.024999618530273,13.1875,13.024999618530273,13.145000457763672,9.940053939819336,218400,0.0
2004-08-12,13.125,13.167499542236328,13.024999618530273,13.055000305175781,9.871992111206055,546400,0.0
2004-08-13,13.100000381469727,13.119999885559082,12.994999885559082,13.0625,9.877662658691406,637600,0.0
2004-08-16,13.102499961853027,13.229999542236328,13.067500114440918,13.180000305175781,9.966512680053711,315600,0.0
2004-08-17,13.274999618530273,13.3125,13.21500015258789,13.279999732971191,10.042136192321777,292000,0.0
2004-08-18,13.202500343322754,13.442500114440918,13.202500343322754,13.442500114440918,10.16501522064209,788400,0.0
2004-08-19,13.385000228881836,13.40999984741211,13.295000076293945,13.387499809265137,10.123424530029297,276400,0.0
2004-08-20,13.350000381469727,13.470000267028809,13.345000267028809,13.444999694824219,10.166903495788574,306000,0.0
2004-08-23,13.5,13.5,13.407500267028809,13.432499885559082,10.157450675964355,268400,0.0
2004-08-24,13.524999618530273,13.524999618530273,13.375,13.40999984741211,10.140440940856934,323600,0.0
2004-08-25,13.475000381469727,13.557499885559082,13.395000457763672,13.524999618530273,10.227399826049805,444800,0.0
2004-08-26,13.550000190734863,13.5625,13.507499694824219,13.550000190734863,10.24630355834961,440400,0.0
2004-08-27,13.587499618530273,13.604999542236328,13.52750015258789,13.582500457763672,10.270883560180664,369600,0.0
2004-08-30,13.550000190734863,13.550000190734863,13.452500343322754,13.460000038146973,10.178250312805176,210800,0.0
2004-08-31,13.5,13.5,13.364999771118164,13.479999542236328,10.193370819091797,467600,0.0
2004-09-01,13.479999542236328,13.5649995803833,13.4399995803833,13.537500381469727,10.236848831176758,722800,0.0
2004-09-02,13.550000190734863,13.702500343322754,13.5024995803833,13.682499885559082,10.346498489379883,586800,0.0
2004-09-03,13.675000190734863,13.699999809265137,13.587499618530273,13.625,10.303019523620605,1208000,0.0
2004-09-07,13.662500381469727,13.712499618530273,13.604999542236328,13.662500381469727,10.331377983093262,1575200,0.0
2004-09-08,13.662500381469727,13.717499732971191,13.6274995803833,13.647500038146973,10.32003402709961,627600,0.0
2004-09-09,13.699999809265137,13.710000038146973,13.609999656677246,13.662500381469727,10.331377983093262,353600,0.0
2004-09-10,13.662500381469727,13.770000457763672,13.609999656677246,13.757499694824219,10.403212547302246,262800,0.0
2004-09-13,13.7524995803833,13.832500457763672,13.7475004196167,13.762499809265137,10.406991958618164,518400,0.0
2004-09-14,13.8125,13.84000015258789,13.770000457763672,13.829999923706055,10.458039283752441,652000,0.0
2004-09-15,13.774999618530273,13.774999618530273,13.702500343322754,13.725000381469727,10.378640174865723,430000,0.0
2004-09-16,13.75,13.767499923706055,13.694999694824219,13.704999923706055,10.36351490020752,405200,0.0
2004-09-17,13.762499809265137,13.795000076293945,13.699999809265137,13.762499809265137,10.406991958618164,302400,0.0
2004-09-20,13.737500190734863,13.762499809265137,13.65250015258789,13.697500228881836,10.357839584350586,281200,0.0
2004-09-21,13.75,13.78499984741211,13.680000305175781,13.7524995803833,10.399435043334961,395200,0.0
2004-09-22,13.657500267028809,13.664999961853027,13.515000343322754,13.524999618530273,10.227399826049805,564400,0.0
2004-09-23,13.550000190734863,13.555000305175781,13.479999542236328,13.487500190734863,10.199043273925781,1260000,0.0
2004-09-24,13.5,13.542499542236328,13.457500457763672,13.462499618530273,10.18013858795166,313200,0.0
2004-09-27,13.425000190734863,13.432499885559082,13.34000015258789,13.362500190734863,10.13670825958252,329600,0.04275
2004-09-28,13.387499809265137,13.467499732971191,13.3100004196167,13.444999694824219,10.199292182922363,438400,0.0
2004-09-29,13.399999618530273,13.539999961853027,13.399999618530273,13.539999961853027,10.2713623046875,507200,0.0
2004-09-30,13.524999618530273,13.524999618530273,13.430000305175781,13.46500015258789,10.21446418762207,2025600,0.0
2004-10-01,13.524999618530273,13.6875,13.524999618530273,13.6875,10.383252143859863,942000,0.0
2004-10-04,13.8125,13.8149995803833,13.717499732971191,13.727499961853027,10.413595199584961,535600,0.0
2004-10-05,13.712499618530273,13.767499923706055,13.677499771118164,13.744999885559082,10.42686939239502,238400,0.0
2004-10-06,13.75,13.792499542236328,13.692500114440918,13.792499542236328,10.462900161743164,955600,0.0
2004-10-07,13.787500381469727,13.787500381469727,13.614999771118164,13.630000114440918,10.339631080627441,608000,0.0
2004-10-08,13.567500114440918,13.6274995803833,13.442500114440918,13.479999542236328,10.225842475891113,2018400,0.0
2004-10-11,13.524999618530273,13.545000076293945,13.467499732971191,13.505000114440918,10.244808197021484,660400,0.0
2004-10-12,13.487500190734863,13.517499923706055,13.392499923706055,13.487500190734863,10.231532096862793,354400,0.0
2004-10-13,13.524999618530273,13.582500457763672,13.364999771118164,13.420000076293945,10.180330276489258,428400,0.0
2004-10-14,13.449999809265137,13.452500343322754,13.3100004196167,13.335000038146973,10.115848541259766,518400,0.0
2004-10-15,13.387499809265137,13.444999694824219,13.3149995803833,13.369999885559082,10.142400741577148,308000,0.0
2004-10-18,13.287500381469727,13.487500190734863,13.287500381469727,13.467499732971191,10.216358184814453,288000,0.0
2004-10-19,13.550000190734863,13.572500228881836,13.392499923706055,13.40250015258789,10.167049407958984,862000,0.0
2004-10-20,13.399999618530273,13.4375,13.317500114440918,13.397500038146973,10.163260459899902,431600,0.0
2004-10-21,13.449999809265137,13.5024995803833,13.364999771118164,13.462499618530273,10.212568283081055,590400,0.0
2004-10-22,13.5,13.510000228881836,13.267499923706055,13.324999809265137,10.108263969421387,551200,0.0
2004-10-25,13.300000190734863,13.300000190734863,13.202500343322754,13.270000457763672,10.066539764404297,674400,0.0
2004-10-26,13.270000457763672,13.425000190734863,13.217499732971191,13.425000190734863,10.184122085571289,515200,0.0
2004-10-27,13.4375,13.672499656677246,13.387499809265137,13.664999961853027,10.36618423461914,532000,0.0
2004-10-28,13.604999542236328,13.71500015258789,13.602499961853027,13.672499656677246,10.371877670288086,510000,0.0
2004-10-29,13.699999809265137,13.72249984741211,13.625,13.682499885559082,10.3794584274292,835600,0.0
2004-11-01,13.712499618530273,13.712499618530273,13.617500305175781,13.662500381469727,10.364290237426758,1050800,0.0
2004-11-02,13.699999809265137,13.800000190734863,13.625,13.662500381469727,10.364290237426758,609200,0.0
2004-11-03,13.949999809265137,13.949999809265137,13.772500038146973,13.84749984741211,10.504630088806152,1444800,0.0
2004-11-04,13.862500190734863,14.037500381469727,13.795000076293945,14.029999732971191,10.643071174621582,2595600,0.0
2004-11-05,14.125,14.175000190734863,14.042499542236328,14.125,10.71513557434082,797600,0.0
2004-11-08,14.100000381469727,14.135000228881836,14.069999694824219,14.117500305175781,10.709451675415039,573600,0.0
2004-11-09,14.149999618530273,14.177499771118164,14.074999809265137,14.112500190734863,10.705656051635742,542000,0.0
2004-11-10,14.125,14.157500267028809,14.069999694824219,14.112500190734863,10.705656051635742,680800,0.0
2004-11-11,14.137499809265137,14.229999542236328,14.107500076293945,14.217499732971191,10.785309791564941,442400,0.0
2004-11-12,14.262499809265137,14.322500228881836,14.175000190734863,14.3125,10.857370376586914,968400,0.0
2004-11-15,14.3125,14.375,14.287500381469727,14.375,10.904783248901367,1722400,0.0
2004-11-16,14.324999809265137,14.332500457763672,14.2475004196167,14.274999618530273,10.828924179077148,916800,0.0
2004-11-17,14.375,14.422499656677246,14.289999961853027,14.337499618530273,10.876338958740234,602000,0.0
2004-11-18,14.362500190734863,14.392499923706055,14.3125,14.359999656677246,10.893406867980957,695200,0.0
2004-11-19,14.367500305175781,14.3774995803833,14.162500381469727,14.1875,10.762543678283691,759200,0.0
2004-11-22,14.175000190734863,14.25,14.104999542236328,14.227499961853027,10.792892456054688,931200,0.0
2004-11-23,14.217499732971191,14.237500190734863,14.104999542236328,14.1875,10.762543678283691,2300000,0.0
2004-11-24,14.237500190734863,14.265000343322754,14.1875,14.237500190734863,10.800482749938965,684800,0.0
2004-11-26,14.237500190734863,14.27750015258789,14.229999542236328,14.239999771118164,10.802376747131348,176000,0.0
2004-11-29,14.287500381469727,14.287500381469727,14.117500305175781,14.1274995803833,10.717032432556152,644000,0.0
2004-11-30,14.1875,14.1875,14.109999656677246,14.132499694824219,10.7208251953125,785200,0.0
2004-12-01,14.1875,14.350000381469727,14.15250015258789,14.324999809265137,10.866851806640625,498000,0.0
2004-12-02,14.350000381469727,14.462499618530273,14.317500114440918,14.4350004196167,10.95030403137207,1168400,0.0
2004-12-03,14.404999732971191,14.53499984741211,14.390000343322754,14.412500381469727,10.933231353759766,752000,0.0
2004-12-06,14.425000190734863,14.4350004196167,14.352499961853027,14.375,10.904783248901367,610800,0.0
2004-12-07,14.425000190734863,14.4375,14.25,14.25,10.80996036529541,604400,0.0
2004-12-08,14.255000114440918,14.354999542236328,14.25,14.322500228881836,10.864960670471191,2922000,0.0
2004-12-09,14.287500381469727,14.4375,14.217499732971191,14.417499542236328,10.93702507019043,652800,0.0
2004-12-10,14.399999618530273,14.430000305175781,14.342499732971191,14.397500038146973,10.921857833862305,632800,0.0
2004-12-13,14.5,14.507499694824219,14.390000343322754,14.5024995803833,11.001508712768555,498800,0.0
2004-12-14,14.524999618530273,14.607500076293945,14.510000228881836,14.5625,11.04702377319336,410400,0.0
2004-12-15,14.600000381469727,14.600000381469727,14.492500305175781,14.587499618530273,11.065986633300781,516400,0.0
2004-12-16,14.587499618530273,14.65250015258789,14.53499984741211,14.592499732971191,11.069779396057129,663600,0.0
2004-12-17,14.5024995803833,14.522500038146973,14.422499656677246,14.4375,10.95219898223877,880000,0.0
2004-12-20,14.550000190734863,14.5649995803833,14.430000305175781,14.470000267028809,10.976856231689453,598000,0.0
2004-12-21,14.512499809265137,14.587499618530273,14.449999809265137,14.5600004196167,11.045129776000977,1018000,0.0
2004-12-22,14.574999809265137,14.640000343322754,14.545000076293945,14.609999656677246,11.083057403564453,593200,0.0
2004-12-23,14.625,14.662500381469727,14.602499961853027,14.637499809265137,11.103918075561523,743600,0.0
2004-12-27,14.550000190734863,14.552499771118164,14.417499542236328,14.430000305175781,11.045171737670898,1473600,0.13075
2004-12-28,14.417499542236328,14.524999618530273,14.417499542236328,14.524999618530273,11.117884635925293,716800,0.0
2004-12-29,14.524999618530273,14.524999618530273,14.457500457763672,14.5,11.098750114440918,640400,0.0
2004-12-30,14.5,14.555000305175781,14.487500190734863,14.487500190734863,11.089183807373047,598000,0.0
2004-12-31,14.529999732971191,14.550000190734863,14.4375,14.4375,11.050911903381348,636400,0.0
2005-01-03,14.512499809265137,14.574999809265137,14.350000381469727,14.350000381469727,10.98393440246582,1360000,0.0
2005-01-04,14.444999694824219,14.444999694824219,14.182499885559082,14.237500190734863,10.897822380065918,618000,0.0
2005-01-05,14.25,14.28499984741211,14.125,14.162500381469727,10.840415954589844,518800,0.0
2005-01-06,14.162500381469727,14.25,14.142499923706055,14.207500457763672,10.874862670898438,783200,0.0
2005-01-07,14.225000381469727,14.267499923706055,14.147500038146973,14.202500343322754,10.871034622192383,636800,0.0
2005-01-10,14.149999618530273,14.332500457763672,14.149999618530273,14.282500267028809,10.932271003723145,1562000,0.0
2005-01-11,14.25,14.25,14.145000457763672,14.194999694824219,10.8652925491333,1924800,0.0
2005-01-12,14.225000381469727,14.287500381469727,14.107500076293945,14.25,10.907395362854004,1660000,0.0
2005-01-13,14.232500076293945,14.262499809265137,14.087499618530273,14.1274995803833,10.813629150390625,1143600,0.0
2005-01-14,14.177499771118164,14.225000381469727,14.125,14.220000267028809,10.884427070617676,487600,0.0
2005-01-18,14.182499885559082,14.350000381469727,14.137499809265137,14.350000381469727,10.98393440246582,570400,0.0
2005-01-19,14.324999809265137,14.324999809265137,14.1875,14.210000038146973,10.876774787902832,579200,0.0
2005-01-20,14.117500305175781,14.170000076293945,14.0625,14.09000015258789,10.78492259979248,514400,0.0
2005-01-21,14.137499809265137,14.140000343322754,13.952500343322754,14.012499809265137,10.725604057312012,621200,0.0
2005-01-24,13.987500190734863,14.042499542236328,13.914999961853027,13.922499656677246,10.656713485717773,1892000,0.0
2005-01-25,14.037500381469727,14.077500343322754,13.987500190734863,14.017499923706055,10.7294340133667,1540800,0.0
2005-01-26,14.0625,14.100000381469727,14.03499984741211,14.0649995803833,10.765787124633789,678800,0.0
2005-01-27,14.037500381469727,14.09749984741211,14.0,14.074999809265137,10.77344036102295,974400,0.0
2005-01-28,14.100000381469727,14.100000381469727,13.967499732971191,14.0625,10.763869285583496,891200,0.0
2005-01-31,14.145000457763672,14.145000457763672,14.079999923706055,14.125,10.811715126037598,668000,0.0
2005-02-01,14.137499809265137,14.234999656677246,14.114999771118164,14.225000381469727,10.888258934020996,629600,0.0
2005-02-02,14.25,14.305000305175781,14.220000267028809,14.297499656677246,10.94374942779541,809200,0.0
2005-02-03,14.274999618530273,14.289999961853027,14.197500228881836,14.255000114440918,10.911219596862793,731200,0.0
2005-02-04,14.2524995803833,14.399999618530273,14.225000381469727,14.399999618530273,11.022211074829102,687200,0.0
2005-02-07,14.399999618530273,14.407500267028809,14.324999809265137,14.3725004196167,11.00115966796875,820400,0.0
2005-02-08,14.350000381469727,14.414999961853027,14.327500343322754,14.359999656677246,10.991589546203613,1621200,0.0
2005-02-09,14.375,14.390000343322754,14.227499961853027,14.237500190734863,10.897822380065918,619200,0.0
2005-02-10,14.274999618530273,14.3149995803833,14.225000381469727,14.3125,10.955233573913574,734400,0.0
2005-02-11,14.300000190734863,14.4350004196167,14.237500190734863,14.399999618530273,11.022211074829102,661600,0.0
2005-02-14,14.40999984741211,14.4375,14.3725004196167,14.422499656677246,11.0394287109375,569600,0.0
2005-02-15,14.4375,14.520000457763672,14.40999984741211,14.482500076293945,11.085357666015625,557200,0.0
2005-02-16,14.449999809265137,14.515000343322754,14.4350004196167,14.4975004196167,11.096837043762207,587600,0.0
2005-02-17,14.494999885559082,14.507499694824219,14.375,14.375,11.003068923950195,561600,0.0
2005-02-18,14.387499809265137,14.4375,14.352499961853027,14.420000076293945,11.037514686584473,612800,0.0
2005-02-22,14.350000381469727,14.420000076293945,14.197500228881836,14.217499732971191,10.882519721984863,1774800,0.0
2005-02-23,14.25,14.302499771118164,14.202500343322754,14.300000190734863,10.945660591125488,942000,0.0
2005-02-24,14.300000190734863,14.425000190734863,14.239999771118164,14.425000190734863,11.041342735290527,1027200,0.0
2005-02-25,14.425000190734863,14.53499984741211,14.395000457763672,14.532500267028809,11.123626708984375,891200,0.0
2005-02-28,14.487500190734863,14.545000076293945,14.407500267028809,14.470000267028809,11.075787544250488,1218000,0.0
2005-03-01,14.5,14.557499885559082,14.482500076293945,14.512499809265137,11.108315467834473,836000,0.0
2005-03-02,14.475000381469727,14.614999771118164,14.449999809265137,14.547499656677246,11.13510513305664,619200,0.0
2005-03-03,14.587499618530273,14.607500076293945,14.470000267028809,14.552499771118164,11.138934135437012,456000,0.0
2005-03-04,14.600000381469727,14.704999923706055,14.582500457763672,14.680000305175781,11.236527442932129,701600,0.0
2005-03-07,14.699999809265137,14.7475004196167,14.675000190734863,14.682499885559082,11.238442420959473,604400,0.0
2005-03-08,14.682499885559082,14.712499618530273,14.600000381469727,14.617500305175781,11.188689231872559,807200,0.0
2005-03-09,14.612500190734863,14.65999984741211,14.4975004196167,14.517499923706055,11.112149238586426,925200,0.0
2005-03-10,14.557499885559082,14.572500228881836,14.425000190734863,14.550000190734863,11.137018203735352,756400,0.0
2005-03-11,14.542499542236328,14.579999923706055,14.392499923706055,14.425000190734863,11.041342735290527,481600,0.0
2005-03-14,14.449999809265137,14.47249984741211,14.392499923706055,14.462499618530273,11.070046424865723,625200,0.0
2005-03-15,14.512499809265137,14.512499809265137,14.357500076293945,14.357500076293945,10.989676475524902,617600,0.0
2005-03-16,14.324999809265137,14.34749984741211,14.202500343322754,14.2475004196167,10.905477523803711,742800,0.0
2005-03-17,14.274999618530273,14.307499885559082,14.225000381469727,14.257499694824219,10.913135528564453,577200,0.0
2005-03-18,14.287500381469727,14.322500228881836,14.197500228881836,14.282500267028809,10.932271003723145,732400,0.0
2005-03-21,14.25,14.274999618530273,14.157500267028809,14.225000381469727,10.888258934020996,621600,0.0
2005-03-22,14.25,14.3125,14.087499618530273,14.087499618530273,10.783007621765137,914800,0.0
2005-03-23,14.087499618530273,14.1899995803833,14.085000038146973,14.137499809265137,10.821281433105469,788800,0.0
2005-03-24,14.1875,14.237500190734863,14.140000343322754,14.142499923706055,10.825108528137207,642800,0.0
2005-03-28,14.100000381469727,14.172499656677246,14.100000381469727,14.112500190734863,10.850484848022461,871600,0.063
2005-03-29,14.0625,14.15999984741211,13.957500457763672,13.967499732971191,10.738999366760254,1010800,0.0
2005-03-30,14.024999618530273,14.197500228881836,14.024999618530273,14.162500381469727,10.888923645019531,2338800,0.0
2005-03-31,14.199999809265137,14.202500343322754,14.125,14.125,10.860092163085938,828400,0.0
2005-04-01,14.225000381469727,14.225000381469727,14.012499809265137,14.037500381469727,10.792817115783691,3119200,0.0
2005-04-04,14.037500381469727,14.132499694824219,14.005000114440918,14.125,10.860092163085938,869600,0.0
2005-04-05,14.125,14.1875,14.104999542236328,14.1850004196167,10.906224250793457,520800,0.0
2005-04-06,14.225000381469727,14.257499694824219,14.154999732971191,14.1899995803833,10.910066604614258,1458400,0.0
2005-04-07,14.212499618530273,14.292499542236328,14.172499656677246,14.292499542236328,10.988876342773438,823600,0.0
2005-04-08,14.274999618530273,14.300000190734863,14.162500381469727,14.162500381469727,10.888923645019531,690000,0.0
2005-04-11,14.225000381469727,14.225000381469727,14.147500038146973,14.167499542236328,10.89277172088623,302000,0.0
2005-04-12,14.162500381469727,14.262499809265137,14.02750015258789,14.225000381469727,10.936979293823242,951600,0.0
2005-04-13,14.225000381469727,14.232500076293945,14.055000305175781,14.09749984741211,10.838948249816895,535200,0.0
2005-04-14,14.100000381469727,14.114999771118164,13.942500114440918,13.982500076293945,10.750526428222656,1318800,0.0
2005-04-15,13.925000190734863,13.96500015258789,13.737500190734863,13.742500305175781,10.566004753112793,1449600,0.0
2005-04-18,13.767499923706055,13.832500457763672,13.699999809265137,13.774999618530273,10.590991020202637,1699600,0.0
2005-04-19,13.84000015258789,13.862500190734863,13.770000457763672,13.845000267028809,10.644813537597656,1039200,0.0
2005-04-20,13.875,13.897500038146973,13.649999618530273,13.662500381469727,10.504493713378906,1001200,0.0
2005-04-21,13.837499618530273,13.975000381469727,13.77750015258789,13.962499618530273,10.735151290893555,1575200,0.0
2005-04-22,13.925000190734863,13.962499618530273,13.755000114440918,13.850000381469727,10.648656845092773,1053600,0.0
2005-04-25,13.942500114440918,14.005000114440918,13.90999984741211,13.975000381469727,10.744767189025879,585600,0.0
2005-04-26,13.925000190734863,14.022500038146973,13.859999656677246,13.867500305175781,10.662108421325684,712800,0.0
2005-04-27,13.787500381469727,13.944999694824219,13.75,13.907500267028809,10.692866325378418,1174800,0.0
2005-04-28,13.875,13.885000228881836,13.725000381469727,13.737500190734863,10.562165260314941,938800,0.0
2005-04-29,13.817500114440918,13.912500381469727,13.6850004196167,13.899999618530273,10.68709659576416,796400,0.0
2005-05-02,13.9375,13.979999542236328,13.867500305175781,13.979999542236328,10.74860668182373,684000,0.0
2005-05-03,13.962499618530273,14.032500267028809,13.90250015258789,14.010000228881836,10.771673202514648,995200,0.0
2005-05-04,14.012499809265137,14.109999656677246,13.952500343322754,14.087499618530273,10.831259727478027,598400,0.0
2005-05-05,14.112500190734863,14.140000343322754,14.005000114440918,14.079999923706055,10.825492858886719,604800,0.0
2005-05-06,14.175000190734863,14.1875,14.037500381469727,14.037500381469727,10.792817115783691,632800,0.0
2005-05-09,14.087499618530273,14.147500038146973,14.039999961853027,14.137499809265137,10.869701385498047,809600,0.0
2005-05-10,14.087499618530273,14.087499618530273,13.960000038146973,13.994999885559082,10.76014518737793,2122800,0.0
2005-05-11,14.0,14.107500076293945,13.90250015258789,14.100000381469727,10.84086799621582,574000,0.0
2005-05-12,14.100000381469727,14.1225004196167,13.932499885559082,13.962499618530273,10.735151290893555,439600,0.0
2005-05-13,14.0,14.037500381469727,13.850000381469727,13.949999809265137,10.72553825378418,696800,0.0
2005-05-16,13.962499618530273,14.079999923706055,13.9375,14.072500228881836,10.819730758666992,600400,0.0
2005-05-17,14.012499809265137,14.157500267028809,13.987500190734863,14.132499694824219,10.865853309631348,486000,0.0
2005-05-18,14.204999923706055,14.3125,14.182499885559082,14.287500381469727,10.985027313232422,1624400,0.0
2005-05-19,14.324999809265137,14.359999656677246,14.282500267028809,14.350000381469727,11.033088684082031,846000,0.0
2005-05-20,14.352499961853027,14.352499961853027,14.274999618530273,14.337499618530273,11.023472785949707,837200,0.0
2005-05-23,14.362500190734863,14.4350004196167,14.317500114440918,14.385000228881836,11.059993743896484,2313600,0.0
2005-05-24,14.385000228881836,14.414999961853027,14.329999923706055,14.375,11.052303314208984,1064800,0.0
2005-05-25,14.460000038146973,14.460000038146973,14.292499542236328,14.362500190734863,11.042696952819824,1025200,0.0
2005-05-26,14.412500381469727,14.447500228881836,14.395000457763672,14.4375,11.100359916687012,744000,0.0
2005-05-27,14.4375,14.449999809265137,14.397500038146973,14.449999809265137,11.109973907470703,1250000,0.0
2005-05-31,14.6875,14.6875,14.345000267028809,14.345000267028809,11.029239654541016,813600,0.0
2005-06-01,14.345000267028809,14.510000228881836,14.337499618530273,14.460000038146973,11.117657661437988,2941200,0.0
2005-06-02,14.462499618530273,14.515000343322754,14.425000190734863,14.512499809265137,11.158020973205566,4061200,0.0
2005-06-03,14.5,14.515000343322754,14.362500190734863,14.395000457763672,11.0676851272583,870800,0.0
2005-06-06,14.395000457763672,14.422499656677246,14.337499618530273,14.407500267028809,11.07729434967041,1064400,0.0
2005-06-07,14.4399995803833,14.542499542236328,14.399999618530273,14.40999984741211,11.079216003417969,831200,0.0
2005-06-08,14.462499618530273,14.470000267028809,14.335000038146973,14.375,11.052303314208984,779200,0.0
2005-06-09,14.362500190734863,14.454999923706055,14.3100004196167,14.444999694824219,11.106128692626953,910400,0.0
2005-06-10,14.444999694824219,14.475000381469727,14.295000076293945,14.385000228881836,11.059993743896484,582000,0.0
2005-06-13,14.375,14.46500015258789,14.324999809265137,14.417499542236328,11.084982872009277,678800,0.0
2005-06-14,14.395000457763672,14.460000038146973,14.362500190734863,14.399999618530273,11.071529388427734,1120800,0.0
2005-06-15,14.454999923706055,14.487500190734863,14.337499618530273,14.425000190734863,11.090749740600586,806000,0.0
2005-06-16,14.4375,14.494999885559082,14.427499771118164,14.484999656677246,11.136876106262207,850800,0.0
2005-06-17,14.574999809265137,14.579999923706055,14.4975004196167,14.524999618530273,11.167631149291992,726000,0.0
2005-06-20,14.475000381469727,14.5600004196167,14.460000038146973,14.522500038146973,11.165714263916016,594400,0.0
2005-06-21,14.489999771118164,14.512499809265137,14.422499656677246,14.452500343322754,11.13604736328125,670400,0.0315
2005-06-22,14.482500076293945,14.520000457763672,14.395000457763672,14.467499732971191,11.147602081298828,862000,0.0
2005-06-23,14.444999694824219,14.460000038146973,14.25,14.260000228881836,10.987724304199219,1645600,0.0
2005-06-24,14.260000228881836,14.270000457763672,14.125,14.125,10.883700370788574,918400,0.0
2005-06-27,14.154999732971191,14.180000305175781,14.100000381469727,14.137499809265137,10.893331527709961,907200,0.0
2005-06-28,14.1875,14.302499771118164,14.172499656677246,14.297499656677246,11.016613006591797,792000,0.0
2005-06-29,14.317500114440918,14.317500114440918,14.217499732971191,14.229999542236328,10.964603424072266,670000,0.0
2005-06-30,14.274999618530273,14.279999732971191,14.09749984741211,14.125,10.883700370788574,1274000,0.0
2005-07-01,14.15250015258789,14.212499618530273,14.130000114440918,14.149999618530273,10.902962684631348,1424800,0.0
2005-07-05,14.137499809265137,14.3125,14.137499809265137,14.300000190734863,11.018539428710938,812400,0.0
2005-07-06,14.295000076293945,14.305000305175781,14.147500038146973,14.162500381469727,10.912591934204102,614800,0.0
2005-07-07,14.050000190734863,14.217499732971191,14.047499656677246,14.217499732971191,10.954974174499512,799600,0.0
2005-07-08,14.217499732971191,14.422499656677246,14.175000190734863,14.40250015258789,11.097521781921387,867600,0.0
2005-07-11,14.4375,14.52750015258789,14.420000076293945,14.5,11.172647476196289,1270400,0.0
2005-07-12,14.5,14.59000015258789,14.467499732971191,14.537500381469727,11.20154094696045,849600,0.0
2005-07-13,14.545000076293945,14.569999694824219,14.5,14.557499885559082,11.216955184936523,443600,0.0
2005-07-14,14.662500381469727,14.694999694824219,14.569999694824219,14.609999656677246,11.257407188415527,870800,0.0
2005-07-15,14.625,14.635000228881836,14.550000190734863,14.612500190734863,11.259333610534668,721200,0.0
2005-07-18,14.574999809265137,14.612500190734863,14.539999961853027,14.5600004196167,11.218878746032715,444800,0.0
2005-07-19,14.5649995803833,14.707500457763672,14.5649995803833,14.677499771118164,11.309415817260742,846400,0.0
2005-07-20,14.635000228881836,14.770000457763672,14.587499618530273,14.720000267028809,11.342162132263184,732000,0.0
2005-07-21,14.7475004196167,14.762499809265137,14.630000114440918,14.65250015258789,11.290152549743652,674400,0.0
2005-07-22,14.710000038146973,14.7475004196167,14.637499809265137,14.732500076293945,11.35179615020752,751200,0.0
2005-07-25,14.739999771118164,14.792499542236328,14.649999618530273,14.699999809265137,11.326751708984375,685600,0.0
2005-07-26,14.712499618530273,14.7524995803833,14.675000190734863,14.717499732971191,11.340234756469727,836400,0.0
2005-07-27,14.77750015258789,14.789999961853027,14.6899995803833,14.779999732971191,11.388392448425293,1027600,0.0
2005-07-28,14.8125,14.882499694824219,14.757499694824219,14.875,11.461593627929688,701200,0.0
2005-07-29,14.862500190734863,14.862500190734863,14.725000381469727,14.742500305175781,11.359498977661133,674400,0.0
2005-08-01,14.779999732971191,14.797499656677246,14.734999656677246,14.75,11.365277290344238,666400,0.0
2005-08-02,14.782500267028809,14.875,14.774999618530273,14.84000015258789,11.434626579284668,1226000,0.0
2005-08-03,14.84000015258789,14.882499694824219,14.805000305175781,14.8774995803833,11.463521003723145,574000,0.0
2005-08-04,14.837499618530273,14.84749984741211,14.697500228881836,14.725000381469727,11.346015930175781,1041600,0.0
2005-08-05,14.712499618530273,14.737500190734863,14.637499809265137,14.662500381469727,11.297856330871582,470800,0.0
2005-08-08,14.71500015258789,14.72249984741211,14.600000381469727,14.6274995803833,11.270892143249512,490000,0.0
2005-08-09,14.694999694824219,14.7524995803833,14.662500381469727,14.7475004196167,11.363353729248047,615200,0.0
2005-08-10,14.795000076293945,14.852499961853027,14.637499809265137,14.670000076293945,11.303635597229004,1154800,0.0
2005-08-11,14.717499732971191,14.78499984741211,14.65999984741211,14.772500038146973,11.382612228393555,897600,0.0
2005-08-12,14.739999771118164,14.739999771118164,14.625,14.670000076293945,11.303635597229004,514800,0.0
2005-08-15,14.6875,14.760000228881836,14.632499694824219,14.734999656677246,11.353719711303711,542000,0.0
2005-08-16,14.712499618530273,14.720000267028809,14.52750015258789,14.52750015258789,11.19383430480957,2079600,0.0
2005-08-17,14.53499984741211,14.625,14.517499923706055,14.5649995803833,11.222731590270996,447200,0.0
2005-08-18,14.53499984741211,14.614999771118164,14.505000114440918,14.5625,11.220806121826172,923600,0.0
2005-08-19,14.607500076293945,14.637499809265137,14.550000190734863,14.5625,11.220806121826172,540800,0.0
2005-08-22,14.600000381469727,14.670000076293945,14.5,14.574999809265137,11.230438232421875,961200,0.0
2005-08-23,14.579999923706055,14.779999732971191,14.477499961853027,14.537500381469727,11.20154094696045,720800,0.0
2005-08-24,14.522500038146973,14.614999771118164,14.412500381469727,14.412500381469727,11.105226516723633,734000,0.0
2005-08-25,14.454999923706055,14.487500190734863,14.427499771118164,14.462499618530273,11.143750190734863,1126400,0.0
2005-08-26,14.442500114440918,14.47249984741211,14.364999771118164,14.387499809265137,11.085958480834961,1997600,0.0
2005-08-29,14.3125,14.522500038146973,14.3125,14.5,11.172647476196289,576800,0.0
2005-08-30,14.475000381469727,14.475000381469727,14.327500343322754,14.412500381469727,11.105226516723633,6110000,0.0
2005-08-31,14.4375,14.625,14.375,14.625,11.268962860107422,612000,0.0
2005-09-01,14.59000015258789,14.642499923706055,14.520000457763672,14.5625,11.220806121826172,650800,0.0
2005-09-02,14.5625,14.600000381469727,14.510000228881836,14.517499923706055,11.18613338470459,634400,0.0
2005-09-06,14.569999694824219,14.734999656677246,14.569999694824219,14.725000381469727,11.346015930175781,1036400,0.0
2005-09-07,14.692500114440918,14.77750015258789,14.675000190734863,14.75,11.365277290344238,1260800,0.0
2005-09-08,14.725000381469727,14.757499694824219,14.672499656677246,14.712499618530273,11.336381912231445,2899600,0.0
2005-09-09,14.75,14.842499732971191,14.725000381469727,14.8125,11.413439750671387,570800,0.0
2005-09-12,14.824999809265137,14.84000015258789,14.78499984741211,14.800000190734863,11.403803825378418,558800,0.0
2005-09-13,14.762499809265137,14.802499771118164,14.682499885559082,14.712499618530273,11.336381912231445,556000,0.0
2005-09-14,14.712499618530273,14.770000457763672,14.602499961853027,14.637499809265137,11.278594017028809,1582800,0.0
2005-09-15,14.725000381469727,14.725000381469727,14.582500457763672,14.625,11.268962860107422,1039600,0.0
2005-09-16,14.697500228881836,14.729999542236328,14.625,14.720000267028809,11.342162132263184,594800,0.0
2005-09-19,14.704999923706055,14.710000038146973,14.592499732971191,14.637499809265137,11.278594017028809,629600,0.0
2005-09-20,14.667499542236328,14.712499618530273,14.517499923706055,14.539999961853027,11.203468322753906,937600,0.0
2005-09-21,14.479999542236328,14.529999732971191,14.414999961853027,14.449999809265137,11.134119033813477,1228000,0.0
2005-09-22,14.4399995803833,14.529999732971191,14.387499809265137,14.5,11.172647476196289,910000,0.0
2005-09-23,14.477499961853027,14.552499771118164,14.4375,14.515000343322754,11.184207916259766,669200,0.0
2005-09-26,14.524999618530273,14.539999961853027,14.382499694824219,14.449999809265137,11.172412872314453,631600,0.04975
2005-09-27,14.457500457763672,14.520000457763672,14.399999618530273,14.462499618530273,11.182076454162598,742000,0.0
2005-09-28,14.5,14.524999618530273,14.404999732971191,14.475000381469727,11.191743850708008,790000,0.0
2005-09-29,14.425000190734863,14.602499961853027,14.390000343322754,14.574999809265137,11.269062995910645,1136400,0.0
2005-09-30,14.569999694824219,14.645000457763672,14.53499984741211,14.645000457763672,11.3231840133667,752000,0.0
2005-10-03,14.649999618530273,14.664999961853027,14.542499542236328,14.5625,11.259397506713867,579600,0.0
2005-10-04,14.612500190734863,14.612500190734863,14.412500381469727,14.425000190734863,11.153078079223633,716400,0.0
2005-10-05,14.430000305175781,14.442500114440918,14.232500076293945,14.232500076293945,11.004247665405273,704000,0.0
2005-10-06,14.237500190734863,14.322500228881836,14.072500228881836,14.199999809265137,10.979119300842285,795200,0.0
2005-10-07,14.282500267028809,14.282500267028809,14.182499885559082,14.237500190734863,11.008111000061035,440000,0.0
2005-10-10,14.220000267028809,14.260000228881836,14.137499809265137,14.15999984741211,10.94819450378418,704400,0.0
2005-10-11,14.21500015258789,14.237500190734863,14.117500305175781,14.137499809265137,10.93079948425293,548000,0.0
2005-10-12,14.100000381469727,14.204999923706055,14.03499984741211,14.074999809265137,10.882475852966309,627600,0.0
2005-10-13,14.037500381469727,14.15999984741211,14.012499809265137,14.087499618530273,10.892141342163086,811600,0.0
2005-10-14,14.162500381469727,14.227499961853027,14.069999694824219,14.225000381469727,10.99844741821289,579200,0.0
2005-10-17,14.199999809265137,14.2524995803833,14.175000190734863,14.242500305175781,11.011984825134277,528000,0.0
2005-10-18,14.237500190734863,14.244999885559082,14.114999771118164,14.125,10.921133995056152,920000,0.0
2005-10-19,14.050000190734863,14.337499618530273,14.039999961853027,14.337499618530273,11.085433006286621,661600,0.0
2005-10-20,14.350000381469727,14.3725004196167,14.100000381469727,14.172499656677246,10.957855224609375,1713200,0.0
2005-10-21,14.229999542236328,14.260000228881836,14.107500076293945,14.149999618530273,10.940460205078125,950400,0.0
2005-10-24,14.199999809265137,14.345000267028809,14.175000190734863,14.337499618530273,11.085433006286621,650400,0.0
2005-10-25,14.3125,14.350000381469727,14.210000038146973,14.3125,11.0661039352417,741600,0.0
2005-10-26,14.287500381469727,14.390000343322754,14.220000267028809,14.234999656677246,11.006185531616211,694400,0.0
2005-10-27,14.25,14.2524995803833,14.055000305175781,14.074999809265137,10.882475852966309,534800,0.0
2005-10-28,14.157500267028809,14.270000457763672,14.079999923706055,14.270000457763672,11.033239364624023,531600,0.0
2005-10-31,14.342499732971191,14.425000190734863,14.324999809265137,14.34749984741211,11.09316635131836,649600,0.0
2005-11-01,14.3125,14.369999885559082,14.267499923706055,14.300000190734863,11.056436538696289,873600,0.0
2005-11-02,14.307499885559082,14.442500114440918,14.270000457763672,14.442500114440918,11.166617393493652,671200,0.0
2005-11-03,14.537500381469727,14.582500457763672,14.482500076293945,14.524999618530273,11.230402946472168,3156000,0.0
2005-11-04,14.5600004196167,14.569999694824219,14.477499961853027,14.537500381469727,11.24006175994873,575600,0.0
2005-11-07,14.552499771118164,14.59749984741211,14.5,14.555000305175781,11.253595352172852,933600,0.0
2005-11-08,14.532500267028809,14.572500228881836,14.512499809265137,14.539999961853027,11.242002487182617,661600,0.0
2005-11-09,14.545000076293945,14.6225004196167,14.507499694824219,14.537500381469727,11.24006175994873,2026400,0.0
2005-11-10,14.5600004196167,14.697500228881836,14.489999771118164,14.682499885559082,11.35217571258545,837200,0.0
2005-11-11,14.710000038146973,14.732500076293945,14.667499542236328,14.712499618530273,11.375370979309082,640800,0.0
2005-11-14,14.729999542236328,14.75,14.664999961853027,14.675000190734863,11.3463773727417,1121200,0.0
2005-11-15,14.710000038146973,14.765000343322754,14.635000228881836,14.6850004196167,11.354109764099121,681200,0.0
2005-11-16,14.710000038146973,14.742500305175781,14.657500267028809,14.742500305175781,11.39857006072998,854800,0.0
2005-11-17,14.787500381469727,14.837499618530273,14.734999656677246,14.824999809265137,11.462353706359863,762000,0.0
2005-11-18,14.8725004196167,14.922499656677246,14.8100004196167,14.895000457763672,11.51648235321045,712800,0.0
2005-11-21,14.930000305175781,15.0024995803833,14.887499809265137,15.0024995803833,11.599595069885254,587600,0.0
2005-11-22,14.979999542236328,15.0649995803833,14.9399995803833,15.039999961853027,11.628591537475586,1232800,0.0
2005-11-23,15.0600004196167,15.137499809265137,15.029999732971191,15.079999923706055,11.659516334533691,1447200,0.0
2005-11-25,15.119999885559082,15.1225004196167,15.074999809265137,15.114999771118164,11.686576843261719,252000,0.0
2005-11-28,15.132499694824219,15.132499694824219,14.975000381469727,15.010000228881836,11.605390548706055,1022000,0.0
2005-11-29,15.0625,15.09749984741211,14.97249984741211,14.982500076293945,11.584131240844727,1980800,0.0
2005-11-30,14.989999771118164,15.042499542236328,14.899999618530273,14.899999618530273,11.520339965820312,1564000,0.0
2005-12-01,15.024999618530273,15.107500076293945,14.989999771118164,15.09749984741211,11.673044204711914,1622800,0.0
2005-12-02,15.050000190734863,15.119999885559082,15.050000190734863,15.092499732971191,11.669180870056152,4181600,0.0
2005-12-05,15.100000381469727,15.104999542236328,15.02750015258789,15.050000190734863,11.636319160461426,660400,0.0
2005-12-06,15.132499694824219,15.1875,15.0600004196167,15.079999923706055,11.659516334533691,889600,0.0
2005-12-07,15.092499732971191,15.100000381469727,14.962499618530273,15.005000114440918,11.601531982421875,1896000,0.0
2005-12-08,15.024999618530273,15.077500343322754,14.930000305175781,14.992500305175781,11.591863632202148,690000,0.0
2005-12-09,15.087499618530273,15.087499618530273,14.962499618530273,15.017499923706055,11.611190795898438,652800,0.0
2005-12-12,15.0649995803833,15.079999923706055,14.987500190734863,15.047499656677246,11.63438892364502,936800,0.0
2005-12-13,15.037500381469727,15.167499542236328,15.0,15.09749984741211,11.673044204711914,880800,0.0
2005-12-14,15.087499618530273,15.21500015258789,15.087499618530273,15.170000076293945,11.729104042053223,808000,0.0
2005-12-15,15.180000305175781,15.212499618530273,15.112500190734863,15.175000190734863,11.73297119140625,1378400,0.0
2005-12-16,15.212499618530273,15.234999656677246,15.114999771118164,15.137499809265137,11.703977584838867,3599200,0.0
2005-12-19,15.162500381469727,15.1875,15.050000190734863,15.050000190734863,11.636319160461426,979600,0.0
2005-12-20,15.085000038146973,15.100000381469727,15.012499809265137,15.055000305175781,11.64018726348877,1512800,0.0
2005-12-21,15.125,15.157500267028809,15.047499656677246,15.0649995803833,11.647916793823242,1195200,0.0
2005-12-22,15.117500305175781,15.149999618530273,15.0649995803833,15.149999618530273,11.713634490966797,1230400,0.0
2005-12-23,15.087499618530273,15.130000114440918,15.0649995803833,15.112500190734863,11.718485832214355,694400,0.04375
2005-12-27,15.162500381469727,15.162500381469727,14.9399995803833,14.952500343322754,11.594416618347168,730800,0.0
2005-12-28,14.954999923706055,15.017499923706055,14.954999923706055,14.975000381469727,11.611867904663086,598400,0.0
2005-12-29,15.0,15.005000114440918,14.899999618530273,14.899999618530273,11.55370807647705,760400,0.0
2005-12-30,14.867500305175781,14.882499694824219,14.819999694824219,14.819999694824219,11.491673469543457,1146000,0.0
2006-01-03,14.925000190734863,15.112500190734863,14.8125,15.09000015258789,11.701037406921387,2495600,0.0
2006-01-04,15.087499618530273,15.180000305175781,15.079999923706055,15.170000076293945,11.76307201385498,1175200,0.0
2006-01-05,15.170000076293945,15.202500343322754,15.107500076293945,15.164999961853027,11.759193420410156,972400,0.0
2006-01-06,15.260000228881836,15.3125,15.194999694824219,15.297499656677246,11.861931800842285,1220400,0.0
2006-01-09,15.317500114440918,15.3774995803833,15.292499542236328,15.354999542236328,11.906524658203125,1756000,0.0
2006-01-10,15.300000190734863,15.352499961853027,15.287500381469727,15.335000038146973,11.891013145446777,2008800,0.0
2006-01-11,15.392499923706055,15.417499542236328,15.327500343322754,15.40999984741211,11.949170112609863,1766800,0.0
2006-01-12,15.387499809265137,15.40250015258789,15.295000076293945,15.329999923706055,11.887133598327637,810000,0.0
2006-01-13,15.287500381469727,15.357500076293945,15.267499923706055,15.319999694824219,11.879387855529785,1257200,0.0
2006-01-17,15.3125,15.3125,15.232500076293945,15.289999961853027,11.856119155883789,1338400,0.0
2006-01-18,15.199999809265137,15.267499923706055,15.15250015258789,15.207500457763672,11.79214859008789,1629200,0.0
2006-01-19,15.267499923706055,15.357500076293945,15.22249984741211,15.305000305175781,11.867752075195312,896800,0.0
2006-01-20,15.297499656677246,15.300000190734863,15.015000343322754,15.032500267028809,11.656457901000977,1262400,0.0
2006-01-23,15.074999809265137,15.09749984741211,15.012499809265137,15.045000076293945,11.666145324707031,1724400,0.0
2006-01-24,15.125,15.125,15.02750015258789,15.0600004196167,11.677772521972656,5595600,0.0
2006-01-25,15.09749984741211,15.125,14.932499885559082,15.015000343322754,11.642884254455566,1529600,0.0
2006-01-26,15.100000381469727,15.125,15.024999618530273,15.087499618530273,11.699097633361816,724000,0.0
2006-01-27,15.125,15.25,15.125,15.232500076293945,11.811535835266113,1104400,0.0
2006-01-30,15.25,15.287500381469727,15.232500076293945,15.25,11.82510757446289,1640800,0.0
2006-01-31,15.229999542236328,15.242500305175781,15.130000114440918,15.130000114440918,11.7320556640625,1622000,0.0
2006-02-01,15.154999732971191,15.220000267028809,15.145000457763672,15.217499732971191,11.799901008605957,1566400,0.0
2006-02-02,15.1875,15.199999809265137,15.03499984741211,15.077500343322754,11.6913480758667,1108000,0.0
2006-02-03,15.012499809265137,15.0600004196167,14.949999809265137,14.992500305175781,11.625431060791016,2206400,0.0
2006-02-06,15.0024995803833,15.017499923706055,14.930000305175781,14.977499961853027,11.613805770874023,1073600,0.0
2006-02-07,14.949999809265137,14.975000381469727,14.817500114440918,14.864999771118164,11.526571273803711,950400,0.0
2006-02-08,14.912500381469727,15.012499809265137,14.875,15.0024995803833,11.63318920135498,1047200,0.0
2006-02-09,15.037500381469727,15.095000267028809,14.944999694824219,14.97249984741211,11.609923362731934,1029200,0.0
2006-02-10,14.962499618530273,15.02750015258789,14.850000381469727,14.994999885559082,11.627370834350586,1084000,0.0
2006-02-13,14.954999923706055,14.977499961853027,14.869999885559082,14.922499656677246,11.571152687072754,1687600,0.0
2006-02-14,14.9375,15.082500457763672,14.899999618530273,15.0625,11.679715156555176,3425200,0.0
2006-02-15,15.0625,15.135000228881836,15.005000114440918,15.132499694824219,11.733992576599121,2202000,0.0
2006-02-16,15.162500381469727,15.217499732971191,15.112500190734863,15.212499618530273,11.796027183532715,2573200,0.0
2006-02-17,15.162500381469727,15.2475004196167,15.147500038146973,15.1899995803833,11.778579711914062,817600,0.0
2006-02-21,15.199999809265137,15.239999771118164,15.100000381469727,15.107500076293945,11.714609146118164,2595200,0.0
2006-02-22,15.164999961853027,15.25,15.142499923706055,15.210000038146973,11.794086456298828,1324000,0.0
2006-02-23,15.207500457763672,15.2524995803833,15.140000343322754,15.175000190734863,11.766948699951172,786800,0.0
2006-02-24,15.207500457763672,15.232500076293945,15.15250015258789,15.210000038146973,11.794086456298828,665200,0.0
2006-02-27,15.237500190734863,15.3100004196167,15.210000038146973,15.262499809265137,11.834799766540527,884800,0.0
2006-02-28,15.237500190734863,15.237500190734863,15.074999809265137,15.1225004196167,11.726237297058105,1234000,0.0
2006-03-01,15.130000114440918,15.232500076293945,15.100000381469727,15.217499732971191,11.799901008605957,1119200,0.0
2006-03-02,15.164999961853027,15.229999542236328,15.125,15.207500457763672,11.79214859008789,762000,0.0
2006-03-03,15.154999732971191,15.305000305175781,15.137499809265137,15.167499542236328,11.761136054992676,1010800,0.0
2006-03-06,15.170000076293945,15.1850004196167,15.037500381469727,15.079999923706055,11.693281173706055,604000,0.0
2006-03-07,15.050000190734863,15.077500343322754,14.992500305175781,15.037500381469727,11.66032886505127,537600,0.0
2006-03-08,14.987500190734863,15.130000114440918,14.979999542236328,15.107500076293945,11.714609146118164,864800,0.0
2006-03-09,15.130000114440918,15.147500038146973,15.007499694824219,15.02750015258789,11.65257740020752,614400,0.0
2006-03-10,15.050000190734863,15.149999618530273,15.012499809265137,15.125,11.728179931640625,612800,0.0
2006-03-13,15.149999618530273,15.175000190734863,15.092499732971191,15.145000457763672,11.74368667602539,658800,0.0
2006-03-14,15.130000114440918,15.287500381469727,15.095000267028809,15.282500267028809,11.85030746459961,745600,0.0
2006-03-15,15.292499542236328,15.34749984741211,15.232500076293945,15.34000015258789,11.894891738891602,1471200,0.0
2006-03-16,15.350000381469727,15.407500267028809,15.332500457763672,15.345000267028809,11.898771286010742,5767600,0.0
2006-03-17,15.387499809265137,15.412500381469727,15.337499618530273,15.382499694824219,11.927846908569336,505200,0.0
2006-03-20,15.392499923706055,15.414999961853027,15.34749984741211,15.3774995803833,11.923967361450195,1107600,0.0
2006-03-21,15.380000114440918,15.4399995803833,15.265000343322754,15.274999618530273,11.844489097595215,1057600,0.0
2006-03-22,15.270000457763672,15.3774995803833,15.2524995803833,15.364999771118164,11.914276123046875,1150000,0.0
2006-03-23,15.350000381469727,15.359999656677246,15.267499923706055,15.307499885559082,11.869690895080566,829600,0.0
2006-03-24,15.324999809265137,15.367500305175781,15.267499923706055,15.335000038146973,11.891013145446777,2175600,0.0
2006-03-27,15.3125,15.3125,15.217499732971191,15.242500305175781,11.85058879852295,5187600,0.0405
2006-03-28,15.25,15.305000305175781,15.137499809265137,15.149999618530273,11.778671264648438,6843200,0.0
2006-03-29,15.162500381469727,15.302499771118164,15.162500381469727,15.262499809265137,11.86613655090332,1044000,0.0
2006-03-30,15.274999618530273,15.359999656677246,15.199999809265137,15.272500038146973,11.87391471862793,778000,0.0
2006-03-31,15.282500267028809,15.297499656677246,15.172499656677246,15.225000381469727,11.836981773376465,705600,0.0
2006-04-03,15.350000381469727,15.350000381469727,15.175000190734863,15.204999923706055,11.821432113647461,1278000,0.0
2006-04-04,15.175000190734863,15.295000076293945,15.149999618530273,15.25,11.856413841247559,743600,0.0
2006-04-05,15.25,15.335000038146973,15.242500305175781,15.319999694824219,11.910842895507812,8442400,0.0
2006-04-06,15.287500381469727,15.335000038146973,15.220000267028809,15.282500267028809,11.881690979003906,699200,0.0
2006-04-07,15.295000076293945,15.354999542236328,15.125,15.125,11.759230613708496,2515200,0.0
2006-04-10,15.194999694824219,15.194999694824219,15.100000381469727,15.157500267028809,11.784502983093262,818400,0.0
2006-04-11,15.162500381469727,15.1899995803833,14.992500305175781,15.037500381469727,11.691204071044922,2770400,0.0
2006-04-12,15.057499885559082,15.087499618530273,15.024999618530273,15.045000076293945,11.697035789489746,552400,0.0
2006-04-13,14.9975004196167,15.085000038146973,14.987500190734863,15.042499542236328,11.695091247558594,822800,0.0
2006-04-17,15.0625,15.077500343322754,14.932499885559082,14.982500076293945,11.648445129394531,696400,0.0
2006-04-18,15.069999694824219,15.234999656677246,15.047499656677246,15.234999656677246,11.844756126403809,1542000,0.0
2006-04-19,15.25,15.260000228881836,15.15999984741211,15.2524995803833,11.858357429504395,980800,0.0
2006-04-20,15.212499618530273,15.3125,15.197500228881836,15.25,11.856413841247559,865600,0.0
2006-04-21,15.324999809265137,15.357500076293945,15.1875,15.25,11.856413841247559,962400,0.0
2006-04-24,15.232500076293945,15.237500190734863,15.154999732971191,15.197500228881836,11.815598487854004,677200,0.0
2006-04-25,15.237500190734863,15.242500305175781,15.109999656677246,15.149999618530273,11.778671264648438,1432000,0.0
2006-04-26,15.197500228881836,15.257499694824219,15.145000457763672,15.182499885559082,11.803937911987305,1346000,0.0
2006-04-27,15.087499618530273,15.287500381469727,15.069999694824219,15.227499961853027,11.838924407958984,939600,0.0
2006-04-28,15.15999984741211,15.229999542236328,15.137499809265137,15.199999809265137,11.817545890808105,1390800,0.0
2006-05-01,15.199999809265137,15.25,15.085000038146973,15.09000015258789,11.732024192810059,1542400,0.0
2006-05-02,15.180000305175781,15.182499885559082,15.102499961853027,15.172499656677246,11.796163558959961,841200,0.0
2006-05-03,15.149999618530273,15.149999618530273,15.029999732971191,15.09000015258789,11.732024192810059,925200,0.0
2006-05-04,15.092499732971191,15.164999961853027,15.09000015258789,15.130000114440918,11.76312255859375,1570400,0.0
2006-05-05,15.182499885559082,15.274999618530273,15.177499771118164,15.260000228881836,11.864192962646484,745200,0.0
2006-05-08,15.25,15.279999732971191,15.229999542236328,15.267499923706055,11.870024681091309,673200,0.0
2006-05-09,15.234999656677246,15.267499923706055,15.212499618530273,15.25,11.856413841247559,872800,0.0
2006-05-10,15.194999694824219,15.244999885559082,15.162500381469727,15.212499618530273,11.827261924743652,914800,0.0
2006-05-11,15.237500190734863,15.237500190734863,14.982500076293945,15.024999618530273,11.68148422241211,1456400,0.0
2006-05-12,14.962499618530273,15.007499694824219,14.850000381469727,14.850000381469727,11.545434951782227,1596800,0.0
2006-05-15,14.819999694824219,14.954999923706055,14.800000190734863,14.9375,11.613459587097168,1402000,0.0
2006-05-16,14.944999694824219,14.962499618530273,14.882499694824219,14.882499694824219,11.570696830749512,634000,0.0
2006-05-17,14.8125,14.8725004196167,14.642499923706055,14.649999618530273,11.389932632446289,1747600,0.0
2006-05-18,14.6850004196167,14.737500190734863,14.582500457763672,14.582500457763672,11.337458610534668,1244000,0.0
2006-05-19,14.600000381469727,14.682499885559082,14.494999885559082,14.625,11.370497703552246,2198800,0.0
2006-05-22,14.524999618530273,14.667499542236328,14.477499961853027,14.5649995803833,11.3238525390625,1660400,0.0
2006-05-23,14.662500381469727,14.712499618530273,14.425000190734863,14.425000190734863,11.215004920959473,1350800,0.0
2006-05-24,14.505000114440918,14.625,14.407500267028809,14.585000038146973,11.339399337768555,1233200,0.0
2006-05-25,14.675000190734863,14.75,14.617500305175781,14.75,11.467682838439941,1118400,0.0
2006-05-26,14.805000305175781,14.8100004196167,14.725000381469727,14.8100004196167,11.51433277130127,902400,0.0
2006-05-30,14.770000457763672,14.770000457763672,14.557499885559082,14.5600004196167,11.319966316223145,524800,0.0
2006-05-31,14.569999694824219,14.664999961853027,14.5600004196167,14.662500381469727,11.39965534210205,1569200,0.0
2006-06-01,14.587499618530273,14.824999809265137,14.587499618530273,14.792499542236328,11.500724792480469,1078400,0.0
2006-06-02,14.887499809265137,14.887499809265137,14.7475004196167,14.842499732971191,11.539596557617188,784000,0.0
2006-06-05,14.800000190734863,14.800000190734863,14.569999694824219,14.587499618530273,11.341346740722656,710000,0.0
2006-06-06,14.637499809265137,14.637499809265137,14.475000381469727,14.587499618530273,11.341346740722656,855200,0.0
2006-06-07,14.612500190734863,14.694999694824219,14.494999885559082,14.494999885559082,11.269426345825195,3412400,0.0
2006-06-08,14.452500343322754,14.5649995803833,14.274999618530273,14.467499732971191,11.248047828674316,1819600,0.0
2006-06-09,14.512499809265137,14.574999809265137,14.427499771118164,14.454999923706055,11.238329887390137,1306000,0.0
2006-06-12,14.475000381469727,14.494999885559082,14.270000457763672,14.28499984741211,11.106158256530762,1026000,0.0
2006-06-13,14.237500190734863,14.382499694824219,14.164999961853027,14.167499542236328,11.014806747436523,5062800,0.0
2006-06-14,14.237500190734863,14.28499984741211,14.157500267028809,14.262499809265137,11.088665962219238,2126000,0.0
2006-06-15,14.319999694824219,14.585000038146973,14.319999694824219,14.537500381469727,11.302469253540039,1237200,0.0
2006-06-16,14.5,14.550000190734863,14.442500114440918,14.447500228881836,11.232494354248047,746400,0.0
2006-06-19,14.524999618530273,14.5625,14.332500457763672,14.354999542236328,11.160584449768066,971600,0.0
2006-06-20,14.40999984741211,14.457500457763672,14.337499618530273,14.367500305175781,11.170299530029297,970800,0.0
2006-06-21,14.375,14.5625,14.375,14.489999771118164,11.26554012298584,1361600,0.0
2006-06-22,14.492500305175781,14.492500305175781,14.362500190734863,14.417499542236328,11.209169387817383,774800,0.0
2006-06-23,14.324999809265137,14.457500457763672,14.324999809265137,14.369999885559082,11.207613945007324,517200,0.0455
2006-06-26,14.399999618530273,14.414999961853027,14.324999809265137,14.40999984741211,11.238812446594238,630800,0.0
2006-06-27,14.425000190734863,14.4350004196167,14.260000228881836,14.289999961853027,11.145220756530762,947200,0.0
2006-06-28,14.335000038146973,14.362500190734863,14.25,14.354999542236328,11.195918083190918,540400,0.0
2006-06-29,14.4375,14.65250015258789,14.422499656677246,14.637499809265137,11.416247367858887,1536800,0.0
2006-06-30,14.6850004196167,14.6875,14.600000381469727,14.600000381469727,11.38700008392334,718400,0.0
2006-07-03,14.6875,14.71500015258789,14.637499809265137,14.71500015258789,11.476689338684082,585600,0.0
2006-07-05,14.662500381469727,14.662500381469727,14.539999961853027,14.602499961853027,11.388951301574707,2836800,0.0
2006-07-06,14.59000015258789,14.6899995803833,14.59000015258789,14.635000228881836,11.414297103881836,1085200,0.0
2006-07-07,14.574999809265137,14.649999618530273,14.505000114440918,14.542499542236328,11.342150688171387,728000,0.0
2006-07-10,14.550000190734863,14.6274995803833,14.512499809265137,14.552499771118164,11.349950790405273,752800,0.0
2006-07-11,14.517499923706055,14.612500190734863,14.460000038146973,14.587499618530273,11.377251625061035,1694000,0.0
2006-07-12,14.609999656677246,14.612500190734863,14.422499656677246,14.447500228881836,11.268054962158203,928000,0.0
2006-07-13,14.387499809265137,14.412500381469727,14.255000114440918,14.274999618530273,11.13351821899414,1591600,0.0
2006-07-14,14.302499771118164,14.302499771118164,14.117500305175781,14.199999809265137,11.075027465820312,1037600,0.0
2006-07-17,14.1899995803833,14.267499923706055,14.164999961853027,14.175000190734863,11.055527687072754,966800,0.0
2006-07-18,14.1875,14.262499809265137,14.0625,14.225000381469727,11.094525337219238,1341600,0.0
2006-07-19,14.25,14.4975004196167,14.225000381469727,14.462499618530273,11.279754638671875,813200,0.0
2006-07-20,14.475000381469727,14.494999885559082,14.307499885559082,14.307499885559082,11.158869743347168,796400,0.0
2006-07-21,14.329999923706055,14.332500457763672,14.207500457763672,14.207500457763672,11.080876350402832,558400,0.0
2006-07-24,14.287500381469727,14.5,14.287500381469727,14.477499961853027,11.291459083557129,924800,0.0
2006-07-25,14.475000381469727,14.612500190734863,14.427499771118164,14.5625,11.35775375366211,1045600,0.0
2006-07-26,14.512499809265137,14.625,14.475000381469727,14.532500267028809,11.334354400634766,644000,0.0
2006-07-27,14.637499809265137,14.647500038146973,14.467499732971191,14.492500305175781,11.30315113067627,1453200,0.0
2006-07-28,14.545000076293945,14.6850004196167,14.53499984741211,14.647500038146973,11.424046516418457,487200,0.0
2006-07-31,14.649999618530273,14.667499542236328,14.612500190734863,14.6274995803833,11.408447265625,628000,0.0
2006-08-01,14.587499618530273,14.59749984741211,14.5,14.555000305175781,11.351895332336426,771600,0.0
2006-08-02,14.637499809265137,14.712499618530273,14.625,14.657500267028809,11.431844711303711,1178800,0.0
2006-08-03,14.555000305175781,14.717499732971191,14.550000190734863,14.667499542236328,11.439640998840332,1812800,0.0
2006-08-04,14.772500038146973,14.792499542236328,14.592499732971191,14.65999984741211,11.433795928955078,1329200,0.0
2006-08-07,14.587499618530273,14.65999984741211,14.587499618530273,14.6225004196167,11.404548645019531,496400,0.0
2006-08-08,14.649999618530273,14.710000038146973,14.552499771118164,14.577500343322754,11.3694486618042,637200,0.0
2006-08-09,14.725000381469727,14.757499694824219,14.545000076293945,14.585000038146973,11.375299453735352,702800,0.0
2006-08-10,14.524999618530273,14.654999732971191,14.524999618530273,14.625,11.406495094299316,798400,0.0
2006-08-11,14.625,14.625,14.542499542236328,14.577500343322754,11.3694486618042,574400,0.0
2006-08-14,14.6875,14.734999656677246,14.604999542236328,14.619999885559082,11.402595520019531,847600,0.0
2006-08-15,14.762499809265137,14.817500114440918,14.704999923706055,14.797499656677246,11.541034698486328,4229600,0.0
2006-08-16,14.837499618530273,14.9375,14.832500457763672,14.914999961853027,11.632678985595703,1201600,0.0
2006-08-17,14.8774995803833,15.010000228881836,14.8774995803833,14.957500457763672,11.665824890136719,714000,0.0
2006-08-18,14.989999771118164,15.039999961853027,14.90999984741211,15.039999961853027,11.730170249938965,670000,0.0
2006-08-21,15.012499809265137,15.012499809265137,14.944999694824219,15.0024995803833,11.700922012329102,957600,0.0
2006-08-22,14.957500457763672,15.037500381469727,14.9375,14.994999885559082,11.695070266723633,702000,0.0
2006-08-23,14.992500305175781,15.017499923706055,14.875,14.947500228881836,11.658024787902832,485600,0.0
2006-08-24,14.949999809265137,14.984999656677246,14.912500381469727,14.962499618530273,11.66972541809082,564800,0.0
2006-08-25,14.962499618530273,15.02750015258789,14.944999694824219,14.982500076293945,11.685320854187012,710800,0.0
2006-08-28,14.949999809265137,15.100000381469727,14.949999809265137,15.039999961853027,11.730170249938965,764400,0.0
2006-08-29,15.069999694824219,15.1225004196167,15.0,15.114999771118164,11.788663864135742,1485200,0.0
2006-08-30,15.145000457763672,15.147500038146973,15.09000015258789,15.119999885559082,11.792563438415527,3468400,0.0
2006-08-31,15.145000457763672,15.147500038146973,15.092499732971191,15.107500076293945,11.782814025878906,3796000,0.0
2006-09-01,15.145000457763672,15.202500343322754,15.117500305175781,15.199999809265137,11.854957580566406,1395600,0.0
2006-09-05,15.199999809265137,15.225000381469727,15.154999732971191,15.202500343322754,11.856907844543457,2259600,0.0
2006-09-06,15.15999984741211,15.175000190734863,15.037500381469727,15.050000190734863,11.737963676452637,773200,0.0
2006-09-07,14.977499961853027,15.072500228881836,14.962499618530273,14.977499961853027,11.68142318725586,467200,0.0
2006-09-08,15.007499694824219,15.0625,14.987500190734863,15.037500381469727,11.728219985961914,738000,0.0
2006-09-11,14.977499961853027,15.112500190734863,14.952500343322754,15.09000015258789,11.7691650390625,803200,0.0
2006-09-12,15.117500305175781,15.265000343322754,15.104999542236328,15.25,11.893952369689941,943600,0.0
2006-09-13,15.194999694824219,15.305000305175781,15.194999694824219,15.279999732971191,11.917346954345703,624000,0.0
2006-09-14,15.282500267028809,15.295000076293945,15.234999656677246,15.287500381469727,11.923200607299805,794000,0.0
2006-09-15,15.395000457763672,15.395000457763672,15.300000190734863,15.327500343322754,11.954400062561035,1016400,0.0
2006-09-18,15.34749984741211,15.399999618530273,15.302499771118164,15.329999923706055,11.956345558166504,588400,0.0
2006-09-19,15.324999809265137,15.357500076293945,15.217499732971191,15.3100004196167,11.940753936767578,627600,0.0
2006-09-20,15.382499694824219,15.427499771118164,15.34000015258789,15.382499694824219,11.997296333312988,813600,0.0
2006-09-21,15.329999923706055,15.4375,15.274999618530273,15.324999809265137,11.952449798583984,1664400,0.0
2006-09-22,15.3149995803833,15.3149995803833,15.194999694824219,15.2475004196167,11.89200210571289,3625600,0.0
2006-09-25,15.305000305175781,15.412500381469727,15.192500114440918,15.350000381469727,11.971944808959961,873600,0.0
2006-09-26,15.3725004196167,15.494999885559082,15.357500076293945,15.470000267028809,12.065542221069336,844800,0.0
2006-09-27,15.449999809265137,15.482500076293945,15.412500381469727,15.452500343322754,12.090768814086914,2285600,0.04975
2006-09-28,15.5,15.5,15.397500038146973,15.477499961853027,12.110337257385254,3206000,0.0
2006-09-29,15.475000381469727,15.487500190734863,15.425000190734863,15.425000190734863,12.069255828857422,987600,0.0
2006-10-02,15.4399995803833,15.462499618530273,15.350000381469727,15.369999885559082,12.026225090026855,941600,0.0
2006-10-03,15.367500305175781,15.4350004196167,15.297499656677246,15.382499694824219,12.036003112792969,1068400,0.0
2006-10-04,15.329999923706055,15.595000267028809,15.329999923706055,15.595000267028809,12.202272415161133,1070400,0.0
2006-10-05,15.625,15.649999618530273,15.574999809265137,15.645000457763672,12.241392135620117,1441600,0.0
2006-10-06,15.587499618530273,15.614999771118164,15.532500267028809,15.604999542236328,12.210091590881348,1070000,0.0
2006-10-09,15.5625,15.6274995803833,15.5625,15.600000381469727,12.206185340881348,875600,0.0
2006-10-10,15.612500190734863,15.637499809265137,15.5600004196167,15.625,12.22574520111084,568800,0.0
2006-10-11,15.569999694824219,15.6225004196167,15.479999542236328,15.555000305175781,12.17096996307373,3705200,0.0
2006-10-12,15.637499809265137,15.729999542236328,15.602499961853027,15.727499961853027,12.305948257446289,1748000,0.0
2006-10-13,15.712499618530273,15.7475004196167,15.667499542236328,15.729999542236328,12.307897567749023,1134000,0.0
2006-10-16,15.725000381469727,15.797499656677246,15.704999923706055,15.774999618530273,12.343109130859375,1074800,0.0
2006-10-17,15.732500076293945,15.75,15.637499809265137,15.725000381469727,12.303991317749023,559600,0.0
2006-10-18,15.845000267028809,15.84749984741211,15.702500343322754,15.757499694824219,12.32941722869873,1683200,0.0
2006-10-19,15.75,15.8100004196167,15.725000381469727,15.779999732971191,12.347024917602539,7808000,0.0
2006-10-20,15.824999809265137,15.824999809265137,15.739999771118164,15.819999694824219,12.378323554992676,1310000,0.0
2006-10-23,15.77750015258789,15.9350004196167,15.762499809265137,15.912500381469727,12.450702667236328,5174000,0.0
2006-10-24,15.852499961853027,15.914999961853027,15.837499618530273,15.90999984741211,12.448744773864746,682800,0.0
2006-10-25,15.885000228881836,15.987500190734863,15.885000228881836,15.967499732971191,12.493731498718262,979200,0.0
2006-10-26,16.024999618530273,16.052499771118164,15.922499656677246,16.012500762939453,12.528945922851562,2822000,0.0
2006-10-27,15.989999771118164,16.017499923706055,15.8774995803833,15.925000190734863,12.460482597351074,1788800,0.0
2006-10-30,15.887499809265137,15.954999923706055,15.84749984741211,15.912500381469727,12.450702667236328,1293600,0.0
2006-10-31,15.962499618530273,15.962499618530273,15.829999923706055,15.9375,12.470258712768555,1526000,0.0
2006-11-01,15.9399995803833,15.960000038146973,15.774999618530273,15.8149995803833,12.374411582946777,884000,0.0
2006-11-02,15.755000114440918,15.817500114440918,15.737500190734863,15.807499885559082,12.36854362487793,582400,0.0
2006-11-03,15.862500190734863,15.862500190734863,15.744999885559082,15.767499923706055,12.337246894836426,1731200,0.0
2006-11-06,15.832500457763672,15.984999656677246,15.8125,15.947500228881836,12.478082656860352,705200,0.0
2006-11-07,15.960000038146973,16.049999237060547,15.9375,15.984999656677246,12.507430076599121,757600,0.0
2006-11-08,15.925000190734863,16.045000076293945,15.895000457763672,16.037500381469727,12.548506736755371,796800,0.0
2006-11-09,16.102500915527344,16.102500915527344,15.904999732971191,15.9350004196167,12.468299865722656,619200,0.0
2006-11-10,15.944999694824219,15.947500228881836,15.8774995803833,15.9375,12.470258712768555,606800,0.0
2006-11-13,15.897500038146973,16.014999389648438,15.897500038146973,15.975000381469727,12.499601364135742,765200,0.0
2006-11-14,16.03499984741211,16.122499465942383,15.927499771118164,16.1200008392334,12.613054275512695,1699600,0.0
2006-11-15,16.127500534057617,16.24250030517578,16.110000610351562,16.19499969482422,12.67173957824707,1720000,0.0
2006-11-16,16.28499984741211,16.28499984741211,16.1825008392334,16.209999084472656,12.683478355407715,738800,0.0
2006-11-17,16.15999984741211,16.262500762939453,16.157499313354492,16.262500762939453,12.724556922912598,1260400,0.0
2006-11-20,16.237499237060547,16.25,16.177499771118164,16.19499969482422,12.67173957824707,4549200,0.0
2006-11-21,16.237499237060547,16.25749969482422,16.21500015258789,16.21500015258789,12.687385559082031,952000,0.0
2006-11-22,16.292499542236328,16.315000534057617,16.2450008392334,16.309999465942383,12.761719703674316,680400,0.0
2006-11-24,16.237499237060547,16.287500381469727,16.225000381469727,16.235000610351562,12.703035354614258,517200,0.0
2006-11-27,16.225000381469727,16.232500076293945,16.0,16.0,12.519161224365234,2509200,0.0
2006-11-28,15.982500076293945,16.102500915527344,15.96500015258789,16.09000015258789,12.589584350585938,1134800,0.0
2006-11-29,16.155000686645508,16.247499465942383,16.135000228881836,16.219999313354492,12.691300392150879,834400,0.0
2006-11-30,16.25,16.299999237060547,16.170000076293945,16.24250030517578,12.708906173706055,1207200,0.0
2006-12-01,16.237499237060547,16.25749969482422,16.072500228881836,16.19499969482422,12.67173957824707,1623200,0.0
2006-12-04,16.225000381469727,16.332500457763672,16.204999923706055,16.30500030517578,12.757810592651367,894400,0.0
2006-12-05,16.322500228881836,16.38249969482422,16.309999465942383,16.36750030517578,12.806711196899414,1613600,0.0
2006-12-06,16.36750030517578,16.375,16.3174991607666,16.325000762939453,12.773459434509277,1698800,0.0
2006-12-07,16.377500534057617,16.387500762939453,16.25,16.260000228881836,12.722599029541016,846400,0.0
2006-12-08,16.260000228881836,16.329999923706055,16.212499618530273,16.260000228881836,12.722599029541016,598400,0.0
2006-12-11,16.28499984741211,16.325000762939453,16.25,16.3075008392334,12.759769439697266,687200,0.0
2006-12-12,16.299999237060547,16.3075008392334,16.19499969482422,16.274999618530273,12.734333038330078,872800,0.0
2006-12-13,16.3700008392334,16.3700008392334,16.267499923706055,16.299999237060547,12.753901481628418,679200,0.0
2006-12-14,16.350000381469727,16.479999542236328,16.30500030517578,16.450000762939453,12.871265411376953,2698400,0.0
2006-12-15,16.524999618530273,16.524999618530273,16.452499389648438,16.487499237060547,12.900601387023926,1487200,0.0
2006-12-18,16.469999313354492,16.502500534057617,16.354999542236328,16.385000228881836,12.820403099060059,782000,0.0
2006-12-19,16.322500228881836,16.452499389648438,16.28499984741211,16.43000030517578,12.855613708496094,1862000,0.0
2006-12-20,16.450000762939453,16.450000762939453,16.36750030517578,16.3799991607666,12.816490173339844,1066400,0.0
2006-12-21,16.364999771118164,16.364999771118164,16.219999313354492,16.267499923706055,12.771933555603027,3150000,0.05575
2006-12-22,16.274999618530273,16.274999618530273,16.172500610351562,16.18000030517578,12.703239440917969,1813200,0.0
2006-12-26,16.170000076293945,16.24250030517578,16.155000686645508,16.239999771118164,12.750346183776855,870400,0.0
2006-12-27,16.267499923706055,16.337499618530273,16.25749969482422,16.337499618530273,12.826889991760254,653600,0.0
2006-12-28,16.287500381469727,16.34000015258789,16.27750015258789,16.309999465942383,12.805301666259766,768400,0.0
2006-12-29,16.287500381469727,16.332500457763672,16.21500015258789,16.229999542236328,12.7424955368042,670800,0.0
2007-01-03,16.375,16.375,16.094999313354492,16.1924991607666,12.713053703308105,2168400,0.0
2007-01-04,16.1875,16.299999237060547,16.11750030517578,16.237499237060547,12.74837875366211,7870800,0.0
2007-01-05,16.225000381469727,16.232500076293945,16.1200008392334,16.177499771118164,12.701277732849121,1294800,0.0
2007-01-08,16.212499618530273,16.252500534057617,16.13249969482422,16.200000762939453,12.718941688537598,4587600,0.0
2007-01-09,16.25,16.274999618530273,16.147499084472656,16.21500015258789,12.73071575164795,1085600,0.0
2007-01-10,16.170000076293945,16.267499923706055,16.125,16.2549991607666,12.762120246887207,832400,0.0
2007-01-11,16.25,16.417499542236328,16.25,16.36750030517578,12.850448608398438,1319200,0.0
2007-01-12,16.352500915527344,16.467500686645508,16.352500915527344,16.467500686645508,12.928958892822266,1323200,0.0
2007-01-16,16.467500686645508,16.485000610351562,16.399999618530273,16.440000534057617,12.907371520996094,3125600,0.0
2007-01-17,16.40999984741211,16.5,16.40999984741211,16.450000762939453,12.9152193069458,2224400,0.0
2007-01-18,16.475000381469727,16.475000381469727,16.327499389648438,16.360000610351562,12.844563484191895,3342800,0.0
2007-01-19,16.31999969482422,16.427499771118164,16.31999969482422,16.412500381469727,12.885784149169922,3542400,0.0
2007-01-22,16.44499969482422,16.44499969482422,16.274999618530273,16.329999923706055,12.821006774902344,1036400,0.0
2007-01-23,16.325000762939453,16.389999389648438,16.295000076293945,16.354999542236328,12.8406343460083,2463200,0.0
2007-01-24,16.424999237060547,16.512500762939453,16.362499237060547,16.497499465942383,12.952516555786133,2140800,0.0
2007-01-25,16.524999618530273,16.524999618530273,16.287500381469727,16.3125,12.807271957397461,1206800,0.0
2007-01-26,16.362499237060547,16.362499237060547,16.217500686645508,16.274999618530273,12.777824401855469,927200,0.0
2007-01-29,16.3125,16.329999923706055,16.229999542236328,16.270000457763672,12.77390193939209,1331200,0.0
2007-01-30,16.274999618530273,16.34000015258789,16.25749969482422,16.337499618530273,12.826889991760254,1342800,0.0
2007-01-31,16.325000762939453,16.475000381469727,16.292499542236328,16.450000762939453,12.9152193069458,1188400,0.0
2007-02-01,16.5,16.545000076293945,16.4424991607666,16.520000457763672,12.97018051147461,1164400,0.0
2007-02-02,16.559999465942383,16.56999969482422,16.5,16.5625,13.003548622131348,1189600,0.0
2007-02-05,16.55500030517578,16.565000534057617,16.5,16.537500381469727,12.983912467956543,1037200,0.0
2007-02-06,16.579999923706055,16.579999923706055,16.459999084472656,16.530000686645508,12.978031158447266,1634000,0.0
2007-02-07,16.594999313354492,16.607500076293945,16.512500762939453,16.547500610351562,12.991772651672363,1818400,0.0
2007-02-08,16.545000076293945,16.587499618530273,16.485000610351562,16.547500610351562,12.991772651672363,764400,0.0
2007-02-09,16.5625,16.592500686645508,16.387500762939453,16.440000534057617,12.907371520996094,1056400,0.0
2007-02-12,16.44499969482422,16.447500228881836,16.34000015258789,16.364999771118164,12.84848690032959,844800,0.0
2007-02-13,16.424999237060547,16.475000381469727,16.405000686645508,16.459999084472656,12.923069953918457,1835600,0.0
2007-02-14,16.512500762939453,16.625,16.49250030517578,16.592500686645508,13.027098655700684,718800,0.0
2007-02-15,16.610000610351562,16.645000457763672,16.577499389648438,16.625,13.052618980407715,1754400,0.0
2007-02-16,16.5625,16.6200008392334,16.5625,16.600000381469727,13.032989501953125,1529200,0.0
2007-02-20,16.579999923706055,16.665000915527344,16.530000686645508,16.65999984741211,13.080095291137695,1027600,0.0
2007-02-21,16.604999542236328,16.657499313354492,16.579999923706055,16.639999389648438,13.064393043518066,2268400,0.0
2007-02-22,16.677499771118164,16.6875,16.55500030517578,16.63249969482422,13.058504104614258,1658400,0.0
2007-02-23,16.6200008392334,16.642499923706055,16.5575008392334,16.602500915527344,13.034951210021973,1067200,0.0
2007-02-26,16.63249969482422,16.645000457763672,16.497499465942383,16.5625,13.003548622131348,868400,0.0
2007-02-27,16.43000030517578,16.43000030517578,15.852499961853027,15.930000305175781,12.50696086883545,2408000,0.0
2007-02-28,16.024999618530273,16.197500228881836,15.979999542236328,16.075000762939453,12.620800018310547,1925600,0.0
2007-03-01,15.850000381469727,16.084999084472656,15.729999542236328,16.020000457763672,12.577616691589355,2286800,0.0
2007-03-02,15.875,16.022499084472656,15.8125,15.8125,12.414709091186523,2978400,0.0
2007-03-05,15.742500305175781,15.912500381469727,15.6899995803833,15.6899995803833,12.318528175354004,1296400,0.0
2007-03-06,15.854999542236328,15.979999542236328,15.732500076293945,15.960000038146973,12.530510902404785,1264000,0.0
2007-03-07,15.954999923706055,16.040000915527344,15.912500381469727,15.9399995803833,12.514812469482422,920800,0.0
2007-03-08,16.05500030517578,16.09749984741211,15.977499961853027,16.02750015258789,12.583508491516113,1102000,0.0
2007-03-09,16.102500915527344,16.11750030517578,15.954999923706055,16.012500762939453,12.571732521057129,1177600,0.0
2007-03-12,15.9975004196167,16.084999084472656,15.96500015258789,16.045000076293945,12.597249031066895,1113200,0.0
2007-03-13,15.957500457763672,16.037500381469727,15.737500190734863,15.739999771118164,12.357787132263184,1045200,0.0
2007-03-14,15.77750015258789,15.887499809265137,15.609999656677246,15.862500190734863,12.453961372375488,2606800,0.0
2007-03-15,15.869999885559082,15.9375,15.835000038146973,15.907500267028809,12.489294052124023,1150800,0.0
2007-03-16,15.899999618530273,15.962499618530273,15.8100004196167,15.850000381469727,12.4441499710083,788800,0.0
2007-03-19,15.930000305175781,16.040000915527344,15.917499542236328,16.017499923706055,12.575654983520508,1154000,0.0
2007-03-20,16.020000457763672,16.125,16.010000228881836,16.112499237060547,12.65024185180664,906800,0.0
2007-03-21,16.162500381469727,16.389999389648438,16.100000381469727,16.3700008392334,12.852411270141602,914800,0.0
2007-03-22,16.412500381469727,16.422500610351562,16.315000534057617,16.395000457763672,12.872042655944824,722400,0.0
2007-03-23,16.387500762939453,16.427499771118164,16.357500076293945,16.395000457763672,12.872042655944824,870400,0.0
2007-03-26,16.3125,16.362499237060547,16.1875,16.31999969482422,12.854512214660645,1286400,0.05275
2007-03-27,16.295000076293945,16.3174991607666,16.219999313354492,16.25749969482422,12.805285453796387,1228400,0.0
2007-03-28,16.202499389648438,16.232500076293945,16.112499237060547,16.147499084472656,12.718646049499512,1288400,0.0
2007-03-29,16.25,16.25,16.079999923706055,16.174999237060547,12.740306854248047,1375200,0.0
2007-03-30,16.1875,16.2450008392334,16.032499313354492,16.157499313354492,12.726517677307129,852000,0.0
2007-04-02,16.200000762939453,16.235000610351562,16.1200008392334,16.1875,12.750154495239258,2143200,0.0
2007-04-03,16.337499618530273,16.415000915527344,16.274999618530273,16.375,12.897833824157715,1379200,0.0
2007-04-04,16.3799991607666,16.450000762939453,16.354999542236328,16.420000076293945,12.93327808380127,2188000,0.0
2007-04-05,16.375,16.487499237060547,16.375,16.479999542236328,12.980537414550781,1052800,0.0
2007-04-09,16.517499923706055,16.520000457763672,16.454999923706055,16.469999313354492,12.972660064697266,1197200,0.0
2007-04-10,16.485000610351562,16.52750015258789,16.462499618530273,16.522499084472656,13.014013290405273,1501200,0.0
2007-04-11,16.530000686645508,16.530000686645508,16.3799991607666,16.4424991607666,12.951003074645996,1944400,0.0
2007-04-12,16.450000762939453,16.542499542236328,16.334999084472656,16.532499313354492,13.021890640258789,1102400,0.0
2007-04-13,16.5625,16.602500915527344,16.482500076293945,16.584999084472656,13.063240051269531,754400,0.0
2007-04-16,16.672500610351562,16.764999389648438,16.65999984741211,16.764999389648438,13.205015182495117,2050000,0.0
2007-04-17,16.762500762939453,16.854999542236328,16.762500762939453,16.8174991607666,13.246368408203125,2690000,0.0
2007-04-18,16.739999771118164,16.829999923706055,16.735000610351562,16.799999237060547,13.232586860656738,1606800,0.0
2007-04-19,16.709999084472656,16.802499771118164,16.700000762939453,16.78499984741211,13.220778465270996,1132800,0.0
2007-04-20,16.862499237060547,16.9424991607666,16.844999313354492,16.920000076293945,13.327109336853027,859600,0.0
2007-04-23,16.9375,16.959999084472656,16.875,16.875,13.291664123535156,797200,0.0
2007-04-24,16.9375,16.9375,16.8125,16.875,13.291664123535156,1099200,0.0
2007-04-25,17.0,17.0674991607666,16.90999984741211,17.052499771118164,13.43146800994873,937200,0.0
2007-04-26,17.0674991607666,17.092500686645508,17.020000457763672,17.084999084472656,13.457069396972656,2171200,0.0
2007-04-27,17.03499984741211,17.094999313354492,16.9950008392334,17.0674991607666,13.443286895751953,1166400,0.0
2007-04-30,17.092500686645508,17.092500686645508,16.917499542236328,16.9424991607666,13.344826698303223,925600,0.0
2007-05-01,16.9375,16.969999313354492,16.837499618530273,16.967500686645508,13.364517211914062,1532000,0.0
2007-05-02,16.989999771118164,17.102500915527344,16.982500076293945,17.065000534057617,13.44131851196289,4243200,0.0
2007-05-03,17.162500381469727,17.162500381469727,17.06999969482422,17.137500762939453,13.498418807983398,1846000,0.0
2007-05-04,17.1875,17.24250030517578,17.114999771118164,17.167499542236328,13.522050857543945,898000,0.0
2007-05-07,17.125,17.204999923706055,17.125,17.174999237060547,13.527961730957031,1977200,0.0
2007-05-08,17.137500762939453,17.190000534057617,17.087499618530273,17.1825008392334,13.533868789672852,826000,0.0
2007-05-09,17.162500381469727,17.235000610351562,17.114999771118164,17.21500015258789,13.559463500976562,1338400,0.0
2007-05-10,17.172500610351562,17.18000030517578,16.982500076293945,16.997499465942383,13.388152122497559,2329200,0.0
2007-05-11,16.975000381469727,17.135000228881836,16.975000381469727,17.127500534057617,13.49055004119873,1105200,0.0
2007-05-14,17.1200008392334,17.1875,17.037500381469727,17.125,13.488574028015137,4310400,0.0
2007-05-15,17.114999771118164,17.204999923706055,17.022499084472656,17.05500030517578,13.433444023132324,1391600,0.0
2007-05-16,17.122499465942383,17.19499969482422,17.045000076293945,17.19499969482422,13.543716430664062,1322000,0.0
2007-05-17,17.167499542236328,17.24250030517578,17.142499923706055,17.19499969482422,13.543716430664062,1874000,0.0
2007-05-18,17.247499465942383,17.342500686645508,17.229999542236328,17.322500228881836,13.644136428833008,1576000,0.0
2007-05-21,17.375,17.40250015258789,17.315000534057617,17.342500686645508,13.659889221191406,2038000,0.0
2007-05-22,17.364999771118164,17.387500762939453,17.290000915527344,17.290000915527344,13.618542671203613,1019200,0.0
2007-05-23,17.362499237060547,17.43000030517578,17.295000076293945,17.30500030517578,13.630355834960938,920400,0.0
2007-05-24,17.31999969482422,17.397499084472656,17.11750030517578,17.155000686645508,13.512203216552734,1526000,0.0
2007-05-25,17.25,17.25749969482422,17.177499771118164,17.252500534057617,13.589000701904297,706400,0.0
2007-05-29,17.25,17.3125,17.200000762939453,17.27750015258789,13.608691215515137,1861600,0.0
2007-05-30,17.172500610351562,17.415000915527344,17.172500610351562,17.415000915527344,13.716994285583496,783200,0.0
2007-05-31,17.475000381469727,17.489999771118164,17.407499313354492,17.4424991607666,13.738656044006348,1394800,0.0
2007-06-01,17.532499313354492,17.5575008392334,17.47249984741211,17.514999389648438,13.795760154724121,1159600,0.0
2007-06-04,17.44499969482422,17.59000015258789,17.44499969482422,17.565000534057617,13.835147857666016,942400,0.0
2007-06-05,17.53499984741211,17.540000915527344,17.434999465942383,17.5049991607666,13.787884712219238,2706000,0.0
2007-06-06,17.422500610351562,17.434999465942383,17.309999465942383,17.34000015258789,13.657920837402344,824400,0.0
2007-06-07,17.362499237060547,17.362499237060547,17.042499542236328,17.049999237060547,13.429500579833984,1772000,0.0
2007-06-08,17.02750015258789,17.225000381469727,17.010000228881836,17.219999313354492,13.563398361206055,1655200,0.0
2007-06-11,17.225000381469727,17.3075008392334,17.174999237060547,17.2549991607666,13.590970993041992,1078000,0.0
2007-06-12,17.139999389648438,17.264999389648438,17.065000534057617,17.065000534057617,13.44131851196289,1179600,0.0
2007-06-13,17.15999984741211,17.299999237060547,17.112499237060547,17.299999237060547,13.626415252685547,1278400,0.0
2007-06-14,17.337499618530273,17.43000030517578,17.3075008392334,17.389999389648438,13.69729995727539,1054400,0.0
2007-06-15,17.540000915527344,17.5674991607666,17.502500534057617,17.522499084472656,13.801668167114258,717600,0.0
2007-06-18,17.552499771118164,17.575000762939453,17.479999542236328,17.497499465942383,13.781976699829102,799600,0.0
2007-06-19,17.462499618530273,17.542499542236328,17.43000030517578,17.52750015258789,13.805607795715332,1392400,0.0
2007-06-20,17.549999237060547,17.565000534057617,17.292499542236328,17.295000076293945,13.622475624084473,1326800,0.0
2007-06-21,17.350000381469727,17.420000076293945,17.235000610351562,17.40250015258789,13.707152366638184,1613600,0.0
2007-06-22,17.350000381469727,17.377500534057617,17.174999237060547,17.235000610351562,13.575218200683594,892000,0.0
2007-06-25,17.227500915527344,17.309999465942383,17.082500457763672,17.137500762939453,13.498418807983398,2796400,0.0
2007-06-26,17.22249984741211,17.2450008392334,17.022499084472656,17.024999618530273,13.409811973571777,1874800,0.0
2007-06-27,17.0,17.2549991607666,17.0,17.239999771118164,13.579158782958984,1763600,0.0
2007-06-28,17.282499313354492,17.357500076293945,17.24250030517578,17.2450008392334,13.58309555053711,2137600,0.0
2007-06-29,17.270000457763672,17.325000762939453,17.059999465942383,17.170000076293945,13.563157081604004,2546400,0.04975
2007-07-02,17.252500534057617,17.31999969482422,17.225000381469727,17.3174991607666,13.679666519165039,1810000,0.0
2007-07-03,17.362499237060547,17.395000457763672,17.350000381469727,17.392499923706055,13.738906860351562,887200,0.0
2007-07-05,17.38249969482422,17.5575008392334,17.332500457763672,17.40999984741211,13.752732276916504,2141600,0.0
2007-07-06,17.424999237060547,17.537500381469727,17.385000228881836,17.512500762939453,13.833703994750977,4130800,0.0
2007-07-09,17.547500610351562,17.572500228881836,17.482500076293945,17.542499542236328,13.857394218444824,920800,0.0
2007-07-10,17.44499969482422,17.4950008392334,17.299999237060547,17.350000381469727,13.705334663391113,2096800,0.0
2007-07-11,17.327499389648438,17.420000076293945,17.274999618530273,17.420000076293945,13.760632514953613,991200,0.0
2007-07-12,17.497499465942383,17.719999313354492,17.489999771118164,17.719999313354492,13.997612953186035,1314400,0.0
2007-07-13,17.700000762939453,17.797500610351562,17.68000030517578,17.7450008392334,14.01736068725586,2086000,0.0
2007-07-16,17.739999771118164,17.797500610351562,17.69499969482422,17.737499237060547,14.011438369750977,1434800,0.0
2007-07-17,17.780000686645508,17.8075008392334,17.71500015258789,17.725000381469727,14.001564979553223,889600,0.0
2007-07-18,17.700000762939453,17.752500534057617,17.622499465942383,17.739999771118164,14.013411521911621,2634000,0.0
2007-07-19,17.829999923706055,17.8700008392334,17.799999237060547,17.850000381469727,14.100306510925293,2031600,0.0
2007-07-20,17.8075008392334,17.8075008392334,17.600000381469727,17.684999465942383,13.96996784210205,1735600,0.0
2007-07-23,17.74250030517578,17.802499771118164,17.702499389648438,17.747499465942383,14.019338607788086,1060800,0.0
2007-07-24,17.625,17.700000762939453,17.417499542236328,17.4950008392334,13.819880485534668,1653600,0.0
2007-07-25,17.575000762939453,18.0,17.337499618530273,17.520000457763672,13.83962631225586,4658000,0.0
2007-07-26,17.377500534057617,17.417499542236328,16.954999923706055,17.137500762939453,13.537477493286133,3172000,0.0
2007-07-27,17.042499542236328,17.19499969482422,16.84000015258789,16.842500686645508,13.304444313049316,2550400,0.0
2007-07-30,16.90250015258789,17.0625,16.80500030517578,17.00749969482422,13.434785842895508,2599200,0.0
2007-07-31,17.1299991607666,17.145000457763672,16.709999084472656,16.787500381469727,13.26099681854248,3500000,0.0
2007-08-01,16.850000381469727,16.9424991607666,16.635000228881836,16.907499313354492,13.35578727722168,3896000,0.0
2007-08-02,16.947500228881836,17.040000915527344,16.837499618530273,17.040000915527344,13.46045970916748,3825200,0.0
2007-08-03,16.96500015258789,17.040000915527344,16.5625,16.627500534057617,13.134610176086426,3238800,0.0
2007-08-06,16.697500228881836,16.94499969482422,16.542499542236328,16.905000686645508,13.353816032409668,3794800,0.0
2007-08-07,16.837499618530273,17.172500610351562,16.795000076293945,17.079999923706055,13.492050170898438,2365600,0.0
2007-08-08,17.155000686645508,17.392499923706055,17.137500762939453,17.30500030517578,13.669792175292969,1834800,0.0
2007-08-09,17.077499389648438,17.25,16.875,16.875,13.330116271972656,6679200,0.0
2007-08-10,16.704999923706055,16.954999923706055,16.59000015258789,16.825000762939453,13.290619850158691,2374400,0.0
2007-08-13,16.99250030517578,16.99250030517578,16.809999465942383,16.829999923706055,13.294570922851562,1199600,0.0
2007-08-14,16.864999771118164,16.864999771118164,16.549999237060547,16.549999237060547,13.073390007019043,1863600,0.0
2007-08-15,16.462499618530273,16.702499389648438,16.30500030517578,16.352500915527344,12.917381286621094,3457600,0.0
2007-08-16,16.247499465942383,16.4424991607666,15.765000343322754,16.299999237060547,12.875910758972168,6199200,0.0
2007-08-17,16.725000381469727,16.767499923706055,16.389999389648438,16.645000457763672,13.148430824279785,3099200,0.0
2007-08-20,16.690000534057617,16.717500686645508,16.49250030517578,16.6200008392334,13.128689765930176,2817600,0.0
2007-08-21,16.65999984741211,16.854999542236328,16.587499618530273,16.65250015258789,13.154353141784668,1866000,0.0
2007-08-22,16.787500381469727,16.834999084472656,16.702499389648438,16.8174991607666,13.284695625305176,3257600,0.0
2007-08-23,16.950000762939453,16.950000762939453,16.725000381469727,16.825000762939453,13.290619850158691,3182800,0.0
2007-08-24,16.825000762939453,17.03499984741211,16.825000762939453,17.030000686645508,13.452557563781738,1717200,0.0
2007-08-27,16.982500076293945,16.997499465942383,16.905000686645508,16.905000686645508,13.353816032409668,1248800,0.0
2007-08-28,16.854999542236328,16.887500762939453,16.572500228881836,16.625,13.132633209228516,1935200,0.0
2007-08-29,16.6924991607666,16.940000534057617,16.6299991607666,16.915000915527344,13.361716270446777,1510000,0.0
2007-08-30,16.78499984741211,17.010000228881836,16.78499984741211,16.88249969482422,13.33604621887207,3982000,0.0
2007-08-31,17.06999969482422,17.135000228881836,16.97249984741211,17.059999465942383,13.476253509521484,1748000,0.0
2007-09-04,17.0,17.3125,17.0,17.239999771118164,13.618446350097656,1505600,0.0
2007-09-05,17.149999618530273,17.172500610351562,17.037500381469727,17.145000457763672,13.543396949768066,2028800,0.0
2007-09-06,17.15999984741211,17.229999542236328,17.0674991607666,17.174999237060547,13.567098617553711,3204400,0.0
2007-09-07,17.0,17.00749969482422,16.834999084472656,16.924999237060547,13.369616508483887,1898000,0.0
2007-09-10,16.96500015258789,17.014999389648438,16.739999771118164,16.864999771118164,13.322214126586914,2715200,0.0
2007-09-11,16.947500228881836,17.125,16.934999465942383,17.094999313354492,13.50390625,908800,0.0
2007-09-12,17.084999084472656,17.235000610351562,17.0674991607666,17.1825008392334,13.573022842407227,1520400,0.0
2007-09-13,17.25,17.325000762939453,17.200000762939453,17.252500534057617,13.62831974029541,1706800,0.0
2007-09-14,17.145000457763672,17.295000076293945,17.1200008392334,17.260000228881836,13.634243965148926,1381600,0.0
2007-09-17,17.227500915527344,17.237499237060547,17.122499465942383,17.1875,13.57697582244873,1619200,0.0
2007-09-18,17.270000457763672,17.625,17.21500015258789,17.625,13.92257022857666,4017600,0.0
2007-09-19,17.735000610351562,17.822500228881836,17.1875,17.707500457763672,13.987737655639648,2307200,0.0
2007-09-20,17.704999923706055,17.739999771118164,17.635000228881836,17.657499313354492,13.948243141174316,1254400,0.0
2007-09-21,17.767499923706055,17.80500030517578,17.719999313354492,17.719999313354492,13.997612953186035,1697600,0.0
2007-09-24,17.707500457763672,17.792499542236328,17.637500762939453,17.700000762939453,13.981819152832031,1645600,0.0
2007-09-25,17.5575008392334,17.6875,17.542499542236328,17.6875,13.971940994262695,1552400,0.0
2007-09-26,17.6924991607666,17.762500762939453,17.655000686645508,17.700000762939453,14.021251678466797,1899200,0.04975
2007-09-27,17.780000686645508,17.81999969482422,17.732500076293945,17.81999969482422,14.116315841674805,1624400,0.0
2007-09-28,17.797500610351562,17.834999084472656,17.702499389648438,17.790000915527344,14.092546463012695,1707200,0.0
2007-10-01,17.787500381469727,17.997499465942383,17.77750015258789,17.969999313354492,14.235129356384277,2998000,0.0
2007-10-02,17.96500015258789,17.985000610351562,17.864999771118164,17.93000030517578,14.203448295593262,2054800,0.0
2007-10-03,17.862499237060547,17.90999984741211,17.8125,17.864999771118164,14.151957511901855,16025200,0.0
2007-10-04,17.887500762939453,17.887500762939453,17.799999237060547,17.872499465942383,14.15789794921875,2905200,0.0
2007-10-05,17.962499618530273,18.087499618530273,17.917499542236328,18.02750015258789,14.280682563781738,2259200,0.0
2007-10-08,17.997499465942383,18.014999389648438,17.947500228881836,17.979999542236328,14.243059158325195,1159200,0.0
2007-10-09,18.037500381469727,18.170000076293945,18.017499923706055,18.155000686645508,14.381685256958008,2087600,0.0
2007-10-10,18.110000610351562,18.200000762939453,18.079999923706055,18.157499313354492,14.3836669921875,3894000,0.0
2007-10-11,18.27750015258789,18.327499389648438,17.967500686645508,18.06999969482422,14.314347267150879,2296000,0.0
2007-10-12,18.09749984741211,18.217500686645508,18.047500610351562,18.18000030517578,14.401494026184082,839200,0.0
2007-10-15,18.1875,18.207500457763672,17.947500228881836,18.037500381469727,14.288607597351074,1829600,0.0
2007-10-16,17.99250030517578,18.040000915527344,17.922500610351562,17.96500015258789,14.231180191040039,1948400,0.0
2007-10-17,18.094999313354492,18.110000610351562,17.802499771118164,17.985000610351562,14.24701976776123,2018000,0.0
2007-10-18,17.940000534057617,18.02750015258789,17.907499313354492,17.997499465942383,14.25692367553711,2574000,0.0
2007-10-19,17.934999465942383,17.9424991607666,17.522499084472656,17.59000015258789,13.934109687805176,3548800,0.0
2007-10-22,17.450000762939453,17.63249969482422,17.434999465942383,17.602500915527344,13.944016456604004,4604800,0.0
2007-10-23,17.700000762939453,17.797500610351562,17.587499618530273,17.747499465942383,14.058876991271973,1918000,0.0
2007-10-24,17.700000762939453,17.772499084472656,17.46500015258789,17.75,14.060858726501465,2739600,0.0
2007-10-25,17.774999618530273,17.84749984741211,17.577499389648438,17.792499542236328,14.094524383544922,3133600,0.0
2007-10-26,17.9375,17.952499389648438,17.792499542236328,17.952499389648438,14.221274375915527,2806000,0.0
2007-10-29,18.010000228881836,18.0674991607666,17.967500686645508,18.030000686645508,14.282660484313965,2289600,0.0
2007-10-30,17.954999923706055,18.094999313354492,17.899999618530273,17.924999237060547,14.199490547180176,2071600,0.0
2007-10-31,18.012500762939453,18.15999984741211,17.905000686645508,18.149999618530273,14.377725601196289,1500400,0.0
2007-11-01,18.0,18.0,17.684999465942383,17.704999923706055,14.02520751953125,2023200,0.0
2007-11-02,17.792499542236328,17.825000762939453,17.600000381469727,17.772499084472656,14.078683853149414,2472000,0.0
2007-11-05,17.469999313354492,17.825000762939453,17.469999313354492,17.712499618530273,14.031150817871094,1629600,0.0
2007-11-06,17.84000015258789,17.954999923706055,17.719999313354492,17.954999923706055,14.223248481750488,1801200,0.0
2007-11-07,17.607500076293945,17.875,17.489999771118164,17.5575008392334,13.908367156982422,3333600,0.0
2007-11-08,17.517499923706055,17.547500610351562,17.157499313354492,17.392499923706055,13.777665138244629,4263200,0.0
2007-11-09,17.197500228881836,17.31999969482422,17.072500228881836,17.112499237060547,13.555854797363281,5614000,0.0
2007-11-12,17.25,17.25,16.924999237060547,16.950000762939453,13.427129745483398,3336400,0.0
2007-11-13,16.957500457763672,17.40250015258789,16.957500457763672,17.389999389648438,13.775676727294922,1901200,0.0
2007-11-14,17.6299991607666,17.6299991607666,17.237499237060547,17.375,13.7637939453125,2174400,0.0
2007-11-15,17.200000762939453,17.325000762939453,17.017499923706055,17.107500076293945,13.551898956298828,2058800,0.0
2007-11-16,17.354999542236328,17.354999542236328,17.045000076293945,17.225000381469727,13.644979476928711,1908400,0.0
2007-11-19,17.13249969482422,17.177499771118164,16.957500457763672,17.014999389648438,13.478611946105957,4619200,0.0
2007-11-20,17.1299991607666,17.270000457763672,16.885000228881836,17.125,13.565760612487793,3302400,0.0
2007-11-21,17.017499923706055,17.079999923706055,16.84749984741211,16.864999771118164,13.359789848327637,6910000,0.0
2007-11-23,17.0,17.112499237060547,16.924999237060547,17.0674991607666,13.520211219787598,2885600,0.0
2007-11-26,17.235000610351562,17.235000610351562,16.735000610351562,16.797500610351562,13.306327819824219,4157600,0.0
2007-11-27,16.850000381469727,17.040000915527344,16.770000457763672,16.967500686645508,13.440994262695312,9897600,0.0
2007-11-28,17.219999313354492,17.467500686645508,17.125,17.454999923706055,13.827173233032227,3394000,0.0
2007-11-29,17.22249984741211,17.50749969482422,17.22249984741211,17.459999084472656,13.831127166748047,2323600,0.0
2007-11-30,17.677499771118164,17.677499771118164,17.3700008392334,17.49250030517578,13.856880187988281,7889200,0.0
2007-12-03,17.572500228881836,17.572500228881836,17.372499465942383,17.399999618530273,13.783607482910156,1274800,0.0
2007-12-04,17.395000457763672,17.4375,17.28499984741211,17.28499984741211,13.692502975463867,9496400,0.0
2007-12-05,17.4950008392334,17.602500915527344,17.457500457763672,17.5625,13.912324905395508,2611200,0.0
2007-12-06,17.522499084472656,17.850000381469727,17.522499084472656,17.822500228881836,14.118285179138184,2154800,0.0
2007-12-07,17.872499465942383,17.872499465942383,17.760000228881836,17.767499923706055,14.074724197387695,1450400,0.0
2007-12-10,17.8700008392334,17.940000534057617,17.799999237060547,17.90250015258789,14.181663513183594,1617200,0.0
2007-12-11,17.93000030517578,17.982500076293945,17.454999923706055,17.454999923706055,13.827173233032227,2458400,0.0
2007-12-12,17.927499771118164,17.927499771118164,17.450000762939453,17.65999984741211,13.98956298828125,2202400,0.0
2007-12-13,17.604999542236328,17.774999618530273,17.469999313354492,17.72249984741211,14.03907585144043,5852800,0.0
2007-12-14,17.56999969482422,17.670000076293945,17.447500228881836,17.457500457763672,13.829155921936035,6990000,0.0
2007-12-17,17.342500686645508,17.395000457763672,17.174999237060547,17.190000534057617,13.617252349853516,3545200,0.0
2007-12-18,17.329999923706055,17.354999542236328,17.072500228881836,17.295000076293945,13.70042610168457,4057600,0.0
2007-12-19,17.334999084472656,17.395000457763672,17.204999923706055,17.262500762939453,13.6746826171875,2197200,0.0
2007-12-20,17.447500228881836,17.447500228881836,17.272499084472656,17.397499084472656,13.781618118286133,5029200,0.0
2007-12-21,17.642499923706055,17.774999618530273,17.565000534057617,17.774999618530273,14.080665588378906,2208400,0.0
2007-12-24,17.75,17.832500457763672,17.719999313354492,17.8075008392334,14.106406211853027,2376400,0.0
2007-12-26,17.782499313354492,17.8700008392334,17.737499237060547,17.854999542236328,14.144033432006836,4134800,0.0
2007-12-27,17.81999969482422,17.81999969482422,17.579999923706055,17.600000381469727,13.981968879699707,1815600,0.051
2007-12-28,17.719999313354492,17.725000381469727,17.325000762939453,17.61750030517578,13.995878219604492,2985600,0.0
2007-12-31,17.594999313354492,17.68000030517578,17.44499969482422,17.457500457763672,13.868766784667969,2053200,0.0
2008-01-02,17.502500534057617,17.547500610351562,17.202499389648438,17.282499313354492,13.72973918914795,15453200,0.0
2008-01-03,17.327499389648438,17.399999618530273,17.25,17.302499771118164,13.745635032653809,2920800,0.0
2008-01-04,17.15999984741211,17.15999984741211,16.8125,16.8174991607666,13.360328674316406,2910400,0.0
2008-01-07,16.887500762939453,16.950000762939453,16.6825008392334,16.825000762939453,13.366290092468262,4054000,0.0
2008-01-08,16.950000762939453,17.002500534057617,16.540000915527344,16.5674991607666,13.161724090576172,5723200,0.0
2008-01-09,16.5625,16.829999923706055,16.482500076293945,16.829999923706055,13.37026309967041,6759200,0.0
2008-01-10,16.729999542236328,16.99250030517578,16.657499313354492,16.90250015258789,13.427861213684082,4303200,0.0
2008-01-11,16.762500762939453,16.8125,16.549999237060547,16.6200008392334,13.203433990478516,4505200,0.0
2008-01-14,16.802499771118164,16.850000381469727,16.719999313354492,16.8174991607666,13.360328674316406,3084800,0.0
2008-01-15,16.65999984741211,16.68000030517578,16.357500076293945,16.357500076293945,12.994895935058594,5742000,0.0
2008-01-16,16.290000915527344,16.427499771118164,16.082500457763672,16.212499618530273,12.879700660705566,5333200,0.0
2008-01-17,16.260000228881836,16.332500457763672,15.762499809265137,15.807499885559082,12.557954788208008,5313600,0.0
2008-01-18,15.925000190734863,16.022499084472656,15.600000381469727,15.760000228881836,12.520219802856445,8271200,0.0
2008-01-22,14.96500015258789,15.640000343322754,12.204999923706055,15.494999885559082,12.309696197509766,11385200,0.0
2008-01-23,15.024999618530273,15.642499923706055,14.800000190734863,15.6274995803833,12.414958000183105,7897600,0.0
2008-01-24,15.717499732971191,15.895000457763672,15.632499694824219,15.854999542236328,12.59569263458252,7356800,0.0
2008-01-25,16.077499389648438,16.087499618530273,15.585000038146973,15.6274995803833,12.414958000183105,5084400,0.0
2008-01-28,15.6225004196167,15.8100004196167,15.512499809265137,15.800000190734863,12.551996231079102,3414000,0.0
2008-01-29,15.925000190734863,15.927499771118164,15.744999885559082,15.850000381469727,12.591717720031738,5792800,0.0
2008-01-30,15.817500114440918,16.092500686645508,15.734999656677246,15.774999618530273,12.532137870788574,5326000,0.0
2008-01-31,15.512499809265137,16.084999084472656,15.507499694824219,15.967499732971191,12.685067176818848,6093200,0.0
2008-02-01,16.017499923706055,16.184999465942383,15.954999923706055,16.13249969482422,12.816145896911621,10087200,0.0
2008-02-04,16.112499237060547,16.145000457763672,16.0,16.0049991607666,12.714855194091797,4126800,0.0
2008-02-05,15.75,15.837499618530273,15.5625,15.5625,12.363324165344238,5336800,0.0
2008-02-06,15.632499694824219,15.702500343322754,15.3774995803833,15.40250015258789,12.236213684082031,5022400,0.0
2008-02-07,15.34749984741211,15.664999961853027,15.297499656677246,15.517499923706055,12.327569961547852,4006800,0.0
2008-02-08,15.522500038146973,15.647500038146973,15.4350004196167,15.550000190734863,12.35339069366455,3598400,0.0
2008-02-11,15.547499656677246,15.744999885559082,15.475000381469727,15.72249984741211,12.490431785583496,3178400,0.0
2008-02-12,15.84749984741211,15.962499618530273,15.682499885559082,15.802499771118164,12.553979873657227,16966800,0.0
2008-02-13,15.954999923706055,16.0575008392334,15.842499732971191,16.02750015258789,12.732732772827148,2014000,0.0
2008-02-14,16.077499389648438,16.077499389648438,15.822500228881836,15.829999923706055,12.575824737548828,2718000,0.0
2008-02-15,15.7524995803833,15.819999694824219,15.6850004196167,15.8125,12.561928749084473,2660400,0.0
2008-02-19,16.040000915527344,16.0674991607666,15.817500114440918,15.864999771118164,12.603635787963867,3650800,0.0
2008-02-20,15.817500114440918,16.0625,15.765000343322754,16.012500762939453,12.720818519592285,6149600,0.0
2008-02-21,16.110000610351562,16.110000610351562,15.779999732971191,15.8149995803833,12.56391716003418,5400000,0.0
2008-02-22,15.897500038146973,15.927499771118164,15.649999618530273,15.925000190734863,12.651302337646484,8892400,0.0
2008-02-25,15.9399995803833,16.174999237060547,15.8725004196167,16.13249969482422,12.816145896911621,7969600,0.0
2008-02-26,16.077499389648438,16.342500686645508,16.047500610351562,16.262500762939453,12.919422149658203,4498000,0.0
2008-02-27,16.209999084472656,16.352500915527344,16.1825008392334,16.270000457763672,12.925381660461426,3919600,0.0
2008-02-28,16.200000762939453,16.292499542236328,16.147499084472656,16.202499389648438,12.87175464630127,3837600,0.0
2008-02-29,16.040000915527344,16.0674991607666,15.732500076293945,15.78499984741211,12.540081977844238,3949200,0.0
2008-03-03,15.755000114440918,15.887499809265137,15.6875,15.827500343322754,12.57384967803955,4131600,0.0
2008-03-04,15.6850004196167,15.822500228881836,15.542499542236328,15.779999732971191,12.53610610961914,4254800,0.0
2008-03-05,15.852499961853027,15.9975004196167,15.742500305175781,15.895000457763672,12.627467155456543,22694400,0.0
2008-03-06,15.829999923706055,15.887499809265137,15.572500228881836,15.585000038146973,12.381196022033691,3970800,0.0
2008-03-07,15.487500190734863,15.647500038146973,15.297499656677246,15.4350004196167,12.262029647827148,4415200,0.0
2008-03-10,15.449999809265137,15.454999923706055,15.194999694824219,15.207500457763672,12.081299781799316,4043600,0.0
2008-03-11,15.5,15.702500343322754,15.329999923706055,15.692500114440918,12.466597557067871,5478000,0.0
2008-03-12,15.71500015258789,15.819999694824219,15.577500343322754,15.607500076293945,12.39907169342041,2604400,0.0
2008-03-13,15.412500381469727,15.78499984741211,15.332500457763672,15.704999923706055,12.47652816772461,7339600,0.0
2008-03-14,15.84000015258789,15.84000015258789,15.267499923706055,15.442500114440918,12.267990112304688,9254000,0.0
2008-03-17,14.97249984741211,15.395000457763672,14.850000381469727,15.274999618530273,12.134921073913574,8934000,0.0
2008-03-18,15.492500305175781,15.822500228881836,15.454999923706055,15.822500228881836,12.569872856140137,24993200,0.0
2008-03-19,15.904999732971191,15.922499656677246,15.369999885559082,15.369999885559082,12.210399627685547,5183600,0.0
2008-03-20,15.425000190734863,15.65999984741211,15.3100004196167,15.617500305175781,12.407011032104492,6342400,0.0
2008-03-24,15.717499732971191,16.02750015258789,15.699999809265137,15.922499656677246,12.649313926696777,4654000,0.0
2008-03-25,15.892499923706055,15.982500076293945,15.797499656677246,15.917499542236328,12.681982040405273,4801600,0.046
2008-03-26,15.899999618530273,15.962499618530273,15.842499732971191,15.895000457763672,12.664052963256836,5917200,0.0
2008-03-27,15.947500228881836,15.947500228881836,15.707500457763672,15.717499732971191,12.522640228271484,4263600,0.0
2008-03-28,15.787500381469727,15.835000038146973,15.574999809265137,15.600000381469727,12.429017066955566,4887600,0.0
2008-03-31,15.614999771118164,15.75,15.587499618530273,15.675000190734863,12.488770484924316,4312000,0.0
2008-04-01,15.832500457763672,16.184999465942383,15.787500381469727,16.177499771118164,12.889131546020508,3242800,0.0
2008-04-02,16.1924991607666,16.264999389648438,16.102500915527344,16.15999984741211,12.875185012817383,3324000,0.0
2008-04-03,16.104999542236328,16.25,16.084999084472656,16.165000915527344,12.879172325134277,3332800,0.0
2008-04-04,16.217500686645508,16.375,16.147499084472656,16.260000228881836,12.954862594604492,3897600,0.0
2008-04-07,16.38249969482422,16.43000030517578,16.217500686645508,16.260000228881836,12.954862594604492,2758800,0.0
2008-04-08,16.177499771118164,16.274999618530273,16.147499084472656,16.232500076293945,12.932948112487793,2902400,0.0
2008-04-09,16.267499923706055,16.274999618530273,16.079999923706055,16.145000457763672,12.863239288330078,2780400,0.0
2008-04-10,16.172500610351562,16.3174991607666,16.122499465942383,16.25,12.946895599365234,2523600,0.0
2008-04-11,16.11750030517578,16.149999618530273,15.947500228881836,15.962499618530273,12.717835426330566,1948400,0.0
2008-04-14,15.989999771118164,16.065000534057617,15.9375,15.989999771118164,12.739744186401367,1848400,0.0
2008-04-15,16.084999084472656,16.09000015258789,15.914999961853027,16.0575008392334,12.793526649475098,2740800,0.0
2008-04-16,16.190000534057617,16.407499313354492,16.162500381469727,16.377500534057617,13.048477172851562,5134000,0.0
2008-04-17,16.36750030517578,16.424999237060547,16.297500610351562,16.389999389648438,13.058439254760742,2834800,0.0
2008-04-18,16.645000457763672,16.774999618530273,16.607500076293945,16.737499237060547,13.335301399230957,4796400,0.0
2008-04-21,16.684999465942383,16.8125,16.665000915527344,16.78499984741211,13.373147964477539,2695200,0.0
2008-04-22,16.677499771118164,16.71500015258789,16.547500610351562,16.639999389648438,13.257617950439453,1715600,0.0
2008-04-23,16.684999465942383,16.78499984741211,16.622499465942383,16.712499618530273,13.315380096435547,3251200,0.0
2008-04-24,16.735000610351562,16.80500030517578,16.510000228881836,16.700000762939453,13.305419921875,3142000,0.0
2008-04-25,16.77750015258789,16.77750015258789,16.56999969482422,16.752500534057617,13.347251892089844,1608800,0.0
2008-04-28,16.78499984741211,16.829999923706055,16.72249984741211,16.7450008392334,13.341278076171875,1710400,0.0
2008-04-29,16.71500015258789,16.7450008392334,16.627500534057617,16.655000686645508,13.269574165344238,2698000,0.0
2008-04-30,16.725000381469727,16.842500686645508,16.587499618530273,16.587499618530273,13.215787887573242,5036400,0.0
2008-05-01,16.594999313354492,16.81999969482422,16.537500381469727,16.8174991607666,13.399039268493652,3798000,0.0
2008-05-02,16.985000610351562,16.987499237060547,16.767499923706055,16.857500076293945,13.430908203125,3296400,0.0
2008-05-05,16.799999237060547,16.922500610351562,16.792499542236328,16.834999084472656,13.412985801696777,3074400,0.0
2008-05-06,16.78499984741211,17.02750015258789,16.737499237060547,16.97249984741211,13.522536277770996,4044400,0.0
2008-05-07,17.0049991607666,17.017499923706055,16.697500228881836,16.712499618530273,13.315380096435547,5393600,0.0
2008-05-08,16.780000686645508,16.852500915527344,16.74250030517578,16.809999465942383,13.393064498901367,3356800,0.0
2008-05-09,16.717500686645508,16.770000457763672,16.655000686645508,16.709999084472656,13.313389778137207,5396400,0.0
2008-05-12,16.74250030517578,16.885000228881836,16.667499542236328,16.877500534057617,13.446847915649414,2914800,0.0
2008-05-13,16.934999465942383,16.950000762939453,16.80500030517578,16.917499542236328,13.47871208190918,2040400,0.0
2008-05-14,17.010000228881836,17.112499237060547,16.927499771118164,16.934999465942383,13.492653846740723,2136000,0.0
2008-05-15,16.979999542236328,17.149999618530273,16.950000762939453,17.1299991607666,13.648015975952148,2214400,0.0
2008-05-16,17.200000762939453,17.229999542236328,17.077499389648438,17.225000381469727,13.723709106445312,3205200,0.0
2008-05-19,17.260000228881836,17.399999618530273,17.174999237060547,17.239999771118164,13.735660552978516,2412400,0.0
2008-05-20,17.184999465942383,17.217500686645508,17.079999923706055,17.167499542236328,13.677895545959473,3699200,0.0
2008-05-21,17.1924991607666,17.225000381469727,16.844999313354492,16.88249969482422,13.45082950592041,4400400,0.0
2008-05-22,16.9424991607666,16.967500686645508,16.850000381469727,16.88249969482422,13.45082950592041,5382400,0.0
2008-05-23,16.827499389648438,16.8700008392334,16.667499542236328,16.704999923706055,13.309408187866211,3580400,0.0
2008-05-27,16.717500686645508,16.84000015258789,16.6875,16.8174991607666,13.399039268493652,2181600,0.0
2008-05-28,16.854999542236328,16.9325008392334,16.764999389648438,16.9325008392334,13.490669250488281,2081200,0.0
2008-05-29,16.90250015258789,17.059999465942383,16.875,16.959999084472656,13.512569427490234,3796000,0.0
2008-05-30,17.012500762939453,17.0674991607666,16.99250030517578,17.00749969482422,13.55042552947998,1750400,0.0
2008-06-02,16.967500686645508,16.967500686645508,16.780000686645508,16.8700008392334,13.440873146057129,4477600,0.0
2008-06-03,16.934999465942383,16.985000610351562,16.69499969482422,16.770000457763672,13.361194610595703,4153200,0.0
2008-06-04,16.75749969482422,16.920000076293945,16.704999923706055,16.802499771118164,13.38708782196045,2927200,0.0
2008-06-05,16.86750030517578,17.170000076293945,16.84000015258789,17.15999984741211,13.671921730041504,5418000,0.0
2008-06-06,17.020000457763672,17.127500534057617,16.6875,16.697500228881836,13.303437232971191,4960000,0.0
2008-06-09,16.725000381469727,16.86750030517578,16.604999542236328,16.799999237060547,13.38509750366211,3887200,0.0
2008-06-10,16.712499618530273,16.802499771118164,16.649999618530273,16.707500457763672,13.3114013671875,3294000,0.0
2008-06-11,16.719999313354492,16.729999542236328,16.50749969482422,16.517499923706055,13.160022735595703,5754000,0.0
2008-06-12,16.52750015258789,16.662500381469727,16.434999465942383,16.540000915527344,13.177948951721191,6585600,0.0
2008-06-13,16.6299991607666,16.792499542236328,16.572500228881836,16.792499542236328,13.379118919372559,3645200,0.0
2008-06-16,16.649999618530273,16.834999084472656,16.649999618530273,16.790000915527344,13.377129554748535,2383200,0.0
2008-06-17,16.860000610351562,16.8700008392334,16.74250030517578,16.7450008392334,13.341278076171875,4100400,0.0
2008-06-18,16.6825008392334,16.72249984741211,16.559999465942383,16.610000610351562,13.233718872070312,3108800,0.0
2008-06-19,16.625,16.739999771118164,16.545000076293945,16.662500381469727,13.275548934936523,3352400,0.0
2008-06-20,16.5625,16.584999084472656,16.322500228881836,16.38249969482422,13.052461624145508,5942400,0.0
2008-06-23,16.434999465942383,16.489999771118164,16.392499923706055,16.467500686645508,13.120180130004883,2708400,0.0
2008-06-24,16.3125,16.459999084472656,16.235000610351562,16.3075008392334,13.026721954345703,2960800,0.043
2008-06-25,16.352500915527344,16.540000915527344,16.315000534057617,16.395000457763672,13.096624374389648,3540800,0.0
2008-06-26,16.207500457763672,16.272499084472656,15.960000038146973,15.960000038146973,12.749133110046387,5508000,0.0
2008-06-27,15.960000038146973,16.0575008392334,15.864999771118164,15.977499961853027,12.763113975524902,5694000,0.0
2008-06-30,15.994999885559082,16.102500915527344,15.9399995803833,15.957500457763672,12.74713134765625,3495600,0.0
2008-07-01,15.782500267028809,16.05500030517578,15.755000114440918,16.052499771118164,12.823020935058594,8516000,0.0
2008-07-02,16.084999084472656,16.13249969482422,15.717499732971191,15.717499732971191,12.555420875549316,4074000,0.0
2008-07-03,15.8774995803833,15.8774995803833,15.59000015258789,15.765000343322754,12.593360900878906,7359200,0.0
2008-07-07,15.837499618530273,15.907500267028809,15.512499809265137,15.647500038146973,12.499505043029785,7124000,0.0
2008-07-08,15.649999618530273,15.8100004196167,15.5,15.802499771118164,12.623318672180176,12164400,0.0
2008-07-09,15.850000381469727,15.859999656677246,15.479999542236328,15.484999656677246,12.369690895080566,12064400,0.0
2008-07-10,15.507499694824219,15.75,15.382499694824219,15.694999694824219,12.537446022033691,17548400,0.0
2008-07-11,15.537500381469727,15.682499885559082,15.307499885559082,15.492500305175781,12.37568473815918,10272000,0.0
2008-07-14,15.654999732971191,15.654999732971191,15.380000114440918,15.4350004196167,12.329757690429688,8084800,0.0
2008-07-15,15.28499984741211,15.5024995803833,15.157500267028809,15.272500038146973,12.199947357177734,18006400,0.0
2008-07-16,15.232500076293945,15.492500305175781,15.207500457763672,15.492500305175781,12.37568473815918,14531600,0.0
2008-07-17,15.5625,15.585000038146973,15.417499542236328,15.545000076293945,12.417624473571777,14146800,0.0
2008-07-18,15.552499771118164,15.552499771118164,15.427499771118164,15.494999885559082,12.377683639526367,6304800,0.0
2008-07-21,15.557499885559082,15.585000038146973,15.460000038146973,15.542499542236328,12.41562271118164,9806400,0.0
2008-07-22,15.482500076293945,15.614999771118164,15.442500114440918,15.604999542236328,12.465555191040039,10928800,0.0
2008-07-23,15.647500038146973,15.694999694824219,15.550000190734863,15.592499732971191,12.455565452575684,8732400,0.0
2008-07-24,15.582500457763672,15.65250015258789,15.332500457763672,15.387499809265137,12.29180908203125,7439200,0.0
2008-07-25,15.447500228881836,15.517499923706055,15.399999618530273,15.47249984741211,12.359710693359375,6179600,0.0
2008-07-28,15.4350004196167,15.5024995803833,15.262499809265137,15.279999732971191,12.205938339233398,4760000,0.0
2008-07-29,15.297499656677246,15.492500305175781,15.297499656677246,15.484999656677246,12.369690895080566,5134400,0.0
2008-07-30,15.577500343322754,15.760000228881836,15.522500038146973,15.729999542236328,12.565406799316406,5242400,0.0
2008-07-31,15.647500038146973,15.7475004196167,15.5024995803833,15.5024995803833,12.383672714233398,6601600,0.0
2008-08-01,15.515000343322754,15.569999694824219,15.367500305175781,15.414999961853027,12.313776969909668,15338000,0.0
2008-08-04,15.407500267028809,15.4350004196167,15.207500457763672,15.260000228881836,12.189957618713379,3821200,0.0
2008-08-05,15.319999694824219,15.609999656677246,15.317500114440918,15.609999656677246,12.469545364379883,14740000,0.0
2008-08-06,15.6225004196167,15.802499771118164,15.592499732971191,15.802499771118164,12.623318672180176,4442800,0.0
2008-08-07,15.672499656677246,15.7475004196167,15.5600004196167,15.579999923706055,12.445581436157227,6483200,0.0
2008-08-08,15.52750015258789,15.8774995803833,15.4975004196167,15.850000381469727,12.661262512207031,2798000,0.0
2008-08-11,15.850000381469727,15.979999542236328,15.8100004196167,15.9375,12.731158256530762,4086800,0.0
2008-08-12,15.927499771118164,15.942500114440918,15.817500114440918,15.852499961853027,12.663256645202637,7186400,0.0
2008-08-13,15.829999923706055,15.975000381469727,15.772500038146973,15.895000457763672,12.697211265563965,4004800,0.0
2008-08-14,15.807499885559082,16.0049991607666,15.772500038146973,15.947500228881836,12.73914623260498,3798400,0.0
2008-08-15,15.970000267028809,15.994999885559082,15.875,15.947500228881836,12.73914623260498,2487600,0.0
2008-08-18,16.024999618530273,16.024999618530273,15.697500228881836,15.760000228881836,12.589370727539062,7728400,0.0
2008-08-19,15.677499771118164,15.7475004196167,15.657500267028809,15.704999923706055,12.54543399810791,4672400,0.0
2008-08-20,15.757499694824219,15.817500114440918,15.692500114440918,15.8149995803833,12.633299827575684,6074400,0.0
2008-08-21,15.744999885559082,15.920000076293945,15.697500228881836,15.867500305175781,12.675247192382812,4213200,0.0
2008-08-22,15.917499542236328,16.022499084472656,15.907500267028809,16.0,12.781084060668945,2877600,0.0
2008-08-25,15.904999732971191,15.925000190734863,15.6850004196167,15.720000267028809,12.557416915893555,5066800,0.0
2008-08-26,15.725000381469727,15.8125,15.6875,15.765000343322754,12.593360900878906,2744400,0.0
2008-08-27,15.774999618530273,15.9375,15.774999618530273,15.885000228881836,12.68921947479248,4325200,0.0
2008-08-28,15.992500305175781,16.024999618530273,15.90999984741211,16.020000457763672,12.797064781188965,3650800,0.0
2008-08-29,15.977499961853027,15.977499961853027,15.779999732971191,15.78499984741211,12.60934066772461,4357600,0.0
2008-09-02,15.899999618530273,15.917499542236328,15.5625,15.604999542236328,12.465555191040039,3979200,0.0
2008-09-03,15.5600004196167,15.635000228881836,15.442500114440918,15.555000305175781,12.425612449645996,4476800,0.0
2008-09-04,15.40999984741211,15.460000038146973,15.09000015258789,15.119999885559082,12.078125,8126400,0.0
2008-09-05,15.039999961853027,15.154999732971191,14.8725004196167,15.102499961853027,12.06414794921875,5398000,0.0
2008-09-08,15.470000267028809,15.6274995803833,15.087499618530273,15.287500381469727,12.21192741394043,9670000,0.0
2008-09-09,15.307499885559082,15.5024995803833,14.805000305175781,14.807499885559082,11.828495979309082,7770400,0.0
2008-09-10,14.9399995803833,15.095000267028809,14.854999542236328,14.96500015258789,11.954303741455078,5920800,0.0
2008-09-11,14.84000015258789,15.202500343322754,14.77750015258789,15.192500114440918,12.136042594909668,8226800,0.0
2008-09-12,15.109999656677246,15.295000076293945,15.042499542236328,15.27750015258789,12.203944206237793,6338400,0.0
2008-09-15,14.7524995803833,15.117500305175781,14.675000190734863,14.699999809265137,11.74262523651123,12375600,0.0
2008-09-16,14.354999542236328,14.882499694824219,14.3100004196167,14.84000015258789,11.854456901550293,19987600,0.0
2008-09-17,14.612500190734863,14.71500015258789,14.244999885559082,14.25,11.38315200805664,17404000,0.0
2008-09-18,14.454999923706055,14.797499656677246,14.029999732971191,14.645000457763672,11.698687553405762,20880000,0.0
2008-09-19,15.03499984741211,15.03499984741211,15.03499984741211,15.03499984741211,12.010226249694824,6442000,0.0
2008-09-22,15.135000228881836,15.197500228881836,14.670000076293945,14.710000038146973,11.750612258911133,9764000,0.0
2008-09-23,14.682499885559082,14.882499694824219,14.492500305175781,14.520000457763672,11.598834037780762,7994800,0.0
2008-09-24,14.587499618530273,14.645000457763672,14.40999984741211,14.522500038146973,11.60083293914795,7395200,0.0
2008-09-25,14.40250015258789,14.8149995803833,14.342499732971191,14.630000114440918,11.72566032409668,5104000,0.04825
2008-09-26,14.335000038146973,14.710000038146973,14.335000038146973,14.707500457763672,11.78778076171875,6175200,0.0
2008-09-29,14.569999694824219,14.59000015258789,13.484999656677246,13.664999961853027,10.952235221862793,8412000,0.0
2008-09-30,13.9399995803833,14.329999923706055,13.710000038146973,14.194999694824219,11.377019882202148,6831600,0.0
2008-10-01,14.085000038146973,14.119999885559082,13.765000343322754,13.977499961853027,11.202692985534668,13955600,0.0
2008-10-02,13.8774995803833,13.8774995803833,13.385000228881836,13.430000305175781,10.763883590698242,6825600,0.0
2008-10-03,13.59749984741211,13.895000457763672,13.244999885559082,13.244999885559082,10.615610122680664,9333200,0.0
2008-10-06,12.789999961853027,12.982500076293945,12.15250015258789,12.795000076293945,10.254947662353516,10314000,0.0
2008-10-07,12.857500076293945,13.015000343322754,12.100000381469727,12.15250015258789,9.739999771118164,12230000,0.0
2008-10-08,11.854999542236328,12.510000228881836,11.77750015258789,12.045000076293945,9.653841018676758,15210800,0.0
2008-10-09,12.172499656677246,12.34749984741211,11.21500015258789,11.279999732971191,9.040703773498535,13998400,0.0
2008-10-10,10.797499656677246,11.467499732971191,10.279999732971191,11.2524995803833,9.018662452697754,30942400,0.0
2008-10-13,11.432499885559082,12.3125,11.352499961853027,12.292499542236328,9.85219955444336,15654400,0.0
2008-10-14,12.869999885559082,13.210000038146973,11.792499542236328,12.045000076293945,9.653841018676758,25224400,0.0
2008-10-15,11.737500190734863,11.967499732971191,10.917499542236328,10.930000305175781,8.760184288024902,9697600,0.0
2008-10-16,10.880000114440918,11.470000267028809,10.4399995803833,11.354999542236328,9.100811958312988,13864400,0.0
2008-10-17,11.204999923706055,11.989999771118164,11.0600004196167,11.427499771118164,9.158916473388672,12599200,0.0
2008-10-20,11.625,12.02750015258789,11.4975004196167,12.010000228881836,9.625786781311035,10885200,0.0
2008-10-21,11.8100004196167,11.987500190734863,11.577500343322754,11.602499961853027,9.299178123474121,13665200,0.0
2008-10-22,11.255000114440918,11.447500228881836,10.649999618530273,10.904999732971191,8.740144729614258,9924800,0.0
2008-10-23,10.987500190734863,11.229999542236328,10.444999694824219,11.047499656677246,8.854361534118652,13525200,0.0
2008-10-24,10.045000076293945,10.9350004196167,10.0,10.6899995803833,8.567826271057129,12126800,0.0
2008-10-27,10.327500343322754,10.895000457763672,10.274999618530273,10.282500267028809,8.241229057312012,8977200,0.0
2008-10-28,10.612500190734863,11.395000457763672,10.3125,11.3725004196167,9.114837646484375,13524400,0.0
2008-10-29,11.407500267028809,11.837499618530273,11.265000343322754,11.287500381469727,9.046712875366211,18612000,0.0
2008-10-30,11.774999618530273,11.797499656677246,11.352499961853027,11.672499656677246,9.3552827835083,12626800,0.0
2008-10-31,11.595000267028809,12.012499809265137,11.517499923706055,11.852499961853027,9.499549865722656,8024400,0.0
2008-11-03,11.8149995803833,11.875,11.6274995803833,11.725000381469727,9.397359848022461,5525200,0.0
2008-11-04,12.057499885559082,12.204999923706055,11.90250015258789,12.1850004196167,9.766040802001953,12770400,0.0
2008-11-05,12.017499923706055,12.140000343322754,11.595000267028809,11.6225004196167,9.315210342407227,10628800,0.0
2008-11-06,11.5,11.614999771118164,11.010000228881836,11.100000381469727,8.896435737609863,11278400,0.0
2008-11-07,11.207500457763672,11.422499656677246,11.117500305175781,11.412500381469727,9.146897315979004,9592800,0.0
2008-11-10,11.630000114440918,11.702500343322754,11.175000190734863,11.337499618530273,9.086788177490234,7636000,0.0
2008-11-11,11.112500190734863,11.28499984741211,10.904999732971191,11.052499771118164,8.858370780944824,12206400,0.0
2008-11-12,10.854999542236328,10.895000457763672,10.4975004196167,10.515000343322754,8.427569389343262,12337600,0.0
2008-11-13,10.52750015258789,11.345000267028809,10.132499694824219,11.345000267028809,9.092799186706543,20061600,0.0
2008-11-14,11.015000343322754,11.345000267028809,10.770000457763672,10.795000076293945,8.651987075805664,12703200,0.0
2008-11-17,10.625,10.952500343322754,10.555000305175781,10.567500114440918,8.469644546508789,9994000,0.0
2008-11-18,10.529999732971191,10.795000076293945,10.327500343322754,10.732500076293945,8.60189151763916,30409600,0.0
2008-11-19,10.680000305175781,10.837499618530273,10.15999984741211,10.197500228881836,8.173097610473633,9248800,0.0
2008-11-20,10.09749984741211,10.34749984741211,9.47249984741211,9.52750015258789,7.636106014251709,17618800,0.0
2008-11-21,9.760000228881836,10.202500343322754,9.4399995803833,10.170000076293945,8.151057243347168,28855600,0.0
2008-11-24,10.345000267028809,10.895000457763672,10.237500190734863,10.667499542236328,8.54979133605957,22156800,0.0
2008-11-25,10.904999732971191,10.932499885559082,10.475000381469727,10.720000267028809,8.591876029968262,27046400,0.0
2008-11-26,10.522500038146973,11.104999542236328,10.470000267028809,11.104999542236328,8.900446891784668,19241600,0.0
2008-11-28,11.024999618530273,11.137499809265137,10.984999656677246,11.1274995803833,8.918477058410645,6241600,0.0
2008-12-01,10.832500457763672,10.835000038146973,10.234999656677246,10.257499694824219,8.221186637878418,28274000,0.0
2008-12-02,10.404999732971191,10.577500343322754,10.227499961853027,10.5625,8.465639114379883,18004400,0.0
2008-12-03,10.327500343322754,10.8125,10.28499984741211,10.742500305175781,8.609906196594238,17188800,0.0
2008-12-04,10.59000015258789,10.8100004196167,10.292499542236328,10.447500228881836,8.373467445373535,12437200,0.0
2008-12-05,10.282500267028809,10.817500114440918,10.079999923706055,10.772500038146973,8.633950233459473,11676400,0.0
2008-12-08,11.0024995803833,11.282500267028809,10.9975004196167,11.140000343322754,8.928499221801758,11972800,0.0
2008-12-09,11.010000228881836,11.307499885559082,10.9399995803833,11.007499694824219,8.822299003601074,16586400,0.0
2008-12-10,11.102499961853027,11.292499542236328,11.005000114440918,11.172499656677246,8.954545974731445,10741600,0.0
2008-12-11,11.082500457763672,11.3100004196167,10.880000114440918,10.922499656677246,8.754172325134277,10887600,0.0
2008-12-12,10.6899995803833,11.045000076293945,10.612500190734863,10.962499618530273,8.786231994628906,10249200,0.0
2008-12-15,11.074999809265137,11.085000038146973,10.767499923706055,10.927499771118164,8.758179664611816,8412400,0.0
2008-12-16,11.3774995803833,11.407500267028809,10.994999885559082,11.3774995803833,9.118844985961914,12692400,0.0
2008-12-17,11.267499923706055,11.452500343322754,11.1899995803833,11.274999618530273,9.036693572998047,14033600,0.0
2008-12-18,11.295000076293945,11.342499732971191,10.9375,11.069999694824219,8.872390747070312,7896000,0.0
2008-12-19,11.140000343322754,11.287500381469727,11.015000343322754,11.02750015258789,8.838326454162598,7449200,0.0
2008-12-22,11.0625,11.0649995803833,10.692500114440918,10.832500457763672,8.682039260864258,8617200,0.0
2008-12-23,10.949999809265137,11.0024995803833,10.744999885559082,10.817500114440918,8.67001724243164,9770800,0.0
2008-12-24,10.800000190734863,10.822500228881836,10.729999542236328,10.77750015258789,8.678272247314453,4118800,0.05025
2008-12-26,10.880000114440918,10.880000114440918,10.795000076293945,10.857500076293945,8.742687225341797,3351200,0.0
2008-12-29,10.90250015258789,10.90999984741211,10.697500228881836,10.84000015258789,8.728595733642578,6520400,0.0
2008-12-30,10.917499542236328,11.102499961853027,10.859999656677246,11.09749984741211,8.935940742492676,9089600,0.0
2008-12-31,11.104999542236328,11.305000305175781,11.077500343322754,11.232500076293945,9.044644355773926,12578800,0.0
2009-01-02,11.237500190734863,11.642499923706055,11.1875,11.579999923706055,9.324461936950684,10016000,0.0
2009-01-05,11.547499656677246,11.71500015258789,11.494999885559082,11.59749984741211,9.338552474975586,13878000,0.0
2009-01-06,11.727499961853027,11.8149995803833,11.604999542236328,11.680000305175781,9.404985427856445,12643600,0.0
2009-01-07,11.510000228881836,11.555000305175781,11.282500267028809,11.375,9.159390449523926,7059200,0.0
2009-01-08,11.317500114440918,11.407500267028809,11.225000381469727,11.407500267028809,9.185559272766113,7206800,0.0
2009-01-09,11.427499771118164,11.430000305175781,11.132499694824219,11.15999984741211,8.986268043518066,6148400,0.0
2009-01-12,11.112500190734863,11.135000228881836,10.864999771118164,10.944999694824219,8.81314754486084,9295200,0.0
2009-01-13,10.912500381469727,11.074999809265137,10.875,10.977499961853027,8.839316368103027,7852000,0.0
2009-01-14,10.819999694824219,10.854999542236328,10.5649995803833,10.654999732971191,8.579630851745605,8304800,0.0
2009-01-15,10.612500190734863,10.792499542236328,10.392499923706055,10.729999542236328,8.640019416809082,11170000,0.0
2009-01-16,10.882499694824219,10.927499771118164,10.6225004196167,10.84749984741211,8.734631538391113,13600400,0.0
2009-01-20,10.770000457763672,10.822500228881836,10.357500076293945,10.375,8.354166984558105,13025200,0.0
2009-01-21,10.512499809265137,10.797499656677246,10.369999885559082,10.765000343322754,8.668203353881836,12029600,0.0
2009-01-22,10.542499542236328,10.767499923706055,10.432499885559082,10.637499809265137,8.565539360046387,11526400,0.0
2009-01-23,10.382499694824219,10.792499542236328,10.375,10.6899995803833,8.60781478881836,13023200,0.0
2009-01-26,10.717499732971191,10.952500343322754,10.65250015258789,10.774999618530273,8.676255226135254,9185600,0.0
2009-01-27,10.822500228881836,10.942500114440918,10.757499694824219,10.8774995803833,8.758793830871582,9136400,0.0
2009-01-28,11.047499656677246,11.242500305175781,11.005000114440918,11.157500267028809,8.984254837036133,11692000,0.0
2009-01-29,11.029999732971191,11.057499885559082,10.857500076293945,10.857500076293945,8.742687225341797,8817200,0.0
2009-01-30,10.917499542236328,10.962499618530273,10.632499694824219,10.6850004196167,8.603789329528809,10696800,0.0
2009-02-02,10.532500267028809,10.737500190734863,10.5,10.642499923706055,8.56956672668457,8636000,0.0
2009-02-03,10.692500114440918,10.920000076293945,10.607500076293945,10.869999885559082,8.752753257751465,8920800,0.0
2009-02-04,10.904999732971191,11.0625,10.795000076293945,10.822500228881836,8.71450424194336,8730000,0.0
2009-02-05,10.7524995803833,11.1225004196167,10.729999542236328,11.057499885559082,8.903735160827637,9708400,0.0
2009-02-06,11.055000305175781,11.352499961853027,11.037500381469727,11.305000305175781,9.10302448272705,8813200,0.0
2009-02-09,11.324999809265137,11.385000228881836,11.212499618530273,11.307499885559082,9.105040550231934,9307200,0.0
2009-02-10,11.1899995803833,11.3149995803833,10.772500038146973,10.835000038146973,8.724574089050293,9220000,0.0
2009-02-11,10.8725004196167,10.942500114440918,10.720000267028809,10.845000267028809,8.732624053955078,7826400,0.0
2009-02-12,10.699999809265137,10.9350004196167,10.600000381469727,10.914999961853027,8.788987159729004,10147200,0.0
2009-02-13,10.914999961853027,11.010000228881836,10.842499732971191,10.845000267028809,8.732624053955078,7085200,0.0
2009-02-17,10.520000457763672,10.592499732971191,10.417499542236328,10.442500114440918,8.408522605895996,8450000,0.0
2009-02-18,10.475000381469727,10.53499984741211,10.332500457763672,10.432499885559082,8.400467872619629,7686800,0.0
2009-02-19,10.52750015258789,10.5649995803833,10.337499618530273,10.385000228881836,8.362223625183105,9972400,0.0
2009-02-20,10.194999694824219,10.397500038146973,10.117500305175781,10.295000076293945,8.289756774902344,13462800,0.0
2009-02-23,10.375,10.387499809265137,9.887499809265137,9.90999984741211,7.979739189147949,8449600,0.0
2009-02-24,9.962499618530273,10.279999732971191,9.9375,10.232500076293945,8.239426612854004,10481200,0.0
2009-02-25,10.170000076293945,10.3125,9.9975004196167,10.135000228881836,8.160913467407227,12455600,0.0
2009-02-26,10.2475004196167,10.279999732971191,9.932499885559082,9.932499885559082,7.997857093811035,7914000,0.0
2009-02-27,9.757499694824219,9.962499618530273,9.739999771118164,9.75,7.850907802581787,8768400,0.0
2009-03-02,9.5625,9.664999961853027,9.3149995803833,9.364999771118164,7.540892124176025,17080400,0.0
2009-03-03,9.449999809265137,9.510000228881836,9.270000457763672,9.3100004196167,7.496610164642334,13180400,0.0
2009-03-04,9.460000038146973,9.727499961853027,9.432499885559082,9.5649995803833,7.701938152313232,8790800,0.0
2009-03-05,9.364999771118164,9.484999656677246,9.15250015258789,9.220000267028809,7.424139022827148,12668800,0.0
2009-03-06,9.274999618530273,9.432499885559082,9.005000114440918,9.34000015258789,7.5207648277282715,21304000,0.0
2009-03-09,9.107500076293945,9.359999656677246,9.055000305175781,9.082500457763672,7.313419342041016,11902000,0.0
2009-03-10,9.267499923706055,9.59749984741211,9.242500305175781,9.579999923706055,7.714015960693359,13680400,0.0
2009-03-11,9.6899995803833,9.760000228881836,9.557499885559082,9.65250015258789,7.772398948669434,14027600,0.0
2009-03-12,9.65250015258789,9.977499961853027,9.577500343322754,9.967499732971191,8.026043891906738,17978000,0.0
2009-03-13,9.975000381469727,10.015000343322754,9.84000015258789,9.992500305175781,8.04617691040039,14544800,0.0
2009-03-16,10.109999656677246,10.175000190734863,9.930000305175781,9.960000038146973,8.020005226135254,8492800,0.0
2009-03-17,9.982500076293945,10.25,9.912500381469727,10.25,8.25351619720459,6503600,0.0
2009-03-18,10.202500343322754,10.5024995803833,10.0649995803833,10.352499961853027,8.33605670928955,12016000,0.0
2009-03-19,10.470000267028809,10.4975004196167,10.287500381469727,10.295000076293945,8.289756774902344,9833600,0.0
2009-03-20,10.359999656677246,10.420000076293945,10.114999771118164,10.140000343322754,8.164942741394043,5973200,0.0
2009-03-23,10.319999694824219,10.800000190734863,10.319999694824219,10.800000190734863,8.696390151977539,8204800,0.0
2009-03-24,10.664999961853027,10.782500267028809,10.587499618530273,10.602499961853027,8.53735637664795,7414000,0.0
2009-03-25,10.65250015258789,10.792499542236328,10.367500305175781,10.59000015258789,8.563029289245605,9252000,0.04425
2009-03-26,10.744999885559082,10.892499923706055,10.677499771118164,10.862500190734863,8.78337287902832,10077200,0.0
2009-03-27,10.707500457763672,10.779999732971191,10.640000343322754,10.6875,8.641867637634277,5814400,0.0
2009-03-30,10.442500114440918,10.487500190734863,10.257499694824219,10.385000228881836,8.397270202636719,14385600,0.0
2009-03-31,10.507499694824219,10.642499923706055,10.414999961853027,10.46500015258789,8.461956024169922,7963600,0.0
2009-04-01,10.335000038146973,10.662500381469727,10.28499984741211,10.6274995803833,8.593353271484375,7789600,0.0
2009-04-02,10.882499694824219,11.092499732971191,10.837499618530273,10.912500381469727,8.823799133300781,6598400,0.0
2009-04-03,10.927499771118164,11.024999618530273,10.845000267028809,11.020000457763672,8.910727500915527,9231200,0.0
2009-04-06,10.882499694824219,10.952500343322754,10.760000228881836,10.920000076293945,8.829867362976074,7301600,0.0
2009-04-07,10.765000343322754,10.8100004196167,10.657500267028809,10.682499885559082,8.637824058532715,16502800,0.0
2009-04-08,10.729999542236328,10.875,10.670000076293945,10.819999694824219,8.749007225036621,4687600,0.0
2009-04-09,11.057499885559082,11.117500305175781,10.992500305175781,11.114999771118164,8.98753833770752,7368800,0.0
2009-04-13,11.02750015258789,11.154999732971191,10.970000267028809,11.082500457763672,8.961259841918945,6205600,0.0
2009-04-14,10.930000305175781,11.074999809265137,10.90250015258789,10.942500114440918,8.848057746887207,7291600,0.0
2009-04-15,10.875,11.007499694824219,10.837499618530273,10.992500305175781,8.888486862182617,5759600,0.0
2009-04-16,11.052499771118164,11.210000038146973,10.947500228881836,11.149999618530273,9.015846252441406,7270000,0.0
2009-04-17,11.149999618530273,11.2475004196167,11.104999542236328,11.199999809265137,9.056272506713867,5740400,0.0
2009-04-20,11.029999732971191,11.042499542236328,10.807499885559082,10.829999923706055,8.757092475891113,5380000,0.0
2009-04-21,10.802499771118164,11.010000228881836,10.762499809265137,11.007499694824219,8.900620460510254,7537200,0.0
2009-04-22,10.90250015258789,11.145000457763672,10.887499809265137,10.887499809265137,8.803584098815918,9651200,0.0
2009-04-23,10.977499961853027,11.042499542236328,10.835000038146973,11.02750015258789,8.916790962219238,6647600,0.0
2009-04-24,11.102499961853027,11.302499771118164,11.095000267028809,11.227499961853027,9.078509330749512,5230400,0.0
2009-04-27,11.125,11.28499984741211,11.072500228881836,11.15999984741211,9.023927688598633,6025200,0.0
2009-04-28,11.0625,11.2524995803833,11.022500038146973,11.15250015258789,9.017867088317871,4491600,0.0
2009-04-29,11.274999618530273,11.487500190734863,11.22249984741211,11.375,9.19777774810791,5891600,0.0
2009-04-30,11.507499694824219,11.550000190734863,11.274999618530273,11.342499732971191,9.171499252319336,5592400,0.0
2009-05-01,11.380000114440918,11.462499618530273,11.2475004196167,11.425000190734863,9.238208770751953,15078000,0.0
2009-05-04,11.52750015258789,11.694999694824219,11.467499732971191,11.677499771118164,9.442378044128418,5154000,0.0
2009-05-05,11.672499656677246,11.6899995803833,11.5649995803833,11.65999984741211,9.428227424621582,5743600,0.0
2009-05-06,11.807499885559082,11.824999809265137,11.614999771118164,11.779999732971191,9.525259017944336,11790800,0.0
2009-05-07,11.887499809265137,11.887499809265137,11.537500381469727,11.612500190734863,9.38981819152832,5678400,0.0
2009-05-08,11.772500038146973,11.867500305175781,11.664999961853027,11.822500228881836,9.559625625610352,7421200,0.0
2009-05-11,11.6850004196167,11.739999771118164,11.585000038146973,11.645000457763672,9.416098594665527,6295200,0.0
2009-05-12,11.6899995803833,11.7524995803833,11.539999961853027,11.6899995803833,9.452488899230957,3516000,0.0
2009-05-13,11.550000190734863,11.555000305175781,11.385000228881836,11.420000076293945,9.234166145324707,6818800,0.0
2009-05-14,11.420000076293945,11.572500228881836,11.404999732971191,11.482500076293945,9.284699440002441,4486000,0.0
2009-05-15,11.449999809265137,11.567500114440918,11.362500190734863,11.414999961853027,9.230118751525879,3720800,0.0
2009-05-18,11.537500381469727,11.734999656677246,11.4975004196167,11.734999656677246,9.488870620727539,3778400,0.0
2009-05-19,11.699999809265137,11.824999809265137,11.680000305175781,11.727499961853027,9.482804298400879,6327200,0.0
2009-05-20,11.827500343322754,11.9350004196167,11.667499542236328,11.6850004196167,9.448443412780762,5593600,0.0
2009-05-21,11.53499984741211,11.587499618530273,11.375,11.487500190734863,9.288743019104004,3715200,0.0
2009-05-22,11.5,11.602499961853027,11.422499656677246,11.482500076293945,9.284699440002441,2896800,0.0
2009-05-26,11.390000343322754,11.795000076293945,11.375,11.770000457763672,9.517169952392578,10368800,0.0
2009-05-27,11.772500038146973,11.84000015258789,11.574999809265137,11.592499732971191,9.373647689819336,9318800,0.0
2009-05-28,11.6850004196167,11.8100004196167,11.52750015258789,11.7524995803833,9.503023147583008,4000800,0.0
2009-05-29,11.819999694824219,11.942500114440918,11.732500076293945,11.925000190734863,9.642501831054688,3803200,0.0
2009-06-01,12.095000267028809,12.3100004196167,12.069999694824219,12.227499961853027,9.88710880279541,4497200,0.0
2009-06-02,12.242500305175781,12.387499809265137,12.21500015258789,12.332500457763672,9.972009658813477,6069600,0.0
2009-06-03,12.197500228881836,12.22249984741211,12.055000305175781,12.22249984741211,9.883062362670898,4539600,0.0
2009-06-04,12.242500305175781,12.297499656677246,12.140000343322754,12.267499923706055,9.919451713562012,3388800,0.0
2009-06-05,12.399999618530273,12.414999961853027,12.1899995803833,12.3100004196167,9.953814506530762,3330000,0.0
2009-06-08,12.227499961853027,12.362500190734863,12.09749984741211,12.267499923706055,9.919451713562012,2363200,0.0
2009-06-09,12.327500343322754,12.395000457763672,12.25,12.329999923706055,9.969983100891113,5683200,0.0
2009-06-10,12.452500343322754,12.454999923706055,12.149999618530273,12.3149995803833,9.95785903930664,2825600,0.0
2009-06-11,12.317500114440918,12.5,12.3149995803833,12.397500038146973,10.024564743041992,2789200,0.0
2009-06-12,12.274999618530273,12.357500076293945,12.210000038146973,12.357500076293945,9.992223739624023,1850800,0.0
2009-06-15,12.212499618530273,12.212499618530273,12.017499923706055,12.09000015258789,9.775924682617188,2188000,0.0
2009-06-16,12.1274995803833,12.167499542236328,11.942500114440918,11.954999923706055,9.666765213012695,4242000,0.0
2009-06-17,11.925000190734863,12.0600004196167,11.869999885559082,11.970000267028809,9.678892135620117,2320400,0.0
2009-06-18,11.967499732971191,12.072500228881836,11.927499771118164,12.010000228881836,9.711235046386719,2344400,0.0
2009-06-19,12.130000114440918,12.147500038146973,11.979999542236328,12.037500381469727,9.733473777770996,3865600,0.0
2009-06-22,11.9350004196167,11.9350004196167,11.677499771118164,11.677499771118164,9.442378044128418,4484400,0.0
2009-06-23,11.6875,11.710000038146973,11.582500457763672,11.637499809265137,9.449891090393066,6255600,0.04925
2009-06-24,11.725000381469727,11.852499961853027,11.664999961853027,11.710000038146973,9.50876235961914,6200800,0.0
2009-06-25,11.672499656677246,12.005000114440918,11.664999961853027,11.989999771118164,9.736124992370605,8772000,0.0
2009-06-26,11.942500114440918,11.9975004196167,11.897500038146973,11.9375,9.693492889404297,4321200,0.0
2009-06-29,11.9975004196167,12.074999809265137,11.932499885559082,12.039999961853027,9.776729583740234,3096800,0.0
2009-06-30,12.052499771118164,12.104999542236328,11.869999885559082,11.942500114440918,9.69755744934082,8612400,0.0
2009-07-01,12.024999618530273,12.130000114440918,11.984999656677246,12.0,9.744248390197754,6342000,0.0
2009-07-02,11.852499961853027,11.857500076293945,11.680000305175781,11.682499885559082,9.486431121826172,4186000,0.0
2009-07-06,11.59000015258789,11.694999694824219,11.532500267028809,11.675000190734863,9.480338096618652,7290800,0.0
2009-07-07,11.649999618530273,11.682499885559082,11.425000190734863,11.4375,9.287484169006348,4520400,0.0
2009-07-08,11.5,11.53499984741211,11.342499732971191,11.482500076293945,9.324026107788086,4925600,0.0
2009-07-09,11.5625,11.587499618530273,11.47249984741211,11.507499694824219,9.344326972961426,2338400,0.0
2009-07-10,11.4399995803833,11.539999961853027,11.397500038146973,11.487500190734863,9.328083992004395,4064800,0.0
2009-07-13,11.507499694824219,11.707500457763672,11.397500038146973,11.704999923706055,9.504705429077148,4736000,0.0
2009-07-14,11.7475004196167,11.782500267028809,11.664999961853027,11.767499923706055,9.555452346801758,7322800,0.0
2009-07-15,11.947500228881836,12.130000114440918,11.922499656677246,12.112500190734863,9.835599899291992,3982800,0.0
2009-07-16,12.09000015258789,12.292499542236328,12.079999923706055,12.255000114440918,9.951311111450195,3762400,0.0
2009-07-17,12.260000228881836,12.302499771118164,12.182499885559082,12.274999618530273,9.967551231384277,6850800,0.0
2009-07-20,12.362500190734863,12.425000190734863,12.282500267028809,12.407500267028809,10.07514762878418,3891200,0.0
2009-07-21,12.512499809265137,12.517499923706055,12.324999809265137,12.47249984741211,10.127922058105469,3838000,0.0
2009-07-22,12.417499542236328,12.542499542236328,12.412500381469727,12.46500015258789,10.12183666229248,3738000,0.0
2009-07-23,12.484999656677246,12.772500038146973,12.462499618530273,12.727499961853027,10.334988594055176,4480800,0.0
2009-07-24,12.637499809265137,12.774999618530273,12.600000381469727,12.767499923706055,10.367476463317871,3951600,0.0
2009-07-27,12.7475004196167,12.789999961853027,12.642499923706055,12.765000343322754,10.365440368652344,3164800,0.0
2009-07-28,12.697500228881836,12.762499809265137,12.587499618530273,12.737500190734863,10.343111991882324,5556000,0.0
2009-07-29,12.635000228881836,12.6850004196167,12.567500114440918,12.65250015258789,10.274091720581055,4718400,0.0
2009-07-30,12.805000305175781,12.90250015258789,12.742500305175781,12.760000228881836,10.361383438110352,4601600,0.0
2009-07-31,12.762499809265137,12.842499732971191,12.712499618530273,12.75,10.353263854980469,2449200,0.0
2009-08-03,12.862500190734863,12.952500343322754,12.817500114440918,12.942500114440918,10.509577751159668,4539200,0.0
2009-08-04,12.904999732971191,12.962499618530273,12.859999656677246,12.942500114440918,10.509577751159668,6147600,0.0
2009-08-05,12.9350004196167,12.9399995803833,12.774999618530273,12.845000267028809,10.430405616760254,10118800,0.0
2009-08-06,12.8774995803833,12.890000343322754,12.704999923706055,12.755000114440918,10.357321739196777,5636400,0.0
2009-08-07,12.892499923706055,12.949999809265137,12.795000076293945,12.869999885559082,10.450704574584961,5132800,0.0
2009-08-10,12.829999923706055,12.869999885559082,12.757499694824219,12.84000015258789,10.426339149475098,4161200,0.0
2009-08-11,12.787500381469727,12.805000305175781,12.6899995803833,12.712499618530273,10.322807312011719,3167600,0.0
2009-08-12,12.72249984741211,12.96500015258789,12.712499618530273,12.864999771118164,10.44664192199707,5734800,0.0
2009-08-13,12.922499656677246,12.952500343322754,12.797499656677246,12.9399995803833,10.507545471191406,5665200,0.0
2009-08-14,12.932499885559082,12.932499885559082,12.710000038146973,12.819999694824219,10.410104751586914,6099200,0.0
2009-08-17,12.59749984741211,12.617500305175781,12.510000228881836,12.522500038146973,10.168523788452148,6172800,0.0
2009-08-18,12.555000305175781,12.667499542236328,12.542499542236328,12.632499694824219,10.257850646972656,8112800,0.0
2009-08-19,12.524999618530273,12.792499542236328,12.520000457763672,12.762499809265137,10.363410949707031,3838400,0.0
2009-08-20,12.767499923706055,12.899999618530273,12.737500190734863,12.8774995803833,10.456792831420898,4348400,0.0
2009-08-21,12.979999542236328,13.109999656677246,12.932499885559082,13.072500228881836,10.615140914916992,4861200,0.0
2009-08-24,13.142499923706055,13.207500457763672,13.077500343322754,13.112500190734863,10.647616386413574,4562000,0.0
2009-08-25,13.15250015258789,13.25,13.079999923706055,13.112500190734863,10.647616386413574,7636400,0.0
2009-08-26,13.095000267028809,13.177499771118164,13.047499656677246,13.130000114440918,10.66183090209961,3424400,0.0
2009-08-27,13.109999656677246,13.177499771118164,12.960000038146973,13.149999618530273,10.678067207336426,6521200,0.0
2009-08-28,13.242500305175781,13.272500038146973,13.057499885559082,13.135000228881836,10.665891647338867,3354400,0.0
2009-08-31,13.005000114440918,13.03499984741211,12.944999694824219,13.020000457763672,10.572507858276367,3280000,0.0
2009-09-01,12.944999694824219,13.1274995803833,12.765000343322754,12.779999732971191,10.3776216506958,7209600,0.0
2009-09-02,12.737500190734863,12.842499732971191,12.734999656677246,12.779999732971191,10.3776216506958,4231200,0.0
2009-09-03,12.842499732971191,12.862500190734863,12.725000381469727,12.850000381469727,10.434463500976562,3312000,0.0
2009-09-04,12.882499694824219,13.03499984741211,12.84000015258789,13.022500038146973,10.574541091918945,2746400,0.0
2009-09-08,13.147500038146973,13.170000076293945,13.092499732971191,13.164999961853027,10.690253257751465,2102400,0.0
2009-09-09,13.194999694824219,13.295000076293945,13.137499809265137,13.242500305175781,10.753185272216797,3594800,0.0
2009-09-10,13.267499923706055,13.40250015258789,13.21500015258789,13.390000343322754,10.872957229614258,3853200,0.0
2009-09-11,13.427499771118164,13.470000267028809,13.332500457763672,13.412500381469727,10.891225814819336,2921200,0.0
2009-09-14,13.300000190734863,13.452500343322754,13.295000076293945,13.4375,10.911528587341309,3550800,0.0
2009-09-15,13.457500457763672,13.515000343322754,13.3725004196167,13.475000381469727,10.941977500915527,5612400,0.0
2009-09-16,13.520000457763672,13.667499542236328,13.482500076293945,13.664999961853027,11.096259117126465,6354400,0.0
2009-09-17,13.645000457763672,13.737500190734863,13.595000267028809,13.664999961853027,11.096259117126465,7141600,0.0
2009-09-18,13.712499618530273,13.737500190734863,13.632499694824219,13.677499771118164,11.106409072875977,5662000,0.0
2009-09-21,13.542499542236328,13.675000190734863,13.542499542236328,13.640000343322754,11.075957298278809,5438800,0.0
2009-09-22,13.729999542236328,13.737500190734863,13.645000457763672,13.704999923706055,11.128744125366211,3208800,0.0
2009-09-23,13.697500228881836,13.760000228881836,13.515000343322754,13.524999618530273,11.022186279296875,3764400,0.04925
2009-09-24,13.5600004196167,13.59000015258789,13.369999885559082,13.427499771118164,10.942728042602539,4132800,0.0
2009-09-25,13.404999732971191,13.475000381469727,13.322500228881836,13.362500190734863,10.889759063720703,3539200,0.0
2009-09-28,13.407500267028809,13.6225004196167,13.407500267028809,13.572500228881836,11.060898780822754,4188400,0.0
2009-09-29,13.587499618530273,13.637499809265137,13.492500305175781,13.52750015258789,11.024227142333984,3472000,0.0
2009-09-30,13.574999809265137,13.592499732971191,13.352499961853027,13.4975004196167,10.999773979187012,6969200,0.0
2009-10-01,13.462499618530273,13.477499961853027,13.172499656677246,13.172499656677246,10.734919548034668,9862000,0.0
2009-10-02,13.067500114440918,13.202500343322754,13.0649995803833,13.145000457763672,10.712509155273438,4831200,0.0
2009-10-05,13.180000305175781,13.319999694824219,13.125,13.287500381469727,10.828636169433594,5922000,0.0
2009-10-06,13.387499809265137,13.53499984741211,13.350000381469727,13.477499961853027,10.983476638793945,6776800,0.0
2009-10-07,13.449999809265137,13.53499984741211,13.4350004196167,13.524999618530273,11.022186279296875,4242000,0.0
2009-10-08,13.630000114440918,13.707500457763672,13.567500114440918,13.637499809265137,11.113873481750488,3512400,0.0
2009-10-09,13.6274995803833,13.734999656677246,13.609999656677246,13.734999656677246,11.193323135375977,2990000,0.0
2009-10-12,13.800000190734863,13.852499961853027,13.72249984741211,13.779999732971191,11.230000495910645,1600800,0.0
2009-10-13,13.729999542236328,13.782500267028809,13.670000076293945,13.772500038146973,11.223888397216797,3450800,0.0
2009-10-14,13.914999961853027,13.977499961853027,13.854999542236328,13.962499618530273,11.378728866577148,5548800,0.0
2009-10-15,13.885000228881836,14.042499542236328,13.885000228881836,14.02750015258789,11.431700706481934,3881600,0.0
2009-10-16,13.942500114440918,14.022500038146973,13.895000457763672,13.989999771118164,11.40113639831543,4128400,0.0
2009-10-19,14.007499694824219,14.145000457763672,13.967499732971191,14.1225004196167,11.509124755859375,2479200,0.0
2009-10-20,14.15999984741211,14.15999984741211,13.952500343322754,14.052499771118164,11.452073097229004,5404400,0.0
2009-10-21,14.022500038146973,14.199999809265137,13.96500015258789,13.97249984741211,11.386877059936523,4756400,0.0
2009-10-22,13.96500015258789,14.132499694824219,13.869999885559082,14.092499732971191,11.484671592712402,6289200,0.0
2009-10-23,14.177499771118164,14.1850004196167,13.920000076293945,13.97249984741211,11.386877059936523,4994400,0.0
2009-10-26,13.984999656677246,14.157500267028809,13.84000015258789,13.869999885559082,11.303343772888184,2518400,0.0
2009-10-27,13.8725004196167,13.942500114440918,13.779999732971191,13.824999809265137,11.26667308807373,9128000,0.0
2009-10-28,13.772500038146973,13.832500457763672,13.552499771118164,13.5649995803833,11.05478572845459,5321200,0.0
2009-10-29,13.657500267028809,13.84749984741211,13.619999885559082,13.819999694824219,11.262595176696777,4102400,0.0
2009-10-30,13.800000190734863,13.832500457763672,13.4399995803833,13.460000038146973,10.969215393066406,10054800,0.0
2009-11-02,13.505000114440918,13.672499656677246,13.395000457763672,13.552499771118164,11.044598579406738,5213200,0.0
2009-11-03,13.467499732971191,13.607500076293945,13.454999923706055,13.587499618530273,11.07312297821045,12462800,0.0
2009-11-04,13.704999923706055,13.807499885559082,13.612500190734863,13.632499694824219,11.109794616699219,5535600,0.0
2009-11-05,13.7524995803833,13.907500267028809,13.720000267028809,13.892499923706055,11.32167911529541,4304400,0.0
2009-11-06,13.8125,13.975000381469727,13.802499771118164,13.930000305175781,11.352243423461914,2600400,0.0
2009-11-09,14.045000076293945,14.207500457763672,14.020000457763672,14.204999923706055,11.576354026794434,2612400,0.0
2009-11-10,14.157500267028809,14.260000228881836,14.145000457763672,14.210000038146973,11.580430030822754,3943200,0.0
2009-11-11,14.3100004196167,14.357500076293945,14.210000038146973,14.282500267028809,11.639507293701172,3341600,0.0
2009-11-12,14.2475004196167,14.327500343322754,14.104999542236328,14.15250015258789,11.5335693359375,6952400,0.0
2009-11-13,14.175000190734863,14.287500381469727,14.114999771118164,14.242500305175781,11.606916427612305,3764400,0.0
2009-11-16,14.337499618530273,14.489999771118164,14.3149995803833,14.444999694824219,11.771939277648926,6973200,0.0
2009-11-17,14.399999618530273,14.46500015258789,14.357500076293945,14.46500015258789,11.788240432739258,3204800,0.0
2009-11-18,14.4399995803833,14.467499732971191,14.345000267028809,14.427499771118164,11.757678031921387,3587200,0.0
2009-11-19,14.324999809265137,14.335000038146973,14.15250015258789,14.257499694824219,11.61913776397705,5957200,0.0
2009-11-20,14.164999961853027,14.229999542236328,14.130000114440918,14.1899995803833,11.564127922058105,3214000,0.0
2009-11-23,14.367500305175781,14.492500305175781,14.337499618530273,14.380000114440918,11.718972206115723,4819600,0.0
2009-11-24,14.387499809265137,14.412500381469727,14.270000457763672,14.399999618530273,11.735268592834473,3542000,0.0
2009-11-25,14.422499656677246,14.467499732971191,14.375,14.460000038146973,11.784165382385254,1902400,0.0
2009-11-27,14.0649995803833,14.307499885559082,14.03499984741211,14.225000381469727,11.592656135559082,2613200,0.0
2009-11-30,14.199999809265137,14.287500381469727,14.135000228881836,14.2475004196167,11.61098575592041,5539200,0.0
2009-12-01,14.332500457763672,14.487500190734863,14.332500457763672,14.427499771118164,11.757678031921387,4770000,0.0
2009-12-02,14.430000305175781,14.512499809265137,14.375,14.412500381469727,11.745451927185059,3751600,0.0
2009-12-03,14.447500228881836,14.487500190734863,14.274999618530273,14.279999732971191,11.637470245361328,4055200,0.0
2009-12-04,14.47249984741211,14.537500381469727,14.220000267028809,14.34000015258789,11.686367988586426,5986800,0.0
2009-12-07,14.335000038146973,14.395000457763672,14.267499923706055,14.302499771118164,11.655807495117188,3616000,0.0
2009-12-08,14.210000038146973,14.234999656677246,14.107500076293945,14.15999984741211,11.539677619934082,5661200,0.0
2009-12-09,14.154999732971191,14.227499961853027,14.074999809265137,14.21500015258789,11.584503173828125,3680400,0.0
2009-12-10,14.3125,14.359999656677246,14.292499542236328,14.3149995803833,11.665994644165039,2412800,0.0
2009-12-11,14.34000015258789,14.399999618530273,14.297499656677246,14.352499961853027,11.696556091308594,2228000,0.0
2009-12-14,14.454999923706055,14.454999923706055,14.369999885559082,14.417499542236328,11.749530792236328,2654400,0.0
2009-12-15,14.369999885559082,14.447500228881836,14.329999923706055,14.364999771118164,11.706744194030762,5658400,0.0
2009-12-16,14.412500381469727,14.479999542236328,14.367500305175781,14.390000343322754,11.727117538452148,5597200,0.0
2009-12-17,14.292499542236328,14.329999923706055,14.207500457763672,14.227499961853027,11.594690322875977,2762400,0.0
2009-12-18,14.28499984741211,14.359999656677246,14.202500343322754,14.359999656677246,11.70267105102539,3606000,0.0
2009-12-21,14.392499923706055,14.507499694824219,14.380000114440918,14.457500457763672,11.782126426696777,3703200,0.0
2009-12-22,14.47249984741211,14.555000305175781,14.470000267028809,14.53499984741211,11.845285415649414,6304800,0.0
2009-12-23,14.569999694824219,14.625,14.529999732971191,14.617500305175781,11.912518501281738,2810400,0.0
2009-12-24,14.595000267028809,14.635000228881836,14.577500343322754,14.630000114440918,11.969380378723145,959200,0.057
2009-12-28,14.642499923706055,14.6899995803833,14.614999771118164,14.677499771118164,12.00823974609375,4609600,0.0
2009-12-29,14.6875,14.71500015258789,14.645000457763672,14.649999618530273,11.98574447631836,2966800,0.0
2009-12-30,14.595000267028809,14.654999732971191,14.595000267028809,14.635000228881836,11.973468780517578,1619600,0.0
2009-12-31,14.662500381469727,14.6850004196167,14.494999885559082,14.4975004196167,11.860976219177246,2996000,0.0
2010-01-04,14.6225004196167,14.732500076293945,14.595000267028809,14.712499618530273,12.036874771118164,4913600,0.0
2010-01-05,14.707500457763672,14.742500305175781,14.649999618530273,14.72249984741211,12.045060157775879,3892800,0.0
2010-01-06,14.707500457763672,14.755000114440918,14.6875,14.72249984741211,12.045060157775879,3948400,0.0
2010-01-07,14.677499771118164,14.72249984741211,14.625,14.712499618530273,12.036874771118164,2766000,0.0
2010-01-08,14.672499656677246,14.789999961853027,14.632499694824219,14.779999732971191,12.092105865478516,3446800,0.0
2010-01-11,14.850000381469727,14.850000381469727,14.71500015258789,14.792499542236328,12.102325439453125,2396400,0.0
2010-01-12,14.6875,14.717499732971191,14.585000038146973,14.645000457763672,11.981650352478027,5980800,0.0
2010-01-13,14.664999961853027,14.807499885559082,14.602499961853027,14.779999732971191,12.092105865478516,5044000,0.0
2010-01-14,14.75,14.842499732971191,14.742500305175781,14.827500343322754,12.130962371826172,4360800,0.0
2010-01-15,14.8100004196167,14.832500457763672,14.614999771118164,14.657500267028809,11.991878509521484,5421600,0.0
2010-01-19,14.670000076293945,14.854999542236328,14.649999618530273,14.852499961853027,12.151413917541504,3458000,0.0
2010-01-20,14.7475004196167,14.7475004196167,14.53499984741211,14.65999984741211,11.99392318725586,4207600,0.0
2010-01-21,14.680000305175781,14.707500457763672,14.3774995803833,14.397500038146973,11.77916145324707,7264800,0.0
2010-01-22,14.324999809265137,14.375,14.039999961853027,14.0625,11.505084037780762,6054800,0.0
2010-01-25,14.175000190734863,14.194999694824219,14.079999923706055,14.1274995803833,11.558265686035156,4192800,0.0
2010-01-26,14.077500343322754,14.225000381469727,14.024999618530273,14.087499618530273,11.52553939819336,3799200,0.0
2010-01-27,14.052499771118164,14.175000190734863,13.954999923706055,14.145000457763672,11.572586059570312,5946400,0.0
2010-01-28,14.170000076293945,14.170000076293945,13.850000381469727,13.920000076293945,11.38849925994873,7516800,0.0
2010-01-29,13.984999656677246,14.077500343322754,13.707500457763672,13.734999656677246,11.237143516540527,5181600,0.0
2010-02-01,13.832500457763672,13.954999923706055,13.824999809265137,13.952500343322754,11.415094375610352,3830000,0.0
2010-02-02,13.977499961853027,14.140000343322754,13.925000190734863,14.114999771118164,11.548038482666016,2688400,0.0
2010-02-03,14.047499656677246,14.1274995803833,14.03499984741211,14.082500457763672,11.521444320678711,2861200,0.0
2010-02-04,13.987500190734863,13.994999885559082,13.647500038146973,13.647500038146973,11.165556907653809,6692400,0.0
2010-02-05,13.675000190734863,13.72249984741211,13.442500114440918,13.697500228881836,11.206467628479004,9604000,0.0
2010-02-08,13.720000267028809,13.78499984741211,13.604999542236328,13.614999771118164,11.138971328735352,3995600,0.0
2010-02-09,13.770000457763672,13.930000305175781,13.6899995803833,13.8149995803833,11.302595138549805,6366800,0.0
2010-02-10,13.779999732971191,13.832500457763672,13.65250015258789,13.762499809265137,11.259644508361816,3229600,0.0
2010-02-11,13.7475004196167,13.952500343322754,13.682499885559082,13.9350004196167,11.400769233703613,2248400,0.0
2010-02-12,13.779999732971191,13.9350004196167,13.732500076293945,13.922499656677246,11.390545845031738,2772400,0.0
2010-02-16,14.037500381469727,14.147500038146973,13.979999542236328,14.140000343322754,11.568490982055664,3170800,0.0
2010-02-17,14.207500457763672,14.225000381469727,14.142499923706055,14.207500457763672,11.6237154006958,5528800,0.0
2010-02-18,14.177499771118164,14.337499618530273,14.177499771118164,14.3125,11.709620475769043,11882000,0.0
2010-02-19,14.287500381469727,14.375,14.22249984741211,14.329999923706055,11.723936080932617,5270400,0.0
2010-02-22,14.369999885559082,14.3725004196167,14.244999885559082,14.282500267028809,11.68507194519043,5596000,0.0
2010-02-23,14.234999656677246,14.270000457763672,14.067500114440918,14.114999771118164,11.548038482666016,3841600,0.0
2010-02-24,14.157500267028809,14.25,14.125,14.220000267028809,11.633944511413574,3842400,0.0
2010-02-25,14.024999618530273,14.217499732971191,13.97249984741211,14.202500343322754,11.619624137878418,4147600,0.0
2010-02-26,14.227499961853027,14.262499809265137,14.137499809265137,14.210000038146973,11.625763893127441,4372800,0.0
2010-03-01,14.279999732971191,14.399999618530273,14.279999732971191,14.392499923706055,11.775071144104004,4508400,0.0
2010-03-02,14.47249984741211,14.5,14.40250015258789,14.432499885559082,11.807794570922852,5430000,0.0
2010-03-03,14.475000381469727,14.52750015258789,14.417499542236328,14.4375,11.811884880065918,1978800,0.0
2010-03-04,14.47249984741211,14.507499694824219,14.399999618530273,14.489999771118164,11.854840278625488,2263600,0.0
2010-03-05,14.592499732971191,14.697500228881836,14.555000305175781,14.697500228881836,12.024602890014648,4529600,0.0
2010-03-08,14.692500114440918,14.712499618530273,14.657500267028809,14.675000190734863,12.00619125366211,1159600,0.0
2010-03-09,14.632499694824219,14.78499984741211,14.632499694824219,14.704999923706055,12.030736923217773,2616800,0.0
2010-03-10,14.717499732971191,14.802499771118164,14.697500228881836,14.782500267028809,12.094147682189941,4145200,0.0
2010-03-11,14.7475004196167,14.829999923706055,14.6899995803833,14.827500343322754,12.130962371826172,2897600,0.0
2010-03-12,14.890000343322754,14.90250015258789,14.792499542236328,14.842499732971191,12.143235206604004,1788400,0.0
2010-03-15,14.827500343322754,14.842499732971191,14.725000381469727,14.829999923706055,12.133004188537598,1952400,0.0
2010-03-16,14.8774995803833,14.932499885559082,14.817500114440918,14.927499771118164,12.212776184082031,3803600,0.0
2010-03-17,14.962499618530273,15.042499542236328,14.949999809265137,15.0024995803833,12.274133682250977,6581200,0.0
2010-03-18,15.0,15.012499809265137,14.9375,14.9975004196167,12.270047187805176,2853200,0.0
2010-03-19,14.912500381469727,15.039999961853027,14.854999542236328,14.912500381469727,12.200502395629883,1637600,0.0
2010-03-22,14.819999694824219,15.029999732971191,14.819999694824219,15.0,12.272089004516602,5751200,0.0
2010-03-23,15.012499809265137,15.092499732971191,14.960000038146973,15.087499618530273,12.343680381774902,2563600,0.0
2010-03-24,15.015000343322754,15.055000305175781,14.96500015258789,14.982500076293945,12.257773399353027,4034800,0.0
2010-03-25,15.047499656677246,15.09749984741211,14.904999732971191,14.922499656677246,12.24874496459961,4568800,0.049
2010-03-26,14.962499618530273,14.9975004196167,14.842499732971191,14.912500381469727,12.240535736083984,4885600,0.0
2010-03-29,14.984999656677246,15.037500381469727,14.967499732971191,15.0024995803833,12.314408302307129,2784800,0.0
2010-03-30,15.022500038146973,15.085000038146973,14.96500015258789,15.03499984741211,12.34108829498291,3267600,0.0
2010-03-31,14.992500305175781,15.052499771118164,14.947500228881836,14.979999542236328,12.295942306518555,2034000,0.0
2010-04-01,15.079999923706055,15.142499923706055,14.977499961853027,15.069999694824219,12.369821548461914,6063600,0.0
2010-04-05,15.1274995803833,15.22249984741211,15.092499732971191,15.197500228881836,12.47447395324707,2471200,0.0
2010-04-06,15.145000457763672,15.25,15.137499809265137,15.220000267028809,12.492940902709961,3633600,0.0
2010-04-07,15.1850004196167,15.212499618530273,15.0600004196167,15.1225004196167,12.412912368774414,2330400,0.0
2010-04-08,15.069999694824219,15.1899995803833,15.029999732971191,15.175000190734863,12.456005096435547,2854400,0.0
2010-04-09,15.199999809265137,15.27750015258789,15.172499656677246,15.267499923706055,12.531928062438965,2102800,0.0
2010-04-12,15.300000190734863,15.319999694824219,15.265000343322754,15.282500267028809,12.544243812561035,1464400,0.0
2010-04-13,15.257499694824219,15.327500343322754,15.192500114440918,15.300000190734863,12.558609008789062,2106800,0.0
2010-04-14,15.364999771118164,15.447500228881836,15.332500457763672,15.4399995803833,12.673519134521484,2200800,0.0
2010-04-15,15.425000190734863,15.487500190734863,15.414999961853027,15.477499961853027,12.704304695129395,3382800,0.0
2010-04-16,15.412500381469727,15.460000038146973,15.1899995803833,15.265000343322754,12.529878616333008,4000000,0.0
2010-04-19,15.225000381469727,15.3100004196167,15.145000457763672,15.307499885559082,12.564760208129883,1924000,0.0
2010-04-20,15.382499694824219,15.4375,15.329999923706055,15.417499542236328,12.655051231384277,1504000,0.0
2010-04-21,15.430000305175781,15.462499618530273,15.345000267028809,15.422499656677246,12.65915584564209,1526800,0.0
2010-04-22,15.317500114440918,15.479999542236328,15.21500015258789,15.46500015258789,12.694039344787598,2621200,0.0
2010-04-23,15.454999923706055,15.569999694824219,15.420000076293945,15.557499885559082,12.76997184753418,2292400,0.0
2010-04-26,15.574999809265137,15.614999771118164,15.522500038146973,15.550000190734863,12.763814926147461,2595600,0.0
2010-04-27,15.47249984741211,15.532500267028809,15.170000076293945,15.197500228881836,12.47447395324707,3759200,0.0
2010-04-28,15.289999961853027,15.307499885559082,15.137499809265137,15.282500267028809,12.544243812561035,3703600,0.0
2010-04-29,15.382499694824219,15.462499618530273,15.350000381469727,15.422499656677246,12.65915584564209,2176400,0.0
2010-04-30,15.420000076293945,15.442500114440918,15.170000076293945,15.182499885559082,12.462158203125,2266800,0.0
2010-05-03,15.244999885559082,15.392499923706055,15.204999923706055,15.34749984741211,12.59759521484375,1629200,0.0
2010-05-04,15.1850004196167,15.1850004196167,14.895000457763672,14.977499961853027,12.293889045715332,4088800,0.0
2010-05-05,14.835000038146973,14.987500190734863,14.772500038146973,14.880000114440918,12.21385383605957,2865600,0.0
2010-05-06,14.797499656677246,14.912500381469727,6.25,14.417499542236328,11.83422565460205,9672000,0.0
2010-05-07,14.335000038146973,14.475000381469727,13.927499771118164,14.142499923706055,11.608503341674805,13333600,0.0
2010-05-10,14.755000114440918,14.829999923706055,14.662500381469727,14.792499542236328,12.142035484313965,4848000,0.0
2010-05-11,14.675000190734863,14.930000305175781,14.645000457763672,14.727499961853027,12.088682174682617,10919200,0.0
2010-05-12,14.795000076293945,15.0,14.792499542236328,14.97249984741211,12.289787292480469,2607200,0.0
2010-05-13,14.962499618530273,15.022500038146973,14.782500267028809,14.795000076293945,12.144087791442871,3828800,0.0
2010-05-14,14.680000305175781,14.707500457763672,14.387499809265137,14.52750015258789,11.924520492553711,3831600,0.0
2010-05-17,14.579999923706055,14.604999542236328,14.262499809265137,14.52750015258789,11.924520492553711,2974400,0.0
2010-05-18,14.654999732971191,14.704999923706055,14.3149995803833,14.357500076293945,11.784979820251465,4001200,0.0
2010-05-19,14.282500267028809,14.397500038146973,14.087499618530273,14.257499694824219,11.702898979187012,4217600,0.0
2010-05-20,13.9375,14.022500038146973,13.729999542236328,13.729999542236328,11.269908905029297,8032800,0.0
2010-05-21,13.507499694824219,13.957500457763672,13.482500076293945,13.890000343322754,11.401247024536133,4490000,0.0
2010-05-24,13.822500228881836,13.96500015258789,13.755000114440918,13.755000114440918,11.290432929992676,2644400,0.0
2010-05-25,13.399999618530273,13.774999618530273,13.335000038146973,13.774999618530273,11.306848526000977,13260800,0.0
2010-05-26,13.852499961853027,13.989999771118164,13.630000114440918,13.654999732971191,11.20835018157959,5166000,0.0
2010-05-27,13.920000076293945,14.119999885559082,13.887499809265137,14.117500305175781,11.587982177734375,3794800,0.0
2010-05-28,14.09749984741211,14.112500190734863,13.882499694824219,13.96500015258789,11.462806701660156,2820800,0.0
2010-06-01,13.802499771118164,14.02750015258789,13.710000038146973,13.727499961853027,11.267857551574707,4010800,0.0
2010-06-02,13.78499984741211,14.085000038146973,13.725000381469727,14.085000038146973,11.561304092407227,2236400,0.0
2010-06-03,14.137499809265137,14.192500114440918,14.015000343322754,14.170000076293945,11.631073951721191,2034400,0.0
2010-06-04,13.885000228881836,14.020000457763672,13.635000228881836,13.6899995803833,11.237078666687012,2950800,0.0
2010-06-07,13.734999656677246,13.795000076293945,13.512499809265137,13.52750015258789,11.1036958694458,2731600,0.0
2010-06-08,13.52750015258789,13.670000076293945,13.412500381469727,13.642499923706055,11.198090553283691,4442800,0.0
2010-06-09,13.707500457763672,13.867500305175781,13.515000343322754,13.5649995803833,11.134474754333496,2046400,0.0
2010-06-10,13.772500038146973,13.977499961853027,13.770000457763672,13.96500015258789,11.462806701660156,1778800,0.0
2010-06-11,13.854999542236328,14.0625,13.837499618530273,14.0600004196167,11.54078483581543,2021200,0.0
2010-06-14,14.175000190734863,14.242500305175781,14.02750015258789,14.045000076293945,11.528473854064941,1651600,0.0
2010-06-15,14.130000114440918,14.387499809265137,14.117500305175781,14.3774995803833,11.801396369934082,2895200,0.0
2010-06-16,14.292499542236328,14.442500114440918,14.279999732971191,14.392499923706055,11.813709259033203,1388000,0.0
2010-06-17,14.4350004196167,14.4399995803833,14.274999618530273,14.407500267028809,11.826020240783691,2083600,0.0
2010-06-18,14.425000190734863,14.479999542236328,14.3774995803833,14.420000076293945,11.836283683776855,1116400,0.0
2010-06-21,14.59000015258789,14.614999771118164,14.292499542236328,14.359999656677246,11.787031173706055,1576000,0.0
2010-06-22,14.369999885559082,14.452500343322754,14.137499809265137,14.15250015258789,11.616713523864746,2923200,0.0
2010-06-23,14.104999542236328,14.162500381469727,13.949999809265137,14.050000190734863,11.575721740722656,1945200,0.05275
2010-06-24,13.984999656677246,14.02750015258789,13.795000076293945,13.829999923706055,11.394466400146484,1635200,0.0
2010-06-25,13.864999771118164,13.944999694824219,13.739999771118164,13.862500190734863,11.421239852905273,1608800,0.0
2010-06-28,13.882499694824219,13.925000190734863,13.770000457763672,13.817500114440918,11.38416576385498,1188000,0.0
2010-06-29,13.614999771118164,13.6274995803833,13.287500381469727,13.369999885559082,11.015469551086426,2381600,0.0
2010-06-30,13.337499618530273,13.462499618530273,13.207500457763672,13.234999656677246,10.90424633026123,3400400,0.0
2010-07-01,13.237500190734863,13.28499984741211,13.007499694824219,13.207500457763672,10.881592750549316,5760400,0.0
2010-07-02,13.257499694824219,13.27750015258789,13.079999923706055,13.15250015258789,10.836276054382324,2181200,0.0
2010-07-06,13.327500343322754,13.425000190734863,13.107500076293945,13.225000381469727,10.896010398864746,3060800,0.0
2010-07-07,13.25,13.662500381469727,13.244999885559082,13.654999732971191,11.250283241271973,10823200,0.0
2010-07-08,13.767499923706055,13.795000076293945,13.625,13.779999732971191,11.353269577026367,2371600,0.0
2010-07-09,13.779999732971191,13.867500305175781,13.757499694824219,13.862500190734863,11.421239852905273,1998000,0.0
2010-07-12,13.819999694824219,13.917499542236328,13.77750015258789,13.8725004196167,11.429483413696289,1575200,0.0
2010-07-13,14.010000228881836,14.114999771118164,13.96500015258789,14.057499885559082,11.581903457641602,2930400,0.0
2010-07-14,14.024999618530273,14.145000457763672,13.994999885559082,14.09000015258789,11.608675003051758,2569200,0.0
2010-07-15,14.069999694824219,14.137499809265137,13.904999732971191,14.09749984741211,11.614856719970703,4422000,0.0
2010-07-16,14.020000457763672,14.042499542236328,13.699999809265137,13.725000381469727,11.307958602905273,2314800,0.0
2010-07-19,13.782500267028809,13.852499961853027,13.6875,13.819999694824219,11.386225700378418,1504000,0.0
2010-07-20,13.632499694824219,13.992500305175781,13.609999656677246,13.987500190734863,11.524225234985352,3160000,0.0
2010-07-21,14.0649995803833,14.0649995803833,13.7524995803833,13.8125,11.380047798156738,3752400,0.0
2010-07-22,13.962499618530273,14.172499656677246,13.962499618530273,14.112500190734863,11.627214431762695,2859200,0.0
2010-07-23,14.085000038146973,14.242500305175781,14.042499542236328,14.234999656677246,11.728140830993652,2429600,0.0
2010-07-26,14.234999656677246,14.357500076293945,14.197500228881836,14.352499961853027,11.824949264526367,4480800,0.0
2010-07-27,14.407500267028809,14.430000305175781,14.25,14.307499885559082,11.787873268127441,6264000,0.0
2010-07-28,14.292499542236328,14.335000038146973,14.180000305175781,14.22249984741211,11.717840194702148,4640800,0.0
2010-07-29,14.319999694824219,14.342499732971191,14.037500381469727,14.15250015258789,11.660171508789062,2380000,0.0
2010-07-30,14.007499694824219,14.217499732971191,13.979999542236328,14.15250015258789,11.660171508789062,2955600,0.0
2010-08-02,14.350000381469727,14.489999771118164,14.3100004196167,14.46500015258789,11.917640686035156,3522400,0.0
2010-08-03,14.417499542236328,14.457500457763672,14.345000267028809,14.395000457763672,11.859965324401855,5797600,0.0
2010-08-04,14.4399995803833,14.542499542236328,14.40999984741211,14.522500038146973,11.96501350402832,1723600,0.0
2010-08-05,14.432499885559082,14.507499694824219,14.412500381469727,14.507499694824219,11.952655792236328,1568000,0.0
2010-08-06,14.354999542236328,14.475000381469727,14.260000228881836,14.452500343322754,11.907341957092285,2272000,0.0
2010-08-09,14.510000228881836,14.5600004196167,14.452500343322754,14.542499542236328,11.981489181518555,2265600,0.0
2010-08-10,14.425000190734863,14.524999618530273,14.332500457763672,14.449999809265137,11.905281066894531,3082000,0.0
2010-08-11,14.227499961853027,14.227499961853027,14.047499656677246,14.074999809265137,11.59631633758545,1273200,0.0
2010-08-12,13.850000381469727,14.012499809265137,13.824999809265137,13.962499618530273,11.503631591796875,2666800,0.0
2010-08-13,13.907500267028809,13.987500190734863,13.887499809265137,13.897500038146973,11.450079917907715,1822400,0.0
2010-08-16,13.8149995803833,13.962499618530273,13.770000457763672,13.922499656677246,11.470673561096191,1602000,0.0
2010-08-17,14.037500381469727,14.202500343322754,13.9975004196167,14.109999656677246,11.62515640258789,1956400,0.0
2010-08-18,14.109999656677246,14.194999694824219,14.012499809265137,14.1274995803833,11.639571189880371,3875200,0.0
2010-08-19,14.052499771118164,14.09000015258789,13.837499618530273,13.912500381469727,11.462438583374023,2741600,0.0
2010-08-20,13.84749984741211,13.887499809265137,13.765000343322754,13.869999885559082,11.427424430847168,1798400,0.0
2010-08-23,13.925000190734863,13.984999656677246,13.789999961853027,13.805000305175781,11.373869895935059,2089600,0.0
2010-08-24,13.630000114440918,13.692500114440918,13.507499694824219,13.577500343322754,11.186430931091309,2358000,0.0
2010-08-25,13.487500190734863,13.6850004196167,13.425000190734863,13.630000114440918,11.229687690734863,2262000,0.0
2010-08-26,13.680000305175781,13.702500343322754,13.492500305175781,13.522500038146973,11.14111614227295,2440800,0.0
2010-08-27,13.619999885559082,13.75,13.399999618530273,13.734999656677246,11.31619644165039,2430400,0.0
2010-08-30,13.692500114440918,13.757499694824219,13.555000305175781,13.557499885559082,11.169954299926758,1534400,0.0
2010-08-31,13.5,13.614999771118164,13.447500228881836,13.537500381469727,11.153473854064941,2758800,0.0
2010-09-01,13.710000038146973,13.9350004196167,13.710000038146973,13.917499542236328,11.466553688049316,3571600,0.0
2010-09-02,13.954999923706055,14.047499656677246,13.925000190734863,14.042499542236328,11.569540977478027,2214800,0.0
2010-09-03,14.1899995803833,14.244999885559082,14.114999771118164,14.234999656677246,11.728140830993652,4764800,0.0
2010-09-07,14.1899995803833,14.210000038146973,14.104999542236328,14.117500305175781,11.63133716583252,1516800,0.0
2010-09-08,14.142499923706055,14.260000228881836,14.135000228881836,14.212499618530273,11.709604263305664,6829200,0.0
2010-09-09,14.367500305175781,14.367500305175781,14.217499732971191,14.244999885559082,11.736379623413086,1597200,0.0
2010-09-10,14.265000343322754,14.345000267028809,14.244999885559082,14.329999923706055,11.806413650512695,1997600,0.0
2010-09-13,14.460000038146973,14.512499809265137,14.417499542236328,14.492500305175781,11.940295219421387,1594400,0.0
2010-09-14,14.454999923706055,14.59749984741211,14.4375,14.5024995803833,11.94853401184082,2447200,0.0
2010-09-15,14.467499732971191,14.585000038146973,14.4350004196167,14.574999809265137,12.008265495300293,1452400,0.0
2010-09-16,14.539999961853027,14.59749984741211,14.4975004196167,14.592499732971191,12.022685050964355,2482800,0.0
2010-09-17,14.649999618530273,14.682499885559082,14.569999694824219,14.6225004196167,12.047398567199707,2250800,0.0
2010-09-20,14.6875,14.864999771118164,14.647500038146973,14.845000267028809,12.230722427368164,7716800,0.0
2010-09-21,14.837499618530273,14.914999961853027,14.755000114440918,14.8149995803833,12.206001281738281,4468000,0.0
2010-09-22,14.800000190734863,14.869999885559082,14.720000267028809,14.772500038146973,12.170989036560059,2694400,0.0
2010-09-23,14.642499923706055,14.827500343322754,14.640000343322754,14.6899995803833,12.103013038635254,2266400,0.0
2010-09-24,14.800000190734863,14.942500114440918,14.782500267028809,14.917499542236328,12.340853691101074,1872000,0.06
2010-09-27,14.9375,14.962499618530273,14.857500076293945,14.867500305175781,12.299489974975586,3022800,0.0
2010-09-28,14.895000457763672,14.949999809265137,14.712499618530273,14.917499542236328,12.340853691101074,4618800,0.0
2010-09-29,14.864999771118164,14.947500228881836,14.850000381469727,14.895000457763672,12.322244644165039,2154400,0.0
2010-09-30,14.989999771118164,15.055000305175781,14.772500038146973,14.842499732971191,12.278809547424316,3077200,0.0
2010-10-01,14.954999923706055,14.967499732971191,14.8125,14.890000343322754,12.318106651306152,4307600,0.0
2010-10-04,14.837499618530273,14.897500038146973,14.680000305175781,14.755000114440918,12.206426620483398,4540800,0.0
2010-10-05,14.897500038146973,15.087499618530273,14.880000114440918,15.050000190734863,12.450468063354492,1991600,0.0
2010-10-06,15.0625,15.09000015258789,14.96500015258789,15.042499542236328,12.444265365600586,3134800,0.0
2010-10-07,15.104999542236328,15.104999542236328,14.917499542236328,15.007499694824219,12.415308952331543,2017200,0.0
2010-10-08,15.037500381469727,15.154999732971191,14.975000381469727,15.119999885559082,12.508376121520996,1317600,0.0
2010-10-11,15.142499923706055,15.182499885559082,15.082500457763672,15.130000114440918,12.51665210723877,1646400,0.0
2010-10-12,15.092499732971191,15.225000381469727,14.992500305175781,15.177499771118164,12.555953025817871,5413200,0.0
2010-10-13,15.25,15.412500381469727,15.25,15.342499732971191,12.692445755004883,2113200,0.0
2010-10-14,15.319999694824219,15.382499694824219,15.234999656677246,15.327500343322754,12.680038452148438,2251200,0.0
2010-10-15,15.447500228881836,15.470000267028809,15.3125,15.467499732971191,12.795860290527344,3205600,0.0
2010-10-18,15.462499618530273,15.5625,15.432499885559082,15.545000076293945,12.859965324401855,1782000,0.0
2010-10-19,15.350000381469727,15.40999984741211,15.1875,15.27750015258789,12.638670921325684,2515600,0.0
2010-10-20,15.302499771118164,15.512499809265137,15.302499771118164,15.427499771118164,12.762763977050781,1782400,0.0
2010-10-21,15.492500305175781,15.574999809265137,15.332500457763672,15.467499732971191,12.795860290527344,2513600,0.0
2010-10-22,15.4975004196167,15.52750015258789,15.462499618530273,15.52750015258789,12.845491409301758,1151200,0.0
2010-10-25,15.6225004196167,15.712499618530273,15.567500114440918,15.587499618530273,12.895129203796387,1780000,0.0
2010-10-26,15.52750015258789,15.604999542236328,15.467499732971191,15.59000015258789,12.897196769714355,2153200,0.0
2010-10-27,15.505000114440918,15.574999809265137,15.40999984741211,15.5625,12.874445915222168,1634400,0.0
2010-10-28,15.6274995803833,15.647500038146973,15.475000381469727,15.569999694824219,12.88065242767334,2102400,0.0
2010-10-29,15.569999694824219,15.6225004196167,15.545000076293945,15.587499618530273,12.895129203796387,1870800,0.0
2010-11-01,15.672499656677246,15.760000228881836,15.537500381469727,15.6225004196167,12.92408275604248,1905600,0.0
2010-11-02,15.75,15.8100004196167,15.720000267028809,15.77750015258789,13.0523099899292,2012800,0.0
2010-11-03,15.817500114440918,15.824999809265137,15.625,15.8149995803833,13.083332061767578,3114000,0.0
2010-11-04,16.00749969482422,16.09749984741211,15.982500076293945,16.094999313354492,13.314971923828125,2736400,0.0
2010-11-05,16.114999771118164,16.1299991607666,16.049999237060547,16.1200008392334,13.335653305053711,2226000,0.0
2010-11-08,16.049999237060547,16.125,16.037500381469727,16.104999542236328,13.323241233825684,1858800,0.0
2010-11-09,16.149999618530273,16.19499969482422,15.952500343322754,16.020000457763672,13.252923011779785,1842000,0.0
2010-11-10,16.02750015258789,16.09000015258789,15.904999732971191,16.084999084472656,13.306696891784668,1849600,0.0
2010-11-11,15.917499542236328,16.022499084472656,15.859999656677246,16.010000228881836,13.244649887084961,2008000,0.0
2010-11-12,15.899999618530273,15.954999923706055,15.71500015258789,15.792499542236328,13.064718246459961,4124800,0.0
2010-11-15,15.850000381469727,15.8725004196167,15.739999771118164,15.742500305175781,13.023357391357422,2158400,0.0
2010-11-16,15.65250015258789,15.664999961853027,15.420000076293945,15.489999771118164,12.814468383789062,3274800,0.0
2010-11-17,15.492500305175781,15.582500457763672,15.470000267028809,15.515000343322754,12.83515453338623,2631600,0.0
2010-11-18,15.670000076293945,15.837499618530273,15.670000076293945,15.774999618530273,13.050241470336914,3616400,0.0
2010-11-19,15.770000457763672,15.84000015258789,15.704999923706055,15.832500457763672,13.097806930541992,1288800,0.0
2010-11-22,15.779999732971191,15.869999885559082,15.670000076293945,15.869999885559082,13.128833770751953,4455600,0.0
2010-11-23,15.710000038146973,15.712499618530273,15.5600004196167,15.637499809265137,12.936492919921875,2714800,0.0
2010-11-24,15.7475004196167,15.90250015258789,15.7475004196167,15.90250015258789,13.155717849731445,1758400,0.0
2010-11-26,15.774999618530273,15.850000381469727,15.7524995803833,15.789999961853027,13.062652587890625,505600,0.0
2010-11-29,15.699999809265137,15.795000076293945,15.5649995803833,15.765000343322754,13.041974067687988,1434000,0.0
2010-11-30,15.614999771118164,15.7475004196167,15.550000190734863,15.635000228881836,12.93442440032959,2476000,0.0
2010-12-01,15.875,16.030000686645508,15.875,15.984999656677246,13.223969459533691,1522800,0.0
2010-12-02,16.020000457763672,16.18000030517578,16.014999389648438,16.170000076293945,13.3770170211792,2509200,0.0
2010-12-03,16.11750030517578,16.227500915527344,16.102500915527344,16.212499618530273,13.412174224853516,1248400,0.0
2010-12-06,16.19499969482422,16.229999542236328,16.15999984741211,16.197500228881836,13.399765014648438,1181200,0.0
2010-12-07,16.360000610351562,16.36750030517578,16.170000076293945,16.170000076293945,13.3770170211792,6696000,0.0
2010-12-08,16.19499969482422,16.25,16.114999771118164,16.209999084472656,13.410099983215332,2064800,0.0
2010-12-09,16.297500610351562,16.297500610351562,16.18000030517578,16.237499237060547,13.432857513427734,1563200,0.0
2010-12-10,16.28499984741211,16.329999923706055,16.229999542236328,16.3174991607666,13.499035835266113,1462000,0.0
2010-12-13,16.40250015258789,16.422500610351562,16.325000762939453,16.327499389648438,13.50731086730957,1122400,0.0
2010-12-14,16.350000381469727,16.40999984741211,16.295000076293945,16.34000015258789,13.517653465270996,1518400,0.0
2010-12-15,16.309999465942383,16.395000457763672,16.2549991607666,16.282499313354492,13.470084190368652,1403600,0.0
2010-12-16,16.282499313354492,16.377500534057617,16.21500015258789,16.36750030517578,13.54040241241455,11298800,0.0
2010-12-17,16.375,16.415000915527344,16.337499618530273,16.397499084472656,13.565218925476074,1804400,0.0
2010-12-20,16.447500228881836,16.462499618530273,16.342500686645508,16.424999237060547,13.587969779968262,4811600,0.0
2010-12-21,16.467500686645508,16.512500762939453,16.452499389648438,16.49250030517578,13.643814086914062,2679600,0.0
2010-12-22,16.50749969482422,16.522499084472656,16.485000610351562,16.512500762939453,13.660356521606445,1293200,0.0
2010-12-23,16.4375,16.452499389648438,16.389999389648438,16.424999237060547,13.637521743774414,1059200,0.06
2010-12-27,16.360000610351562,16.4325008392334,16.329999923706055,16.420000076293945,13.633369445800781,1226800,0.0
2010-12-28,16.434999465942383,16.452499389648438,16.385000228881836,16.420000076293945,13.633369445800781,1665600,0.0
2010-12-29,16.440000534057617,16.482500076293945,16.4325008392334,16.450000762939453,13.6622314453125,1187600,0.00475
2010-12-30,16.434999465942383,16.462499618530273,16.395000457763672,16.424999237060547,13.641470909118652,1052800,0.0
2010-12-31,16.40999984741211,16.422500610351562,16.360000610351562,16.412500381469727,13.631087303161621,1083600,0.0
2011-01-03,16.52750015258789,16.635000228881836,16.514999389648438,16.545000076293945,13.74113655090332,2059600,0.0
2011-01-04,16.610000610351562,16.610000610351562,16.412500381469727,16.4950008392334,13.699607849121094,4772800,0.0
2011-01-05,16.44499969482422,16.594999313354492,16.440000534057617,16.587499618530273,13.77642822265625,4100400,0.0
2011-01-06,16.602500915527344,16.610000610351562,16.514999389648438,16.5625,13.755667686462402,1365200,0.0
2011-01-07,16.594999313354492,16.604999542236328,16.420000076293945,16.532499313354492,13.730751037597656,2879600,0.0
2011-01-10,16.459999084472656,16.5575008392334,16.424999237060547,16.52750015258789,13.72659969329834,4320400,0.0
2011-01-11,16.594999313354492,16.6200008392334,16.514999389648438,16.575000762939453,13.766048431396484,4483200,0.0
2011-01-12,16.68000030517578,16.717500686645508,16.635000228881836,16.704999923706055,13.874014854431152,1560400,0.0
2011-01-13,16.6875,16.72249984741211,16.642499923706055,16.684999465942383,13.857406616210938,2040800,0.0
2011-01-14,16.672500610351562,16.774999618530273,16.642499923706055,16.767499923706055,13.925926208496094,2780800,0.0
2011-01-18,16.75,16.844999313354492,16.74250030517578,16.837499618530273,13.984065055847168,2282400,0.0
2011-01-19,16.837499618530273,16.84749984741211,16.657499313354492,16.702499389648438,13.871941566467285,2812800,0.0
2011-01-20,16.649999618530273,16.672500610351562,16.522499084472656,16.642499923706055,13.822112083435059,3498400,0.0
2011-01-21,16.74250030517578,16.747499465942383,16.582500457763672,16.600000381469727,13.786815643310547,3534000,0.0
2011-01-24,16.587499618530273,16.739999771118164,16.575000762939453,16.732500076293945,13.896857261657715,1686800,0.0
2011-01-25,16.690000534057617,16.74250030517578,16.610000610351562,16.739999771118164,13.903084754943848,3257200,0.0
2011-01-26,16.78499984741211,16.875,16.739999771118164,16.827499389648438,13.975759506225586,3624000,0.0
2011-01-27,16.832500457763672,16.887500762939453,16.787500381469727,16.84749984741211,13.992371559143066,2134000,0.0
2011-01-28,16.860000610351562,16.86750030517578,16.4950008392334,16.524999618530273,13.72452163696289,4930800,0.0
2011-01-31,16.565000534057617,16.662500381469727,16.512500762939453,16.65250015258789,13.830416679382324,3083200,0.0
2011-02-01,16.75749969482422,16.90999984741211,16.739999771118164,16.88249969482422,14.021435737609863,7359600,0.0
2011-02-02,16.84749984741211,16.897499084472656,16.81999969482422,16.862499237060547,14.004823684692383,1686000,0.0
2011-02-03,16.84749984741211,16.917499542236328,16.752500534057617,16.895000457763672,14.031817436218262,2679600,0.0
2011-02-04,16.917499542236328,16.977500915527344,16.854999542236328,16.975000381469727,14.098259925842285,2602400,0.0
2011-02-07,17.017499923706055,17.13249969482422,17.00749969482422,17.0575008392334,14.166784286499023,2141600,0.0
2011-02-08,17.06999969482422,17.155000686645508,17.040000915527344,17.155000686645508,14.24775505065918,2989200,0.0
2011-02-09,17.102500915527344,17.172500610351562,17.0625,17.1299991607666,14.226995468139648,8601200,0.0
2011-02-10,17.030000686645508,17.165000915527344,17.017499923706055,17.149999618530273,14.243609428405762,4258000,0.0
2011-02-11,17.09749984741211,17.270000457763672,17.094999313354492,17.252500534057617,14.328731536865234,3391200,0.0
2011-02-14,17.2549991607666,17.292499542236328,17.235000610351562,17.28499984741211,14.355725288391113,1932400,0.0
2011-02-15,17.235000610351562,17.260000228881836,17.1825008392334,17.239999771118164,14.318349838256836,6263200,0.0
2011-02-16,17.287500381469727,17.364999771118164,17.2549991607666,17.337499618530273,14.399325370788574,2597600,0.0
2011-02-17,17.292499542236328,17.395000457763672,17.260000228881836,17.3799991607666,14.43463134765625,3284800,0.0
2011-02-18,17.385000228881836,17.420000076293945,17.329999923706055,17.385000228881836,14.438779830932617,1935600,0.0
2011-02-22,17.18000030517578,17.28499984741211,16.977500915527344,17.017499923706055,14.13355827331543,6210400,0.0
2011-02-23,17.002500534057617,17.03499984741211,16.77750015258789,16.892499923706055,14.029745101928711,5936800,0.0
2011-02-24,16.889999389648438,16.96500015258789,16.739999771118164,16.899999618530273,14.035970687866211,6247600,0.0
2011-02-25,16.989999771118164,17.11750030517578,16.985000610351562,17.104999542236328,14.206229209899902,4172800,0.0
2011-02-28,17.170000076293945,17.209999084472656,17.087499618530273,17.1924991607666,14.278898239135742,1420800,0.0
2011-03-01,17.24250030517578,17.252500534057617,16.897499084472656,16.907499313354492,14.042204856872559,3085600,0.0
2011-03-02,16.875,17.040000915527344,16.875,16.959999084472656,14.085800170898438,2044000,0.0
2011-03-03,17.125,17.292499542236328,17.1200008392334,17.267499923706055,14.341192245483398,1896400,0.0
2011-03-04,17.264999389648438,17.272499084472656,17.05500030517578,17.165000915527344,14.256062507629395,2952000,0.0
2011-03-07,17.232500076293945,17.247499465942383,16.90250015258789,17.0049991607666,14.123174667358398,1641600,0.0
2011-03-08,17.032499313354492,17.174999237060547,16.9375,17.114999771118164,14.214540481567383,2543600,0.0
2011-03-09,17.0625,17.11750030517578,16.977500915527344,17.065000534057617,14.173008918762207,3058000,0.0
2011-03-10,16.885000228881836,16.90250015258789,16.7450008392334,16.762500762939453,13.921774864196777,2912400,0.0
2011-03-11,16.69499969482422,16.9375,16.69499969482422,16.885000228881836,14.023509979248047,3011200,0.0
2011-03-14,16.770000457763672,16.852500915527344,16.665000915527344,16.78499984741211,13.94046688079834,1943600,0.0
2011-03-15,16.350000381469727,16.684999465942383,16.31999969482422,16.602500915527344,13.788888931274414,7535200,0.0
2011-03-16,16.547500610351562,16.582500457763672,16.157499313354492,16.274999618530273,13.516890525817871,10317600,0.0
2011-03-17,16.5,16.559999465942383,16.40250015258789,16.452499389648438,13.66430950164795,3234000,0.0
2011-03-18,16.645000457763672,16.65999984741211,16.457500457763672,16.482500076293945,13.689225196838379,2204800,0.0
2011-03-21,16.68000030517578,16.815000534057617,16.672500610351562,16.760000228881836,13.919692993164062,1480800,0.0
2011-03-22,16.780000686645508,16.78499984741211,16.700000762939453,16.719999313354492,13.886473655700684,1056000,0.0
2011-03-23,16.665000915527344,16.84000015258789,16.612499237060547,16.799999237060547,13.952920913696289,2436000,0.0
2011-03-24,16.90999984741211,17.00749969482422,16.8174991607666,16.982500076293945,14.104493141174316,2008400,0.0
2011-03-25,16.99250030517578,17.0575008392334,16.94499969482422,16.982500076293945,14.1538724899292,1174000,0.05925
2011-03-28,17.02750015258789,17.0575008392334,16.934999465942383,16.934999465942383,14.114283561706543,2040800,0.0
2011-03-29,16.907499313354492,17.075000762939453,16.875,17.06999969482422,14.226798057556152,1537600,0.0
2011-03-30,17.157499313354492,17.217500686645508,17.122499465942383,17.172500610351562,14.312222480773926,827600,0.0
2011-03-31,17.15250015258789,17.22249984741211,17.15250015258789,17.177499771118164,14.316394805908203,1662800,0.0
2011-04-01,17.260000228881836,17.3174991607666,17.1875,17.225000381469727,14.35598087310791,1878400,0.0
2011-04-04,17.264999389648438,17.290000915527344,17.1825008392334,17.235000610351562,14.36431884765625,1906000,0.0
2011-04-05,17.1825008392334,17.30500030517578,17.1825008392334,17.21500015258789,14.34764575958252,1859600,0.0
2011-04-06,17.295000076293945,17.327499389648438,17.1825008392334,17.237499237060547,14.366403579711914,1438400,0.0
2011-04-07,17.21500015258789,17.290000915527344,17.11750030517578,17.21500015258789,14.34764575958252,1138800,0.0
2011-04-08,17.290000915527344,17.299999237060547,17.082500457763672,17.157499313354492,14.299725532531738,2079200,0.0
2011-04-11,17.174999237060547,17.229999542236328,17.06999969482422,17.114999771118164,14.26430892944336,2871200,0.0
2011-04-12,17.030000686645508,17.059999465942383,16.9375,16.99250030517578,14.162202835083008,1346400,0.0
2011-04-13,17.052499771118164,17.100000381469727,16.954999923706055,17.032499313354492,14.19554615020752,1241600,0.0
2011-04-14,16.93000030517578,17.075000762939453,16.887500762939453,17.052499771118164,14.212215423583984,1790800,0.0
2011-04-15,17.0625,17.137500762939453,16.997499465942383,17.100000381469727,14.251806259155273,2421600,0.0
2011-04-18,16.920000076293945,16.954999923706055,16.774999618530273,16.934999465942383,14.114283561706543,2592000,0.0
2011-04-19,16.957500457763672,17.032499313354492,16.90999984741211,17.022499084472656,14.187209129333496,1906400,0.0
2011-04-20,17.25,17.3174991607666,17.229999542236328,17.30500030517578,14.422660827636719,1500800,0.0
2011-04-21,17.405000686645508,17.4325008392334,17.362499237060547,17.427499771118164,14.524750709533691,1374800,0.0
2011-04-25,17.405000686645508,17.4325008392334,17.342500686645508,17.40250015258789,14.503922462463379,1271200,0.0
2011-04-26,17.467500686645508,17.587499618530273,17.4325008392334,17.552499771118164,14.62893295288086,4000000,0.0
2011-04-27,17.594999313354492,17.674999237060547,17.4950008392334,17.645000457763672,14.706023216247559,1721600,0.0
2011-04-28,17.625,17.729999542236328,17.622499465942383,17.704999923706055,14.756036758422852,1575200,0.0
2011-04-29,17.704999923706055,17.772499084472656,17.690000534057617,17.74250030517578,14.787285804748535,1260000,0.0
2011-05-02,17.832500457763672,17.854999542236328,17.702499389648438,17.735000610351562,14.781027793884277,1633200,0.0
2011-05-03,17.71500015258789,17.735000610351562,17.584999084472656,17.672500610351562,14.728947639465332,2378800,0.0
2011-05-04,17.655000686645508,17.665000915527344,17.475000381469727,17.5575008392334,14.633095741271973,2159600,0.0
2011-05-05,17.467500686645508,17.610000610351562,17.362499237060547,17.427499771118164,14.524750709533691,2375600,0.0
2011-05-06,17.610000610351562,17.6924991607666,17.440000534057617,17.502500534057617,14.587260246276855,2819600,0.0
2011-05-09,17.497499465942383,17.637500762939453,17.487499237060547,17.584999084472656,14.656017303466797,1294800,0.0
2011-05-10,17.649999618530273,17.75749969482422,17.625,17.732500076293945,14.778955459594727,3509200,0.0
2011-05-11,17.712499618530273,17.729999542236328,17.47249984741211,17.565000534057617,14.639354705810547,1842000,0.0
2011-05-12,17.524999618530273,17.707500457763672,17.44499969482422,17.68000030517578,14.73519515991211,1708000,0.0
2011-05-13,17.697500228881836,17.704999923706055,17.497499465942383,17.542499542236328,14.620593070983887,1588400,0.0
2011-05-16,17.479999542236328,17.594999313354492,17.3700008392334,17.399999618530273,14.501834869384766,2604800,0.0
2011-05-17,17.322500228881836,17.397499084472656,17.232500076293945,17.392499923706055,14.495585441589355,5353200,0.0
2011-05-18,17.397499084472656,17.5674991607666,17.360000610351562,17.547500610351562,14.624768257141113,2554400,0.0
2011-05-19,17.622499465942383,17.637500762939453,17.497499465942383,17.59000015258789,14.660187721252441,2926800,0.0
2011-05-20,17.547500610351562,17.59000015258789,17.434999465942383,17.485000610351562,14.572670936584473,1791600,0.0
2011-05-23,17.25749969482422,17.31999969482422,17.204999923706055,17.272499084472656,14.395574569702148,1676000,0.0
2011-05-24,17.342500686645508,17.344999313354492,17.235000610351562,17.262500762939453,14.387231826782227,1937600,0.0
2011-05-25,17.212499618530273,17.385000228881836,17.190000534057617,17.3174991607666,14.433072090148926,2633600,0.0
2011-05-26,17.280000686645508,17.44499969482422,17.264999389648438,17.412500381469727,14.512250900268555,2321200,0.0
2011-05-27,17.44499969482422,17.50749969482422,17.43000030517578,17.469999313354492,14.560171127319336,1520400,0.0
2011-05-31,17.637500762939453,17.65999984741211,17.520000457763672,17.65999984741211,14.71852970123291,1358400,0.0
2011-06-01,17.6200008392334,17.645000457763672,17.282499313354492,17.290000915527344,14.41015911102295,1724000,0.0
2011-06-02,17.3125,17.344999313354492,17.1825008392334,17.280000686645508,14.401815414428711,1935200,0.0
2011-06-03,17.0625,17.212499618530273,17.0625,17.087499618530273,14.241385459899902,1762000,0.0
2011-06-06,17.0625,17.102500915527344,16.920000076293945,16.940000534057617,14.118451118469238,2572800,0.0
2011-06-07,17.02750015258789,17.0674991607666,16.920000076293945,16.927499771118164,14.108036041259766,4600800,0.0
2011-06-08,16.889999389648438,16.9325008392334,16.8125,16.850000381469727,14.043440818786621,1407600,0.0
2011-06-09,16.88249969482422,17.022499084472656,16.844999313354492,16.954999923706055,14.130952835083008,1081600,0.0
2011-06-10,16.875,16.889999389648438,16.6924991607666,16.6924991607666,13.912179946899414,3580000,0.0
2011-06-13,16.7549991607666,16.77750015258789,16.6200008392334,16.690000534057617,13.910093307495117,2384000,0.0
2011-06-14,16.850000381469727,16.977500915527344,16.834999084472656,16.924999237060547,14.105948448181152,1602000,0.0
2011-06-15,16.780000686645508,16.862499237060547,16.594999313354492,16.645000457763672,13.872584342956543,2519200,0.0
2011-06-16,16.639999389648438,16.727500915527344,16.510000228881836,16.635000228881836,13.864252090454102,1992000,0.0
2011-06-17,16.787500381469727,16.8125,16.6200008392334,16.665000915527344,13.88925552368164,1730800,0.0
2011-06-20,16.607500076293945,16.797500610351562,16.607500076293945,16.760000228881836,13.968429565429688,822400,0.0
2011-06-21,16.854999542236328,17.042499542236328,16.815000534057617,17.010000228881836,14.176788330078125,2818400,0.0
2011-06-22,16.959999084472656,17.05500030517578,16.90250015258789,16.90999984741211,14.093446731567383,1456000,0.0
2011-06-23,16.655000686645508,16.852500915527344,16.540000915527344,16.84749984741211,14.094075202941895,2827200,0.06325
2011-06-24,16.834999084472656,16.844999313354492,16.614999771118164,16.642499923706055,13.922578811645508,1510400,0.0
2011-06-27,16.642499923706055,16.877500534057617,16.612499237060547,16.815000534057617,14.066889762878418,1192800,0.0
2011-06-28,16.895000457763672,17.072500228881836,16.86750030517578,17.06999969482422,14.28021240234375,1808000,0.0
2011-06-29,17.149999618530273,17.21500015258789,17.065000534057617,17.197500228881836,14.38687515258789,3054000,0.0
2011-06-30,17.25749969482422,17.395000457763672,17.25,17.3700008392334,14.531182289123535,1357200,0.0
2011-07-01,17.360000610351562,17.649999618530273,17.337499618530273,17.63249969482422,14.750772476196289,3180400,0.0
2011-07-05,17.610000610351562,17.700000762939453,17.600000381469727,17.657499313354492,14.77169418334961,3710800,0.0
2011-07-06,17.635000228881836,17.752500534057617,17.600000381469727,17.727500915527344,14.830249786376953,2871600,0.0
2011-07-07,17.885000228881836,17.959999084472656,17.850000381469727,17.917499542236328,14.98919677734375,2257200,0.0
2011-07-08,17.709999084472656,17.822500228881836,17.670000076293945,17.822500228881836,14.909729957580566,3328800,0.0
2011-07-11,17.6200008392334,17.6875,17.475000381469727,17.520000457763672,14.65666675567627,1274000,0.0
2011-07-12,17.482500076293945,17.579999923706055,17.40999984741211,17.417499542236328,14.57091999053955,2376000,0.0
2011-07-13,17.502500534057617,17.662500381469727,17.4375,17.482500076293945,14.62529182434082,1496000,0.0
2011-07-14,17.530000686645508,17.592500686645508,17.297500610351562,17.342500686645508,14.5081787109375,6777200,0.0
2011-07-15,17.459999084472656,17.5,17.354999542236328,17.497499465942383,14.637843132019043,1430400,0.0
2011-07-18,17.43000030517578,17.46500015258789,17.247499465942383,17.38249969482422,14.541642189025879,1927600,0.0
2011-07-19,17.4950008392334,17.737499237060547,17.4950008392334,17.72249984741211,14.826071739196777,1656800,0.0
2011-07-20,17.802499771118164,17.802499771118164,17.642499923706055,17.667499542236328,14.780058860778809,1627600,0.0
2011-07-21,17.75749969482422,17.892499923706055,17.690000534057617,17.850000381469727,14.932727813720703,2986800,0.0
2011-07-22,17.854999542236328,17.9375,17.787500381469727,17.917499542236328,14.98919677734375,1388400,0.0
2011-07-25,17.739999771118164,17.917499542236328,17.735000610351562,17.842500686645508,14.926461219787598,2075600,0.0
2011-07-26,17.8125,17.862499237060547,17.7450008392334,17.782499313354492,14.876267433166504,1604800,0.0
2011-07-27,17.672500610351562,17.677499771118164,17.3700008392334,17.405000686645508,14.560460090637207,5213200,0.0
2011-07-28,17.395000457763672,17.575000762939453,17.350000381469727,17.372499465942383,14.53327465057373,2516000,0.0
2011-07-29,17.207500457763672,17.4325008392334,17.13249969482422,17.274999618530273,14.451709747314453,6298400,0.0
2011-08-01,17.459999084472656,17.514999389648438,17.010000228881836,17.1875,14.37850570678711,5379200,0.0
2011-08-02,17.0625,17.162500381469727,16.7549991607666,16.7549991607666,14.016695976257324,11350000,0.0
2011-08-03,16.802499771118164,16.892499923706055,16.489999771118164,16.8799991607666,14.121264457702637,8775200,0.0
2011-08-04,16.662500381469727,16.674999237060547,16.079999923706055,16.094999313354492,13.464557647705078,8557600,0.0
2011-08-05,16.30500030517578,16.337499618530273,15.647500038146973,16.077499389648438,13.449918746948242,11711200,0.0
2011-08-08,15.65999984741211,15.862500190734863,15.125,15.137499809265137,12.663545608520508,15205200,0.0
2011-08-09,15.3725004196167,15.802499771118164,14.882499694824219,15.789999961853027,13.209405899047852,11071200,0.0
2011-08-10,15.492500305175781,15.65999984741211,15.125,15.140000343322754,12.665637016296387,12706800,0.0
2011-08-11,15.274999618530273,16.0,15.232500076293945,15.739999771118164,13.167584419250488,8365600,0.0
2011-08-12,15.975000381469727,16.059999465942383,15.787500381469727,15.954999923706055,13.34743881225586,5959600,0.0
2011-08-15,16.065000534057617,16.229999542236328,15.994999885559082,16.217500686645508,13.567036628723145,2590000,0.0
2011-08-16,16.05500030517578,16.212499618530273,15.897500038146973,16.06999969482422,13.443643569946289,4665200,0.0
2011-08-17,16.11750030517578,16.262500762939453,15.927499771118164,16.0625,13.437368392944336,3876000,0.0
2011-08-18,15.640000343322754,15.647500038146973,15.1899995803833,15.354999542236328,12.845498085021973,3592400,0.0
2011-08-19,15.125,15.517499923706055,15.0625,15.085000038146973,12.619621276855469,4223200,0.0
2011-08-22,15.40250015258789,15.417499542236328,15.09000015258789,15.132499694824219,12.659360885620117,3788000,0.0
2011-08-23,15.1850004196167,15.675000190734863,15.142499923706055,15.670000076293945,13.109018325805664,3728400,0.0
2011-08-24,15.649999618530273,15.864999771118164,15.569999694824219,15.850000381469727,13.259601593017578,2300000,0.0
2011-08-25,15.890000343322754,15.949999809265137,15.545000076293945,15.600000381469727,13.050457000732422,3515200,0.0
2011-08-26,15.522500038146973,15.930000305175781,15.3100004196167,15.890000343322754,13.293062210083008,3122000,0.0
2011-08-29,16.079999923706055,16.309999465942383,16.0625,16.297500610351562,13.633962631225586,6681200,0.0
2011-08-30,16.252500534057617,16.482500076293945,16.149999618530273,16.392499923706055,13.713436126708984,4497200,0.0
2011-08-31,16.5049991607666,16.625,16.322500228881836,16.4424991607666,13.755265235900879,2756400,0.0
2011-09-01,16.457500457763672,16.59749984741211,16.260000228881836,16.27750015258789,13.617232322692871,3869200,0.0
2011-09-02,15.992500305175781,16.05500030517578,15.842499732971191,15.885000228881836,13.288880348205566,3921200,0.0
2011-09-06,15.47249984741211,15.854999542236328,15.462499618530273,15.835000038146973,13.247049331665039,1670400,0.0
2011-09-07,16.049999237060547,16.235000610351562,16.00749969482422,16.232500076293945,13.579587936401367,1558800,0.0
2011-09-08,16.135000228881836,16.332500457763672,16.065000534057617,16.094999313354492,13.464557647705078,2262000,0.0
2011-09-09,15.922499656677246,15.970000267028809,15.585000038146973,15.682499885559082,13.11947250366211,1879600,0.0
2011-09-12,15.484999656677246,15.787500381469727,15.432499885559082,15.782500267028809,13.203132629394531,2004400,0.0
2011-09-13,15.822500228881836,15.994999885559082,15.732500076293945,15.944999694824219,13.339071273803711,5912800,0.0
2011-09-14,16.042499542236328,16.357500076293945,15.822500228881836,16.172500610351562,13.529390335083008,1812800,0.0
2011-09-15,16.350000381469727,16.440000534057617,16.1875,16.4325008392334,13.746901512145996,3764000,0.0
2011-09-16,16.47249984741211,16.579999923706055,16.387500762939453,16.540000915527344,13.836835861206055,5019600,0.0
2011-09-19,16.292499542236328,16.524999618530273,16.200000762939453,16.44499969482422,13.757356643676758,5501600,0.0
2011-09-20,16.520000457763672,16.677499771118164,16.40999984741211,16.420000076293945,13.736443519592285,3194800,0.0
2011-09-21,16.452499389648438,16.502500534057617,15.989999771118164,15.989999771118164,13.376717567443848,4080000,0.0
2011-09-22,15.532500267028809,15.662500381469727,15.27750015258789,15.4975004196167,12.96470832824707,5810400,0.0
2011-09-23,15.395000457763672,15.647500038146973,15.364999771118164,15.5649995803833,13.0211763381958,5560000,0.0
2011-09-26,15.645000457763672,15.829999923706055,15.375,15.8125,13.282630920410156,2501200,0.06375
2011-09-27,16.11750030517578,16.25,15.90999984741211,16.0,13.440132141113281,3225600,0.0
2011-09-28,16.040000915527344,16.125,15.667499542236328,15.6875,13.177631378173828,2791600,0.0
2011-09-29,15.9399995803833,15.979999542236328,15.4350004196167,15.697500228881836,13.18603229522705,2966400,0.0
2011-09-30,15.505000114440918,15.619999885559082,15.300000190734863,15.3100004196167,12.860526084899902,5010000,0.0
2011-10-03,15.227499961853027,15.395000457763672,14.907500267028809,14.907500267028809,12.52242374420166,7070800,0.0
2011-10-04,14.71500015258789,15.232500076293945,14.595000267028809,15.199999809265137,12.768125534057617,7200000,0.0
2011-10-05,15.217499732971191,15.529999732971191,15.112500190734863,15.5,13.020126342773438,4006400,0.0
2011-10-06,15.475000381469727,15.78499984741211,15.420000076293945,15.774999618530273,13.251129150390625,2431600,0.0
2011-10-07,15.832500457763672,15.875,15.617500305175781,15.694999694824219,13.183930397033691,3860800,0.0
2011-10-10,15.975000381469727,16.204999923706055,15.967499732971191,16.204999923706055,13.612335205078125,1624800,0.0
2011-10-11,16.122499465942383,16.287500381469727,16.114999771118164,16.229999542236328,13.63333511352539,12449600,0.0
2011-10-12,16.360000610351562,16.53499984741211,16.334999084472656,16.357500076293945,13.740434646606445,1913200,0.0
2011-10-13,16.25749969482422,16.427499771118164,16.209999084472656,16.392499923706055,13.769830703735352,2846800,0.0
2011-10-14,16.607500076293945,16.6924991607666,16.514999389648438,16.6875,14.017638206481934,1334800,0.0
2011-10-17,16.61750030517578,16.622499465942383,16.325000762939453,16.372499465942383,13.753037452697754,3340800,0.0
2011-10-18,16.375,16.707500457763672,16.19499969482422,16.610000610351562,13.952535629272461,2836800,0.0
2011-10-19,16.577499389648438,16.614999771118164,16.309999465942383,16.362499237060547,13.744633674621582,1449600,0.0
2011-10-20,16.417499542236328,16.44499969482422,16.172500610351562,16.392499923706055,13.769830703735352,1600400,0.0
2011-10-21,16.594999313354492,16.712499618530273,16.532499313354492,16.677499771118164,14.009232521057129,2770800,0.0
2011-10-24,16.719999313354492,16.967500686645508,16.717500686645508,16.9325008392334,14.223443031311035,2278000,0.0
2011-10-25,16.842500686645508,16.850000381469727,16.5674991607666,16.612499237060547,13.954636573791504,5042000,0.0
2011-10-26,16.760000228881836,16.774999618530273,16.4325008392334,16.719999313354492,14.04493236541748,3051200,0.0
2011-10-27,17.11750030517578,17.352500915527344,16.989999771118164,17.2450008392334,14.485941886901855,2723600,0.0
2011-10-28,17.1875,17.3075008392334,17.15999984741211,17.292499542236328,14.525846481323242,1989200,0.0
2011-10-31,17.112499237060547,17.149999618530273,16.907499313354492,16.912500381469727,14.206643104553223,2049600,0.0
2011-11-01,16.452499389648438,16.674999237060547,16.427499771118164,16.49250030517578,13.853838920593262,3792000,0.0
2011-11-02,16.72249984741211,16.78499984741211,16.575000762939453,16.71500015258789,14.040740966796875,2644000,0.0
2011-11-03,16.90250015258789,17.072500228881836,16.6924991607666,17.037500381469727,14.311636924743652,3140400,0.0
2011-11-04,16.934999465942383,16.985000610351562,16.770000457763672,16.954999923706055,14.242338180541992,1501200,0.0
2011-11-07,16.9375,17.0575008392334,16.770000457763672,17.040000915527344,14.313740730285645,1099600,0.0
2011-11-08,17.137500762939453,17.264999389648438,16.97249984741211,17.25,14.490138053894043,1555600,0.0
2011-11-09,16.852500915527344,16.9375,16.59749984741211,16.637500762939453,13.975638389587402,1830400,0.0
2011-11-10,16.857500076293945,16.857500076293945,16.592500686645508,16.760000228881836,14.078534126281738,1419200,0.0
2011-11-11,16.940000534057617,17.125,16.9375,17.079999923706055,14.347344398498535,3725200,0.0
2011-11-14,17.017499923706055,17.075000762939453,16.899999618530273,16.954999923706055,14.242338180541992,907600,0.0
2011-11-15,16.917499542236328,17.170000076293945,16.8799991607666,17.09000015258789,14.355733871459961,1370400,0.0
2011-11-16,16.924999237060547,17.127500534057617,16.822500228881836,16.84000015258789,14.145736694335938,1348400,0.0
2011-11-17,16.809999465942383,16.8125,16.424999237060547,16.53499984741211,13.88953685760498,2750800,0.0
2011-11-18,16.600000381469727,16.600000381469727,16.4375,16.4950008392334,13.855937004089355,745200,0.0
2011-11-21,16.239999771118164,16.274999618530273,16.042499542236328,16.1875,13.597634315490723,2369200,0.0
2011-11-22,16.145000457763672,16.264999389648438,16.047500610351562,16.172500610351562,13.58503532409668,5479200,0.0
2011-11-23,16.017499923706055,16.049999237060547,15.822500228881836,15.824999809265137,13.29312801361084,2980400,0.0
2011-11-25,15.770000457763672,15.944999694824219,15.760000228881836,15.760000228881836,13.238529205322266,581600,0.0
2011-11-28,16.165000915527344,16.28499984741211,16.127500534057617,16.2450008392334,13.6459321975708,2977600,0.0
2011-11-29,16.299999237060547,16.392499923706055,16.227500915527344,16.252500534057617,13.65223503112793,1887200,0.0
2011-11-30,16.690000534057617,16.895000457763672,16.677499771118164,16.872499465942383,14.173040390014648,2356000,0.0
2011-12-01,16.842500686645508,16.985000610351562,16.837499618530273,16.895000457763672,14.19194221496582,2186400,0.0
2011-12-02,17.0674991607666,17.084999084472656,16.850000381469727,16.857500076293945,14.160438537597656,1853200,0.0
2011-12-05,17.11750030517578,17.137500762939453,16.927499771118164,17.0049991607666,14.28433609008789,2706000,0.0
2011-12-06,17.012500762939453,17.112499237060547,16.950000762939453,17.012500762939453,14.290639877319336,1277600,0.0
2011-12-07,16.957500457763672,17.104999542236328,16.825000762939453,17.040000915527344,14.313740730285645,1382400,0.0
2011-12-08,16.934999465942383,17.0049991607666,16.684999465942383,16.727500915527344,14.051236152648926,1112800,0.0
2011-12-09,16.78499984741211,17.02750015258789,16.770000457763672,16.987499237060547,14.269640922546387,1010400,0.0
2011-12-12,16.850000381469727,16.862499237060547,16.635000228881836,16.782499313354492,14.097434997558594,1598800,0.0
2011-12-13,16.862499237060547,16.93000030517578,16.53499984741211,16.602500915527344,13.946233749389648,1856800,0.0
2011-12-14,16.545000076293945,16.56999969482422,16.354999542236328,16.40250015258789,13.778234481811523,1934400,0.0
2011-12-15,16.552499771118164,16.559999465942383,16.40250015258789,16.427499771118164,13.799235343933105,2322800,0.0
2011-12-16,16.53499984741211,16.637500762939453,16.407499313354492,16.457500457763672,13.824438095092773,2209600,0.0
2011-12-19,16.524999618530273,16.5625,16.297500610351562,16.34000015258789,13.725732803344727,2068400,0.0
2011-12-20,16.5575008392334,16.8075008392334,16.5575008392334,16.790000915527344,14.103737831115723,2216800,0.0
2011-12-21,16.772499084472656,16.787500381469727,16.594999313354492,16.772499084472656,14.089037895202637,1500800,0.0
2011-12-22,16.737499237060547,16.78499984741211,16.69499969482422,16.774999618530273,14.16375732421875,1424800,0.086
2011-12-23,16.84749984741211,16.927499771118164,16.792499542236328,16.927499771118164,14.292525291442871,1168400,0.0
2011-12-27,16.889999389648438,17.002500534057617,16.889999389648438,16.959999084472656,14.319960594177246,1583200,0.0
2011-12-28,16.959999084472656,16.97249984741211,16.75,16.782499313354492,14.17009162902832,2172000,0.0
2011-12-29,16.825000762939453,16.9375,16.8075008392334,16.917499542236328,14.284078598022461,1957600,0.0
2011-12-30,16.917499542236328,16.94499969482422,16.857500076293945,16.857500076293945,14.233416557312012,2141600,0.0
2012-01-03,17.13249969482422,17.172500610351562,17.049999237060547,17.049999237060547,14.395955085754395,2707600,0.0
2012-01-04,17.022499084472656,17.087499618530273,16.962499618530273,17.072500228881836,14.414956092834473,3552400,0.0
2012-01-05,16.99250030517578,17.122499465942383,16.934999465942383,17.104999542236328,14.442395210266113,2272800,0.0
2012-01-06,17.110000610351562,17.125,17.024999618530273,17.075000762939453,14.417068481445312,1523200,0.0
2012-01-09,17.09000015258789,17.102500915527344,17.010000228881836,17.06999969482422,14.412837982177734,5924400,0.0
2012-01-10,17.232500076293945,17.272499084472656,17.174999237060547,17.204999923706055,14.526823997497559,2155200,0.0
2012-01-11,17.147499084472656,17.1924991607666,17.110000610351562,17.1825008392334,14.507833480834961,1721600,0.0
2012-01-12,17.207500457763672,17.217500686645508,17.079999923706055,17.204999923706055,14.526823997497559,2108000,0.0
2012-01-13,17.100000381469727,17.155000686645508,17.0,17.155000686645508,14.484607696533203,1757600,0.0
2012-01-17,17.287500381469727,17.325000762939453,17.202499389648438,17.232500076293945,14.550041198730469,2854400,0.0
2012-01-18,17.247499465942383,17.415000915527344,17.225000381469727,17.412500381469727,14.702025413513184,2735200,0.0
2012-01-19,17.459999084472656,17.5049991607666,17.417499542236328,17.497499465942383,14.773797035217285,2651200,0.0
2012-01-20,17.459999084472656,17.47249984741211,17.412500381469727,17.47249984741211,14.752689361572266,1851600,0.0
2012-01-23,17.457500457763672,17.549999237060547,17.405000686645508,17.479999542236328,14.759015083312988,2717200,0.0
2012-01-24,17.38249969482422,17.477500915527344,17.38249969482422,17.469999313354492,14.750575065612793,1907600,0.0
2012-01-25,17.479999542236328,17.702499389648438,17.4325008392334,17.665000915527344,14.9152250289917,1774800,0.0
2012-01-26,17.729999542236328,17.774999618530273,17.537500381469727,17.594999313354492,14.856121063232422,2545600,0.0
2012-01-27,17.532499313354492,17.622499465942383,17.522499084472656,17.582500457763672,14.84555721282959,1260400,0.0
2012-01-30,17.424999237060547,17.5674991607666,17.387500762939453,17.5674991607666,14.83289909362793,1972400,0.0
2012-01-31,17.63249969482422,17.662500381469727,17.475000381469727,17.549999237060547,14.818123817443848,1179600,0.0
2012-02-01,17.670000076293945,17.747499465942383,17.625,17.670000076293945,14.919439315795898,1484400,0.0
2012-02-02,17.71500015258789,17.739999771118164,17.639999389648438,17.704999923706055,14.948997497558594,1436400,0.0
2012-02-03,17.8700008392334,17.917499542236328,17.822500228881836,17.912500381469727,15.12419319152832,2167200,0.0
2012-02-06,17.837499618530273,17.90999984741211,17.825000762939453,17.90999984741211,15.122085571289062,1397200,0.0
2012-02-07,17.862499237060547,17.985000610351562,17.815000534057617,17.957500457763672,15.162192344665527,1498000,0.0
2012-02-08,17.975000381469727,18.002500534057617,17.88249969482422,17.982500076293945,15.183297157287598,1128400,0.0
2012-02-09,17.997499465942383,18.072500228881836,17.94499969482422,18.045000076293945,15.236071586608887,1666400,0.0
2012-02-10,17.892499923706055,17.947500228881836,17.86750030517578,17.94499969482422,15.15163516998291,1542000,0.0
2012-02-13,18.05500030517578,18.084999084472656,17.982500076293945,18.0674991607666,15.255067825317383,1483200,0.0
2012-02-14,18.017499923706055,18.094999313354492,17.97249984741211,18.092500686645508,15.27617073059082,1770000,0.0
2012-02-15,18.142499923706055,18.1825008392334,17.952499389648438,17.987499237060547,15.18752384185791,1617200,0.0
2012-02-16,17.985000610351562,18.157499313354492,17.950000762939453,18.142499923706055,15.318389892578125,1697600,0.0
2012-02-17,18.184999465942383,18.1924991607666,18.104999542236328,18.15250015258789,15.32683277130127,1737600,0.0
2012-02-21,18.209999084472656,18.239999771118164,18.11750030517578,18.177499771118164,15.347946166992188,3243200,0.0
2012-02-22,18.157499313354492,18.21500015258789,18.1299991607666,18.167499542236328,15.339495658874512,1544000,0.0
2012-02-23,18.15250015258789,18.260000228881836,18.11750030517578,18.2450008392334,15.404940605163574,1896800,0.0
2012-02-24,18.280000686645508,18.344999313354492,18.274999618530273,18.31999969482422,15.46826457977295,1256400,0.0
2012-02-27,18.219999313354492,18.385000228881836,18.18000030517578,18.31999969482422,15.46826457977295,4544000,0.0
2012-02-28,18.337499618530273,18.40999984741211,18.31999969482422,18.407499313354492,15.542141914367676,1568400,0.0
2012-02-29,18.4375,18.475000381469727,18.297500610351562,18.309999465942383,15.459817886352539,2223600,0.0
2012-03-01,18.38249969482422,18.44499969482422,18.337499618530273,18.40999984741211,15.544257164001465,2336800,0.0
2012-03-02,18.387500762939453,18.415000915527344,18.325000762939453,18.377500534057617,15.516814231872559,1418800,0.0
2012-03-05,18.344999313354492,18.377500534057617,18.235000610351562,18.309999465942383,15.459817886352539,1931200,0.0
2012-03-06,18.112499237060547,18.1299991607666,18.020000457763672,18.072500228881836,15.259293556213379,2104000,0.0
2012-03-07,18.114999771118164,18.197500228881836,18.09000015258789,18.170000076293945,15.341612815856934,1245600,0.0
2012-03-08,18.264999389648438,18.38249969482422,18.24250030517578,18.337499618530273,15.483034133911133,1340800,0.0
2012-03-09,18.392499923706055,18.440000534057617,18.360000610351562,18.389999389648438,15.527363777160645,2742400,0.0
2012-03-12,18.395000457763672,18.43000030517578,18.360000610351562,18.415000915527344,15.548469543457031,2034400,0.0
2012-03-13,18.5049991607666,18.690000534057617,18.47249984741211,18.6875,15.778558731079102,2488400,0.0
2012-03-14,18.709999084472656,18.75,18.639999389648438,18.697500228881836,15.787006378173828,2442000,0.0
2012-03-15,18.71500015258789,18.772499084472656,18.672500610351562,18.75749969482422,15.837662696838379,1560000,0.0
2012-03-16,18.790000915527344,18.802499771118164,18.75,18.78499984741211,15.860878944396973,983600,0.0
2012-03-19,18.780000686645508,18.90250015258789,18.772499084472656,18.875,15.936869621276855,2463200,0.0
2012-03-20,18.774999618530273,18.822500228881836,18.725000381469727,18.8075008392334,15.879886627197266,1841600,0.0
2012-03-21,18.80500030517578,18.844999313354492,18.760000228881836,18.78499984741211,15.860878944396973,2268800,0.0
2012-03-22,18.655000686645508,18.717500686645508,18.625,18.6875,15.778558731079102,3115600,0.0
2012-03-23,18.712499618530273,18.74250030517578,18.600000381469727,18.719999313354492,15.805997848510742,2006800,0.0
2012-03-26,18.774999618530273,18.907499313354492,18.752500534057617,18.907499313354492,16.021438598632812,1816800,0.06675
2012-03-27,18.9375,18.952499389648438,18.877500534057617,18.892499923706055,16.00872802734375,1710400,0.0
2012-03-28,18.897499084472656,18.920000076293945,18.700000762939453,18.802499771118164,15.932463645935059,2952400,0.0
2012-03-29,18.690000534057617,18.8125,18.657499313354492,18.787500381469727,15.919756889343262,1786800,0.0
2012-03-30,18.885000228881836,18.889999389648438,18.77750015258789,18.842500686645508,15.966361045837402,926400,0.0
2012-04-02,18.84749984741211,19.047500610351562,18.8125,19.0049991607666,16.10405921936035,4626000,0.0
2012-04-03,18.989999771118164,19.042499542236328,18.875,18.97249984741211,16.07651710510254,3518000,0.0
2012-04-04,18.829999923706055,18.857500076293945,18.729999542236328,18.80500030517578,15.934587478637695,2951600,0.0
2012-04-05,18.752500534057617,18.862499237060547,18.739999771118164,18.842500686645508,15.966361045837402,1005600,0.0
2012-04-09,18.612499237060547,18.732500076293945,18.604999542236328,18.667499542236328,15.818075180053711,1258800,0.0
2012-04-10,18.625,18.667499542236328,18.350000381469727,18.3799991607666,15.574454307556152,6459200,0.0
2012-04-11,18.5625,18.56999969482422,18.459999084472656,18.477500915527344,15.65708065032959,3039600,0.0
2012-04-12,18.497499465942383,18.704999923706055,18.485000610351562,18.69499969482422,15.841373443603516,2310800,0.0
2012-04-13,18.649999618530273,18.662500381469727,18.49250030517578,18.5049991607666,15.68038558959961,1498000,0.0
2012-04-16,18.592500686645508,18.594999313354492,18.399999618530273,18.420000076293945,15.608356475830078,1778400,0.0
2012-04-17,18.537500381469727,18.7549991607666,18.50749969482422,18.727500915527344,15.868910789489746,5928000,0.0
2012-04-18,18.662500381469727,18.74250030517578,18.645000457763672,18.670000076293945,15.8201904296875,2020800,0.0
2012-04-19,18.65999984741211,18.732500076293945,18.447500228881836,18.524999618530273,15.6973237991333,2067600,0.0
2012-04-20,18.612499237060547,18.68000030517578,18.549999237060547,18.549999237060547,15.718509674072266,1295600,0.0
2012-04-23,18.3799991607666,18.417499542236328,18.295000076293945,18.397499084472656,15.589290618896484,1867200,0.0
2012-04-24,18.405000686645508,18.479999542236328,18.354999542236328,18.422500610351562,15.610469818115234,2462800,0.0
2012-04-25,18.642499923706055,18.760000228881836,18.635000228881836,18.752500534057617,15.890090942382812,1769200,0.0
2012-04-26,18.725000381469727,18.889999389648438,18.725000381469727,18.86750030517578,15.987549781799316,1920400,0.0
2012-04-27,18.927499771118164,18.977500915527344,18.854999542236328,18.922500610351562,16.03415298461914,861200,0.0
2012-04-30,18.885000228881836,18.897499084472656,18.802499771118164,18.842500686645508,15.966361045837402,1555200,0.0
2012-05-01,18.842500686645508,19.049999237060547,18.8075008392334,18.912500381469727,16.025676727294922,2432000,0.0
2012-05-02,18.829999923706055,18.9325008392334,18.795000076293945,18.917499542236328,16.0299129486084,1422800,0.0
2012-05-03,18.93000030517578,18.940000534057617,18.7549991607666,18.782499313354492,15.915518760681152,1830400,0.0
2012-05-04,18.6924991607666,18.69499969482422,18.467500686645508,18.477500915527344,15.65708065032959,1264400,0.0
2012-05-07,18.399999618530273,18.532499313354492,18.397499084472656,18.477500915527344,15.65708065032959,1044000,0.0
2012-05-08,18.375,18.434999465942383,18.157499313354492,18.405000686645508,15.59564208984375,1439600,0.0
2012-05-09,18.207500457763672,18.415000915527344,18.145000457763672,18.282499313354492,15.491835594177246,3489600,0.0
2012-05-10,18.412500381469727,18.427499771118164,18.27750015258789,18.3125,15.517263412475586,1018400,0.0
2012-05-11,18.232500076293945,18.450000762939453,18.232500076293945,18.299999237060547,15.506669044494629,1899600,0.0
2012-05-14,18.135000228881836,18.24250030517578,18.087499618530273,18.127500534057617,15.36050033569336,2814000,0.0
2012-05-15,18.1200008392334,18.2450008392334,18.024999618530273,18.059999465942383,15.303303718566895,3999200,0.0
2012-05-16,18.1299991607666,18.184999465942383,17.987499237060547,18.002500534057617,15.254582405090332,14862000,0.0
2012-05-17,18.0049991607666,18.024999618530273,17.709999084472656,17.709999084472656,15.00672721862793,2869200,0.0
2012-05-18,17.790000915527344,17.829999923706055,17.53499984741211,17.5674991607666,14.885977745056152,2500800,0.0
2012-05-21,17.59749984741211,17.927499771118164,17.59749984741211,17.917499542236328,15.182554244995117,3552400,0.0
2012-05-22,17.969999313354492,18.0625,17.822500228881836,17.927499771118164,15.191030502319336,1701200,0.0
2012-05-23,17.809999465942383,17.9950008392334,17.670000076293945,17.96500015258789,15.222803115844727,2136000,0.0
2012-05-24,18.024999618530273,18.042499542236328,17.854999542236328,17.9950008392334,15.248224258422852,3558400,0.0
2012-05-25,17.979999542236328,18.010000228881836,17.86750030517578,17.90999984741211,15.176198959350586,1239600,0.0
2012-05-29,18.0625,18.162500381469727,17.99250030517578,18.104999542236328,15.341436386108398,2306000,0.0
2012-05-30,17.952499389648438,17.969999313354492,17.844999313354492,17.8799991607666,15.150779724121094,2037200,0.0
2012-05-31,17.889999389648438,17.922500610351562,17.677499771118164,17.815000534057617,15.095701217651367,2391600,0.0
2012-06-01,17.524999618530273,17.59000015258789,17.385000228881836,17.389999389648438,14.735569953918457,2398400,0.0
2012-06-04,17.395000457763672,17.46500015258789,17.264999389648438,17.4375,14.775821685791016,2246800,0.0
2012-06-05,17.375,17.537500381469727,17.364999771118164,17.510000228881836,14.837262153625488,1940800,0.0
2012-06-06,17.614999771118164,17.88249969482422,17.610000610351562,17.88249969482422,15.152901649475098,3668400,0.0
2012-06-07,18.072500228881836,18.072500228881836,17.864999771118164,17.892499923706055,15.161367416381836,1713600,0.0
2012-06-08,17.834999084472656,18.017499923706055,17.78499984741211,18.017499923706055,15.267288208007812,1340800,0.0
2012-06-11,18.142499923706055,18.162500381469727,17.780000686645508,17.797500610351562,15.080870628356934,2130400,0.0
2012-06-12,17.860000610351562,17.982500076293945,17.75749969482422,17.979999542236328,15.235511779785156,1638800,0.0
2012-06-13,17.934999465942383,18.024999618530273,17.80500030517578,17.860000610351562,15.133831977844238,2647200,0.0
2012-06-14,17.897499084472656,18.084999084472656,17.844999313354492,18.024999618530273,15.273650169372559,1945200,0.0
2012-06-15,18.087499618530273,18.21500015258789,18.072500228881836,18.190000534057617,15.413467407226562,1920400,0.0
2012-06-18,18.127500534057617,18.327499389648438,18.102500915527344,18.280000686645508,15.489727020263672,1145600,0.0
2012-06-19,18.3125,18.440000534057617,18.297500610351562,18.372499465942383,15.631377220153809,2081600,0.074
2012-06-20,18.357500076293945,18.395000457763672,18.19499969482422,18.325000762939453,15.590963363647461,2110400,0.0
2012-06-21,18.322500228881836,18.34000015258789,17.895000457763672,17.920000076293945,15.246391296386719,1774000,0.0
2012-06-22,17.99250030517578,18.077499389648438,17.9375,18.049999237060547,15.356992721557617,2016400,0.0
2012-06-25,17.877500534057617,17.8799991607666,17.732500076293945,17.787500381469727,15.13366413116455,3932000,0.0
2012-06-26,17.832500457763672,17.907499313354492,17.732500076293945,17.857500076293945,15.193218231201172,4274000,0.0
2012-06-27,17.907499313354492,18.03499984741211,17.907499313354492,18.0049991607666,15.318710327148438,1239600,0.0
2012-06-28,17.899999618530273,17.950000762939453,17.75,17.934999465942383,15.259160995483398,1433600,0.0
2012-06-29,18.2450008392334,18.385000228881836,18.1875,18.377500534057617,15.635635375976562,2832000,0.0
2012-07-02,18.424999237060547,18.440000534057617,18.3075008392334,18.427499771118164,15.678177833557129,2404800,0.0
2012-07-03,18.4325008392334,18.577499389648438,18.43000030517578,18.5674991607666,15.797282218933105,1578000,0.0
2012-07-05,18.53499984741211,18.6299991607666,18.475000381469727,18.547500610351562,15.780271530151367,1712400,0.0
2012-07-06,18.38249969482422,18.417499542236328,18.27750015258789,18.377500534057617,15.635635375976562,1347200,0.0
2012-07-09,18.342500686645508,18.3799991607666,18.287500381469727,18.364999771118164,15.625004768371582,2052800,0.0
2012-07-10,18.462499618530273,18.485000610351562,18.15250015258789,18.209999084472656,15.493121147155762,2664400,0.0
2012-07-11,18.225000381469727,18.2549991607666,18.065000534057617,18.1875,15.473986625671387,1026400,0.0
2012-07-12,18.075000762939453,18.19499969482422,17.979999542236328,18.127500534057617,15.42293643951416,1297600,0.0
2012-07-13,18.15250015258789,18.407499313354492,18.15250015258789,18.385000228881836,15.642020225524902,4850400,0.0
2012-07-16,18.344999313354492,18.415000915527344,18.292499542236328,18.352500915527344,15.614367485046387,1635600,0.0
2012-07-17,18.424999237060547,18.4950008392334,18.232500076293945,18.459999084472656,15.705818176269531,4098000,0.0
2012-07-18,18.420000076293945,18.642499923706055,18.420000076293945,18.607500076293945,15.831313133239746,2317600,0.0
2012-07-19,18.68000030517578,18.774999618530273,18.622499465942383,18.729999542236328,15.935544967651367,3394000,0.0
2012-07-20,18.645000457763672,18.655000686645508,18.532499313354492,18.549999237060547,15.782398223876953,1877200,0.0
2012-07-23,18.282499313354492,18.40999984741211,18.184999465942383,18.3700008392334,15.629253387451172,1359200,0.0
2012-07-24,18.364999771118164,18.377500534057617,18.09000015258789,18.204999923706055,15.488874435424805,1448000,0.0
2012-07-25,18.197500228881836,18.25,18.065000534057617,18.174999237060547,15.463345527648926,2573600,0.0
2012-07-26,18.412500381469727,18.485000610351562,18.332500457763672,18.447500228881836,15.695191383361816,1332800,0.0
2012-07-27,18.542499542236328,18.84000015258789,18.530000686645508,18.809999465942383,16.00360870361328,2288400,0.0
2012-07-30,18.795000076293945,18.90250015258789,18.762500762939453,18.8125,16.005739212036133,2110000,0.0
2012-07-31,18.774999618530273,18.827499389648438,18.702499389648438,18.702499389648438,15.912147521972656,16139200,0.0
2012-08-01,18.780000686645508,18.8075008392334,18.612499237060547,18.662500381469727,15.87812328338623,2464000,0.0
2012-08-02,18.520000457763672,18.65250015258789,18.405000686645508,18.522499084472656,15.759002685546875,3228400,0.0
2012-08-03,18.8125,18.920000076293945,18.77750015258789,18.86750030517578,16.052526473999023,1410000,0.0
2012-08-06,18.934999465942383,18.982500076293945,18.905000686645508,18.905000686645508,16.084430694580078,1700800,0.0
2012-08-07,18.982500076293945,19.065000534057617,18.977500915527344,18.99250030517578,16.158885955810547,1020800,0.0
2012-08-08,18.9424991607666,19.024999618530273,18.927499771118164,18.989999771118164,16.156749725341797,1084400,0.0
2012-08-09,18.959999084472656,19.042499542236328,18.940000534057617,19.0,16.165258407592773,1208400,0.0
2012-08-10,18.9424991607666,19.047500610351562,18.917499542236328,19.03499984741211,16.195035934448242,1199600,0.0
2012-08-13,19.0,19.045000076293945,18.94499969482422,19.045000076293945,16.203550338745117,1060400,0.0
2012-08-14,19.122499465942383,19.127500534057617,19.014999389648438,19.059999465942383,16.2163028717041,1519200,0.0
2012-08-15,19.049999237060547,19.112499237060547,19.040000915527344,19.084999084472656,16.237585067749023,1686800,0.0
2012-08-16,19.110000610351562,19.25,19.072500228881836,19.229999542236328,16.360946655273438,1285600,0.0
2012-08-17,19.25,19.274999618530273,19.212499618530273,19.260000228881836,16.386472702026367,3815600,0.0
2012-08-20,19.25,19.262500762939453,19.184999465942383,19.25749969482422,16.384336471557617,1926800,0.0
2012-08-21,19.299999237060547,19.360000610351562,19.139999389648438,19.18000030517578,16.318405151367188,1584000,0.0
2012-08-22,19.1299991607666,19.24250030517578,19.107500076293945,19.209999084472656,16.34392738342285,2376000,0.0
2012-08-23,19.170000076293945,19.172500610351562,19.040000915527344,19.077499389648438,16.231199264526367,1259200,0.0
2012-08-24,19.03499984741211,19.232500076293945,19.024999618530273,19.19499969482422,16.331165313720703,1580400,0.0
2012-08-27,19.260000228881836,19.28499984741211,19.18000030517578,19.204999923706055,16.33967399597168,1773600,0.0
2012-08-28,19.162500381469727,19.25,19.135000228881836,19.202499389648438,16.337547302246094,2265600,0.0
2012-08-29,19.217500686645508,19.25,19.157499313354492,19.207500457763672,16.3418025970459,1422400,0.0
2012-08-30,19.112499237060547,19.1299991607666,19.02750015258789,19.052499771118164,16.209922790527344,1017600,0.0
2012-08-31,19.167499542236328,19.227500915527344,19.022499084472656,19.145000457763672,16.28862762451172,1597600,0.0
2012-09-04,19.13249969482422,19.1825008392334,19.0,19.127500534057617,16.27373504638672,1515600,0.0
2012-09-05,19.13249969482422,19.1825008392334,19.06999969482422,19.092500686645508,16.243959426879883,2442000,0.0
2012-09-06,19.219999313354492,19.447500228881836,19.219999313354492,19.4424991607666,16.541736602783203,1595200,0.0
2012-09-07,19.479999542236328,19.514999389648438,19.457500457763672,19.510000228881836,16.599164962768555,1728800,0.0
2012-09-10,19.497499465942383,19.514999389648438,19.38249969482422,19.38249969482422,16.49069595336914,1123600,0.0
2012-09-11,19.405000686645508,19.485000610351562,19.395000457763672,19.40250015258789,16.50771141052246,5023600,0.0
2012-09-12,19.459999084472656,19.482500076293945,19.387500762939453,19.46500015258789,16.56088638305664,2341200,0.0
2012-09-13,19.47249984741211,19.809999465942383,19.46500015258789,19.75,16.80335807800293,2763600,0.0
2012-09-14,19.792499542236328,19.93000030517578,19.774999618530273,19.832500457763672,16.873558044433594,2079600,0.0
2012-09-17,19.825000762939453,19.862499237060547,19.780000686645508,19.837499618530273,16.877803802490234,1735600,0.0
2012-09-18,19.790000915527344,19.857500076293945,19.780000686645508,19.837499618530273,16.877803802490234,1176000,0.0
2012-09-19,19.854999542236328,19.892499923706055,19.790000915527344,19.834999084472656,16.87568473815918,1084800,0.0
2012-09-20,19.75,19.834999084472656,19.704999923706055,19.827499389648438,16.869298934936523,1368400,0.0
2012-09-21,19.90999984741211,19.915000915527344,19.8075008392334,19.81999969482422,16.8629150390625,1410400,0.0
2012-09-24,19.72249984741211,19.799999237060547,19.6924991607666,19.764999389648438,16.816123962402344,1780800,0.0
2012-09-25,19.717500686645508,19.7549991607666,19.47249984741211,19.487499237060547,16.654815673828125,1114800,0.08875
2012-09-26,19.469999313354492,19.479999542236328,19.332500457763672,19.3700008392334,16.55438232421875,1598000,0.0
2012-09-27,19.427499771118164,19.59749984741211,19.397499084472656,19.559999465942383,16.716773986816406,1491200,0.0
2012-09-28,19.482500076293945,19.532499313354492,19.389999389648438,19.462499618530273,16.63344955444336,1470800,0.0
2012-10-01,19.565000534057617,19.6825008392334,19.46500015258789,19.50749969482422,16.671903610229492,3427200,0.0
2012-10-02,19.575000762939453,19.607500076293945,19.417499542236328,19.514999389648438,16.678319931030273,1835600,0.0
2012-10-03,19.5625,19.627500534057617,19.475000381469727,19.592500686645508,16.744550704956055,1003600,0.0
2012-10-04,19.65999984741211,19.735000610351562,19.63249969482422,19.707500457763672,16.842838287353516,1931600,0.0
2012-10-05,19.78499984741211,19.822500228881836,19.625,19.68000030517578,16.819332122802734,1510400,0.0
2012-10-08,19.622499465942383,19.635000228881836,19.55500030517578,19.602500915527344,16.75309181213379,1350000,0.0
2012-10-09,19.56999969482422,19.582500457763672,19.377500534057617,19.389999389648438,16.57147979736328,1071200,0.0
2012-10-10,19.38249969482422,19.395000457763672,19.237499237060547,19.264999389648438,16.46466064453125,1344800,0.0
2012-10-11,19.399999618530273,19.40999984741211,19.2549991607666,19.25749969482422,16.458242416381836,1035600,0.0
2012-10-12,19.290000915527344,19.364999771118164,19.200000762939453,19.232500076293945,16.436878204345703,955600,0.0
2012-10-15,19.274999618530273,19.405000686645508,19.229999542236328,19.385000228881836,16.567211151123047,568400,0.0
2012-10-16,19.469999313354492,19.614999771118164,19.457500457763672,19.600000381469727,16.750951766967773,2631600,0.0
2012-10-17,19.582500457763672,19.637500762939453,19.552499771118164,19.614999771118164,16.763782501220703,812800,0.0
2012-10-18,19.547500610351562,19.607500076293945,19.4375,19.502500534057617,16.667634963989258,3103200,0.0
2012-10-19,19.462499618530273,19.462499618530273,19.1299991607666,19.155000686645508,16.37064552307129,1365600,0.0
2012-10-22,19.142499923706055,19.207500457763672,19.040000915527344,19.19499969482422,16.404823303222656,2252800,0.0
2012-10-23,19.002500534057617,19.030000686645508,18.8700008392334,18.9375,16.18475914001465,5021600,0.0
2012-10-24,19.022499084472656,19.032499313354492,18.844999313354492,18.8799991607666,16.135616302490234,2315600,0.0
2012-10-25,19.002500534057617,19.024999618530273,18.825000762939453,18.912500381469727,16.163393020629883,1494800,0.0
2012-10-26,18.907499313354492,18.997499465942383,18.797500610351562,18.924999237060547,16.174076080322266,4559200,0.0
2012-10-31,19.0,19.002500534057617,18.822500228881836,18.907499313354492,16.159120559692383,8800000,0.0
2012-11-01,18.94499969482422,19.142499923706055,18.9375,19.104999542236328,16.327919006347656,1792800,0.0
2012-11-02,19.207500457763672,19.207500457763672,18.899999618530273,18.912500381469727,16.163393020629883,1999600,0.0
2012-11-05,18.887500762939453,19.012500762939453,18.857500076293945,18.975000381469727,16.21680450439453,2840800,0.0
2012-11-06,19.012500762939453,19.170000076293945,19.0,19.092500686645508,16.317228317260742,3250400,0.0
2012-11-07,18.924999237060547,18.9325008392334,18.614999771118164,18.707500457763672,15.988198280334473,3512000,0.0
2012-11-08,18.702499389648438,18.760000228881836,18.447500228881836,18.450000762939453,15.768122673034668,2424400,0.0
2012-11-09,18.424999237060547,18.657499313354492,18.412500381469727,18.5,15.8108549118042,3314400,0.0
2012-11-12,18.559999465942383,18.600000381469727,18.475000381469727,18.522499084472656,15.83008098602295,4183600,0.0
2012-11-13,18.417499542236328,18.65250015258789,18.40999984741211,18.467500686645508,15.78307819366455,1790400,0.0
2012-11-14,18.510000228881836,18.53499984741211,18.200000762939453,18.235000610351562,15.584366798400879,3036400,0.0
2012-11-15,18.235000610351562,18.292499542236328,18.122499465942383,18.197500228881836,15.552325248718262,5672800,0.0
2012-11-16,18.21500015258789,18.329999923706055,18.075000762939453,18.295000076293945,15.63565444946289,2152800,0.0
2012-11-19,18.489999771118164,18.674999237060547,18.485000610351562,18.670000076293945,15.956144332885742,3062800,0.0
2012-11-20,18.657499313354492,18.704999923706055,18.52750015258789,18.677499771118164,15.96254825592041,3016000,0.0
2012-11-21,18.6924991607666,18.735000610351562,18.665000915527344,18.72249984741211,16.001012802124023,1935200,0.0
2012-11-23,18.815000534057617,18.975000381469727,18.792499542236328,18.96500015258789,16.20826530456543,620400,0.0
2012-11-26,18.877500534057617,18.94499969482422,18.822500228881836,18.94499969482422,16.191164016723633,3652000,0.0
2012-11-27,18.90999984741211,18.977500915527344,18.842500686645508,18.860000610351562,16.118528366088867,2420400,0.0
2012-11-28,18.767499923706055,19.010000228881836,18.6875,19.0,16.238174438476562,1814400,0.0
2012-11-29,19.084999084472656,19.135000228881836,18.997499465942383,19.09000015258789,16.315093994140625,3043600,0.0
2012-11-30,19.09000015258789,19.11750030517578,19.020000457763672,19.075000762939453,16.302278518676758,2638400,0.0
2012-12-03,19.167499542236328,19.184999465942383,18.975000381469727,18.987499237060547,16.227493286132812,4366400,0.0
2012-12-04,18.967500686645508,19.03499984741211,18.912500381469727,18.950000762939453,16.195444107055664,5740400,0.0
2012-12-05,18.967500686645508,18.9950008392334,18.77750015258789,18.897499084472656,16.150564193725586,2376400,0.0
2012-12-06,18.885000228881836,18.9950008392334,18.850000381469727,18.977500915527344,16.218942642211914,1128000,0.0
2012-12-07,19.05500030517578,19.072500228881836,18.924999237060547,18.99250030517578,16.231767654418945,1714000,0.0
2012-12-10,18.967500686645508,19.0674991607666,18.967500686645508,19.010000228881836,16.24671745300293,2110800,0.0
2012-12-11,19.100000381469727,19.2549991607666,19.082500457763672,19.162500381469727,16.377056121826172,2081600,0.0
2012-12-12,19.225000381469727,19.270000457763672,19.112499237060547,19.139999389648438,16.35782241821289,2675200,0.0
2012-12-13,19.125,19.174999237060547,18.959999084472656,19.014999389648438,16.250991821289062,2502000,0.0
2012-12-14,18.947500228881836,18.975000381469727,18.8700008392334,18.899999618530273,16.1527156829834,3931600,0.0
2012-12-17,18.9325008392334,19.100000381469727,18.9325008392334,19.100000381469727,16.32363510131836,1853200,0.0
2012-12-18,19.137500762939453,19.329999923706055,19.102500915527344,19.3075008392334,16.500978469848633,2599200,0.0
2012-12-19,19.217500686645508,19.217500686645508,19.047500610351562,19.05500030517578,16.38275146484375,2806800,0.115
2012-12-20,19.059999465942383,19.11750030517578,18.982500076293945,19.11750030517578,16.43648910522461,5714400,0.0
2012-12-21,18.8700008392334,19.0,18.854999542236328,18.967500686645508,16.30752944946289,3443200,0.0
2012-12-24,18.920000076293945,18.957500457763672,18.907499313354492,18.924999237060547,16.270984649658203,1502400,0.0
2012-12-26,18.96500015258789,18.96500015258789,18.764999389648438,18.815000534057617,16.17641258239746,2270800,0.0
2012-12-27,18.837499618530273,18.86750030517578,18.587499618530273,18.809999465942383,16.172122955322266,5163200,0.0
2012-12-28,18.6875,18.790000915527344,18.59749984741211,18.59749984741211,15.989420890808105,3622800,0.0
2012-12-31,18.579999923706055,18.952499389648438,18.547500610351562,18.934999465942383,16.279592514038086,6677600,0.0
2013-01-02,19.290000915527344,19.440000534057617,19.25,19.440000534057617,16.71376609802246,4800000,0.0
2013-01-03,19.4325008392334,19.469999313354492,19.332500457763672,19.387500762939453,16.668630599975586,3217200,0.0
2013-01-04,19.40999984741211,19.457500457763672,19.34749984741211,19.422500610351562,16.698726654052734,2346800,0.0
2013-01-07,19.357500076293945,19.399999618530273,19.315000534057617,19.38249969482422,16.66432762145996,1923600,0.0
2013-01-08,19.350000381469727,19.395000457763672,19.264999389648438,19.352500915527344,16.638534545898438,2125200,0.0
2013-01-09,19.385000228881836,19.452499389648438,19.36750030517578,19.40250015258789,16.681529998779297,4920000,0.0
2013-01-10,19.5049991607666,19.532499313354492,19.3799991607666,19.52750015258789,16.78899383544922,2176400,0.0
2013-01-11,19.520000457763672,19.552499771118164,19.485000610351562,19.545000076293945,16.804040908813477,1574400,0.0
2013-01-14,19.497499465942383,19.530000686645508,19.447500228881836,19.49250030517578,16.7589054107666,2542400,0.0
2013-01-15,19.40250015258789,19.482500076293945,19.372499465942383,19.450000762939453,16.722360610961914,1989600,0.0
2013-01-16,19.4375,19.517499923706055,19.420000076293945,19.485000610351562,16.752458572387695,2032400,0.0
2013-01-17,19.577499389648438,19.667499542236328,19.53499984741211,19.600000381469727,16.851333618164062,3167600,0.0
2013-01-18,19.579999923706055,19.642499923706055,19.497499465942383,19.627500534057617,16.874967575073242,2291600,0.0
2013-01-22,19.627500534057617,19.684999465942383,19.5575008392334,19.684999465942383,16.92440414428711,1248000,0.0
2013-01-23,19.717500686645508,19.767499923706055,19.690000534057617,19.747499465942383,16.978139877319336,5494400,0.0
2013-01-24,19.665000915527344,19.790000915527344,19.63249969482422,19.6825008392334,16.922260284423828,1844800,0.0
2013-01-25,19.732500076293945,19.795000076293945,19.6924991607666,19.774999618530273,17.001787185668945,1565600,0.0
2013-01-28,19.799999237060547,19.799999237060547,19.69499969482422,19.752500534057617,16.98244857788086,1456000,0.0
2013-01-29,19.700000762939453,19.842500686645508,19.65999984741211,19.809999465942383,17.03188133239746,2156400,0.0
2013-01-30,19.8075008392334,19.854999542236328,19.717500686645508,19.74250030517578,16.973848342895508,1612400,0.0
2013-01-31,19.727500915527344,19.799999237060547,19.670000076293945,19.6825008392334,16.922260284423828,2542800,0.0
2013-02-01,19.815000534057617,19.895000457763672,19.760000228881836,19.862499237060547,17.07701301574707,2606000,0.0
2013-02-04,19.760000228881836,19.790000915527344,19.612499237060547,19.627500534057617,16.874967575073242,2060800,0.0
2013-02-05,19.719999313354492,19.897499084472656,19.71500015258789,19.84000015258789,17.057668685913086,1907200,0.0
2013-02-06,19.799999237060547,19.885000228881836,19.782499313354492,19.852500915527344,17.068418502807617,1674800,0.0
2013-02-07,19.862499237060547,19.875,19.68000030517578,19.842500686645508,17.059814453125,1950800,0.0
2013-02-08,19.899999618530273,19.989999771118164,19.885000228881836,19.977500915527344,17.175886154174805,1532000,0.0
2013-02-11,19.967500686645508,19.987499237060547,19.922500610351562,19.967500686645508,17.16729164123535,1756400,0.0
2013-02-12,19.969999313354492,20.0049991607666,19.940000534057617,19.952499389648438,17.154388427734375,1291200,0.0
2013-02-13,20.0,20.040000915527344,19.912500381469727,19.977500915527344,17.175886154174805,1452000,0.0
2013-02-14,19.9325008392334,20.020000457763672,19.905000686645508,19.9950008392334,17.190935134887695,4564800,0.0
2013-02-15,20.017499923706055,20.05500030517578,19.9325008392334,20.0049991607666,17.19952964782715,1529600,0.0
2013-02-19,20.040000915527344,20.15250015258789,20.037500381469727,20.15250015258789,17.326343536376953,1680800,0.0
2013-02-20,20.135000228881836,20.142499923706055,19.889999389648438,19.889999389648438,17.100658416748047,1769200,0.0
2013-02-21,19.832500457763672,19.832500457763672,19.690000534057617,19.752500534057617,16.98244857788086,2803600,0.0
2013-02-22,19.84749984741211,19.9325008392334,19.790000915527344,19.9325008392334,17.137189865112305,1674000,0.0
2013-02-25,20.037500381469727,20.077499389648438,19.600000381469727,19.600000381469727,16.851333618164062,2005600,0.0
2013-02-26,19.674999237060547,19.760000228881836,19.575000762939453,19.74250030517578,16.973848342895508,3298800,0.0
2013-02-27,19.737499237060547,20.037500381469727,19.707500457763672,19.959999084472656,17.160839080810547,2504400,0.0
2013-02-28,19.96500015258789,20.094999313354492,19.915000915527344,19.915000915527344,17.122156143188477,10520800,0.0
2013-03-01,19.864999771118164,20.02750015258789,19.78499984741211,20.00749969482422,17.201675415039062,6012000,0.0
2013-03-04,19.962499618530273,20.104999542236328,19.9375,20.104999542236328,17.28550910949707,2874400,0.0
2013-03-05,20.207500457763672,20.357500076293945,20.204999923706055,20.3174991607666,17.468204498291016,2210000,0.0
2013-03-06,20.38249969482422,20.392499923706055,20.280000686645508,20.322500228881836,17.472503662109375,2572800,0.0
2013-03-07,20.342500686645508,20.372499465942383,20.309999465942383,20.350000381469727,17.49615478515625,1069200,0.0
2013-03-08,20.4325008392334,20.450000762939453,20.3125,20.417499542236328,17.554182052612305,2928400,0.0
2013-03-11,20.405000686645508,20.489999771118164,20.38249969482422,20.489999771118164,17.616514205932617,4040000,0.0
2013-03-12,20.47249984741211,20.485000610351562,20.3700008392334,20.427499771118164,17.56277847290039,2153200,0.0
2013-03-13,20.434999465942383,20.485000610351562,20.36750030517578,20.447500228881836,17.579975128173828,2559200,0.0
2013-03-14,20.512500762939453,20.547500610351562,20.482500076293945,20.540000915527344,17.659502029418945,1670400,0.0
2013-03-15,20.520000457763672,20.540000915527344,20.450000762939453,20.497499465942383,17.62296485900879,1516000,0.0
2013-03-18,20.30500030517578,20.4950008392334,20.290000915527344,20.422500610351562,17.55848503112793,2542000,0.0
2013-03-19,20.46500015258789,20.487499237060547,20.235000610351562,20.38249969482422,17.524093627929688,3826000,0.0
2013-03-20,20.5,20.5625,20.467500686645508,20.530000686645508,17.650907516479492,1780800,0.0
2013-03-21,20.392499923706055,20.462499618530273,20.309999465942383,20.34000015258789,17.487552642822266,2270800,0.0
2013-03-22,20.420000076293945,20.522499084472656,20.399999618530273,20.517499923706055,17.64016342163086,1913200,0.0
2013-03-25,20.510000228881836,20.53499984741211,20.280000686645508,20.36750030517578,17.58103370666504,3152400,0.0815
2013-03-26,20.4424991607666,20.542499542236328,20.434999465942383,20.540000915527344,17.72992706298828,2724800,0.0
2013-03-27,20.420000076293945,20.540000915527344,20.377500534057617,20.53499984741211,17.725614547729492,2466000,0.0
2013-03-28,20.517499923706055,20.625,20.4950008392334,20.594999313354492,17.777406692504883,1542800,0.0
2013-04-01,20.59749984741211,20.625,20.454999923706055,20.502500534057617,17.697555541992188,3063600,0.0
2013-04-02,20.577499389648438,20.667499542236328,20.549999237060547,20.6200008392334,17.798986434936523,2087200,0.0
2013-04-03,20.647499084472656,20.667499542236328,20.387500762939453,20.44499969482422,17.647924423217773,1466000,0.0
2013-04-04,20.469999313354492,20.547500610351562,20.405000686645508,20.49250030517578,17.68893814086914,1836000,0.0
2013-04-05,20.24250030517578,20.3799991607666,20.200000762939453,20.372499465942383,17.585344314575195,2045200,0.0
2013-04-08,20.377500534057617,20.5049991607666,20.322500228881836,20.497499465942383,17.693248748779297,1258400,0.0
2013-04-09,20.540000915527344,20.63249969482422,20.469999313354492,20.565000534057617,17.751506805419922,1935600,0.0
2013-04-10,20.6200008392334,20.8700008392334,20.612499237060547,20.852500915527344,17.999679565429688,2085200,0.0
2013-04-11,20.844999313354492,20.977500915527344,20.825000762939453,20.924999237060547,18.06226348876953,1470000,0.0
2013-04-12,20.862499237060547,20.90999984741211,20.774999618530273,20.897499084472656,18.03851890563965,1530800,0.0
2013-04-15,20.8075008392334,20.827499389648438,20.424999237060547,20.424999237060547,17.630666732788086,2318400,0.0
2013-04-16,20.5674991607666,20.75749969482422,20.552499771118164,20.75,17.911203384399414,1860000,0.0
2013-04-17,20.577499389648438,20.584999084472656,20.334999084472656,20.447500228881836,17.650081634521484,1819600,0.0
2013-04-18,20.485000610351562,20.485000610351562,20.202499389648438,20.267499923706055,17.494712829589844,1880000,0.0
2013-04-19,20.315000534057617,20.49250030517578,20.299999237060547,20.475000381469727,17.673826217651367,1265200,0.0
2013-04-22,20.530000686645508,20.65250015258789,20.417499542236328,20.614999771118164,17.794666290283203,1054000,0.0
2013-04-23,20.729999542236328,20.852500915527344,20.614999771118164,20.832500457763672,17.982412338256836,1948400,0.0
2013-04-24,20.8125,20.872499465942383,20.762500762939453,20.77750015258789,17.934940338134766,1419200,0.0
2013-04-25,20.842500686645508,20.94499969482422,20.829999923706055,20.862499237060547,18.00830841064453,7672400,0.0
2013-04-26,20.84000015258789,20.872499465942383,20.760000228881836,20.822500228881836,17.973779678344727,1779200,0.0
2013-04-29,20.892499923706055,21.024999618530273,20.864999771118164,20.975000381469727,18.105417251586914,1398000,0.0
2013-04-30,20.982500076293945,21.040000915527344,20.887500762939453,21.012500762939453,18.137786865234375,4782800,0.0
2013-05-01,20.989999771118164,21.002500534057617,20.837499618530273,20.86750030517578,18.012624740600586,3559200,0.0
2013-05-02,20.922500610351562,21.110000610351562,20.905000686645508,21.075000762939453,18.191740036010742,1654800,0.0
2013-05-03,21.270000457763672,21.362499237060547,21.235000610351562,21.30500030517578,18.390275955200195,2022800,0.0
2013-05-06,21.329999923706055,21.387500762939453,21.30500030517578,21.360000610351562,18.437744140625,1538000,0.0
2013-05-07,21.40999984741211,21.457500457763672,21.332500457763672,21.450000762939453,18.51543426513672,3910800,0.0
2013-05-08,21.417499542236328,21.547500610351562,21.417499542236328,21.542499542236328,18.595277786254883,1440000,0.0
2013-05-09,21.540000915527344,21.622499465942383,21.462499618530273,21.514999389648438,18.571544647216797,2325600,0.0
2013-05-10,21.530000686645508,21.614999771118164,21.489999771118164,21.614999771118164,18.657865524291992,1724000,0.0
2013-05-13,21.582500457763672,21.677499771118164,21.547500610351562,21.63249969482422,18.67296600341797,1636400,0.0
2013-05-14,21.635000228881836,21.844999313354492,21.635000228881836,21.829999923706055,18.843446731567383,1820800,0.0
2013-05-15,21.782499313354492,21.96500015258789,21.774999618530273,21.9325008392334,18.931922912597656,3230000,0.0
2013-05-16,21.899999618530273,21.959999084472656,21.795000076293945,21.825000762939453,18.83913230895996,1660000,0.0
2013-05-17,21.912500381469727,22.014999389648438,21.860000610351562,22.012500762939453,19.000980377197266,2003600,0.0
2013-05-20,21.985000610351562,22.065000534057617,21.927499771118164,21.967500686645508,18.96213150024414,1388400,0.0
2013-05-21,21.977500915527344,22.094999313354492,21.907499313354492,22.02750015258789,19.0139217376709,1518400,0.0
2013-05-22,22.05500030517578,22.272499084472656,21.7549991607666,21.837499618530273,18.84992218017578,3292800,0.0
2013-05-23,21.614999771118164,21.852500915527344,21.594999313354492,21.774999618530273,18.795976638793945,2143200,0.0
2013-05-24,21.662500381469727,21.772499084472656,21.594999313354492,21.764999389648438,18.787334442138672,1498800,0.0
2013-05-28,22.020000457763672,22.104999542236328,21.834999084472656,21.892499923706055,18.897388458251953,1864000,0.0
2013-05-29,21.790000915527344,21.799999237060547,21.6200008392334,21.700000762939453,18.73123550415039,5085600,0.0
2013-05-30,21.732500076293945,21.889999389648438,21.719999313354492,21.787500381469727,18.806758880615234,1626000,0.0
2013-05-31,21.739999771118164,21.854999542236328,21.469999313354492,21.497499465942383,18.55643653869629,2341600,0.0
2013-06-03,21.5674991607666,21.6200008392334,21.387500762939453,21.600000381469727,18.64491081237793,1444800,0.0
2013-06-04,21.639999389648438,21.717500686645508,21.399999618530273,21.497499465942383,18.55643653869629,1278000,0.0
2013-06-05,21.4325008392334,21.497499465942383,21.1825008392334,21.184999465942383,18.28668975830078,2034400,0.0
2013-06-06,21.1825008392334,21.372499465942383,21.052499771118164,21.3700008392334,18.446386337280273,1504000,0.0
2013-06-07,21.5049991607666,21.65999984741211,21.4375,21.647499084472656,18.685916900634766,1531200,0.0
2013-06-10,21.72249984741211,21.72249984741211,21.587499618530273,21.622499465942383,18.66433334350586,1185600,0.0
2013-06-11,21.440000534057617,21.607500076293945,21.352500915527344,21.415000915527344,18.48522186279297,2818800,0.0
2013-06-12,21.5674991607666,21.579999923706055,21.200000762939453,21.217500686645508,18.314746856689453,1071600,0.0
2013-06-13,21.21500015258789,21.565000534057617,21.15250015258789,21.530000686645508,18.58449363708496,1037600,0.0
2013-06-14,21.487499237060547,21.579999923706055,21.385000228881836,21.422500610351562,18.49169921875,990000,0.0
2013-06-17,21.549999237060547,21.674999237060547,21.462499618530273,21.577499389648438,18.62548828125,2008000,0.0
2013-06-18,21.577499389648438,21.772499084472656,21.577499389648438,21.739999771118164,18.765762329101562,2118800,0.0
2013-06-19,21.735000610351562,21.772499084472656,21.450000762939453,21.450000762939453,18.51543426513672,2376000,0.0
2013-06-20,21.260000228881836,21.274999618530273,20.857500076293945,20.90250015258789,18.0428409576416,3395200,0.0
2013-06-21,21.032499313354492,21.0575008392334,20.75,20.962499618530273,18.09463119506836,4071600,0.0
2013-06-24,20.75749969482422,20.875,20.532499313354492,20.69499969482422,17.863725662231445,2548800,0.0
2013-06-25,20.90250015258789,20.952499389648438,20.7450008392334,20.88249969482422,18.025575637817383,2048000,0.0
2013-06-26,20.96500015258789,21.052499771118164,20.90999984741211,21.010000228881836,18.207128524780273,2164400,0.082
2013-06-27,21.145000457763672,21.21500015258789,21.100000381469727,21.104999542236328,18.28945541381836,1994800,0.0
2013-06-28,21.047500610351562,21.162500381469727,20.959999084472656,21.002500534057617,18.200632095336914,1970800,0.0
2013-07-01,21.162500381469727,21.3174991607666,21.137500762939453,21.155000686645508,18.33278465270996,2085600,0.0
2013-07-02,21.149999618530273,21.302499771118164,21.079999923706055,21.177499771118164,18.352279663085938,1487600,0.0
2013-07-03,21.092500686645508,21.280000686645508,21.072500228881836,21.209999084472656,18.380449295043945,801200,0.0
2013-07-05,21.360000610351562,21.424999237060547,21.204999923706055,21.417499542236328,18.56026268005371,1228000,0.0
2013-07-08,21.517499923706055,21.579999923706055,21.459999084472656,21.49250030517578,18.625255584716797,1398800,0.0
2013-07-09,21.627500534057617,21.684999465942383,21.545000076293945,21.657499313354492,18.768247604370117,1149200,0.0
2013-07-10,21.645000457763672,21.75,21.612499237060547,21.690000534057617,18.79640769958496,1761600,0.0
2013-07-11,21.922500610351562,22.032499313354492,21.90250015258789,22.024999618530273,19.086711883544922,1734000,0.0
2013-07-12,22.0,22.079999923706055,21.967500686645508,22.0575008392334,19.114885330200195,1085600,0.0
2013-07-15,22.102500915527344,22.114999771118164,22.047500610351562,22.084999084472656,19.13871955871582,1230400,0.0
2013-07-16,22.082500457763672,22.102500915527344,21.967500686645508,22.017499923706055,19.080215454101562,1471200,0.0
2013-07-17,22.094999313354492,22.127500534057617,22.045000076293945,22.079999923706055,19.134380340576172,1338800,0.0
2013-07-18,22.077499389648438,22.1924991607666,22.065000534057617,22.13249969482422,19.179872512817383,1752400,0.0
2013-07-19,22.06999969482422,22.127500534057617,22.024999618530273,22.125,19.173383712768555,1130000,0.0
2013-07-22,22.174999237060547,22.197500228881836,22.102500915527344,22.165000915527344,19.20804214477539,964000,0.0
2013-07-23,22.21500015258789,22.21500015258789,22.077499389648438,22.084999084472656,19.13871955871582,948400,0.0
2013-07-24,22.212499618530273,22.219999313354492,22.017499923706055,22.0625,19.119218826293945,814800,0.0
2013-07-25,22.037500381469727,22.135000228881836,21.99250030517578,22.127500534057617,19.17554473876953,1047200,0.0
2013-07-26,22.037500381469727,22.167499542236328,21.950000762939453,22.15999984741211,19.20370864868164,704800,0.0
2013-07-29,22.104999542236328,22.165000915527344,22.037500381469727,22.09749984741211,19.14954376220703,890000,0.0
2013-07-30,22.147499084472656,22.19499969482422,22.075000762939453,22.135000228881836,19.182043075561523,960800,0.0
2013-07-31,22.174999237060547,22.264999389648438,22.094999313354492,22.112499237060547,19.162555694580078,1806400,0.0
2013-08-01,22.292499542236328,22.389999389648438,22.264999389648438,22.350000381469727,19.36836051940918,1493600,0.0
2013-08-02,22.327499389648438,22.422500610351562,22.302499771118164,22.420000076293945,19.42902374267578,1364400,0.0
2013-08-05,22.387500762939453,22.427499771118164,22.350000381469727,22.407499313354492,19.418188095092773,1032800,0.0
2013-08-06,22.364999771118164,22.377500534057617,22.235000610351562,22.3125,19.33586883544922,940400,0.0
2013-08-07,22.247499465942383,22.262500762939453,22.135000228881836,22.219999313354492,19.255701065063477,847200,0.0
2013-08-08,22.344999313354492,22.357500076293945,22.190000534057617,22.299999237060547,19.32502555847168,844400,0.0
2013-08-09,22.25,22.334999084472656,22.172500610351562,22.22249984741211,19.257871627807617,1178000,0.0
2013-08-12,22.127500534057617,22.247499465942383,22.094999313354492,22.21500015258789,19.251380920410156,5237600,0.0
2013-08-13,22.274999618530273,22.334999084472656,22.122499465942383,22.3075008392334,19.331531524658203,4413200,0.0
2013-08-14,22.3075008392334,22.334999084472656,22.18000030517578,22.1924991607666,19.23186492919922,688000,0.0
2013-08-15,22.002500534057617,22.0049991607666,21.822500228881836,21.857500076293945,18.941566467285156,1546400,0.0
2013-08-16,21.834999084472656,21.899999618530273,21.762500762939453,21.799999237060547,18.89173698425293,864800,0.0
2013-08-19,21.770000457763672,21.895000457763672,21.71500015258789,21.71500015258789,18.818073272705078,1638000,0.0
2013-08-20,21.7549991607666,21.889999389648438,21.739999771118164,21.795000076293945,18.887401580810547,1086800,0.0
2013-08-21,21.739999771118164,21.892499923706055,21.649999618530273,21.700000762939453,18.805076599121094,1333200,0.0
2013-08-22,21.760000228881836,21.922500610351562,21.760000228881836,21.897499084472656,18.976234436035156,1004400,0.0
2013-08-23,21.97249984741211,21.982500076293945,21.860000610351562,21.957500457763672,19.028215408325195,1756800,0.0
2013-08-26,21.989999771118164,22.082500457763672,21.899999618530273,21.907499313354492,18.984893798828125,1342400,0.0
2013-08-27,21.700000762939453,21.772499084472656,21.532499313354492,21.5625,18.6859188079834,1968000,0.0
2013-08-28,21.5575008392334,21.702499389648438,21.522499084472656,21.6299991607666,18.744409561157227,1696800,0.0
2013-08-29,21.587499618530273,21.795000076293945,21.577499389648438,21.677499771118164,18.785572052001953,980000,0.0
2013-08-30,21.719999313354492,21.719999313354492,21.540000915527344,21.592500686645508,18.711917877197266,1374000,0.0
2013-09-03,21.792499542236328,21.862499237060547,21.6299991607666,21.71500015258789,18.818073272705078,2704800,0.0
2013-09-04,21.727500915527344,21.959999084472656,21.700000762939453,21.93000030517578,19.00439453125,1214000,0.0
2013-09-05,21.9424991607666,22.0,21.917499542236328,21.93000030517578,19.00439453125,1054800,0.0
2013-09-06,21.997499465942383,22.0674991607666,21.7450008392334,21.9375,19.010894775390625,1049200,0.0
2013-09-09,22.00749969482422,22.18000030517578,22.00749969482422,22.172500610351562,19.21454429626465,1149200,0.0
2013-09-10,22.297500610351562,22.30500030517578,22.235000610351562,22.292499542236328,19.318531036376953,2565200,0.0
2013-09-11,22.239999771118164,22.34749984741211,22.209999084472656,22.34749984741211,19.366191864013672,1199600,0.0
2013-09-12,22.34749984741211,22.38249969482422,22.290000915527344,22.3174991607666,19.340192794799805,1083600,0.0
2013-09-13,22.334999084472656,22.3700008392334,22.27750015258789,22.352500915527344,19.370532989501953,1301600,0.0
2013-09-16,22.59749984741211,22.59749984741211,22.422500610351562,22.450000762939453,19.45502281188965,1508800,0.0
2013-09-17,22.477500915527344,22.572500228881836,22.47249984741211,22.559999465942383,19.550344467163086,1462400,0.0
2013-09-18,22.552499771118164,22.905000686645508,22.522499084472656,22.864999771118164,19.814661026000977,2640400,0.0
2013-09-19,22.9375,22.940000534057617,22.829999923706055,22.86750030517578,19.816831588745117,1390000,0.0
2013-09-20,22.897499084472656,22.90250015258789,22.72249984741211,22.732500076293945,19.699825286865234,1637600,0.0
2013-09-23,22.729999542236328,22.760000228881836,22.5625,22.622499465942383,19.604509353637695,1564800,0.0
2013-09-24,22.530000686645508,22.61750030517578,22.44499969482422,22.4950008392334,19.571880340576172,1776400,0.09
2013-09-25,22.489999771118164,22.512500762939453,22.375,22.40250015258789,19.49140167236328,1682000,0.0
2013-09-26,22.462499618530273,22.559999465942383,22.4325008392334,22.517499923706055,19.591459274291992,1586400,0.0
2013-09-27,22.412500381469727,22.469999313354492,22.357500076293945,22.450000762939453,19.532733917236328,9886000,0.0
2013-09-30,22.237499237060547,22.40250015258789,22.209999084472656,22.34000015258789,19.437021255493164,2750000,0.0
2013-10-01,22.36750030517578,22.542499542236328,22.34000015258789,22.53499984741211,19.6066837310791,4280000,0.0
2013-10-02,22.395000457763672,22.50749969482422,22.327499389648438,22.5049991607666,19.58057975769043,2148800,0.0
2013-10-03,22.489999771118164,22.489999771118164,22.1875,22.290000915527344,19.39352798461914,2652400,0.0
2013-10-04,22.315000534057617,22.482500076293945,22.27750015258789,22.452499389648438,19.534900665283203,1233600,0.0
2013-10-07,22.272499084472656,22.405000686645508,22.25,22.252500534057617,19.36089324951172,2553200,0.0
2013-10-08,22.264999389648438,22.264999389648438,21.934999465942383,21.94499969482422,19.093355178833008,2240800,0.0
2013-10-09,22.00749969482422,22.012500762939453,21.787500381469727,21.920000076293945,19.071598052978516,2088000,0.0
2013-10-10,22.167499542236328,22.40999984741211,22.139999389648438,22.397499084472656,19.487045288085938,1811200,0.0
2013-10-11,22.377500534057617,22.552499771118164,22.352500915527344,22.552499771118164,19.62190818786621,1703600,0.0
2013-10-14,22.395000457763672,22.6825008392334,22.3799991607666,22.677499771118164,19.73065948486328,1216000,0.0
2013-10-15,22.6200008392334,22.6825008392334,22.5,22.50749969482422,19.582754135131836,1712800,0.0
2013-10-16,22.65999984741211,22.825000762939453,22.63249969482422,22.809999465942383,19.845949172973633,1429200,0.0
2013-10-17,22.747499465942383,22.979999542236328,22.709999084472656,22.96500015258789,19.980806350708008,2712800,0.0
2013-10-18,23.09000015258789,23.18000030517578,23.020000457763672,23.157499313354492,20.148286819458008,1898800,0.0
2013-10-21,23.204999923706055,23.209999084472656,23.11750030517578,23.18000030517578,20.167869567871094,1270000,0.0
2013-10-22,23.247499465942383,23.36750030517578,23.18000030517578,23.299999237060547,20.27227020263672,1218800,0.0
2013-10-23,23.219999313354492,23.252500534057617,23.11750030517578,23.219999313354492,20.202665328979492,915200,0.0
2013-10-24,23.264999389648438,23.337499618530273,23.225000381469727,23.302499771118164,20.27444839477539,1338400,0.0
2013-10-25,23.354999542236328,23.422500610351562,23.302499771118164,23.422500610351562,20.378860473632812,1161600,0.0
2013-10-28,23.407499313354492,23.4950008392334,23.3799991607666,23.462499618530273,20.41365623474121,1812400,0.0
2013-10-29,23.50749969482422,23.577499389648438,23.46500015258789,23.577499389648438,20.51371192932129,1774800,0.0
2013-10-30,23.6200008392334,23.625,23.377500534057617,23.457500457763672,20.40930938720703,1291200,0.0
2013-10-31,23.434999465942383,23.552499771118164,23.3799991607666,23.395000457763672,20.354921340942383,1884000,0.0
2013-11-01,23.475000381469727,23.52750015258789,23.34000015258789,23.450000762939453,20.402786254882812,2378400,0.0
2013-11-04,23.537500381469727,23.545000076293945,23.440000534057617,23.514999389648438,20.45933723449707,1854000,0.0
2013-11-05,23.440000534057617,23.517499923706055,23.354999542236328,23.475000381469727,20.424528121948242,2540400,0.0
2013-11-06,23.587499618530273,23.612499237060547,23.469999313354492,23.545000076293945,20.485445022583008,1399600,0.0
2013-11-07,23.56999969482422,23.607500076293945,23.200000762939453,23.212499618530273,20.196138381958008,1625600,0.0
2013-11-08,23.260000228881836,23.514999389648438,23.204999923706055,23.5049991607666,20.450632095336914,4058800,0.0
2013-11-11,23.5,23.5575008392334,23.469999313354492,23.522499084472656,20.465858459472656,1210000,0.0
2013-11-12,23.479999542236328,23.545000076293945,23.434999465942383,23.522499084472656,20.465858459472656,1679600,0.0
2013-11-13,23.392499923706055,23.719999313354492,23.392499923706055,23.712499618530273,20.63117218017578,1447200,0.0
2013-11-14,23.732500076293945,23.872499465942383,23.725000381469727,23.857500076293945,20.7573299407959,1505200,0.0
2013-11-15,23.872499465942383,23.957500457763672,23.854999542236328,23.952499389648438,20.839990615844727,1969200,0.0
2013-11-18,23.9950008392334,24.017499923706055,23.795000076293945,23.844999313354492,20.746458053588867,1495600,0.0
2013-11-19,23.822500228881836,23.895000457763672,23.74250030517578,23.780000686645508,20.689903259277344,4138000,0.0
2013-11-20,23.815000534057617,23.887500762939453,23.63249969482422,23.700000762939453,20.62029266357422,1486400,0.0
2013-11-21,23.75749969482422,23.899999618530273,23.7450008392334,23.895000457763672,20.789958953857422,942000,0.0
2013-11-22,23.920000076293945,24.014999389648438,23.887500762939453,24.014999389648438,20.894363403320312,2945200,0.0
2013-11-25,24.065000534057617,24.06999969482422,23.977500915527344,24.0,20.881309509277344,1443200,0.0
2013-11-26,24.030000686645508,24.1299991607666,23.982500076293945,24.0625,20.935693740844727,942000,0.0
2013-11-27,24.092500686645508,24.145000457763672,24.0674991607666,24.139999389648438,21.003116607666016,1018800,0.0
2013-11-29,24.184999465942383,24.235000610351562,24.02750015258789,24.02750015258789,20.905244827270508,2898800,0.0
2013-12-02,24.147499084472656,24.1875,24.040000915527344,24.0674991607666,20.94003677368164,1454000,0.0
2013-12-03,24.002500534057617,24.0575008392334,23.905000686645508,23.989999771118164,20.87261199951172,3275200,0.0
2013-12-04,23.899999618530273,24.0625,23.792499542236328,23.982500076293945,20.866092681884766,1818400,0.0
2013-12-05,23.969999313354492,24.010000228881836,23.90250015258789,23.922500610351562,20.81388282775879,2235200,0.0
2013-12-06,24.145000457763672,24.204999923706055,24.06999969482422,24.18000030517578,21.037927627563477,2121600,0.0
2013-12-09,24.25749969482422,24.264999389648438,24.19499969482422,24.225000381469727,21.077070236206055,1238000,0.0
2013-12-10,24.15999984741211,24.219999313354492,24.11750030517578,24.142499923706055,21.005298614501953,2548000,0.0
2013-12-11,24.172500610351562,24.184999465942383,23.8700008392334,23.90250015258789,20.796480178833008,1456400,0.0
2013-12-12,23.892499923706055,23.922500610351562,23.764999389648438,23.799999237060547,20.707298278808594,1559600,0.0
2013-12-13,23.897499084472656,23.897499084472656,23.760000228881836,23.802499771118164,20.70948028564453,1544800,0.0
2013-12-16,23.912500381469727,24.032499313354492,23.895000457763672,23.940000534057617,20.82910919189453,1090800,0.0
2013-12-17,23.967500686645508,23.967500686645508,23.81999969482422,23.885000228881836,20.7812557220459,1482000,0.0
2013-12-18,23.9325008392334,24.292499542236328,23.674999237060547,24.28499984741211,21.129276275634766,2096400,0.0
2013-12-19,24.21500015258789,24.292499542236328,24.170000076293945,24.264999389648438,21.111879348754883,2340800,0.0
2013-12-20,24.3125,24.487499237060547,24.297500610351562,24.434999465942383,21.259780883789062,3247200,0.0
2013-12-23,24.469999313354492,24.469999313354492,24.385000228881836,24.469999313354492,21.38101577758789,2178800,0.10375
2013-12-24,24.482500076293945,24.512500762939453,24.452499389648438,24.512500762939453,21.41815185546875,668400,0.0
2013-12-26,24.56999969482422,24.63249969482422,24.53499984741211,24.625,21.516454696655273,1234800,0.0
2013-12-27,24.672500610351562,24.6825008392334,24.565000534057617,24.577499389648438,21.474946975708008,1373200,0.0
2013-12-30,24.592500686645508,24.59749984741211,24.532499313354492,24.572500228881836,21.4705810546875,1244000,0.0
2013-12-31,24.600000381469727,24.700000762939453,24.600000381469727,24.6875,21.571060180664062,2180800,0.0
2014-01-02,24.610000610351562,24.610000610351562,24.399999618530273,24.479999542236328,21.389755249023438,8732800,0.0
2014-01-03,24.532499313354492,24.552499771118164,24.40999984741211,24.422500610351562,21.339513778686523,6078000,0.0
2014-01-06,24.4950008392334,24.4950008392334,24.292499542236328,24.34000015258789,21.26742935180664,12090400,0.0
2014-01-07,24.454999923706055,24.559999465942383,24.434999465942383,24.52750015258789,21.431262969970703,2559600,0.0
2014-01-08,24.52750015258789,24.612499237060547,24.462499618530273,24.572500228881836,21.4705810546875,2719600,0.0
2014-01-09,24.627500534057617,24.662500381469727,24.462499618530273,24.55500030517578,21.455293655395508,2108400,0.0
2014-01-10,24.6200008392334,24.657499313354492,24.482500076293945,24.63249969482422,21.52300453186035,2587600,0.0
2014-01-13,24.587499618530273,24.657499313354492,24.235000610351562,24.292499542236328,21.225921630859375,2714000,0.0
2014-01-14,24.362499237060547,24.63249969482422,24.334999084472656,24.622499465942383,21.514272689819336,1692400,0.0
2014-01-15,24.670000076293945,24.78499984741211,24.662500381469727,24.7549991607666,21.630041122436523,2019600,0.0
2014-01-16,24.712499618530273,24.75,24.657499313354492,24.732500076293945,21.610383987426758,1351600,0.0
2014-01-17,24.700000762939453,24.747499465942383,24.592500686645508,24.635000228881836,21.525192260742188,2783200,0.0
2014-01-21,24.797500610351562,24.827499389648438,24.59000015258789,24.7549991607666,21.630041122436523,1774800,0.0
2014-01-22,24.8125,24.832500457763672,24.737499237060547,24.815000534057617,21.682477951049805,1474000,0.0
2014-01-23,24.71500015258789,24.71500015258789,24.477500915527344,24.604999542236328,21.49897575378418,3410400,0.0
2014-01-24,24.459999084472656,24.487499237060547,24.0674991607666,24.072500228881836,21.033710479736328,4128000,0.0
2014-01-27,24.112499237060547,24.142499923706055,23.764999389648438,23.905000686645508,20.887344360351562,5500800,0.0
2014-01-28,23.9325008392334,24.040000915527344,23.8700008392334,24.017499923706055,20.985641479492188,3149200,0.0
2014-01-29,23.80500030517578,23.912500381469727,23.68000030517578,23.74250030517578,20.745351791381836,3851600,0.0
2014-01-30,23.985000610351562,24.149999618530273,23.9424991607666,24.06999969482422,21.031517028808594,3031600,0.0
2014-01-31,23.815000534057617,24.112499237060547,23.780000686645508,23.962499618530273,20.937585830688477,3100400,0.0
2014-02-03,23.954999923706055,24.00749969482422,23.357500076293945,23.399999618530273,20.446090698242188,5635200,0.0
2014-02-04,23.517499923706055,23.677499771118164,23.450000762939453,23.61750030517578,20.636140823364258,3612000,0.0
2014-02-05,23.545000076293945,23.647499084472656,23.352500915527344,23.572500228881836,20.5968074798584,4617200,0.0
2014-02-06,23.649999618530273,23.905000686645508,23.649999618530273,23.897499084472656,20.88079261779785,3115600,0.0
2014-02-07,24.037500381469727,24.282499313354492,23.97249984741211,24.264999389648438,21.201900482177734,2946000,0.0
2014-02-10,24.272499084472656,24.350000381469727,24.225000381469727,24.337499618530273,21.265241622924805,1675600,0.0
2014-02-11,24.364999771118164,24.657499313354492,24.352500915527344,24.59749984741211,21.492429733276367,3221600,0.0
2014-02-12,24.657499313354492,24.709999084472656,24.575000762939453,24.627500534057617,21.518644332885742,3584400,0.0
2014-02-13,24.459999084472656,24.80500030517578,24.459999084472656,24.78499984741211,21.65625762939453,2494800,0.0
2014-02-14,24.75749969482422,24.912500381469727,24.717500686645508,24.86750030517578,21.72834014892578,2194000,0.0
2014-02-18,24.907499313354492,24.96500015258789,24.825000762939453,24.927499771118164,21.780771255493164,3738000,0.0
2014-02-19,24.84749984741211,25.0,24.72249984741211,24.75749969482422,21.632225036621094,2814400,0.0
2014-02-20,24.762500762939453,24.950000762939453,24.6875,24.892499923706055,21.75018310546875,2388400,0.0
2014-02-21,24.975000381469727,25.030000686645508,24.875,24.895000457763672,21.752363204956055,1962800,0.0
2014-02-24,24.924999237060547,25.177499771118164,24.924999237060547,25.040000915527344,21.87906837463379,4142000,0.0
2014-02-25,25.0049991607666,25.122499465942383,24.93000030517578,25.022499084472656,21.8637752532959,3105600,0.0
2014-02-26,25.077499389648438,25.142499923706055,24.934999465942383,25.010000228881836,21.852853775024414,3162800,0.0
2014-02-27,24.962499618530273,25.177499771118164,24.962499618530273,25.172500610351562,21.994842529296875,2216400,0.0
2014-02-28,25.162500381469727,25.352500915527344,25.032499313354492,25.212499618530273,22.029788970947266,3768400,0.0
2014-03-03,24.9950008392334,25.082500457763672,24.844999313354492,25.022499084472656,21.8637752532959,4228000,0.0
2014-03-04,25.272499084472656,25.459999084472656,25.272499084472656,25.424999237060547,22.215465545654297,11798000,0.0
2014-03-05,25.424999237060547,25.467500686645508,25.385000228881836,25.395000457763672,22.189258575439453,4325600,0.0
2014-03-06,25.497499465942383,25.53499984741211,25.412500381469727,25.450000762939453,22.237314224243164,2581200,0.0
2014-03-07,25.532499313354492,25.55500030517578,25.3125,25.412500381469727,22.20454216003418,2810800,0.0
2014-03-10,25.392499923706055,25.424999237060547,25.262500762939453,25.40250015258789,22.195804595947266,6475600,0.0
2014-03-11,25.457500457763672,25.510000228881836,25.239999771118164,25.3075008392334,22.112802505493164,3077200,0.0
2014-03-12,25.1825008392334,25.309999465942383,25.09000015258789,25.302499771118164,22.108423233032227,2948800,0.0
2014-03-13,25.375,25.395000457763672,24.892499923706055,24.969999313354492,21.817899703979492,6246800,0.0
2014-03-14,24.9325008392334,25.042499542236328,24.862499237060547,24.875,21.734899520874023,3620400,0.0
2014-03-17,25.017499923706055,25.197500228881836,25.010000228881836,25.1200008392334,21.94896697998047,3157200,0.0
2014-03-18,25.1924991607666,25.364999771118164,25.15999984741211,25.337499618530273,22.139007568359375,3517600,0.0
2014-03-19,25.352500915527344,25.364999771118164,25.012500762939453,25.157499313354492,21.981733322143555,4487600,0.0
2014-03-20,25.127500534057617,25.290000915527344,25.037500381469727,25.25749969482422,22.06911277770996,3562400,0.0
2014-03-21,25.392499923706055,25.422500610351562,25.065000534057617,25.107500076293945,21.938051223754883,3657200,0.0
2014-03-24,25.212499618530273,25.225000381469727,24.80500030517578,24.9424991607666,21.793872833251953,4861600,0.0
2014-03-25,24.969999313354492,25.094999313354492,24.795000076293945,24.950000762939453,21.871450424194336,7217600,0.081
2014-03-26,25.065000534057617,25.092500686645508,24.719999313354492,24.719999313354492,21.66983413696289,4355200,0.0
2014-03-27,24.719999313354492,24.762500762939453,24.517499923706055,24.6299991607666,21.5909423828125,5839600,0.0
2014-03-28,24.717500686645508,24.90250015258789,24.670000076293945,24.732500076293945,21.680788040161133,2146400,0.0
2014-03-31,24.905000686645508,25.0,24.885000228881836,24.959999084472656,21.880220413208008,4304000,0.0
2014-04-01,25.012500762939453,25.1924991607666,25.012500762939453,25.174999237060547,22.068687438964844,10864800,0.0
2014-04-02,25.225000381469727,25.299999237060547,25.19499969482422,25.267499923706055,22.14977264404297,4533200,0.0
2014-04-03,25.31999969482422,25.31999969482422,25.079999923706055,25.1825008392334,22.075267791748047,4770800,0.0
2014-04-04,25.350000381469727,25.350000381469727,24.719999313354492,24.767499923706055,21.711471557617188,3730400,0.0
2014-04-07,24.655000686645508,24.752500534057617,24.36750030517578,24.462499618530273,21.444108963012695,4310400,0.0
2014-04-08,24.457500457763672,24.600000381469727,24.34000015258789,24.5575008392334,21.527379989624023,1576800,0.0
2014-04-09,24.63249969482422,24.922500610351562,24.584999084472656,24.917499542236328,21.84296417236328,1452400,0.0
2014-04-10,24.905000686645508,24.924999237060547,24.2450008392334,24.290000915527344,21.292898178100586,3022800,0.0
2014-04-11,24.15999984741211,24.329999923706055,24.0,24.020000457763672,21.05620574951172,4906800,0.0
2014-04-14,24.225000381469727,24.30500030517578,24.012500762939453,24.225000381469727,21.235902786254883,2970400,0.0
2014-04-15,24.280000686645508,24.4375,23.969999313354492,24.392499923706055,21.382732391357422,4902400,0.0
2014-04-16,24.55500030517578,24.69499969482422,24.457500457763672,24.69499969482422,21.647920608520508,5176000,0.0
2014-04-17,24.649999618530273,24.797500610351562,24.584999084472656,24.72249984741211,21.672035217285156,5713600,0.0
2014-04-21,24.737499237060547,24.862499237060547,24.69499969482422,24.852500915527344,21.785995483398438,2229200,0.0
2014-04-22,24.934999465942383,25.082500457763672,24.90250015258789,25.00749969482422,21.921857833862305,2732800,0.0
2014-04-23,25.042499542236328,25.042499542236328,24.889999389648438,24.90999984741211,21.83639144897461,2837600,0.0
2014-04-24,25.077499389648438,25.104999542236328,24.81999969482422,24.969999313354492,21.88898277282715,3164000,0.0
2014-04-25,24.8799991607666,24.899999618530273,24.649999618530273,24.709999084472656,21.66106605529785,3144000,0.0
2014-04-28,24.815000534057617,24.934999465942383,24.4950008392334,24.78499984741211,21.726810455322266,12322000,0.0
2014-04-29,24.872499465942383,24.962499618530273,24.782499313354492,24.912500381469727,21.838573455810547,2157200,0.0
2014-04-30,24.86750030517578,25.032499313354492,24.825000762939453,25.0,21.915281295776367,3939600,0.0
2014-05-01,24.989999771118164,25.139999389648438,24.954999923706055,25.047500610351562,21.956918716430664,2253600,0.0
2014-05-02,25.079999923706055,25.139999389648438,24.969999313354492,25.00749969482422,21.921857833862305,3482000,0.0
2014-05-05,24.927499771118164,25.13249969482422,24.822500228881836,25.112499237060547,22.01390838623047,2534800,0.0
2014-05-06,25.087499618530273,25.092500686645508,24.875,24.885000228881836,21.814470291137695,2377200,0.0
2014-05-07,24.9375,24.985000610351562,24.677499771118164,24.957500457763672,21.878028869628906,3410400,0.0
2014-05-08,24.922500610351562,25.145000457763672,24.837499618530273,24.922500610351562,21.847349166870117,2904800,0.0
2014-05-09,24.899999618530273,24.997499465942383,24.780000686645508,24.9950008392334,21.910905838012695,2344400,0.0
2014-05-12,25.100000381469727,25.290000915527344,25.100000381469727,25.27750015258789,22.158544540405273,16023600,0.0
2014-05-13,25.334999084472656,25.389999389648438,25.267499923706055,25.295000076293945,22.173879623413086,3276800,0.0
2014-05-14,25.262500762939453,25.295000076293945,25.122499465942383,25.162500381469727,22.057735443115234,3278800,0.0
2014-05-15,25.114999771118164,25.114999771118164,24.78499984741211,24.93000030517578,21.853918075561523,4100400,0.0
2014-05-16,24.962499618530273,25.0575008392334,24.827499389648438,25.0575008392334,21.965688705444336,1832000,0.0
2014-05-19,25.010000228881836,25.204999923706055,24.975000381469727,25.1875,22.079648971557617,1582800,0.0
2014-05-20,25.170000076293945,25.18000030517578,24.954999923706055,25.030000686645508,21.941587448120117,1380400,0.0
2014-05-21,25.100000381469727,25.27750015258789,25.100000381469727,25.272499084472656,22.154157638549805,2064400,0.0
2014-05-22,25.282499313354492,25.415000915527344,25.235000610351562,25.360000610351562,22.230857849121094,1154800,0.0
2014-05-23,25.364999771118164,25.5049991607666,25.357500076293945,25.4950008392334,22.34920883178711,1777600,0.0
2014-05-27,25.59749984741211,25.69499969482422,25.575000762939453,25.6924991607666,22.522336959838867,1315200,0.0
2014-05-28,25.700000762939453,25.712499618530273,25.604999542236328,25.639999389648438,22.476308822631836,1231600,0.0
2014-05-29,25.69499969482422,25.80500030517578,25.655000686645508,25.795000076293945,22.612184524536133,1147600,0.0
2014-05-30,25.77750015258789,25.850000381469727,25.739999771118164,25.81999969482422,22.634096145629883,2643200,0.0
2014-06-02,25.842500686645508,25.88249969482422,25.717500686645508,25.8700008392334,22.67793846130371,1935200,0.0
2014-06-03,25.8075008392334,25.860000610351562,25.764999389648438,25.844999313354492,22.656023025512695,1660000,0.0
2014-06-04,25.799999237060547,25.922500610351562,25.75,25.892499923706055,22.697660446166992,1548000,0.0
2014-06-05,25.952499389648438,26.112499237060547,25.832500457763672,26.079999923706055,22.862022399902344,1782000,0.0
2014-06-06,26.127500534057617,26.204999923706055,26.127500534057617,26.204999923706055,22.971607208251953,1379600,0.0
2014-06-09,26.19499969482422,26.290000915527344,26.162500381469727,26.227500915527344,22.9913330078125,3046000,0.0
2014-06-10,26.200000762939453,26.229999542236328,26.1200008392334,26.229999542236328,22.99351692199707,4724400,0.0
2014-06-11,26.142499923706055,26.18000030517578,26.079999923706055,26.15999984741211,22.932159423828125,1229600,0.0
2014-06-12,26.11750030517578,26.135000228881836,25.864999771118164,25.924999237060547,22.726152420043945,1938400,0.0
2014-06-13,25.987499237060547,26.010000228881836,25.857500076293945,25.982500076293945,22.77655029296875,1079600,0.0
2014-06-16,25.934999465942383,26.0625,25.899999618530273,26.0,22.79189682006836,1055600,0.0
2014-06-17,25.967500686645508,26.09000015258789,25.947500228881836,26.047500610351562,22.833539962768555,1108000,0.0
2014-06-18,26.0625,26.264999389648438,25.9375,26.247499465942383,23.008861541748047,1376400,0.0
2014-06-19,26.282499313354492,26.297500610351562,26.165000915527344,26.262500762939453,23.02200698852539,1431200,0.0
2014-06-20,26.325000762939453,26.332500457763672,26.264999389648438,26.287500381469727,23.043922424316406,980000,0.0
2014-06-23,26.315000534057617,26.315000534057617,26.235000610351562,26.260000228881836,23.01980972290039,982000,0.0
2014-06-24,26.15250015258789,26.295000076293945,26.0049991607666,26.045000076293945,22.912927627563477,1891600,0.0935
2014-06-25,25.99250030517578,26.2549991607666,25.99250030517578,26.225000381469727,23.07128143310547,1470400,0.0
2014-06-26,26.225000381469727,26.225000381469727,26.03499984741211,26.217500686645508,23.06468391418457,1159600,0.0
2014-06-27,26.172500610351562,26.295000076293945,26.139999389648438,26.28499984741211,23.124055862426758,1287600,0.0
2014-06-30,26.299999237060547,26.34000015258789,26.260000228881836,26.297500610351562,23.135053634643555,2225200,0.0
2014-07-01,26.375,26.584999084472656,26.350000381469727,26.50749969482422,23.319807052612305,4810000,0.0
2014-07-02,26.514999389648438,26.5674991607666,26.502500534057617,26.540000915527344,23.348400115966797,2030000,0.0
2014-07-03,26.607500076293945,26.684999465942383,26.56999969482422,26.672500610351562,23.464963912963867,1026000,0.0
2014-07-07,26.637500762939453,26.649999618530273,26.545000076293945,26.577499389648438,23.381383895874023,1025200,0.0
2014-07-08,26.537500381469727,26.540000915527344,26.272499084472656,26.362499237060547,23.192243576049805,5890000,0.0
2014-07-09,26.4424991607666,26.514999389648438,26.364999771118164,26.5,23.31321144104004,2691200,0.0
2014-07-10,26.1825008392334,26.469999313354492,26.177499771118164,26.385000228881836,23.212034225463867,4707600,0.0
2014-07-11,26.385000228881836,26.467500686645508,26.329999923706055,26.450000762939453,23.26922035217285,1073600,0.0
2014-07-14,26.59000015258789,26.65250015258789,26.56999969482422,26.607500076293945,23.407777786254883,1045600,0.0
2014-07-15,26.625,26.670000076293945,26.377500534057617,26.5,23.31321144104004,2527600,0.0
2014-07-16,26.642499923706055,26.645000457763672,26.50749969482422,26.575000762939453,23.379188537597656,1578400,0.0
2014-07-17,26.5,26.572500228881836,26.19499969482422,26.232500076293945,23.0778751373291,1870800,0.0
2014-07-18,26.34749984741211,26.582500457763672,26.3075008392334,26.572500228881836,23.376991271972656,1432800,0.0
2014-07-21,26.479999542236328,26.52750015258789,26.389999389648438,26.497499465942383,23.311010360717773,997600,0.0
2014-07-22,26.594999313354492,26.6825008392334,26.582500457763672,26.63249969482422,23.429773330688477,3128800,0.0
2014-07-23,26.704999923706055,26.7549991607666,26.655000686645508,26.72249984741211,23.50895118713379,953600,0.0
2014-07-24,26.75,26.770000457763672,26.674999237060547,26.707500457763672,23.49575424194336,4672000,0.0
2014-07-25,26.625,26.642499923706055,26.497499465942383,26.5674991607666,23.37259292602539,1414400,0.0
2014-07-28,26.577499389648438,26.607500076293945,26.412500381469727,26.549999237060547,23.357192993164062,1239200,0.0
2014-07-29,26.587499618530273,26.637500762939453,26.4424991607666,26.4424991607666,23.262624740600586,1752000,0.0
2014-07-30,26.565000534057617,26.59749984741211,26.389999389648438,26.49250030517578,23.306610107421875,1702400,0.0
2014-07-31,26.299999237060547,26.31999969482422,25.952499389648438,25.96500015258789,22.842538833618164,2062000,0.0
2014-08-01,25.88249969482422,26.0625,25.7549991607666,25.897499084472656,22.78316307067871,2003200,0.0
2014-08-04,25.954999923706055,26.139999389648438,25.834999084472656,26.072500228881836,22.937124252319336,1400400,0.0
2014-08-05,25.97249984741211,26.052499771118164,25.762500762939453,25.857500076293945,22.74797821044922,2375600,0.0
2014-08-06,25.68000030517578,25.950000762939453,25.68000030517578,25.827499389648438,22.721582412719727,2444400,0.0
2014-08-07,25.940000534057617,25.962499618530273,25.637500762939453,25.700000762939453,22.609411239624023,2219600,0.0
2014-08-08,25.739999771118164,25.997499465942383,25.6825008392334,25.985000610351562,22.860143661499023,2629600,0.0
2014-08-11,26.082500457763672,26.190000534057617,26.059999465942383,26.082500457763672,22.94591522216797,1260800,0.0
2014-08-12,26.047500610351562,26.11750030517578,25.94499969482422,26.020000457763672,22.89093017578125,1511200,0.0
2014-08-13,26.114999771118164,26.267499923706055,26.107500076293945,26.247499465942383,23.09107780456543,868800,0.0
2014-08-14,26.267499923706055,26.3799991607666,26.267499923706055,26.3799991607666,23.2076416015625,1163200,0.0
2014-08-15,26.4950008392334,26.522499084472656,26.212499618530273,26.412500381469727,23.236228942871094,3733600,0.0
2014-08-18,26.572500228881836,26.672500610351562,26.5625,26.665000915527344,23.45836639404297,1550000,0.0
2014-08-19,26.735000610351562,26.84000015258789,26.709999084472656,26.827499389648438,23.60132598876953,1621600,0.0
2014-08-20,26.782499313354492,26.920000076293945,26.762500762939453,26.892499923706055,23.658512115478516,1647600,0.0
2014-08-21,26.93000030517578,26.94499969482422,26.860000610351562,26.915000915527344,23.67830467224121,1404000,0.0
2014-08-22,26.912500381469727,26.96500015258789,26.852500915527344,26.917499542236328,23.680500030517578,907200,0.0
2014-08-25,27.065000534057617,27.09749984741211,27.0,27.065000534057617,23.81026840209961,1997200,0.0
2014-08-26,27.072500228881836,27.125,27.049999237060547,27.065000534057617,23.81026840209961,2400400,0.0
2014-08-27,27.09000015258789,27.110000610351562,26.9950008392334,27.045000076293945,23.792675018310547,1012400,0.0
2014-08-28,26.93000030517578,27.030000686645508,26.917499542236328,27.012500762939453,23.764081954956055,1614800,0.0
2014-08-29,27.072500228881836,27.082500457763672,26.957500457763672,27.0674991607666,23.812463760375977,1027600,0.0
2014-09-02,27.125,27.147499084472656,27.00749969482422,27.110000610351562,23.849853515625,1588800,0.0
2014-09-03,27.177499771118164,27.1825008392334,26.989999771118164,27.024999618530273,23.77507781982422,1217200,0.0
2014-09-04,27.0674991607666,27.177499771118164,26.920000076293945,26.96500015258789,23.7222900390625,4307600,0.0
2014-09-05,26.969999313354492,27.114999771118164,26.8700008392334,27.104999542236328,23.845455169677734,985200,0.0
2014-09-08,27.114999771118164,27.137500762939453,26.977500915527344,27.077499389648438,23.82126235961914,1515200,0.0
2014-09-09,27.047500610351562,27.114999771118164,26.84749984741211,26.905000686645508,23.66950225830078,1234400,0.0
2014-09-10,26.920000076293945,27.0674991607666,26.84749984741211,27.0625,23.808061599731445,2096400,0.0
2014-09-11,26.959999084472656,27.065000534057617,26.912500381469727,27.0575008392334,23.803665161132812,1410400,0.0
2014-09-12,27.017499923706055,27.032499313354492,26.832500457763672,26.912500381469727,23.676103591918945,1566800,0.0
2014-09-15,26.912500381469727,26.9325008392334,26.75749969482422,26.8174991607666,23.592527389526367,2428800,0.0
2014-09-16,26.75,27.0674991607666,26.71500015258789,27.03499984741211,23.783872604370117,2204800,0.0
2014-09-17,27.0625,27.19499969482422,26.927499771118164,27.072500228881836,23.816862106323242,2905600,0.0
2014-09-18,27.15999984741211,27.235000610351562,27.135000228881836,27.232500076293945,23.957622528076172,3302000,0.0
2014-09-19,27.342500686645508,27.354999542236328,27.147499084472656,27.204999923706055,23.933427810668945,1989200,0.0
2014-09-22,27.155000686645508,27.167499542236328,26.912500381469727,26.982500076293945,23.73768424987793,2319200,0.0
2014-09-23,26.887500762939453,27.002500534057617,26.84000015258789,26.852500915527344,23.62332534790039,3198000,0.0
2014-09-24,26.774999618530273,27.022499084472656,26.702499389648438,27.010000228881836,23.844011306762695,2767200,0.0925
2014-09-25,26.940000534057617,26.957500457763672,26.540000915527344,26.542499542236328,23.431312561035156,2612800,0.0
2014-09-26,26.592500686645508,26.854999542236328,26.59000015258789,26.815000534057617,23.67186737060547,2121600,0.0
2014-09-29,26.55500030517578,26.80500030517578,26.52750015258789,26.767499923706055,23.629932403564453,3319600,0.0
2014-09-30,26.80500030517578,26.872499465942383,26.637500762939453,26.704999923706055,23.57476806640625,2963600,0.0
2014-10-01,26.672500610351562,26.672500610351562,26.227500915527344,26.297500610351562,23.21502113342285,6073200,0.0
2014-10-02,26.295000076293945,26.387500762939453,26.012500762939453,26.30500030517578,23.221649169921875,5960400,0.0
2014-10-03,26.522499084472656,26.672500610351562,26.415000915527344,26.607500076293945,23.488697052001953,5683200,0.0
2014-10-06,26.739999771118164,26.7450008392334,26.467500686645508,26.5575008392334,23.444551467895508,5323200,0.0
2014-10-07,26.450000762939453,26.46500015258789,26.147499084472656,26.147499084472656,23.082618713378906,5622000,0.0
2014-10-08,26.174999237060547,26.670000076293945,26.014999389648438,26.6299991607666,23.508554458618164,3138400,0.0
2014-10-09,26.584999084472656,26.61750030517578,26.09749984741211,26.112499237060547,23.05171012878418,4040400,0.0
2014-10-10,26.110000610351562,26.229999542236328,25.735000610351562,25.74250030517578,22.725086212158203,5804800,0.0
2014-10-13,25.727500915527344,25.8125,25.239999771118164,25.264999389648438,22.303558349609375,6741600,0.0
2014-10-14,25.405000686645508,25.587499618530273,25.22249984741211,25.302499771118164,22.33665657043457,7505600,0.0
2014-10-15,24.957500457763672,25.25,24.5625,25.162500381469727,22.21307373046875,11164800,0.0
2014-10-16,24.762500762939453,25.332500457763672,24.702499389648438,25.145000457763672,22.19761848449707,6588400,0.0
2014-10-17,25.489999771118164,25.657499313354492,25.34749984741211,25.475000381469727,22.488937377929688,5014000,0.0
2014-10-20,25.4424991607666,25.77750015258789,25.43000030517578,25.760000228881836,22.74053192138672,3120400,0.0
2014-10-21,25.96500015258789,26.3174991607666,25.94499969482422,26.309999465942383,23.2260684967041,6046800,0.0
2014-10-22,26.325000762939453,26.399999618530273,26.092500686645508,26.112499237060547,23.05171012878418,5698000,0.0
2014-10-23,26.387500762939453,26.637500762939453,26.354999542236328,26.485000610351562,23.380550384521484,5665600,0.0
2014-10-24,26.545000076293945,26.697500228881836,26.434999465942383,26.684999465942383,23.557106018066406,4683600,0.0
2014-10-27,26.622499465942383,26.6924991607666,26.4950008392334,26.662500381469727,23.537246704101562,3537200,0.0
2014-10-28,26.770000457763672,26.997499465942383,26.75749969482422,26.979999542236328,23.81753158569336,5972400,0.0
2014-10-29,26.989999771118164,27.059999465942383,26.764999389648438,26.950000762939453,23.79104995727539,4746000,0.0
2014-10-30,26.875,27.209999084472656,26.862499237060547,27.145000457763672,23.96319580078125,4498800,0.0
2014-10-31,27.475000381469727,27.485000610351562,27.357500076293945,27.447500228881836,24.230236053466797,7825200,0.0
2014-11-03,27.489999771118164,27.5625,27.424999237060547,27.477500915527344,24.2567138671875,4640000,0.0
2014-11-04,27.412500381469727,27.452499389648438,27.229999542236328,27.385000228881836,24.17505645751953,4258800,0.0
2014-11-05,27.587499618530273,27.587499618530273,27.399999618530273,27.49250030517578,24.269962310791016,5471200,0.0
2014-11-06,27.510000228881836,27.6299991607666,27.424999237060547,27.612499237060547,24.37589454650879,4589600,0.0
2014-11-07,27.63249969482422,27.645000457763672,27.512500762939453,27.607500076293945,24.37148094177246,1384400,0.0
2014-11-10,27.6299991607666,27.719999313354492,27.587499618530273,27.709999084472656,24.461963653564453,1325200,0.0
2014-11-11,27.704999923706055,27.7549991607666,27.665000915527344,27.75,24.497278213500977,4749600,0.0
2014-11-12,27.655000686645508,27.797500610351562,27.655000686645508,27.764999389648438,24.510517120361328,2400800,0.0
2014-11-13,27.799999237060547,27.897499084472656,27.667499542236328,27.792499542236328,24.534788131713867,2162800,0.0
2014-11-14,27.799999237060547,27.832500457763672,27.72249984741211,27.799999237060547,24.541412353515625,2350000,0.0
2014-11-17,27.735000610351562,27.84000015258789,27.690000534057617,27.760000228881836,24.506101608276367,2232400,0.0
2014-11-18,27.782499313354492,28.002500534057617,27.760000228881836,27.959999084472656,24.682659149169922,1556400,0.0
2014-11-19,27.9325008392334,27.94499969482422,27.774999618530273,27.895000457763672,24.625276565551758,1843600,0.0
2014-11-20,27.782499313354492,27.99250030517578,27.762500762939453,27.9375,24.662792205810547,1986800,0.0
2014-11-21,28.219999313354492,28.247499465942383,27.99250030517578,28.075000762939453,24.7841739654541,3818400,0.0
2014-11-24,28.162500381469727,28.219999313354492,28.139999389648438,28.209999084472656,24.903364181518555,2117200,0.0
2014-11-25,28.25,28.322500228881836,28.19499969482422,28.219999313354492,24.91218376159668,2100000,0.0
2014-11-26,28.24250030517578,28.315000534057617,28.21500015258789,28.302499771118164,24.985008239746094,1726400,0.0
2014-11-28,28.287500381469727,28.387500762939453,28.262500762939453,28.299999237060547,24.982803344726562,718400,0.0
2014-12-01,28.184999465942383,28.207500457763672,27.985000610351562,28.037500381469727,24.751081466674805,3942800,0.0
2014-12-02,28.03499984741211,28.212499618530273,28.032499313354492,28.1825008392334,24.87908172607422,3493600,0.0
2014-12-03,28.237499237060547,28.3174991607666,28.174999237060547,28.28499984741211,24.969562530517578,1855200,0.0
2014-12-04,28.25,28.3700008392334,28.165000915527344,28.274999618530273,24.960737228393555,6875600,0.0
2014-12-05,28.302499771118164,28.377500534057617,28.260000228881836,28.3125,24.99384117126465,1831200,0.0
2014-12-08,28.260000228881836,28.342500686645508,28.017499923706055,28.11750030517578,24.821706771850586,3287200,0.0
2014-12-09,27.8174991607666,28.149999618530273,27.727500915527344,28.135000228881836,24.83715057373047,2652400,0.0
2014-12-10,28.06999969482422,28.079999923706055,27.657499313354492,27.6825008392334,24.437685012817383,3693600,0.0
2014-12-11,27.797500610351562,28.092500686645508,27.760000228881836,27.825000762939453,24.56348419189453,3009600,0.0
2014-12-12,27.625,27.797500610351562,27.40250015258789,27.40250015258789,24.190505981445312,4536400,0.0
2014-12-15,27.565000534057617,27.63249969482422,27.13249969482422,27.219999313354492,24.029403686523438,4852400,0.0
2014-12-16,27.0674991607666,27.545000076293945,26.920000076293945,26.920000076293945,23.76456069946289,5766800,0.0
2014-12-17,27.012500762939453,27.530000686645508,26.979999542236328,27.477500915527344,24.2567138671875,4750400,0.0
2014-12-18,27.885000228881836,28.135000228881836,27.780000686645508,28.135000228881836,24.83715057373047,12256000,0.0
2014-12-19,28.162500381469727,28.357500076293945,28.135000228881836,28.229999542236328,24.9210147857666,6410800,0.0
2014-12-22,28.272499084472656,28.38249969482422,28.237499237060547,28.38249969482422,25.055635452270508,4774000,0.0
2014-12-23,28.489999771118164,28.489999771118164,28.292499542236328,28.322500228881836,25.002662658691406,3233200,0.0
2014-12-24,28.235000610351562,28.3174991607666,28.202499389648438,28.22249984741211,25.01508140563965,874800,0.114
2014-12-26,28.31999969482422,28.412500381469727,28.297500610351562,28.34749984741211,25.125871658325195,1296000,0.0
2014-12-29,28.34000015258789,28.40250015258789,28.3125,28.385000228881836,25.15911293029785,1265200,0.0
2014-12-30,28.327499389648438,28.342500686645508,28.174999237060547,28.190000534057617,24.986270904541016,1415600,0.0
2014-12-31,28.287500381469727,28.327499389648438,27.899999618530273,27.899999618530273,24.72922706604004,7356400,0.0
2015-01-02,28.002500534057617,28.139999389648438,27.719999313354492,27.875,24.707067489624023,8966000,0.0
2015-01-05,27.729999542236328,27.760000228881836,27.412500381469727,27.459999084472656,24.339235305786133,6224400,0.0
2015-01-06,27.52750015258789,27.600000381469727,27.072500228881836,27.202499389648438,24.110998153686523,6774400,0.0
2015-01-07,27.415000915527344,27.642499923706055,27.3700008392334,27.587499618530273,24.452238082885742,4152000,0.0
2015-01-08,27.84749984741211,28.135000228881836,27.8174991607666,28.104999542236328,24.910930633544922,2778400,0.0
2015-01-09,28.172500610351562,28.174999237060547,27.795000076293945,27.90250015258789,24.7314453125,3799600,0.0
2015-01-12,27.975000381469727,27.987499237060547,27.622499465942383,27.700000762939453,24.551959991455078,2322400,0.0
2015-01-13,27.975000381469727,28.139999389648438,27.452499389648438,27.662500381469727,24.518726348876953,7043600,0.0
2015-01-14,27.354999542236328,27.582500457763672,27.274999618530273,27.547500610351562,24.416791915893555,5185600,0.0
2015-01-15,27.670000076293945,27.684999465942383,27.24250030517578,27.262500762939453,24.164180755615234,3879600,0.0
2015-01-16,27.247499465942383,27.63249969482422,27.18000030517578,27.607500076293945,24.469974517822266,2870000,0.0
2015-01-20,27.739999771118164,27.77750015258789,27.415000915527344,27.697500228881836,24.549734115600586,2883200,0.0
2015-01-21,27.65250015258789,27.924999237060547,27.5575008392334,27.827499389648438,24.664966583251953,4917200,0.0
2015-01-22,27.975000381469727,28.299999237060547,27.737499237060547,28.270000457763672,25.057178497314453,4074400,0.0
2015-01-23,28.2549991607666,28.329999923706055,28.15999984741211,28.19499969482422,24.990705490112305,2904800,0.0
2015-01-26,28.200000762939453,28.262500762939453,28.049999237060547,28.252500534057617,25.04167938232422,3061200,0.0
2015-01-27,27.8799991607666,27.99250030517578,27.642499923706055,27.77750015258789,24.620651245117188,3179200,0.0
2015-01-28,28.072500228881836,28.077499389648438,27.517499923706055,27.537500381469727,24.40792465209961,4591200,0.0
2015-01-29,27.572500228881836,27.852500915527344,27.372499465942383,27.8174991607666,24.656097412109375,3532800,0.0
2015-01-30,27.662500381469727,27.842500686645508,27.415000915527344,27.4375,24.319286346435547,5177600,0.0
2015-02-02,27.552499771118164,27.712499618530273,27.149999618530273,27.6875,24.54088020324707,6086400,0.0
2015-02-03,27.850000381469727,28.014999389648438,27.690000534057617,28.010000228881836,24.82673454284668,5884000,0.0
2015-02-04,27.969999313354492,28.112499237060547,27.8700008392334,27.922500610351562,24.74917221069336,4422000,0.0
2015-02-05,28.05500030517578,28.260000228881836,28.032499313354492,28.24250030517578,25.032806396484375,3056800,0.0
2015-02-06,28.262500762939453,28.31999969482422,27.979999542236328,28.05500030517578,24.86661720275879,4303600,0.0
2015-02-09,27.952499389648438,28.059999465942383,27.857500076293945,27.915000915527344,24.742528915405273,3863600,0.0
2015-02-10,28.11750030517578,28.325000762939453,28.0,28.28499984741211,25.070472717285156,3658800,0.0
2015-02-11,28.267499923706055,28.40999984741211,28.197500228881836,28.334999084472656,25.114791870117188,6791600,0.0
2015-02-12,28.49250030517578,28.637500762939453,28.450000762939453,28.6299991607666,25.37626838684082,2832400,0.0
2015-02-13,28.6825008392334,28.764999389648438,28.614999771118164,28.75749969482422,25.489276885986328,2630800,0.0
2015-02-17,28.760000228881836,28.844999313354492,28.700000762939453,28.815000534057617,25.540241241455078,3068000,0.0
2015-02-18,28.825000762939453,28.8799991607666,28.725000381469727,28.877500534057617,25.59564208984375,1916000,0.0
2015-02-19,28.81999969482422,28.94499969482422,28.795000076293945,28.907499313354492,25.622228622436523,2238400,0.0
2015-02-20,28.854999542236328,29.1200008392334,28.772499084472656,29.104999542236328,25.797279357910156,2659200,0.0
2015-02-23,29.09000015258789,29.155000686645508,29.049999237060547,29.147499084472656,25.8349609375,2051600,0.0
2015-02-24,29.15250015258789,29.204999923706055,29.0674991607666,29.18000030517578,25.863758087158203,2843600,0.0
2015-02-25,29.145000457763672,29.2549991607666,29.100000381469727,29.155000686645508,25.841602325439453,2611600,0.0
2015-02-26,29.147499084472656,29.21500015258789,29.082500457763672,29.1924991607666,25.87483787536621,4022400,0.0
2015-02-27,29.155000686645508,29.202499389648438,29.0625,29.077499389648438,25.772905349731445,4888800,0.0
2015-03-02,29.09749984741211,29.329999923706055,29.09749984741211,29.297500610351562,25.9679012298584,3982400,0.0
2015-03-03,29.252500534057617,29.252500534057617,29.0049991607666,29.155000686645508,25.841602325439453,2292800,0.0
2015-03-04,29.045000076293945,29.107500076293945,28.895000457763672,29.0625,25.759618759155273,2295200,0.0
2015-03-05,29.137500762939453,29.162500381469727,29.010000228881836,29.079999923706055,25.775129318237305,3344000,0.0
2015-03-06,29.0049991607666,29.014999389648438,28.622499465942383,28.672500610351562,25.413942337036133,3907200,0.0
2015-03-09,28.735000610351562,28.857500076293945,28.674999237060547,28.80500030517578,25.5313777923584,3092800,0.0
2015-03-10,28.579999923706055,28.594999313354492,28.34000015258789,28.34749984741211,25.125871658325195,11455200,0.0
2015-03-11,28.385000228881836,28.412500381469727,28.22249984741211,28.239999771118164,25.030588150024414,3458000,0.0
2015-03-12,28.280000686645508,28.572500228881836,28.280000686645508,28.572500228881836,25.325302124023438,6584000,0.0
2015-03-13,28.532499313354492,28.59000015258789,28.25,28.405000686645508,25.176837921142578,3112000,0.0
2015-03-16,28.53499984741211,28.8174991607666,28.53499984741211,28.809999465942383,25.53580665588379,2801600,0.0
2015-03-17,28.707500457763672,28.8174991607666,28.61750030517578,28.7549991607666,25.487062454223633,3474400,0.0
2015-03-18,28.68000030517578,29.190000534057617,28.532499313354492,29.077499389648438,25.772905349731445,3000800,0.0
2015-03-19,29.017499923706055,29.127500534057617,28.989999771118164,29.059999465942383,25.757394790649414,2116800,0.0
2015-03-20,29.235000610351562,29.38249969482422,29.207500457763672,29.297500610351562,25.9679012298584,7332800,0.0
2015-03-23,29.272499084472656,29.34000015258789,29.207500457763672,29.209999084472656,25.890348434448242,1987600,0.0
2015-03-24,29.202499389648438,29.3125,29.0674991607666,29.075000762939453,25.770694732666016,2004000,0.0
2015-03-25,29.012500762939453,29.042499542236328,28.427499771118164,28.4375,25.290666580200195,2764400,0.09775
2015-03-26,28.287500381469727,28.52750015258789,28.1875,28.3799991607666,25.239534378051758,5487200,0.0
2015-03-27,28.31999969482422,28.50749969482422,28.31999969482422,28.462499618530273,25.312910079956055,2254000,0.0
2015-03-30,28.6299991607666,28.792499542236328,28.627500534057617,28.762500762939453,25.5797119140625,2405200,0.0
2015-03-31,28.642499923706055,28.7549991607666,28.482500076293945,28.487499237060547,25.33513832092285,5005200,0.0
2015-04-01,28.482500076293945,28.482500076293945,28.170000076293945,28.357500076293945,25.21952247619629,3554400,0.0
2015-04-02,28.3700008392334,28.512500762939453,28.329999923706055,28.434999465942383,25.288442611694336,3427200,0.0
2015-04-06,28.297500610351562,28.700000762939453,28.2549991607666,28.59749984741211,25.43296241760254,4457600,0.0
2015-04-07,28.645000457763672,28.78499984741211,28.559999465942383,28.559999465942383,25.39961814880371,3790000,0.0
2015-04-08,28.610000610351562,28.75749969482422,28.5625,28.704999923706055,25.5285701751709,6309200,0.0
2015-04-09,28.700000762939453,28.832500457763672,28.592500686645508,28.8075008392334,25.619726181030273,3837600,0.0
2015-04-10,28.792499542236328,28.9424991607666,28.77750015258789,28.927499771118164,25.726442337036133,4347200,0.0
2015-04-13,28.93000030517578,29.045000076293945,28.790000915527344,28.802499771118164,25.61527442932129,2772000,0.0
2015-04-14,28.772499084472656,28.834999084472656,28.614999771118164,28.795000076293945,25.60861587524414,2479200,0.0
2015-04-15,28.907499313354492,28.975000381469727,28.837499618530273,28.907499313354492,25.70865821838379,1914400,0.0
2015-04-16,28.864999771118164,28.979999542236328,28.795000076293945,28.907499313354492,25.70865821838379,2370800,0.0
2015-04-17,28.735000610351562,28.752500534057617,28.447500228881836,28.56999969482422,25.40851402282715,6225200,0.0
2015-04-20,28.732500076293945,28.9325008392334,28.709999084472656,28.885000228881836,25.688650131225586,3720000,0.0
2015-04-21,29.002500534057617,29.05500030517578,28.897499084472656,28.9375,25.73534393310547,1814400,0.0
2015-04-22,29.010000228881836,29.11750030517578,28.84749984741211,29.084999084472656,25.866519927978516,1700400,0.0
2015-04-23,29.020000457763672,29.25,28.99250030517578,29.167499542236328,25.939889907836914,2402800,0.0
2015-04-24,29.292499542236328,29.342500686645508,29.21500015258789,29.290000915527344,26.04883575439453,2408800,0.0
2015-04-27,29.392499923706055,29.415000915527344,29.1200008392334,29.165000915527344,25.937665939331055,1873200,0.0
2015-04-28,29.172500610351562,29.252500534057617,28.907499313354492,29.172500610351562,25.944334030151367,1840800,0.0
2015-04-29,29.049999237060547,29.15250015258789,28.84749984741211,28.989999771118164,25.782028198242188,2282000,0.0
2015-04-30,28.895000457763672,28.952499389648438,28.4950008392334,28.627500534057617,25.459646224975586,2888800,0.0
2015-05-01,28.780000686645508,28.997499465942383,28.772499084472656,28.99250030517578,25.784259796142578,3274400,0.0
2015-05-04,29.0674991607666,29.1825008392334,29.020000457763672,29.047500610351562,25.833171844482422,2277600,0.0
2015-05-05,29.0049991607666,29.012500762939453,28.642499923706055,28.647499084472656,25.477439880371094,3208400,0.0
2015-05-06,28.72249984741211,28.772499084472656,28.357500076293945,28.545000076293945,25.386276245117188,2867200,0.0
2015-05-07,28.53499984741211,28.772499084472656,28.512500762939453,28.697500228881836,25.521902084350586,2746400,0.0
2015-05-08,28.967500686645508,29.145000457763672,28.967500686645508,29.107500076293945,25.886531829833984,2292400,0.0
2015-05-11,29.092500686645508,29.157499313354492,28.967500686645508,28.979999542236328,25.77313804626465,2811600,0.0
2015-05-12,28.837499618530273,28.977500915527344,28.65999984741211,28.875,25.679758071899414,2389600,0.0
2015-05-13,28.97249984741211,29.072500228881836,28.834999084472656,28.872499465942383,25.677534103393555,3703200,0.0
2015-05-14,29.032499313354492,29.267499923706055,28.9950008392334,29.2549991607666,26.017704010009766,1986800,0.0
2015-05-15,29.299999237060547,29.334999084472656,29.209999084472656,29.292499542236328,26.051055908203125,2930400,0.0
2015-05-18,29.270000457763672,29.4325008392334,29.24250030517578,29.3700008392334,26.11998748779297,1706400,0.0
2015-05-19,29.4325008392334,29.462499618530273,29.337499618530273,29.372499465942383,26.122203826904297,2484800,0.0
2015-05-20,29.395000457763672,29.47249984741211,29.270000457763672,29.325000762939453,26.079965591430664,2341200,0.0
2015-05-21,29.322500228881836,29.4424991607666,29.287500381469727,29.397499084472656,26.144439697265625,1740000,0.0
2015-05-22,29.357500076293945,29.440000534057617,29.344999313354492,29.360000610351562,26.1110897064209,1666400,0.0
2015-05-26,29.27750015258789,29.3075008392334,28.959999084472656,29.042499542236328,25.82872200012207,2568800,0.0
2015-05-27,29.11750030517578,29.420000076293945,29.0625,29.387500762939453,26.135543823242188,1950400,0.0
2015-05-28,29.337499618530273,29.387500762939453,29.24250030517578,29.342500686645508,26.09552764892578,1970800,0.0
2015-05-29,29.334999084472656,29.334999084472656,29.094999313354492,29.135000228881836,25.910991668701172,2226800,0.0
2015-06-01,29.247499465942383,29.327499389648438,29.0575008392334,29.237499237060547,26.00214958190918,4646000,0.0
2015-06-02,29.142499923706055,29.295000076293945,29.00749969482422,29.167499542236328,25.939889907836914,2167200,0.0
2015-06-03,29.274999618530273,29.325000762939453,29.165000915527344,29.235000610351562,25.999919891357422,1827600,0.0
2015-06-04,29.172500610351562,29.225000381469727,28.9375,28.9950008392334,25.78647804260254,2261200,0.0
2015-06-05,28.947500228881836,29.0049991607666,28.792499542236328,28.917499542236328,25.71755599975586,2234400,0.0
2015-06-08,28.877500534057617,28.912500381469727,28.674999237060547,28.690000534057617,25.515228271484375,2929200,0.0
2015-06-09,28.684999465942383,28.74250030517578,28.517499923706055,28.665000915527344,25.49299430847168,2467200,0.0
2015-06-10,28.782499313354492,29.087499618530273,28.735000610351562,29.020000457763672,25.808712005615234,4196800,0.0
2015-06-11,29.1200008392334,29.184999465942383,29.065000534057617,29.100000381469727,25.879859924316406,1384800,0.0
2015-06-12,28.969999313354492,28.9950008392334,28.844999313354492,28.887500762939453,25.690874099731445,4072800,0.0
2015-06-15,28.655000686645508,28.8125,28.5674991607666,28.770000457763672,25.58637809753418,3084800,0.0
2015-06-16,28.747499465942383,28.954999923706055,28.729999542236328,28.9325008392334,25.730892181396484,2622000,0.0
2015-06-17,28.989999771118164,29.09000015258789,28.825000762939453,29.00749969482422,25.79759979248047,2116800,0.0
2015-06-18,29.0674991607666,29.427499771118164,29.0674991607666,29.342500686645508,26.09552764892578,2329200,0.0
2015-06-19,29.3174991607666,29.350000381469727,29.1924991607666,29.22249984741211,25.98880958557129,7464000,0.0
2015-06-22,29.40999984741211,29.512500762939453,29.375,29.40999984741211,26.155559539794922,2005200,0.0
2015-06-23,29.4424991607666,29.46500015258789,29.34000015258789,29.40999984741211,26.155559539794922,2744400,0.0
2015-06-24,29.282499313354492,29.352500915527344,29.107500076293945,29.107500076293945,25.975074768066406,2174400,0.10025
2015-06-25,29.200000762939453,29.237499237060547,29.030000686645508,29.059999465942383,25.932682037353516,1696400,0.0
2015-06-26,29.107500076293945,29.142499923706055,28.907499313354492,29.0049991607666,25.88360023498535,1805600,0.0
2015-06-29,28.747499465942383,28.877500534057617,28.34749984741211,28.372499465942383,25.31917381286621,3186000,0.0
2015-06-30,28.639999389648438,28.639999389648438,28.3700008392334,28.46500015258789,25.401714324951172,3027200,0.0
2015-07-01,28.747499465942383,28.774999618530273,28.5625,28.684999465942383,25.598039627075195,3212000,0.0
2015-07-02,28.782499313354492,28.790000915527344,28.59749984741211,28.670000076293945,25.584657669067383,1739200,0.0
2015-07-06,28.44499969482422,28.75749969482422,28.4375,28.622499465942383,25.542266845703125,1530400,0.0
2015-07-07,28.665000915527344,28.815000534057617,28.280000686645508,28.790000915527344,25.691740036010742,5002800,0.0
2015-07-08,28.5625,28.647499084472656,28.297500610351562,28.327499389648438,25.279014587402344,3152400,0.0
2015-07-09,28.610000610351562,28.707500457763672,28.350000381469727,28.357500076293945,25.305789947509766,2763200,0.0
2015-07-10,28.639999389648438,28.8174991607666,28.59000015258789,28.7450008392334,25.651586532592773,3160400,0.0
2015-07-13,28.967500686645508,29.125,28.967500686645508,29.110000610351562,25.97730255126953,1919600,0.0
2015-07-14,29.102500915527344,29.299999237060547,29.102500915527344,29.235000610351562,26.088851928710938,1183200,0.0
2015-07-15,29.262500762939453,29.354999542236328,29.177499771118164,29.247499465942383,26.100008010864258,1589200,0.0
2015-07-16,29.4375,29.530000686645508,29.387500762939453,29.524999618530273,26.347640991210938,1382800,0.0
2015-07-17,29.592500686645508,29.684999465942383,29.5625,29.670000076293945,26.47703742980957,1822800,0.0
2015-07-20,29.732500076293945,29.84749984741211,29.674999237060547,29.760000228881836,26.557348251342773,1962000,0.0
2015-07-21,29.764999389648438,29.797500610351562,29.625,29.6825008392334,26.48819351196289,3110400,0.0
2015-07-22,29.417499542236328,29.627500534057617,29.417499542236328,29.545000076293945,26.365493774414062,3299200,0.0
2015-07-23,29.59000015258789,29.604999542236328,29.334999084472656,29.392499923706055,26.229400634765625,2754400,0.0
2015-07-24,29.49250030517578,29.49250030517578,29.094999313354492,29.142499923706055,26.006305694580078,1581600,0.0
2015-07-27,29.020000457763672,29.09749984741211,28.915000915527344,28.977500915527344,25.85906219482422,3220400,0.0
2015-07-28,29.135000228881836,29.354999542236328,28.985000610351562,29.325000762939453,26.16916847229004,3152800,0.0
2015-07-29,29.352500915527344,29.530000686645508,29.322500228881836,29.497499465942383,26.32309913635254,11713200,0.0
2015-07-30,29.422500610351562,29.552499771118164,29.282499313354492,29.522499084472656,26.345413208007812,2609600,0.0
2015-07-31,29.622499465942383,29.63249969482422,29.469999313354492,29.514999389648438,26.338720321655273,2440000,0.0
2015-08-03,29.565000534057617,29.565000534057617,29.28499984741211,29.462499618530273,26.291868209838867,4266400,0.0
2015-08-04,29.46500015258789,29.514999389648438,29.325000762939453,29.395000457763672,26.231632232666016,6398000,0.0
2015-08-05,29.520000457763672,29.65999984741211,29.457500457763672,29.5,26.32533073425293,2459200,0.0
2015-08-06,29.520000457763672,29.5625,29.045000076293945,29.165000915527344,26.026378631591797,2418800,0.0
2015-08-07,29.1299991607666,29.15250015258789,28.940000534057617,29.139999389648438,26.00407600402832,2408000,0.0
2015-08-10,29.3125,29.482500076293945,29.3125,29.454999923706055,26.28517723083496,1614400,0.0
2015-08-11,29.30500030517578,29.360000610351562,29.065000534057617,29.18000030517578,26.039770126342773,2657600,0.0
2015-08-12,28.979999542236328,29.267499923706055,28.725000381469727,29.232500076293945,26.086618423461914,2104000,0.0
2015-08-13,29.25749969482422,29.375,29.1200008392334,29.219999313354492,26.075464248657227,1216400,0.0
2015-08-14,29.174999237060547,29.34000015258789,29.149999618530273,29.325000762939453,26.16916847229004,1790800,0.0
2015-08-17,29.25749969482422,29.532499313354492,29.162500381469727,29.522499084472656,26.345413208007812,1923600,0.0
2015-08-18,29.4950008392334,29.55500030517578,29.415000915527344,29.44499969482422,26.2762508392334,3996400,0.0
2015-08-19,29.337499618530273,29.485000610351562,29.11750030517578,29.260000228881836,26.11115837097168,2268000,0.0
2015-08-20,28.967500686645508,29.06999969482422,28.592500686645508,28.602500915527344,25.5244140625,4232400,0.0
2015-08-21,28.25,28.4375,27.6200008392334,27.635000228881836,24.661035537719727,15338800,0.0
2015-08-24,25.38249969482422,27.462499618530273,21.302499771118164,26.502500534057617,23.650413513183594,15797600,0.0
2015-08-25,27.282499313354492,27.63249969482422,26.260000228881836,26.350000381469727,23.514326095581055,12577600,0.0
2015-08-26,26.612499237060547,27.420000076293945,26.457500457763672,27.375,24.42902183532715,9867200,0.0
2015-08-27,27.762500762939453,28.032499313354492,27.4375,28.02750015258789,25.011295318603516,8832800,0.0
2015-08-28,27.905000686645508,28.092500686645508,27.8174991607666,28.0049991607666,24.9912109375,4103600,0.0
2015-08-31,27.872499465942383,27.97249984741211,27.637500762939453,27.702499389648438,24.72127342224121,5180400,0.0
2015-09-01,26.927499771118164,27.427499771118164,26.747499465942383,26.887500762939453,23.993976593017578,10572800,0.0
2015-09-02,27.155000686645508,27.485000610351562,27.012500762939453,27.485000610351562,24.527177810668945,4828000,0.0
2015-09-03,27.602500915527344,27.802499771118164,27.354999542236328,27.4424991607666,24.48925018310547,5263600,0.0
2015-09-04,27.0625,27.260000228881836,26.917499542236328,27.06999969482422,24.156843185424805,4107600,0.0
2015-09-08,27.5674991607666,27.767499923706055,27.427499771118164,27.739999771118164,24.75473976135254,5974800,0.0
2015-09-09,28.017499923706055,28.022499084472656,27.3125,27.375,24.42902183532715,3188800,0.0
2015-09-10,27.385000228881836,27.752500534057617,27.327499389648438,27.552499771118164,24.58741569519043,3980400,0.0
2015-09-11,27.487499237060547,27.717500686645508,27.3799991607666,27.712499618530273,24.73019790649414,2908400,0.0
2015-09-14,27.774999618530273,27.774999618530273,27.530000686645508,27.604999542236328,24.634262084960938,1876800,0.0
2015-09-15,27.709999084472656,28.032499313354492,27.600000381469727,27.952499389648438,24.94436264038086,3359600,0.0
2015-09-16,27.985000610351562,28.197500228881836,27.924999237060547,28.155000686645508,25.125076293945312,3437200,0.0
2015-09-17,28.145000457763672,28.602500915527344,28.077499389648438,28.172500610351562,25.140697479248047,4893600,0.0
2015-09-18,27.772499084472656,28.084999084472656,27.72249984741211,27.787500381469727,24.79712677001953,3521600,0.0
2015-09-21,27.957500457763672,28.104999542236328,27.700000762939453,27.889999389648438,24.888595581054688,3758800,0.0
2015-09-22,27.50749969482422,27.610000610351562,27.329999923706055,27.537500381469727,24.574033737182617,4087600,0.0
2015-09-23,27.592500686645508,27.647499084472656,27.415000915527344,27.512500762939453,24.551713943481445,1715200,0.0
2015-09-24,27.295000076293945,27.47249984741211,27.049999237060547,27.399999618530273,24.451326370239258,4674400,0.0
2015-09-25,27.537500381469727,27.594999313354492,27.02750015258789,27.18000030517578,24.357236862182617,3981600,0.115
2015-09-28,27.02750015258789,27.0575008392334,26.389999389648438,26.4375,23.691852569580078,7618800,0.0
2015-09-29,26.5,26.729999542236328,26.229999542236328,26.395000457763672,23.65375518798828,12698800,0.0
2015-09-30,26.725000381469727,26.97249984741211,26.6200008392334,26.950000762939453,24.151111602783203,5267600,0.0
2015-10-01,27.010000228881836,27.094999313354492,26.717500686645508,27.077499389648438,24.265369415283203,6895200,0.0
2015-10-02,26.780000686645508,27.49250030517578,26.665000915527344,27.489999771118164,24.635038375854492,6208400,0.0
2015-10-05,27.684999465942383,27.94499969482422,27.672500610351562,27.915000915527344,25.015899658203125,4748800,0.0
2015-10-06,27.907499313354492,27.9424991607666,27.604999542236328,27.7549991607666,24.87251853942871,4186800,0.0
2015-10-07,27.887500762939453,27.9950008392334,27.6875,27.962499618530273,25.05846405029297,4955200,0.0
2015-10-08,27.897499084472656,28.227500915527344,27.792499542236328,28.174999237060547,25.248891830444336,4886800,0.0
2015-10-09,28.202499389648438,28.327499389648438,28.149999618530273,28.272499084472656,25.336267471313477,4634400,0.0
2015-10-12,28.287500381469727,28.362499237060547,28.232500076293945,28.342500686645508,25.39900016784668,1862800,0.0
2015-10-13,28.1875,28.427499771118164,28.110000610351562,28.1299991607666,25.208568572998047,2756800,0.0
2015-10-14,28.139999389648438,28.239999771118164,27.96500015258789,28.010000228881836,25.101030349731445,2410800,0.0
2015-10-15,28.125,28.434999465942383,28.075000762939453,28.422500610351562,25.470693588256836,3389600,0.0
2015-10-16,28.475000381469727,28.575000762939453,28.395000457763672,28.5674991607666,25.600635528564453,1940800,0.0
2015-10-19,28.49250030517578,28.674999237060547,28.46500015258789,28.657499313354492,25.681283950805664,2141200,0.0
2015-10-20,28.6200008392334,28.704999923706055,28.49250030517578,28.582500457763672,25.61407470703125,2714800,0.0
2015-10-21,28.672500610351562,28.6825008392334,28.389999389648438,28.417499542236328,25.46620750427246,2413200,0.0
2015-10-22,28.56999969482422,28.897499084472656,28.514999389648438,28.852500915527344,25.856037139892578,4517200,0.0
2015-10-23,29.309999465942383,29.407499313354492,29.139999389648438,29.332500457763672,26.286184310913086,3403600,0.0
2015-10-26,29.287500381469727,29.357500076293945,29.207500457763672,29.322500228881836,26.277225494384766,11736000,0.0
2015-10-27,29.237499237060547,29.372499465942383,29.200000762939453,29.3125,26.26825714111328,3621200,0.0
2015-10-28,29.38249969482422,29.600000381469727,29.204999923706055,29.59749984741211,26.523664474487305,3317600,0.0
2015-10-29,29.540000915527344,29.6924991607666,29.52750015258789,29.637500762939453,26.55950355529785,7541200,0.0
2015-10-30,29.677499771118164,29.702499389648438,29.4950008392334,29.497499465942383,26.434045791625977,3297200,0.0
2015-11-02,29.565000534057617,29.827499389648438,29.524999618530273,29.815000534057617,26.71857261657715,4064800,0.0
2015-11-03,29.774999618530273,29.962499618530273,29.6924991607666,29.86750030517578,26.765621185302734,5749200,0.0
2015-11-04,29.922500610351562,29.952499389648438,29.71500015258789,29.837499618530273,26.738739013671875,4372400,0.0
2015-11-05,29.872499465942383,29.912500381469727,29.6200008392334,29.762500762939453,26.671524047851562,5238400,0.0
2015-11-06,29.690000534057617,29.77750015258789,29.532499313354492,29.737499237060547,26.649124145507812,2894000,0.0
2015-11-09,29.655000686645508,29.655000686645508,29.290000915527344,29.467500686645508,26.407163619995117,3047200,0.0
2015-11-10,29.354999542236328,29.4950008392334,29.3075008392334,29.475000381469727,26.41388511657715,4036800,0.0
2015-11-11,29.522499084472656,29.59749984741211,29.3799991607666,29.399999618530273,26.34667205810547,3642000,0.0
2015-11-12,29.235000610351562,29.342500686645508,29.030000686645508,29.042499542236328,26.02629852294922,5970400,0.0
2015-11-13,28.967500686645508,28.987499237060547,28.61750030517578,28.635000228881836,25.661121368408203,5862800,0.0
2015-11-16,28.5674991607666,29.024999618530273,28.552499771118164,29.017499923706055,26.00389862060547,4714400,0.0
2015-11-17,29.087499618530273,29.247499465942383,28.96500015258789,29.042499542236328,26.02629852294922,5093600,0.0
2015-11-18,29.184999465942383,29.552499771118164,29.13249969482422,29.532499313354492,26.465412139892578,4594400,0.0
2015-11-19,29.517499923706055,29.600000381469727,29.485000610351562,29.510000228881836,26.44525146484375,2784800,0.0
2015-11-20,29.655000686645508,29.774999618530273,29.635000228881836,29.712499618530273,26.626720428466797,2268400,0.0
2015-11-23,29.732500076293945,29.825000762939453,29.584999084472656,29.68000030517578,26.597591400146484,4083600,0.0
2015-11-24,29.497499465942383,29.72249984741211,29.40250015258789,29.670000076293945,26.58863067626953,3123200,0.0
2015-11-25,29.697500228881836,29.752500534057617,29.665000915527344,29.700000762939453,26.61551856994629,3209600,0.0
2015-11-27,29.727500915527344,29.764999389648438,29.63249969482422,29.719999313354492,26.633438110351562,657200,0.0
2015-11-30,29.780000686645508,29.780000686645508,29.53499984741211,29.547500610351562,26.47885513305664,3249600,0.0
2015-12-01,29.674999237060547,29.86750030517578,29.625,29.852500915527344,26.752174377441406,3228400,0.0
2015-12-02,29.8700008392334,29.915000915527344,29.5625,29.604999542236328,26.530380249023438,4997600,0.0
2015-12-03,29.68000030517578,29.6875,29.022499084472656,29.142499923706055,26.11591339111328,7044400,0.0
2015-12-04,29.207500457763672,29.8075008392334,29.207500457763672,29.760000228881836,26.66928482055664,4688000,0.0
2015-12-07,29.737499237060547,29.760000228881836,29.462499618530273,29.612499237060547,26.53710174560547,3352800,0.0
2015-12-08,29.36750030517578,29.625,29.3125,29.532499313354492,26.465412139892578,4392800,0.0
2015-12-09,29.420000076293945,29.697500228881836,29.065000534057617,29.21500015258789,26.180885314941406,9181600,0.0
2015-12-10,29.262500762939453,29.5,29.1924991607666,29.297500610351562,26.254817962646484,4634400,0.0
2015-12-11,28.9950008392334,29.045000076293945,28.674999237060547,28.707500457763672,25.726085662841797,8063600,0.0
2015-12-14,28.739999771118164,28.899999618530273,28.427499771118164,28.892499923706055,25.891878128051758,9481600,0.0
2015-12-15,29.112499237060547,29.27750015258789,29.0674991607666,29.102500915527344,26.080074310302734,5424400,0.0
2015-12-16,29.292499542236328,29.594999313354492,29.037500381469727,29.542499542236328,26.474369049072266,8034400,0.0
2015-12-17,29.610000610351562,29.637500762939453,29.114999771118164,29.125,26.100236892700195,6191200,0.0
2015-12-18,29.05500030517578,29.0625,28.552499771118164,28.552499771118164,25.587188720703125,5960000,0.0
2015-12-21,28.792499542236328,28.842500686645508,28.592500686645508,28.8174991607666,25.824665069580078,4102400,0.0
2015-12-22,28.957500457763672,29.0674991607666,28.795000076293945,29.02750015258789,26.012866973876953,7475200,0.0
2015-12-23,29.190000534057617,29.295000076293945,29.1299991607666,29.282499313354492,26.241369247436523,3621200,0.0
2015-12-24,29.13249969482422,29.200000762939453,29.09000015258789,29.11750030517578,26.20560073852539,1518800,0.12525
2015-12-28,29.020000457763672,29.1200008392334,28.907499313354492,29.11750030517578,26.20560073852539,10949600,0.0
2015-12-29,29.274999618530273,29.532499313354492,29.270000457763672,29.47249984741211,26.52509880065918,3683600,0.0
2015-12-30,29.452499389648438,29.457500457763672,29.260000228881836,29.267499923706055,26.34060287475586,2794800,0.0
2015-12-31,29.197500228881836,29.247499465942383,28.940000534057617,28.950000762939453,26.05484962463379,4479200,0.0
2016-01-04,28.4375,28.447500228881836,28.11750030517578,28.4375,25.593605041503906,10287200,0.0
2016-01-05,28.517499923706055,28.59749984741211,28.334999084472656,28.49250030517578,25.643110275268555,5829200,0.0
2016-01-06,28.052499771118164,28.350000381469727,28.010000228881836,28.18000030517578,25.361858367919922,8713600,0.0
2016-01-07,27.702499389648438,27.99250030517578,27.427499771118164,27.46500015258789,24.718366622924805,8202800,0.0
2016-01-08,27.690000534057617,27.737499237060547,27.157499313354492,27.200000762939453,24.4798641204834,9402800,0.0
2016-01-11,27.36750030517578,27.440000534057617,26.9325008392334,27.274999618530273,24.547359466552734,9544400,0.0
2016-01-12,27.53499984741211,27.662500381469727,27.209999084472656,27.552499771118164,24.797107696533203,5414400,0.0
2016-01-13,27.635000228881836,27.6924991607666,26.74250030517578,26.782499313354492,24.104116439819336,9522800,0.0
2016-01-14,26.86750030517578,27.417499542236328,26.55500030517578,27.219999313354492,24.49785804748535,8008400,0.0
2016-01-15,26.510000228881836,26.792499542236328,26.322500228881836,26.614999771118164,23.953369140625,6932400,0.0
2016-01-19,26.922500610351562,26.97249984741211,26.4375,26.690000534057617,24.020862579345703,10233600,0.0
2016-01-20,26.297500610351562,26.727500915527344,25.737499237060547,26.482500076293945,23.83411407470703,10406800,0.0
2016-01-21,26.545000076293945,26.872499465942383,26.309999465942383,26.559999465942383,23.90386199951172,7779600,0.0
2016-01-22,26.969999313354492,27.204999923706055,26.924999237060547,27.167499542236328,24.45061683654785,4571600,0.0
2016-01-25,27.114999771118164,27.207500457763672,26.815000534057617,26.84000015258789,24.155866622924805,4143600,0.0
2016-01-26,26.93000030517578,27.15999984741211,26.8125,27.104999542236328,24.394367218017578,3818000,0.0
2016-01-27,27.012500762939453,27.157499313354492,26.514999389648438,26.662500381469727,23.996118545532227,6215600,0.0
2016-01-28,26.9424991607666,26.962499618530273,26.545000076293945,26.84000015258789,24.155866622924805,4818400,0.0
2016-01-29,26.9375,27.462499618530273,26.915000915527344,27.452499389648438,24.707109451293945,5632400,0.0
2016-02-01,27.315000534057617,27.625,27.25,27.512500762939453,24.761110305786133,3823200,0.0
2016-02-02,27.327499389648438,27.344999313354492,26.967500686645508,27.047500610351562,24.34261131286621,8568800,0.0
2016-02-03,27.19499969482422,27.235000610351562,26.614999771118164,27.0625,24.35611343383789,8128400,0.0
2016-02-04,26.967500686645508,27.200000762939453,26.8125,27.012500762939453,24.311111450195312,7113600,0.0
2016-02-05,26.899999618530273,26.905000686645508,26.184999465942383,26.28499984741211,23.656368255615234,9752000,0.0
2016-02-08,25.952499389648438,25.954999923706055,25.457500457763672,25.84749984741211,23.262615203857422,12026000,0.0
2016-02-09,25.56999969482422,26.167499542236328,25.540000915527344,25.922500610351562,23.330120086669922,7924400,0.0
2016-02-10,26.09000015258789,26.4424991607666,25.987499237060547,26.010000228881836,23.40886878967285,7404800,0.0
2016-02-11,25.61750030517578,25.954999923706055,25.5049991607666,25.78499984741211,23.206363677978516,8418000,0.0
2016-02-12,26.052499771118164,26.202499389648438,25.885000228881836,26.1924991607666,23.5731201171875,4440800,0.0
2016-02-16,26.5049991607666,26.68000030517578,26.364999771118164,26.672500610351562,24.005115509033203,3511600,0.0
2016-02-17,26.86750030517578,27.204999923706055,26.827499389648438,27.15999984741211,24.44385528564453,4851200,0.0
2016-02-18,27.200000762939453,27.217500686645508,26.9325008392334,26.967500686645508,24.270610809326172,3792800,0.0
2016-02-19,26.864999771118164,27.06999969482422,26.787500381469727,27.042499542236328,24.338111877441406,3252800,0.0
2016-02-22,27.282499313354492,27.4325008392334,27.2549991607666,27.392499923706055,24.65311622619629,2939200,0.0
2016-02-23,27.3174991607666,27.375,27.075000762939453,27.094999313354492,24.385356903076172,3376000,0.0
2016-02-24,26.864999771118164,27.267499923706055,26.657499313354492,27.237499237060547,24.51361083984375,3548800,0.0
2016-02-25,27.325000762939453,27.572500228881836,27.170000076293945,27.5674991607666,24.810611724853516,4381200,0.0
2016-02-26,27.707500457763672,27.712499618530273,27.450000762939453,27.49250030517578,24.74311065673828,3200400,0.0
2016-02-29,27.487499237060547,27.655000686645508,27.25,27.25,24.52486228942871,3614400,0.0
2016-03-01,27.47249984741211,27.967500686645508,27.389999389648438,27.957500457763672,25.161605834960938,4210400,0.0
2016-03-02,27.90999984741211,27.99250030517578,27.797500610351562,27.987499237060547,25.18860626220703,4198800,0.0
2016-03-03,27.905000686645508,28.012500762939453,27.799999237060547,28.0049991607666,25.204349517822266,3445600,0.0
2016-03-04,28.0674991607666,28.19499969482422,27.90250015258789,28.06999969482422,25.26285743713379,3620400,0.0
2016-03-07,27.920000076293945,28.049999237060547,27.77750015258789,27.950000762939453,25.154863357543945,4792400,0.0
2016-03-08,27.774999618530273,27.967500686645508,27.712499618530273,27.74250030517578,24.968107223510742,3639600,0.0
2016-03-09,27.875,27.899999618530273,27.725000381469727,27.899999618530273,25.1098575592041,2798000,0.0
2016-03-10,27.987499237060547,28.145000457763672,27.602500915527344,27.889999389648438,25.100860595703125,3608400,0.0
2016-03-11,28.147499084472656,28.360000610351562,28.104999542236328,28.352500915527344,25.517107009887695,2825200,0.0
2016-03-14,28.272499084472656,28.434999465942383,28.264999389648438,28.36750030517578,25.53059959411621,3608800,0.0
2016-03-15,28.2450008392334,28.3700008392334,28.209999084472656,28.362499237060547,25.526100158691406,2223200,0.0
2016-03-16,28.252500534057617,28.602500915527344,28.252500534057617,28.542499542236328,25.68810272216797,3191600,0.0
2016-03-17,28.485000610351562,28.709999084472656,28.422500610351562,28.642499923706055,25.77810287475586,2855600,0.0
2016-03-18,28.707500457763672,28.760000228881836,28.600000381469727,28.677499771118164,25.80960464477539,2684000,0.0
2016-03-21,28.65999984741211,28.790000915527344,28.627500534057617,28.762500762939453,25.886104583740234,2687600,0.0
2016-03-22,28.627500534057617,28.877500534057617,28.627500534057617,28.797500610351562,25.917600631713867,3116000,0.0
2016-03-23,28.645000457763672,28.674999237060547,28.510000228881836,28.552499771118164,25.793163299560547,2514000,0.10725
2016-03-24,28.424999237060547,28.5575008392334,28.399999618530273,28.5575008392334,25.79768180847168,2864800,0.0
2016-03-28,28.61750030517578,28.655000686645508,28.522499084472656,28.5575008392334,25.79768180847168,2219600,0.0
2016-03-29,28.520000457763672,28.9325008392334,28.50749969482422,28.920000076293945,26.125146865844727,2989600,0.0
2016-03-30,29.084999084472656,29.15999984741211,28.9950008392334,29.052499771118164,26.244844436645508,2874800,0.0
2016-03-31,29.03499984741211,29.104999542236328,28.954999923706055,28.97249984741211,26.172574996948242,3248400,0.0
2016-04-01,28.834999084472656,29.280000686645508,28.799999237060547,29.267499923706055,26.439062118530273,5061600,0.0
2016-04-04,29.264999389648438,29.272499084472656,29.1299991607666,29.18000030517578,26.360027313232422,2527200,0.0
2016-04-05,28.924999237060547,29.040000915527344,28.862499237060547,28.90999984741211,26.116121292114258,3334800,0.0
2016-04-06,28.927499771118164,29.272499084472656,28.90999984741211,29.262500762939453,26.434547424316406,5202000,0.0
2016-04-07,29.110000610351562,29.142499923706055,28.797500610351562,28.922500610351562,26.127412796020508,2662000,0.0
2016-04-08,29.087499618530273,29.142499923706055,28.852500915527344,28.940000534057617,26.143217086791992,2256400,0.0
2016-04-11,29.042499542236328,29.13249969482422,28.8075008392334,28.8174991607666,26.032554626464844,3198000,0.0
2016-04-12,28.84000015258789,29.084999084472656,28.737499237060547,29.040000915527344,26.233551025390625,5104800,0.0
2016-04-13,29.209999084472656,29.3075008392334,29.145000457763672,29.292499542236328,26.461652755737305,2201200,0.0
2016-04-14,29.30500030517578,29.377500534057617,29.237499237060547,29.287500381469727,26.457136154174805,2084400,0.0
2016-04-15,29.295000076293945,29.30500030517578,29.207500457763672,29.287500381469727,26.457136154174805,2682000,0.0
2016-04-18,29.212499618530273,29.469999313354492,29.209999084472656,29.462499618530273,26.615222930908203,1879200,0.0
2016-04-19,29.510000228881836,29.532499313354492,29.274999618530273,29.399999618530273,26.558765411376953,2827200,0.0
2016-04-20,29.43000030517578,29.514999389648438,29.309999465942383,29.395000457763672,26.554243087768555,2694800,0.0
2016-04-21,29.422500610351562,29.454999923706055,29.239999771118164,29.295000076293945,26.463909149169922,2985200,0.0
2016-04-22,29.11750030517578,29.1875,28.912500381469727,29.100000381469727,26.287748336791992,3217600,0.0
2016-04-25,29.024999618530273,29.114999771118164,28.957500457763672,29.114999771118164,26.30130386352539,2334800,0.0
2016-04-26,29.165000915527344,29.219999313354492,28.9950008392334,29.082500457763672,26.271947860717773,1699200,0.0
2016-04-27,28.9424991607666,29.0625,28.8125,29.0,26.197418212890625,2494400,0.0
2016-04-28,28.927499771118164,29.125,28.672500610351562,28.729999542236328,25.95351219177246,4109200,0.0
2016-04-29,28.677499771118164,28.72249984741211,28.427499771118164,28.6299991607666,25.863174438476562,2912400,0.0
2016-05-02,28.704999923706055,28.90999984741211,28.647499084472656,28.877500534057617,26.086759567260742,3287200,0.0
2016-05-03,28.700000762939453,28.799999237060547,28.572500228881836,28.68000030517578,25.908342361450195,6109600,0.0
2016-05-04,28.5049991607666,28.63249969482422,28.482500076293945,28.549999237060547,25.790904998779297,3183200,0.0
2016-05-05,28.59000015258789,28.672500610351562,28.510000228881836,28.5625,25.80219268798828,3573600,0.0
2016-05-06,28.475000381469727,28.6924991607666,28.422500610351562,28.6875,25.91511344909668,2550000,0.0
2016-05-09,28.6924991607666,28.88249969482422,28.6875,28.795000076293945,26.012231826782227,2138400,0.0
2016-05-10,28.90250015258789,29.167499542236328,28.90250015258789,29.149999618530273,26.332923889160156,3104800,0.0
2016-05-11,29.079999923706055,29.139999389648438,28.844999313354492,28.84749984741211,26.059659957885742,1959200,0.0
2016-05-12,28.962499618530273,28.962499618530273,28.65999984741211,28.84749984741211,26.059659957885742,2350800,0.0
2016-05-13,28.780000686645508,28.905000686645508,28.604999542236328,28.657499313354492,25.88801383972168,3408800,0.0
2016-05-16,28.684999465942383,29.032499313354492,28.672500610351562,28.959999084472656,26.161283493041992,2408000,0.0
2016-05-17,28.915000915527344,28.977500915527344,28.542499542236328,28.63249969482422,25.865432739257812,3080400,0.0
2016-05-18,28.5625,28.81999969482422,28.4424991607666,28.6299991607666,25.863174438476562,3449200,0.0
2016-05-19,28.522499084472656,28.540000915527344,28.299999237060547,28.497499465942383,25.743473052978516,2584400,0.0
2016-05-20,28.610000610351562,28.782499313354492,28.56999969482422,28.68000030517578,25.908342361450195,3242800,0.0
2016-05-23,28.702499389648438,28.747499465942383,28.61750030517578,28.63249969482422,25.865432739257812,1215200,0.0
2016-05-24,28.762500762939453,29.1299991607666,28.762500762939453,29.06999969482422,26.260656356811523,1941600,0.0
2016-05-25,29.172500610351562,29.287500381469727,29.142499923706055,29.219999313354492,26.396156311035156,1821600,0.0
2016-05-26,29.232500076293945,29.309999465942383,29.1924991607666,29.270000457763672,26.44132423400879,1570000,0.0
2016-05-27,29.282499313354492,29.397499084472656,29.27750015258789,29.389999389648438,26.549732208251953,1404000,0.0
2016-05-31,29.4424991607666,29.4424991607666,29.247499465942383,29.360000610351562,26.52263069152832,1908400,0.0
2016-06-01,29.260000228881836,29.420000076293945,29.235000610351562,29.385000228881836,26.545211791992188,1832000,0.0
2016-06-02,29.334999084472656,29.487499237060547,29.235000610351562,29.487499237060547,26.637805938720703,1244800,0.0
2016-06-03,29.434999465942383,29.459999084472656,29.225000381469727,29.397499084472656,26.556503295898438,2216800,0.0
2016-06-06,29.422500610351562,29.552499771118164,29.385000228881836,29.489999771118164,26.64006996154785,1581200,0.0
2016-06-07,29.512500762939453,29.600000381469727,29.487499237060547,29.4950008392334,26.64457893371582,1788800,0.0
2016-06-08,29.514999389648438,29.627500534057617,29.487499237060547,29.602500915527344,26.741697311401367,1611600,0.0
2016-06-09,29.482500076293945,29.604999542236328,29.467500686645508,29.587499618530273,26.72814178466797,2032000,0.0
2016-06-10,29.3700008392334,29.420000076293945,29.232500076293945,29.3174991607666,26.484230041503906,1678000,0.0
2016-06-13,29.174999237060547,29.325000762939453,29.0575008392334,29.077499389648438,26.26742172241211,2243600,0.0
2016-06-14,29.002500534057617,29.110000610351562,28.889999389648438,29.0674991607666,26.258392333984375,2804400,0.0
2016-06-15,29.13249969482422,29.217500686645508,28.9950008392334,29.024999618530273,26.220003128051758,3015200,0.0
2016-06-16,28.889999389648438,29.1299991607666,28.739999771118164,29.104999542236328,26.292266845703125,2993600,0.0
2016-06-17,29.087499618530273,29.087499618530273,28.795000076293945,28.889999389648438,26.09804916381836,3567600,0.0
2016-06-20,29.165000915527344,29.3174991607666,29.05500030517578,29.082500457763672,26.271947860717773,2646400,0.0
2016-06-21,29.030000686645508,29.077499389648438,28.954999923706055,29.022499084472656,26.329099655151367,5963200,0.123
2016-06-22,29.040000915527344,29.172500610351562,28.9424991607666,28.96500015258789,26.276931762695312,3636000,0.0
2016-06-23,29.177499771118164,29.299999237060547,29.082500457763672,29.292499542236328,26.57404327392578,3543600,0.0
2016-06-24,28.325000762939453,28.792499542236328,28.2450008392334,28.302499771118164,25.6759090423584,12017200,0.0
2016-06-27,28.125,28.125,27.709999084472656,27.827499389648438,25.2449951171875,7826000,0.0
2016-06-28,28.184999465942383,28.357500076293945,28.079999923706055,28.357500076293945,25.725814819335938,3290400,0.0
2016-06-29,28.56999969482422,28.84749984741211,28.547500610351562,28.799999237060547,26.127246856689453,2730400,0.0
2016-06-30,28.86750030517578,29.147499084472656,28.790000915527344,29.145000457763672,26.440235137939453,3136400,0.0
2016-07-01,29.155000686645508,29.344999313354492,29.127500534057617,29.229999542236328,26.517337799072266,6294000,0.0
2016-07-05,29.102500915527344,29.1825008392334,29.022499084472656,29.147499084472656,26.4424991607666,4475200,0.0
2016-07-06,29.0625,29.325000762939453,28.987499237060547,29.3125,26.592185974121094,3472000,0.0
2016-07-07,29.342500686645508,29.40999984741211,29.200000762939453,29.309999465942383,26.589927673339844,2089200,0.0
2016-07-08,29.530000686645508,29.77750015258789,29.457500457763672,29.75,26.989084243774414,2451600,0.0
2016-07-11,29.825000762939453,29.950000762939453,29.797500610351562,29.842500686645508,27.073001861572266,2112000,0.0
2016-07-12,29.987499237060547,30.045000076293945,29.924999237060547,30.0,27.215885162353516,5262000,0.0
2016-07-13,30.00749969482422,30.079999923706055,29.940000534057617,29.969999313354492,27.188669204711914,2043600,0.0
2016-07-14,30.172500610351562,30.190000534057617,30.0575008392334,30.127500534057617,27.3315486907959,1867600,0.0
2016-07-15,30.200000762939453,30.322500228881836,30.032499313354492,30.087499618530273,27.295265197753906,1909600,0.0
2016-07-18,30.107500076293945,30.22249984741211,30.09749984741211,30.202499389648438,27.39959144592285,1810800,0.0
2016-07-19,30.107500076293945,30.162500381469727,30.087499618530273,30.15250015258789,27.354228973388672,1526000,0.0
2016-07-20,30.274999618530273,30.40999984741211,30.247499465942383,30.3700008392334,27.55155372619629,2462000,0.0
2016-07-21,30.352500915527344,30.375,30.157499313354492,30.235000610351562,27.429079055786133,2119600,0.0
2016-07-22,30.25,30.372499465942383,30.1875,30.350000381469727,27.53339958190918,1489600,0.0
2016-07-25,30.34000015258789,30.342500686645508,30.209999084472656,30.30500030517578,27.492582321166992,1706400,0.0
2016-07-26,30.297500610351562,30.36750030517578,30.162500381469727,30.270000457763672,27.46082305908203,2224000,0.0
2016-07-27,30.412500381469727,30.420000076293945,30.1924991607666,30.334999084472656,27.51979637145996,3127200,0.0
2016-07-28,30.34749984741211,30.469999313354492,30.267499923706055,30.4325008392334,27.608247756958008,2658400,0.0
2016-07-29,30.4375,30.56999969482422,30.385000228881836,30.489999771118164,27.66040802001953,1928000,0.0
2016-08-01,30.50749969482422,30.649999618530273,30.459999084472656,30.584999084472656,27.746597290039062,1898400,0.0
2016-08-02,30.547500610351562,30.5674991607666,30.247499465942383,30.377500534057617,27.558353424072266,2512400,0.0
2016-08-03,30.354999542236328,30.417499542236328,30.3075008392334,30.40999984741211,27.587831497192383,2370800,0.0
2016-08-04,30.44499969482422,30.520000457763672,30.362499237060547,30.475000381469727,27.646806716918945,1642000,0.0
2016-08-05,30.5575008392334,30.6924991607666,30.522499084472656,30.670000076293945,27.82370376586914,1637600,0.0
2016-08-08,30.6875,30.704999923706055,30.5575008392334,30.610000610351562,27.76927375793457,1688400,0.0
2016-08-09,30.612499237060547,30.732500076293945,30.59749984741211,30.649999618530273,27.805561065673828,2254800,0.0
2016-08-10,30.672500610351562,30.674999237060547,30.5575008392334,30.614999771118164,27.773813247680664,1824400,0.0
2016-08-11,30.69499969482422,30.770000457763672,30.639999389648438,30.737499237060547,27.88494110107422,1254000,0.0
2016-08-12,30.6875,30.72249984741211,30.622499465942383,30.697500228881836,27.84865379333496,1713200,0.0
2016-08-15,30.760000228881836,30.832500457763672,30.704999923706055,30.780000686645508,27.92349624633789,2436000,0.0
2016-08-16,30.712499618530273,30.719999313354492,30.575000762939453,30.575000762939453,27.737518310546875,1455200,0.0
2016-08-17,30.577499389648438,30.637500762939453,30.4325008392334,30.61750030517578,27.776077270507812,1959200,0.0
2016-08-18,30.622499465942383,30.667499542236328,30.56999969482422,30.639999389648438,27.796485900878906,1082000,0.0
2016-08-19,30.59749984741211,30.65250015258789,30.514999389648438,30.637500762939453,27.794225692749023,1207600,0.0
2016-08-22,30.612499237060547,30.69499969482422,30.5575008392334,30.645000457763672,27.801025390625,1334000,0.0
2016-08-23,30.747499465942383,30.8075008392334,30.712499618530273,30.712499618530273,27.86225700378418,2411200,0.0
2016-08-24,30.719999313354492,30.719999313354492,30.454999923706055,30.52750015258789,27.69442367553711,1694800,0.0
2016-08-25,30.479999542236328,30.582500457763672,30.4325008392334,30.479999542236328,27.65134048461914,2126400,0.0
2016-08-26,30.522499084472656,30.700000762939453,30.309999465942383,30.459999084472656,27.633190155029297,2385600,0.0
2016-08-29,30.5,30.607500076293945,30.489999771118164,30.5575008392334,27.72164535522461,1723200,0.0
2016-08-30,30.549999237060547,30.56999969482422,30.385000228881836,30.46500015258789,27.63772964477539,1385600,0.0
2016-08-31,30.440000534057617,30.440000534057617,30.292499542236328,30.385000228881836,27.565149307250977,1770800,0.0
2016-09-01,30.40999984741211,30.44499969482422,30.24250030517578,30.43000030517578,27.60597801208496,2664800,0.0
2016-09-02,30.5575008392334,30.637500762939453,30.457500457763672,30.5575008392334,27.72164535522461,1305200,0.0
2016-09-06,30.59749984741211,30.674999237060547,30.50749969482422,30.674999237060547,27.82823371887207,2061200,0.0
2016-09-07,30.649999618530273,30.6825008392334,30.549999237060547,30.657499313354492,27.812358856201172,1339600,0.0
2016-09-08,30.577499389648438,30.592500686645508,30.4375,30.489999771118164,27.66040802001953,1708400,0.0
2016-09-09,30.282499313354492,30.282499313354492,29.735000610351562,29.735000610351562,26.975475311279297,3740400,0.0
2016-09-12,29.610000610351562,30.24250030517578,29.592500686645508,30.190000534057617,27.388246536254883,4890800,0.0
2016-09-13,30.024999618530273,30.0625,29.735000610351562,29.829999923706055,27.06165313720703,3461200,0.0
2016-09-14,29.857500076293945,30.072500228881836,29.815000534057617,29.90999984741211,27.134235382080078,2441600,0.0
2016-09-15,29.912500381469727,30.295000076293945,29.872499465942383,30.247499465942383,27.440418243408203,2406800,0.0
2016-09-16,30.174999237060547,30.204999923706055,30.0625,30.162500381469727,27.363300323486328,1716800,0.0
2016-09-19,30.280000686645508,30.360000610351562,30.082500457763672,30.135000228881836,27.33835792541504,1516400,0.0
2016-09-20,30.262500762939453,30.3075008392334,30.145000457763672,30.174999237060547,27.374643325805664,1558400,0.0
2016-09-21,30.30500030517578,30.514999389648438,30.122499465942383,30.487499237060547,27.658140182495117,2152400,0.0
2016-09-22,30.637500762939453,30.747499465942383,30.625,30.704999923706055,27.855453491210938,1672800,0.0
2016-09-23,30.642499923706055,30.655000686645508,30.524999618530273,30.53499984741211,27.701236724853516,1324800,0.0
2016-09-26,30.30500030517578,30.31999969482422,30.165000915527344,30.19499969482422,27.484821319580078,1804000,0.10225
2016-09-27,30.197500228881836,30.422500610351562,30.149999618530273,30.420000076293945,27.689624786376953,1538000,0.0
2016-09-28,30.457500457763672,30.512500762939453,30.3174991607666,30.49250030517578,27.755624771118164,1898400,0.0
2016-09-29,30.482500076293945,30.522499084472656,30.145000457763672,30.21500015258789,27.50302505493164,2181200,0.0
2016-09-30,30.354999542236328,30.510000228881836,30.267499923706055,30.415000915527344,27.68507194519043,1654800,0.0
2016-10-03,30.360000610351562,30.362499237060547,30.229999542236328,30.332500457763672,27.609983444213867,2697200,0.0
2016-10-04,30.387500762939453,30.40999984741211,30.107500076293945,30.207500457763672,27.496204376220703,2408800,0.0
2016-10-05,30.287500381469727,30.332500457763672,30.2450008392334,30.2549991607666,27.539438247680664,5274000,0.0
2016-10-06,30.24250030517578,30.344999313354492,30.155000686645508,30.299999237060547,27.580398559570312,1928000,0.0
2016-10-07,30.352500915527344,30.354999542236328,30.0575008392334,30.174999237060547,27.466623306274414,1804400,0.0
2016-10-10,30.174999237060547,30.405000686645508,30.174999237060547,30.322500228881836,27.600875854492188,1544000,0.0
2016-10-11,30.282499313354492,30.287500381469727,29.834999084472656,29.94499969482422,27.25726318359375,2390400,0.0
2016-10-12,29.985000610351562,30.082500457763672,29.90250015258789,30.0049991607666,27.311874389648438,2208800,0.0
2016-10-13,29.8075008392334,29.997499465942383,29.670000076293945,29.915000915527344,27.229963302612305,3121600,0.0
2016-10-14,30.032499313354492,30.1299991607666,29.920000076293945,29.924999237060547,27.239051818847656,2177600,0.0
2016-10-17,29.924999237060547,29.94499969482422,29.802499771118164,29.81999969482422,27.143478393554688,1867600,0.0
2016-10-18,30.072500228881836,30.125,29.989999771118164,30.024999618530273,27.330076217651367,2264000,0.0
2016-10-19,30.065000534057617,30.112499237060547,30.0,30.072500228881836,27.373315811157227,1881200,0.0
2016-10-20,30.045000076293945,30.09749984741211,29.915000915527344,30.010000228881836,27.31642723083496,2084000,0.0
2016-10-21,29.979999542236328,30.1299991607666,29.9424991607666,30.114999771118164,27.412006378173828,2480000,0.0
2016-10-24,30.264999389648438,30.337499618530273,30.264999389648438,30.3125,27.591779708862305,1609200,0.0
2016-10-25,30.27750015258789,30.27750015258789,30.1299991607666,30.149999618530273,27.44386100769043,2501200,0.0
2016-10-26,30.012500762939453,30.112499237060547,29.927499771118164,30.00749969482422,27.314149856567383,1914400,0.0
2016-10-27,30.1200008392334,30.1200008392334,29.844999313354492,29.8700008392334,27.18899154663086,1735200,0.0
2016-10-28,29.84000015258789,30.00749969482422,29.719999313354492,29.799999237060547,27.125276565551758,3056800,0.0
2016-10-31,29.8700008392334,29.875,29.7549991607666,29.77750015258789,27.10479164123535,1689200,0.0
2016-11-01,29.825000762939453,29.825000762939453,29.327499389648438,29.524999618530273,26.874958038330078,3559600,0.0
2016-11-02,29.485000610351562,29.565000534057617,29.280000686645508,29.329999923706055,26.697465896606445,5057200,0.0
2016-11-03,29.344999313354492,29.372499465942383,29.100000381469727,29.145000457763672,26.52906608581543,1893200,0.0
2016-11-04,29.09000015258789,29.315000534057617,29.030000686645508,29.122499465942383,26.508581161499023,3926000,0.0
2016-11-07,29.547500610351562,29.774999618530273,29.517499923706055,29.764999389648438,27.09341049194336,2037600,0.0
2016-11-08,29.729999542236328,30.022499084472656,29.690000534057617,29.9375,27.250438690185547,2217200,0.0
2016-11-09,29.635000228881836,30.137500762939453,29.579999923706055,30.0625,27.364215850830078,5852400,0.0
2016-11-10,30.217500686645508,30.232500076293945,29.637500762939453,29.88249969482422,27.20037078857422,4641600,0.0
2016-11-11,29.8075008392334,29.922500610351562,29.712499618530273,29.852500915527344,27.17306137084961,2802800,0.0
2016-11-14,29.927499771118164,29.927499771118164,29.547500610351562,29.635000228881836,26.97508430480957,2438000,0.0
2016-11-15,29.770000457763672,29.907499313354492,29.725000381469727,29.877500534057617,27.195819854736328,3738000,0.0
2016-11-16,29.802499771118164,29.99250030517578,29.78499984741211,29.989999771118164,27.298219680786133,3638800,0.0
2016-11-17,30.010000228881836,30.172500610351562,29.967500686645508,30.172500610351562,27.46434211730957,2511200,0.0
2016-11-18,30.225000381469727,30.239999771118164,30.047500610351562,30.075000762939453,27.37558937072754,3045200,0.0
2016-11-21,30.172500610351562,30.322500228881836,30.110000610351562,30.309999465942383,27.589500427246094,2437600,0.0
2016-11-22,30.385000228881836,30.40250015258789,30.270000457763672,30.3700008392334,27.644119262695312,4353600,0.0
2016-11-23,30.280000686645508,30.334999084472656,30.212499618530273,30.332500457763672,27.609983444213867,3419200,0.0
2016-11-25,30.395000457763672,30.4424991607666,30.372499465942383,30.4424991607666,27.710102081298828,932800,0.0
2016-11-28,30.40250015258789,30.4424991607666,30.297500610351562,30.31999969482422,27.59859848022461,2870800,0.0
2016-11-29,30.337499618530273,30.4950008392334,30.302499771118164,30.40999984741211,27.680526733398438,3053200,0.0
2016-11-30,30.467500686645508,30.467500686645508,30.13249969482422,30.137500762939453,27.43248748779297,3872800,0.0
2016-12-01,30.137500762939453,30.137500762939453,29.774999618530273,29.834999084472656,27.157129287719727,4316400,0.0
2016-12-02,29.822500228881836,29.969999313354492,29.78499984741211,29.895000457763672,27.21175193786621,3118400,0.0
2016-12-05,30.030000686645508,30.139999389648438,29.959999084472656,30.082500457763672,27.38241958618164,2199600,0.0
2016-12-06,30.135000228881836,30.147499084472656,30.042499542236328,30.147499084472656,27.44158363342285,2560800,0.0
2016-12-07,30.107500076293945,30.53499984741211,30.037500381469727,30.510000228881836,27.77155113220215,5156000,0.0
2016-12-08,30.52750015258789,30.6299991607666,30.447500228881836,30.5674991607666,27.823881149291992,3094400,0.0
2016-12-09,30.6200008392334,30.790000915527344,30.6200008392334,30.780000686645508,28.017316818237305,4343600,0.0
2016-12-12,30.725000381469727,30.772499084472656,30.637500762939453,30.727500915527344,27.969532012939453,1870000,0.0
2016-12-13,30.825000762939453,31.077499389648438,30.8075008392334,30.985000610351562,28.203916549682617,3799200,0.0
2016-12-14,30.982500076293945,31.0625,30.74250030517578,30.799999237060547,28.035512924194336,3530000,0.0
2016-12-15,30.857500076293945,31.032499313354492,30.825000762939453,30.885000228881836,28.112892150878906,3809600,0.0
2016-12-16,30.962499618530273,30.987499237060547,30.780000686645508,30.8075008392334,28.04234504699707,3672400,0.0
2016-12-19,30.864999771118164,31.022499084472656,30.827499389648438,30.90999984741211,28.13564682006836,2829200,0.0
2016-12-20,30.982500076293945,31.037500381469727,30.957500457763672,31.022499084472656,28.238046646118164,2058800,0.0
2016-12-21,30.877500534057617,30.899999618530273,30.799999237060547,30.8075008392334,28.159217834472656,2846000,0.12875
2016-12-22,30.787500381469727,30.799999237060547,30.657499313354492,30.735000610351562,28.092945098876953,2002400,0.0
2016-12-23,30.732500076293945,30.772499084472656,30.697500228881836,30.772499084472656,28.127222061157227,1526400,0.0
2016-12-27,30.827499389648438,30.96500015258789,30.790000915527344,30.857500076293945,28.204917907714844,1914000,0.0
2016-12-28,30.912500381469727,30.922500610351562,30.604999542236328,30.6200008392334,27.987834930419922,2226800,0.0
2016-12-29,30.6299991607666,30.69499969482422,30.559999465942383,30.642499923706055,28.008390426635742,8414400,0.0
2016-12-30,30.704999923706055,30.707500457763672,30.357500076293945,30.447500228881836,27.830162048339844,2198000,0.0
2017-01-03,30.625,30.764999389648438,30.50749969482422,30.657499313354492,28.022106170654297,5124400,0.0
2017-01-04,30.709999084472656,30.885000228881836,30.709999084472656,30.854999542236328,28.202632904052734,13671200,0.0
2017-01-05,30.81999969482422,30.9325008392334,30.8174991607666,30.90999984741211,28.252904891967773,3084800,0.0
2017-01-06,30.950000762939453,31.165000915527344,30.860000610351562,31.100000381469727,28.426570892333984,3480400,0.0
2017-01-09,31.087499618530273,31.1299991607666,31.045000076293945,31.077499389648438,28.406002044677734,2365600,0.0
2017-01-10,31.06999969482422,31.174999237060547,31.0,31.040000915527344,28.37173080444336,3414000,0.0
2017-01-11,31.037500381469727,31.1200008392334,30.920000076293945,31.114999771118164,28.440279006958008,2484000,0.0
2017-01-12,31.032499313354492,31.09749984741211,30.84749984741211,31.075000762939453,28.403717041015625,2274000,0.0
2017-01-13,31.107500076293945,31.174999237060547,31.09000015258789,31.142499923706055,28.46541404724121,7708000,0.0
2017-01-17,31.0674991607666,31.127500534057617,31.014999389648438,31.082500457763672,28.41057586669922,4458800,0.0
2017-01-18,31.127500534057617,31.15999984741211,31.05500030517578,31.155000686645508,28.476844787597656,3043200,0.0
2017-01-19,31.1825008392334,31.225000381469727,31.02750015258789,31.09749984741211,28.424283981323242,3582800,0.0
2017-01-20,31.229999542236328,31.260000228881836,31.110000610351562,31.18000030517578,28.49968910217285,2777200,0.0
2017-01-23,31.149999618530273,31.204999923706055,31.012500762939453,31.15999984741211,28.481414794921875,6373200,0.0
2017-01-24,31.18000030517578,31.372499465942383,31.142499923706055,31.322500228881836,28.629941940307617,2194000,0.0
2017-01-25,31.450000762939453,31.5674991607666,31.4325008392334,31.5625,28.849308013916016,2397600,0.0
2017-01-26,31.577499389648438,31.600000381469727,31.517499923706055,31.552499771118164,28.84017562866211,2005200,0.0
2017-01-27,31.594999313354492,31.612499237060547,31.524999618530273,31.579999923706055,28.865304946899414,3086400,0.0
2017-01-30,31.477500915527344,31.477500915527344,31.22249984741211,31.387500762939453,28.68935203552246,3219600,0.0
2017-01-31,31.282499313354492,31.337499618530273,31.190000534057617,31.337499618530273,28.643653869628906,3592000,0.0
2017-02-01,31.469999313354492,31.5,31.295000076293945,31.397499084472656,28.698497772216797,3156400,0.0
2017-02-02,31.344999313354492,31.487499237060547,31.3125,31.427499771118164,28.725919723510742,2206400,0.0
2017-02-03,31.512500762939453,31.607500076293945,31.497499465942383,31.59749984741211,28.88130760192871,1828400,0.0
2017-02-06,31.547500610351562,31.579999923706055,31.497499465942383,31.565000534057617,28.851598739624023,1906000,0.0
2017-02-07,31.61750030517578,31.6825008392334,31.579999923706055,31.607500076293945,28.89044189453125,2697600,0.0
2017-02-08,31.582500457763672,31.6924991607666,31.540000915527344,31.674999237060547,28.952138900756836,2176400,0.0
2017-02-09,31.712499618530273,31.875,31.69499969482422,31.825000762939453,29.08924674987793,2305200,0.0
2017-02-10,31.887500762939453,31.977500915527344,31.860000610351562,31.9424991607666,29.196645736694336,2378400,0.0
2017-02-13,32.029998779296875,32.1349983215332,32.0,32.095001220703125,29.33603858947754,3305600,0.0
2017-02-14,32.06999969482422,32.20249938964844,32.00749969482422,32.19499969482422,29.427440643310547,2065600,0.0
2017-02-15,32.192501068115234,32.400001525878906,32.17499923706055,32.369998931884766,29.5873966217041,2067200,0.0
2017-02-16,32.3849983215332,32.407501220703125,32.24250030517578,32.36000061035156,29.578262329101562,3542800,0.0
2017-02-17,32.287498474121094,32.41749954223633,32.275001525878906,32.41749954223633,29.63081169128418,1546400,0.0
2017-02-21,32.5,32.61000061035156,32.45500183105469,32.57749938964844,29.777063369750977,1623600,0.0
2017-02-22,32.54249954223633,32.59749984741211,32.5,32.58000183105469,29.77934455871582,1685600,0.0
2017-02-23,32.63750076293945,32.657501220703125,32.4375,32.54999923706055,29.751928329467773,1856400,0.0
2017-02-24,32.439998626708984,32.650001525878906,32.43000030517578,32.650001525878906,29.84333038330078,2574000,0.0
2017-02-27,32.64500045776367,32.712501525878906,32.58000183105469,32.689998626708984,29.87989044189453,1832400,0.0
2017-02-28,32.65999984741211,32.6875,32.557498931884766,32.61249923706055,29.809053421020508,2159200,0.0
2017-03-01,32.83250045776367,33.08000183105469,32.814998626708984,33.01750183105469,30.179235458374023,3903600,0.0
2017-03-02,32.99250030517578,32.99250030517578,32.81999969482422,32.842498779296875,30.019285202026367,2526000,0.0
2017-03-03,32.82500076293945,32.88999938964844,32.747501373291016,32.8849983215332,30.058124542236328,3658800,0.0
2017-03-06,32.76750183105469,32.8650016784668,32.70750045776367,32.81999969482422,29.998720169067383,1669600,0.0
2017-03-07,32.752498626708984,32.85749816894531,32.71500015258789,32.76250076293945,29.94615364074707,2010800,0.0
2017-03-08,32.77000045776367,32.84749984741211,32.709999084472656,32.7400016784668,29.925588607788086,3172000,0.0
2017-03-09,32.72999954223633,32.807498931884766,32.622501373291016,32.76250076293945,29.94615364074707,1807200,0.0
2017-03-10,32.91999816894531,32.935001373291016,32.7599983215332,32.880001068115234,30.053552627563477,1562000,0.0
2017-03-13,32.897499084472656,32.94499969482422,32.849998474121094,32.9275016784668,30.096981048583984,1554400,0.0
2017-03-14,32.8650016784668,32.872501373291016,32.747501373291016,32.83000183105469,30.007854461669922,2001600,0.0
2017-03-15,32.89250183105469,33.18000030517578,32.86750030517578,33.10749816894531,30.261497497558594,2848000,0.0
2017-03-16,33.15999984741211,33.15999984741211,32.99250030517578,33.064998626708984,30.2226505279541,5080400,0.0
2017-03-17,33.13249969482422,33.17250061035156,33.05500030517578,33.057498931884766,30.21580696105957,1354000,0.0
2017-03-20,33.07749938964844,33.1349983215332,32.9900016784668,33.064998626708984,30.2226505279541,4077600,0.0
2017-03-21,33.147499084472656,33.20249938964844,32.66749954223633,32.6974983215332,29.88674545288086,3865600,0.0
2017-03-22,32.70249938964844,32.842498779296875,32.622501373291016,32.807498931884766,29.98729133605957,5277200,0.0
2017-03-23,32.747501373291016,32.900001525878906,32.689998626708984,32.7400016784668,29.925588607788086,2954400,0.0
2017-03-24,32.709999084472656,32.77000045776367,32.502498626708984,32.625,29.920772552490234,2777200,0.10975
2017-03-27,32.375,32.650001525878906,32.3125,32.61000061035156,29.907020568847656,4192000,0.0
2017-03-28,32.56999969482422,32.875,32.52750015258789,32.810001373291016,30.090444564819336,4001200,0.0
2017-03-29,32.76750183105469,32.904998779296875,32.7400016784668,32.877498626708984,30.152345657348633,1806000,0.0
2017-03-30,32.875,32.970001220703125,32.83000183105469,32.91749954223633,30.189035415649414,2029600,0.0
2017-03-31,32.88999938964844,32.9900016784668,32.86000061035156,32.880001068115234,30.154638290405273,2034400,0.0
2017-04-03,32.912498474121094,32.962501525878906,32.6875,32.869998931884766,30.14546775817871,9721600,0.0
2017-04-04,32.83000183105469,32.88999938964844,32.77000045776367,32.8849983215332,30.159225463867188,3788400,0.0
2017-04-05,32.959999084472656,33.15250015258789,32.77000045776367,32.80500030517578,30.08584976196289,10002400,0.0
2017-04-06,32.84749984741211,32.93000030517578,32.77000045776367,32.852500915527344,30.129411697387695,2106800,0.0
2017-04-07,32.85499954223633,32.94499969482422,32.772499084472656,32.834999084472656,30.113361358642578,1710000,0.0
2017-04-10,32.869998931884766,32.977500915527344,32.779998779296875,32.849998474121094,30.127120971679688,2098400,0.0
2017-04-11,32.80500030517578,32.842498779296875,32.58000183105469,32.80500030517578,30.08584976196289,3247600,0.0
2017-04-12,32.77000045776367,32.78499984741211,32.63750076293945,32.6775016784668,29.968929290771484,2130800,0.0
2017-04-13,32.6349983215332,32.755001068115234,32.5099983215332,32.5099983215332,29.8153076171875,2322400,0.0
2017-04-17,32.5724983215332,32.79750061035156,32.5724983215332,32.79750061035156,30.0789852142334,2004400,0.0
2017-04-18,32.6974983215332,32.8125,32.63999938964844,32.72999954223633,30.017078399658203,1764400,0.0
2017-04-19,32.82500076293945,32.88999938964844,32.6775016784668,32.720001220703125,30.007896423339844,2062400,0.0
2017-04-20,32.8125,33.032501220703125,32.76750183105469,32.967498779296875,30.234888076782227,5147200,0.0
2017-04-21,32.967498779296875,32.97999954223633,32.845001220703125,32.9275016784668,30.198211669921875,5877200,0.0
2017-04-24,33.154998779296875,33.290000915527344,33.154998779296875,33.255001068115234,30.498563766479492,7671200,0.0
2017-04-25,33.36249923706055,33.525001525878906,33.345001220703125,33.467498779296875,30.693445205688477,2552800,0.0
2017-04-26,33.4900016784668,33.5625,33.432498931884766,33.4474983215332,30.67510223388672,2577600,0.0
2017-04-27,33.5,33.56999969482422,33.459999084472656,33.529998779296875,30.75075340270996,2106800,0.0
2017-04-28,33.61249923706055,33.647499084472656,33.49250030517578,33.52750015258789,30.74846649169922,1870400,0.0
2017-05-01,33.622501373291016,33.727500915527344,33.58000183105469,33.65999984741211,30.8699893951416,2491200,0.0
2017-05-02,33.709999084472656,33.74250030517578,33.64250183105469,33.724998474121094,30.929597854614258,1691600,0.0
2017-05-03,33.662498474121094,33.662498474121094,33.52000045776367,33.630001068115234,30.842479705810547,5596000,0.0
2017-05-04,33.657501220703125,33.682498931884766,33.532501220703125,33.6775016784668,30.886043548583984,8229200,0.0
2017-05-05,33.72999954223633,33.807498931884766,33.662498474121094,33.80500030517578,31.002967834472656,1542400,0.0
2017-05-08,33.8224983215332,33.84000015258789,33.74250030517578,33.837501525878906,31.032777786254883,1642800,0.0
2017-05-09,33.880001068115234,33.9275016784668,33.80500030517578,33.8650016784668,31.057992935180664,2105600,0.0
2017-05-10,33.85749816894531,33.907501220703125,33.8025016784668,33.907501220703125,31.096981048583984,1492400,0.0
2017-05-11,33.82500076293945,33.869998931884766,33.66999816894531,33.85749816894531,31.05110740661621,2075600,0.0
2017-05-12,33.845001220703125,33.88750076293945,33.8125,33.8650016784668,31.057992935180664,1174800,0.0
2017-05-15,33.91999816894531,34.025001525878906,33.89250183105469,34.01250076293945,31.19328498840332,1172000,0.0
2017-05-16,34.0625,34.07500076293945,33.95000076293945,34.037498474121094,31.21617889404297,1326800,0.0
2017-05-17,33.779998779296875,33.842498779296875,33.412498474121094,33.41749954223633,30.6475830078125,2630000,0.0
2017-05-18,33.400001525878906,33.7400016784668,33.38249969482422,33.61750030517578,30.831012725830078,2507600,0.0
2017-05-19,33.709999084472656,33.915000915527344,33.66999816894531,33.814998626708984,31.012134552001953,4613600,0.0
2017-05-22,33.904998779296875,34.04999923706055,33.88999938964844,34.032501220703125,31.211612701416016,1512000,0.0
2017-05-23,34.1150016784668,34.1150016784668,34.01250076293945,34.05500030517578,31.232242584228516,1936400,0.0
2017-05-24,34.1150016784668,34.209999084472656,34.06999969482422,34.189998626708984,31.356056213378906,2461600,0.0
2017-05-25,34.272499084472656,34.49250030517578,34.252498626708984,34.43000030517578,31.57615852355957,2167200,0.0
2017-05-26,34.4375,34.462501525878906,34.400001525878906,34.45000076293945,31.59449577331543,1520400,0.0
2017-05-30,34.41999816894531,34.47999954223633,34.36750030517578,34.45500183105469,31.599084854125977,1224400,0.0
2017-05-31,34.525001525878906,34.537498474121094,34.342498779296875,34.47249984741211,31.615140914916992,1519600,0.0
2017-06-01,34.537498474121094,34.67499923706055,34.477500915527344,34.66999816894531,31.796262741088867,3062800,0.0
2017-06-02,34.744998931884766,34.932498931884766,34.70750045776367,34.904998779296875,32.011783599853516,1746000,0.0
2017-06-05,34.904998779296875,34.932498931884766,34.86000061035156,34.89250183105469,32.00032043457031,2138800,0.0
2017-06-06,34.817501068115234,34.904998779296875,34.76499938964844,34.78499984741211,31.901737213134766,1597600,0.0
2017-06-07,34.85749816894531,34.88750076293945,34.720001220703125,34.85749816894531,31.968223571777344,1522800,0.0
2017-06-08,34.880001068115234,34.897499084472656,34.709999084472656,34.82500076293945,31.938425064086914,2185600,0.0
2017-06-09,34.8650016784668,34.93000030517578,34.1775016784668,34.477500915527344,31.619722366333008,2326400,0.0
2017-06-12,34.3650016784668,34.375,34.10749816894531,34.375,31.52571678161621,2009600,0.0
2017-06-13,34.50749969482422,34.60749816894531,34.41999816894531,34.587501525878906,31.720592498779297,1434400,0.0
2017-06-14,34.685001373291016,34.70000076293945,34.36750030517578,34.54750061035156,31.683935165405273,1423200,0.0
2017-06-15,34.29249954223633,34.505001068115234,34.19499969482422,34.48749923706055,31.62889862060547,1751200,0.0
2017-06-16,34.532501220703125,34.540000915527344,34.372501373291016,34.505001068115234,31.644943237304688,1302000,0.0
2017-06-19,34.67250061035156,34.875,34.662498474121094,34.86750030517578,31.977388381958008,1480800,0.0
2017-06-20,34.807498931884766,34.842498779296875,34.63750076293945,34.63999938964844,31.76877212524414,1372800,0.0
2017-06-21,34.70000076293945,34.76250076293945,34.650001525878906,34.75,31.869640350341797,1386400,0.0
2017-06-22,34.77000045776367,34.86000061035156,34.70750045776367,34.755001068115234,31.87423324584961,1409200,0.0
2017-06-23,34.75749969482422,34.88999938964844,34.685001373291016,34.842498779296875,31.95447540283203,1631600,0.0
2017-06-26,34.977500915527344,35.01750183105469,34.75749969482422,34.77750015258789,31.894872665405273,2908800,0.0
2017-06-27,34.59000015258789,34.61750030517578,34.26499938964844,34.272499084472656,31.542598724365234,2217600,0.12225
2017-06-28,34.400001525878906,34.61750030517578,34.307498931884766,34.595001220703125,31.83940887451172,2430400,0.0
2017-06-29,34.529998779296875,34.529998779296875,33.9375,34.15250015258789,31.432140350341797,2787600,0.0
2017-06-30,34.3224983215332,34.345001220703125,34.18000030517578,34.212501525878906,31.48737335205078,2151200,0.0
2017-07-03,34.35499954223633,34.40250015258789,34.130001068115234,34.13999938964844,31.420650482177734,1461600,0.0
2017-07-05,34.212501525878906,34.334999084472656,34.099998474121094,34.290000915527344,31.558700561523438,4386400,0.0
2017-07-06,34.162498474121094,34.162498474121094,33.95000076293945,34.0,31.291791915893555,5598800,0.0
2017-07-07,34.084999084472656,34.3224983215332,34.084999084472656,34.272499084472656,31.542598724365234,2448800,0.0
2017-07-10,34.29249954223633,34.44499969482422,34.2400016784668,34.380001068115234,31.641536712646484,2043200,0.0
2017-07-11,34.36750030517578,34.4275016784668,34.16749954223633,34.380001068115234,31.641536712646484,1916000,0.0
2017-07-12,34.58000183105469,34.7400016784668,34.58000183105469,34.6974983215332,31.933740615844727,1565600,0.0
2017-07-13,34.73749923706055,34.79499816894531,34.67499923706055,34.75749969482422,31.988962173461914,4368400,0.0
2017-07-14,34.845001220703125,35.025001525878906,34.81999969482422,34.970001220703125,32.184539794921875,3471600,0.0
2017-07-17,34.9900016784668,35.037498474121094,34.962501525878906,34.98249816894531,32.19602966308594,1508800,0.0
2017-07-18,34.939998626708984,35.095001220703125,34.88999938964844,35.092498779296875,32.29729080200195,3198800,0.0
2017-07-19,35.15999984741211,35.290000915527344,35.154998779296875,35.282501220703125,32.472137451171875,6347600,0.0
2017-07-20,35.352500915527344,35.352500915527344,35.18000030517578,35.29249954223633,32.481346130371094,3510400,0.0
2017-07-21,35.20500183105469,35.29249954223633,35.16749954223633,35.29249954223633,32.481346130371094,1920000,0.0
2017-07-24,35.287498474121094,35.32500076293945,35.20000076293945,35.30500030517578,32.49285888671875,1239200,0.0
2017-07-25,35.35499954223633,35.35499954223633,35.2599983215332,35.29249954223633,32.481346130371094,2693600,0.0
2017-07-26,35.34749984741211,35.36750030517578,35.3025016784668,35.342498779296875,32.52736282348633,1800400,0.0
2017-07-27,35.5,35.5,34.97249984741211,35.244998931884766,32.4376335144043,3531600,0.0
2017-07-28,35.1150016784668,35.220001220703125,35.07749938964844,35.20000076293945,32.39622497558594,1602800,0.0
2017-07-31,35.27750015258789,35.28499984741211,35.0724983215332,35.10499954223633,32.30879592895508,7361600,0.0
2017-08-01,35.212501525878906,35.220001220703125,35.1150016784668,35.15999984741211,32.359405517578125,1713600,0.0
2017-08-02,35.30500030517578,35.30500030517578,35.03499984741211,35.212501525878906,32.40771484375,3632800,0.0
2017-08-03,35.23249816894531,35.23249816894531,35.099998474121094,35.150001525878906,32.3502082824707,2384800,0.0
2017-08-04,35.23749923706055,35.26499938964844,35.119998931884766,35.20500183105469,32.40081024169922,1187600,0.0
2017-08-07,35.2400016784668,35.3224983215332,35.212501525878906,35.3224983215332,32.50896072387695,1430400,0.0
2017-08-08,35.2599983215332,35.45000076293945,35.16749954223633,35.24250030517578,32.435333251953125,3705200,0.0
2017-08-09,35.087501525878906,35.26499938964844,35.04999923706055,35.252498626708984,32.44453430175781,1227200,0.0
2017-08-10,35.11750030517578,35.13249969482422,34.692501068115234,34.70750045776367,31.942956924438477,2175600,0.0
2017-08-11,34.72999954223633,34.92250061035156,34.717498779296875,34.83250045776367,32.0579948425293,1698800,0.0
2017-08-14,35.09000015258789,35.26250076293945,35.0625,35.22249984741211,32.41692352294922,1591600,0.0
2017-08-15,35.26750183105469,35.30500030517578,35.157501220703125,35.22249984741211,32.41692352294922,1178800,0.0
2017-08-16,35.29249954223633,35.412498474121094,35.25,35.3125,32.499752044677734,1831600,0.0
2017-08-17,35.217498779296875,35.282501220703125,34.75749969482422,34.7599983215332,31.991270065307617,2396800,0.0
2017-08-18,34.744998931884766,34.89250183105469,34.61249923706055,34.6974983215332,31.933740615844727,1916800,0.0
2017-08-21,34.6875,34.779998779296875,34.54999923706055,34.747501373291016,31.979761123657227,2328400,0.0
2017-08-22,34.845001220703125,35.182498931884766,34.845001220703125,35.15250015258789,32.35250473022461,1670800,0.0
2017-08-23,34.997501373291016,35.067501068115234,34.95500183105469,35.0,32.212158203125,2202800,0.0
2017-08-24,35.07500076293945,35.10749816894531,34.82500076293945,34.932498931884766,32.150020599365234,3144800,0.0
2017-08-25,35.067501068115234,35.147499084472656,34.935001373291016,34.967498779296875,32.18223190307617,2581600,0.0
2017-08-28,35.0625,35.0724983215332,34.962501525878906,35.032501220703125,32.2420654296875,1810000,0.0
2017-08-29,34.8224983215332,35.16749954223633,34.78499984741211,35.1150016784668,32.317989349365234,1709200,0.0
2017-08-30,35.13750076293945,35.39500045776367,35.099998474121094,35.352500915527344,32.53656768798828,1510000,0.0
2017-08-31,35.467498779296875,35.654998779296875,35.435001373291016,35.60749816894531,32.771263122558594,1766800,0.0
2017-09-01,35.67499923706055,35.71500015258789,35.58250045776367,35.61750030517578,32.780452728271484,1756000,0.0
2017-09-05,35.532501220703125,35.59749984741211,35.217498779296875,35.40999984741211,32.58949279785156,2799600,0.0
2017-09-06,35.529998779296875,35.56999969482422,35.369998931884766,35.52000045776367,32.69073486328125,3012000,0.0
2017-09-07,35.59000015258789,35.65250015258789,35.51499938964844,35.63249969482422,32.79426956176758,1802000,0.0
2017-09-08,35.5724983215332,35.61750030517578,35.48249816894531,35.51499938964844,32.68612289428711,2216000,0.0
2017-09-11,35.70249938964844,35.86000061035156,35.70249938964844,35.842498779296875,32.98753356933594,1806000,0.0
2017-09-12,35.91999816894531,35.94499969482422,35.807498931884766,35.915000915527344,33.054264068603516,1454400,0.0
2017-09-13,35.85749816894531,35.900001525878906,35.82500076293945,35.897499084472656,33.03815460205078,1221200,0.0
2017-09-14,35.81999969482422,35.907501220703125,35.76750183105469,35.8650016784668,33.00825500488281,1445600,0.0
2017-09-15,35.86750030517578,35.9375,35.814998626708984,35.89500045776367,33.03586959838867,1276400,0.0
2017-09-18,35.959999084472656,36.00749969482422,35.837501525878906,35.91749954223633,33.05656433105469,1068800,0.0
2017-09-19,35.96500015258789,35.98249816894531,35.877498626708984,35.93000030517578,33.068084716796875,1205200,0.0
2017-09-20,35.935001373291016,35.959999084472656,35.6974983215332,35.907501220703125,33.0473747253418,1670000,0.0
2017-09-21,35.869998931884766,35.877498626708984,35.724998474121094,35.77000045776367,32.92082977294922,1436400,0.0
2017-09-22,35.70500183105469,35.790000915527344,35.685001373291016,35.7599983215332,32.911617279052734,2696400,0.0
2017-09-25,35.69499969482422,35.70249938964844,35.45000076293945,35.54750061035156,32.71603012084961,2744000,0.0
2017-09-26,35.51499938964844,35.57749938964844,35.400001525878906,35.462501525878906,32.76153564453125,4544400,0.13425
2017-09-27,35.584999084472656,35.71500015258789,35.459999084472656,35.64250183105469,32.92783737182617,5368000,0.0
2017-09-28,35.59749984741211,35.70000076293945,35.560001373291016,35.685001373291016,32.96710205078125,2297200,0.0
2017-09-29,35.70249938964844,35.86750030517578,35.67250061035156,35.85499954223633,33.124149322509766,2044000,0.0
2017-10-02,35.904998779296875,36.002498626708984,35.83000183105469,35.95249938964844,33.214210510253906,2630000,0.0
2017-10-03,35.967498779296875,36.037498474121094,35.94499969482422,36.025001525878906,33.281192779541016,2103200,0.0
2017-10-04,36.025001525878906,36.102500915527344,35.96500015258789,36.087501525878906,33.33892822265625,3253600,0.0
2017-10-05,36.127498626708984,36.3224983215332,36.127498626708984,36.3224983215332,33.5560417175293,1375600,0.0
2017-10-06,36.24250030517578,36.34000015258789,36.23249816894531,36.337501525878906,33.56989288330078,1244000,0.0
2017-10-09,36.38750076293945,36.404998779296875,36.28499984741211,36.317501068115234,33.55141830444336,1136400,0.0
2017-10-10,36.43000030517578,36.45750045776367,36.2599983215332,36.36249923706055,33.59299850463867,12698800,0.0
2017-10-11,36.36249923706055,36.47249984741211,36.34749984741211,36.470001220703125,33.69229507446289,3215200,0.0
2017-10-12,36.40999984741211,36.54999923706055,36.40999984741211,36.477500915527344,33.69922637939453,3862000,0.0
2017-10-13,36.59000015258789,36.60499954223633,36.529998779296875,36.5525016784668,33.76851272583008,2411600,0.0
2017-10-16,36.61249923706055,36.625,36.51499938964844,36.60499954223633,33.8170166015625,2418400,0.0
2017-10-17,36.59000015258789,36.67250061035156,36.58000183105469,36.65999984741211,33.867835998535156,1532000,0.0
2017-10-18,36.72249984741211,36.73500061035156,36.64500045776367,36.682498931884766,33.88862991333008,2121600,0.0
2017-10-19,36.540000915527344,36.657501220703125,36.439998626708984,36.657501220703125,33.86552810668945,1905600,0.0
2017-10-20,36.775001525878906,36.810001373291016,36.71500015258789,36.78499984741211,33.98331832885742,2632400,0.0
2017-10-23,36.86249923706055,36.86249923706055,36.57749938964844,36.599998474121094,33.81239700317383,2570400,0.0
2017-10-24,36.654998779296875,36.66999816894531,36.55500030517578,36.6349983215332,33.84474182128906,1295200,0.0
2017-10-25,36.5625,36.63249969482422,36.290000915527344,36.47999954223633,33.70154571533203,1760800,0.0
2017-10-26,36.532501220703125,36.57500076293945,36.45750045776367,36.49250030517578,33.71308898925781,2398000,0.0
2017-10-27,36.779998779296875,37.099998474121094,36.77750015258789,37.067501068115234,34.24428939819336,1875600,0.0
2017-10-30,36.779998779296875,37.102500915527344,36.779998779296875,36.994998931884766,34.17731857299805,6210000,0.0
2017-10-31,37.04999923706055,37.08000183105469,36.970001220703125,37.03499984741211,34.214271545410156,2619600,0.0
2017-11-01,37.1875,37.1875,36.970001220703125,37.04249954223633,34.22121047973633,1689200,0.0
2017-11-02,37.040000915527344,37.07749938964844,36.88249969482422,37.057498931884766,34.235050201416016,1963200,0.0
2017-11-03,37.14250183105469,37.287498474121094,37.04750061035156,37.28499984741211,34.44523620605469,1907200,0.0
2017-11-06,37.290000915527344,37.412498474121094,37.290000915527344,37.375,34.52836990356445,1691600,0.0
2017-11-07,37.404998779296875,37.45500183105469,37.310001373291016,37.41749954223633,34.56764221191406,5899600,0.0
2017-11-08,37.40999984741211,37.540000915527344,37.369998931884766,37.52750015258789,34.669246673583984,1651200,0.0
2017-11-09,37.314998626708984,37.3650016784668,37.04750061035156,37.34000015258789,34.496036529541016,2362400,0.0
2017-11-10,37.247501373291016,37.36000061035156,37.21500015258789,37.342498779296875,34.498348236083984,3574400,0.0
2017-11-13,37.25,37.41749954223633,37.20000076293945,37.380001068115234,34.53299331665039,1329600,0.0
2017-11-14,37.26250076293945,37.32500076293945,37.127498626708984,37.307498931884766,34.46601867675781,1492400,0.0
2017-11-15,37.13750076293945,37.189998626708984,36.99250030517578,37.0625,34.23968505859375,3370800,0.0
2017-11-16,37.212501525878906,37.462501525878906,37.20750045776367,37.407501220703125,34.558387756347656,1701200,0.0
2017-11-17,37.352500915527344,37.3650016784668,37.2400016784668,37.25749969482422,34.41981887817383,2368800,0.0
2017-11-20,37.29999923706055,37.349998474121094,37.27000045776367,37.3125,34.47063446044922,1541600,0.0
2017-11-21,37.45249938964844,37.647499084472656,37.41749954223633,37.627498626708984,34.76164245605469,1390400,0.0
2017-11-22,37.63999938964844,37.6775016784668,37.557498931884766,37.595001220703125,34.73162078857422,1174800,0.0
2017-11-24,37.685001373291016,37.73749923706055,37.650001525878906,37.73249816894531,34.858642578125,528400,0.0
2017-11-27,37.75,37.8025016784668,37.6974983215332,37.744998931884766,34.870201110839844,1063600,0.0
2017-11-28,37.8224983215332,37.9900016784668,37.75749969482422,37.98249816894531,35.089603424072266,1776400,0.0
2017-11-29,37.98249816894531,37.997501373291016,37.56999969482422,37.70750045776367,34.835548400878906,2290800,0.0
2017-11-30,37.85749816894531,38.165000915527344,37.814998626708984,38.0525016784668,35.15427017211914,1809600,0.0
2017-12-01,37.96500015258789,38.092498779296875,37.45249938964844,37.94499969482422,35.05495834350586,3481600,0.0
2017-12-04,38.20000076293945,38.224998474121094,37.685001373291016,37.6974983215332,34.82630920410156,7100400,0.0
2017-12-05,37.65999984741211,37.95500183105469,37.61000061035156,37.625,34.759334564208984,6788000,0.0
2017-12-06,37.654998779296875,37.75749969482422,37.525001525878906,37.70500183105469,34.833251953125,2726000,0.0
2017-12-07,37.712501525878906,37.904998779296875,37.692501068115234,37.8650016784668,34.98106384277344,1470400,0.0
2017-12-08,38.02000045776367,38.09749984741211,37.98749923706055,38.05500030517578,35.15657424926758,6240800,0.0
2017-12-11,38.08250045776367,38.21500015258789,38.0625,38.20750045776367,35.29747009277344,2155600,0.0
2017-12-12,38.290000915527344,38.32500076293945,38.18000030517578,38.217498779296875,35.306697845458984,1388000,0.0
2017-12-13,38.272499084472656,38.372501373291016,38.247501373291016,38.26499938964844,35.3505859375,1637600,0.0
2017-12-14,38.32500076293945,38.35749816894531,38.150001525878906,38.15999984741211,35.25360107421875,1503200,0.0
2017-12-15,38.3125,38.54999923706055,38.287498474121094,38.49250030517578,35.560760498046875,8734400,0.0
2017-12-18,38.709999084472656,38.775001525878906,38.6875,38.727500915527344,35.777862548828125,2205600,0.0
2017-12-19,38.602500915527344,38.61000061035156,38.400001525878906,38.46500015258789,35.65643310546875,1909200,0.1315
2017-12-20,38.602500915527344,38.60499954223633,38.337501525878906,38.40999984741211,35.60544204711914,2144000,0.0
2017-12-21,38.5,38.525001525878906,38.342498779296875,38.369998931884766,35.568355560302734,2710800,0.0
2017-12-22,38.3650016784668,38.3650016784668,38.252498626708984,38.334999084472656,35.535919189453125,1598000,0.0
2017-12-26,38.23500061035156,38.25,38.14250183105469,38.2400016784668,35.44785690307617,2190000,0.0
2017-12-27,38.27000045776367,38.3650016784668,38.25,38.29750061035156,35.50115966796875,1262800,0.0
2017-12-28,38.39500045776367,38.40999984741211,38.3224983215332,38.36750030517578,35.566043853759766,1219200,0.0
2017-12-29,38.42499923706055,38.4375,38.16749954223633,38.192501068115234,35.40382385253906,1324000,0.0
2018-01-02,38.349998474121094,38.540000915527344,38.279998779296875,38.537498474121094,35.72364044189453,6724400,0.0
2018-01-03,38.57500076293945,38.88999938964844,38.57500076293945,38.8650016784668,36.02721405029297,3580000,0.0
2018-01-04,39.0,39.1150016784668,38.98249816894531,39.005001068115234,36.157005310058594,5013200,0.0
2018-01-05,39.130001068115234,39.397499084472656,39.119998931884766,39.369998931884766,36.49534606933594,5320400,0.0
2018-01-08,39.36750030517578,39.497501373291016,39.334999084472656,39.467498779296875,36.58572769165039,2839200,0.0
2018-01-09,39.564998626708984,39.65250015258789,39.4474983215332,39.567501068115234,36.67842102050781,2441600,0.0
2018-01-10,39.41749954223633,39.46500015258789,39.26250076293945,39.45500183105469,36.57413864135742,3674400,0.0
2018-01-11,39.5525016784668,39.692501068115234,39.470001220703125,39.689998626708984,36.79198455810547,2527600,0.0
2018-01-12,39.70500183105469,40.01250076293945,39.692501068115234,39.974998474121094,37.05616760253906,2405600,0.0
2018-01-16,40.2599983215332,40.38999938964844,39.772499084472656,39.8849983215332,36.97274398803711,3060400,0.0
2018-01-17,40.067501068115234,40.39250183105469,39.95249938964844,40.337501525878906,37.39219665527344,3554800,0.0
2018-01-18,40.32749938964844,40.43000030517578,40.212501525878906,40.33000183105469,37.385250091552734,2226000,0.0
2018-01-19,40.467498779296875,40.51750183105469,40.34000015258789,40.51250076293945,37.55442428588867,2187200,0.0
2018-01-22,40.477500915527344,40.8224983215332,40.45000076293945,40.81999969482422,37.8394660949707,2053600,0.0
2018-01-23,40.88249969482422,41.060001373291016,40.852500915527344,40.977500915527344,37.98546600341797,4321200,0.0
2018-01-24,41.092498779296875,41.17250061035156,40.6775016784668,40.877498626708984,37.89276885986328,2942000,0.0
2018-01-25,41.0724983215332,41.087501525878906,40.787498474121094,40.935001373291016,37.946083068847656,3843600,0.0
2018-01-26,41.10749816894531,41.502498626708984,41.060001373291016,41.494998931884766,38.465187072753906,2947200,0.0
2018-01-29,41.41999816894531,41.505001068115234,41.182498931884766,41.22999954223633,38.219539642333984,2975200,0.0
2018-01-30,40.842498779296875,41.005001068115234,40.68000030517578,40.8224983215332,37.8417854309082,6913200,0.0
2018-01-31,41.07500076293945,41.147499084472656,40.73749923706055,40.91749954223633,37.92985153198242,6148000,0.0
2018-02-01,40.77000045776367,41.10749816894531,40.665000915527344,40.80500030517578,37.8255615234375,5811200,0.0
2018-02-02,40.5625,40.654998779296875,39.95249938964844,39.98749923706055,37.06776428222656,7274800,0.0
2018-02-05,39.6349983215332,40.17499923706055,38.25,38.345001220703125,35.54518508911133,6762800,0.0
2018-02-06,37.63750076293945,39.314998626708984,37.54249954223633,39.255001068115234,36.38874053955078,9067200,0.0
2018-02-07,39.14500045776367,39.654998779296875,38.92250061035156,38.939998626708984,36.09675598144531,5256000,0.0
2018-02-08,39.022499084472656,39.06999969482422,37.36000061035156,37.397499084472656,34.666866302490234,4267600,0.0
2018-02-09,37.845001220703125,38.33250045776367,36.67499923706055,38.07749938964844,35.2972297668457,8343200,0.0
2018-02-12,38.415000915527344,38.907501220703125,38.099998474121094,38.65999984741211,35.83719253540039,4880000,0.0
2018-02-13,38.470001220703125,38.8650016784668,38.36750030517578,38.78499984741211,35.95307159423828,2511200,0.0
2018-02-14,38.58000183105469,39.41749954223633,38.50749969482422,39.375,36.49998474121094,3736400,0.0
2018-02-15,39.662498474121094,39.974998474121094,39.26499938964844,39.974998474121094,37.05616760253906,3364800,0.0
2018-02-16,39.86249923706055,40.29249954223633,39.86249923706055,39.95750045776367,37.039939880371094,5332400,0.0
2018-02-20,39.79999923706055,40.19499969482422,39.709999084472656,39.849998474121094,36.94029998779297,2626400,0.0
2018-02-21,39.939998626708984,40.412498474121094,39.69499969482422,39.70249938964844,36.80356979370117,4202800,0.0
2018-02-22,39.849998474121094,40.099998474121094,39.654998779296875,39.76250076293945,36.859188079833984,3403600,0.0
2018-02-23,39.97999954223633,40.432498931884766,39.904998779296875,40.43000030517578,37.477935791015625,1997200,0.0
2018-02-26,40.61000061035156,40.932498931884766,40.584999084472656,40.915000915527344,37.92753982543945,2693600,0.0
2018-02-27,40.932498931884766,41.04499816894531,40.435001373291016,40.435001373291016,37.482582092285156,3070000,0.0
2018-02-28,40.627498626708984,40.744998931884766,40.067501068115234,40.07500076293945,37.148868560791016,2200400,0.0
2018-03-01,40.102500915527344,40.255001068115234,39.15999984741211,39.459999084472656,36.57877731323242,4117200,0.0
2018-03-02,39.087501525878906,39.790000915527344,38.95500183105469,39.70500183105469,36.805877685546875,2399600,0.0
2018-03-05,39.502498626708984,40.25,39.43000030517578,40.150001525878906,37.2183952331543,2277600,0.0
2018-03-06,40.33250045776367,40.337501525878906,40.032501220703125,40.2599983215332,37.32036209106445,2123200,0.0
2018-03-07,39.880001068115234,40.40999984741211,39.86750030517578,40.36249923706055,37.41538619995117,1672000,0.0
2018-03-08,40.45500183105469,40.619998931884766,40.349998474121094,40.592498779296875,37.62858963012695,2504800,0.0
2018-03-09,40.85749816894531,41.334999084472656,40.8025016784668,41.33250045776367,38.314552307128906,1974000,0.0
2018-03-12,41.397499084472656,41.5,41.26750183105469,41.32500076293945,38.30759048461914,2528400,0.0
2018-03-13,41.529998779296875,41.627498626708984,40.91999816894531,41.02000045776367,38.024879455566406,2484400,0.0
2018-03-14,41.182498931884766,41.227500915527344,40.76499938964844,40.89500045776367,37.909000396728516,3182000,0.0
2018-03-15,40.962501525878906,41.11000061035156,40.77750015258789,40.875,37.89046096801758,1558400,0.0
2018-03-16,40.9474983215332,41.04999923706055,40.85499954223633,40.86750030517578,37.883506774902344,2276400,0.0
2018-03-19,40.662498474121094,40.662498474121094,39.91749954223633,40.23500061035156,37.29718780517578,2419600,0.0
2018-03-20,40.26499938964844,40.470001220703125,40.182498931884766,40.375,37.426971435546875,1560000,0.0
2018-03-21,40.337501525878906,40.625,40.10499954223633,40.182498931884766,37.24851608276367,3124800,0.0
2018-03-22,39.6349983215332,39.79999923706055,38.98500061035156,39.005001068115234,36.262359619140625,4619600,0.11675
2018-03-23,39.032501220703125,39.1150016784668,38.1150016784668,38.125,35.44424057006836,4429200,0.0
2018-03-26,38.82500076293945,39.36750030517578,38.3224983215332,39.3224983215332,36.55752182006836,4237200,0.0
2018-03-27,39.497501373291016,39.53499984741211,38.087501525878906,38.375,35.6766471862793,9259200,0.0
2018-03-28,38.33250045776367,38.625,37.92499923706055,38.16749954223633,35.48374938964844,4431600,0.0
2018-03-29,38.377498626708984,39.099998474121094,38.147499084472656,38.76750183105469,36.04155731201172,3485600,0.0
2018-04-02,38.592498779296875,38.727500915527344,37.4375,37.83000183105469,35.16997528076172,7873600,0.0
2018-04-03,38.092498779296875,38.397499084472656,37.712501525878906,38.29249954223633,35.599952697753906,9612400,0.0
2018-04-04,37.63999938964844,38.875,37.560001373291016,38.77750015258789,36.05085372924805,6238000,0.0
2018-04-05,39.084999084472656,39.217498779296875,38.8025016784668,39.02000045776367,36.27629470825195,2969200,0.0
2018-04-06,38.6775016784668,38.9474983215332,37.86000061035156,38.095001220703125,35.41634750366211,5756800,0.0
2018-04-09,38.377498626708984,38.90250015258789,38.23500061035156,38.282501220703125,35.59065246582031,3415600,0.0
2018-04-10,38.810001373291016,39.087501525878906,38.592498779296875,38.967498779296875,36.22749710083008,4584800,0.0
2018-04-11,38.75749969482422,39.0625,38.689998626708984,38.73249816894531,36.00901412963867,2640800,0.0
2018-04-12,38.994998931884766,39.252498626708984,38.942501068115234,39.09749984741211,36.348350524902344,2557200,0.0
2018-04-13,39.342498779296875,39.34749984741211,38.807498931884766,38.98249816894531,36.24144744873047,3064800,0.0
2018-04-16,39.272499084472656,39.415000915527344,39.11750030517578,39.290000915527344,36.52730941772461,2026000,0.0
2018-04-17,39.625,40.022499084472656,39.595001220703125,39.91749954223633,37.110679626464844,2602000,0.0
2018-04-18,39.967498779296875,40.09000015258789,39.79999923706055,39.97249984741211,37.161834716796875,1870400,0.0
2018-04-19,39.8224983215332,39.83250045776367,39.494998931884766,39.654998779296875,36.86664581298828,2023600,0.0
2018-04-20,39.630001068115234,39.630001068115234,39.07500076293945,39.224998474121094,36.466888427734375,2355200,0.0
2018-04-23,39.345001220703125,39.45000076293945,38.96500015258789,39.15999984741211,36.40645217895508,3703200,0.0
2018-04-24,39.32500076293945,39.32500076293945,38.1349983215332,38.407501220703125,35.706878662109375,10359200,0.0
2018-04-25,38.44499969482422,38.5625,38.029998779296875,38.467498779296875,35.76264572143555,3130800,0.0
2018-04-26,38.779998779296875,39.23500061035156,38.709999084472656,39.092498779296875,36.34370422363281,2287200,0.0
2018-04-27,39.380001068115234,39.39250183105469,38.9275016784668,39.122501373291016,36.371604919433594,1712000,0.0
2018-04-30,39.255001068115234,39.400001525878906,38.85749816894531,38.86249923706055,36.1298828125,1758800,0.0
2018-05-01,38.842498779296875,39.1349983215332,38.63750076293945,39.119998931884766,36.36927032470703,2675200,0.0
2018-05-02,39.162498474121094,39.310001373291016,38.86000061035156,38.915000915527344,36.17867660522461,2206400,0.0
2018-05-03,38.77000045776367,39.04249954223633,38.34000015258789,38.9275016784668,36.19029998779297,2835200,0.0
2018-05-04,38.77000045776367,39.602500915527344,38.73500061035156,39.505001068115234,36.727195739746094,2108400,0.0
2018-05-07,39.650001525878906,39.849998474121094,39.567501068115234,39.709999084472656,36.91777038574219,1709600,0.0
2018-05-08,39.650001525878906,39.775001525878906,39.45750045776367,39.712501525878906,36.92011642456055,1936000,0.0
2018-05-09,39.82749938964844,40.15250015258789,39.69499969482422,40.119998931884766,37.29896545410156,2139600,0.0
2018-05-10,40.23749923706055,40.54999923706055,40.22249984741211,40.505001068115234,37.656890869140625,2217200,0.0
2018-05-11,40.502498626708984,40.6349983215332,40.40250015258789,40.5724983215332,37.719627380371094,1897200,0.0
2018-05-14,40.6974983215332,40.807498931884766,40.522499084472656,40.599998474121094,37.745208740234375,1581600,0.0
2018-05-15,40.369998931884766,40.369998931884766,40.05500030517578,40.20750045776367,37.38030242919922,2860800,0.0
2018-05-16,40.22999954223633,40.47249984741211,40.22999954223633,40.38249969482422,37.54301071166992,1365600,0.0
2018-05-17,40.3224983215332,40.502498626708984,40.13999938964844,40.29249954223633,37.45933151245117,1555600,0.0
2018-05-18,40.2400016784668,40.380001068115234,40.17499923706055,40.272499084472656,37.44072723388672,1356800,0.0
2018-05-21,40.532501220703125,40.6875,40.42250061035156,40.57500076293945,37.72195816040039,1554400,0.0
2018-05-22,40.6775016784668,40.717498779296875,40.35499954223633,40.404998779296875,37.56391143798828,1448800,0.0
2018-05-23,40.1875,40.689998626708984,40.1875,40.685001373291016,37.82423400878906,2747600,0.0
2018-05-24,40.630001068115234,40.720001220703125,40.31999969482422,40.665000915527344,37.805633544921875,2486800,0.0
2018-05-25,40.61249923706055,40.779998779296875,40.584999084472656,40.64250183105469,37.78470993041992,2243600,0.0
2018-05-29,40.41749954223633,40.5724983215332,40.11750030517578,40.314998626708984,37.48023986816406,3387600,0.0
2018-05-30,40.5,40.79750061035156,40.45000076293945,40.73249816894531,37.86838150024414,2079200,0.0
2018-05-31,40.6775016784668,40.8224983215332,40.5,40.540000915527344,37.68942642211914,2815600,0.0
2018-06-01,40.779998779296875,41.10749816894531,40.779998779296875,41.08000183105469,38.19144821166992,2685600,0.0
2018-06-04,41.165000915527344,41.38999938964844,41.165000915527344,41.375,38.46571350097656,1789200,0.0
2018-06-05,41.39500045776367,41.529998779296875,41.30500030517578,41.49250030517578,38.57494354248047,1983600,0.0
2018-06-06,41.567501068115234,41.79999923706055,41.412498474121094,41.79249954223633,38.85385513305664,1874000,0.0
2018-06-07,41.84000015258789,41.84000015258789,41.412498474121094,41.587501525878906,38.66326904296875,2079200,0.0
2018-06-08,41.5,41.7400016784668,41.44499969482422,41.712501525878906,38.77948760986328,2034400,0.0
2018-06-11,41.727500915527344,41.880001068115234,41.70249938964844,41.75749969482422,38.82131576538086,1552800,0.0
2018-06-12,41.837501525878906,41.939998626708984,41.7599983215332,41.904998779296875,38.958438873291016,2236800,0.0
2018-06-13,41.95000076293945,42.064998626708984,41.747501373291016,41.77750015258789,38.83991241455078,2591200,0.0
2018-06-14,41.95000076293945,42.067501068115234,41.880001068115234,42.01250076293945,39.058380126953125,2776000,0.0
2018-06-15,41.872501373291016,41.997501373291016,41.727500915527344,41.95249938964844,39.002601623535156,3209200,0.0
2018-06-18,41.65999984741211,41.92499923706055,41.57500076293945,41.904998779296875,38.958438873291016,1972400,0.0
2018-06-19,41.477500915527344,41.70750045776367,41.307498931884766,41.685001373291016,38.75392150878906,2950000,0.0
2018-06-20,41.8125,41.977500915527344,41.772499084472656,41.82749938964844,38.886390686035156,3045200,0.0
2018-06-21,41.86750030517578,41.86750030517578,41.4474983215332,41.537498474121094,38.616783142089844,1833200,0.0
2018-06-22,41.6974983215332,41.6974983215332,41.41749954223633,41.47249984741211,38.55635070800781,1817600,0.0
2018-06-25,41.22249984741211,41.2599983215332,40.4375,40.7400016784668,37.87537384033203,4812400,0.0
2018-06-26,40.747501373291016,40.97999954223633,40.67250061035156,40.76250076293945,38.008235931396484,2046400,0.12
2018-06-27,40.8849983215332,41.095001220703125,40.26499938964844,40.290000915527344,37.56766128540039,3952800,0.0
2018-06-28,40.26250076293945,40.74250030517578,40.1875,40.61000061035156,37.866024017333984,3131200,0.0
2018-06-29,40.79999923706055,41.01250076293945,40.647499084472656,40.65250015258789,37.90567398071289,1864000,0.0
2018-07-02,40.36249923706055,40.904998779296875,40.314998626708984,40.89250183105469,38.12945556640625,5351600,0.0
2018-07-03,41.022499084472656,41.04499816894531,40.54249954223633,40.58250045776367,37.840389251708984,1652400,0.0
2018-07-05,40.83250045776367,41.01750183105469,40.63249969482422,41.002498626708984,38.23201370239258,2520400,0.0
2018-07-06,41.04999923706055,41.4900016784668,41.0,41.42499923706055,38.62595748901367,2276000,0.0
2018-07-09,41.66999816894531,41.810001373291016,41.54999923706055,41.8025016784668,38.97795486450195,1954000,0.0
2018-07-10,41.880001068115234,41.967498779296875,41.80500030517578,41.91749954223633,39.085182189941406,2119600,0.0
2018-07-11,41.66749954223633,41.84749984741211,41.619998931884766,41.709999084472656,38.891693115234375,2807600,0.0
2018-07-12,41.912498474121094,42.2400016784668,41.880001068115234,42.22249984741211,39.36957550048828,1589200,0.0
2018-07-13,42.227500915527344,42.33000183105469,42.13249969482422,42.28499984741211,39.427860260009766,1426000,0.0
2018-07-16,42.33000183105469,42.342498779296875,42.1349983215332,42.20249938964844,39.35093307495117,1533600,0.0
2018-07-17,41.970001220703125,42.53499984741211,41.94499969482422,42.467498779296875,39.5980224609375,1406000,0.0
2018-07-18,42.48249816894531,42.52750015258789,42.349998474121094,42.502498626708984,39.630653381347656,1702400,0.0
2018-07-19,42.337501525878906,42.4375,42.24250030517578,42.3224983215332,39.46282196044922,2850000,0.0
2018-07-20,42.36000061035156,42.497501373291016,42.29499816894531,42.32500076293945,39.46514892578125,2166400,0.0
2018-07-23,42.27750015258789,42.407501220703125,42.125,42.38999938964844,39.52576446533203,2224800,0.0
2018-07-24,42.712501525878906,42.82500076293945,42.432498931884766,42.584999084472656,39.70758056640625,2994000,0.0
2018-07-25,42.57500076293945,43.17250061035156,42.537498474121094,43.15250015258789,40.23673629760742,3086000,0.0
2018-07-26,42.76250076293945,42.875,42.66749954223633,42.7400016784668,39.852115631103516,4965600,0.0
2018-07-27,42.900001525878906,42.900001525878906,42.095001220703125,42.290000915527344,39.43252182006836,2808400,0.0
2018-07-30,42.28499984741211,42.28499984741211,41.630001068115234,41.76750183105469,38.94532775878906,3134400,0.0
2018-07-31,41.95750045776367,42.20500183105469,41.79499816894531,42.04499816894531,39.204063415527344,2512800,0.0
2018-08-01,42.165000915527344,42.33000183105469,42.0,42.185001373291016,39.33461380004883,2208000,0.0
2018-08-02,41.907501220703125,42.57500076293945,41.880001068115234,42.52750015258789,39.65397262573242,2390800,0.0
2018-08-03,42.57749938964844,42.66749954223633,42.435001373291016,42.66749954223633,39.78451156616211,2418400,0.0
2018-08-06,42.650001525878906,42.8650016784668,42.584999084472656,42.85499954223633,39.95934295654297,2147600,0.0
2018-08-07,42.97999954223633,43.08000183105469,42.9275016784668,42.98500061035156,40.08055877685547,2694800,0.0
2018-08-08,42.967498779296875,43.09000015258789,42.88249969482422,43.01250076293945,40.1062126159668,6046400,0.0
2018-08-09,43.029998779296875,43.154998779296875,42.98749923706055,43.005001068115234,40.099212646484375,1792000,0.0
2018-08-10,42.74250030517578,42.86249923706055,42.5724983215332,42.6974983215332,39.812477111816406,1696400,0.0
2018-08-13,42.7599983215332,42.95249938964844,42.57500076293945,42.61000061035156,39.730899810791016,2714800,0.0
2018-08-14,42.752498626708984,42.907501220703125,42.59000015258789,42.86000061035156,39.96400833129883,1530000,0.0
2018-08-15,42.619998931884766,42.6875,42.25,42.52750015258789,39.65397262573242,2805600,0.0
2018-08-16,42.790000915527344,42.96500015258789,42.6974983215332,42.76250076293945,39.873104095458984,1789200,0.0
2018-08-17,42.66999816894531,42.932498931884766,42.54999923706055,42.84000015258789,39.945350646972656,2116800,0.0
2018-08-20,42.95249938964844,42.967498779296875,42.77000045776367,42.89250183105469,39.994319915771484,1599600,0.0
2018-08-21,42.97999954223633,43.154998779296875,42.94499969482422,42.974998474121094,40.07123947143555,1931200,0.0
2018-08-22,42.869998931884766,43.10749816894531,42.85499954223633,43.04750061035156,40.138824462890625,2170400,0.0
2018-08-23,43.002498626708984,43.2400016784668,42.962501525878906,43.025001525878906,40.11783981323242,2130400,0.0
2018-08-24,43.14250183105469,43.380001068115234,43.14250183105469,43.3650016784668,40.43489074707031,1691200,0.0
2018-08-27,43.595001220703125,43.747501373291016,43.532501220703125,43.72999954223633,40.77522277832031,1664800,0.0
2018-08-28,43.84000015258789,43.86249923706055,43.70249938964844,43.79499816894531,40.83582305908203,2171200,0.0
2018-08-29,43.849998474121094,44.1875,43.837501525878906,44.16749954223633,41.183170318603516,2488800,0.0
2018-08-30,44.057498931884766,44.255001068115234,43.92499923706055,44.032501220703125,41.05728530883789,3016400,0.0
2018-08-31,43.97999954223633,44.17499923706055,43.935001373291016,44.064998626708984,41.08758544921875,2275600,0.0
2018-09-04,43.9900016784668,44.0625,43.79249954223633,44.01250076293945,41.03862762451172,1970800,0.0
2018-09-05,43.9275016784668,43.95249938964844,43.49250030517578,43.63750076293945,40.68898010253906,2527200,0.0
2018-09-06,43.650001525878906,43.682498931884766,43.21500015258789,43.477500915527344,40.5397834777832,4767200,0.0
2018-09-07,43.27000045776367,43.63750076293945,43.244998931884766,43.38999938964844,40.45820236206055,3018400,0.0
2018-09-10,43.592498779296875,43.592498779296875,43.375,43.470001220703125,40.532779693603516,1998000,0.0
2018-09-11,43.33000183105469,43.790000915527344,43.26750183105469,43.727500915527344,40.77289581298828,4033600,0.0
2018-09-12,43.68000030517578,43.75749969482422,43.43000030517578,43.692501068115234,40.74026107788086,2216000,0.0
2018-09-13,43.89500045776367,44.102500915527344,43.89250183105469,44.0525016784668,41.075931549072266,2054000,0.0
2018-09-14,44.11000061035156,44.147499084472656,43.872501373291016,44.032501220703125,41.05728530883789,1966800,0.0
2018-09-17,43.97999954223633,43.98749923706055,43.54999923706055,43.59749984741211,40.65167236328125,3316000,0.0
2018-09-18,43.627498626708984,44.022499084472656,43.602500915527344,43.90250015258789,40.93606948852539,1472400,0.0
2018-09-19,43.92250061035156,43.997501373291016,43.727500915527344,43.8650016784668,40.9011116027832,1214000,0.0
2018-09-20,44.08000183105469,44.3125,44.05500030517578,44.26499938964844,41.274070739746094,1660800,0.0
2018-09-21,44.41749954223633,44.42250061035156,44.130001068115234,44.17250061035156,41.18781280517578,1375600,0.0
2018-09-24,43.977500915527344,44.19499969482422,43.86249923706055,44.17499923706055,41.190155029296875,1766400,0.0
2018-09-25,44.20249938964844,44.26750183105469,44.09000015258789,44.19499969482422,41.20878982543945,1281200,0.0
2018-09-26,44.11000061035156,44.39500045776367,43.959999084472656,44.025001525878906,41.159950256347656,2100800,0.11775
2018-09-27,44.11249923706055,44.412498474121094,44.11249923706055,44.255001068115234,41.37498474121094,1388400,0.0
2018-09-28,44.16999816894531,44.38249969482422,44.16999816894531,44.29249954223633,41.41002655029297,1472800,0.0
2018-10-01,44.494998931884766,44.65250015258789,44.33000183105469,44.43000030517578,41.538597106933594,3001200,0.0
2018-10-02,44.40999984741211,44.532501220703125,44.25,44.33000183105469,41.445098876953125,3220400,0.0
2018-10-03,44.5099983215332,44.602500915527344,44.29249954223633,44.36000061035156,41.47315216064453,2455600,0.0
2018-10-04,44.252498626708984,44.275001525878906,43.45500183105469,43.744998931884766,40.898170471191406,3891200,0.0
2018-10-05,43.747501373291016,43.89250183105469,43.07500076293945,43.404998779296875,40.58029556274414,5840800,0.0
2018-10-08,43.244998931884766,43.44499969482422,42.77000045776367,43.20000076293945,40.38863754272461,5258400,0.0
2018-10-09,43.1150016784668,43.477500915527344,43.032501220703125,43.20500183105469,40.39331817626953,2815600,0.0
2018-10-10,43.04499816894531,43.04499816894531,41.47249984741211,41.52750015258789,38.82498550415039,12230400,0.0
2018-10-11,41.415000915527344,41.79249954223633,40.477500915527344,40.817501068115234,38.16118621826172,11718000,0.0
2018-10-12,41.6875,41.834999084472656,41.04750061035156,41.685001373291016,38.97223663330078,5961200,0.0
2018-10-15,41.602500915527344,41.70500183105469,41.23749923706055,41.29999923706055,38.61227798461914,3546800,0.0
2018-10-16,41.66749954223633,42.48500061035156,41.662498474121094,42.39500045776367,39.63603591918945,4506000,0.0
2018-10-17,42.46500015258789,42.48249816894531,41.967498779296875,42.375,39.617332458496094,4780800,0.0
2018-10-18,42.217498779296875,42.217498779296875,41.35499954223633,41.602500915527344,38.89509963989258,4694000,0.0
2018-10-19,41.7599983215332,42.08250045776367,41.35749816894531,41.48249816894531,38.78290557861328,6000800,0.0
2018-10-22,41.61750030517578,41.76499938964844,41.29499816894531,41.50749969482422,38.8062858581543,4154400,0.0
2018-10-23,40.75,41.49250030517578,40.40999984741211,41.3025016784668,38.614627838134766,6118400,0.0
2018-10-24,41.29249954223633,41.3650016784668,39.744998931884766,39.814998626708984,37.223934173583984,5754000,0.0
2018-10-25,40.20000076293945,41.07500076293945,40.0,40.837501525878906,38.17988204956055,4048000,0.0
2018-10-26,39.96500015258789,40.5724983215332,39.42250061035156,39.959999084472656,37.35948944091797,8533600,0.0
2018-10-29,40.537498474121094,40.724998474121094,38.76499938964844,39.462501525878906,36.89436721801758,10478000,0.0
2018-10-30,39.36000061035156,40.09000015258789,39.23500061035156,40.04249954223633,37.4366340637207,6585600,0.0
2018-10-31,40.592498779296875,41.10499954223633,40.584999084472656,40.720001220703125,38.070030212402344,4486400,0.0
2018-11-01,40.849998474121094,41.25,40.58250045776367,41.209999084472656,38.528141021728516,3354000,0.0
2018-11-02,41.317501068115234,41.462501525878906,40.505001068115234,40.81999969482422,38.16352462768555,5047200,0.0
2018-11-05,40.852500915527344,40.9474983215332,40.477500915527344,40.86000061035156,38.200931549072266,2872800,0.0
2018-11-06,40.84000015258789,41.20000076293945,40.8125,41.127498626708984,38.45100402832031,2076800,0.0
2018-11-07,41.537498474121094,42.255001068115234,41.4900016784668,42.227500915527344,39.479434967041016,3197200,0.0
2018-11-08,42.099998474121094,42.23249816894531,41.95000076293945,42.150001525878906,39.4069709777832,2269200,0.0
2018-11-09,41.90999984741211,41.92250061035156,41.36750030517578,41.654998779296875,38.944190979003906,4364000,0.0
2018-11-12,41.435001373291016,41.435001373291016,40.56999969482422,40.630001068115234,37.985897064208984,2689200,0.0
2018-11-13,40.7400016784668,41.13999938964844,40.45249938964844,40.58000183105469,37.93915557861328,3792000,0.0
2018-11-14,40.95750045776367,40.997501373291016,40.04249954223633,40.26750183105469,37.64698791503906,4762000,0.0
2018-11-15,40.067501068115234,40.915000915527344,39.779998779296875,40.8224983215332,38.165870666503906,9378000,0.0
2018-11-16,40.477500915527344,41.0099983215332,40.43000030517578,40.834999084472656,38.17753982543945,5956800,0.0
2018-11-19,40.70500183105469,40.70500183105469,39.60499954223633,39.717498779296875,37.13277816772461,4298800,0.0
2018-11-20,38.915000915527344,39.522499084472656,38.7599983215332,39.067501068115234,36.525081634521484,7699600,0.0
2018-11-21,39.43000030517578,39.587501525878906,39.220001220703125,39.244998931884766,36.691017150878906,3028800,0.0
2018-11-23,38.977500915527344,39.26750183105469,38.977500915527344,39.01250076293945,36.47365951538086,1498800,0.0
2018-11-26,39.45500183105469,39.72999954223633,39.310001373291016,39.717498779296875,37.13277816772461,3601600,0.0
2018-11-27,39.522499084472656,39.852500915527344,39.349998474121094,39.852500915527344,37.258995056152344,3786800,0.0
2018-11-28,40.127498626708984,41.04249954223633,40.0,41.037498474121094,38.36687469482422,8926000,0.0
2018-11-29,40.92499923706055,41.19499969482422,40.6775016784668,40.9474983215332,38.282737731933594,4496400,0.0
2018-11-30,40.9474983215332,41.32749938964844,40.85499954223633,41.28499984741211,38.59827423095703,2704000,0.0
2018-12-03,42.087501525878906,42.1150016784668,41.64500045776367,41.912498474121094,39.18492889404297,3814000,0.0
2018-12-04,41.747501373291016,41.79249954223633,40.38750076293945,40.467498779296875,37.8339729309082,4530800,0.0
2018-12-06,39.70249938964844,40.54499816894531,39.29999923706055,40.54499816894531,37.906410217285156,7224400,0.0
2018-12-07,40.435001373291016,40.682498931884766,39.24250030517578,39.397499084472656,36.8336067199707,5337200,0.0
2018-12-10,39.33000183105469,39.845001220703125,38.81999969482422,39.6875,37.1047248840332,6754800,0.0
2018-12-11,40.247501373291016,40.282501220703125,39.467498779296875,39.747501373291016,37.160831451416016,5071200,0.0
2018-12-12,40.29999923706055,40.61750030517578,40.032501220703125,40.05500030517578,37.44831848144531,6778400,0.0
2018-12-13,40.20750045776367,40.41999816894531,39.837501525878906,40.060001373291016,37.45298767089844,4590000,0.0
2018-12-14,39.65250015258789,39.779998779296875,39.099998474121094,39.185001373291016,36.63492965698242,5123200,0.0
2018-12-17,38.880001068115234,39.06999969482422,37.907501220703125,38.1775016784668,35.808589935302734,7908000,0.1265
2018-12-18,38.5099983215332,38.717498779296875,38.04999923706055,38.352500915527344,35.97272491455078,8774000,0.0
2018-12-19,38.33000183105469,38.942501068115234,37.33000183105469,37.65999984741211,35.32320785522461,11827600,0.0
2018-12-20,37.439998626708984,37.73249816894531,36.59749984741211,37.04249954223633,34.744022369384766,13861200,0.0
2018-12-21,37.13750076293945,37.51499938964844,35.96500015258789,36.099998474121094,33.85999298095703,17000000,0.0
2018-12-24,35.814998626708984,36.0525016784668,35.122501373291016,35.14500045776367,32.96426773071289,7002000,0.0
2018-12-26,35.3849983215332,37.0099983215332,35.1875,37.0099983215332,34.71353530883789,12822400,0.0
2018-12-27,36.54750061035156,37.36000061035156,35.92499923706055,37.36000061035156,35.041831970214844,13409600,0.0
2018-12-28,37.560001373291016,37.85499954223633,37.0724983215332,37.29249954223633,34.9785041809082,11780400,0.0
2018-12-31,37.57500076293945,37.712501525878906,37.282501220703125,37.66749954223633,35.33024215698242,11588800,0.0
2019-01-02,37.04750061035156,37.74250030517578,36.99250030517578,37.59749984741211,35.26456832885742,7532000,0.0
2019-01-03,37.334999084472656,37.4474983215332,36.57749938964844,36.627498626708984,34.35477066040039,6932000,0.0
2019-01-04,37.20249938964844,38.08000183105469,37.10749816894531,37.967498779296875,35.611610412597656,6577200,0.0
2019-01-07,38.00749969482422,38.49250030517578,37.904998779296875,38.247501373291016,35.87425231933594,5536400,0.0
2019-01-08,38.630001068115234,38.779998779296875,38.224998474121094,38.68000030517578,36.2799186706543,4557200,0.0
2019-01-09,38.790000915527344,39.002498626708984,38.61750030517578,38.85499954223633,36.44404983520508,5027200,0.0
2019-01-10,38.627498626708984,39.02750015258789,38.47249984741211,38.98749923706055,36.56833267211914,3376400,0.0
2019-01-11,38.810001373291016,38.967498779296875,38.717498779296875,38.959999084472656,36.54253387451172,2745200,0.0
2019-01-14,38.63249969482422,38.81999969482422,38.564998626708984,38.685001373291016,36.284603118896484,2247600,0.0
2019-01-15,38.77750015258789,39.29750061035156,38.772499084472656,39.27000045776367,36.83329391479492,11154800,0.0
2019-01-16,39.317501068115234,39.4375,39.20500183105469,39.212501525878906,36.77936553955078,4189200,0.0
2019-01-17,39.08250045776367,39.66749954223633,39.08250045776367,39.54999923706055,37.09593200683594,4842800,0.0
2019-01-18,39.872501373291016,40.102500915527344,39.66999816894531,39.98749923706055,37.50628662109375,4582000,0.0
2019-01-22,39.747501373291016,39.8025016784668,39.157501220703125,39.467498779296875,37.0185432434082,6389600,0.0
2019-01-23,39.63999938964844,39.73749923706055,39.122501373291016,39.52750015258789,37.0748291015625,3981200,0.0
2019-01-24,39.540000915527344,39.63249969482422,39.29499816894531,39.53499984741211,37.081851959228516,3546800,0.0
2019-01-25,39.84000015258789,39.939998626708984,39.70750045776367,39.810001373291016,37.33980178833008,3910000,0.0
2019-01-28,39.4474983215332,39.467498779296875,39.1349983215332,39.39250183105469,36.94820785522461,3794000,0.0
2019-01-29,39.404998779296875,39.43000030517578,39.095001220703125,39.244998931884766,36.809844970703125,3359200,0.0
2019-01-30,39.540000915527344,40.10499954223633,39.48249816894531,39.9900016784668,37.50863265991211,3195600,0.0
2019-01-31,40.04249954223633,40.55500030517578,40.01750183105469,40.45500183105469,37.944766998291016,3576000,0.0
2019-02-01,40.4375,40.627498626708984,40.32749938964844,40.4474983215332,37.9377326965332,3593200,0.0
2019-02-04,40.442501068115234,40.782501220703125,40.38750076293945,40.782501220703125,38.2519416809082,2693200,0.0
2019-02-05,40.849998474121094,41.0625,40.82500076293945,41.01750183105469,38.47237014770508,3927600,0.0
2019-02-06,40.974998474121094,41.025001525878906,40.75,40.88999938964844,38.3527946472168,3188400,0.0
2019-02-07,40.587501525878906,40.67499923706055,40.212501525878906,40.497501373291016,37.98463439941406,3829200,0.0
2019-02-08,40.23500061035156,40.63999938964844,40.23500061035156,40.63999938964844,38.1182975769043,4579600,0.0
2019-02-11,40.75749969482422,40.86000061035156,40.584999084472656,40.67499923706055,38.151119232177734,2806800,0.0
2019-02-12,40.91999816894531,41.27000045776367,40.91999816894531,41.21500015258789,38.65762710571289,4758000,0.0
2019-02-13,41.352500915527344,41.467498779296875,41.255001068115234,41.310001373291016,38.746734619140625,3430800,0.0
2019-02-14,41.154998779296875,41.45000076293945,41.05500030517578,41.290000915527344,38.72795867919922,2971600,0.0
2019-02-15,41.60499954223633,41.665000915527344,41.45500183105469,41.665000915527344,39.07969665527344,2556400,0.0
2019-02-19,41.54249954223633,41.817501068115234,41.50749969482422,41.70249938964844,39.114871978759766,3372400,0.0
2019-02-20,41.72249984741211,41.807498931884766,41.54499816894531,41.744998931884766,39.154727935791016,3500400,0.0
2019-02-21,41.63249969482422,41.744998931884766,41.470001220703125,41.64250183105469,39.05858612060547,3703600,0.0
2019-02-22,41.755001068115234,42.03499984741211,41.752498626708984,42.01250076293945,39.40562057495117,2462400,0.0
2019-02-25,42.2400016784668,42.310001373291016,42.029998779296875,42.04750061035156,39.438453674316406,2707600,0.0
2019-02-26,41.95500183105469,42.20000076293945,41.95500183105469,42.0625,39.45253372192383,3094000,0.0
2019-02-27,41.932498931884766,42.157501220703125,41.77750015258789,42.11249923706055,39.499427795410156,2363600,0.0
2019-02-28,42.04499816894531,42.27000045776367,42.04249954223633,42.11249923706055,39.499427795410156,2288000,0.0
2019-03-01,42.39500045776367,42.49250030517578,42.16749954223633,42.442501068115234,39.808956146240234,2525200,0.0
2019-03-04,42.61750030517578,42.66999816894531,41.89500045776367,42.314998626708984,39.689353942871094,3182800,0.0
2019-03-05,42.3224983215332,42.39500045776367,42.17499923706055,42.279998779296875,39.65652847290039,1417200,0.0
2019-03-06,42.3125,42.3125,41.994998931884766,42.037498474121094,39.429080963134766,1682000,0.0
2019-03-07,41.97999954223633,41.98749923706055,41.529998779296875,41.68000030517578,39.09375762939453,3587600,0.0
2019-03-08,41.33000183105469,41.57500076293945,41.21500015258789,41.54999923706055,38.971839904785156,1983600,0.0
2019-03-11,41.630001068115234,42.18000030517578,41.57749938964844,42.16749954223633,39.5510139465332,2143200,0.0
2019-03-12,42.23249816894531,42.404998779296875,42.185001373291016,42.314998626708984,39.689353942871094,1716000,0.0
2019-03-13,42.474998474121094,42.77000045776367,42.45249938964844,42.60749816894531,39.96371078491211,1817600,0.0
2019-03-14,42.58250045776367,42.6349983215332,42.462501525878906,42.540000915527344,39.90040588378906,1021600,0.0
2019-03-15,42.6150016784668,42.90999984741211,42.584999084472656,42.787498474121094,40.13253402709961,2128000,0.0
2019-03-18,42.79499816894531,42.912498474121094,42.67250061035156,42.842498779296875,40.18413162231445,2396800,0.0
2019-03-19,42.997501373291016,43.13999938964844,42.76499938964844,42.939998626708984,40.27556610107422,2230000,0.0
2019-03-20,42.75749969482422,43.08000183105469,42.557498931884766,42.83250045776367,40.31252670288086,2165200,0.14675
2019-03-21,42.66749954223633,43.380001068115234,42.66749954223633,43.33000183105469,40.780757904052734,3481200,0.0
2019-03-22,43.1150016784668,43.23749923706055,42.532501220703125,42.537498474121094,40.034873962402344,2584000,0.0
2019-03-25,42.45500183105469,42.712501525878906,42.372501373291016,42.602500915527344,40.09605026245117,2892400,0.0
2019-03-26,42.900001525878906,43.04999923706055,42.6775016784668,42.904998779296875,40.380760192871094,2104000,0.0
2019-03-27,42.91749954223633,42.99250030517578,42.34749984741211,42.654998779296875,40.14546585083008,5724400,0.0
2019-03-28,42.7400016784668,42.877498626708984,42.54999923706055,42.8025016784668,40.28429412841797,1540000,0.0
2019-03-29,43.060001373291016,43.122501373291016,42.8650016784668,43.09000015258789,40.55487823486328,2606400,0.0
2019-04-01,43.42499923706055,43.58000183105469,43.342498779296875,43.53499984741211,40.97369384765625,2690000,0.0
2019-04-02,43.56999969482422,43.625,43.4474983215332,43.57749938964844,41.0136833190918,1802000,0.0
2019-04-03,43.787498474121094,43.872501373291016,43.54249954223633,43.647499084472656,41.07957458496094,3677200,0.0
2019-04-04,43.685001373291016,43.79249954223633,43.4275016784668,43.657501220703125,41.088993072509766,2649200,0.0
2019-04-05,43.775001525878906,43.86000061035156,43.744998931884766,43.82749938964844,41.24897766113281,1230000,0.0
2019-04-08,43.747501373291016,43.842498779296875,43.57500076293945,43.82749938964844,41.24897766113281,1472400,0.0
2019-04-09,43.66999816894531,43.7599983215332,43.56999969482422,43.66999816894531,41.100738525390625,1726800,0.0
2019-04-10,43.7400016784668,43.837501525878906,43.70249938964844,43.8224983215332,41.2442741394043,1661200,0.0
2019-04-11,43.90999984741211,43.90999984741211,43.70000076293945,43.79750061035156,41.22074890136719,2107600,0.0
2019-04-12,44.05500030517578,44.11000061035156,43.98249816894531,44.084999084472656,41.4913330078125,1341600,0.0
2019-04-15,44.099998474121094,44.11750030517578,43.89250183105469,44.07749938964844,41.48427200317383,1415600,0.0
2019-04-16,44.217498779296875,44.24250030517578,43.915000915527344,44.025001525878906,41.43486785888672,2264400,0.0
2019-04-17,44.22249984741211,44.22249984741211,43.77000045776367,43.83250045776367,41.253684997558594,1548400,0.0
2019-04-18,43.98249816894531,43.98249816894531,43.692501068115234,43.95000076293945,41.36427307128906,1961600,0.0
2019-04-22,43.837501525878906,44.092498779296875,43.8025016784668,44.087501525878906,41.49367904663086,1336800,0.0
2019-04-23,44.13999938964844,44.55500030517578,44.099998474121094,44.497501373291016,41.87956619262695,1423600,0.0
2019-04-24,44.525001525878906,44.619998931884766,44.4375,44.45249938964844,41.83720779418945,1419600,0.0
2019-04-25,44.60499954223633,44.70000076293945,44.380001068115234,44.60749816894531,41.983089447021484,2115200,0.0
2019-04-26,44.599998474121094,44.807498931884766,44.42250061035156,44.790000915527344,42.154850006103516,1223600,0.0
2019-04-29,44.79999923706055,44.88249969482422,44.720001220703125,44.807498931884766,42.17131805419922,1197200,0.0
2019-04-30,44.657501220703125,44.84749984741211,44.5,44.790000915527344,42.154850006103516,1497600,0.0
2019-05-01,44.845001220703125,44.85499954223633,44.337501525878906,44.345001220703125,41.73603439331055,2082000,0.0
2019-05-02,44.38249969482422,44.467498779296875,43.977500915527344,44.26750183105469,41.66309356689453,2732400,0.0
2019-05-03,44.522499084472656,44.807498931884766,44.48749923706055,44.75,42.11720275878906,1728000,0.0
2019-05-06,44.01750183105469,44.67499923706055,43.974998474121094,44.625,41.99956130981445,1840400,0.0
2019-05-07,44.209999084472656,44.33000183105469,43.51750183105469,43.86000061035156,41.279579162597656,2653600,0.0
2019-05-08,43.79249954223633,44.095001220703125,43.70000076293945,43.834999084472656,41.25603485107422,2988400,0.0
2019-05-09,43.4474983215332,43.76750183105469,43.18000030517578,43.70500183105469,41.133689880371094,2662400,0.0
2019-05-10,43.537498474121094,44.04499816894531,43.04249954223633,43.90250015258789,41.31956481933594,2636800,0.0
2019-05-13,43.060001373291016,43.2599983215332,42.74250030517578,42.8849983215332,40.36192321777344,3502000,0.0
2019-05-14,43.057498931884766,43.48749923706055,43.01750183105469,43.20750045776367,40.665462493896484,2379200,0.0
2019-05-15,42.970001220703125,43.724998474121094,42.959999084472656,43.61249923706055,41.046630859375,1818000,0.0
2019-05-16,43.7400016784668,44.342498779296875,43.7400016784668,44.122501373291016,41.526615142822266,1997600,0.0
2019-05-17,43.77000045776367,44.27750015258789,43.76499938964844,43.852500915527344,41.27250671386719,1574000,0.0
2019-05-20,43.525001525878906,43.727500915527344,43.375,43.5099983215332,40.950164794921875,1320000,0.0
2019-05-21,43.810001373291016,43.912498474121094,43.70750045776367,43.82749938964844,41.24897766113281,1453600,0.0
2019-05-22,43.689998626708984,43.962501525878906,43.689998626708984,43.82500076293945,41.24662780761719,1529600,0.0
2019-05-23,43.459999084472656,43.474998474121094,43.084999084472656,43.31999969482422,40.77134704589844,4861200,0.0
2019-05-24,43.584999084472656,43.654998779296875,43.33000183105469,43.397499084472656,40.84428405761719,2098800,0.0
2019-05-28,43.47999954223633,43.709999084472656,43.130001068115234,43.13999938964844,40.6019287109375,1396400,0.0
2019-05-29,42.9275016784668,42.962501525878906,42.57500076293945,42.790000915527344,40.27252197265625,2467600,0.0
2019-05-30,42.912498474121094,43.067501068115234,42.79999923706055,43.005001068115234,40.47487258911133,1504800,0.0
2019-05-31,42.55500030517578,42.70750045776367,42.397499084472656,42.432498931884766,39.93605041503906,2092000,0.0
2019-06-03,42.35749816894531,42.46500015258789,41.727500915527344,41.9474983215332,39.47958755493164,2621200,0.0
2019-06-04,42.32500076293945,42.83250045776367,42.209999084472656,42.79750061035156,40.279579162597656,2050000,0.0
2019-06-05,43.09000015258789,43.275001525878906,42.875,43.255001068115234,40.71015548706055,2150800,0.0
2019-06-06,43.334999084472656,43.6875,43.2400016784668,43.560001373291016,40.99721908569336,1890800,0.0
2019-06-07,43.75,44.3224983215332,43.75,44.13750076293945,41.54074478149414,1343200,0.0
2019-06-10,44.3849983215332,44.625,44.31999969482422,44.337501525878906,41.728973388671875,1457200,0.0
2019-06-11,44.65999984741211,44.724998474121094,44.125,44.25,41.6466178894043,1053200,0.0
2019-06-12,44.20500183105469,44.32749938964844,44.122501373291016,44.217498779296875,41.616031646728516,966400,0.0
2019-06-13,44.380001068115234,44.41749954223633,44.1974983215332,44.352500915527344,41.74309158325195,1346400,0.0
2019-06-14,44.310001373291016,44.397499084472656,44.209999084472656,44.28499984741211,41.67955780029297,1246800,0.0
2019-06-17,44.16999816894531,44.310001373291016,44.16999816894531,44.224998474121094,41.79983901977539,1855600,0.18725
2019-06-18,44.5525016784668,44.807498931884766,44.52750015258789,44.627498626708984,42.180259704589844,2105200,0.0
2019-06-19,44.68000030517578,44.907501220703125,44.477500915527344,44.82749938964844,42.36929702758789,1946400,0.0
2019-06-20,45.29499816894531,45.35749816894531,44.932498931884766,45.26499938964844,42.782814025878906,1939600,0.0
2019-06-21,45.19499969482422,45.397499084472656,45.127498626708984,45.21500015258789,42.735538482666016,1780000,0.0
2019-06-24,45.25,45.310001373291016,45.15999984741211,45.185001373291016,42.707191467285156,1334000,0.0
2019-06-25,45.185001373291016,45.185001373291016,44.595001220703125,44.6150016784668,42.16844940185547,1478800,0.0
2019-06-26,44.77750015258789,44.837501525878906,44.49250030517578,44.51250076293945,42.07156753540039,1082000,0.0
2019-06-27,44.662498474121094,44.73249816894531,44.57500076293945,44.650001525878906,42.20153045654297,1048400,0.0
2019-06-28,44.78499984741211,44.877498626708984,44.65999984741211,44.810001373291016,42.352760314941406,1741200,0.0
2019-07-01,45.397499084472656,45.404998779296875,45.03499984741211,45.227500915527344,42.74736022949219,2980400,0.0
2019-07-02,45.209999084472656,45.435001373291016,45.1349983215332,45.435001373291016,42.943485260009766,1880000,0.0
2019-07-03,45.52750015258789,45.81999969482422,45.522499084472656,45.80500030517578,43.29320526123047,1270800,0.0
2019-07-05,45.58000183105469,45.76499938964844,45.36750030517578,45.712501525878906,43.205772399902344,936800,0.0
2019-07-08,45.522499084472656,45.53499984741211,45.3849983215332,45.4900016784668,42.99546813964844,1689200,0.0
2019-07-09,45.30500030517578,45.654998779296875,45.29750061035156,45.599998474121094,43.09943389892578,1643600,0.0
2019-07-10,45.8025016784668,46.02000045776367,45.76250076293945,45.93000030517578,43.411338806152344,1293600,0.0
2019-07-11,45.994998931884766,46.037498474121094,45.79999923706055,45.95750045776367,43.43733596801758,1313600,0.0
2019-07-12,46.005001068115234,46.095001220703125,45.8650016784668,46.07749938964844,43.550758361816406,963600,0.0
2019-07-15,46.165000915527344,46.165000915527344,46.04750061035156,46.14250183105469,43.6121826171875,720800,0.0
2019-07-16,46.099998474121094,46.147499084472656,45.90250015258789,45.9474983215332,43.42788314819336,891600,0.0
2019-07-17,45.95750045776367,46.02750015258789,45.70000076293945,45.70000076293945,43.193946838378906,1319600,0.0
2019-07-18,45.58250045776367,45.872501373291016,45.470001220703125,45.8125,43.30028533935547,4623600,0.0
2019-07-19,46.09000015258789,46.102500915527344,45.5099983215332,45.532501220703125,43.03563690185547,2678000,0.0
2019-07-22,45.622501373291016,45.79999923706055,45.55500030517578,45.682498931884766,43.17740249633789,1120000,0.0
2019-07-23,45.900001525878906,45.932498931884766,45.622501373291016,45.932498931884766,43.4137077331543,1310400,0.0
2019-07-24,45.779998779296875,46.10749816894531,45.76499938964844,46.099998474121094,43.572021484375,1204400,0.0
2019-07-25,46.04750061035156,46.04750061035156,45.744998931884766,45.875,43.35935592651367,1500400,0.0
2019-07-26,46.08000183105469,46.307498931884766,46.08000183105469,46.27000045776367,43.73270034790039,1662000,0.0
2019-07-29,46.23749923706055,46.23749923706055,45.98249816894531,46.15250015258789,43.62164306640625,1178800,0.0
2019-07-30,45.88999938964844,46.087501525878906,45.79999923706055,45.974998474121094,43.45386505126953,1329600,0.0
2019-07-31,45.962501525878906,45.97999954223633,44.997501373291016,45.342498779296875,42.856048583984375,1878000,0.0
2019-08-01,45.404998779296875,45.98249816894531,45.029998779296875,45.162498474121094,42.68592834472656,3210400,0.0
2019-08-02,45.029998779296875,45.03499984741211,44.54999923706055,44.79999923706055,42.34330368041992,2557200,0.0
2019-08-05,44.04249954223633,44.09749984741211,43.10749816894531,43.49250030517578,41.10751724243164,4925200,0.0
2019-08-06,43.83250045776367,44.1875,43.619998931884766,44.09749984741211,41.6793327331543,2544000,0.0
2019-08-07,43.63249969482422,44.32500076293945,43.275001525878906,44.21500015258789,41.790382385253906,2870800,0.0
2019-08-08,44.474998474121094,45.10749816894531,44.38999938964844,45.099998474121094,42.62685775756836,2136800,0.0
2019-08-09,44.967498779296875,45.11000061035156,44.532501220703125,44.834999084472656,42.37637710571289,1714000,0.0
2019-08-12,44.59000015258789,44.6775016784668,44.130001068115234,44.275001525878906,41.84709548950195,1174800,0.0
2019-08-13,44.22999954223633,45.14250183105469,44.1775016784668,44.97249984741211,42.50634002685547,1956400,0.0
2019-08-14,44.342498779296875,44.442501068115234,43.67250061035156,43.6974983215332,41.301273345947266,2708000,0.0
2019-08-15,43.80500030517578,43.98249816894531,43.52000045776367,43.852500915527344,41.447757720947266,2184400,0.0
2019-08-16,44.15250015258789,44.5,44.147499084472656,44.407501220703125,41.97233581542969,1388000,0.0
2019-08-19,44.92499923706055,45.0525016784668,44.77750015258789,44.98249816894531,42.515804290771484,1294000,0.0
2019-08-20,44.89500045776367,45.0,44.63249969482422,44.6349983215332,42.18735122680664,1188000,0.0
2019-08-21,45.0099983215332,45.10499954223633,44.91999816894531,45.04999923706055,42.57959747314453,1553200,0.0
2019-08-22,45.157501220703125,45.21500015258789,44.64250183105469,44.959999084472656,42.49453353881836,2572000,0.0
2019-08-23,44.817501068115234,45.09000015258789,43.657501220703125,43.83250045776367,41.428855895996094,3322000,0.0
2019-08-26,44.23249816894531,44.377498626708984,43.95750045776367,44.377498626708984,41.94397735595703,2100400,0.0
2019-08-27,44.61249923706055,44.685001373291016,44.162498474121094,44.28499984741211,41.856536865234375,1644800,0.0
2019-08-28,44.154998779296875,44.54249954223633,43.970001220703125,44.532501220703125,42.09046936035156,1424000,0.0
2019-08-29,44.962501525878906,45.185001373291016,44.79249954223633,45.07500076293945,42.60322952270508,1487200,0.0
2019-08-30,45.3224983215332,45.3224983215332,44.8125,44.994998931884766,42.527618408203125,1689200,0.0
2019-09-03,44.712501525878906,44.942501068115234,44.587501525878906,44.717498779296875,42.265323638916016,1411600,0.0
2019-09-04,45.08250045776367,45.185001373291016,44.92499923706055,45.185001373291016,42.707191467285156,1269200,0.0
2019-09-05,45.57749938964844,45.842498779296875,45.525001525878906,45.75749969482422,43.24829864501953,1578000,0.0
2019-09-06,45.82500076293945,45.872501373291016,45.70000076293945,45.775001525878906,43.26483917236328,843600,0.0
2019-09-09,45.90250015258789,45.90250015258789,45.290000915527344,45.4474983215332,42.95530700683594,1457600,0.0
2019-09-10,45.247501373291016,45.247501373291016,44.845001220703125,45.217498779296875,42.7379035949707,1402800,0.0
2019-09-11,45.247501373291016,45.47249984741211,45.147499084472656,45.459999084472656,42.96710968017578,1284000,0.0
2019-09-12,45.6875,45.90250015258789,45.63249969482422,45.72249984741211,43.21521759033203,2021200,0.0
2019-09-13,45.755001068115234,45.814998626708984,45.560001373291016,45.6150016784668,43.11361312866211,1026000,0.0
2019-09-16,45.432498931884766,45.540000915527344,45.36750030517578,45.45249938964844,42.96002960205078,1198400,0.0
2019-09-17,45.470001220703125,45.66749954223633,45.470001220703125,45.65999984741211,43.15614318847656,1129200,0.0
2019-09-18,45.58000183105469,45.67250061035156,45.18000030517578,45.66749954223633,43.16324234008789,877200,0.0
2019-09-19,45.74250030517578,45.977500915527344,45.70750045776367,45.76750183105469,43.25775146484375,1449600,0.0
2019-09-20,45.88750076293945,45.91749954223633,45.38750076293945,45.51250076293945,43.01673126220703,2781600,0.0
2019-09-23,45.372501373291016,45.59000015258789,45.36750030517578,45.4900016784668,42.99546813964844,902400,0.0
2019-09-24,45.505001068115234,45.59749984741211,44.77000045776367,44.93000030517578,42.61159896850586,2155600,0.15525
2019-09-25,44.91749954223633,45.272499084472656,44.63999938964844,45.18000030517578,42.84870147705078,1485600,0.0
2019-09-26,45.20750045776367,45.275001525878906,44.88999938964844,45.154998779296875,42.824989318847656,1542400,0.0
2019-09-27,45.26250076293945,45.279998779296875,44.50749969482422,44.79249954223633,42.481201171875,1698400,0.0
2019-09-30,44.880001068115234,45.119998931884766,44.845001220703125,45.00749969482422,42.68510437011719,1453200,0.0
2019-10-01,45.11249923706055,45.22999954223633,44.47999954223633,44.51250076293945,42.215641021728516,2175600,0.0
2019-10-02,44.23749923706055,44.23749923706055,43.5099983215332,43.717498779296875,41.46166229248047,2370400,0.0
2019-10-03,43.70500183105469,44.185001373291016,43.314998626708984,44.17250061035156,41.8931884765625,2944000,0.0
2019-10-04,44.290000915527344,44.8125,44.26750183105469,44.76750183105469,42.457489013671875,2386000,0.0
2019-10-07,44.63249969482422,44.875,44.52000045776367,44.584999084472656,42.28440856933594,1313200,0.0
2019-10-08,44.282501220703125,44.3849983215332,43.86750030517578,43.86750030517578,41.60393524169922,1782000,0.0
2019-10-09,44.212501525878906,44.47249984741211,44.130001068115234,44.32749938964844,42.040191650390625,1723600,0.0
2019-10-10,44.279998779296875,44.692501068115234,44.279998779296875,44.53499984741211,42.236995697021484,1420400,0.0
2019-10-11,45.0,45.314998626708984,44.900001525878906,44.900001525878906,42.583152770996094,2682400,0.0
2019-10-14,44.880001068115234,45.01250076293945,44.85749816894531,44.897499084472656,42.58078384399414,1455600,0.0
2019-10-15,45.0525016784668,45.42499923706055,45.0525016784668,45.33000183105469,42.990966796875,2144000,0.0
2019-10-16,45.227500915527344,45.33250045776367,45.10499954223633,45.252498626708984,42.91746520996094,1160800,0.0
2019-10-17,45.47999954223633,45.540000915527344,45.30500030517578,45.35499954223633,43.014678955078125,1462400,0.0
2019-10-18,45.290000915527344,45.38249969482422,44.872501373291016,45.02000045776367,42.69696044921875,1357200,0.0
2019-10-21,45.220001220703125,45.287498474121094,45.04999923706055,45.26250076293945,42.92695236206055,1050000,0.0
2019-10-22,45.3650016784668,45.407501220703125,44.86249923706055,44.88750076293945,42.57130432128906,1980000,0.0
2019-10-23,44.845001220703125,45.032501220703125,44.817501068115234,45.01499938964844,42.69221496582031,1044000,0.0
2019-10-24,45.20500183105469,45.287498474121094,45.04499816894531,45.22249984741211,42.889007568359375,1454400,0.0
2019-10-25,45.0625,45.46500015258789,45.037498474121094,45.36249923706055,43.02178192138672,1140800,0.0
2019-10-28,45.567501068115234,45.72249984741211,45.567501068115234,45.6875,43.330020904541016,1316400,0.0
2019-10-29,45.66749954223633,45.83000183105469,45.61249923706055,45.67499923706055,43.31816482543945,2398800,0.0
2019-10-30,45.724998474121094,45.97999954223633,45.54750061035156,45.93000030517578,43.56000518798828,1716000,0.0
2019-10-31,45.95500183105469,45.95500183105469,45.625,45.779998779296875,43.41774368286133,1490400,0.0
2019-11-01,46.022499084472656,46.125,45.90999984741211,46.060001373291016,43.68330001831055,1861200,0.0
2019-11-04,46.275001525878906,46.307498931884766,46.060001373291016,46.102500915527344,43.723594665527344,2451200,0.0
2019-11-05,46.1775016784668,46.1775016784668,45.89250183105469,45.98249816894531,43.60979461669922,1413200,0.0
2019-11-06,45.974998474121094,46.029998779296875,45.84000015258789,45.98500061035156,43.6121711730957,2842800,0.0
2019-11-07,46.16999816894531,46.29249954223633,46.01750183105469,46.08000183105469,43.7022590637207,1585600,0.0
2019-11-08,46.057498931884766,46.21500015258789,45.97999954223633,46.20750045776367,43.823177337646484,1046400,0.0
2019-11-11,46.0099983215332,46.16999816894531,45.98500061035156,46.154998779296875,43.77339553833008,761600,0.0
2019-11-12,46.20750045776367,46.43000030517578,46.162498474121094,46.272499084472656,43.884830474853516,1243600,0.0
2019-11-13,46.150001525878906,46.377498626708984,46.13750076293945,46.32749938964844,43.93699264526367,1411600,0.0
2019-11-14,46.25749969482422,46.44499969482422,46.182498931884766,46.42250061035156,44.02708435058594,1032000,0.0
2019-11-15,46.657501220703125,46.77750015258789,46.5525016784668,46.77750015258789,44.363765716552734,1120000,0.0
2019-11-18,46.73249816894531,46.83250045776367,46.65250015258789,46.775001525878906,44.361392974853516,2806000,0.0
2019-11-19,46.9275016784668,46.98749923706055,46.78499984741211,46.90250015258789,44.482330322265625,1030000,0.0
2019-11-20,46.837501525878906,46.970001220703125,46.51250076293945,46.75749969482422,44.34481430053711,2014000,0.0
2019-11-21,46.77000045776367,46.772499084472656,46.53499984741211,46.65999984741211,44.25232696533203,1361200,0.0
2019-11-22,46.7599983215332,46.77750015258789,46.537498474121094,46.724998474121094,44.3139762878418,1367600,0.0
2019-11-25,46.86750030517578,47.087501525878906,46.82749938964844,47.084999084472656,44.6554069519043,1034800,0.0
2019-11-26,47.125,47.342498779296875,47.11249923706055,47.290000915527344,44.84983825683594,953600,0.0
2019-11-27,47.38750076293945,47.537498474121094,47.34749984741211,47.537498474121094,45.084564208984375,682000,0.0
2019-11-29,47.470001220703125,47.50749969482422,47.34000015258789,47.345001220703125,44.9019889831543,525600,0.0
2019-12-02,47.39500045776367,47.39500045776367,46.744998931884766,46.8849983215332,44.465721130371094,2056400,0.0
2019-12-03,46.477500915527344,46.717498779296875,46.307498931884766,46.70249938964844,44.292640686035156,2444000,0.0
2019-12-04,46.877498626708984,47.01499938964844,46.807498931884766,46.92250061035156,44.501285552978516,1877200,0.0
2019-12-05,47.032501220703125,47.032501220703125,46.755001068115234,46.962501525878906,44.53921890258789,1682800,0.0
2019-12-06,47.2599983215332,47.38999938964844,47.217498779296875,47.3224983215332,44.88064956665039,1189600,0.0
2019-12-09,47.282501220703125,47.412498474121094,47.189998626708984,47.189998626708984,44.75498580932617,1034400,0.0
2019-12-10,47.18000030517578,47.27750015258789,47.029998779296875,47.10749816894531,44.67673110961914,2855200,0.0
2019-12-11,47.20249938964844,47.29999923706055,47.11249923706055,47.2599983215332,44.82137680053711,1323600,0.0
2019-12-12,47.275001525878906,47.71500015258789,47.21500015258789,47.532501220703125,45.079811096191406,2169200,0.0
2019-12-13,47.48249816894531,47.75749969482422,47.4375,47.650001525878906,45.19125747680664,1672000,0.0
2019-12-16,47.60749816894531,47.717498779296875,47.592498779296875,47.654998779296875,45.48041915893555,1160400,0.298
2019-12-17,47.747501373291016,47.747501373291016,47.60749816894531,47.619998931884766,45.447021484375,1228400,0.0
2019-12-18,47.712501525878906,47.77750015258789,47.654998779296875,47.657501220703125,45.48280715942383,1565200,0.0
2019-12-19,47.67499923706055,47.942501068115234,47.67499923706055,47.942501068115234,45.75481033325195,1024800,0.0
2019-12-20,48.13750076293945,48.252498626708984,48.067501068115234,48.20249938964844,46.00294876098633,1985600,0.0
2019-12-23,48.29750061035156,48.3224983215332,48.22249984741211,48.23749923706055,46.03635025024414,2300000,0.0
2019-12-24,48.287498474121094,48.337501525878906,48.17499923706055,48.252498626708984,46.050655364990234,790800,0.0
2019-12-26,48.342498779296875,48.63249969482422,48.29249954223633,48.622501373291016,46.403770446777344,1039600,0.0
2019-12-27,48.779998779296875,48.8224983215332,48.532501220703125,48.622501373291016,46.403770446777344,1306800,0.0
2019-12-30,48.64250183105469,48.65250015258789,48.16999816894531,48.307498931884766,46.103145599365234,2471600,0.0
2019-12-31,48.1974983215332,48.439998626708984,48.13999938964844,48.40999984741211,46.20097732543945,1314400,0.0
2020-01-02,48.70249938964844,49.06999969482422,48.6349983215332,49.06999969482422,46.83085632324219,4324800,0.0
2020-01-03,48.474998474121094,48.942501068115234,48.412498474121094,48.709999084472656,46.48728942871094,2372800,0.0
2020-01-06,48.3650016784668,48.97249984741211,48.35499954223633,48.970001220703125,46.73542785644531,2634800,0.0
2020-01-07,48.935001373291016,49.04249954223633,48.79249954223633,48.89250183105469,46.66146469116211,1742400,0.0
2020-01-08,48.9275016784668,49.4275016784668,48.85499954223633,49.23249816894531,46.985939025878906,1859200,0.0
2020-01-09,49.584999084472656,49.69499969482422,49.442501068115234,49.662498474121094,47.39632034301758,1790400,0.0
2020-01-10,49.79999923706055,49.83000183105469,49.474998474121094,49.54750061035156,47.28657150268555,1642400,0.0
2020-01-13,49.70249938964844,50.03499984741211,49.66999816894531,50.02000045776367,47.73749923706055,1503600,0.0
2020-01-14,49.9900016784668,50.08250045776367,49.779998779296875,49.84000015258789,47.56571578979492,1425600,0.0
2020-01-15,49.869998931884766,50.13999938964844,49.845001220703125,49.98749923706055,47.70649337768555,2241200,0.0
2020-01-16,50.23749923706055,50.45500183105469,50.182498931884766,50.4474983215332,48.14550018310547,1393200,0.0
2020-01-17,50.61249923706055,50.73749923706055,50.49250030517578,50.720001220703125,48.40556335449219,1490000,0.0
2020-01-21,50.560001373291016,50.80500030517578,50.525001525878906,50.66999816894531,48.357852935791016,1866400,0.0
2020-01-22,50.85499954223633,50.99250030517578,50.66749954223633,50.685001373291016,48.37216567993164,1639600,0.0
2020-01-23,50.6349983215332,50.807498931884766,50.44499969482422,50.782501220703125,48.46520233154297,1671200,0.0
2020-01-24,50.96500015258789,50.994998931884766,50.154998779296875,50.345001220703125,48.04767990112305,1974800,0.0
2020-01-27,49.38999938964844,49.73749923706055,49.20000076293945,49.47249984741211,47.214988708496094,3252400,0.0
2020-01-28,49.80500030517578,50.27000045776367,49.65250015258789,50.15250015258789,47.86396026611328,1348800,0.0
2020-01-29,50.45000076293945,50.5625,50.10499954223633,50.2599983215332,47.966552734375,1669600,0.0
2020-01-30,49.942501068115234,50.439998626708984,49.81999969482422,50.39500045776367,48.09539031982422,1950800,0.0
2020-01-31,50.474998474121094,50.48249816894531,49.35749816894531,49.505001068115234,47.246009826660156,2269600,0.0
2020-02-03,49.70000076293945,50.26750183105469,49.70000076293945,50.029998779296875,47.74705123901367,3008400,0.0
2020-02-04,50.64250183105469,51.02000045776367,50.540000915527344,50.935001373291016,48.61075973510742,1499200,0.0
2020-02-05,51.502498626708984,51.502498626708984,50.93000030517578,51.21500015258789,48.87797927856445,2232800,0.0
2020-02-06,51.397499084472656,51.54750061035156,51.20750045776367,51.54249954223633,49.19053649902344,1530800,0.0
2020-02-07,51.334999084472656,51.54999923706055,51.18000030517578,51.279998779296875,48.94001770019531,1913600,0.0
2020-02-10,51.099998474121094,51.86000061035156,51.099998474121094,51.849998474121094,49.4839973449707,1922400,0.0
2020-02-11,52.11000061035156,52.23749923706055,51.75,51.842498779296875,49.47684097290039,3470400,0.0
2020-02-12,52.07500076293945,52.26750183105469,51.94499969482422,52.22999954223633,49.84665298461914,2000400,0.0
2020-02-13,51.98249816894531,52.432498931884766,51.962501525878906,52.20750045776367,49.8251953125,1475600,0.0
2020-02-14,52.29750061035156,52.4275016784668,52.19499969482422,52.38999938964844,49.999351501464844,1351600,0.0
2020-02-18,52.157501220703125,52.39250183105469,52.07500076293945,52.310001373291016,49.923011779785156,1761600,0.0
2020-02-19,52.52750015258789,52.787498474121094,52.47999954223633,52.64500045776367,50.24272155761719,1451600,0.0
2020-02-20,52.5625,52.70500183105469,51.727500915527344,52.30500030517578,49.918243408203125,2734000,0.0
2020-02-21,52.0724983215332,52.11249923706055,51.33250045776367,51.51250076293945,49.16189193725586,2308000,0.0
2020-02-24,49.59749984741211,50.22249984741211,49.28499984741211,49.67499923706055,47.40825271606445,5198400,0.0
2020-02-25,50.002498626708984,50.127498626708984,48.084999084472656,48.23749923706055,46.03635025024414,5479200,0.0
2020-02-26,48.45000076293945,49.25749969482422,48.060001373291016,48.272499084472656,46.06973648071289,4255200,0.0
2020-02-27,47.13249969482422,47.88750076293945,45.99250030517578,46.03499984741211,43.93434524536133,5018800,0.0
2020-02-28,44.40999984741211,46.13999938964844,44.22999954223633,46.13999938964844,44.0345458984375,8064000,0.0
2020-03-02,46.54249954223633,48.157501220703125,45.90250015258789,48.13750076293945,45.9409065246582,5556400,0.0
2020-03-03,48.345001220703125,48.897499084472656,46.33250045776367,46.78499984741211,44.65012741088867,5173200,0.0
2020-03-04,47.709999084472656,48.7400016784668,47.189998626708984,48.657501220703125,46.437171936035156,4282400,0.0
2020-03-05,47.47249984741211,48.1349983215332,46.76499938964844,47.119998931884766,44.96984100341797,2673600,0.0
2020-03-06,45.65999984741211,46.525001525878906,45.11000061035156,46.275001525878906,44.16339874267578,3846800,0.0
2020-03-09,42.837501525878906,44.48500061035156,41.3849983215332,42.85749816894531,40.90184020996094,6058400,0.0
2020-03-10,44.505001068115234,45.30500030517578,42.939998626708984,45.30500030517578,43.23766326904297,4304000,0.0
2020-03-11,44.095001220703125,44.3224983215332,42.54999923706055,43.092498779296875,41.126121520996094,5482400,0.0
2020-03-12,39.939998626708984,42.067501068115234,38.40250015258789,39.092498779296875,37.30864334106445,8996000,0.0
2020-03-13,41.36249923706055,42.85749816894531,39.412498474121094,42.8224983215332,40.868438720703125,7152800,0.0
2020-03-16,37.959999084472656,40.5,37.502498626708984,37.73500061035156,36.013084411621094,7022400,0.0
2020-03-17,38.5724983215332,40.4375,37.372501373291016,39.90999984741211,38.08884811401367,8076000,0.0
2020-03-18,37.377498626708984,38.787498474121094,36.119998931884766,38.310001373291016,36.561859130859375,7333600,0.0
2020-03-19,37.810001373291016,39.599998474121094,36.8849983215332,38.42250061035156,36.669219970703125,6047600,0.0
2020-03-20,38.939998626708984,39.32749938964844,36.65999984741211,36.852500915527344,35.17085266113281,6126000,0.0
2020-03-23,36.720001220703125,37.04499816894531,35.209999084472656,36.13999938964844,34.490867614746094,11228800,0.0
2020-03-24,38.032501220703125,39.474998474121094,37.915000915527344,39.470001220703125,37.66892623901367,6448000,0.0
2020-03-25,39.592498779296875,41.09000015258789,38.63999938964844,39.560001373291016,37.87548065185547,36407200,0.12575
2020-03-26,40.01250076293945,41.974998474121094,39.98500061035156,41.72249984741211,39.94589614868164,17900400,0.0
2020-03-27,40.60749816894531,41.5625,40.150001525878906,40.4275016784668,38.706050872802734,7671600,0.0
2020-03-30,40.79499816894531,41.94499969482422,40.60749816894531,41.88999938964844,40.10626983642578,12729200,0.0
2020-03-31,41.744998931884766,42.212501525878906,41.05500030517578,41.26250076293945,39.50548553466797,6674800,0.0
2020-04-01,39.709999084472656,40.400001525878906,39.127498626708984,39.5,37.81804275512695,6018000,0.0
2020-04-02,39.212501525878906,40.3650016784668,39.1875,40.34000015258789,38.62226104736328,4444400,0.0
2020-04-03,40.16749954223633,40.459999084472656,39.2599983215332,39.755001068115234,38.06216812133789,3558000,0.0
2020-04-06,41.212501525878906,42.88750076293945,41.119998931884766,42.657501220703125,40.84109878540039,4717600,0.0
2020-04-07,44.0724983215332,44.125,42.46500015258789,42.54249954223633,40.730987548828125,6540400,0.0
2020-04-08,43.02750015258789,43.90250015258789,42.57500076293945,43.775001525878906,41.911014556884766,5554000,0.0
2020-04-09,44.279998779296875,44.532501220703125,43.79999923706055,44.1775016784668,42.29636764526367,4240800,0.0
2020-04-13,43.90999984741211,44.122501373291016,43.26499938964844,44.07500076293945,42.19822311401367,3543200,0.0
2020-04-14,44.95249938964844,45.787498474121094,44.79750061035156,45.63750076293945,43.694190979003906,3166400,0.0
2020-04-15,44.755001068115234,45.244998931884766,44.51750183105469,44.89500045776367,42.98332214355469,2776000,0.0
2020-04-16,45.27750015258789,45.5724983215332,44.779998779296875,45.36000061035156,43.42850875854492,2255200,0.0
2020-04-17,46.26250076293945,46.32500076293945,45.60499954223633,46.23249816894531,44.26385498046875,3068000,0.0
2020-04-20,45.71500015258789,46.25749969482422,45.51499938964844,45.522499084472656,43.58408737182617,2186800,0.0
2020-04-21,44.91749954223633,44.9900016784668,43.814998626708984,44.04499816894531,42.16950988769531,2894400,0.0
2020-04-22,44.83250045776367,45.55500030517578,44.810001373291016,45.2400016784668,43.31363296508789,5186800,0.0
2020-04-23,45.470001220703125,46.002498626708984,45.185001373291016,45.2400016784668,43.31363296508789,3187200,0.0
2020-04-24,45.43000030517578,45.9900016784668,45.07500076293945,45.875,43.92157745361328,2629600,0.0
2020-04-27,46.24250030517578,46.5,46.16749954223633,46.334999084472656,44.361995697021484,2780000,0.0
2020-04-28,46.872501373291016,46.880001068115234,45.74250030517578,45.772499084472656,43.82345199584961,4604400,0.0
2020-04-29,46.79999923706055,47.4900016784668,46.602500915527344,47.22249984741211,45.211692810058594,4728400,0.0
2020-04-30,47.20000076293945,47.352500915527344,46.782501220703125,47.14250183105469,45.13511276245117,5351600,0.0
2020-05-01,46.247501373291016,46.59749984741211,45.77000045776367,45.92499923706055,43.96945571899414,2107200,0.0
2020-05-04,45.66999816894531,46.314998626708984,45.48500061035156,46.28499984741211,44.31412887573242,1684800,0.0
2020-05-05,46.724998474121094,47.32500076293945,46.682498931884766,46.78499984741211,44.79283142089844,6243600,0.0
2020-05-06,47.067501068115234,47.275001525878906,46.75,46.782501220703125,44.790443420410156,2250800,0.0
2020-05-07,47.380001068115234,47.657501220703125,47.25,47.412498474121094,45.39360427856445,2136800,0.0
2020-05-08,47.8849983215332,48.119998931884766,47.70249938964844,48.02750015258789,45.98242950439453,2640800,0.0
2020-05-11,47.69499969482422,48.564998626708984,47.68000030517578,48.279998779296875,46.22417449951172,2316000,0.0
2020-05-12,48.48249816894531,48.5525016784668,47.29750061035156,47.29750061035156,45.28351593017578,2519600,0.0
2020-05-13,47.287498474121094,47.647499084472656,46.15999984741211,46.665000915527344,44.677955627441406,2751600,0.0
2020-05-14,46.21500015258789,47.16749954223633,45.880001068115234,47.1349983215332,45.12794494628906,2592400,0.0
2020-05-15,46.650001525878906,47.497501373291016,46.54999923706055,47.470001220703125,45.44866180419922,1766800,0.0
2020-05-18,48.377498626708984,48.875,48.29249954223633,48.602500915527344,46.532936096191406,2296400,0.0
2020-05-19,48.584999084472656,49.022499084472656,48.334999084472656,48.334999084472656,46.27683639526367,2472400,0.0
2020-05-20,49.002498626708984,49.34000015258789,49.002498626708984,49.224998474121094,47.128929138183594,2147600,0.0
2020-05-21,49.26250076293945,49.42250061035156,48.6875,48.8125,46.734004974365234,1448000,0.0
2020-05-22,48.79750061035156,49.04249954223633,48.602500915527344,49.022499084472656,46.935062408447266,2570000,0.0
2020-05-26,50.04750061035156,50.04750061035156,49.122501373291016,49.16749954223633,47.073875427246094,4500800,0.0
2020-05-27,49.372501373291016,49.6150016784668,48.40250015258789,49.58250045776367,47.47121810913086,3188800,0.0
2020-05-28,49.63750076293945,50.345001220703125,49.494998931884766,49.619998931884766,47.507118225097656,2196400,0.0
2020-05-29,49.650001525878906,50.09749984741211,49.2599983215332,49.95249938964844,47.825462341308594,2761600,0.0
2020-06-01,49.907501220703125,50.31999969482422,49.810001373291016,50.21500015258789,48.076786041259766,1996800,0.0
2020-06-02,50.317501068115234,50.587501525878906,49.970001220703125,50.56999969482422,48.41666793823242,2986000,0.0
2020-06-03,50.817501068115234,51.16749954223633,50.69499969482422,51.025001525878906,48.85230255126953,2039600,0.0
2020-06-04,50.82749938964844,51.122501373291016,50.33000183105469,50.61000061035156,48.4549674987793,2163200,0.0
2020-06-05,51.147499084472656,51.90999984741211,51.084999084472656,51.772499084472656,49.56795120239258,3043600,0.0
2020-06-08,51.76750183105469,52.17499923706055,51.540000915527344,52.147499084472656,49.92698669433594,3811600,0.0
2020-06-09,51.837501525878906,52.459999084472656,51.837501525878906,52.20500183105469,49.98204803466797,3274800,0.0
2020-06-10,52.45249938964844,52.875,52.24250030517578,52.47999954223633,50.245338439941406,4848800,0.0
2020-06-11,51.377498626708984,51.592498779296875,49.6775016784668,49.6875,47.571739196777344,5718000,0.0
2020-06-12,51.00749969482422,51.067501068115234,49.317501068115234,50.19499969482422,48.05763626098633,2988000,0.0
2020-06-15,49.18000030517578,50.77750015258789,49.0099983215332,50.55500030517578,48.515380859375,3294800,0.117
2020-06-16,51.817501068115234,51.9275016784668,50.787498474121094,51.58250045776367,49.50143051147461,3180400,0.0
2020-06-17,51.807498931884766,52.025001525878906,51.494998931884766,51.58000183105469,49.49903106689453,2307600,0.0
2020-06-18,51.43000030517578,51.7400016784668,51.34000015258789,51.665000915527344,49.58059310913086,1590800,0.0
2020-06-19,52.247501373291016,52.31999969482422,51.182498931884766,51.470001220703125,49.39347839355469,2557200,0.0
2020-06-22,51.41749954223633,52.084999084472656,51.310001373291016,52.07500076293945,49.97406768798828,1462000,0.0
2020-06-23,52.522499084472656,52.86000061035156,52.290000915527344,52.372501373291016,50.25954818725586,1615600,0.0
2020-06-24,52.127498626708984,52.32500076293945,50.89500045776367,51.17250061035156,49.10797882080078,4197200,0.0
2020-06-25,51.1349983215332,51.70750045776367,50.64250183105469,51.665000915527344,49.58059310913086,2413600,0.0
2020-06-26,51.54999923706055,51.584999084472656,50.334999084472656,50.34000015258789,48.3090705871582,2629200,0.0
2020-06-29,50.474998474121094,51.037498474121094,49.9900016784668,51.022499084472656,48.964019775390625,1790000,0.0
2020-06-30,51.01499938964844,52.08250045776367,50.9474983215332,51.872501373291016,49.77973556518555,2507200,0.0
2020-07-01,51.942501068115234,52.622501373291016,51.897499084472656,52.42499923706055,50.309940338134766,5672400,0.0
2020-07-02,52.95249938964844,53.17499923706055,52.587501525878906,52.65250015258789,50.528255462646484,2511200,0.0
2020-07-06,53.39500045776367,53.817501068115234,53.29999923706055,53.70000076293945,51.533504486083984,2382000,0.0
2020-07-07,53.557498931884766,54.0625,53.182498931884766,53.220001220703125,51.072872161865234,3264400,0.0
2020-07-08,53.459999084472656,53.869998931884766,53.18000030517578,53.869998931884766,51.69664764404297,1887600,0.0
2020-07-09,54.13249969482422,54.185001373291016,53.18000030517578,53.942501068115234,51.76622009277344,2373200,0.0
2020-07-10,53.86750030517578,54.26750183105469,53.4900016784668,54.2400016784668,52.05171203613281,2367200,0.0
2020-07-13,54.665000915527344,55.165000915527344,53.23749923706055,53.342498779296875,51.1904296875,2689200,0.0
2020-07-14,53.04750061035156,54.04750061035156,52.584999084472656,54.0099983215332,51.83100509643555,3403600,0.0
2020-07-15,54.522499084472656,54.619998931884766,53.82749938964844,54.3125,52.12129211425781,3409200,0.0
2020-07-16,53.8650016784668,54.125,53.55500030517578,53.997501373291016,51.819007873535156,2384400,0.0
2020-07-17,54.1974983215332,54.33000183105469,53.752498626708984,54.192501068115234,52.00613784790039,1768800,0.0
2020-07-20,54.1974983215332,55.310001373291016,54.01250076293945,55.182498931884766,52.9561882019043,2024800,0.0
2020-07-21,55.58000183105469,55.58000183105469,54.775001525878906,54.94499969482422,52.72827911376953,2050000,0.0
2020-07-22,54.89250183105469,55.32500076293945,54.810001373291016,55.244998931884766,53.01617431640625,3721200,0.0
2020-07-23,55.13750076293945,55.372501373291016,53.91999816894531,54.15999984741211,51.974952697753906,2826000,0.0
2020-07-24,53.627498626708984,54.06999969482422,53.255001068115234,53.84749984741211,51.6750602722168,1590000,0.0
2020-07-27,54.099998474121094,54.5724983215332,54.0,54.497501373291016,52.29883575439453,2247600,0.0
2020-07-28,54.36000061035156,54.53499984741211,53.92499923706055,53.959999084472656,51.78301239013672,1618800,0.0
2020-07-29,54.1875,54.779998779296875,54.1875,54.657501220703125,52.452362060546875,1510400,0.0
2020-07-30,54.154998779296875,54.82500076293945,53.877498626708984,54.72999954223633,52.521949768066406,1439200,0.0
2020-07-31,55.48249816894531,55.56999969482422,54.599998474121094,55.56999969482422,53.32805633544922,1661600,0.0
2020-08-03,55.9900016784668,56.27000045776367,55.91749954223633,56.11000061035156,53.84627914428711,1700800,0.0
2020-08-04,55.962501525878906,56.25,55.852500915527344,56.23500061035156,53.96623611450195,1298000,0.0
2020-08-05,56.432498931884766,56.67250061035156,56.352500915527344,56.63999938964844,54.35489273071289,1237600,0.0
2020-08-06,56.560001373291016,57.310001373291016,56.477500915527344,57.2599983215332,54.94987106323242,1449200,0.0
2020-08-07,57.064998626708984,57.287498474121094,56.4900016784668,56.872501373291016,54.5780143737793,1458000,0.0
2020-08-10,56.95750045776367,57.04999923706055,56.247501373291016,56.790000915527344,54.498836517333984,1568400,0.0
2020-08-11,56.782501220703125,57.02000045776367,56.02000045776367,56.11750030517578,53.853477478027344,2132000,0.0
2020-08-12,56.529998779296875,57.334999084472656,56.529998779296875,57.1875,54.88030242919922,4539600,0.0
2020-08-13,57.23500061035156,57.65999984741211,57.125,57.279998779296875,54.96906280517578,3094800,0.0
2020-08-14,57.279998779296875,57.3125,57.005001068115234,57.224998474121094,54.916290283203125,1077600,0.0
2020-08-17,57.45500183105469,57.647499084472656,57.45500183105469,57.5625,55.24018096923828,1180800,0.0
2020-08-18,57.6775016784668,58.01750183105469,57.44499969482422,57.91999816894531,55.583251953125,2036400,0.0
2020-08-19,58.005001068115234,58.182498931884766,57.619998931884766,57.685001373291016,55.35773468017578,1852400,0.0
2020-08-20,57.43000030517578,58.27750015258789,57.415000915527344,58.182498931884766,55.83515930175781,1412800,0.0
2020-08-21,58.18000030517578,58.587501525878906,58.10499954223633,58.54750061035156,56.1854362487793,1821200,0.0
2020-08-24,59.1150016784668,59.247501373291016,58.6150016784668,59.022499084472656,56.641273498535156,1834800,0.0
2020-08-25,59.01750183105469,59.40250015258789,58.8849983215332,59.36750030517578,56.972354888916016,1774800,0.0
2020-08-26,59.602500915527344,60.522499084472656,59.59749984741211,60.48749923706055,58.04716110229492,2300000,0.0
2020-08-27,60.627498626708984,60.807498931884766,60.03499984741211,60.38249969482422,57.94640350341797,1424400,0.0
2020-08-28,60.60499954223633,60.83000183105469,60.40999984741211,60.755001068115234,58.30388259887695,1234000,0.0
2020-08-31,60.85499954223633,61.14250183105469,60.630001068115234,60.814998626708984,58.361446380615234,1502400,0.0
2020-09-01,61.1150016784668,61.66749954223633,60.89250183105469,61.654998779296875,59.16756057739258,2298400,0.0
2020-09-02,62.189998626708984,62.60499954223633,61.505001068115234,62.432498931884766,59.913700103759766,2926000,0.0
2020-09-03,61.88249969482422,61.88249969482422,59.150001525878906,59.66749954223633,57.26024627685547,4471600,0.0
2020-09-04,59.564998626708984,60.060001373291016,57.07749938964844,58.880001068115234,56.504520416259766,4331200,0.0
2020-09-08,57.404998779296875,58.125,56.880001068115234,56.92250061035156,54.62599182128906,3101200,0.0
2020-09-09,57.90250015258789,58.875,57.60749816894531,58.38999938964844,56.03429412841797,2397200,0.0
2020-09-10,58.869998931884766,59.03499984741211,57.04499816894531,57.272499084472656,54.96187210083008,2416000,0.0
2020-09-11,57.6775016784668,57.84000015258789,56.522499084472656,57.08000183105469,54.77714920043945,2272000,0.0
2020-09-14,57.817501068115234,58.342498779296875,57.67250061035156,57.837501525878906,55.50408172607422,1962400,0.0
2020-09-15,58.502498626708984,58.73249816894531,58.14500045776367,58.42499923706055,56.067867279052734,1124000,0.0
2020-09-16,58.64500045776367,58.6875,57.72999954223633,57.75,55.42012405395508,1713200,0.0
2020-09-17,56.71500015258789,57.5,56.54750061035156,57.10749816894531,54.803524017333984,2590400,0.0
2020-09-18,57.36750030517578,57.36750030517578,55.7400016784668,56.34000015258789,54.0670051574707,4404000,0.0
2020-09-21,55.474998474121094,56.119998931884766,54.92250061035156,56.092498779296875,53.829490661621094,2768800,0.0
2020-09-22,56.56999969482422,57.125,56.03499984741211,57.01499938964844,54.71475601196289,1928000,0.0
2020-09-23,56.95000076293945,57.0,55.26499938964844,55.372501373291016,53.26605224609375,2033600,0.1365
2020-09-24,55.057498931884766,56.227500915527344,54.97249984741211,55.58250045776367,53.46806335449219,2526800,0.0
2020-09-25,55.560001373291016,56.817501068115234,55.287498474121094,56.682498931884766,54.526222229003906,1706000,0.0
2020-09-28,57.494998931884766,57.685001373291016,57.23749923706055,57.622501373291016,55.43045425415039,1868400,0.0
2020-09-29,57.619998931884766,57.79999923706055,57.310001373291016,57.412498474121094,55.228450775146484,1250400,0.0
2020-09-30,57.497501373291016,58.41749954223633,57.462501525878906,57.77000045776367,55.572349548339844,2304000,0.0
2020-10-01,58.43000030517578,58.57749938964844,58.02750015258789,58.34749984741211,56.12788391113281,2793200,0.0
2020-10-02,57.27000045776367,57.962501525878906,57.122501373291016,57.372501373291016,55.189971923828125,2484000,0.0
2020-10-05,57.75,58.525001525878906,57.75,58.48500061035156,56.260154724121094,1585200,0.0
2020-10-06,58.400001525878906,58.7599983215332,57.38999938964844,57.51750183105469,55.3294563293457,1789600,0.0
2020-10-07,58.05500030517578,58.654998779296875,58.05500030517578,58.5525016784668,56.32508087158203,1774800,0.0
2020-10-08,58.915000915527344,58.942501068115234,58.67499923706055,58.897499084472656,56.656951904296875,1246000,0.0
2020-10-09,59.19499969482422,59.70500183105469,59.150001525878906,59.68000030517578,57.40968704223633,1110400,0.0
2020-10-12,60.36249923706055,61.42250061035156,60.2599983215332,61.032501220703125,58.71073532104492,1735600,0.0
2020-10-13,61.11750030517578,61.224998474121094,60.560001373291016,60.75,58.438987731933594,2263600,0.0
2020-10-14,60.9375,61.11750030517578,60.07749938964844,60.34000015258789,58.04458236694336,1342400,0.0
2020-10-15,59.45000076293945,60.220001220703125,59.345001220703125,60.09000015258789,57.8040885925293,1427600,0.0
2020-10-16,60.42499923706055,60.76250076293945,59.90250015258789,59.90250015258789,57.62372970581055,1735600,0.0
2020-10-19,60.209999084472656,60.45000076293945,58.790000915527344,58.939998626708984,56.697837829589844,1735700,0.0
2020-10-20,59.15999984741211,59.86000061035156,58.970001220703125,59.18000030517578,56.928707122802734,1887000,0.0
2020-10-21,59.209999084472656,59.72999954223633,59.040000915527344,59.099998474121094,56.851749420166016,1391600,0.0
2020-10-22,59.15999984741211,59.34000015258789,58.540000915527344,59.15999984741211,56.90947341918945,1452000,0.0
2020-10-23,59.33000183105469,59.43000030517578,58.900001525878906,59.400001525878906,57.14033508300781,1191500,0.0
2020-10-26,58.84000015258789,59.209999084472656,57.66999816894531,58.349998474121094,56.130271911621094,1999800,0.0
2020-10-27,58.5099983215332,58.7400016784668,58.25,58.5,56.27458190917969,1065800,0.0
2020-10-28,57.45000076293945,57.45000076293945,56.220001220703125,56.33000183105469,54.18712615966797,2174400,0.0
2020-10-29,56.52000045776367,57.70000076293945,56.2599983215332,57.06999969482422,54.89898681640625,1914200,0.0
2020-10-30,56.689998626708984,56.970001220703125,55.47999954223633,56.16999816894531,54.03321075439453,3182600,0.0
2020-11-02,56.619998931884766,57.099998474121094,55.93000030517578,56.470001220703125,54.32179641723633,2386700,0.0
2020-11-03,56.959999084472656,57.86000061035156,56.810001373291016,57.470001220703125,55.283756256103516,2550200,0.0
2020-11-04,58.7400016784668,60.04999923706055,58.599998474121094,59.4900016784668,57.22691345214844,3723500,0.0
2020-11-05,60.689998626708984,61.119998931884766,60.5099983215332,60.84000015258789,58.52555465698242,2899100,0.0
2020-11-06,60.709999084472656,61.11000061035156,60.099998474121094,60.939998626708984,58.621742248535156,2437700,0.0
2020-11-09,62.52000045776367,62.540000915527344,60.52000045776367,60.560001373291016,58.25620651245117,4426100,0.0
2020-11-10,60.189998626708984,60.41999816894531,59.369998931884766,59.939998626708984,57.65979766845703,3360000,0.0
2020-11-11,60.380001068115234,60.91999816894531,60.29999923706055,60.790000915527344,58.47746658325195,1552000,0.0
2020-11-12,60.7400016784668,60.970001220703125,60.060001373291016,60.29999923706055,58.006099700927734,1728700,0.0
2020-11-13,60.689998626708984,61.06999969482422,60.31999969482422,60.95000076293945,58.63137435913086,1095400,0.0
2020-11-16,61.13999938964844,61.5099983215332,61.0,61.459999084472656,59.121971130371094,1896600,0.0
2020-11-17,61.16999816894531,61.41999816894531,60.91999816894531,61.20000076293945,58.871864318847656,2891000,0.0
2020-11-18,61.13999938964844,61.27000045776367,60.470001220703125,60.470001220703125,58.16963195800781,2046000,0.0
2020-11-19,60.34000015258789,60.91999816894531,60.20000076293945,60.849998474121094,58.53518295288086,1862600,0.0
2020-11-20,60.84000015258789,60.849998474121094,60.33000183105469,60.36000061035156,58.0638313293457,1045200,0.0
2020-11-23,60.59000015258789,60.84000015258789,59.970001220703125,60.369998931884766,58.07343673706055,2258900,0.0
2020-11-24,60.689998626708984,61.290000915527344,60.45000076293945,61.13999938964844,58.814144134521484,1729400,0.0
2020-11-25,61.22999954223633,61.380001068115234,61.060001373291016,61.25,58.91996383666992,1143500,0.0
2020-11-27,61.529998779296875,61.709999084472656,61.38999938964844,61.560001373291016,59.218177795410156,627000,0.0
2020-11-30,61.47999954223633,61.58000183105469,60.77000045776367,61.5099983215332,59.17007064819336,1504900,0.0
2020-12-01,62.0099983215332,62.58000183105469,61.880001068115234,62.2599983215332,59.89154052734375,1907800,0.0
2020-12-02,62.02000045776367,62.279998779296875,61.72999954223633,62.20000076293945,59.83382034301758,2216000,0.0
2020-12-03,62.209999084472656,62.5,61.959999084472656,62.11000061035156,59.74725341796875,1577800,0.0
2020-12-04,62.220001220703125,62.529998779296875,62.13999938964844,62.5099983215332,60.132022857666016,1863300,0.0
2020-12-07,62.5,62.70000076293945,62.349998474121094,62.54999923706055,60.170509338378906,1636800,0.0
2020-12-08,62.40999984741211,62.79999923706055,62.220001220703125,62.68000030517578,60.29557418823242,1218800,0.0
2020-12-09,62.72999954223633,62.790000915527344,61.63999938964844,61.83000183105469,59.4779052734375,2331600,0.0
2020-12-10,61.52000045776367,62.09000015258789,61.369998931884766,61.86000061035156,59.506752014160156,1724900,0.0
2020-12-11,61.59000015258789,61.880001068115234,61.27000045776367,61.84000015258789,59.48751449584961,1271200,0.0
2020-12-14,62.060001373291016,62.43000030517578,61.689998626708984,61.689998626708984,59.480770111083984,1359700,0.143
2020-12-15,62.20000076293945,62.52000045776367,61.880001068115234,62.5099983215332,60.271400451660156,1323600,0.0
2020-12-16,62.58000183105469,62.970001220703125,62.43000030517578,62.790000915527344,60.541378021240234,1426600,0.0
2020-12-17,63.15999984741211,63.279998779296875,62.970001220703125,63.150001525878906,60.88848114013672,1410100,0.0
2020-12-18,63.290000915527344,63.31999969482422,62.59000015258789,63.06999969482422,60.81135559082031,1926800,0.0
2020-12-21,62.34000015258789,62.939998626708984,61.75,62.84000015258789,60.5895881652832,1934100,0.0
2020-12-22,62.97999954223633,63.15999984741211,62.56999969482422,63.0099983215332,60.75349807739258,1503500,0.0
2020-12-23,63.11000061035156,63.150001525878906,62.70000076293945,62.70000076293945,60.45458984375,1703300,0.0
2020-12-24,62.810001373291016,63.15999984741211,62.810001373291016,63.029998779296875,60.772789001464844,860600,0.0
2020-12-28,63.59000015258789,63.90999984741211,63.279998779296875,63.779998779296875,61.49592208862305,1220300,0.0
2020-12-29,64.12000274658203,64.19000244140625,63.56999969482422,63.650001525878906,61.370574951171875,1477300,0.0
2020-12-30,63.88999938964844,63.97999954223633,63.540000915527344,63.58000183105469,61.30308532714844,1276900,0.0
2020-12-31,63.59000015258789,63.91999816894531,63.380001068115234,63.81999969482422,61.534488677978516,1466300,0.0
2021-01-04,64.02999877929688,64.11000061035156,62.09000015258789,62.869998931884766,60.61851119995117,8312100,0.0
2021-01-05,62.65999984741211,63.38999938964844,62.65999984741211,63.31999969482422,61.05239486694336,3420200,0.0
2021-01-06,62.5,63.4900016784668,62.2599983215332,62.689998626708984,60.4449577331543,3213400,0.0
2021-01-07,63.15999984741211,64.2300033569336,63.15999984741211,64.0999984741211,61.804466247558594,1960800,0.0
2021-01-08,64.44000244140625,64.79000091552734,63.95000076293945,64.75,62.43117904663086,2274800,0.0
2021-01-11,64.08999633789062,64.43000030517578,63.83000183105469,63.90999984741211,61.62125778198242,2214400,0.0
2021-01-12,63.900001525878906,64.05999755859375,63.209999084472656,63.68000030517578,61.399505615234375,2179300,0.0
2021-01-13,63.65999984741211,64.19999694824219,63.599998474121094,64.0,61.70804977416992,1452600,0.0
2021-01-14,64.08999633789062,64.16999816894531,63.33000183105469,63.40999984741211,61.13917922973633,1784400,0.0
2021-01-15,63.34000015258789,63.560001373291016,62.81999969482422,63.040000915527344,60.78242111206055,1697100,0.0
2021-01-19,63.5099983215332,63.880001068115234,63.22999954223633,63.81999969482422,61.534488677978516,1881600,0.0
2021-01-20,64.45999908447266,65.45999908447266,64.4000015258789,65.2300033569336,62.893985748291016,2305500,0.0
2021-01-21,65.5,65.80000305175781,65.33000183105469,65.63999938964844,63.289302825927734,1448100,0.0
2021-01-22,65.48999786376953,65.87000274658203,65.44000244140625,65.62999725341797,63.2796516418457,1469300,0.0
2021-01-25,66.19999694824219,66.4800033569336,64.9000015258789,66.1500015258789,63.78103256225586,2392200,0.0
2021-01-26,66.30000305175781,66.41999816894531,66.02999877929688,66.19000244140625,63.81962203979492,1721400,0.0
2021-01-27,65.75,65.75,63.97999954223633,64.47000122070312,62.16120910644531,2512800,0.0
2021-01-28,64.6500015258789,65.77999877929688,64.52999877929688,64.80000305175781,62.479393005371094,2220100,0.0
2021-01-29,64.44000244140625,64.61000061035156,63.099998474121094,63.5099983215332,61.235591888427734,2572800,0.0
2021-02-01,64.11000061035156,65.0999984741211,63.7599983215332,64.91000366210938,62.58546447753906,2061200,0.0
2021-02-02,65.4800033569336,66.12000274658203,65.4800033569336,65.80999755859375,63.453224182128906,1446900,0.0
2021-02-03,66.26000213623047,66.31999969482422,65.6500015258789,65.70999908447266,63.3568115234375,1514200,0.0
2021-02-04,65.97000122070312,66.33000183105469,65.73999786376953,66.31999969482422,63.94496154785156,2770000,0.0
2021-02-05,66.52999877929688,66.7300033569336,66.25,66.55000305175781,64.166748046875,1246200,0.0
2021-02-08,66.91000366210938,66.91000366210938,66.5,66.87000274658203,64.47527313232422,1922200,0.0
2021-02-09,66.69999694824219,67.05000305175781,66.69999694824219,66.77999877929688,64.38849639892578,1151700,0.0
2021-02-10,67.13999938964844,67.19999694824219,66.16999816894531,66.63999938964844,64.25350189208984,1540200,0.0
2021-02-11,66.97000122070312,67.05000305175781,66.4800033569336,66.91999816894531,64.52345275878906,1286700,0.0
2021-02-12,66.75,67.30000305175781,66.5999984741211,67.25,64.8416519165039,1734200,0.0
2021-02-16,67.41000366210938,67.5199966430664,66.88999938964844,67.02999877929688,64.62954711914062,1291400,0.0
2021-02-17,66.55000305175781,66.91000366210938,66.25,66.86000061035156,64.4655990600586,1323200,0.0
2021-02-18,66.27999877929688,66.69999694824219,65.91999816894531,66.55999755859375,64.17635345458984,1253700,0.0
2021-02-19,66.80000305175781,66.8499984741211,66.06999969482422,66.12999725341797,63.76176071166992,4568000,0.0
2021-02-22,65.43000030517578,65.54000091552734,64.81999969482422,64.8499984741211,62.52760314941406,1790000,0.0
2021-02-23,63.90999984741211,65.04000091552734,62.95000076293945,64.73999786376953,62.42153549194336,2494800,0.0
2021-02-24,64.36000061035156,65.33000183105469,63.86000061035156,65.2300033569336,62.893985748291016,2846700,0.0
2021-02-25,64.83000183105469,65.22000122070312,63.04999923706055,63.33000183105469,61.062042236328125,3909200,0.0
2021-02-26,63.900001525878906,64.4000015258789,62.9900016784668,63.45000076293945,61.17774200439453,3341600,0.0
2021-03-01,64.33999633789062,65.23999786376953,64.19000244140625,65.12000274658203,62.787933349609375,2347200,0.0
2021-03-02,65.22000122070312,65.31999969482422,64.29000091552734,64.33999633789062,62.035865783691406,3356500,0.0
2021-03-03,64.0999984741211,64.27999877929688,62.68000030517578,62.720001220703125,60.47389221191406,5791400,0.0
2021-03-04,62.650001525878906,63.209999084472656,61.02000045776367,61.75,59.53862762451172,5399000,0.0
2021-03-05,62.33000183105469,62.90999984741211,60.70000076293945,62.7599983215332,60.512454986572266,3933400,0.0
2021-03-08,62.7400016784668,63.15999984741211,61.38999938964844,61.43000030517578,59.23008346557617,2480900,0.0
2021-03-09,62.630001068115234,63.720001220703125,62.630001068115234,63.31999969482422,61.05239486694336,2084300,0.0
2021-03-10,63.93000030517578,64.05000305175781,63.209999084472656,63.310001373291016,61.042755126953125,2148800,0.0
2021-03-11,64.1500015258789,64.8499984741211,64.02999877929688,64.51000213623047,62.19977951049805,2146600,0.0
2021-03-12,63.83000183105469,64.16999816894531,63.439998626708984,64.16000366210938,61.86231231689453,2027200,0.0
2021-03-15,64.16000366210938,64.72000122070312,63.869998931884766,64.69000244140625,62.37334442138672,1856700,0.0
2021-03-16,65.0199966430664,65.54000091552734,64.70999908447266,64.91999816894531,62.595088958740234,1470200,0.0
2021-03-17,64.41000366210938,65.37999725341797,64.13999938964844,65.0199966430664,62.69151306152344,2173800,0.0
2021-03-18,64.22000122070312,64.44999694824219,63.45000076293945,63.5,61.2259521484375,2508600,0.0
2021-03-19,63.540000915527344,63.95000076293945,63.150001525878906,63.68000030517578,61.399505615234375,1708000,0.0
2021-03-22,63.970001220703125,64.95999908447266,63.970001220703125,64.61000061035156,62.296207427978516,1728300,0.0
2021-03-23,64.75,65.19999694824219,64.30999755859375,64.43000030517578,62.122642517089844,2641000,0.0
2021-03-24,64.73999786376953,64.73999786376953,63.709999084472656,63.709999084472656,61.42842102050781,2068000,0.0
2021-03-25,63.349998474121094,63.77000045776367,62.84000015258789,63.56999969482422,61.386898040771484,2821800,0.097
2021-03-26,63.63999938964844,64.66000366210938,63.56999969482422,64.58000183105469,62.36222839355469,2369800,0.0
2021-03-29,64.48999786376953,64.86000061035156,64.04000091552734,64.6500015258789,62.429813385009766,2445300,0.0
2021-03-30,64.37000274658203,64.44999694824219,63.939998626708984,64.33000183105469,62.12081527709961,2492900,0.0
2021-03-31,64.6500015258789,65.47000122070312,64.62999725341797,65.11000061035156,62.87403869628906,2306300,0.0
2021-04-01,65.73999786376953,66.11000061035156,65.70999908447266,66.05999755859375,63.791385650634766,2290200,0.0
2021-04-05,66.58000183105469,67.51000213623047,66.55000305175781,67.37000274658203,65.05640411376953,2478600,0.0
2021-04-06,67.29000091552734,67.6500015258789,67.18000030517578,67.30000305175781,64.98883819580078,1647600,0.0
2021-04-07,67.2699966430664,67.66999816894531,67.16000366210938,67.54000091552734,65.22058868408203,2076300,0.0
2021-04-08,68.06999969482422,68.22000122070312,67.97000122070312,68.22000122070312,65.87722778320312,2024600,0.0
2021-04-09,68.0,68.83000183105469,67.9800033569336,68.79000091552734,66.42762756347656,1852700,0.0
2021-04-12,68.61000061035156,68.88999938964844,68.43000030517578,68.80000305175781,66.43730163574219,1415400,0.0
2021-04-13,68.98999786376953,69.55999755859375,68.9800033569336,69.43000030517578,67.04566955566406,1509600,0.0
2021-04-14,69.4800033569336,69.4800033569336,68.62999725341797,68.72000122070312,66.36004638671875,2182800,0.0
2021-04-15,69.31999969482422,69.9000015258789,69.30000305175781,69.81999969482422,67.42224884033203,2788300,0.0
2021-04-16,69.95999908447266,70.04000091552734,69.61000061035156,69.94999694824219,67.54780578613281,1885500,0.0
2021-04-19,69.66999816894531,69.93000030517578,69.19000244140625,69.48999786376953,67.10360717773438,2490000,0.0
2021-04-20,69.33000183105469,69.66999816894531,68.73999786376953,69.08999633789062,66.71734619140625,2803000,0.0
2021-04-21,68.91999816894531,69.62999725341797,68.76000213623047,69.5999984741211,67.20982360839844,2616500,0.0
2021-04-22,69.55000305175781,69.76000213623047,68.6500015258789,68.87999725341797,66.5145492553711,3051000,0.0
2021-04-23,69.0999984741211,70.06999969482422,69.08999633789062,69.79000091552734,67.39330291748047,1680200,0.0
2021-04-26,69.91999816894531,70.19000244140625,69.76000213623047,70.11000061035156,67.70230102539062,2578900,0.0
2021-04-27,70.18000030517578,70.25,69.76000213623047,69.91000366210938,67.50916290283203,2256000,0.0
2021-04-28,69.97000122070312,70.19999694824219,69.75,69.77999877929688,67.38363647460938,2557700,0.0
2021-04-29,70.47000122070312,70.5199966430664,69.44000244140625,70.08000183105469,67.67335510253906,3159400,0.0
2021-04-30,69.62000274658203,69.98999786376953,69.44000244140625,69.55999755859375,67.17119598388672,2405400,0.0
2021-05-03,69.88999938964844,70.01000213623047,69.30999755859375,69.37999725341797,66.99737548828125,2279900,0.0
2021-05-04,68.9000015258789,69.0,67.70999908447266,68.45999908447266,66.10897827148438,3954500,0.0
2021-05-05,68.87000274658203,68.9800033569336,68.20999908447266,68.33000183105469,65.98345184326172,1742300,0.0
2021-05-06,68.27999877929688,68.8499984741211,67.87999725341797,68.81999969482422,66.45661926269531,2016100,0.0
2021-05-07,69.29000091552734,69.68000030517578,69.08000183105469,69.29000091552734,66.91046142578125,1698700,0.0
2021-05-10,69.08000183105469,69.12000274658203,67.94000244140625,67.94000244140625,65.60684204101562,2234600,0.0
2021-05-11,66.88999938964844,67.80999755859375,66.7300033569336,67.6500015258789,65.32679748535156,3477300,0.0
2021-05-12,66.77999877929688,67.13999938964844,65.83000183105469,65.95999908447266,63.694847106933594,2811700,0.0
2021-05-13,66.5,67.0999984741211,66.2300033569336,66.66000366210938,64.37079620361328,2334000,0.0
2021-05-14,67.26000213623047,68.04000091552734,67.23999786376953,67.88999938964844,65.55854034423828,1651700,0.0
2021-05-17,67.62000274658203,67.69999694824219,67.05999755859375,67.54000091552734,65.22058868408203,1879700,0.0
2021-05-18,67.75,67.80000305175781,66.9800033569336,67.0,64.69911193847656,1380800,0.0
2021-05-19,66.06999969482422,67.06999969482422,65.98999786376953,67.02999877929688,64.72808837890625,1982200,0.0
2021-05-20,67.31999969482422,68.30000305175781,67.30000305175781,68.08999633789062,65.75167846679688,1535700,0.0
2021-05-21,68.4000015258789,68.47000122070312,67.75,67.77999877929688,65.45232391357422,1665300,0.0
2021-05-24,68.23999786376953,68.98999786376953,68.19000244140625,68.7699966430664,66.40833282470703,2992000,0.0
2021-05-25,69.02999877929688,69.19000244140625,68.72000122070312,68.86000061035156,66.4952392578125,1342700,0.0
2021-05-26,68.97000122070312,69.11000061035156,68.83000183105469,68.9800033569336,66.61113739013672,2058000,0.0
2021-05-27,69.01000213623047,69.16999816894531,68.75,68.75,66.38903045654297,1489000,0.0
2021-05-28,69.08000183105469,69.30000305175781,68.9000015258789,68.94000244140625,66.57250213623047,1634800,0.0
2021-06-01,69.2300033569336,69.30000305175781,68.51000213623047,68.5999984741211,66.24417877197266,1521600,0.0
2021-06-02,68.69000244140625,68.91999816894531,68.44000244140625,68.69999694824219,66.34074401855469,1354600,0.0
2021-06-03,68.19999694824219,68.51000213623047,67.83000183105469,68.18000030517578,65.83860778808594,2510300,0.0
2021-06-04,68.56999969482422,69.19999694824219,68.55000305175781,69.12999725341797,66.75597381591797,1039600,0.0
2021-06-07,69.05999755859375,69.2699966430664,68.91999816894531,69.2300033569336,66.8525390625,1149900,0.0
2021-06-08,69.55000305175781,69.70999908447266,69.04000091552734,69.30999755859375,66.9297866821289,969600,0.0
2021-06-09,69.58000183105469,69.72000122070312,69.31999969482422,69.33000183105469,66.94910430908203,1106400,0.0
2021-06-10,69.37999725341797,69.91000366210938,69.3499984741211,69.9000015258789,67.58141326904297,1232700,0.084
2021-06-11,69.95999908447266,70.05999755859375,69.76000213623047,70.02999877929688,67.70709991455078,1078500,0.0
2021-06-14,70.08999633789062,70.66000366210938,69.9000015258789,70.6500015258789,68.30651092529297,1076100,0.0
2021-06-15,70.62000274658203,70.6500015258789,70.22000122070312,70.33999633789062,68.00682067871094,1132300,0.0
2021-06-16,70.44999694824219,70.58000183105469,69.44999694824219,70.02999877929688,67.70709991455078,2042400,0.0
2021-06-17,69.8499984741211,70.9800033569336,69.8499984741211,70.7699966430664,68.42254638671875,2435000,0.0
2021-06-18,70.43000030517578,70.66000366210938,70.13999938964844,70.19999694824219,67.8714599609375,2278100,0.0
2021-06-21,70.37999725341797,70.93000030517578,69.97000122070312,70.87000274658203,68.51923370361328,1768400,0.0
2021-06-22,70.87999725341797,71.62000274658203,70.81999969482422,71.5,69.12833404541016,1308900,0.0
2021-06-23,71.52999877929688,71.75,71.44000244140625,71.51000213623047,69.13801574707031,1487700,0.0
2021-06-24,71.9800033569336,72.1500015258789,71.79000091552734,71.87000274658203,69.48607635498047,1216200,0.0
2021-06-25,72.01000213623047,72.06999969482422,71.73999786376953,71.88999938964844,69.5053939819336,1235300,0.0
2021-06-28,72.08999633789062,72.5999984741211,72.08000183105469,72.55999755859375,70.15319061279297,1259800,0.0
2021-06-29,72.55000305175781,72.8499984741211,72.47000122070312,72.80999755859375,70.39486694335938,1016300,0.0
2021-06-30,72.72000122070312,72.87000274658203,72.62000274658203,72.7300033569336,70.31752014160156,1746600,0.0
2021-07-01,72.69000244140625,73.0199966430664,72.58999633789062,72.98999786376953,70.56891632080078,2059300,0.0
2021-07-02,73.31999969482422,73.95999908447266,73.27999877929688,73.88999938964844,71.4390640258789,1129300,0.0
2021-07-06,74.01000213623047,74.31999969482422,73.62000274658203,74.27999877929688,71.81610870361328,2037700,0.0
2021-07-07,74.68000030517578,74.75,74.18000030517578,74.66000366210938,72.18351745605469,2868700,0.0
2021-07-08,73.58999633789062,74.33000183105469,73.3499984741211,74.12999725341797,71.67108917236328,2377500,0.0
2021-07-09,74.12000274658203,74.69000244140625,74.08000183105469,74.61000061035156,72.13516998291016,2268800,0.0
2021-07-12,74.8499984741211,74.91000366210938,74.62999725341797,74.83999633789062,72.3575439453125,1618600,0.0
2021-07-13,74.73999786376953,75.4000015258789,74.69999694824219,74.81999969482422,72.33821105957031,2147900,0.0
2021-07-14,75.29000091552734,75.41999816894531,74.87000274658203,75.05999755859375,72.57024383544922,1925000,0.0
2021-07-15,75.0,75.04000091552734,74.26000213623047,74.63999938964844,72.1641845703125,1869900,0.0
2021-07-16,74.80000305175781,74.95999908447266,74.06999969482422,74.12000274658203,71.66143035888672,1631200,0.0
2021-07-19,73.30000305175781,73.5,72.79000091552734,73.29000091552734,70.85897064208984,3601300,0.0
2021-07-20,73.54000091552734,74.51000213623047,73.22000122070312,74.22000122070312,71.75811767578125,2504500,0.0
2021-07-21,74.26000213623047,74.68000030517578,74.19999694824219,74.66999816894531,72.19318389892578,1773400,0.0
2021-07-22,74.80999755859375,75.27999877929688,74.80999755859375,75.27999877929688,72.78295135498047,4063600,0.0
2021-07-23,75.68000030517578,76.37999725341797,75.5199966430664,76.33000183105469,73.79811096191406,2217700,0.0
2021-07-26,76.2300033569336,76.44999694824219,76.04000091552734,76.37999725341797,73.8464584350586,2607900,0.0
2021-07-27,76.31999969482422,76.33999633789062,74.97000122070312,75.70999908447266,73.19868469238281,2169200,0.0
2021-07-28,75.86000061035156,76.13999938964844,75.33000183105469,75.7699966430664,73.2566909790039,2199800,0.0
2021-07-29,75.7300033569336,76.16000366210938,75.70999908447266,75.94000244140625,73.4210433959961,1479000,0.0
2021-07-30,75.18000030517578,75.61000061035156,75.1500015258789,75.4800033569336,72.97632598876953,1783000,0.0
2021-08-02,75.83999633789062,75.87999725341797,75.30999755859375,75.36000061035156,72.86029052734375,2481700,0.0
2021-08-03,75.54000091552734,75.94999694824219,75.05999755859375,75.93000030517578,73.41139221191406,3805900,0.0
2021-08-04,75.88999938964844,76.19999694824219,75.7300033569336,75.97000122070312,73.45006561279297,1489800,0.0
2021-08-05,76.16999816894531,76.41999816894531,75.95999908447266,76.38999938964844,73.85612487792969,1490500,0.0
2021-08-06,76.26000213623047,76.4000015258789,75.98999786376953,76.22000122070312,73.69178009033203,1821600,0.0
2021-08-09,76.29000091552734,76.37000274658203,76.0199966430664,76.16000366210938,73.63377380371094,1334300,0.0
2021-08-10,76.29000091552734,76.37000274658203,75.72000122070312,75.87000274658203,73.3533706665039,1238900,0.0
2021-08-11,76.11000061035156,76.22000122070312,75.62999725341797,75.81999969482422,73.30503845214844,1188800,0.0
2021-08-12,75.7699966430664,76.29000091552734,75.62999725341797,76.25,73.72078704833984,899000,0.0
2021-08-13,76.36000061035156,76.55000305175781,76.26000213623047,76.52999877929688,73.99147033691406,1044700,0.0
2021-08-16,76.33999633789062,76.87000274658203,75.76000213623047,76.83999633789062,74.29119110107422,1454900,0.0
2021-08-17,76.33999633789062,76.45999908447266,75.7300033569336,76.20999908447266,73.6821060180664,2042900,0.0
2021-08-18,76.06999969482422,76.43000030517578,75.36000061035156,75.41999816894531,72.91829681396484,1655300,0.0
2021-08-19,74.97000122070312,76.18000030517578,74.9000015258789,75.87999725341797,73.36305236816406,2227800,0.0
2021-08-20,76.08000183105469,76.7699966430664,76.01000213623047,76.66000366210938,74.1171875,1613100,0.0
2021-08-23,76.86000061035156,77.66000366210938,76.86000061035156,77.48999786376953,74.91963958740234,1152800,0.0
2021-08-24,77.62000274658203,77.72000122070312,77.45999908447266,77.5199966430664,74.94863891601562,1496100,0.0
2021-08-25,77.62999725341797,77.72000122070312,77.44000244140625,77.58999633789062,75.01634979248047,1781500,0.0
2021-08-26,77.5,77.62000274658203,77.12999725341797,77.16000366210938,74.6005859375,2736200,0.0
2021-08-27,77.30999755859375,77.97000122070312,77.25,77.87999725341797,75.29669952392578,2343800,0.0
2021-08-30,78.06999969482422,78.88999938964844,78.06999969482422,78.75,76.13784790039062,1643600,0.0
2021-08-31,78.80000305175781,78.8499984741211,78.45999908447266,78.58999633789062,75.983154296875,1307600,0.0
2021-09-01,78.81999969482422,79.12000274658203,78.73999786376953,78.79000091552734,76.17652893066406,2093700,0.0
2021-09-02,79.02999877929688,79.16999816894531,78.55999755859375,78.76000213623047,76.14752197265625,1251700,0.0
2021-09-03,78.61000061035156,79.0999984741211,78.5,78.9800033569336,76.36022186279297,1561100,0.0
2021-09-07,79.01000213623047,79.12999725341797,78.66000366210938,79.0,76.37954711914062,1129400,0.0
2021-09-08,78.94999694824219,78.95999908447266,78.4000015258789,78.81999969482422,76.20552825927734,1420400,0.0
2021-09-09,78.83999633789062,79.08000183105469,78.3499984741211,78.36000061035156,75.76078796386719,1332200,0.0
2021-09-10,78.73999786376953,78.88999938964844,77.69999694824219,77.7300033569336,75.15168762207031,1789200,0.0
2021-09-13,78.26000213623047,78.36000061035156,77.22000122070312,77.62999725341797,75.05500030517578,1472700,0.0
2021-09-14,77.95999908447266,78.05999755859375,77.33999633789062,77.5199966430664,74.94863891601562,1452500,0.0
2021-09-15,77.62999725341797,78.18000030517578,77.2300033569336,78.05999755859375,75.47075653076172,1391200,0.0
2021-09-16,77.86000061035156,78.18000030517578,77.4000015258789,78.0999984741211,75.50941467285156,1323800,0.0
2021-09-17,77.93000030517578,78.0,77.05000305175781,77.19000244140625,74.62960052490234,1501400,0.0
2021-09-20,75.98999786376953,76.3499984741211,74.79000091552734,75.75,73.23736572265625,2654800,0.0
2021-09-21,76.16999816894531,76.41999816894531,75.63999938964844,75.86000061035156,73.34371948242188,1777800,0.0
2021-09-22,76.08000183105469,76.77999877929688,75.80999755859375,76.5199966430664,73.98181915283203,1971100,0.0
2021-09-23,76.79000091552734,77.48999786376953,76.69000244140625,77.2300033569336,74.66828155517578,1162700,0.0
2021-09-24,76.72000122070312,77.37000274658203,76.69000244140625,77.26000213623047,74.80672454833984,1170000,0.113
2021-09-27,76.69999694824219,76.79000091552734,76.23999786376953,76.55000305175781,74.1192626953125,1394200,0.0
2021-09-28,75.70999908447266,75.80000305175781,74.37000274658203,74.5199966430664,72.15373992919922,2839200,0.0
2021-09-29,74.80999755859375,75.19999694824219,74.41000366210938,74.51000213623047,72.14404296875,2305200,0.0
2021-09-30,74.80999755859375,75.13999938964844,73.87999725341797,73.91000366210938,71.5631103515625,2894100,0.0
2021-10-01,74.1500015258789,74.9000015258789,73.4000015258789,74.69999694824219,72.3280258178711,6606400,0.0
2021-10-04,74.36000061035156,74.41999816894531,72.66000366210938,73.18000030517578,70.85627746582031,5115600,0.0
2021-10-05,73.37000274658203,74.5999984741211,73.3499984741211,74.12000274658203,71.76644897460938,3077500,0.0
2021-10-06,73.45999908447266,74.66999816894531,73.25,74.5999984741211,72.231201171875,2300600,0.0
2021-10-07,75.25,75.83999633789062,75.18000030517578,75.30000305175781,72.90897369384766,1414300,0.0
2021-10-08,75.5199966430664,75.55999755859375,74.93000030517578,75.01000213623047,72.62816619873047,1293000,0.0
2021-10-11,74.77999877929688,75.5,74.55000305175781,74.55000305175781,72.18278503417969,1325800,0.0
2021-10-12,74.87000274658203,74.91000366210938,74.23999786376953,74.36000061035156,71.9988021850586,1821500,0.0
2021-10-13,74.73999786376953,74.98999786376953,74.30000305175781,74.8499984741211,72.47325897216797,2097900,0.0
2021-10-14,75.56999969482422,76.26000213623047,75.5,76.19999694824219,73.7803955078125,1420700,0.0
2021-10-15,76.51000213623047,76.83000183105469,76.33999633789062,76.79000091552734,74.35164642333984,1361200,0.0
2021-10-18,76.55000305175781,77.5199966430664,76.44999694824219,77.5,75.03910827636719,1922300,0.0
2021-10-19,77.73999786376953,78.11000061035156,77.66000366210938,78.05999755859375,75.5813217163086,1543300,0.0
2021-10-20,78.25,78.30000305175781,77.76000213623047,78.01000213623047,75.53289794921875,1018500,0.0
2021-10-21,77.94000244140625,78.58000183105469,77.83000183105469,78.55000305175781,76.05577850341797,1832900,0.0
2021-10-22,78.3499984741211,78.5999984741211,77.83000183105469,78.19000244140625,75.70720672607422,1029100,0.0
2021-10-25,78.43000030517578,78.94000244140625,78.0,78.83000183105469,76.32688903808594,1850500,0.0
2021-10-26,79.2699966430664,79.5999984741211,78.86000061035156,79.0199966430664,76.51083374023438,1505900,0.0
2021-10-27,79.19999694824219,79.94000244140625,79.1500015258789,79.23999786376953,76.72386932373047,1499200,0.0
2021-10-28,79.62999725341797,80.19000244140625,79.55999755859375,80.1500015258789,77.60498046875,1523600,0.0
2021-10-29,79.5,80.68000030517578,79.45999908447266,80.63999938964844,78.07939910888672,1301500,0.0
2021-11-01,80.75,80.80999755859375,80.16999816894531,80.58999633789062,78.03097534179688,1416800,0.0
2021-11-02,80.5199966430664,81.06999969482422,80.5,80.94999694824219,78.37957000732422,1064300,0.0
2021-11-03,80.93000030517578,81.61000061035156,80.62999725341797,81.5199966430664,78.93145751953125,1318300,0.0
2021-11-04,81.75,82.58999633789062,81.66999816894531,82.54000091552734,79.91907501220703,2378400,0.0
2021-11-05,82.7699966430664,82.93000030517578,82.19999694824219,82.5199966430664,79.89969635009766,1612200,0.0
2021-11-08,82.56999969482422,82.79000091552734,82.41000366210938,82.55999755859375,79.93843078613281,1529200,0.0
2021-11-09,82.76000213623047,82.80999755859375,81.87999725341797,82.12000274658203,79.51241302490234,1368000,0.0
2021-11-10,81.62000274658203,82.08000183105469,80.69999694824219,81.08000183105469,78.50543975830078,1619700,0.0
2021-11-11,81.5999984741211,81.63999938964844,81.23999786376953,81.25,78.67002868652344,770400,0.0
2021-11-12,81.51000213623047,82.30000305175781,81.2699966430664,82.19000244140625,79.5801773071289,1612400,0.0
2021-11-15,82.43000030517578,82.55000305175781,81.83999633789062,82.16999816894531,79.56082916259766,2071200,0.0
2021-11-16,82.05999755859375,83.0199966430664,82.05999755859375,82.8499984741211,80.2192153930664,1542800,0.0
2021-11-17,82.87999725341797,83.16999816894531,82.62000274658203,82.79000091552734,80.16112518310547,1091400,0.0
2021-11-18,83.20999908447266,83.68000030517578,82.83000183105469,83.56999969482422,80.91638946533203,1157500,0.0
2021-11-19,83.87000274658203,84.31999969482422,83.70999908447266,83.94999694824219,81.2842788696289,1520400,0.0
2021-11-22,84.30000305175781,84.87999725341797,83.06999969482422,83.12000274658203,80.48065185546875,1753800,0.0
2021-11-23,82.88999938964844,83.25,81.94999694824219,82.80999755859375,80.18048858642578,2666100,0.0
2021-11-24,82.36000061035156,83.19999694824219,81.94999694824219,83.1500015258789,80.50971221923828,1761800,0.0
2021-11-26,82.3499984741211,82.83999633789062,81.19000244140625,81.44999694824219,78.86367797851562,1408900,0.0
2021-11-29,82.33999633789062,83.2699966430664,82.26000213623047,83.0199966430664,80.38383483886719,1915100,0.0
2021-11-30,82.72000122070312,83.29000091552734,81.58000183105469,81.72000122070312,79.12511444091797,2528000,0.0
2021-12-01,82.72000122070312,83.16000366210938,80.5199966430664,80.58000183105469,78.02132415771484,2467700,0.0
2021-12-02,80.30000305175781,81.63999938964844,80.19999694824219,81.3499984741211,78.76685333251953,2796000,0.0
2021-12-03,81.62000274658203,81.8499984741211,79.30000305175781,80.16999816894531,77.62432098388672,2430500,0.0
2021-12-06,80.41000366210938,81.19999694824219,79.70999908447266,80.91999816894531,78.35050964355469,2347200,0.0
2021-12-07,82.25,83.19999694824219,82.20999908447266,83.1500015258789,80.50971221923828,1467300,0.0
2021-12-08,83.23999786376953,83.66999816894531,82.94000244140625,83.5999984741211,80.94540405273438,2020400,0.0
2021-12-09,83.41000366210938,83.75,82.7300033569336,82.77999877929688,80.15144348144531,1224000,0.0
2021-12-10,83.31999969482422,83.69999694824219,82.79000091552734,83.63999938964844,80.98416900634766,1335500,0.0
2021-12-13,83.5,83.63999938964844,82.55999755859375,82.5999984741211,80.06620025634766,1458900,0.093
2021-12-14,81.75,82.18000030517578,80.77999877929688,81.69000244140625,79.18412780761719,2321100,0.0
2021-12-15,81.63999938964844,83.4800033569336,80.9800033569336,83.38999938964844,80.83195495605469,2231700,0.0
2021-12-16,83.63999938964844,83.76000213623047,81.33000183105469,81.62999725341797,79.1259536743164,1984000,0.0
2021-12-17,81.0,81.91000366210938,80.5,81.0999984741211,78.61221313476562,2027400,0.0
2021-12-20,80.0199966430664,80.2699966430664,79.43000030517578,80.08999633789062,77.6331787109375,6467100,0.0
2021-12-21,80.83000183105469,81.76000213623047,79.94999694824219,81.7300033569336,79.22288513183594,5625100,0.0
2021-12-22,81.70999908447266,82.86000061035156,81.63999938964844,82.79000091552734,80.2503662109375,2603500,0.0
2021-12-23,82.87000274658203,83.66000366210938,82.86000061035156,83.4000015258789,80.84164428710938,1660900,0.0
2021-12-27,83.69999694824219,84.83000183105469,83.66999816894531,84.80999755859375,82.20840454101562,1458900,0.0
2021-12-28,85.08999633789062,85.08999633789062,84.31999969482422,84.5,81.90791320800781,4719200,0.0
2021-12-29,84.5,84.76000213623047,84.08000183105469,84.45999908447266,81.869140625,2498000,0.0
2021-12-30,84.45999908447266,84.83000183105469,84.02999877929688,84.16000366210938,81.57835388183594,1397300,0.0
2021-12-31,84.05999755859375,84.25,83.66999816894531,83.66999816894531,81.10337829589844,1655600,0.0
2022-01-03,84.08000183105469,84.45999908447266,83.56999969482422,84.31999969482422,81.73342895507812,4305200,0.0
2022-01-04,84.4000015258789,84.56999969482422,82.94999694824219,83.4800033569336,80.919189453125,3231800,0.0
2022-01-05,83.19999694824219,83.26000213623047,80.91999816894531,80.94000244140625,78.45711517333984,4802100,0.0
2022-01-06,80.51000213623047,81.31999969482422,80.02999877929688,80.70999908447266,78.23416900634766,4292900,0.0
2022-01-07,80.80000305175781,81.02999877929688,79.63999938964844,79.93000030517578,77.47808074951172,3229900,0.0
2022-01-10,78.91999816894531,80.05999755859375,77.81999969482422,79.98999786376953,77.5362548828125,6304000,0.0
2022-01-11,79.83000183105469,80.88999938964844,79.30999755859375,80.86000061035156,78.37958526611328,2572600,0.0
2022-01-12,81.4000015258789,81.87999725341797,80.9000015258789,81.25,78.75760650634766,2535500,0.0
2022-01-13,81.56999969482422,81.63999938964844,79.06999969482422,79.22000122070312,76.78987121582031,2652500,0.0
2022-01-14,78.62000274658203,79.58999633789062,78.48999786376953,79.44000244140625,77.00312805175781,2655200,0.0
2022-01-18,78.18000030517578,78.47000122070312,77.37999725341797,77.5999984741211,75.21956634521484,6549500,0.0
2022-01-19,77.94000244140625,78.47000122070312,76.61000061035156,76.6500015258789,74.29871368408203,3494800,0.0
2022-01-20,77.26000213623047,78.08000183105469,75.56999969482422,75.6500015258789,73.32939147949219,3345000,0.0
2022-01-21,75.27999877929688,75.80999755859375,73.70999908447266,73.70999908447266,71.44890594482422,5351200,0.0
2022-01-24,72.30000305175781,74.2699966430664,70.1500015258789,74.19000244140625,71.9141616821289,11421500,0.0
2022-01-25,72.8499984741211,73.86000061035156,71.88999938964844,72.66999816894531,70.44080352783203,5451600,0.0
2022-01-26,74.30000305175781,75.08000183105469,71.88999938964844,72.75,70.5183334350586,4726800,0.0
2022-01-27,73.83000183105469,74.22000122070312,71.95999908447266,72.16999816894531,69.95613098144531,5050000,0.0
2022-01-28,72.70999908447266,74.62999725341797,71.66999816894531,74.62000274658203,72.33099365234375,4512100,0.0
2022-01-31,74.81999969482422,76.69999694824219,74.5,76.63999938964844,74.28902435302734,3312900,0.0
2022-02-01,76.91999816894531,77.23999786376953,75.9000015258789,77.05999755859375,74.69613647460938,3430500,0.0
2022-02-02,78.19000244140625,78.26000213623047,77.2300033569336,78.05000305175781,75.65577697753906,4690100,0.0
2022-02-03,76.1500015258789,76.86000061035156,74.9800033569336,75.16000366210938,72.85441589355469,5162700,0.0
2022-02-04,75.55999755859375,76.9000015258789,75.0,76.0999984741211,73.76558685302734,2990600,0.0
2022-02-07,76.2699966430664,76.62000274658203,75.22000122070312,75.5,73.1839828491211,1887300,0.0
2022-02-08,75.19999694824219,76.43000030517578,74.98999786376953,76.19999694824219,73.86251068115234,2849500,0.0
2022-02-09,77.1500015258789,77.6500015258789,76.95999908447266,77.61000061035156,75.22926330566406,2109900,0.0
2022-02-10,76.2699966430664,77.5,75.5,75.87999725341797,73.55233001708984,5074300,0.0
2022-02-11,75.97000122070312,76.22000122070312,73.44000244140625,73.69999694824219,71.43920135498047,4043900,0.0
2022-02-14,73.5199966430664,74.31999969482422,72.98999786376953,73.69000244140625,71.42951965332031,3344100,0.0
2022-02-15,74.80999755859375,75.30000305175781,74.48999786376953,75.23999786376953,72.93196868896484,2808000,0.0
2022-02-16,74.72000122070312,75.5199966430664,74.20999908447266,75.2699966430664,72.96102905273438,1958800,0.0
2022-02-17,74.61000061035156,74.7699966430664,73.02999877929688,73.16000366210938,70.91576385498047,2124700,0.0
2022-02-18,73.37000274658203,73.4800033569336,71.9800033569336,72.41000366210938,70.18877410888672,5543500,0.0
2022-02-22,71.75,72.72000122070312,70.73999786376953,71.4800033569336,69.28730010986328,3798700,0.0
2022-02-23,72.08000183105469,72.37000274658203,69.70999908447266,69.80999755859375,67.66853332519531,3926300,0.0
2022-02-24,67.56999969482422,71.98999786376953,67.37000274658203,71.94999694824219,69.74290466308594,7790600,0.0
2022-02-25,72.04000091552734,73.16000366210938,71.41000366210938,73.12999725341797,70.88671112060547,3203900,0.0
2022-02-28,72.33999633789062,73.51000213623047,72.08999633789062,73.25,71.00300598144531,3051800,0.0
2022-03-01,73.0,73.31999969482422,71.56999969482422,72.08000183105469,69.86890411376953,4720200,0.0
2022-03-02,72.45999908447266,73.6500015258789,72.0199966430664,73.38999938964844,71.13871765136719,4886300,0.0
2022-03-03,73.86000061035156,73.91000366210938,72.19999694824219,72.58999633789062,70.36323547363281,4178900,0.0
2022-03-04,72.05000305175781,72.23999786376953,70.95999908447266,71.66000366210938,69.46178436279297,6044100,0.0
2022-03-07,71.66000366210938,71.73999786376953,68.94999694824219,68.94999694824219,66.83492279052734,6105800,0.0
2022-03-08,68.81999969482422,70.55000305175781,67.93000030517578,68.55999755859375,66.45687103271484,4872600,0.0
2022-03-09,70.41999816894531,71.4000015258789,69.80999755859375,71.12000274658203,68.93834686279297,3222300,0.0
2022-03-10,70.2300033569336,70.75,69.56999969482422,70.58999633789062,68.42460632324219,2498300,0.0
2022-03-11,71.04000091552734,71.18000030517578,69.22000122070312,69.31999969482422,67.19355773925781,2224500,0.0
2022-03-14,69.19999694824219,69.93000030517578,68.1500015258789,68.33000183105469,66.23394012451172,2832700,0.0
2022-03-15,68.83000183105469,70.5199966430664,68.56999969482422,70.41000366210938,68.2501220703125,2103900,0.0
2022-03-16,71.12000274658203,72.58999633789062,70.29000091552734,72.55999755859375,70.33417510986328,3356500,0.0
2022-03-17,72.1500015258789,73.55000305175781,72.0,73.52999877929688,71.27442169189453,4714500,0.0
2022-03-18,73.31999969482422,75.01000213623047,73.08999633789062,74.95999908447266,72.66055297851562,3141300,0.0
2022-03-21,74.8499984741211,75.30000305175781,73.94999694824219,74.81999969482422,72.52484130859375,3002300,0.0
2022-03-22,74.94000244140625,76.23999786376953,74.9000015258789,76.08000183105469,73.74618530273438,2723900,0.0
2022-03-23,75.43000030517578,76.05999755859375,74.94999694824219,74.94999694824219,72.6508560180664,2291700,0.0
2022-03-24,75.27999877929688,76.26000213623047,74.83000183105469,76.26000213623047,74.046142578125,2326900,0.127
2022-03-25,76.30000305175781,76.52999877929688,75.45999908447266,76.26000213623047,74.046142578125,1754400,0.0
2022-03-28,76.26000213623047,77.3499984741211,76.06999969482422,77.33000183105469,75.0850601196289,2523800,0.0
2022-03-29,78.1500015258789,78.6500015258789,77.52999877929688,78.4800033569336,76.20169830322266,14869400,0.0
2022-03-30,78.19000244140625,78.3499984741211,77.33000183105469,77.70999908447266,75.45404815673828,3846300,0.0
2022-03-31,77.6500015258789,77.7300033569336,76.37999725341797,76.37999725341797,74.16266632080078,2627900,0.0
2022-04-01,76.62000274658203,76.7300033569336,75.83000183105469,76.44999694824219,74.23064422607422,2801300,0.0
2022-04-04,76.55999755859375,77.83000183105469,76.55999755859375,77.80000305175781,75.54143524169922,8854700,0.0
2022-04-05,77.47000122070312,77.69999694824219,76.1500015258789,76.38999938964844,74.17235565185547,3471700,0.0
2022-04-06,75.27999877929688,75.5199966430664,74.22000122070312,74.77999877929688,72.60911560058594,4391500,0.0
2022-04-07,74.61000061035156,75.62999725341797,74.13999938964844,75.19999694824219,73.01690673828125,3172700,0.0
2022-04-08,74.88999938964844,75.16999816894531,74.27999877929688,74.47000122070312,72.30811309814453,2250900,0.0
2022-04-11,73.58000183105469,73.61000061035156,72.47000122070312,72.54000091552734,70.43414306640625,3053700,0.0
2022-04-12,73.43000030517578,73.80999755859375,71.87000274658203,72.19999694824219,70.10399627685547,8885400,0.0
2022-04-13,72.1500015258789,73.5,72.01000213623047,73.30999755859375,71.18177795410156,2828200,0.0
2022-04-14,73.31999969482422,73.48999786376953,71.75,71.76000213623047,69.67676544189453,2260300,0.0
2022-04-18,71.48999786376953,72.2699966430664,71.31999969482422,71.9000015258789,69.81270599365234,2461400,0.0
2022-04-19,71.79000091552734,73.44000244140625,71.66000366210938,73.29000091552734,71.16236877441406,15114000,0.0
2022-04-20,73.54000091552734,73.6500015258789,72.43000030517578,72.66000366210938,70.55066680908203,4520700,0.0
2022-04-21,73.5199966430664,73.95999908447266,71.0999984741211,71.30999755859375,69.2398452758789,3687600,0.0
2022-04-22,71.26000213623047,71.44999694824219,69.11000061035156,69.22000122070312,67.21051788330078,3019700,0.0
2022-04-25,68.76000213623047,70.0,68.29000091552734,69.94999694824219,67.9193344116211,4018200,0.0
2022-04-26,69.41999816894531,69.52999877929688,67.30999755859375,67.33999633789062,65.38507843017578,3504600,0.0
2022-04-27,67.51000213623047,68.63999938964844,67.12999725341797,67.4800033569336,65.52103424072266,4850800,0.0
2022-04-28,68.62000274658203,70.26000213623047,67.8499984741211,69.86000061035156,67.83195495605469,3493900,0.0
2022-04-29,68.9000015258789,69.5,66.68000030517578,66.77999877929688,64.84136199951172,3826400,0.0
2022-05-02,66.66999816894531,67.66999816894531,65.80999755859375,67.6500015258789,65.68608856201172,8543600,0.0
2022-05-03,67.63999938964844,68.2699966430664,67.23999786376953,67.87000274658203,65.89971160888672,3600000,0.0
2022-05-04,67.94000244140625,70.23999786376953,67.0,70.08999633789062,68.05524444580078,4009900,0.0
2022-05-05,69.19999694824219,69.23999786376953,65.98999786376953,66.76000213623047,64.82193756103516,3931300,0.0
2022-05-06,66.31999969482422,67.11000061035156,65.16000366210938,66.19999694824219,64.2781982421875,4208300,0.0
2022-05-09,65.0199966430664,65.33000183105469,63.29999923706055,63.58000183105469,61.73424530029297,3735300,0.0
2022-05-10,65.0,65.23999786376953,63.349998474121094,64.16999816894531,62.307125091552734,4863100,0.0
2022-05-11,63.75,64.80999755859375,62.20000076293945,62.34000015258789,60.53024673461914,5177800,0.0
2022-05-12,61.540000915527344,63.099998474121094,60.810001373291016,62.130001068115234,60.32633972167969,5185400,0.0
2022-05-13,62.97999954223633,64.5,62.720001220703125,64.16999816894531,62.307125091552734,3289200,0.0
2022-05-16,63.79999923706055,64.33000183105469,63.2400016784668,63.560001373291016,61.714839935302734,3390300,0.0
2022-05-17,64.77999877929688,65.19000244140625,63.9900016784668,65.16999816894531,63.278079986572266,3695300,0.0
2022-05-18,64.13999938964844,64.25,61.81999969482422,62.040000915527344,60.238956451416016,4245300,0.0
2022-05-19,61.65999984741211,62.65999984741211,61.41999816894531,61.720001220703125,59.928253173828125,4654000,0.0
2022-05-20,62.43000030517578,62.650001525878906,59.95000076293945,61.630001068115234,59.84086227416992,2899500,0.0
2022-05-23,62.0,62.95000076293945,61.529998779296875,62.849998474121094,61.02544403076172,2974200,0.0
2022-05-24,61.720001220703125,61.970001220703125,60.58000183105469,61.709999084472656,59.91852951049805,2643900,0.0
2022-05-25,61.38999938964844,62.84000015258789,61.290000915527344,62.400001525878906,60.5885124206543,3203000,0.0
2022-05-26,62.310001373291016,64.29000091552734,62.279998779296875,64.01000213623047,62.15176773071289,2661200,0.0
2022-05-27,64.58999633789062,66.1500015258789,64.58999633789062,66.13999938964844,64.21993255615234,1748500,0.0
2022-05-31,66.01000213623047,66.55000305175781,65.19999694824219,65.9000015258789,63.986907958984375,2512600,0.0
2022-06-01,66.37999725341797,66.80000305175781,65.01000213623047,65.41000366210938,63.5111083984375,4286400,0.0
2022-06-02,65.13999938964844,67.13999938964844,64.9000015258789,67.11000061035156,65.16179656982422,2337700,0.0
2022-06-03,65.97000122070312,66.30000305175781,65.26000213623047,65.48999786376953,63.588802337646484,2422700,0.0
2022-06-06,66.38999938964844,66.81999969482422,65.52999877929688,65.79000091552734,63.880096435546875,1778100,0.0
2022-06-07,65.08000183105469,66.51000213623047,64.9000015258789,66.37000274658203,64.4432601928711,2130600,0.0
2022-06-08,66.0999984741211,66.61000061035156,65.62000274658203,65.77999877929688,63.87038040161133,1220600,0.0
2022-06-09,65.36000061035156,65.87999725341797,63.970001220703125,63.9900016784668,62.2316780090332,1273400,0.105
2022-06-10,62.83000183105469,62.970001220703125,61.599998474121094,61.61000061035156,59.91707992553711,3661000,0.0
2022-06-13,59.720001220703125,60.20000076293945,58.709999084472656,58.95000076293945,57.330169677734375,4365900,0.0
2022-06-14,59.33000183105469,59.540000915527344,58.5,59.029998779296875,57.4079704284668,2655700,0.0
2022-06-15,59.650001525878906,61.20000076293945,59.09000015258789,60.369998931884766,58.71115493774414,3531000,0.0
2022-06-16,58.88999938964844,58.939998626708984,57.619998931884766,58.130001068115234,56.53270721435547,3281900,0.0
2022-06-17,58.15999984741211,59.15999984741211,57.84000015258789,58.560001373291016,56.95088577270508,3173900,0.0
2022-06-21,59.5099983215332,60.560001373291016,59.5099983215332,60.119998931884766,58.468021392822266,3711900,0.0
2022-06-22,59.47999954223633,60.93000030517578,59.38999938964844,60.099998474121094,58.448570251464844,2635700,0.0
2022-06-23,60.59000015258789,61.22999954223633,60.099998474121094,61.09000015258789,59.411373138427734,2566100,0.0
2022-06-24,61.650001525878906,63.2400016784668,61.630001068115234,63.209999084472656,61.473121643066406,2008800,0.0
2022-06-27,63.439998626708984,63.56999969482422,62.52000045776367,62.790000915527344,61.06465148925781,3502600,0.0
2022-06-28,62.88999938964844,63.41999816894531,60.88999938964844,60.93000030517578,59.25575637817383,4171300,0.0
2022-06-29,60.91999816894531,61.43000030517578,60.459999084472656,61.08000183105469,59.401641845703125,2664900,0.0
2022-06-30,60.349998474121094,61.029998779296875,59.36000061035156,60.349998474121094,58.691707611083984,3929600,0.0
2022-07-01,60.130001068115234,60.869998931884766,59.689998626708984,60.810001373291016,59.13905715942383,3137000,0.0
2022-07-05,59.97999954223633,61.689998626708984,59.650001525878906,61.68000030517578,59.98515701293945,3853600,0.0
2022-07-06,61.709999084472656,62.540000915527344,61.400001525878906,62.06999969482422,60.364437103271484,2725600,0.0
2022-07-07,62.27000045776367,63.470001220703125,62.27000045776367,63.349998474121094,61.60926818847656,4212500,0.0
2022-07-08,62.77000045776367,63.66999816894531,62.630001068115234,63.40999984741211,61.66762161254883,2137800,0.0
2022-07-11,62.869998931884766,62.95000076293945,62.11000061035156,62.29999923706055,60.58811569213867,1860200,0.0
2022-07-12,62.40999984741211,62.810001373291016,61.099998474121094,61.439998626708984,59.751747131347656,1699200,0.0
2022-07-13,60.380001068115234,61.709999084472656,60.130001068115234,61.220001220703125,59.537803649902344,2597100,0.0
2022-07-14,60.599998474121094,61.47999954223633,59.880001068115234,61.349998474121094,59.664222717285156,2035200,0.0
2022-07-15,62.0099983215332,62.540000915527344,61.77000045776367,62.5099983215332,60.79235076904297,2067600,0.0
2022-07-18,63.099998474121094,63.380001068115234,61.68000030517578,61.91999816894531,60.21855926513672,1432700,0.0
2022-07-19,62.68000030517578,63.90999984741211,62.31999969482422,63.849998474121094,62.095523834228516,2074200,0.0
2022-07-20,63.88999938964844,64.94000244140625,63.79999923706055,64.68000030517578,62.90272903442383,1516300,0.0
2022-07-21,64.7699966430664,65.72000122070312,64.27999877929688,65.70999908447266,63.90441131591797,2254200,0.0
2022-07-22,65.55999755859375,65.91999816894531,64.30000305175781,64.66999816894531,62.892982482910156,1705400,0.0
2022-07-25,64.69000244140625,64.79000091552734,63.9900016784668,64.41000366210938,62.64014434814453,1660400,0.0
2022-07-26,64.0,64.05000305175781,63.040000915527344,63.22999954223633,61.49256134033203,1643700,0.0
2022-07-27,64.18000030517578,66.02999877929688,64.02999877929688,65.68000030517578,63.8752326965332,2084200,0.0
2022-07-28,65.77999877929688,66.77999877929688,65.06999969482422,66.63999938964844,64.80886840820312,1465300,0.0
2022-07-29,67.16000366210938,68.25,66.98999786376953,68.06999969482422,66.1995620727539,1574800,0.0
2022-08-01,67.62000274658203,68.55000305175781,67.41999816894531,67.80000305175781,65.93699645996094,3318600,0.0
2022-08-02,67.31999969482422,68.30999755859375,67.02999877929688,67.41000366210938,65.5577163696289,1411800,0.0
2022-08-03,67.87000274658203,69.19999694824219,67.8499984741211,68.97000122070312,67.07483673095703,2180600,0.0
2022-08-04,68.98999786376953,69.31999969482422,68.58000183105469,69.2300033569336,67.32769775390625,1474700,0.0
2022-08-05,68.2699966430664,69.25,68.19000244140625,68.87999725341797,66.98731994628906,1869800,0.0
2022-08-08,69.11000061035156,69.73999786376953,68.37999725341797,68.62999725341797,66.74418640136719,1894000,0.0
2022-08-09,68.33000183105469,68.44000244140625,67.81999969482422,68.08000183105469,66.20929718017578,1964900,0.0
2022-08-10,69.6500015258789,69.98999786376953,69.19999694824219,69.94999694824219,68.02790832519531,1503400,0.0
2022-08-11,70.41999816894531,70.76000213623047,69.5,69.62999725341797,67.71670532226562,1420800,0.0
2022-08-12,70.12999725341797,71.05000305175781,69.87000274658203,71.02999877929688,69.07823181152344,1294500,0.0
2022-08-15,70.69999694824219,71.55999755859375,70.69999694824219,71.43000030517578,69.46725463867188,3182700,0.0
2022-08-16,71.1500015258789,71.80999755859375,70.79000091552734,71.37999725341797,69.41861724853516,1445000,0.0
2022-08-17,70.76000213623047,71.41000366210938,70.44000244140625,70.83999633789062,68.89344787597656,1294100,0.0
2022-08-18,70.81999969482422,71.16999816894531,70.51000213623047,70.95999908447266,69.01016998291016,1159900,0.0
2022-08-19,70.31999969482422,70.4800033569336,69.52999877929688,69.68000030517578,67.76533508300781,1316900,0.0
2022-08-22,68.72000122070312,68.7699966430664,67.79000091552734,67.98999786376953,66.12175750732422,1473900,0.0
2022-08-23,67.9000015258789,68.36000061035156,67.69000244140625,67.76000213623047,65.89810943603516,1020200,0.0
2022-08-24,67.7300033569336,68.33000183105469,67.58000183105469,67.95999908447266,66.09259796142578,1365100,0.0
2022-08-25,68.2699966430664,69.08999633789062,68.08000183105469,69.08000183105469,67.18179321289062,1395000,0.0
2022-08-26,68.97000122070312,69.20999908447266,66.27999877929688,66.30000305175781,64.47821044921875,2283100,0.0
2022-08-29,65.7699966430664,66.19000244140625,65.38999938964844,65.5999984741211,63.79744338989258,1630700,0.0
2022-08-30,66.01000213623047,66.06999969482422,64.41000366210938,64.93000030517578,63.1458625793457,1783500,0.0
2022-08-31,65.41000366210938,65.62999725341797,64.38999938964844,64.38999938964844,62.62068557739258,1796800,0.0
2022-09-01,63.91999816894531,64.63999938964844,63.25,64.55000305175781,62.77628707885742,2158600,0.0
2022-09-02,65.20999908447266,65.4800033569336,63.41999816894531,63.7400016784668,61.988555908203125,2404300,0.0
2022-09-06,63.900001525878906,64.06999969482422,62.959999084472656,63.45000076293945,61.706520080566406,2564500,0.0
2022-09-07,63.4900016784668,64.9000015258789,63.470001220703125,64.69999694824219,62.92217254638672,1484000,0.0
2022-09-08,64.26000213623047,65.31999969482422,64.01000213623047,65.13999938964844,63.35007858276367,1550100,0.0
2022-09-09,65.58000183105469,66.52999877929688,65.52999877929688,66.38999938964844,64.56574249267578,1140100,0.0
2022-09-12,66.72000122070312,67.27999877929688,66.68000030517578,67.20999908447266,65.36322021484375,1550100,0.0
2022-09-13,65.48999786376953,65.62000274658203,63.56999969482422,63.72999954223633,61.97882843017578,1829800,0.0
2022-09-14,64.01000213623047,64.3499984741211,63.41999816894531,64.04000091552734,62.28031539916992,1502500,0.0
2022-09-15,63.650001525878906,64.23999786376953,62.7599983215332,63.029998779296875,61.298065185546875,1755800,0.0
2022-09-16,62.31999969482422,62.68000030517578,61.810001373291016,62.54999923706055,60.83124542236328,1843700,0.0
2022-09-19,61.9900016784668,63.11000061035156,61.95000076293945,63.08000183105469,61.3466911315918,1475400,0.0
2022-09-20,62.4900016784668,62.93000030517578,61.959999084472656,62.47999954223633,60.763160705566406,2802200,0.0
2022-09-21,62.7400016784668,63.5099983215332,61.34000015258789,61.36000061035156,59.673946380615234,2022900,0.0
2022-09-22,61.060001373291016,61.36000061035156,60.5,60.7400016784668,59.070987701416016,3142500,0.0
2022-09-23,60.18000030517578,60.189998626708984,59.040000915527344,59.79999923706055,58.156822204589844,2885100,0.0
2022-09-26,59.36000061035156,60.369998931884766,59.119998931884766,59.279998779296875,57.79897689819336,2972700,0.153
2022-09-27,60.040000915527344,60.5,58.79999923706055,59.279998779296875,57.79897689819336,3316500,0.0
2022-09-28,59.2599983215332,60.689998626708984,58.93000030517578,60.380001068115234,58.87150955200195,4951000,0.0
2022-09-29,59.619998931884766,59.650001525878906,58.209999084472656,58.83000183105469,57.360233306884766,2920900,0.0
2022-09-30,58.63999938964844,59.47999954223633,57.790000915527344,57.849998474121094,56.40470886230469,3585000,0.0
2022-10-03,58.33000183105469,59.560001373291016,57.91999816894531,59.209999084472656,57.730735778808594,2379900,0.0
2022-10-04,60.380001068115234,61.20000076293945,60.380001068115234,61.099998474121094,59.573509216308594,2478500,0.0
2022-10-05,60.27000045776367,61.439998626708984,59.779998779296875,61.029998779296875,59.50525665283203,2952500,0.0
2022-10-06,60.810001373291016,61.45000076293945,60.4900016784668,60.54999923706055,59.037254333496094,3403800,0.0
2022-10-07,59.65999984741211,59.65999984741211,58.06999969482422,58.369998931884766,56.91172409057617,2634600,0.0
2022-10-10,58.439998626708984,58.52000045776367,57.29999923706055,57.790000915527344,56.34621047973633,2172600,0.0
2022-10-11,57.45000076293945,58.099998474121094,56.7400016784668,57.11000061035156,55.68319320678711,3243400,0.0
2022-10-12,57.15999984741211,57.54999923706055,56.880001068115234,57.0099983215332,55.585697174072266,2078000,0.0
2022-10-13,55.56999969482422,58.709999084472656,55.29999923706055,58.439998626708984,56.97997283935547,4028900,0.0
2022-10-14,58.939998626708984,59.099998474121094,56.619998931884766,56.72999954223633,55.31269073486328,6255500,0.0
2022-10-17,57.959999084472656,58.779998779296875,57.93000030517578,58.619998931884766,57.15546798706055,1899700,0.0
2022-10-18,60.18000030517578,60.27000045776367,58.630001068115234,59.220001220703125,57.7404899597168,2141100,0.0
2022-10-19,58.7599983215332,59.33000183105469,58.209999084472656,58.77000045776367,57.30172348022461,2197300,0.0
2022-10-20,58.599998474121094,59.560001373291016,58.130001068115234,58.33000183105469,56.87271499633789,1985700,0.0
2022-10-21,58.09000015258789,59.86000061035156,57.880001068115234,59.790000915527344,58.29624938964844,2695300,0.0
2022-10-24,59.95000076293945,60.7400016784668,59.279998779296875,60.5099983215332,58.99824523925781,2592600,0.0
2022-10-25,60.619998931884766,61.79999923706055,60.560001373291016,61.72999954223633,60.187767028808594,2318000,0.0
2022-10-26,60.34000015258789,61.63999938964844,60.220001220703125,60.439998626708984,58.93000411987305,2122200,0.0
2022-10-27,60.2599983215332,60.5,59.380001068115234,59.5099983215332,58.02322769165039,2628500,0.0
2022-10-28,59.209999084472656,61.15999984741211,59.20000076293945,61.060001373291016,59.534515380859375,2356800,0.0
2022-10-31,60.58000183105469,60.790000915527344,60.09000015258789,60.40999984741211,58.90074920654297,2436800,0.0
2022-11-01,61.11000061035156,61.25,59.650001525878906,59.779998779296875,58.28649139404297,3081300,0.0
2022-11-02,59.709999084472656,60.34000015258789,57.779998779296875,57.790000915527344,56.34621047973633,3446800,0.0
2022-11-03,57.130001068115234,57.470001220703125,56.619998931884766,56.72999954223633,55.31269073486328,3492300,0.0
2022-11-04,57.81999969482422,58.0099983215332,56.369998931884766,57.599998474121094,56.160953521728516,3157400,0.0
2022-11-07,57.77000045776367,58.310001373291016,57.36000061035156,58.20000076293945,56.74596405029297,2153600,0.0
2022-11-08,58.45000076293945,59.130001068115234,57.7599983215332,58.5,57.038475036621094,7397800,0.0
2022-11-09,58.09000015258789,58.349998474121094,57.04999923706055,57.130001068115234,55.702701568603516,2073200,0.0
2022-11-10,59.75,61.439998626708984,59.45000076293945,61.369998931884766,59.83676528930664,5704800,0.0
2022-11-11,61.41999816894531,62.560001373291016,61.18000030517578,62.40999984741211,60.85078811645508,3906800,0.0
2022-11-14,61.91999816894531,62.529998779296875,61.560001373291016,61.7400016784668,60.197532653808594,2547100,0.0
2022-11-15,63.029998779296875,63.189998626708984,61.7599983215332,62.43000030517578,60.870277404785156,3831300,0.0
2022-11-16,62.02000045776367,62.25,61.619998931884766,61.81999969482422,60.27552032470703,2661500,0.0
2022-11-17,60.900001525878906,61.83000183105469,60.880001068115234,61.540000915527344,60.00252151489258,2989400,0.0
2022-11-18,62.150001525878906,62.189998626708984,61.08000183105469,61.61000061035156,60.07077407836914,1848600,0.0
2022-11-21,61.29999923706055,61.529998779296875,60.86000061035156,61.0099983215332,59.48575210571289,1819400,0.0
2022-11-22,61.209999084472656,61.939998626708984,60.869998931884766,61.88999938964844,60.343772888183594,1402100,0.0
2022-11-23,61.95000076293945,62.63999938964844,61.900001525878906,62.4900016784668,60.928794860839844,1421900,0.0
2022-11-25,62.2400016784668,62.40999984741211,62.130001068115234,62.279998779296875,60.724029541015625,755300,0.0
2022-11-28,61.810001373291016,62.11000061035156,61.029998779296875,61.220001220703125,59.69052505493164,1463400,0.0
2022-11-29,61.2400016784668,61.31999969482422,60.5099983215332,60.790000915527344,59.27125930786133,1627800,0.0
2022-11-30,60.83000183105469,63.470001220703125,60.689998626708984,63.470001220703125,61.88430404663086,2761000,0.0
2022-12-01,63.61000061035156,63.88999938964844,62.939998626708984,63.560001373291016,61.9720573425293,2185000,0.0
2022-12-02,62.599998474121094,63.540000915527344,62.529998779296875,63.369998931884766,61.78680419921875,1445500,0.0
2022-12-05,62.83000183105469,63.119998931884766,61.849998474121094,62.15999984741211,60.60702896118164,1748900,0.0
2022-12-06,62.130001068115234,62.130001068115234,60.56999969482422,60.91999816894531,59.39801025390625,2761000,0.0
2022-12-07,60.70000076293945,61.20000076293945,60.43000030517578,60.689998626708984,59.17376708984375,2902300,0.0
2022-12-08,61.04999923706055,61.54999923706055,60.59000015258789,61.380001068115234,59.84651565551758,2653700,0.0
2022-12-09,61.150001525878906,61.720001220703125,60.93000030517578,60.95000076293945,59.4272575378418,2059800,0.0
2022-12-12,61.02000045776367,61.75,60.90999984741211,61.75,60.207271575927734,1804200,0.0
2022-12-13,63.83000183105469,64.01000213623047,61.810001373291016,62.349998474121094,60.927459716796875,3874100,0.137
2022-12-14,62.2400016784668,62.9900016784668,61.290000915527344,61.91999816894531,60.50727081298828,2509400,0.0
2022-12-15,60.95000076293945,61.130001068115234,59.72999954223633,59.9900016784668,58.62130355834961,2266900,0.0
2022-12-16,59.81999969482422,60.029998779296875,58.88999938964844,59.20000076293945,57.849327087402344,3501400,0.0
2022-12-19,59.279998779296875,59.31999969482422,58.38999938964844,58.66999816894531,57.3314208984375,3053900,0.0
2022-12-20,58.45000076293945,58.939998626708984,58.22999954223633,58.650001525878906,57.3118782043457,2954800,0.0
2022-12-21,59.0,59.720001220703125,58.900001525878906,59.5099983215332,58.15224838256836,2838000,0.0
2022-12-22,59.0099983215332,59.099998474121094,57.630001068115234,58.470001220703125,57.135990142822266,2652800,0.0
2022-12-23,58.34000015258789,58.81999969482422,58.040000915527344,58.77000045776367,57.429141998291016,2369300,0.0
2022-12-27,58.75,58.77000045776367,58.189998626708984,58.349998474121094,57.018714904785156,2004300,0.0
2022-12-28,58.33000183105469,58.66999816894531,57.529998779296875,57.58000183105469,56.26628875732422,2544500,0.0
2022-12-29,58.04999923706055,58.790000915527344,58.0099983215332,58.599998474121094,57.26301574707031,2432100,0.0
2022-12-30,58.220001220703125,58.52000045776367,57.849998474121094,58.5,57.16530227661133,2491200,0.0
2023-01-03,58.68000030517578,58.90999984741211,57.380001068115234,57.77000045776367,56.45195007324219,2436200,0.0
2023-01-04,58.04999923706055,58.290000915527344,57.41999816894531,57.93000030517578,56.608299255371094,2683500,0.0
2023-01-05,57.65999984741211,57.7599983215332,57.189998626708984,57.25,55.94382095336914,1716900,0.0
2023-01-06,57.66999816894531,58.7400016784668,57.220001220703125,58.54999923706055,57.21415328979492,1908900,0.0
2023-01-09,59.0,59.52000045776367,58.47999954223633,58.529998779296875,57.19460678100586,2005100,0.0
2023-01-10,58.40999984741211,58.90999984741211,58.2599983215332,58.88999938964844,57.5463981628418,1849900,0.0
2023-01-11,59.119998931884766,59.720001220703125,59.040000915527344,59.689998626708984,58.328147888183594,1399200,0.0
2023-01-12,59.849998474121094,60.099998474121094,59.130001068115234,59.88999938964844,58.52357864379883,1688600,0.0
2023-01-13,59.41999816894531,60.220001220703125,59.400001525878906,60.13999938964844,58.76787567138672,1319100,0.0
2023-01-17,60.130001068115234,60.56999969482422,60.060001373291016,60.18000030517578,58.80695724487305,1584500,0.0
2023-01-18,60.41999816894531,60.689998626708984,59.33000183105469,59.369998931884766,58.015445709228516,2684500,0.0
2023-01-19,59.04999923706055,59.45000076293945,58.86000061035156,59.08000183105469,57.73207092285156,3511300,0.0
2023-01-20,59.29999923706055,60.2599983215332,59.09000015258789,60.220001220703125,58.84605407714844,1889300,0.0
2023-01-23,60.40999984741211,61.29999923706055,60.27000045776367,60.970001220703125,59.578941345214844,2263200,0.0
2023-01-24,60.720001220703125,61.02000045776367,60.5099983215332,60.93000030517578,59.53985595703125,1906700,0.0
2023-01-25,60.2400016784668,60.91999816894531,59.79999923706055,60.849998474121094,59.46168518066406,2311600,0.0
2023-01-26,61.400001525878906,61.70000076293945,60.91999816894531,61.650001525878906,60.243438720703125,4025900,0.0
2023-01-27,61.52000045776367,62.2400016784668,61.47999954223633,61.84000015258789,60.42909240722656,1644400,0.0
2023-01-30,61.400001525878906,61.68000030517578,60.849998474121094,60.88999938964844,59.50075912475586,1859600,0.0
2023-01-31,60.91999816894531,61.79999923706055,60.91999816894531,61.779998779296875,60.370460510253906,1423000,0.0
2023-02-01,61.65999984741211,62.939998626708984,61.15999984741211,62.470001220703125,61.04471969604492,2389000,0.0
2023-02-02,63.11000061035156,63.38999938964844,62.630001068115234,63.220001220703125,61.77760696411133,5599100,0.0
2023-02-03,62.459999084472656,63.58000183105469,62.43000030517578,62.77000045776367,61.337867736816406,2368700,0.0
2023-02-06,62.36000061035156,62.720001220703125,62.189998626708984,62.41999816894531,60.9958610534668,1148000,0.0
2023-02-07,62.369998931884766,63.650001525878906,62.20000076293945,63.43000030517578,61.98282241821289,1625400,0.0
2023-02-08,63.09000015258789,63.34000015258789,62.54999923706055,62.68000030517578,61.24993133544922,1356000,0.0
2023-02-09,63.2599983215332,63.310001373291016,62.060001373291016,62.25,60.829742431640625,1186000,0.0
2023-02-10,62.060001373291016,62.47999954223633,61.959999084472656,62.400001525878906,60.976318359375,929400,0.0
2023-02-13,62.470001220703125,63.09000015258789,62.400001525878906,63.04999923706055,61.61148452758789,1510100,0.0
2023-02-14,62.790000915527344,63.43000030517578,62.43000030517578,63.13999938964844,61.69943618774414,2550400,0.0
2023-02-15,62.810001373291016,63.33000183105469,62.63999938964844,63.31999969482422,61.87532424926758,2711200,0.0
2023-02-16,62.5099983215332,63.18000030517578,62.31999969482422,62.33000183105469,60.90791702270508,1140700,0.0
2023-02-17,61.97999954223633,62.130001068115234,61.56999969482422,62.09000015258789,60.67338943481445,1043200,0.0
2023-02-21,61.459999084472656,61.68000030517578,60.880001068115234,60.900001525878906,59.51054000854492,1195100,0.0
2023-02-22,60.9900016784668,61.279998779296875,60.63999938964844,60.86000061035156,59.4714469909668,1861800,0.0
2023-02-23,61.459999084472656,61.560001373291016,60.650001525878906,61.36000061035156,59.96004867553711,1778500,0.0
2023-02-24,60.56999969482422,60.70000076293945,60.189998626708984,60.560001373291016,59.17829513549805,1174100,0.0
2023-02-27,61.08000183105469,61.310001373291016,60.720001220703125,60.83000183105469,59.44214630126953,1138700,0.0
2023-02-28,60.7599983215332,61.040000915527344,60.540000915527344,60.560001373291016,59.17829513549805,1137500,0.0
2023-03-01,60.470001220703125,60.630001068115234,60.119998931884766,60.34000015258789,58.96331787109375,1136500,0.0
2023-03-02,59.939998626708984,60.95000076293945,59.88999938964844,60.77000045776367,59.383506774902344,1080400,0.0
2023-03-03,61.040000915527344,61.83000183105469,60.95000076293945,61.779998779296875,60.370460510253906,1693500,0.0
2023-03-06,61.91999816894531,62.470001220703125,61.91999816894531,62.0099983215332,60.59521484375,906700,0.0
2023-03-07,61.95000076293945,62.02000045776367,61.02000045776367,61.130001068115234,59.735294342041016,1125100,0.0
2023-03-08,61.15999984741211,61.36000061035156,60.869998931884766,61.22999954223633,59.8330078125,1652900,0.0
2023-03-09,61.34000015258789,61.72999954223633,60.11000061035156,60.27000045776367,58.89491271972656,1954400,0.0
2023-03-10,60.25,60.5099983215332,59.220001220703125,59.41999816894531,58.06431198120117,2706000,0.0
2023-03-13,58.88999938964844,60.400001525878906,58.81999969482422,59.59000015258789,58.230430603027344,3595100,0.0
2023-03-14,60.220001220703125,60.83000183105469,59.880001068115234,60.630001068115234,59.2467041015625,1787600,0.0
2023-03-15,59.91999816894531,60.43000030517578,59.529998779296875,60.369998931884766,58.99263381958008,3331000,0.0
2023-03-16,60.060001373291016,61.560001373291016,59.939998626708984,61.4900016784668,60.08708572387695,2630600,0.0
2023-03-17,61.52000045776367,61.72999954223633,60.77000045776367,61.04999923706055,59.65711975097656,1939300,0.0
2023-03-20,61.04999923706055,61.689998626708984,60.91999816894531,61.61000061035156,60.20433807373047,1338500,0.0
2023-03-21,62.0099983215332,62.56999969482422,61.86000061035156,62.4900016784668,61.06426239013672,1170800,0.0
2023-03-22,62.470001220703125,63.22999954223633,61.619998931884766,61.619998931884766,60.214111328125,1461000,0.0
2023-03-23,62.0099983215332,62.63999938964844,61.310001373291016,61.75,60.52581024169922,1180400,0.188
2023-03-24,61.560001373291016,62.08000183105469,61.18000030517578,62.060001373291016,60.82966613769531,1084600,0.0
2023-03-27,62.29999923706055,62.47999954223633,61.88999938964844,61.97999954223633,60.75124740600586,6833000,0.0
2023-03-28,61.900001525878906,61.93000030517578,61.47999954223633,61.790000915527344,60.56502151489258,3348400,0.0
2023-03-29,62.41999816894531,62.650001525878906,62.22999954223633,62.58000183105469,61.339359283447266,2221000,0.0
2023-03-30,62.959999084472656,63.02000045776367,62.70000076293945,62.970001220703125,61.72162628173828,1360900,0.0
2023-03-31,63.11000061035156,63.959999084472656,63.099998474121094,63.88999938964844,62.623390197753906,1513900,0.0
2023-04-03,63.880001068115234,64.38999938964844,63.810001373291016,64.33000183105469,63.05466842651367,3963600,0.0
2023-04-04,64.41999816894531,64.52999877929688,63.83000183105469,64.01000213623047,62.74100875854492,1709300,0.0
2023-04-05,63.900001525878906,64.0,63.52000045776367,63.81999969482422,62.55476760864258,6438700,0.0
2023-04-06,63.66999816894531,64.19000244140625,63.47999954223633,64.12000274658203,62.84883117675781,1877200,0.0
2023-04-10,63.68000030517578,64.08999633789062,63.459999084472656,64.06999969482422,62.7998161315918,2107600,0.0
2023-04-11,64.13999938964844,64.22000122070312,63.88999938964844,63.970001220703125,62.70179748535156,1541400,0.0
2023-04-12,64.2699966430664,64.37000274658203,63.63999938964844,63.720001220703125,62.45675277709961,1742100,0.0
2023-04-13,63.970001220703125,64.81999969482422,63.970001220703125,64.7300033569336,63.44672393798828,1060600,0.0
2023-04-14,64.55000305175781,64.91999816894531,64.1500015258789,64.55000305175781,63.270301818847656,1423100,0.0
2023-04-17,64.41000366210938,64.58999633789062,64.1500015258789,64.55000305175781,63.270301818847656,957900,0.0
2023-04-18,64.81999969482422,64.9000015258789,64.44000244140625,64.61000061035156,63.3291130065918,1410600,0.0
2023-04-19,64.29000091552734,64.70999908447266,64.25,64.56999969482422,63.28990173339844,1576100,0.0
2023-04-20,63.9900016784668,64.55000305175781,63.970001220703125,64.23999786376953,62.9664421081543,3499600,0.0
2023-04-21,64.33000183105469,64.3499984741211,63.9900016784668,64.25,62.97624969482422,1401800,0.0
2023-04-24,64.18000030517578,64.41999816894531,64.02999877929688,64.36000061035156,63.084068298339844,2654300,0.0
2023-04-25,64.13999938964844,64.2300033569336,63.38999938964844,63.40999984741211,62.15290451049805,1511900,0.0
2023-04-26,63.560001373291016,63.709999084472656,63.099998474121094,63.209999084472656,61.95686340332031,1397900,0.0
2023-04-27,63.439998626708984,64.3499984741211,63.380001068115234,64.27999877929688,63.00565719604492,1456700,0.0
2023-04-28,64.16000366210938,64.83999633789062,64.13999938964844,64.83999633789062,63.55454635620117,1457300,0.0
2023-05-01,64.73999786376953,65.08999633789062,64.70999908447266,64.81999969482422,63.53493881225586,1244800,0.0
2023-05-02,64.7300033569336,64.75,63.720001220703125,64.1500015258789,62.878231048583984,1291800,0.0
2023-05-03,64.16000366210938,64.6500015258789,63.7400016784668,63.7599983215332,62.4959602355957,1849400,0.0
2023-05-04,63.58000183105469,63.68000030517578,63.189998626708984,63.349998474121094,62.094093322753906,2530900,0.0
2023-05-05,64.01000213623047,64.87999725341797,63.9900016784668,64.68000030517578,63.397727966308594,1029100,0.0
2023-05-08,64.66999816894531,64.81999969482422,64.52999877929688,64.76000213623047,63.476139068603516,760800,0.0
2023-05-09,64.51000213623047,64.72000122070312,64.41000366210938,64.44999694824219,63.172279357910156,704900,0.0
2023-05-10,64.87000274658203,65.02999877929688,64.23999786376953,64.8499984741211,63.56435775756836,1187600,0.0
2023-05-11,64.87000274658203,64.94000244140625,64.52999877929688,64.91000366210938,63.6231689453125,1057500,0.0
2023-05-12,65.05999755859375,65.16999816894531,64.47000122070312,64.87999725341797,63.59375,1417000,0.0
2023-05-15,64.9000015258789,65.0,64.58999633789062,64.94000244140625,63.6525764465332,808800,0.0
2023-05-16,64.77999877929688,65.02999877929688,64.70999908447266,64.70999908447266,63.42713928222656,615200,0.0
2023-05-17,64.9800033569336,65.48999786376953,64.68000030517578,65.37999725341797,64.0838394165039,1014400,0.0
2023-05-18,65.37000274658203,66.12999725341797,65.36000061035156,66.05999755859375,64.7503662109375,963600,0.0
2023-05-19,66.20999908447266,66.38999938964844,65.91000366210938,66.0999984741211,64.7895736694336,1001800,0.0
2023-05-22,65.98999786376953,66.36000061035156,65.93000030517578,66.08000183105469,64.76996612548828,938200,0.0
2023-05-23,65.80999755859375,65.9000015258789,65.23999786376953,65.33000183105469,64.03483581542969,1601700,0.0
2023-05-24,65.04000091552734,65.19999694824219,64.7300033569336,64.94000244140625,63.6525764465332,1326100,0.0
2023-05-25,65.88999938964844,66.22000122070312,65.5199966430664,65.95999908447266,64.65235137939453,1552300,0.0
2023-05-26,66.08999633789062,66.94000244140625,66.05000305175781,66.80000305175781,65.4756851196289,1157100,0.0
2023-05-30,67.19000244140625,67.31999969482422,66.62999725341797,66.86000061035156,65.53451538085938,1096000,0.0
2023-05-31,66.55000305175781,66.73999786376953,66.30000305175781,66.4800033569336,65.16202545166016,1146100,0.0
2023-06-01,66.5199966430664,67.36000061035156,66.36000061035156,67.18000030517578,65.8481674194336,1391400,0.0
2023-06-02,67.62999725341797,68.0999984741211,67.44000244140625,67.98999786376953,66.64209747314453,1232300,0.0
2023-06-05,68.05000305175781,68.45999908447266,67.77999877929688,67.91000366210938,66.56368255615234,1158400,0.0
2023-06-06,67.81999969482422,67.97000122070312,67.6500015258789,67.88999938964844,66.5440902709961,987900,0.0
2023-06-07,67.76000213623047,68.08999633789062,67.12999725341797,67.19000244140625,66.0018539428711,1272200,0.148
2023-06-08,67.22000122070312,67.8499984741211,67.22000122070312,67.75,66.55194854736328,1314600,0.0
2023-06-09,68.01000213623047,68.4000015258789,67.83999633789062,67.94000244140625,66.73859405517578,1000800,0.0
2023-06-12,68.12000274658203,68.69000244140625,67.97000122070312,68.68000030517578,67.46549224853516,915500,0.0
2023-06-13,68.95999908447266,69.22000122070312,68.75,69.12999725341797,67.90754699707031,3441300,0.0
2023-06-14,69.0,69.3499984741211,68.47000122070312,69.16999816894531,67.94682312011719,2191400,0.0
2023-06-15,69.04000091552734,70.22000122070312,69.0199966430664,69.94999694824219,68.7130355834961,1818800,0.0
2023-06-16,70.38999938964844,70.38999938964844,69.62999725341797,69.68000030517578,68.44780731201172,1552700,0.0
2023-06-20,69.37999725341797,69.69000244140625,69.12000274658203,69.51000213623047,68.28081512451172,1362800,0.0
2023-06-21,69.3499984741211,69.45999908447266,68.98999786376953,69.08999633789062,67.86824798583984,1486900,0.0
2023-06-22,68.8499984741211,69.6500015258789,68.83999633789062,69.62000274658203,68.38888549804688,1684600,0.0
2023-06-23,69.02999877929688,69.4000015258789,68.94000244140625,69.02999877929688,67.80931091308594,1219700,0.0
2023-06-26,68.95999908447266,69.23999786376953,68.47000122070312,68.4800033569336,67.26903533935547,1914100,0.0
2023-06-27,68.68000030517578,69.33000183105469,68.52999877929688,69.2300033569336,68.00576782226562,1154900,0.0
2023-06-28,69.0199966430664,69.54000091552734,68.91999816894531,69.30999755859375,68.08434295654297,1323400,0.0
2023-06-29,69.2699966430664,69.55999755859375,69.18000030517578,69.55999755859375,68.32992553710938,1065100,0.0
2023-06-30,70.08000183105469,70.63999938964844,70.06999969482422,70.4800033569336,69.23367309570312,1237500,0.0
2023-07-03,70.5,70.54000091552734,70.36000061035156,70.48999786376953,69.24348449707031,1224100,0.0
2023-07-05,70.2300033569336,70.5999984741211,70.2300033569336,70.41999816894531,69.17472839355469,1703100,0.0
2023-07-06,69.75,69.95999908447266,69.45999908447266,69.87000274658203,68.63446807861328,1526600,0.0
2023-07-07,69.72000122070312,70.2699966430664,69.55000305175781,69.58000183105469,68.3495864868164,1715900,0.0
2023-07-10,69.44000244140625,69.6500015258789,69.22000122070312,69.55999755859375,68.32992553710938,939300,0.0
2023-07-11,69.66999816894531,69.88999938964844,69.38999938964844,69.80000305175781,68.56568908691406,1281700,0.0
2023-07-12,70.38999938964844,70.68000030517578,70.18000030517578,70.36000061035156,69.11577606201172,1290500,0.0
2023-07-13,70.73999786376953,71.19999694824219,70.66000366210938,71.06999969482422,69.81322479248047,1061500,0.0
2023-07-14,71.2699966430664,71.62999725341797,71.12000274658203,71.2699966430664,70.00969696044922,1310300,0.0
2023-07-17,71.31999969482422,71.83999633789062,71.31999969482422,71.68000030517578,70.41244506835938,931700,0.0
2023-07-18,71.62000274658203,72.31999969482422,71.5,72.13999938964844,70.86431884765625,1034900,0.0
2023-07-19,72.33999633789062,72.5199966430664,72.05000305175781,72.12999725341797,70.8544692993164,904200,0.0
2023-07-20,71.93000030517578,72.22000122070312,71.33999633789062,71.44999694824219,70.1865005493164,21596400,0.0
2023-07-21,71.7699966430664,71.87999725341797,71.5,71.5199966430664,70.25527954101562,5496100,0.0
2023-07-24,71.75,72.0,71.58999633789062,71.87999725341797,70.60890197753906,2482400,0.0
2023-07-25,71.83999633789062,72.44999694824219,71.83999633789062,72.19999694824219,70.92325592041016,2521200,0.0
2023-07-26,72.02999877929688,72.4800033569336,71.8499984741211,72.19000244140625,70.91343688964844,2776300,0.0
2023-07-27,72.7699966430664,72.87000274658203,71.55000305175781,71.70999908447266,70.4419174194336,1782000,0.0
2023-07-28,72.25,72.6500015258789,72.12999725341797,72.51000213623047,71.22776794433594,1731600,0.0
2023-07-31,72.58999633789062,72.69999694824219,72.37999725341797,72.66000366210938,71.3751220703125,1470300,0.0
2023-08-01,72.41999816894531,72.58000183105469,72.27999877929688,72.41999816894531,71.13935852050781,1824400,0.0
2023-08-02,71.94000244140625,71.94000244140625,71.16999816894531,71.29000091552734,70.02934265136719,1949000,0.0
2023-08-03,70.94999694824219,71.5199966430664,70.94000244140625,71.22000122070312,69.96058654785156,1866600,0.0
2023-08-04,71.33000183105469,71.62999725341797,70.52999877929688,70.61000061035156,69.36135864257812,1559900,0.0
2023-08-07,70.88999938964844,71.0999984741211,70.62000274658203,71.06999969482422,69.81322479248047,1132800,0.0
2023-08-08,70.8499984741211,70.97000122070312,70.41000366210938,70.87999725341797,69.6265869140625,1213200,0.0
2023-08-09,71.04000091552734,71.04000091552734,70.30999755859375,70.41999816894531,69.17472839355469,972000,0.0
2023-08-10,70.83999633789062,71.43000030517578,70.25,70.44000244140625,69.19437408447266,1476800,0.0
2023-08-11,70.16000366210938,70.55999755859375,70.02999877929688,70.37000274658203,69.12561798095703,1546600,0.0
2023-08-14,70.2300033569336,71.0,70.16999816894531,71.0,69.74446868896484,821500,0.0
2023-08-15,70.80999755859375,70.9000015258789,70.16999816894531,70.29000091552734,69.04704284667969,1135600,0.0
2023-08-16,70.19999694824219,70.52999877929688,69.7300033569336,69.7300033569336,68.4969253540039,1332300,0.0
2023-08-17,69.98999786376953,70.06999969482422,69.19000244140625,69.27999877929688,68.05488586425781,1408400,0.0
2023-08-18,68.77999877929688,69.4800033569336,68.73999786376953,69.30000305175781,68.07453918457031,1294800,0.0
2023-08-21,69.55000305175781,70.18000030517578,69.37000274658203,70.06999969482422,68.8309097290039,1374800,0.0
2023-08-22,70.41999816894531,70.5199966430664,69.8499984741211,69.94000244140625,68.70321655273438,2434600,0.0
2023-08-23,70.11000061035156,70.91999816894531,70.11000061035156,70.81999969482422,69.56765747070312,1124400,0.0
2023-08-24,71.16000366210938,71.25,69.70999908447266,69.70999908447266,68.47728729248047,2556200,0.0
2023-08-25,69.97000122070312,70.4800033569336,69.41000366210938,70.25,69.00772094726562,2798200,0.0
2023-08-28,70.6500015258789,70.77999877929688,70.29000091552734,70.68000030517578,69.43013000488281,1916800,0.0
2023-08-29,70.66000366210938,71.9000015258789,70.62999725341797,71.87000274658203,70.59908294677734,2198500,0.0
2023-08-30,71.91999816894531,72.4000015258789,71.87000274658203,72.27999877929688,71.00184631347656,1374700,0.0
2023-08-31,72.31999969482422,72.56999969482422,72.1500015258789,72.18000030517578,70.90361022949219,967500,0.0
2023-09-01,72.69000244140625,72.72000122070312,72.0199966430664,72.29000091552734,71.01166534423828,1535200,0.0
2023-09-05,72.20999908447266,72.41999816894531,72.05999755859375,72.19999694824219,70.92325592041016,950700,0.0
2023-09-06,72.05999755859375,72.0999984741211,71.08000183105469,71.44000244140625,70.17668914794922,1538000,0.0
2023-09-07,70.69999694824219,71.25,70.5999984741211,71.12999725341797,69.87217712402344,3159600,0.0
2023-09-08,71.11000061035156,71.52999877929688,71.05000305175781,71.2300033569336,69.97041320800781,2945800,0.0
2023-09-11,71.69999694824219,71.7699966430664,71.31999969482422,71.69000244140625,70.42227172851562,1186700,0.0
2023-09-12,71.43000030517578,71.56999969482422,71.05999755859375,71.16000366210938,69.90162658691406,904300,0.0
2023-09-13,71.1500015258789,71.55000305175781,71.04000091552734,71.36000061035156,70.09809875488281,981900,0.0
2023-09-14,71.66999816894531,71.9800033569336,71.44000244140625,71.86000061035156,70.58927154541016,1739500,0.0
2023-09-15,71.69000244140625,71.69000244140625,70.8499984741211,70.9000015258789,69.64622497558594,1293800,0.0
2023-09-18,70.83999633789062,71.26000213623047,70.80000305175781,71.04000091552734,69.78376770019531,887500,0.0
2023-09-19,70.8499984741211,71.0199966430664,70.4800033569336,70.91999816894531,69.66587829589844,1430000,0.0
2023-09-20,71.0999984741211,71.12999725341797,70.12000274658203,70.12000274658203,68.88004302978516,1160100,0.0
2023-09-21,69.66000366210938,69.69999694824219,68.94000244140625,68.97000122070312,67.7503662109375,1307900,0.0
2023-09-22,69.20999908447266,69.55000305175781,68.83000183105469,68.91999816894531,67.70124816894531,2055600,0.0
2023-09-25,68.76000213623047,69.27999877929688,68.62999725341797,69.26000213623047,68.03523254394531,1111500,0.0
2023-09-26,68.58000183105469,68.6500015258789,67.91999816894531,68.05000305175781,67.06256866455078,1572100,0.223
2023-09-27,68.29000091552734,68.44000244140625,67.56999969482422,68.16000366210938,67.17096710205078,1357800,0.0
2023-09-28,68.02999877929688,68.9000015258789,67.94000244140625,68.62000274658203,67.6242904663086,1830500,0.0
2023-09-29,69.0999984741211,69.13999938964844,68.20999908447266,68.41999816894531,67.42718505859375,1651300,0.0
2023-10-02,68.37999725341797,68.9000015258789,68.25,68.7300033569336,67.73268127441406,3159800,0.0
2023-10-03,68.41999816894531,68.63999938964844,67.61000061035156,67.81999969482422,66.83589935302734,1836000,0.0
2023-10-04,67.81999969482422,68.51000213623047,67.73999786376953,68.38999938964844,67.39762115478516,1924100,0.0
2023-10-05,68.36000061035156,68.58999633789062,67.88999938964844,68.44000244140625,67.4468994140625,1994900,0.0
2023-10-06,68.01000213623047,69.52999877929688,67.9000015258789,69.29000091552734,68.28456115722656,1940900,0.0
2023-10-09,69.08000183105469,69.87999725341797,68.91999816894531,69.79000091552734,68.77731323242188,1020900,0.0
2023-10-10,69.83000183105469,70.4800033569336,69.75,70.0199966430664,69.00397491455078,1435200,0.0
2023-10-11,70.16000366210938,70.4000015258789,69.8499984741211,70.3499984741211,69.32919311523438,1245800,0.0
2023-10-12,70.48999786376953,70.72000122070312,69.73999786376953,70.0999984741211,69.08280944824219,1317600,0.0
2023-10-13,70.44999694824219,70.55000305175781,69.52999877929688,69.77999877929688,68.76744842529297,1586800,0.0
2023-10-16,70.0,70.61000061035156,69.93000030517578,70.44999694824219,69.427734375,1167700,0.0
2023-10-17,69.81999969482422,70.58999633789062,69.61000061035156,70.30000305175781,69.27991485595703,1516200,0.0
2023-10-18,69.97000122070312,70.22000122070312,69.2300033569336,69.43000030517578,68.42253875732422,1677800,0.0
2023-10-19,69.41000366210938,69.66000366210938,68.58999633789062,68.72000122070312,67.72283935546875,2535700,0.0
2023-10-20,68.63999938964844,68.69999694824219,67.80999755859375,67.80999755859375,66.8260269165039,2626800,0.0
2023-10-23,67.5199966430664,68.33999633789062,67.16000366210938,67.76000213623047,66.77677154541016,1851000,0.0
2023-10-24,68.01000213623047,68.37000274658203,67.69999694824219,68.23999786376953,67.24979400634766,3085500,0.0
2023-10-25,67.7300033569336,67.77999877929688,66.98999786376953,67.06999969482422,66.0967788696289,7951800,0.0
2023-10-26,66.87999725341797,67.01000213623047,65.87000274658203,66.04000091552734,65.08173370361328,4996600,0.0
2023-10-27,66.33999633789062,66.3499984741211,65.52999877929688,65.77999877929688,64.82550048828125,2774500,0.0
2023-10-30,66.22000122070312,66.62999725341797,65.9800033569336,66.45999908447266,65.49563598632812,1540500,0.0
2023-10-31,66.5,66.80000305175781,66.08000183105469,66.7699966430664,65.8011245727539,2119500,0.0
2023-11-01,66.87000274658203,67.69000244140625,66.83000183105469,67.55000305175781,66.56982421875,1697800,0.0
2023-11-02,68.16000366210938,68.9000015258789,68.16000366210938,68.86000061035156,67.86082458496094,1697200,0.0
2023-11-03,69.02999877929688,69.51000213623047,68.97000122070312,69.30999755859375,68.30427551269531,2393900,0.0
2023-11-06,69.43000030517578,69.68000030517578,69.29000091552734,69.63999938964844,68.62948608398438,4833000,0.0
2023-11-07,69.62999725341797,70.0999984741211,69.4800033569336,69.9800033569336,68.96455383300781,1725800,0.0
2023-11-08,70.08999633789062,70.25,69.72000122070312,70.12000274658203,69.10252380371094,2603300,0.0
2023-11-09,70.29000091552734,70.30999755859375,69.44999694824219,69.5,68.49151611328125,1470200,0.0
2023-11-10,69.87999725341797,70.73999786376953,69.66999816894531,70.72000122070312,69.6938247680664,1714000,0.0
2023-11-13,70.52999877929688,70.87000274658203,70.30000305175781,70.7300033569336,69.70367431640625,1134300,0.0
2023-11-14,71.6500015258789,72.06999969482422,71.52999877929688,71.86000061035156,70.8172836303711,1243500,0.0
2023-11-15,72.12000274658203,72.18000030517578,71.73999786376953,71.88999938964844,70.84683990478516,1432800,0.0
2023-11-16,71.8499984741211,72.11000061035156,71.68000030517578,72.01000213623047,70.965087890625,1359100,0.0
2023-11-17,72.02999877929688,72.16000366210938,71.7699966430664,72.01000213623047,70.965087890625,1417000,0.0
2023-11-20,72.01000213623047,72.79000091552734,71.98999786376953,72.63999938964844,71.58595275878906,1179900,0.0
2023-11-21,72.51000213623047,72.62000274658203,72.31999969482422,72.58000183105469,71.52684020996094,5661800,0.0
2023-11-22,72.72000122070312,73.08000183105469,72.5,72.73999786376953,71.68450927734375,1687800,0.0
2023-11-24,72.69999694824219,72.80999755859375,72.61000061035156,72.68000030517578,71.62538146972656,762500,0.0
2023-11-27,72.61000061035156,72.76000213623047,72.48999786376953,72.58000183105469,71.52684020996094,2698500,0.0
2023-11-28,72.45999908447266,72.86000061035156,72.4000015258789,72.61000061035156,71.556396484375,1302400,0.0
2023-11-29,72.94000244140625,73.12999725341797,72.4000015258789,72.4800033569336,71.42828369140625,1092800,0.0
2023-11-30,72.61000061035156,72.66000366210938,72.08000183105469,72.58000183105469,71.52684020996094,1675400,0.0
2023-12-01,72.44999694824219,73.0,72.33000183105469,72.83999633789062,71.78305053710938,1553400,0.0
2023-12-04,72.33000183105469,72.4000015258789,71.93000030517578,72.30999755859375,71.2607421875,1658800,0.0
2023-12-05,72.08999633789062,72.79000091552734,72.08999633789062,72.5999984741211,71.54654693603516,1844800,0.0
2023-12-06,72.94000244140625,72.94000244140625,72.11000061035156,72.16999816894531,71.1227798461914,2547400,0.0
2023-12-07,72.58999633789062,72.91000366210938,72.51000213623047,72.81999969482422,71.76334381103516,1183300,0.0
2023-12-08,72.6500015258789,73.19000244140625,72.61000061035156,73.08999633789062,72.0294189453125,1776200,0.0
2023-12-11,72.9000015258789,73.26000213623047,72.80999755859375,73.23999786376953,72.17725372314453,1324900,0.0
2023-12-12,73.05999755859375,73.58999633789062,72.94999694824219,73.58999633789062,72.52217102050781,1226300,0.0
2023-12-13,73.58000183105469,74.5,73.58000183105469,74.4800033569336,73.39926147460938,1898200,0.0
2023-12-14,74.75,74.83000183105469,73.93000030517578,74.43000030517578,73.34998321533203,1738800,0.0
2023-12-15,74.22000122070312,74.62999725341797,74.22000122070312,74.43000030517578,73.34998321533203,1898300,0.0
2023-12-18,74.56999969482422,75.22000122070312,74.55999755859375,75.05000305175781,73.96099090576172,1775500,0.0
2023-12-19,75.08000183105469,75.41999816894531,75.08000183105469,75.4000015258789,74.30591583251953,1300800,0.0
2023-12-20,75.16999816894531,75.55999755859375,74.19999694824219,74.2300033569336,73.36013793945312,2793500,0.213
2023-12-21,74.83999633789062,75.05999755859375,74.4000015258789,75.0,74.12110900878906,2185200,0.0
2023-12-22,75.16999816894531,75.30999755859375,74.69999694824219,75.05000305175781,74.17051696777344,1407900,0.0
2023-12-26,75.0999984741211,75.4000015258789,75.0999984741211,75.26000213623047,74.3780517578125,1140900,0.0
2023-12-27,75.2699966430664,75.44999694824219,75.13999938964844,75.4000015258789,74.51641082763672,1598200,0.0
2023-12-28,75.52999877929688,75.66000366210938,75.30999755859375,75.36000061035156,74.47689056396484,1415400,0.0
2023-12-29,75.4000015258789,75.5,74.76000213623047,75.0999984741211,74.21992492675781,1326900,0.0
2024-01-02,74.37999725341797,74.52999877929688,73.45999908447266,73.88999938964844,73.02412414550781,2612200,0.0
2024-01-03,73.4800033569336,73.70999908447266,73.19000244140625,73.29000091552734,72.43114471435547,2384400,0.0
2024-01-04,73.0999984741211,73.5999984741211,72.8499984741211,72.87000274658203,72.01608276367188,2030600,0.0
2024-01-05,72.93000030517578,73.43000030517578,72.69000244140625,72.9800033569336,72.12478637695312,1722500,0.0
2024-01-08,73.19000244140625,74.5199966430664,73.19000244140625,74.5,73.626953125,1635300,0.0
2024-01-09,74.05000305175781,74.81999969482422,73.94000244140625,74.62999725341797,73.75543975830078,1222700,0.0
2024-01-10,74.73999786376953,75.55999755859375,74.73999786376953,75.41999816894531,74.53617858886719,1374400,0.0
2024-01-11,75.75,76.02999877929688,74.75,75.62999725341797,74.74371337890625,2755900,0.0
2024-01-12,75.69999694824219,75.91999816894531,75.41999816894531,75.69999694824219,74.8128890991211,1455300,0.0
2024-01-16,75.52999877929688,75.94999694824219,75.27999877929688,75.63999938964844,74.75360870361328,1806200,0.0
2024-01-17,75.12999725341797,75.33000183105469,74.61000061035156,75.26000213623047,74.3780517578125,1742200,0.0
2024-01-18,75.87000274658203,76.41999816894531,75.62000274658203,76.33000183105469,75.4355239868164,1599900,0.0
2024-01-19,76.69999694824219,77.5999984741211,76.5199966430664,77.5999984741211,76.69062805175781,2114200,0.0
2024-01-22,77.91999816894531,78.16999816894531,77.61000061035156,77.70999908447266,76.7993392944336,2031100,0.0
2024-01-23,77.83000183105469,78.01000213623047,77.54000091552734,77.94999694824219,77.03653717041016,1907000,0.0
2024-01-24,78.58000183105469,79.13999938964844,78.37000274658203,78.41000366210938,77.49114990234375,2168400,0.0
2024-01-25,78.62999725341797,79.0,78.1500015258789,78.61000061035156,77.68879699707031,22941300,0.0
2024-01-26,78.47000122070312,78.81999969482422,78.29000091552734,78.41000366210938,77.49114990234375,4299100,0.0
2024-01-29,78.51000213623047,79.30000305175781,78.44999694824219,79.25,78.3212890625,2840200,0.0
2024-01-30,79.22000122070312,79.36000061035156,78.80000305175781,78.91000366210938,77.98529815673828,2344900,0.0
2024-01-31,78.0999984741211,78.44000244140625,77.19999694824219,77.23999786376953,76.3348617553711,3813600,0.0
2024-02-01,77.66999816894531,78.48999786376953,77.6500015258789,78.44000244140625,77.52079010009766,3033200,0.0
2024-02-02,78.77999877929688,80.33000183105469,78.70999908447266,80.0999984741211,79.16133117675781,3159000,0.0
2024-02-05,80.26000213623047,80.4000015258789,79.55999755859375,80.19000244140625,79.25028228759766,4031400,0.0
2024-02-06,80.3499984741211,80.5199966430664,79.62000274658203,80.0999984741211,79.16133117675781,2869100,0.0
2024-02-07,80.5199966430664,81.23999786376953,80.4800033569336,81.16999816894531,80.21878814697266,3923400,0.0
2024-02-08,81.20999908447266,81.4000015258789,81.1500015258789,81.2699966430664,80.31761932373047,4968700,0.0
2024-02-09,81.5199966430664,82.2300033569336,81.47000122070312,82.12999725341797,81.16753387451172,1828100,0.0
2024-02-12,82.13999938964844,82.38999938964844,81.4800033569336,81.62000274658203,80.66352844238281,2633900,0.0
2024-02-13,80.1500015258789,81.01000213623047,79.98999786376953,80.51000213623047,79.5665283203125,3312500,0.0
2024-02-14,81.11000061035156,81.55000305175781,80.62999725341797,81.47000122070312,80.5152816772461,1596100,0.0
2024-02-15,81.45999908447266,81.62000274658203,80.98999786376953,81.58999633789062,80.63387298583984,3535200,0.0
2024-02-16,81.7300033569336,81.75,80.91999816894531,81.0199966430664,80.070556640625,2527200,0.0
2024-02-20,80.56999969482422,80.79000091552734,79.58999633789062,80.23999786376953,79.29969787597656,2001100,0.0
2024-02-21,79.76000213623047,80.0999984741211,79.37999725341797,80.05000305175781,79.11193084716797,1942900,0.0
2024-02-22,81.8499984741211,82.80999755859375,81.75,82.66999816894531,81.70121765136719,1914700,0.0
2024-02-23,83.04000091552734,83.29000091552734,82.29000091552734,82.55999755859375,81.59252166748047,2063200,0.0
2024-02-26,82.69999694824219,82.88999938964844,82.33000183105469,82.36000061035156,81.39484405517578,1542300,0.0
2024-02-27,82.43000030517578,82.51000213623047,81.95999908447266,82.41999816894531,81.45414733886719,1376800,0.0
2024-02-28,82.1500015258789,82.33999633789062,81.93000030517578,82.18000030517578,81.21695709228516,1045100,0.0
2024-02-29,82.55000305175781,83.02999877929688,82.04000091552734,82.80999755859375,81.8395767211914,1910300,0.0
2024-03-01,82.95999908447266,83.93000030517578,82.93000030517578,83.8499984741211,82.86738586425781,1557800,0.0
2024-03-04,83.69999694824219,83.94999694824219,83.48999786376953,83.48999786376953,82.51161193847656,2623600,0.0
2024-03-05,82.95999908447266,82.95999908447266,81.69999694824219,82.12999725341797,81.16753387451172,2756700,0.0
2024-03-06,82.80999755859375,82.98999786376953,82.16000366210938,82.51000213623047,81.54309844970703,7547200,0.0
2024-03-07,83.13999938964844,83.9800033569336,82.81999969482422,83.77999877929688,82.79820251464844,3990800,0.0
2024-03-08,83.9800033569336,84.66000366210938,82.66000366210938,82.83000183105469,81.85935974121094,2547000,0.0
2024-03-11,82.5199966430664,82.66000366210938,82.05000305175781,82.4000015258789,81.43437957763672,2215200,0.0
2024-03-12,83.01000213623047,84.01000213623047,82.4000015258789,83.97000122070312,82.98599243164062,2102300,0.0
2024-03-13,83.87000274658203,83.87999725341797,83.30999755859375,83.55999755859375,82.5807876586914,1481500,0.0
2024-03-14,83.94000244140625,84.11000061035156,83.19999694824219,83.66999816894531,82.68949890136719,55163800,0.0
2024-03-15,82.91000366210938,83.18000030517578,82.44999694824219,82.7300033569336,81.7605209350586,9507200,0.0
2024-03-18,83.7300033569336,84.2300033569336,83.44999694824219,83.4800033569336,82.50172424316406,3574200,0.0
2024-03-19,83.19999694824219,84.05000305175781,82.79000091552734,83.98999786376953,83.00575256347656,3662400,0.0
2024-03-20,84.12999725341797,84.95999908447266,83.83000183105469,84.91000366210938,83.91497802734375,3309100,0.0
2024-03-21,85.55999755859375,85.55999755859375,84.9000015258789,84.95999908447266,84.04753875732422,2898900,0.084
2024-03-22,84.91000366210938,85.3499984741211,84.7699966430664,85.13999938964844,84.22559356689453,2378100,0.0
2024-03-25,84.69999694824219,85.08000183105469,84.44000244140625,84.79000091552734,83.87934875488281,1482000,0.0
2024-03-26,85.12000274658203,85.18000030517578,84.41000366210938,84.41999816894531,83.5133285522461,2490700,0.0
2024-03-27,84.94999694824219,84.9800033569336,84.11000061035156,84.69999694824219,83.79031372070312,2858000,0.0
2024-03-28,84.58000183105469,84.75,84.3499984741211,84.44000244140625,83.5331039428711,1736700,0.0
2024-04-01,84.61000061035156,85.08000183105469,84.26000213623047,84.56999969482422,83.66172790527344,2749400,0.0
2024-04-02,83.62000274658203,84.06999969482422,83.37000274658203,84.01000213623047,83.10772705078125,2490300,0.0
2024-04-03,83.73999786376953,84.6500015258789,83.7300033569336,84.30999755859375,83.4045181274414,2763100,0.0
2024-04-04,85.05000305175781,85.22000122070312,83.05000305175781,83.08999633789062,82.19761657714844,3507500,0.0
2024-04-05,83.44999694824219,84.69999694824219,83.4000015258789,84.30999755859375,83.4045181274414,2363000,0.0
2024-04-08,84.5,84.61000061035156,84.05000305175781,84.26000213623047,83.35504913330078,2033200,0.0
2024-04-09,84.6500015258789,84.6500015258789,83.33999633789062,84.25,83.34516143798828,3601000,0.0
2024-04-10,83.29000091552734,83.94000244140625,83.25,83.69000244140625,82.79116821289062,3168200,0.0
2024-04-11,84.04000091552734,85.22000122070312,83.58999633789062,85.01000213623047,84.09700775146484,4963200,0.0
2024-04-12,84.33999633789062,84.62000274658203,83.56999969482422,83.87000274658203,82.96923065185547,3421500,0.0
2024-04-15,84.4800033569336,84.55999755859375,82.30000305175781,82.37000274658203,81.48533630371094,3196800,0.0
2024-04-16,82.4000015258789,82.94999694824219,82.1500015258789,82.38999938964844,81.50511932373047,5083000,0.0
2024-04-17,82.88999938964844,82.91999816894531,81.37000274658203,81.5999984741211,80.72360229492188,2323900,0.0
2024-04-18,81.73999786376953,82.12999725341797,81.05000305175781,81.12000274658203,80.24876403808594,2097900,0.0
2024-04-19,80.9000015258789,81.02999877929688,79.06999969482422,79.30999755859375,78.45820617675781,3725000,0.0
2024-04-22,79.8499984741211,80.62999725341797,79.2300033569336,80.12000274658203,79.25951385498047,1755500,0.0
2024-04-23,80.61000061035156,81.51000213623047,80.4800033569336,81.4000015258789,80.52576446533203,2278400,0.0
2024-04-24,81.98999786376953,82.12000274658203,81.01000213623047,81.41000366210938,80.5356674194336,2334300,0.0
2024-04-25,79.66999816894531,81.12000274658203,79.44999694824219,80.97000122070312,80.10037994384766,1862700,0.0
2024-04-26,82.20999908447266,82.88999938964844,81.88999938964844,82.52999877929688,81.64362335205078,1811100,0.0
2024-04-29,82.94000244140625,83.0199966430664,82.2300033569336,82.73999786376953,81.85136413574219,1454200,0.0
2024-04-30,82.58999633789062,82.9800033569336,81.22000122070312,81.23999786376953,80.36748504638672,1791400,0.0
2024-05-01,81.18000030517578,82.43000030517578,80.6500015258789,80.80999755859375,79.94210052490234,2881400,0.0
2024-05-02,81.58999633789062,81.98999786376953,80.76000213623047,81.8499984741211,80.97091674804688,1696600,0.0
2024-05-03,83.33000183105469,83.58000183105469,82.86000061035156,83.37000274658203,82.47460174560547,2580800,0.0
2024-05-06,83.70999908447266,84.55000305175781,83.56999969482422,84.52999877929688,83.62214660644531,1471900,0.0
2024-05-07,84.68000030517578,84.86000061035156,84.36000061035156,84.4800033569336,83.57268524169922,1833200,0.0
2024-05-08,84.06999969482422,84.66000366210938,84.06999969482422,84.43000030517578,83.52322387695312,1247400,0.0
2024-05-09,84.5,84.76000213623047,84.19000244140625,84.69000244140625,83.78042602539062,1280600,0.0
2024-05-10,84.95999908447266,85.20999908447266,84.45999908447266,84.70999908447266,83.80020904541016,1474500,0.0
2024-05-13,85.01000213623047,85.01000213623047,84.47000122070312,84.75,83.83978271484375,1124900,0.0
2024-05-14,84.61000061035156,85.41999816894531,84.55999755859375,85.26000213623047,84.34431457519531,1333700,0.0
2024-05-15,85.66999816894531,86.72000122070312,85.55000305175781,86.66000366210938,85.7292709350586,1457900,0.0
2024-05-16,86.66000366210938,86.94000244140625,86.2699966430664,86.2699966430664,85.34345245361328,1361500,0.0
2024-05-17,86.43000030517578,86.4800033569336,85.9000015258789,86.29000091552734,85.36325073242188,1349700,0.0
2024-05-20,86.36000061035156,87.01000213623047,86.3499984741211,86.83999633789062,85.90734100341797,1152000,0.0
2024-05-21,86.62999725341797,87.19999694824219,86.56999969482422,87.16000366210938,86.2238998413086,1529400,0.0
2024-05-22,87.18000030517578,87.27999877929688,86.45999908447266,86.9000015258789,85.96669006347656,1025900,0.0
2024-05-23,87.9800033569336,87.9800033569336,86.44000244140625,86.7699966430664,85.83806610107422,2607900,0.0
2024-05-24,87.05999755859375,87.72000122070312,86.83999633789062,87.58999633789062,86.6492919921875,1672600,0.0
2024-05-28,87.91999816894531,88.19000244140625,87.58999633789062,88.13999938964844,87.1933822631836,1764300,0.0
2024-05-29,87.43000030517578,88.08000183105469,87.43000030517578,87.7699966430664,86.82735443115234,2391500,0.0
2024-05-30,87.26000213623047,87.36000061035156,86.1500015258789,86.41999816894531,85.4918441772461,1493100,0.0
2024-05-31,86.68000030517578,86.70999908447266,85.0,86.5999984741211,85.669921875,2289500,0.0
2024-06-03,87.18000030517578,87.30999755859375,86.05999755859375,87.05999755859375,86.1249771118164,2842000,0.0
2024-06-04,87.04000091552734,87.45999908447266,86.68000030517578,87.33999633789062,86.40196990966797,1700200,0.0
2024-06-05,87.94999694824219,89.01000213623047,87.80000305175781,89.0,88.04414367675781,1658400,0.0
2024-06-06,89.22000122070312,89.38999938964844,88.66000366210938,89.01000213623047,88.05404663085938,38396200,0.0
2024-06-07,88.95999908447266,89.48999786376953,88.6500015258789,88.97000122070312,88.01446533203125,4043500,0.0
2024-06-10,88.80999755859375,89.41999816894531,88.63999938964844,89.31999969482422,88.3606948852539,3147400,0.0
2024-06-11,89.13999938964844,90.08999633789062,88.83000183105469,90.05999755859375,89.16663360595703,5110700,0.074
2024-06-12,90.94000244140625,92.11000061035156,90.76000213623047,91.44000244140625,90.53295135498047,3509400,0.0
2024-06-13,92.13999938964844,92.22000122070312,91.37000274658203,91.94000244140625,91.02799224853516,2622400,0.0
2024-06-14,91.77999877929688,92.23999786376953,91.62000274658203,92.20999908447266,91.2952880859375,2465100,0.0
2024-06-17,92.22000122070312,93.55999755859375,92.0,93.12999725341797,92.20616912841797,2140600,0.0
2024-06-18,93.1500015258789,93.38999938964844,92.88999938964844,93.30999755859375,92.38439178466797,3193400,0.0
2024-06-20,93.6500015258789,93.80999755859375,92.19999694824219,92.62000274658203,91.70124053955078,2221900,0.0
2024-06-21,92.52999877929688,92.9000015258789,92.02999877929688,92.33999633789062,91.42401123046875,3691900,0.0
2024-06-24,92.13999938964844,92.5999984741211,91.3499984741211,91.37999725341797,90.47352600097656,2407600,0.0
2024-06-25,91.88999938964844,92.61000061035156,91.6500015258789,92.5199966430664,91.60222625732422,3314600,0.0
2024-06-26,92.43000030517578,93.08000183105469,92.37999725341797,92.97000122070312,92.04776763916016,2642200,0.0
2024-06-27,93.0199966430664,93.51000213623047,92.83999633789062,93.25,92.32498931884766,1616700,0.0
2024-06-28,93.43000030517578,94.16999816894531,92.4800033569336,92.54000091552734,91.62202453613281,1918400,0.0
2024-07-01,92.8499984741211,93.3499984741211,92.05000305175781,93.2300033569336,92.30518341064453,3295600,0.0
2024-07-02,92.7699966430664,94.05000305175781,92.7699966430664,94.0199966430664,93.08736419677734,1977600,0.0
2024-07-03,93.94000244140625,94.9000015258789,93.91999816894531,94.8499984741211,93.90911102294922,1653800,0.0
2024-07-05,94.98999786376953,95.87999725341797,94.9000015258789,95.80999755859375,94.85958099365234,1637500,0.0
2024-07-08,95.95999908447266,96.05000305175781,95.68000030517578,95.97000122070312,95.01799774169922,2410600,0.0
2024-07-09,96.30000305175781,96.55999755859375,95.83999633789062,96.06999969482422,95.11701202392578,3077500,0.0
2024-07-10,96.45999908447266,97.22000122070312,96.20999908447266,97.12999725341797,96.16649627685547,1520800,0.0
2024-07-11,97.06999969482422,97.13999938964844,94.91000366210938,95.19000244140625,94.24574279785156,2421100,0.0
2024-07-12,95.2300033569336,96.55000305175781,95.12999725341797,95.76000213623047,94.8100814819336,3577300,0.0
2024-07-15,96.33000183105469,96.9000015258789,95.62000274658203,96.04000091552734,95.08731842041016,2761100,0.0
2024-07-16,96.37000274658203,96.5199966430664,95.48999786376953,96.04000091552734,95.08731842041016,2913000,0.0
2024-07-17,94.36000061035156,94.44999694824219,93.29000091552734,93.30000305175781,92.3744888305664,3401100,0.0
2024-07-18,94.05000305175781,94.06999969482422,92.08999633789062,92.70999908447266,91.79034423828125,2699200,0.0
2024-07-19,92.55999755859375,93.26000213623047,91.87999725341797,92.08000183105469,91.16658782958984,1933800,0.0
2024-07-22,93.13999938964844,93.79000091552734,92.72000122070312,93.55000305175781,92.62199401855469,2128000,0.0
2024-07-23,93.56999969482422,94.27999877929688,93.41999816894531,93.5,92.57250213623047,3350600,0.0
2024-07-24,92.06999969482422,92.19000244140625,89.83000183105469,90.01000213623047,89.11712646484375,2658300,0.0
2024-07-25,90.0,90.94000244140625,88.2300033569336,89.08000183105469,88.19635009765625,3632500,0.0
2024-07-26,89.83999633789062,90.54000091552734,89.38999938964844,89.9000015258789,89.00822448730469,2342000,0.0
2024-07-29,90.43000030517578,90.83999633789062,89.70999908447266,90.04000091552734,89.1468276977539,1476200,0.0
2024-07-30,90.33000183105469,90.55000305175781,88.12999725341797,88.87999725341797,87.99833679199219,1820900,0.0
2024-07-31,90.80999755859375,91.66999816894531,90.44000244140625,91.29000091552734,90.38442993164062,2081000,0.0
2024-08-01,91.7699966430664,92.5,88.80000305175781,89.56999969482422,88.68148803710938,3566400,0.0
2024-08-02,87.80999755859375,88.5,86.66000366210938,87.6500015258789,86.78053283691406,5776200,0.0
2024-08-05,82.41000366210938,86.08000183105469,82.0199966430664,84.7699966430664,83.92909240722656,8141400,0.0
2024-08-06,85.2699966430664,87.12000274658203,84.54000091552734,85.69000244140625,84.8399887084961,4458600,0.0
2024-08-07,86.95999908447266,87.5199966430664,84.7699966430664,84.87000274658203,84.02811431884766,2996200,0.0
2024-08-08,86.37999725341797,87.5999984741211,85.44000244140625,87.41000366210938,86.54293060302734,2132200,0.0
2024-08-09,87.27999877929688,88.31999969482422,87.1500015258789,88.05999755859375,87.18646240234375,1636200,0.0
2024-08-12,88.33999633789062,88.91999816894531,87.87000274658203,88.38999938964844,87.51318359375,1416200,0.0
2024-08-13,89.0999984741211,90.44999694824219,89.0999984741211,90.4000015258789,89.50326538085938,1575800,0.0
2024-08-14,90.62999725341797,90.97000122070312,89.80999755859375,90.66000366210938,89.76067352294922,1181800,0.0
2024-08-15,91.58000183105469,92.5999984741211,91.4800033569336,92.56999969482422,91.65174865722656,1296800,0.0
2024-08-16,92.23999786376953,92.91999816894531,92.16000366210938,92.66000366210938,91.7408447265625,1240100,0.0
2024-08-19,92.70999908447266,93.81999969482422,92.37000274658203,93.79000091552734,92.85962677001953,1170700,0.0
2024-08-20,93.7699966430664,94.29000091552734,93.43000030517578,93.7300033569336,92.80022430419922,2514300,0.0
2024-08-21,93.7699966430664,94.44000244140625,93.51000213623047,94.0999984741211,93.16655731201172,1277400,0.0
2024-08-22,94.55000305175781,94.66000366210938,92.55999755859375,92.79000091552734,91.86953735351562,1464900,0.0
2024-08-23,93.44999694824219,94.23999786376953,92.88999938964844,93.87999725341797,92.94872283935547,1270000,0.0
2024-08-26,93.87999725341797,94.12999725341797,92.80999755859375,93.25,92.32498931884766,1955700,0.0
2024-08-27,92.9000015258789,93.6500015258789,92.5199966430664,93.45999908447266,92.53289794921875,2351300,0.0
2024-08-28,93.3499984741211,93.52999877929688,91.93000030517578,92.58000183105469,91.66163635253906,1561000,0.0
2024-08-29,92.9000015258789,93.69000244140625,92.05000305175781,92.27999877929688,91.36460876464844,2103100,0.0
2024-08-30,92.83999633789062,93.31999969482422,92.08999633789062,93.26000213623047,92.33489227294922,2539000,0.0
2024-09-03,92.66999816894531,92.68000030517578,89.91999816894531,90.37999725341797,89.48344421386719,4068800,0.0
2024-09-04,89.80000305175781,90.83999633789062,89.5999984741211,90.13999938964844,89.24583435058594,2134600,0.0
2024-09-05,89.94000244140625,91.12999725341797,89.76000213623047,90.19999694824219,89.30523681640625,12621900,0.0
2024-09-06,90.27999877929688,90.5199966430664,88.01000213623047,88.22000122070312,87.34488677978516,3105600,0.0
2024-09-09,89.05999755859375,89.37999725341797,88.37000274658203,89.25,88.36467742919922,1757800,0.0
2024-09-10,89.61000061035156,90.11000061035156,88.93000030517578,90.05999755859375,89.16663360595703,1669300,0.0
2024-09-11,90.27999877929688,92.05000305175781,88.7699966430664,91.87999725341797,90.96857452392578,1584300,0.0
2024-09-12,92.01000213623047,93.08999633789062,91.6500015258789,92.91999816894531,91.99825286865234,1569300,0.0
2024-09-13,93.05000305175781,93.62000274658203,92.91999816894531,93.4000015258789,92.47349548339844,1055000,0.0
2024-09-16,92.94999694824219,93.1500015258789,92.44999694824219,93.11000061035156,92.18638610839844,1555100,0.0
2024-09-17,93.6500015258789,93.87999725341797,92.68000030517578,93.13999938964844,92.216064453125,2588500,0.0
2024-09-18,93.37000274658203,94.16000366210938,92.75,92.81999969482422,91.89923858642578,2589400,0.0
2024-09-19,94.8499984741211,95.5,94.4800033569336,95.11000061035156,94.16654205322266,2216600,0.0
2024-09-20,95.01000213623047,95.30000305175781,94.36000061035156,94.9000015258789,93.9586181640625,2610200,0.0
2024-09-23,95.08000183105469,95.2699966430664,94.79000091552734,95.08000183105469,94.13683319091797,1214300,0.0
2024-09-24,95.38999938964844,95.58000183105469,94.44000244140625,95.52999877929688,94.58236694335938,1415500,0.0
2024-09-25,95.27999877929688,95.86000061035156,95.2699966430664,95.52999877929688,94.72614288330078,1706900,0.145
2024-09-26,96.55000305175781,96.62000274658203,95.19999694824219,95.81999969482422,95.01370239257812,2303800,0.0
2024-09-27,95.93000030517578,95.93000030517578,95.0199966430664,95.26000213623047,94.45841979980469,1280100,0.0
2024-09-30,95.01000213623047,95.80999755859375,94.66999816894531,95.75,94.94430541992188,1555200,0.0
2024-10-01,95.66000366210938,95.66000366210938,93.81999969482422,94.41000366210938,93.6155776977539,2362100,0.0
2024-10-02,94.26000213623047,94.80999755859375,93.69999694824219,94.58000183105469,93.78414916992188,1439000,0.0
2024-10-03,94.26000213623047,95.08999633789062,94.11000061035156,94.63999938964844,93.84364318847656,1342000,0.0
2024-10-04,95.56999969482422,95.72000122070312,94.68000030517578,95.63999938964844,94.8352279663086,1074300,0.0
2024-10-07,95.33999633789062,95.5999984741211,94.51000213623047,94.63999938964844,93.84364318847656,1837900,0.0
2024-10-08,95.27999877929688,96.22000122070312,95.12999725341797,96.13999938964844,95.33101654052734,1353300,0.0
2024-10-09,96.12999725341797,96.8499984741211,95.91999816894531,96.73999786376953,95.92595672607422,1114000,0.0
2024-10-10,96.38999938964844,97.02999877929688,96.12999725341797,96.69000244140625,95.87638854980469,1995100,0.0
2024-10-11,96.48999786376953,97.0999984741211,96.33999633789062,96.9000015258789,96.0846176147461,1154500,0.0
2024-10-14,97.36000061035156,98.05000305175781,97.36000061035156,97.80000305175781,96.97704315185547,1188000,0.0
2024-10-15,97.91000366210938,98.0199966430664,96.37000274658203,96.7300033569336,95.91604614257812,1748000,0.0
2024-10-16,96.69000244140625,96.9800033569336,96.05999755859375,96.86000061035156,96.04496002197266,1081600,0.0
2024-10-17,97.83999633789062,97.9000015258789,96.98999786376953,97.02999877929688,96.21353149414062,1129700,0.0
2024-10-18,97.58999633789062,97.75,97.33999633789062,97.5199966430664,96.69940185546875,1330900,0.0
2024-10-21,97.3499984741211,97.93000030517578,97.0999984741211,97.91000366210938,97.08612823486328,1304400,0.0
2024-10-22,97.4000015258789,98.2699966430664,97.20999908447266,98.0,97.17536926269531,1201200,0.0
2024-10-23,97.61000061035156,97.6500015258789,95.80999755859375,96.44999694824219,95.6384048461914,2663200,0.0
2024-10-24,97.0,97.20999908447266,96.5199966430664,97.06999969482422,96.25318908691406,2310700,0.0
2024-10-25,97.45999908447266,98.41000366210938,97.33999633789062,97.55999755859375,96.73905944824219,3090400,0.0
2024-10-28,98.33000183105469,98.33999633789062,97.62999725341797,97.66000366210938,96.83822631835938,1322500,0.0
2024-10-29,97.69999694824219,98.69000244140625,97.38999938964844,98.44999694824219,97.62158966064453,1167800,0.0
2024-10-30,98.38999938964844,98.69000244140625,97.75,97.93000030517578,97.10594177246094,1927700,0.0
2024-10-31,96.87000274658203,96.87000274658203,95.08999633789062,95.11000061035156,94.30968475341797,2714200,0.0
2024-11-01,95.51000213623047,96.51000213623047,95.5,95.80000305175781,94.9938735961914,1963000,0.0
2024-11-04,95.72000122070312,96.11000061035156,95.23999786376953,95.5,94.69640350341797,1235800,0.0
2024-11-05,95.7699966430664,96.9000015258789,95.7699966430664,96.83000183105469,96.01521301269531,1611000,0.0
2024-11-06,98.61000061035156,99.44000244140625,98.18000030517578,99.29000091552734,98.45450592041016,2465800,0.0
2024-11-07,99.8499984741211,100.97000122070312,99.81999969482422,100.83000183105469,99.98155212402344,2379600,0.0
2024-11-08,100.8499984741211,101.36000061035156,100.80000305175781,101.13999938964844,100.28893280029297,7811500,0.0
2024-11-11,101.37999725341797,101.43000030517578,100.5,101.0199966430664,100.1699447631836,2004300,0.0
2024-11-12,101.05999755859375,101.27999877929688,100.45999908447266,101.08000183105469,100.22944641113281,2891700,0.0
2024-11-13,101.04000091552734,101.55000305175781,100.58999633789062,100.98999786376953,100.14019775390625,3105500,0.0
2024-11-14,100.98999786376953,101.12000274658203,100.16999816894531,100.33999633789062,99.49565887451172,1275000,0.0
2024-11-15,99.43000030517578,99.47000122070312,97.9000015258789,98.33000183105469,97.5025863647461,1682300,0.0
2024-11-18,98.41000366210938,99.06999969482422,98.08000183105469,98.70999908447266,97.87938690185547,1331800,0.0
2024-11-19,98.0999984741211,99.72000122070312,98.0999984741211,99.6500015258789,98.81147766113281,1334300,0.0
2024-11-20,99.66000366210938,99.70999908447266,98.30999755859375,99.54000091552734,98.70240783691406,1718400,0.0
2024-11-21,100.13999938964844,100.33000183105469,98.37999725341797,99.62999725341797,98.79164123535156,1890500,0.0
2024-11-22,99.55999755859375,99.83000183105469,99.19000244140625,99.62000274658203,98.78173828125,1465600,0.0
2024-11-25,100.31999969482422,100.56999969482422,99.23999786376953,99.69000244140625,98.85114288330078,1942700,0.0
2024-11-26,100.12999725341797,100.7300033569336,100.12999725341797,100.66000366210938,99.81298065185547,1577100,0.0
2024-11-27,100.33999633789062,100.37999725341797,99.38999938964844,99.94000244140625,99.09905242919922,1691100,0.0
2024-11-29,100.11000061035156,100.97000122070312,100.0,100.95999908447266,100.11046600341797,678800,0.0
2024-12-02,101.0,101.83999633789062,101.0,101.6500015258789,100.79464721679688,1528800,0.0
2024-12-03,101.52999877929688,102.19999694824219,101.41000366210938,102.13999938964844,101.28053283691406,1383100,0.0
2024-12-04,102.81999969482422,103.54000091552734,102.75,103.47000122070312,102.59933471679688,2142000,0.0
2024-12-05,103.5999984741211,103.76000213623047,103.30000305175781,103.36000061035156,102.49027252197266,1409600,0.0
2024-12-06,103.4800033569336,104.13999938964844,103.4800033569336,103.98999786376953,103.11495208740234,1455100,0.0
2024-12-09,103.83000183105469,103.94000244140625,103.0999984741211,103.38999938964844,102.52001190185547,1934200,0.0
2024-12-10,103.62000274658203,104.1500015258789,102.93000030517578,103.1500015258789,102.28202056884766,1111900,0.0
2024-12-11,103.87000274658203,104.97000122070312,103.87000274658203,104.80999755859375,103.92805480957031,1203400,0.0
2024-12-12,104.55999755859375,104.70999908447266,104.1500015258789,104.16999816894531,103.29344177246094,2005300,0.0
2024-12-13,104.73999786376953,105.08999633789062,103.83999633789062,104.36000061035156,103.48184204101562,1361300,0.0
2024-12-16,104.77999877929688,105.63999938964844,104.5999984741211,105.47000122070312,104.58251190185547,1278000,0.0
2024-12-17,104.87999725341797,105.19999694824219,104.44999694824219,104.98999786376953,104.23798370361328,1325000,0.133
2024-12-18,105.0,105.47000122070312,101.33000183105469,101.56999969482422,100.84247589111328,2407200,0.0
2024-12-19,102.72000122070312,102.83999633789062,101.56999969482422,101.66999816894531,100.94176483154297,3041800,0.0
2024-12-20,101.05000305175781,103.7699966430664,100.66999816894531,102.76000213623047,102.02395629882812,2360200,0.0
2024-12-23,103.01000213623047,103.94999694824219,102.2300033569336,103.83999633789062,103.09622192382812,1780100,0.0
2024-12-24,104.18000030517578,105.25,104.11000061035156,105.19999694824219,104.44647216796875,759700,0.0
2024-12-26,104.9800033569336,105.4000015258789,104.44000244140625,105.12999725341797,104.37698364257812,1076100,0.0
2024-12-27,104.45999908447266,104.5199966430664,102.72000122070312,103.58000183105469,102.83808135986328,1592800,0.0
2024-12-30,102.16000366210938,103.20999908447266,101.69000244140625,102.41999816894531,101.68638610839844,1606700,0.0
2024-12-31,102.68000030517578,102.76000213623047,101.3499984741211,101.52999877929688,100.80276489257812,1795000,0.0
2025-01-02,102.11000061035156,102.69000244140625,100.54000091552734,101.51000213623047,100.78291320800781,3244000,0.0
2025-01-03,102.19000244140625,103.38999938964844,102.04000091552734,103.2699966430664,102.53031158447266,1600400,0.0
2025-01-06,104.31999969482422,105.01000213623047,103.93000030517578,104.3499984741211,103.60257720947266,1702900,0.0
2025-01-07,104.72000122070312,104.77999877929688,102.04000091552734,102.41000366210938,101.67647552490234,2048400,0.0
2025-01-08,102.58000183105469,102.93000030517578,101.66000366210938,102.54000091552734,101.8055419921875,1927900,0.0
2025-01-10,101.94999694824219,101.94999694824219,100.41999816894531,101.08000183105469,100.35599517822266,1924000,0.0
2025-01-13,99.68000030517578,100.80000305175781,99.5,100.76000213623047,100.03827667236328,1780400,0.0
2025-01-14,101.43000030517578,101.61000061035156,99.97000122070312,100.52999877929688,99.80992889404297,1634300,0.0
2025-01-15,102.0999984741211,103.0999984741211,101.69999694824219,102.91000366210938,102.1728744506836,1658600,0.0
2025-01-16,103.43000030517578,103.44999694824219,102.44000244140625,102.5,101.76581573486328,1543800,0.0
2025-01-17,103.97000122070312,104.27999877929688,103.33999633789062,103.83000183105469,103.08629608154297,1282500,0.0
2025-01-21,104.55000305175781,104.9800033569336,103.81999969482422,104.83999633789062,104.08905792236328,2711600,0.0
2025-01-22,106.0,106.5,105.8499984741211,106.13999938964844,105.37975311279297,1465500,0.0
2025-01-23,105.93000030517578,106.6500015258789,105.70999908447266,106.6500015258789,105.8861083984375,1383600,0.0
2025-01-24,106.86000061035156,107.13999938964844,105.94999694824219,106.26000213623047,105.49888610839844,1156200,0.0
2025-01-27,102.06999969482422,103.23999786376953,101.66000366210938,102.44000244140625,101.70625305175781,3716600,0.0
2025-01-28,102.94999694824219,104.62000274658203,102.08000183105469,104.4800033569336,103.73164367675781,1970600,0.0
2025-01-29,104.19000244140625,104.25,103.0199966430664,103.79000091552734,103.04659271240234,1331900,0.0
2025-01-30,104.37999725341797,104.95999908447266,103.5,104.68000030517578,103.93021392822266,1674400,0.0
2025-01-31,105.26000213623047,106.0199966430664,104.0199966430664,104.19000244140625,103.44371032714844,1961700,0.0
2025-02-03,102.12000274658203,103.83000183105469,101.80999755859375,103.31999969482422,102.57994079589844,2634600,0.0
2025-02-04,103.6500015258789,104.51000213623047,103.52999877929688,104.41999816894531,103.67206573486328,1368600,0.0
2025-02-05,104.19000244140625,104.88999938964844,103.87000274658203,104.88999938964844,104.1386947631836,1521200,0.0
2025-02-06,105.1500015258789,105.7300033569336,104.88999938964844,105.68000030517578,104.92304229736328,1138200,0.0
2025-02-07,105.87999725341797,106.26000213623047,104.54000091552734,104.75,103.99970245361328,1237500,0.0
2025-02-10,105.26000213623047,105.9000015258789,105.26000213623047,105.63999938964844,104.88333892822266,993500,0.0
2025-02-11,105.19000244140625,105.55999755859375,104.77999877929688,105.27999877929688,104.52591705322266,1067600,0.0
2025-02-12,104.08000183105469,105.30000305175781,103.97000122070312,105.05000305175781,104.29756164550781,1224500,0.0
2025-02-13,105.22000122070312,106.45999908447266,105.04000091552734,106.44000244140625,105.6775894165039,1613600,0.0
2025-02-14,106.44999694824219,106.73999786376953,106.23999786376953,106.62999725341797,105.86624145507812,2087400,0.0
2025-02-18,107.0,107.08999633789062,106.05000305175781,106.66000366210938,105.89603424072266,2695700,0.0
2025-02-19,106.41999816894531,106.9000015258789,106.01000213623047,106.69000244140625,105.92581176757812,1011300,0.0
2025-02-20,106.5199966430664,106.5199966430664,105.12000274658203,105.91999816894531,105.16132354736328,989300,0.0
2025-02-21,106.0199966430664,106.02999877929688,103.36000061035156,103.43000030517578,102.68915557861328,1402300,0.0
2025-02-24,103.94999694824219,104.22000122070312,102.22000122070312,102.4000015258789,101.66654205322266,1649300,0.0
2025-02-25,102.25,102.27999877929688,100.2300033569336,101.27999877929688,100.5545654296875,1511200,0.0
2025-02-26,101.98999786376953,103.05999755859375,101.41000366210938,102.01000213623047,101.27932739257812,1304700,0.0
2025-02-27,102.79000091552734,102.8499984741211,99.29000091552734,99.33999633789062,98.62845611572266,3267500,0.0
2025-02-28,99.19000244140625,101.25,98.6500015258789,101.16999816894531,100.44534301757812,2330700,0.0
2025-03-03,101.52999877929688,101.77999877929688,97.83999633789062,98.5999984741211,97.89376831054688,3235900,0.0
2025-03-04,97.56999969482422,99.4000015258789,96.0199966430664,97.70999908447266,97.01013946533203,5455300,0.0
2025-03-05,97.91000366210938,99.41000366210938,97.08999633789062,99.06999969482422,98.36038970947266,2592900,0.0
2025-03-06,97.31999969482422,98.33000183105469,95.80999755859375,96.22000122070312,95.53080749511719,2106700,0.0
2025-03-07,95.93000030517578,96.9000015258789,94.16000366210938,96.55000305175781,95.85843658447266,2551500,0.0
2025-03-10,94.72000122070312,94.86000061035156,91.94999694824219,92.94999694824219,92.28423309326172,5852800,0.0
2025-03-11,92.66999816894531,94.16000366210938,91.8499984741211,92.75,92.08565521240234,4729500,0.0
2025-03-12,94.58000183105469,94.94999694824219,93.11000061035156,94.23999786376953,93.56498718261719,2139500,0.0
2025-03-13,94.16000366210938,94.16999816894531,92.13999938964844,92.44999694824219,91.78780364990234,2093200,0.0
2025-03-14,93.55000305175781,94.95999908447266,93.4000015258789,94.81999969482422,94.14082336425781,1951800,0.0
2025-03-17,94.75,95.73999786376953,94.4000015258789,95.13999938964844,94.45852661132812,2195900,0.0
2025-03-18,94.41999816894531,94.47000122070312,92.93000030517578,93.36000061035156,92.796630859375,3218000,0.108
2025-03-19,93.94000244140625,95.76000213623047,93.5,94.80000305175781,94.22794342041016,4071800,0.0
2025-03-20,94.06999969482422,95.68000030517578,94.01000213623047,94.58000183105469,94.00926208496094,1443100,0.0
2025-03-21,93.80999755859375,95.01000213623047,93.5,94.91000366210938,94.33728790283203,1397200,0.0
2025-03-24,96.30999755859375,97.37999725341797,96.27999877929688,97.11000061035156,96.52400970458984,1423900,0.0
2025-03-25,97.41999816894531,97.69999694824219,97.05000305175781,97.62000274658203,97.03092956542969,6546900,0.0
2025-03-26,97.31999969482422,97.41999816894531,95.19000244140625,95.5,94.92371368408203,2730000,0.0
2025-03-27,95.01000213623047,96.08999633789062,94.56999969482422,94.86000061035156,94.2875747680664,1812400,0.0
2025-03-28,94.5,94.7699966430664,92.33000183105469,92.55000305175781,91.99151611328125,1329700,0.0
2025-03-31,90.94000244140625,92.95999908447266,90.11000061035156,92.83000183105469,92.26982879638672,2428900,0.0
2025-04-01,92.44999694824219,93.80000305175781,91.88999938964844,93.5,92.93578338623047,2443000,0.0
2025-04-02,92.13999938964844,94.94999694824219,92.08000183105469,94.30999755859375,93.74089050292969,3739300,0.0
2025-04-03,90.12000274658203,90.87000274658203,89.0199966430664,89.12999725341797,88.59214782714844,9261800,0.0
2025-04-04,86.4000015258789,86.87000274658203,83.62000274658203,83.6500015258789,83.14523315429688,6188600,0.0
2025-04-07,80.2699966430664,87.38999938964844,79.30999755859375,84.05000305175781,83.54281616210938,6402400,0.0
2025-04-08,87.41999816894531,88.26000213623047,81.63999938964844,82.95999908447266,82.45938873291016,3817600,0.0
2025-04-09,82.8499984741211,92.79000091552734,82.63999938964844,92.31999969482422,91.76290893554688,4176600,0.0
2025-04-10,90.05999755859375,90.38999938964844,85.98999786376953,88.7300033569336,88.194580078125,2670900,0.0
2025-04-11,88.5199966430664,90.73999786376953,87.97000122070312,90.38999938964844,89.84455108642578,2274500,0.0
2025-04-14,92.31999969482422,92.41999816894531,90.16999816894531,90.98999786376953,90.44092559814453,1704700,0.0
2025-04-15,91.1500015258789,91.87000274658203,90.75,90.98999786376953,90.44092559814453,1133500,0.0
2025-04-16,89.26000213623047,89.95999908447266,87.16000366210938,88.37999725341797,87.84667205810547,1832100,0.0
2025-04-17,89.13999938964844,89.22000122070312,87.91999816894531,88.45999908447266,87.92619323730469,1467900,0.0
2025-04-21,87.29000091552734,87.37000274658203,84.88999938964844,85.88999938964844,85.37169647216797,1924600,0.0
2025-04-22,87.01000213623047,88.7699966430664,86.73999786376953,88.25,87.71747589111328,2115900,0.0
2025-04-23,91.2699966430664,92.16999816894531,90.05000305175781,90.38999938964844,89.84455108642578,2033800,0.0
2025-04-24,90.66999816894531,92.9000015258789,90.55999755859375,92.80999755859375,92.24993896484375,1175700,0.0
2025-04-25,93.0199966430664,94.31999969482422,92.73999786376953,94.11000061035156,93.54210662841797,1136400,0.0
2025-04-28,94.30999755859375,94.58999633789062,92.80000305175781,94.04000091552734,93.47252655029297,943900,0.0
2025-04-29,93.66999816894531,94.8499984741211,93.55999755859375,94.68000030517578,94.1086654663086,1140800,0.0
2025-04-30,93.0,95.0199966430664,92.0999984741211,94.6500015258789,94.07884979248047,1154300,0.0
2025-05-01,96.30000305175781,96.95999908447266,95.69000244140625,95.77999877929688,95.2020263671875,1387400,0.0
2025-05-02,97.01000213623047,97.97000122070312,96.77999877929688,97.55999755859375,96.9712905883789,1626900,0.0
2025-05-05,96.66000366210938,97.69000244140625,96.66000366210938,97.08000183105469,96.49418640136719,2318600,0.0
2025-05-06,95.8499984741211,96.8499984741211,95.68000030517578,96.18000030517578,95.599609375,1024800,0.0
2025-05-07,96.3499984741211,96.94000244140625,95.31999969482422,96.51000213623047,95.92762756347656,1151100,0.0
2025-05-08,97.44000244140625,98.08999633789062,96.4800033569336,97.18000030517578,96.59358215332031,1430000,0.0
2025-05-09,97.51000213623047,97.77999877929688,96.62999725341797,97.05999755859375,96.47430419921875,940600,0.0
2025-05-12,100.51000213623047,100.81999969482422,99.44999694824219,100.75,100.14204406738281,2002600,0.0
2025-05-13,101.25,102.91999816894531,101.05999755859375,102.44999694824219,101.83177947998047,2727400,0.0
2025-05-14,102.9800033569336,103.47000122070312,102.72000122070312,103.20999908447266,102.58719635009766,2040800,0.0
2025-05-15,102.81999969482422,103.75,102.54000091552734,103.30999755859375,102.68659210205078,1912700,0.0
2025-05-16,103.70999908447266,104.0,103.02999877929688,103.91999816894531,103.29290771484375,1052500,0.0
2025-05-19,102.5,104.12999725341797,102.5,103.98999786376953,103.36247253417969,1495400,0.0
2025-05-20,103.55999755859375,103.73999786376953,102.80999755859375,103.47000122070312,102.84561920166016,13113000,0.0
2025-05-21,102.7300033569336,103.93000030517578,101.62999725341797,101.94000244140625,101.32486724853516,2709600,0.0
2025-05-22,101.95999908447266,102.94000244140625,101.7699966430664,102.19000244140625,101.57334899902344,1942300,0.0
2025-05-23,100.83000183105469,102.02999877929688,100.76000213623047,101.43000030517578,100.81793212890625,7204200,0.0
2025-05-27,102.7300033569336,103.88999938964844,102.55999755859375,103.80999755859375,103.18356323242188,2301300,0.0
2025-05-28,103.93000030517578,104.29000091552734,103.29000091552734,103.43000030517578,102.80586242675781,1752800,0.0
2025-05-29,104.80000305175781,104.86000061035156,103.29000091552734,103.79000091552734,103.1636962890625,1572200,0.0
2025-05-30,103.58999633789062,103.93000030517578,102.31999969482422,103.58000183105469,102.9549560546875,2387600,0.0
2025-06-02,103.22000122070312,104.41000366210938,102.91999816894531,104.38999938964844,103.76007080078125,1452100,0.0
2025-06-03,104.4800033569336,105.36000061035156,104.33999633789062,105.0999984741211,104.46578216552734,1284300,0.0
2025-06-04,105.25,105.51000213623047,104.87000274658203,105.30000305175781,104.66458892822266,6892300,0.0
2025-06-05,105.62999725341797,105.97000122070312,104.0199966430664,104.43000030517578,103.79981994628906,1760400,0.0
2025-06-06,105.54000091552734,105.9800033569336,105.19000244140625,105.55000305175781,104.91307830810547,1037400,0.0
2025-06-09,105.68000030517578,105.87000274658203,105.30000305175781,105.58000183105469,104.94288635253906,2487700,0.0
2025-06-10,105.75,106.30000305175781,105.19999694824219,106.19000244140625,105.54920959472656,1863600,0.0
2025-06-11,106.5,106.80999755859375,105.62000274658203,105.9800033569336,105.3404769897461,1824000,0.0
2025-06-12,105.70999908447266,106.5999984741211,105.62999725341797,106.41000366210938,105.76787567138672,1574300,0.0
2025-06-13,105.22000122070312,106.02999877929688,104.80000305175781,105.0999984741211,104.46578216552734,2091200,0.0
2025-06-16,105.69000244140625,106.68000030517578,105.69000244140625,106.2699966430664,105.74744415283203,1152000,0.118
2025-06-17,105.80000305175781,106.1500015258789,105.25,105.38999938964844,104.87178039550781,1278800,0.0
2025-06-18,105.58000183105469,106.16000366210938,105.11000061035156,105.2699966430664,104.75235748291016,1479600,0.0
2025-06-20,105.81999969482422,105.9000015258789,104.4000015258789,104.61000061035156,104.09561157226562,1427100,0.0
2025-06-23,104.68000030517578,106.0,104.20999908447266,105.91999816894531,105.399169921875,1545400,0.0
2025-06-24,106.97000122070312,107.62999725341797,106.73999786376953,107.4800033569336,106.95150756835938,6946600,0.0
2025-06-25,107.87999725341797,108.22000122070312,107.56999969482422,107.83000183105469,107.29977416992188,1618600,0.0
2025-06-26,108.25,108.98999786376953,107.97000122070312,108.91000366210938,108.37446594238281,3289500,0.0
2025-06-27,109.08999633789062,109.75,108.62000274658203,109.48999786376953,108.95162963867188,1503700,0.0
2025-06-30,110.18000030517578,110.3499984741211,109.68000030517578,110.0999984741211,109.55860900878906,4441200,0.0
2025-07-01,109.6500015258789,109.77999877929688,108.4800033569336,108.97000122070312,108.43417358398438,3577500,0.0
2025-07-02,108.91000366210938,109.80000305175781,108.88999938964844,109.76000213623047,109.22029113769531,1454300,0.0
2025-07-03,110.36000061035156,111.05999755859375,110.25,110.80000305175781,110.25518035888672,1299400,0.0
2025-07-07,110.45999908447266,110.62000274658203,109.62999725341797,110.1500015258789,109.6083755493164,1765100,0.0
2025-07-08,110.43000030517578,110.43000030517578,109.70999908447266,109.9000015258789,109.3595962524414,1277700,0.0
2025-07-09,110.38999938964844,111.06999969482422,110.38999938964844,110.87999725341797,110.33477783203125,1341800,0.0
2025-07-10,111.08000183105469,111.16999816894531,110.30000305175781,110.97000122070312,110.4243392944336,1252500,0.0
2025-07-11,110.5199966430664,111.04000091552734,110.30000305175781,110.69999694824219,110.1556625366211,1196900,0.0
2025-07-14,110.70999908447266,111.2699966430664,110.36000061035156,111.11000061035156,110.56365203857422,1148400,0.0
2025-07-15,112.04000091552734,112.06999969482422,111.19999694824219,111.20999908447266,110.66316223144531,1875900,0.0
2025-07-16,111.4800033569336,111.62999725341797,110.4000015258789,111.52999877929688,110.9815902709961,1447300,0.0
2025-07-17,111.66000366210938,112.41000366210938,111.52999877929688,112.31999969482422,111.7677001953125,2640900,0.0
2025-07-18,112.58999633789062,112.63999938964844,112.05000305175781,112.30999755859375,111.75775146484375,1788100,0.0
2025-07-21,112.58000183105469,113.16000366210938,112.56999969482422,112.6500015258789,112.09608459472656,2112200,0.0
2025-07-22,112.70999908447266,112.70999908447266,111.31999969482422,111.9800033569336,111.42937469482422,1433500,0.0
2025-07-23,112.51000213623047,113.05999755859375,112.13999938964844,113.05999755859375,112.50405883789062,3265100,0.0
2025-07-24,113.4000015258789,113.56999969482422,112.95999908447266,113.29000091552734,112.7329330444336,1478100,0.0
2025-07-25,113.47000122070312,114.06999969482422,113.41000366210938,113.86000061035156,113.30013275146484,1375400,0.0
2025-07-28,114.12000274658203,114.27999877929688,113.87000274658203,114.2300033569336,113.6683120727539,1228500,0.0
2025-07-29,114.55000305175781,114.75,113.62999725341797,113.76000213623047,113.20063018798828,1349300,0.0
2025-07-30,113.91999816894531,114.45999908447266,113.33000183105469,114.0199966430664,113.45934295654297,1399900,0.0
2025-07-31,115.69000244140625,115.69000244140625,113.66999816894531,113.9000015258789,113.3399429321289,3082200,0.0
2025-08-01,112.45999908447266,112.52999877929688,111.2300033569336,111.72000122070312,111.17064666748047,3163300,0.0
2025-08-04,112.61000061035156,113.93000030517578,112.61000061035156,113.9000015258789,113.3399429321289,3330200,0.0
2025-08-05,113.91999816894531,114.20999908447266,112.80000305175781,113.05000305175781,112.4941177368164,1710600,0.0
2025-08-06,113.12999725341797,114.43000030517578,113.0999984741211,114.33999633789062,113.77776336669922,2717900,0.0
2025-08-07,114.86000061035156,114.98999786376953,113.08999633789062,113.88999938964844,113.32998657226562,1941100,0.0
2025-08-08,114.19999694824219,114.9000015258789,114.1500015258789,114.7300033569336,114.16585540771484,1069700,0.0
2025-08-11,114.70999908447266,115.22000122070312,114.30000305175781,114.55000305175781,113.98674011230469,1199100,0.0
2025-08-12,115.04000091552734,115.83999633789062,114.44000244140625,115.83000183105469,115.26044464111328,1157500,0.0
2025-08-13,116.19999694824219,116.37999725341797,115.22000122070312,115.66000366210938,115.09129333496094,1583500,0.0
2025-08-14,115.25,116.08999633789062,115.23999786376953,115.80000305175781,115.23059844970703,1672500,0.0
2025-08-15,115.91000366210938,116.0,115.13999938964844,115.44999694824219,114.8823013305664,1365200,0.0
2025-08-18,115.2300033569336,115.6500015258789,115.08000183105469,115.56999969482422,115.00172424316406,2862700,0.0
2025-08-19,115.55999755859375,115.55999755859375,113.9000015258789,114.11000061035156,113.54889678955078,1930400,0.0
2025-08-20,113.91999816894531,113.91999816894531,112.11000061035156,113.61000061035156,113.05136108398438,2179400,0.0
2025-08-21,113.27999877929688,113.73999786376953,112.69999694824219,113.11000061035156,112.55381774902344,1586700,0.0
2025-08-22,113.29000091552734,115.25,113.08999633789062,114.93000030517578,114.3648681640625,1812300,0.0
2025-08-25,114.76000213623047,115.38999938964844,114.52999877929688,114.75,114.18576049804688,1555100,0.0
2025-08-26,114.70999908447266,115.4800033569336,114.5,115.44999694824219,114.8823013305664,2006900,0.0
2025-08-27,115.31999969482422,115.80000305175781,115.05999755859375,115.58999633789062,115.02162170410156,1106800,0.0
2025-08-28,115.61000061035156,116.38999938964844,115.30000305175781,116.2300033569336,115.65847778320312,1585100,0.0
2025-08-29,115.81999969482422,115.81999969482422,114.45999908447266,114.9000015258789,114.33502960205078,1583700,0.0
2025-09-02,113.08000183105469,113.94000244140625,112.62999725341797,113.87000274658203,113.31007385253906,1893700,0.0
2025-09-03,114.73999786376953,115.29000091552734,114.3499984741211,115.05000305175781,114.4842758178711,1851400,0.0
2025-09-04,115.25,116.13999938964844,114.91999816894531,116.0999984741211,115.52910614013672,1577300,0.0
2025-09-05,117.0199966430664,117.11000061035156,115.05000305175781,115.98999786376953,115.41966247558594,2476700,0.0
2025-09-08,116.5,117.0199966430664,116.5,116.61000061035156,116.03660583496094,1410000,0.0
2025-09-09,116.79000091552734,117.20999908447266,116.23999786376953,117.1500015258789,116.5739517211914,2695100,0.0
2025-09-10,118.36000061035156,118.87000274658203,117.86000061035156,118.25,117.66854095458984,2759400,0.0
2025-09-11,118.79000091552734,119.01000213623047,118.2699966430664,118.87000274658203,118.28549194335938,1541100,0.0
2025-09-12,118.94000244140625,119.29000091552734,118.66999816894531,119.0,118.41485595703125,935800,0.0
2025-09-15,119.54000091552734,120.19000244140625,119.5,120.13999938964844,119.54924774169922,1738200,0.0
2025-09-16,120.13999938964844,120.16999816894531,119.55999755859375,119.73999786376953,119.28823852539062,5255600,0.138
2025-09-17,119.62000274658203,119.72000122070312,118.12999725341797,119.16000366210938,118.7104263305664,3160100,0.0
2025-09-18,119.98999786376953,120.55000305175781,119.56999969482422,119.94999694824219,119.4974365234375,1457100,0.0
2025-09-19,120.4800033569336,120.91999816894531,120.11000061035156,120.77999877929688,120.32430267333984,1552300,0.0
2025-09-22,120.54000091552734,121.7699966430664,120.44000244140625,121.6500015258789,121.19102478027344,3270900,0.0
2025-09-23,121.62999725341797,121.63999938964844,120.12000274658203,120.41000366210938,119.9557113647461,3337600,0.0
2025-09-24,120.80999755859375,120.83999633789062,119.44000244140625,119.9000015258789,119.4476318359375,1362200,0.0
2025-09-25,119.0199966430664,119.68000030517578,118.2699966430664,119.19999694824219,118.7502670288086,1421600,0.0
2025-09-26,119.55000305175781,119.8499984741211,118.83999633789062,119.75,119.29820251464844,1484400,0.0
2025-09-29,120.37999725341797,120.81999969482422,119.83999633789062,120.16000366210938,119.70665740966797,1445300,0.0
2025-09-30,120.0999984741211,120.80000305175781,119.69000244140625,120.72000122070312,120.26454162597656,1975600,0.0
2025-10-01,120.01000213623047,121.44999694824219,119.9000015258789,121.2300033569336,120.77261352539062,1778300,0.0
2025-10-02,121.91999816894531,121.91999816894531,120.97000122070312,121.4000015258789,120.94197845458984,1376500,0.0
2025-10-03,121.62000274658203,121.76000213623047,120.66000366210938,121.05999755859375,120.6032485961914,1615700,0.0
2025-10-06,121.22000122070312,121.86000061035156,120.97000122070312,121.63999938964844,121.18106842041016,1519800,0.0
2025-10-07,121.76000213623047,121.94999694824219,120.56999969482422,120.9800033569336,120.52356719970703,1255800,0.0
2025-10-08,121.23999786376953,122.0199966430664,121.20999908447266,122.0,121.53970336914062,1630300,0.0
2025-10-09,122.22000122070312,122.23999786376953,121.56999969482422,122.05999755859375,121.59947967529297,2279400,0.0
2025-10-10,122.23999786376953,122.66000366210938,118.23999786376953,118.29000091552734,117.84370422363281,3503200,0.0
2025-10-13,120.25,120.94999694824219,119.87999725341797,120.7300033569336,120.27449798583984,1871700,0.0
2025-10-14,119.41999816894531,120.75,118.18000030517578,119.81999969482422,119.36792755126953,4006900,0.0
2025-10-15,121.01000213623047,121.4800033569336,119.19000244140625,120.4000015258789,119.94575500488281,2302000,0.0
2025-10-16,120.8499984741211,121.36000061035156,118.9800033569336,119.76000213623047,119.30816650390625,3305900,0.0
2025-10-17,119.25,120.5999984741211,118.88999938964844,120.4000015258789,119.94575500488281,2114000,0.0
2025-10-20,120.83999633789062,121.6500015258789,120.83999633789062,121.41999816894531,120.9618911743164,1619900,0.0
2025-10-21,121.43000030517578,121.52999877929688,120.94000244140625,121.18000030517578,120.7228012084961,1767000,0.0
2025-10-22,121.45999908447266,121.58999633789062,119.45999908447266,120.4800033569336,120.02544403076172,2234200,0.0
2025-10-23,120.41000366210938,121.6500015258789,120.4000015258789,121.44999694824219,120.99178314208984,2140100,0.0
2025-10-24,122.37999725341797,123.0,122.23999786376953,122.66999816894531,122.20718383789062,1537900,0.0
2025-10-27,124.08000183105469,124.69999694824219,123.87000274658203,124.5999984741211,124.12989807128906,1912200,0.0
2025-10-28,125.08000183105469,125.98999786376953,124.68000030517578,125.56999969482422,125.09623718261719,1838200,0.0
2025-10-29,126.16999816894531,126.61000061035156,125.19000244140625,126.27999877929688,125.80355834960938,2911400,0.0
2025-10-30,125.58000183105469,125.77999877929688,124.38999938964844,124.4000015258789,123.93065643310547,2511200,0.0
2025-10-31,125.7300033569336,125.81999969482422,124.30000305175781,124.79000091552734,124.31917572021484,2962700,0.0
2025-11-03,125.81999969482422,125.94999694824219,124.9800033569336,125.37999725341797,124.90695190429688,1984700,0.0
2025-11-04,123.63999938964844,124.41000366210938,123.01000213623047,123.16999816894531,122.70529174804688,3148100,0.0
2025-11-05,123.12999725341797,124.48999786376953,122.83999633789062,123.56999969482422,123.1037826538086,2971900,0.0
2025-11-06,123.54000091552734,123.54000091552734,121.37000274658203,121.7699966430664,121.3105697631836,2387400,0.0
2025-11-07,121.04000091552734,121.58000183105469,119.2300033569336,121.54000091552734,121.0814437866211,3352200,0.0
2025-11-10,123.30999755859375,124.54000091552734,123.01000213623047,124.31999969482422,123.8509521484375,2132600,0.0
2025-11-11,123.7300033569336,124.08999633789062,123.08000183105469,123.91000366210938,123.4425048828125,2060900,0.0
2025-11-12,124.4800033569336,124.4800033569336,122.9800033569336,123.61000061035156,123.14363861083984,2475700,0.0
2025-11-13,122.87999725341797,122.87999725341797,120.45999908447266,120.87000274658203,120.41397094726562,4135700,0.0
2025-11-14,119.19000244140625,121.77999877929688,118.69000244140625,121.04000091552734,120.58332824707031,3490900,0.0
2025-11-17,120.58000183105469,121.75,119.27999877929688,120.06999969482422,119.61699676513672,4911300,0.0
2025-11-18,119.30000305175781,119.83000183105469,117.7699966430664,118.69000244140625,118.24219512939453,9683400,0.0
2025-11-19,119.08000183105469,120.80999755859375,118.79000091552734,119.83999633789062,119.38786315917969,2682500,0.0
2025-11-20,122.44999694824219,122.97000122070312,117.5199966430664,117.69999694824219,117.25592803955078,6473400,0.0
2025-11-21,118.16999816894531,119.80999755859375,116.69000244140625,118.48999786376953,118.04295349121094,5972700,0.0
2025-11-24,119.45999908447266,121.5199966430664,119.43000030517578,121.29000091552734,120.83238220214844,2430000,0.0
2025-11-25,121.11000061035156,122.5199966430664,119.83000183105469,122.30999755859375,121.84854125976562,2319400,0.0
2025-11-26,122.93000030517578,123.44000244140625,122.4800033569336,123.0999984741211,122.63555908203125,1876000,0.0
2025-11-28,123.30000305175781,123.61000061035156,123.12000274658203,123.61000061035156,123.14363861083984,1328900,0.0
2025-12-01,122.55999755859375,123.5199966430664,122.30000305175781,122.9800033569336,122.5160140991211,2266600,0.0
2025-12-02,123.43000030517578,124.05999755859375,122.9000015258789,123.37000274658203,122.90453338623047,1829700,0.0
2025-12-03,123.05999755859375,123.87999725341797,122.62000274658203,123.5999984741211,123.1336669921875,2437000,0.0
2025-12-04,124.27999877929688,124.27999877929688,123.43000030517578,124.11000061035156,123.64175415039062,1770700,0.0
2025-12-05,124.36000061035156,124.94999694824219,124.12000274658203,124.5,124.0302734375,1551900,0.0
2025-12-08,124.70999908447266,124.8499984741211,123.62000274658203,124.08000183105469,123.61186218261719,1806300,0.0
2025-12-09,123.87999725341797,124.3499984741211,123.62000274658203,124.04000091552734,123.57201385498047,1471500,0.0
2025-12-10,123.9000015258789,124.83000183105469,123.44000244140625,124.5199966430664,124.05020141601562,3381600,0.0
2025-12-11,123.7699966430664,124.4800033569336,122.83999633789062,124.41999816894531,123.95057678222656,2033500,0.0
2025-12-12,124.0,124.16999816894531,121.73999786376953,122.38999938964844,121.92823791503906,2521400,0.0
2025-12-15,123.19000244140625,123.19999694824219,121.70999908447266,122.04000091552734,121.57955932617188,1813400,0.0
2025-12-16,121.52999877929688,122.37000274658203,121.11000061035156,122.05999755859375,121.7291488647461,1531700,0.13
2025-12-17,122.1500015258789,122.1500015258789,119.7300033569336,119.7699966430664,119.44536590576172,1701600,0.0
2025-12-18,121.25,121.93000030517578,120.73999786376953,121.20999908447266,120.88145446777344,1471600,0.0
2025-12-19,121.87000274658203,122.80999755859375,121.79000091552734,122.76000213623047,122.42726135253906,1345600,0.0
2025-12-22,123.79000091552734,123.79000091552734,123.0999984741211,123.66999816894531,123.33479309082031,1300900,0.0
2025-12-23,123.45999908447266,124.7300033569336,123.43000030517578,124.66999816894531,124.33208465576172,1211500,0.0
2025-12-24,124.62999725341797,125.04000091552734,124.52999877929688,125.0,124.66118621826172,636800,0.0
2025-12-26,125.1500015258789,125.38999938964844,124.80999755859375,124.98999786376953,124.65120697021484,1132300,0.0
2025-12-29,124.13999938964844,124.55999755859375,123.87999725341797,124.37000274658203,124.03289031982422,1248300,0.0
2025-12-30,124.23999786376953,124.62000274658203,124.12000274658203,124.16000366210938,123.82347106933594,1305300,0.0
2025-12-31,124.30000305175781,124.4000015258789,123.20999908447266,123.26000213623047,122.92591094970703,1584000,0.0
2026-01-02,124.2699966430664,124.94000244140625,122.6500015258789,123.33999633789062,123.00568389892578,3738900,0.0
2026-01-05,124.22000122070312,124.45999908447266,123.55999755859375,123.79000091552734,123.45446014404297,3095400,0.0
2026-01-06,124.05000305175781,124.56999969482422,123.58999633789062,124.45999908447266,124.12264251708984,2591900,0.0
2026-01-07,124.51000213623047,125.56999969482422,124.22000122070312,124.76000213623047,124.42184448242188,2418700,0.0
2026-01-08,124.80999755859375,124.81999969482422,123.26000213623047,123.7300033569336,123.3946304321289,2726500,0.0
2026-01-09,123.94999694824219,124.94999694824219,123.63999938964844,124.66000366210938,124.32211303710938,2287100,0.0
2026-01-12,123.94999694824219,125.47000122070312,123.87999725341797,125.08999633789062,124.75093841552734,2614200,0.0
2026-01-13,125.19000244140625,125.51000213623047,124.3499984741211,124.87000274658203,124.53153991699219,2857000,0.0
2026-01-14,124.0999984741211,124.18000030517578,122.4800033569336,123.41000366210938,123.07550048828125,4557400,0.0
2026-01-15,124.62000274658203,124.83999633789062,123.5999984741211,123.81999969482422,123.48438262939453,4947900,0.0
2026-01-16,124.43000030517578,124.69999694824219,123.5199966430664,123.93000030517578,123.59408569335938,2743700,0.0
2026-01-20,121.7300033569336,122.37000274658203,120.72000122070312,120.91000366210938,120.582275390625,8920000,0.0
2026-01-21,121.11000061035156,122.91000366210938,120.66000366210938,122.06999969482422,121.73912811279297,7172200,0.0
2026-01-22,123.30999755859375,123.36000061035156,122.45999908447266,123.0,122.6666030883789,3697400,0.0
2026-01-23,123.12000274658203,124.04000091552734,122.72000122070312,123.5199966430664,123.18519592285156,3965700,0.0
2026-01-26,123.61000061035156,124.73999786376953,123.5,124.30999755859375,123.9730453491211,3334900,0.0
2026-01-27,124.98999786376953,125.79000091552734,124.88999938964844,125.4800033569336,125.139892578125,2492000,0.0
2026-01-28,125.95999908447266,126.02999877929688,125.08000183105469,125.61000061035156,125.26953887939453,3997000,0.0
2026-01-29,125.5,125.6500015258789,122.37999725341797,124.94999694824219,124.61132049560547,9335700,0.0
2026-01-30,124.41999816894531,125.02999877929688,123.41999816894531,123.88999938964844,123.55419158935547,4376800,0.0
2026-02-02,123.3499984741211,124.86000061035156,123.33999633789062,124.27999877929688,123.9431381225586,2432400,0.0
2026-02-03,124.86000061035156,124.93000030517578,121.1500015258789,122.2699966430664,121.93859100341797,5589800,0.0
2026-02-04,122.27999877929688,122.27999877929688,118.94000244140625,120.08000183105469,119.75452423095703,5859500,0.0
2026-02-05,118.69999694824219,119.66000366210938,117.5199966430664,118.2699966430664,117.94941711425781,7323300,0.0
2026-02-06,119.16000366210938,121.56999969482422,118.88999938964844,121.22000122070312,120.89143371582031,5892300,0.0
2026-02-09,121.0199966430664,123.18000030517578,120.72000122070312,122.55000305175781,122.21782684326172,3420900,0.0
2026-02-10,122.87999725341797,122.97000122070312,121.7699966430664,121.88999938964844,121.55961608886719,3357700,0.0
2026-02-11,122.98999786376953,123.16999816894531,120.91000366210938,121.62999725341797,121.3003158569336,5065700,0.0
2026-02-12,122.13999938964844,122.30999755859375,119.29000091552734,119.48999786376953,119.16612243652344,4052800,0.0
2026-02-13,119.66000366210938,120.04000091552734,118.4000015258789,119.01000213623047,118.68743133544922,6110300,0.0
2026-02-17,118.3499984741211,119.9800033569336,117.5,119.4000015258789,119.07636260986328,5228400,0.0
2026-02-18,119.69999694824219,120.88999938964844,119.43000030517578,120.13999938964844,119.81436157226562,3684800,0.0
2026-02-19,119.62999725341797,120.30999755859375,119.2300033569336,119.94999694824219,119.62487030029297,3503500,0.0
2026-02-20,119.55000305175781,121.44999694824219,119.37000274658203,121.12000274658203,120.79170227050781,6095600,0.0
2026-02-23,121.05999755859375,121.29000091552734,119.16000366210938,119.63999938964844,119.31571197509766,3967800,0.0
2026-02-24,119.44999694824219,120.7300033569336,118.62000274658203,120.52999877929688,120.20330047607422,2724600,0.0
2026-02-25,121.19999694824219,122.31999969482422,121.19999694824219,122.23999786376953,121.90866088867188,2981100,0.0
2026-02-26,122.0999984741211,122.0999984741211,119.37000274658203,120.69000244140625,120.36286926269531,5317800,0.0
2026-02-27,119.05000305175781,119.95999908447266,118.8499984741211,119.55999755859375,119.23593139648438,6307100,0.0
2026-03-02,117.87999725341797,120.18000030517578,117.7300033569336,119.7699966430664,119.44536590576172,9740500,0.0
2026-03-03,117.5,119.02999877929688,116.55000305175781,118.66999816894531,118.34834289550781,13316300,0.0
2026-03-04,118.98999786376953,120.45999908447266,118.88999938964844,119.87999725341797,119.5550537109375,5443500,0.0
2026-03-05,119.58000183105469,120.4000015258789,118.36000061035156,119.80999755859375,119.4852523803711,11145500,0.0
2026-03-06,118.12999725341797,119.19000244140625,117.62999725341797,117.91999816894531,117.60037994384766,6188900,0.0
2026-03-09,116.70999908447266,120.05999755859375,116.33000183105469,119.77999877929688,119.45532989501953,10594700,0.0
2026-03-10,119.83000183105469,120.93000030517578,119.3499984741211,119.87000274658203,119.54508972167969,7562100,0.0
2026-03-11,120.08000183105469,120.80999755859375,119.29000091552734,119.93000030517578,119.60492706298828,5399300,0.0
2026-03-12,119.05999755859375,119.11000061035156,117.63999938964844,117.88999938964844,117.57044982910156,11891000,0.0
2026-03-13,118.44000244140625,119.02999877929688,116.55000305175781,116.72000122070312,116.40362548828125,4757500,0.0
2026-03-16,117.95999908447266,119.0199966430664,117.8499984741211,118.2300033569336,117.90953826904297,5482500,0.0
2026-03-17,118.6500015258789,119.0199966430664,117.94999694824219,118.3499984741211,118.13011932373047,2868900,0.101
2026-03-18,118.0199966430664,118.38999938964844,116.83000183105469,116.86000061035156,116.64289093017578,5936800,0.0
2026-03-19,115.69999694824219,116.93000030517578,115.18000030517578,116.4000015258789,116.18374633789062,5414800,0.0
2026-03-20,116.05999755859375,116.05999755859375,113.33999633789062,114.12999725341797,113.91796112060547,5834900,0.0
2026-03-23,115.93000030517578,117.0199966430664,115.23999786376953,115.58999633789062,115.375244140625,8143200,0.0
2026-03-24,114.81999969482422,115.2300033569336,114.19000244140625,114.56999969482422,114.35714721679688,5049000,0.0
2026-03-25,115.66000366210938,116.12999725341797,114.9000015258789,115.19999694824219,114.98597717285156,4765500,0.0
2026-03-26,114.05999755859375,114.26000213623047,111.8499984741211,111.91999816894531,111.71206665039062,4788700,0.0
2026-03-27,111.19000244140625,111.25,109.36000061035156,109.58999633789062,109.38639831542969,6059400,0.0
2026-03-30,110.58000183105469,110.70999908447266,108.12999725341797,108.70999908447266,108.5080337524414,5482700,0.0
2026-03-31,110.0999984741211,113.33000183105469,110.0999984741211,113.11000061035156,112.89985656738281,7723900,0.0
2026-04-01,114.16000366210938,115.44000244140625,113.87000274658203,114.61000061035156,114.3970718383789,5048300,0.0
2026-04-02,112.51000213623047,114.9800033569336,112.01000213623047,114.66000366210938,114.44698333740234,4335200,0.0
2026-04-06,114.69999694824219,115.43000030517578,114.4800033569336,115.1500015258789,114.93607330322266,2417500,0.0
2026-04-07,114.83000183105469,115.73999786376953,113.54000091552734,115.7300033569336,115.5149917602539,3812500,0.0
2026-04-08,120.08000183105469,120.29000091552734,118.33999633789062,119.13999938964844,118.91865539550781,3611200,0.0
2026-04-09,119.20999908447266,120.30000305175781,118.58000183105469,120.0999984741211,119.87686920166016,2756200,0.0
2026-04-10,120.51000213623047,121.30000305175781,120.41999816894531,120.69000244140625,120.46578216552734,2251900,0.0
2026-04-13,120.29000091552734,122.19999694824219,120.08999633789062,122.16999816894531,121.94302368164062,2137600,0.0
2026-04-14,122.88999938964844,124.69999694824219,122.88999938964844,124.69000244140625,124.45834350585938,2881700,0.0
2026-04-15,125.05000305175781,126.4000015258789,124.88999938964844,126.33999633789062,126.10527038574219,1905600,0.0
2026-04-16,126.68000030517578,126.87999725341797,125.6500015258789,126.58000183105469,126.34483337402344,2333300,0.0
2026-04-17,127.66999816894531,128.67999267578125,127.55000305175781,128.32000732421875,128.08160400390625,4971300,0.0
2026-04-20,127.98999786376953,128.17999267578125,126.83999633789062,127.69999694824219,127.4627456665039,2102900,0.0
2026-04-21,127.94999694824219,128.19000244140625,126.54000091552734,126.83999633789062,126.6043472290039,2514900,0.0
2026-04-22,128.0,129.13999938964844,127.69000244140625,129.07000732421875,128.83021545410156,1849800,0.0
2026-04-23,128.47999572753906,129.08999633789062,126.55000305175781,127.77999877929688,127.5426025390625,2484000,0.0
2026-04-24,128.25,129.94000244140625,127.98999786376953,129.75999450683594,129.5189208984375,2065700,0.0
2026-04-27,129.58999633789062,130.50999450683594,129.0800018310547,130.47999572753906,130.23757934570312,1946100,0.0
2026-04-28,128.82000732421875,129.4199981689453,128.32000732421875,129.1699981689453,128.93002319335938,1825100,0.0
2026-04-29,128.99000549316406,129.27000427246094,128.05999755859375,128.85000610351562,128.61062622070312,1736600,0.0
2026-04-30,129.72999572753906,130.0500030517578,127.80000305175781,129.82000732421875,129.57882690429688,2504800,0.0
2026-05-01,130.3699951171875,131.2100067138672,130.1199951171875,130.5800018310547,130.33740234375,2158100,0.0
2026-05-04,130.6999969482422,131.08999633789062,129.50999450683594,130.3699951171875,130.12779235839844,1801000,0.0
2026-05-05,131.32000732421875,131.7100067138672,131.0399932861328,131.4499969482422,131.20578002929688,1344300,0.0
2026-05-06,132.75999450683594,134.44000244140625,132.4499969482422,134.32000732421875,134.07046508789062,1829300,0.0
2026-05-07,134.8000030517578,135.3699951171875,133.6999969482422,134.08999633789062,133.84088134765625,2656200,0.0
2026-05-08,134.8800048828125,135.85000610351562,134.7100067138672,135.77999877929688,135.52774047851562,1925600,0.0
2026-05-11,135.22000122070312,136.72999572753906,135.0800018310547,136.22999572753906,135.97689819335938,2107600,0.0
2026-05-12,135.5800018310547,135.97000122070312,133.99000549316406,135.8000030517578,135.54769897460938,2110600,0.0
2026-05-13,136.14999389648438,137.6999969482422,135.1199951171875,137.25,136.99501037597656,1534500,0.0
2026-05-14,137.5399932861328,139.10000610351562,137.4499969482422,138.91000366210938,138.6519317626953,2716900,0.0
2026-05-15,137.30999755859375,138.02999877929688,136.1699981689453,136.72000122070312,136.46600341796875,2398100,0.0
2026-05-18,136.8800048828125,137.0,134.64999389648438,135.80999755859375,135.55767822265625,3792200,0.0
2026-05-19,134.99000549316406,135.50999450683594,133.8300018310547,134.47000122070312,134.2201690673828,2908600,0.0
2026-05-20,135.08999633789062,136.4499969482422,134.55999755859375,136.3300018310547,136.07672119140625,2534700,0.0
2026-05-21,135.8800048828125,137.3000030517578,135.47999572753906,136.6300048828125,136.37615966796875,2260400,0.0
2026-05-22,137.35000610351562,137.69000244140625,136.50999450683594,136.6199951171875,136.36618041992188,1812500,0.0
2026-05-26,137.77000427246094,138.75999450683594,137.6199951171875,138.3300018310547,138.072998046875,1494200,0.0
2026-05-27,138.47999572753906,138.47999572753906,137.5500030517578,138.32000732421875,138.0630340576172,1743900,0.0
2026-05-28,138.11000061035156,139.74000549316406,137.97000122070312,139.60000610351562,139.3406524658203,6896900,0.0
2026-05-29,139.88999938964844,140.82000732421875,139.64999389648438,140.36000061035156,140.09922790527344,2635400,0.0
2026-06-01,140.67999267578125,141.97999572753906,140.5,141.58999633789062,141.32693481445312,2616200,0.0
2026-06-02,141.41000366210938,141.97999572753906,140.82000732421875,141.3800048828125,141.11734008789062,2395200,0.0
2026-06-03,141.22999572753906,141.41000366210938,139.6199951171875,140.0,139.73989868164062,2058300,0.0
2026-06-04,138.4600067138672,140.39999389648438,138.0800018310547,139.92999267578125,139.67002868652344,1796600,0.0
2026-06-05,138.3800048828125,138.5399932861328,134.14999389648438,134.60000610351562,134.3499298095703,3356600,0.0
2026-06-08,136.19000244140625,136.49000549316406,135.13999938964844,135.49000549316406,135.23828125,1981300,0.0
2026-06-09,136.5500030517578,137.3699951171875,130.97999572753906,134.58999633789062,134.33995056152344,4011900,0.0
2026-06-10,133.39999389648438,134.77000427246094,131.47999572753906,131.5500030517578,131.30560302734375,3337800,0.0
2026-06-11,131.97000122070312,134.7899932861328,131.10000610351562,134.5,134.2501220703125,3630900,0.0
2026-06-12,135.00999450683594,135.72999572753906,133.64999389648438,135.0,134.7491912841797,4390500,0.0
2026-06-15,137.80999755859375,139.0399932861328,137.6199951171875,138.72999572753906,138.60162353515625,1685500,0.126
2026-06-16,138.5800018310547,138.5800018310547,137.08999633789062,137.17999267578125,137.0530548095703,1322600,0.0
2026-06-17,137.6199951171875,137.77000427246094,135.36000061035156,135.67999267578125,135.554443359375,3081500,0.0
2026-06-18,137.80999755859375,138.25999450683594,136.74000549316406,137.9600067138672,137.83233642578125,1403000,0.0
2026-06-22,138.07000732421875,138.39999389648438,136.41000366210938,136.88999938964844,136.76332092285156,1481700,0.0
2026-06-23,133.63999938964844,135.14999389648438,133.47000122070312,133.7100067138672,133.58627319335938,1718300,0.0
2026-06-24,134.07000732421875,135.02999877929688,132.57000732421875,133.36000061035156,133.23658752441406,1670400,0.0
2026-06-25,134.8800048828125,134.88999938964844,132.00999450683594,133.4600067138672,133.3365020751953,11935600,0.0
2026-06-26,132.1999969482422,134.1300048828125,131.66000366210938,132.5800018310547,132.4573211669922,1608400,0.0
2026-06-29,134.0800018310547,135.7100067138672,133.05999755859375,135.60000610351562,135.4745330810547,1641300,0.0
2026-06-30,135.85000610351562,137.8699951171875,135.7100067138672,137.52999877929688,137.40274047851562,1404600,0.0
2026-07-01,136.9199981689453,137.74000549316406,136.14999389648438,136.8800048828125,136.7533416748047,2655600,0.0
2026-07-02,136.88999938964844,137.72000122070312,134.5399932861328,135.41000366210938,135.28469848632812,1861400,0.0
2026-07-06,136.47999572753906,137.49000549316406,136.2100067138672,137.1199951171875,136.99310302734375,1630200,0.0
2026-07-07,136.25,136.60000610351562,135.0,136.05999755859375,135.93409729003906,1574300,0.0
2026-07-08,135.08999633789062,136.39999389648438,134.50999450683594,136.25,136.12391662597656,1492000,0.0
2026-07-09,136.80999755859375,137.82000732421875,136.02999877929688,137.77000427246094,137.64251708984375,1373900,0.0
2026-07-10,137.6699981689453,138.6300048828125,136.92999267578125,138.58999633789062,138.4617462158203,1005200,0.0
2026-07-13,137.52999877929688,137.77000427246094,136.27000427246094,136.4600067138672,136.33372497558594,1348200,0.0
2026-07-14,137.17999267578125,138.11000061035156,136.60000610351562,137.88999938964844,137.7624053955078,1449700,0.0
2026-07-15,138.4199981689453,138.6699981689453,137.19000244140625,138.55999755859375,138.43177795410156,1338000,0.0
2026-07-16,137.7100067138672,137.9199981689453,135.6699981689453,136.25999450683594,136.1339111328125,1282800,0.0
2026-07-17,133.4600067138672,135.5,132.63999938964844,134.25999450683594,134.13575744628906,1717600,0.0
2026-07-20,135.33999633789062,136.14999389648438,134.55999755859375,134.69000244140625,134.56536865234375,1572900,0.0
2026-07-21,136.0800018310547,136.52000427246094,135.4600067138672,136.33999633789062,136.21383666992188,1107800,0.0
2026-07-22,135.6199951171875,136.6699981689453,135.52999877929688,135.97000122070312,135.84417724609375,995200,0.0
2026-07-23,133.8300018310547,134.61000061035156,132.6999969482422,133.58999633789062,133.46636962890625,1227700,0.0
2026-07-24,133.5,134.27999877929688,132.42999267578125,132.8300018310547,132.70709228515625,1206000,0.0
2026-07-27,134.3699951171875,134.3699951171875,131.4600067138672,132.3300018310547,132.20755004882812,1106900,0.0
2026-07-28,131.61000061035156,132.42999267578125,130.3300018310547,131.8300018310547,131.7080078125,1570000,0.0
2026-07-29,131.61000061035156,132.3699951171875,129.1199951171875,129.27999877929688,129.16036987304688,1855100,0.0
2026-07-30,131.72999572753906,133.57000732421875,131.41000366210938,133.3300018310547,133.2066192626953,1575100,0.0
2026-07-31,134.77999877929688,135.72999572753906,133.0800018310547,135.25,135.12484741210938,1263800,0.0
2026-08-03,135.49000549316406,138.6300048828125,135.47999572753906,138.24000549316406,138.11207580566406,1399800,0.0
2026-08-04,139.35000610351562,142.08999633789062,139.35000610351562,141.52999877929688,141.39903259277344,1315500,0.0
2026-08-05,142.75,143.25999450683594,141.1699981689453,141.24000549316406,141.10931396484375,1432200,0.0
2026-08-06,141.02000427246094,142.02999877929688,140.77999877929688,141.11000061035156,140.9794158935547,1127800,0.0
2026-08-07,142.08999633789062,142.41000366210938,141.35000610351562,142.10000610351562,141.968505859375,942000,0.0
2026-08-10,142.1199951171875,142.66000366210938,141.60000610351562,141.75,141.61883544921875,1145400,0.0
2026-08-11,142.33999633789062,142.44000244140625,140.6199951171875,140.86000061035156,140.7296600341797,1139700,0.0
2026-08-12,142.22000122070312,142.22000122070312,141.35000610351562,141.49000549316406,141.35906982421875,1245000,0.0
2026-08-13,141.9499969482422,143.0,141.69000244140625,142.5399932861328,142.40809631347656,1219800,0.0
2026-08-14,142.72999572753906,142.75,141.77999877929688,141.97999572753906,141.84861755371094,775800,0.0
2026-08-17,142.22000122070312,142.42999267578125,141.39999389648438,141.49000549316406,141.35906982421875,1300300,0.0
2026-08-18,139.9600067138672,140.2899932861328,139.39999389648438,139.67999267578125,139.5507354736328,1464700,0.0
2026-08-19,140.0,140.1300048828125,138.8000030517578,139.3300018310547,139.20106506347656,1186600,0.0
2026-08-20,139.0,139.33999633789062,138.13999938964844,138.3699951171875,138.24195861816406,1210200,0.0
2026-08-21,139.11000061035156,139.36000061035156,138.4199981689453,138.8300018310547,138.7015380859375,1186900,0.0
2026-08-24,138.5,138.5,137.42999267578125,137.8800048828125,137.75241088867188,1145500,0.0
2026-08-25,138.75999450683594,139.22000122070312,138.10000610351562,138.8000030517578,138.67156982421875,1125600,0.0
2026-08-26,138.63999938964844,138.94000244140625,138.07000732421875,138.61000061035156,138.4817352294922,1086300,0.0
2026-08-27,140.05999755859375,140.94000244140625,139.52999877929688,140.82000732421875,140.689697265625,1256200,0.0
2026-08-28,140.77999877929688,141.72000122070312,139.83999633789062,140.02000427246094,139.89044189453125,1262900,0.0
2026-08-31,139.6300048828125,139.80999755859375,139.02999877929688,139.60000610351562,139.4708251953125,1185400,0.0
2026-09-01,138.0500030517578,139.02000427246094,137.74000549316406,138.2100067138672,138.0821075439453,2312600,0.0
2026-09-02,138.32000732421875,139.25999450683594,138.1300048828125,138.9199981689453,138.79144287109375,1188600,0.0
2026-09-03,139.47000122070312,141.02000427246094,139.3699951171875,140.74000549316406,140.60977172851562,1376500,0.0
2026-09-04,141.00999450683594,141.22000122070312,140.19000244140625,140.5500030517578,140.41993713378906,1175300,0.0
2026-09-08,140.58999633789062,140.60000610351562,139.64999389648438,139.82000732421875,139.6906280517578,1228700,0.0
2026-09-09,139.50999450683594,139.69000244140625,138.94000244140625,139.3300018310547,139.20106506347656,1565800,0.0
2026-09-10,138.07000732421875,138.63999938964844,137.77999877929688,138.17999267578125,138.0521240234375,1529800,0.0
2026-09-11,139.58999633789062,139.94000244140625,139.27000427246094,139.30999755859375,139.18109130859375,1061700,0.0
2026-09-14,137.66000366210938,138.88999938964844,137.27999877929688,138.32000732421875,138.1920166015625,2093600,0.0
2026-09-15,138.14999389648438,138.1999969482422,137.1699981689453,137.44000244140625,137.44000244140625,1029000,0.128
2026-09-16,138.10000610351562,138.6699981689453,136.4199981689453,137.33999633789062,137.33999633789062,1638600,0.0
2026-09-17,139.5399932861328,139.58999633789062,138.86000061035156,139.3699951171875,139.3699951171875,1024900,0.0
2026-09-18,139.9499969482422,140.27000427246094,139.2100067138672,140.1300048828125,140.1300048828125,1311500,0.0
2026-09-21,141.27000427246094,143.67999267578125,140.99000549316406,143.3699951171875,143.3699951171875,1418200,0.0
2026-09-22,143.3699951171875,143.88999938964844,143.24000549316406,143.55999755859375,143.55999755859375,3708700,0.0
2026-09-23,143.52999877929688,143.52999877929688,141.8000030517578,142.2100067138672,142.2100067138672,1369400,0.0
2026-09-24,140.97999572753906,142.5800018310547,140.97000122070312,142.36000061035156,142.36000061035156,1249000,0.0
2026-09-25,142.8000030517578,143.44000244140625,142.27000427246094,143.27999877929688,143.27999877929688,1413500,0.0
