Date,Open,High,Low,Close,Adj Close,Volume,Dividends
2000-07-28,34.125,34.20833206176758,34.10416793823242,34.14583206176758,20.776601791381836,4200,0.0
2000-07-31,34.11458206176758,34.35416793823242,34.11458206176758,34.35416793823242,20.90336036682129,7500,0.0
2000-08-01,34.64583206176758,34.69791793823242,34.64583206176758,34.69791793823242,21.11250877380371,2400,0.0
2000-08-02,34.75,34.890625,34.75,34.890625,21.229772567749023,1500,0.0
2000-08-03,34.60416793823242,34.95833206176758,34.60416793823242,34.95833206176758,21.27097511291504,45300,0.0
2000-08-04,35.04166793823242,35.16666793823242,34.90625,35.125,21.372379302978516,68100,0.0
2000-08-07,35.24479293823242,35.41145706176758,35.24479293823242,35.41145706176758,21.54667854309082,6600,0.0
2000-08-08,35.40625,35.515625,35.40625,35.46354293823242,21.5783748626709,1800,0.0
2000-08-09,35.578125,35.61458206176758,35.40104293823242,35.40104293823242,21.540346145629883,3000,0.0
2000-08-10,35.33333206176758,35.33333206176758,35.33333206176758,35.33333206176758,21.499147415161133,2700,0.0
2000-08-11,35.27083206176758,35.27083206176758,35.27083206176758,35.27083206176758,21.461124420166016,600,0.0
2000-08-14,35.80208206176758,36.0625,35.80208206176758,36.0625,21.942821502685547,1500,0.0
2000-08-15,36.03645706176758,36.03645706176758,35.75,35.75,21.752666473388672,5400,0.0
2000-08-16,35.83333206176758,35.91666793823242,35.83333206176758,35.85416793823242,21.816064834594727,5400,0.0
2000-08-17,35.80208206176758,36.02083206176758,35.80208206176758,36.02083206176758,21.917469024658203,1200,0.0
2000-08-18,36.02083206176758,36.02083206176758,36.02083206176758,36.02083206176758,21.917469024658203,0,0.0
2000-08-21,35.79166793823242,35.79166793823242,35.78125,35.78125,21.771692276000977,3000,0.0
2000-08-22,35.8125,35.8125,35.8125,35.8125,21.790706634521484,600,0.0
2000-08-23,35.796875,35.796875,35.796875,35.796875,21.781200408935547,300,0.0
2000-08-24,35.78645706176758,35.85416793823242,35.78645706176758,35.85416793823242,21.816064834594727,900,0.0
2000-08-25,35.91666793823242,35.91666793823242,35.83333206176758,35.89583206176758,21.84140396118164,20100,0.0
2000-08-28,35.98958206176758,35.98958206176758,35.84375,35.84375,21.809715270996094,9000,0.0
2000-08-29,35.86458206176758,36.02083206176758,35.86458206176758,36.02083206176758,21.917469024658203,15000,0.0
2000-08-30,35.97395706176758,36.015625,35.91666793823242,36.015625,21.914295196533203,37500,0.0
2000-08-31,36.20833206176758,36.20833206176758,36.20833206176758,36.20833206176758,22.03156089782715,12300,0.0
2000-09-01,36.32291793823242,36.390625,36.27083206176758,36.27083206176758,22.069589614868164,32100,0.0
2000-09-05,36.36979293823242,36.36979293823242,36.27083206176758,36.27083206176758,22.069589614868164,11400,0.0
2000-09-06,36.27083206176758,36.54166793823242,36.26041793823242,36.5,22.20903968811035,127800,0.0
2000-09-07,36.61979293823242,36.8125,36.58333206176758,36.8125,22.399171829223633,47700,0.0
2000-09-08,36.75,36.77083206176758,36.60416793823242,36.60416793823242,22.27240753173828,12600,0.0
2000-09-11,36.73958206176758,36.91666793823242,36.71875,36.78125,22.380151748657227,28200,0.0
2000-09-12,36.8125,36.81770706176758,36.70833206176758,36.70833206176758,22.335790634155273,6900,0.0
2000-09-13,36.89583206176758,36.89583206176758,36.63020706176758,36.8125,22.399171829223633,73200,0.0
2000-09-14,36.83333206176758,36.91666793823242,36.75520706176758,36.91666793823242,22.462562561035156,8100,0.0
2000-09-15,36.61458206176758,36.66666793823242,36.45833206176758,36.45833206176758,22.183677673339844,46500,0.0
2000-09-18,36.33333206176758,36.33333206176758,35.83333206176758,35.83854293823242,21.80655288696289,34200,0.0
2000-09-19,35.84375,35.84375,35.66666793823242,35.8125,21.790706634521484,4800,0.0
2000-09-20,35.625,35.83854293823242,35.625,35.64583206176758,21.77035140991211,116400,0.133333
2000-09-21,35.76041793823242,35.76041793823242,35.54166793823242,35.54166793823242,21.706727981567383,4200,0.0
2000-09-22,34.79166793823242,35.35416793823242,34.79166793823242,35.35416793823242,21.59222412109375,13200,0.0
2000-09-25,35.45833206176758,35.45833206176758,35.27083206176758,35.27083206176758,21.54132652282715,16500,0.0
2000-09-26,35.27083206176758,35.27083206176758,35.22916793823242,35.22916793823242,21.5158634185791,15900,0.0
2000-09-27,35.10416793823242,35.23958206176758,35.10416793823242,35.23958206176758,21.52223777770996,4800,0.0
2000-09-28,35.23958206176758,35.23958206176758,35.23958206176758,35.23958206176758,21.52223777770996,0,0.0
2000-09-29,35.94791793823242,36.0,35.94791793823242,36.0,21.98664093017578,3900,0.0
2000-10-02,35.95833206176758,35.95833206176758,35.77083206176758,35.77083206176758,21.846691131591797,3300,0.0
2000-10-03,35.64583206176758,35.64583206176758,35.47916793823242,35.47916793823242,21.668563842773438,1200,0.0
2000-10-04,35.39583206176758,35.40104293823242,35.33333206176758,35.40104293823242,21.6208438873291,1500,0.0
2000-10-05,35.40104293823242,35.40104293823242,35.40104293823242,35.40104293823242,21.6208438873291,0,0.0
2000-10-06,35.125,35.125,35.09375,35.09375,21.43317413330078,900,0.0
2000-10-09,34.98958206176758,34.98958206176758,34.8125,34.82291793823242,21.267751693725586,2400,0.0
2000-10-10,34.97916793823242,34.97916793823242,34.54166793823242,34.54166793823242,21.095985412597656,5400,0.0
2000-10-11,34.44791793823242,34.45833206176758,34.1875,34.29166793823242,20.943302154541016,164100,0.0
2000-10-12,34.3125,34.3125,33.5625,33.72916793823242,20.599750518798828,105300,0.0
2000-10-13,33.70833206176758,34.45833206176758,33.70833206176758,34.45833206176758,21.045093536376953,157800,0.0
2000-10-16,34.35416793823242,34.47916793823242,34.35416793823242,34.47916793823242,21.057815551757812,8100,0.0
2000-10-17,34.3125,34.3125,33.66666793823242,33.66666793823242,20.561588287353516,2400,0.0
2000-10-18,33.16666793823242,33.54166793823242,33.16666793823242,33.54166793823242,20.485244750976562,8400,0.0
2000-10-19,33.83333206176758,34.16666793823242,33.79166793823242,34.16666793823242,20.86695671081543,47700,0.0
2000-10-20,34.29166793823242,34.36979293823242,34.29166793823242,34.36979293823242,20.99102020263672,7500,0.0
2000-10-23,34.375,34.42708206176758,34.29166793823242,34.42708206176758,21.026002883911133,4800,0.0
2000-10-24,34.40625,34.40625,34.40625,34.40625,21.013280868530273,300,0.0
2000-10-25,34.28645706176758,34.33333206176758,34.08333206176758,34.08333206176758,20.81606101989746,3900,0.0
2000-10-26,34.08333206176758,34.16666793823242,33.9375,34.16666793823242,20.86695671081543,3300,0.0
2000-10-27,34.44791793823242,34.61979293823242,34.44791793823242,34.60416793823242,21.134166717529297,13200,0.0
2000-10-30,34.625,35.16666793823242,34.625,35.16666793823242,21.477699279785156,3600,0.0
2000-10-31,35.32291793823242,35.70833206176758,35.32291793823242,35.70833206176758,21.80851936340332,8100,0.0
2000-11-01,35.72916793823242,35.72916793823242,35.58333206176758,35.60416793823242,21.74490737915039,9000,0.0
2000-11-02,35.91666793823242,36.10416793823242,35.91666793823242,36.10416793823242,22.050256729125977,6300,0.0
2000-11-03,36.14583206176758,36.14583206176758,36.0,36.125,22.06300163269043,433500,0.0
2000-11-06,36.14583206176758,36.14583206176758,35.9375,35.9375,21.94847869873047,61500,0.0
2000-11-07,35.9375,36.10416793823242,35.875,36.10416793823242,22.050256729125977,45000,0.0
2000-11-08,36.02083206176758,36.3125,36.02083206176758,36.16666793823242,22.088438034057617,70800,0.0
2000-11-09,35.875,35.875,35.42708206176758,35.8125,21.87213706970215,53400,0.0
2000-11-10,35.76041793823242,35.83333206176758,35.29166793823242,35.33333206176758,21.579496383666992,5700,0.0
2000-11-13,35.14583206176758,35.33333206176758,34.89583206176758,35.33333206176758,21.579496383666992,91200,0.0
2000-11-14,35.70833206176758,35.72916793823242,35.58333206176758,35.68229293823242,21.792612075805664,15300,0.0
2000-11-15,35.625,36.02083206176758,35.625,35.875,21.91030502319336,900,0.0
2000-11-16,36.02083206176758,36.02083206176758,35.66666793823242,35.66666793823242,21.783079147338867,6300,0.0
2000-11-17,36.10416793823242,36.125,35.89583206176758,35.89583206176758,21.923030853271484,47700,0.0
2000-11-20,35.45833206176758,35.58333206176758,35.41666793823242,35.41666793823242,21.630382537841797,102300,0.0
2000-11-21,35.4375,35.45833206176758,35.27083206176758,35.45833206176758,21.65584373474121,15000,0.0
2000-11-22,35.35416793823242,35.35416793823242,35.08333206176758,35.20833206176758,21.503154754638672,16500,0.0
2000-11-24,35.47916793823242,35.66666793823242,35.47916793823242,35.60416793823242,21.74490737915039,3300,0.0
2000-11-27,35.91666793823242,36.0,35.8125,35.8125,21.87213706970215,124200,0.0
2000-11-28,35.72916793823242,35.72916793823242,35.52083206176758,35.52083206176758,21.694005966186523,7800,0.0
2000-11-29,35.4375,35.4375,35.29166793823242,35.39583206176758,21.61766815185547,3300,0.0
2000-11-30,35.25,35.35416793823242,34.97916793823242,35.35416793823242,21.59222412109375,21000,0.0
2000-12-01,35.33333206176758,35.625,35.33333206176758,35.54166793823242,21.706727981567383,8400,0.0
2000-12-04,35.5,35.70833206176758,35.5,35.54166793823242,21.706727981567383,27900,0.0
2000-12-05,35.66666793823242,36.52083206176758,35.66666793823242,36.5,22.292028427124023,257100,0.0
2000-12-06,36.41666793823242,36.41666793823242,35.875,35.89583206176758,21.923030853271484,59400,0.0
2000-12-07,35.875,36.02083206176758,35.875,35.95833206176758,21.96120834350586,117300,0.0
2000-12-08,36.20833206176758,36.75,36.20833206176758,36.66666793823242,22.39381217956543,191700,0.0
2000-12-11,36.80208206176758,37.16666793823242,36.80208206176758,37.08333206176758,22.64828109741211,302400,0.0
2000-12-12,36.98958206176758,37.03125,36.66666793823242,36.66666793823242,22.39381217956543,21900,0.0
2000-12-13,36.57291793823242,36.57291793823242,36.125,36.14583206176758,22.172889709472656,32700,0.160667
2000-12-14,36.17708206176758,36.17708206176758,35.72916793823242,35.875,22.006738662719727,190200,0.0
2000-12-15,35.875,35.875,35.47916793823242,35.625,21.853374481201172,129000,0.0
2000-12-18,35.83333206176758,36.27083206176758,35.83333206176758,36.14583206176758,22.172889709472656,509400,0.0
2000-12-19,36.41666793823242,36.609375,36.20833206176758,36.35416793823242,22.30068016052246,179100,0.0
2000-12-20,36.0,36.0,35.625,35.79166793823242,21.95561981201172,30600,0.0
2000-12-21,35.76041793823242,36.25,35.64583206176758,36.1875,22.198434829711914,316500,0.0
2000-12-22,36.33333206176758,37.08333206176758,36.33333206176758,37.04166793823242,22.722410202026367,212100,0.0
2000-12-26,37.125,37.55208206176758,37.125,37.47916793823242,22.990772247314453,96600,0.0
2000-12-27,37.46875,38.22916793823242,37.375,38.22916793823242,23.450843811035156,82500,0.0
2000-12-28,38.25,39.27083206176758,38.25,39.27083206176758,24.08983612060547,1263600,0.0
2000-12-29,39.3125,39.35416793823242,38.54166793823242,38.54166793823242,23.642549514770508,216900,0.0
2001-01-02,38.52083206176758,38.52083206176758,37.484375,37.484375,22.993986129760742,207900,0.0
2001-01-03,37.66666793823242,38.85416793823242,37.66666793823242,38.85416793823242,23.834251403808594,570300,0.0
2001-01-04,38.79166793823242,38.79166793823242,38.29166793823242,38.29166793823242,23.489194869995117,176400,0.0
2001-01-05,38.29166793823242,38.29166793823242,37.6875,37.77083206176758,23.16969871520996,390000,0.0
2001-01-08,37.6875,38.04166793823242,37.5625,38.04166793823242,23.33582878112793,69300,0.0
2001-01-09,38.04166793823242,38.04166793823242,37.80208206176758,38.0,23.31027603149414,72900,0.0
2001-01-10,37.83333206176758,38.5,37.83333206176758,38.5,23.616987228393555,141900,0.0
2001-01-11,38.5625,38.66666793823242,38.39583206176758,38.5625,23.65532875061035,359400,0.0
2001-01-12,38.5625,38.625,38.35416793823242,38.5625,23.65532875061035,242400,0.0
2001-01-16,38.54166793823242,39.04166793823242,38.41666793823242,39.04166793823242,23.94925308227539,137100,0.0
2001-01-17,39.3125,39.35416793823242,38.9375,38.9375,23.88535499572754,389100,0.0
2001-01-18,38.9375,39.0,38.75,38.98958206176758,23.917293548583984,130500,0.0
2001-01-19,38.875,38.875,38.35416793823242,38.41666793823242,23.565872192382812,68400,0.0
2001-01-22,38.29166793823242,38.625,38.25520706176758,38.54166793823242,23.642549514770508,123900,0.0
2001-01-23,38.5625,39.14583206176758,38.5625,39.14583206176758,24.013151168823242,102300,0.0
2001-01-24,39.16666793823242,39.36979293823242,39.13541793823242,39.19791793823242,24.045116424560547,121800,0.0
2001-01-25,39.20833206176758,39.35416793823242,39.0625,39.25,24.077054977416992,70500,0.0
2001-01-26,39.08333206176758,39.14583206176758,38.85416793823242,39.140625,24.009960174560547,91800,0.0
2001-01-29,39.08333206176758,39.516666412353516,39.08333206176758,39.46666717529297,24.20996856689453,105000,0.0
2001-01-30,39.75,39.79999923706055,39.46666717529297,39.78333282470703,24.404226303100586,52800,0.0
2001-01-31,39.95000076293945,40.099998474121094,39.65666580200195,39.65666580200195,24.326520919799805,123000,0.0
2001-02-01,39.849998474121094,39.96666717529297,39.66666793823242,39.96666717529297,24.516679763793945,21000,0.0
2001-02-02,39.93333435058594,40.116668701171875,39.78333282470703,39.78333282470703,24.404226303100586,60300,0.0
2001-02-05,39.70000076293945,39.95000076293945,39.70000076293945,39.95000076293945,24.506444931030273,38400,0.0
2001-02-06,39.849998474121094,40.25,39.84000015258789,40.08333206176758,24.588239669799805,117300,0.0
2001-02-07,40.16666793823242,40.53333282470703,40.16666793823242,40.53333282470703,24.864280700683594,52200,0.0
2001-02-08,40.45000076293945,40.516666412353516,40.16666793823242,40.233333587646484,24.68025779724121,108300,0.0
2001-02-09,40.233333587646484,40.233333587646484,39.91666793823242,39.96666717529297,24.516679763793945,38400,0.0
2001-02-12,39.900001525878906,40.68333435058594,39.900001525878906,40.66666793823242,24.946083068847656,26400,0.0
2001-02-13,40.78333282470703,41.09333419799805,40.66666793823242,40.66666793823242,24.946083068847656,139500,0.0
2001-02-14,40.633331298828125,40.650001525878906,40.400001525878906,40.46666717529297,24.82341194152832,372000,0.0
2001-02-15,40.900001525878906,41.0,40.849998474121094,40.900001525878906,25.089223861694336,201000,0.0
2001-02-16,40.58333206176758,40.68333435058594,40.349998474121094,40.46666717529297,24.82341194152832,47700,0.0
2001-02-20,40.53333282470703,40.54666519165039,40.040000915527344,40.19333267211914,24.655731201171875,69900,0.0
2001-02-21,40.0,40.08333206176758,39.58333206176758,39.67333221435547,24.336740493774414,469500,0.0
2001-02-22,39.633331298828125,39.75,39.10333251953125,39.33333206176758,24.128175735473633,129000,0.0
2001-02-23,39.18333435058594,39.28333282470703,38.56666564941406,39.1533317565918,24.017757415771484,120900,0.0
2001-02-26,39.633331298828125,40.0,39.633331298828125,39.95000076293945,24.506444931030273,226200,0.0
2001-02-27,39.95000076293945,40.09000015258789,39.66666793823242,39.83333206176758,24.434879302978516,701400,0.0
2001-02-28,39.633331298828125,39.68333435058594,39.266666412353516,39.616668701171875,24.301977157592773,756000,0.0
2001-03-01,39.54999923706055,39.54999923706055,39.03333282470703,39.54999923706055,24.261085510253906,108600,0.0
2001-03-02,39.43333435058594,40.133331298828125,39.400001525878906,39.983333587646484,24.526906967163086,260700,0.0
2001-03-05,40.099998474121094,40.20000076293945,39.900001525878906,39.900001525878906,24.475784301757812,320700,0.0
2001-03-06,40.116668701171875,40.21666717529297,40.016666412353516,40.099998474121094,24.598466873168945,97800,0.0
2001-03-07,40.26333236694336,40.650001525878906,40.26333236694336,40.650001525878906,24.93585777282715,237000,0.0
2001-03-08,40.599998474121094,40.650001525878906,40.5,40.633331298828125,24.925640106201172,177000,0.0
2001-03-09,40.233333587646484,40.25,39.96666717529297,40.099998474121094,24.684934616088867,93300,0.142333
2001-03-12,39.75,39.83333206176758,39.233333587646484,39.29999923706055,24.192472457885742,179100,0.0
2001-03-13,39.25,39.45000076293945,38.66666793823242,39.45000076293945,24.284805297851562,284100,0.0
2001-03-14,38.66666793823242,39.18333435058594,38.56666564941406,38.56666564941406,23.741037368774414,273000,0.0
2001-03-15,38.900001525878906,38.900001525878906,38.599998474121094,38.66666793823242,23.802597045898438,182400,0.0
2001-03-16,38.66666793823242,38.78333282470703,38.0,38.150001525878906,23.48454475402832,133500,0.0
2001-03-19,38.03333282470703,38.733333587646484,38.0,38.733333587646484,23.843645095825195,215400,0.0
2001-03-20,38.733333587646484,39.04999923706055,38.18333435058594,38.18333435058594,23.505077362060547,118800,0.0
2001-03-21,38.21666717529297,38.21666717529297,37.54999923706055,37.70000076293945,23.207538604736328,132900,0.0
2001-03-22,37.56666564941406,37.56666564941406,36.400001525878906,37.266666412353516,22.94078254699707,406200,0.0
2001-03-23,37.5,37.83333206176758,37.5,37.79999923706055,23.26908302307129,113100,0.0
2001-03-26,38.03333282470703,38.45000076293945,37.900001525878906,38.266666412353516,23.556367874145508,57300,0.0
2001-03-27,38.266666412353516,38.633331298828125,37.93333435058594,38.483333587646484,23.689746856689453,245100,0.0
2001-03-28,38.116668701171875,38.266666412353516,37.900001525878906,38.08333206176758,23.443510055541992,86400,0.0
2001-03-29,38.0,38.383331298828125,37.83333206176758,38.0,23.3922119140625,50400,0.0
2001-03-30,38.233333587646484,38.78333282470703,38.233333587646484,38.733333587646484,23.843645095825195,179100,0.0
2001-04-02,38.93333435058594,38.95000076293945,38.25,38.29999923706055,23.576887130737305,86100,0.0
2001-04-03,38.28333282470703,38.28333282470703,37.400001525878906,37.54999923706055,23.11520004272461,131100,0.0
2001-04-04,37.66666793823242,37.81666564941406,37.366668701171875,37.633331298828125,23.16648292541504,159600,0.0
2001-04-05,37.70000076293945,38.66666793823242,37.70000076293945,38.66666793823242,23.802597045898438,233100,0.0
2001-04-06,38.43333435058594,38.43333435058594,37.96666717529297,38.03333282470703,23.4127197265625,40800,0.0
2001-04-09,37.883331298828125,38.58333206176758,37.883331298828125,38.41666793823242,23.648710250854492,165900,0.0
2001-04-10,38.56666564941406,39.116668701171875,38.56666564941406,39.0,24.007787704467773,179400,0.0
2001-04-11,39.20000076293945,39.21666717529297,38.413333892822266,38.573333740234375,23.745149612426758,65400,0.0
2001-04-12,38.46666717529297,38.766666412353516,38.46666717529297,38.733333587646484,23.843645095825195,92700,0.0
2001-04-16,38.78333282470703,38.79999923706055,38.516666412353516,38.68333435058594,23.812847137451172,118800,0.0
2001-04-17,38.616668701171875,38.983333587646484,38.58333206176758,38.983333587646484,23.99753189086914,56400,0.0
2001-04-18,39.0,40.650001525878906,39.0,39.33333206176758,24.212987899780273,307500,0.0
2001-04-19,39.41666793823242,39.633331298828125,39.25,39.616668701171875,24.38739776611328,252000,0.0
2001-04-20,39.366668701171875,39.483333587646484,38.83333206176758,39.16666793823242,24.110403060913086,414000,0.0
2001-04-23,39.08333206176758,39.116668701171875,38.81666564941406,39.0,24.007787704467773,100500,0.0
2001-04-24,38.93333435058594,39.25,38.93333435058594,38.93333435058594,23.966760635375977,107100,0.0
2001-04-25,39.21666717529297,39.866668701171875,39.099998474121094,39.71666717529297,24.4489688873291,201000,0.0
2001-04-26,40.04999923706055,40.45000076293945,39.900001525878906,40.366668701171875,24.849109649658203,134400,0.0
2001-04-27,40.483333587646484,40.78333282470703,40.383331298828125,40.78333282470703,25.105581283569336,234900,0.0
2001-04-30,40.883331298828125,41.0,40.56666564941406,40.75666809082031,25.089168548583984,211800,0.0
2001-05-01,40.71666717529297,40.959999084472656,40.470001220703125,40.959999084472656,25.214340209960938,98400,0.0
2001-05-02,41.016666412353516,41.03333282470703,40.70000076293945,40.866668701171875,25.156890869140625,269100,0.0
2001-05-03,40.70000076293945,40.779998779296875,40.483333587646484,40.71666717529297,25.064550399780273,49800,0.0
2001-05-04,40.516666412353516,41.150001525878906,40.33333206176758,41.04999923706055,25.26974105834961,174000,0.0
2001-05-07,41.29999923706055,41.41666793823242,41.03333282470703,41.06666564941406,25.279987335205078,155700,0.0
2001-05-08,41.150001525878906,41.20000076293945,40.88666534423828,41.20000076293945,25.362085342407227,105600,0.0
2001-05-09,41.08333206176758,41.233333587646484,41.08333206176758,41.12666702270508,25.316940307617188,92700,0.0
2001-05-10,41.29999923706055,41.33000183105469,41.150001525878906,41.25,25.392864227294922,35700,0.0
2001-05-11,41.21666717529297,41.293331146240234,40.93333435058594,41.03333282470703,25.259490966796875,99600,0.0
2001-05-14,41.06666564941406,41.150001525878906,40.883331298828125,41.150001525878906,25.331310272216797,111000,0.0
2001-05-15,41.116668701171875,41.29999923706055,41.03333282470703,41.28333282470703,25.41337013244629,88800,0.0
2001-05-16,41.18333435058594,41.96666717529297,41.18333435058594,41.913333892822266,25.80120849609375,238200,0.0
2001-05-17,41.91666793823242,42.1533317565918,41.836666107177734,42.116668701171875,25.926362991333008,113400,0.0
2001-05-18,42.099998474121094,42.33333206176758,42.04999923706055,42.21666717529297,25.987926483154297,114000,0.0
2001-05-21,42.28333282470703,42.53333282470703,42.16999816894531,42.5,26.16234016418457,114600,0.0
2001-05-22,42.66666793823242,42.91666793823242,42.46666717529297,42.66666793823242,26.264949798583984,480300,0.0
2001-05-23,42.650001525878906,42.650001525878906,42.04999923706055,42.04999923706055,25.88532829284668,255600,0.0
2001-05-24,42.08333206176758,42.27333450317383,41.83333206176758,42.27333450317383,26.02281379699707,113700,0.0
2001-05-25,42.383331298828125,42.383331298828125,42.04999923706055,42.05666732788086,25.889429092407227,197700,0.0
2001-05-29,42.133331298828125,42.15999984741211,41.83333206176758,41.849998474121094,25.76220703125,299700,0.0
2001-05-30,41.849998474121094,41.849998474121094,41.54999923706055,41.65999984741211,25.645244598388672,90600,0.0
2001-05-31,41.733333587646484,42.029998779296875,41.71666717529297,41.81666564941406,25.741682052612305,126300,0.0
2001-06-01,41.733333587646484,42.08333206176758,41.54999923706055,42.08333206176758,25.905845642089844,142200,0.0
2001-06-04,42.116668701171875,42.54666519165039,42.05666732788086,42.53333282470703,26.182870864868164,191700,0.0
2001-06-05,42.56666564941406,43.06666564941406,42.56666564941406,42.92333221435547,26.422935485839844,644700,0.0
2001-06-06,43.0,43.0,42.71666717529297,42.813331604003906,26.35523223876953,475200,0.0
2001-06-07,42.71666717529297,42.81666564941406,42.616668701171875,42.75,26.316234588623047,44700,0.0
2001-06-08,42.650001525878906,42.66666793823242,42.349998474121094,42.43333435058594,26.230728149414062,52200,0.178333
2001-06-11,42.33333206176758,42.400001525878906,42.16666793823242,42.27000045776367,26.129758834838867,598800,0.0
2001-06-12,42.0,42.45000076293945,41.91666793823242,42.400001525878906,26.21011734008789,346500,0.0
2001-06-13,42.33333206176758,42.70000076293945,42.33333206176758,42.46666717529297,26.251325607299805,365100,0.0
2001-06-14,42.233333587646484,42.233333587646484,41.66666793823242,41.75,25.80830955505371,453300,0.0
2001-06-15,41.599998474121094,42.016666412353516,41.53333282470703,41.86000061035156,25.876314163208008,162900,0.0
2001-06-18,41.83333206176758,42.06666564941406,41.5,41.68333435058594,25.767099380493164,167100,0.0
2001-06-19,41.900001525878906,41.93333435058594,41.5,41.52000045776367,25.66614532470703,136200,0.0
2001-06-20,41.483333587646484,42.150001525878906,41.483333587646484,42.133331298828125,26.045265197753906,290700,0.0
2001-06-21,42.16666793823242,42.366668701171875,42.0,42.233333587646484,26.107088088989258,379200,0.0
2001-06-22,42.22666549682617,42.22666549682617,41.45000076293945,41.5,25.65377426147461,172800,0.0
2001-06-25,41.70000076293945,41.733333587646484,41.17333221435547,41.233333587646484,25.488927841186523,382500,0.0
2001-06-26,41.03333282470703,41.83333206176758,41.0,41.766666412353516,25.81862449645996,270000,0.0
2001-06-27,41.900001525878906,42.25,41.84000015258789,42.150001525878906,26.055583953857422,249300,0.0
2001-06-28,42.29999923706055,42.75,42.29999923706055,42.53333282470703,26.29254150390625,383400,0.0
2001-06-29,42.66666793823242,43.21666717529297,42.616668701171875,43.08333206176758,26.632530212402344,345900,0.0
2001-07-02,42.43333435058594,42.78333282470703,42.233333587646484,42.233333587646484,26.107088088989258,531300,0.0
2001-07-03,42.266666412353516,42.400001525878906,42.06666564941406,42.31666564941406,26.158605575561523,321600,0.0
2001-07-05,42.099998474121094,42.28333282470703,42.0,42.0,25.962854385375977,381600,0.0
2001-07-06,41.83333206176758,41.849998474121094,41.266666412353516,41.383331298828125,25.5816593170166,495300,0.0
2001-07-09,41.43333435058594,41.733333587646484,41.29999923706055,41.599998474121094,25.71558380126953,578400,0.0
2001-07-10,41.56666564941406,41.70000076293945,41.116668701171875,41.20000076293945,25.46833610534668,511500,0.0
2001-07-11,41.0,41.20000076293945,40.66666793823242,41.099998474121094,25.406511306762695,584100,0.0
2001-07-12,41.31666564941406,41.913333892822266,41.21666717529297,41.900001525878906,25.901042938232422,68100,0.0
2001-07-13,41.70000076293945,42.08333206176758,41.61000061035156,42.06666564941406,26.004066467285156,175200,0.0
2001-07-16,42.06666564941406,42.133331298828125,41.633331298828125,41.83333206176758,25.859811782836914,364200,0.0
2001-07-17,41.633331298828125,42.21666717529297,41.633331298828125,42.21666717529297,26.0967960357666,192000,0.0
2001-07-18,42.16666793823242,42.29999923706055,41.836666107177734,41.95000076293945,25.931947708129883,445200,0.0
2001-07-19,42.08333206176758,42.383331298828125,42.08333206176758,42.266666412353516,26.12769317626953,97500,0.0
2001-07-20,42.16666793823242,42.366668701171875,42.150001525878906,42.253334045410156,26.119457244873047,258000,0.0
2001-07-23,42.46666717529297,42.46666717529297,41.83333206176758,41.866668701171875,25.88044548034668,496500,0.0
2001-07-24,41.83333206176758,41.88666534423828,41.133331298828125,41.150001525878906,25.437406539916992,223800,0.0
2001-07-25,41.20000076293945,41.62666702270508,41.16666793823242,41.516666412353516,25.66407012939453,237600,0.0
2001-07-26,41.66666793823242,42.25,41.483333587646484,42.16666793823242,26.065868377685547,143100,0.0
2001-07-27,42.233333587646484,42.25,41.939998626708984,42.150001525878906,26.055583953857422,145800,0.0
2001-07-30,42.06666564941406,42.099998474121094,41.733333587646484,42.03333282470703,25.983449935913086,66300,0.0
2001-07-31,42.21666717529297,42.5,42.0,42.040000915527344,25.987585067749023,103800,0.0
2001-08-01,42.18333435058594,42.483333587646484,42.03333282470703,42.43333435058594,26.230728149414062,61200,0.0
2001-08-02,42.5,42.599998474121094,42.366668701171875,42.366668701171875,26.189517974853516,51000,0.0
2001-08-03,42.53333282470703,42.733333587646484,42.16666793823242,42.41666793823242,26.220428466796875,167100,0.0
2001-08-06,42.45000076293945,42.483333587646484,42.016666412353516,42.16666793823242,26.065868377685547,256800,0.0
2001-08-07,42.150001525878906,42.20000076293945,41.83333206176758,42.16666793823242,26.065868377685547,54300,0.0
2001-08-08,41.96666717529297,42.349998474121094,41.516666412353516,41.70000076293945,25.77741813659668,217800,0.0
2001-08-09,41.75,41.926666259765625,41.516666412353516,41.926666259765625,25.91752815246582,204000,0.0
2001-08-10,41.866668701171875,42.20000076293945,41.58333206176758,42.03333282470703,25.983449935913086,590400,0.0
2001-08-13,42.06666564941406,42.43333435058594,41.983333587646484,42.25,26.117401123046875,235200,0.0
2001-08-14,42.366668701171875,42.70000076293945,42.33333206176758,42.45000076293945,26.24102783203125,195900,0.0
2001-08-15,42.599998474121094,42.71666717529297,42.29999923706055,42.58333206176758,26.323448181152344,201300,0.0
2001-08-16,42.53333282470703,43.06666564941406,42.43333435058594,43.06666564941406,26.622230529785156,468600,0.0
2001-08-17,42.733333587646484,42.900001525878906,42.5,42.599998474121094,26.333751678466797,742800,0.0
2001-08-20,42.599998474121094,42.96666717529297,42.483333587646484,42.96666717529297,26.560405731201172,753900,0.0
2001-08-21,42.91666793823242,43.08333206176758,42.45000076293945,42.45000076293945,26.24102783203125,273900,0.0
2001-08-22,42.66666793823242,42.91666793823242,42.33333206176758,42.91666793823242,26.529510498046875,158700,0.0
2001-08-23,42.866668701171875,43.04666519165039,42.33333206176758,42.400001525878906,26.21011734008789,257700,0.0
2001-08-24,42.56666564941406,42.866668701171875,42.503334045410156,42.866668701171875,26.49858283996582,311400,0.0
2001-08-27,43.0,43.029998779296875,42.79999923706055,42.79999923706055,26.457382202148438,168300,0.0
2001-08-28,42.54999923706055,42.70000076293945,42.266666412353516,42.33333206176758,26.16891098022461,343200,0.0
2001-08-29,42.383331298828125,42.43333435058594,42.16666793823242,42.266666412353516,26.12769317626953,206100,0.0
2001-08-30,42.25,42.29999923706055,41.753334045410156,42.0,25.962854385375977,693000,0.0
2001-08-31,42.06666564941406,42.29999923706055,42.0099983215332,42.163333892822266,26.06383514404297,335400,0.0
2001-09-04,42.04999923706055,42.46666717529297,41.96666717529297,42.016666412353516,25.973155975341797,440400,0.0
2001-09-05,42.06666564941406,42.116668701171875,41.75,41.900001525878906,25.901042938232422,246000,0.0
2001-09-06,41.766666412353516,41.766666412353516,41.099998474121094,41.099998474121094,25.406511306762695,218100,0.0
2001-09-07,40.766666412353516,41.0,40.233333587646484,40.33333206176758,24.93258285522461,387000,0.0
2001-09-10,40.099998474121094,40.349998474121094,39.766666412353516,39.866668701171875,24.64411163330078,603000,0.0
2001-09-17,38.16666793823242,38.83333206176758,37.96666717529297,37.96666717529297,23.469600677490234,839100,0.0
2001-09-18,38.03333282470703,38.3033332824707,37.633331298828125,37.633331298828125,23.263551712036133,135900,0.0
2001-09-19,38.233333587646484,38.349998474121094,36.29666519165039,37.16666793823242,22.975067138671875,555000,0.0
2001-09-20,36.50666809082031,36.58333206176758,35.43333435058594,35.516666412353516,21.955106735229492,108000,0.0
2001-09-21,34.41666793823242,35.06666564941406,34.29999923706055,34.71666717529297,21.4605655670166,245700,0.0
2001-09-24,35.08333206176758,35.96666717529297,35.08333206176758,35.95000076293945,22.222970962524414,273600,0.0
2001-09-25,35.883331298828125,36.383331298828125,35.84000015258789,36.349998474121094,22.470230102539062,225900,0.0
2001-09-26,36.43000030517578,36.5,35.83333206176758,35.866668701171875,22.17145347595215,445800,0.0
2001-09-27,35.866668701171875,36.383331298828125,35.68333435058594,36.28333282470703,22.42901039123535,265200,0.0
2001-09-28,36.58333206176758,37.29999923706055,36.54999923706055,37.28333282470703,23.047189712524414,467700,0.0
2001-10-01,36.91666793823242,36.91666793823242,36.099998474121094,36.633331298828125,22.796405792236328,332700,0.247
2001-10-02,36.5,36.83333206176758,36.400001525878906,36.83333206176758,22.920860290527344,180600,0.0
2001-10-03,36.56666564941406,37.5966682434082,36.56666564941406,37.5966682434082,23.39588165283203,706800,0.0
2001-10-04,37.5966682434082,38.0,37.41999816894531,37.66666793823242,23.439451217651367,1196400,0.0
2001-10-05,37.43333435058594,37.64666748046875,36.983333587646484,37.633331298828125,23.418691635131836,220500,0.0
2001-10-08,37.233333587646484,37.51333236694336,37.116668701171875,37.16666793823242,23.1282901763916,34200,0.0
2001-10-09,37.086666107177734,37.233333587646484,36.79999923706055,36.866668701171875,22.941600799560547,157500,0.0
2001-10-10,36.9466667175293,37.83000183105469,36.836666107177734,37.83000183105469,23.54107666015625,49200,0.0
2001-10-11,38.233333587646484,38.66666793823242,38.233333587646484,38.356666564941406,23.868818283081055,161700,0.0
2001-10-12,38.356666564941406,38.366668701171875,37.75,38.2599983215332,23.808643341064453,48000,0.0
2001-10-15,38.0,38.33333206176758,37.823333740234375,38.33333206176758,23.854290008544922,266700,0.0
2001-10-16,38.43333435058594,38.69333267211914,38.323333740234375,38.573333740234375,24.003629684448242,316500,0.0
2001-10-17,38.75,38.78333282470703,37.84000015258789,37.84333419799805,23.549375534057617,277800,0.0
2001-10-18,37.70000076293945,37.87666702270508,37.58333206176758,37.58333206176758,23.387592315673828,176700,0.0
2001-10-19,37.43333435058594,37.96666717529297,37.42333221435547,37.849998474121094,23.553510665893555,178200,0.0
2001-10-22,37.83333206176758,38.349998474121094,37.83333206176758,38.186668395996094,23.76302146911621,284100,0.0
2001-10-23,38.41666793823242,38.459999084472656,37.973331451416016,37.9900016784668,23.640628814697266,62700,0.0
2001-10-24,38.0,38.09333419799805,37.823333740234375,37.900001525878906,23.58462905883789,277200,0.0
2001-10-25,37.83333206176758,38.516666412353516,37.436668395996094,38.46666717529297,23.937259674072266,77400,0.0
2001-10-26,38.46666717529297,38.83333206176758,38.46666717529297,38.79999923706055,24.144689559936523,75300,0.0
2001-10-29,38.720001220703125,38.720001220703125,37.900001525878906,37.900001525878906,23.58462905883789,1145400,0.0
2001-10-30,37.78333282470703,37.82666778564453,37.349998474121094,37.66666793823242,23.439451217651367,94500,0.0
2001-10-31,37.66666793823242,38.11000061035156,37.66666793823242,37.983333587646484,23.636489868164062,181800,0.0
2001-11-01,38.099998474121094,38.5,37.71666717529297,38.5,23.9580135345459,363000,0.0
2001-11-02,38.41999816894531,38.633331298828125,38.28333282470703,38.28333282470703,23.82317352294922,240300,0.0
2001-11-05,38.75,38.880001068115234,38.53333282470703,38.616668701171875,24.030597686767578,339900,0.0
2001-11-06,38.6966667175293,39.20000076293945,38.53333282470703,39.20000076293945,24.393619537353516,192300,0.0
2001-11-07,39.150001525878906,39.31666564941406,38.79999923706055,38.83333206176758,24.165441513061523,149400,0.0
2001-11-08,38.866668701171875,39.279998779296875,38.616668701171875,38.95000076293945,24.238035202026367,223800,0.0
2001-11-09,38.883331298828125,38.90999984741211,38.619998931884766,38.706668853759766,24.086618423461914,85500,0.0
2001-11-12,38.5,39.0099983215332,38.35333251953125,38.94333267211914,24.233896255493164,351000,0.0
2001-11-13,39.16666793823242,39.56666564941406,39.0533332824707,39.56666564941406,24.621782302856445,349500,0.0
2001-11-14,39.766666412353516,40.029998779296875,39.5,39.96666717529297,24.87070083618164,370200,0.0
2001-11-15,39.96666717529297,40.099998474121094,39.78666687011719,39.836666107177734,24.78978729248047,111300,0.0
2001-11-16,39.836666107177734,40.116668701171875,39.77333450317383,40.06666564941406,24.93291473388672,123000,0.0
2001-11-19,40.16666793823242,40.33333206176758,40.003334045410156,40.33333206176758,25.098867416381836,235200,0.0
2001-11-20,40.33333206176758,40.46333312988281,40.04999923706055,40.04999923706055,24.92254638671875,111300,0.0
2001-11-21,40.16666793823242,40.16666793823242,39.836666107177734,40.099998474121094,24.953655242919922,54600,0.0
2001-11-23,40.393333435058594,40.66666793823242,40.393333435058594,40.56666564941406,25.244064331054688,254700,0.0
2001-11-26,40.650001525878906,40.779998779296875,40.383331298828125,40.6533317565918,25.298002243041992,69300,0.0
2001-11-27,40.66666793823242,40.82666778564453,40.41666793823242,40.52000045776367,25.215028762817383,162000,0.0
2001-11-28,40.52000045776367,40.52000045776367,40.16999816894531,40.209999084472656,25.02210235595703,142800,0.0
2001-11-29,40.266666412353516,40.96666717529297,40.13666534423828,40.96666717529297,25.49297523498535,191700,0.0
2001-11-30,40.88666534423828,41.043331146240234,40.66666793823242,40.66666793823242,25.30628204345703,98700,0.0
2001-12-03,40.53333282470703,40.54999923706055,40.20000076293945,40.54999923706055,25.233692169189453,123000,0.0
2001-12-04,40.54999923706055,41.26333236694336,40.5,41.26333236694336,25.677579879760742,113100,0.0
2001-12-05,41.41666793823242,42.150001525878906,41.41666793823242,41.95000076293945,26.104888916015625,176400,0.0
2001-12-06,42.116668701171875,42.46666717529297,42.016666412353516,42.46666717529297,26.426408767700195,498300,0.0
2001-12-07,42.349998474121094,42.53333282470703,42.18333435058594,42.223331451416016,26.274988174438477,282300,0.0
2001-12-10,42.16666793823242,42.349998474121094,41.516666412353516,41.650001525878906,25.918212890625,277500,0.0
2001-12-11,41.650001525878906,42.016666412353516,41.599998474121094,41.746665954589844,25.978364944458008,88500,0.0
2001-12-12,41.79999923706055,41.89666748046875,41.42333221435547,41.866668701171875,26.053041458129883,72300,0.0
2001-12-13,41.633331298828125,41.81666564941406,41.220001220703125,41.220001220703125,25.650617599487305,188700,0.0
2001-12-14,41.016666412353516,41.54999923706055,41.016666412353516,41.54999923706055,25.993440628051758,100800,0.218
2001-12-17,41.56666564941406,42.133331298828125,41.56666564941406,42.08333206176758,26.327102661132812,63600,0.0
2001-12-18,42.46666717529297,42.766666412353516,42.25,42.766666412353516,26.75458526611328,209100,0.0
2001-12-19,42.516666412353516,42.68333435058594,42.383331298828125,42.43333435058594,26.54606056213379,160500,0.0
2001-12-20,42.44333267211914,42.563331604003906,41.883331298828125,41.883331298828125,26.201974868774414,309300,0.0
2001-12-21,42.16666793823242,42.81666564941406,41.93333435058594,42.66666793823242,26.692026138305664,224100,0.0
2001-12-24,42.66666793823242,42.95000076293945,42.66666793823242,42.88666534423828,26.829654693603516,263400,0.0
2001-12-26,42.900001525878906,43.266666412353516,42.900001525878906,43.266666412353516,27.06739044189453,276600,0.0
2001-12-27,43.266666412353516,43.5,43.13999938964844,43.393333435058594,27.14661407470703,1319100,0.0
2001-12-28,43.41666793823242,43.49333190917969,43.25,43.25,27.056962966918945,749100,0.0
2001-12-31,43.28333282470703,43.46666717529297,42.66666793823242,42.66666793823242,26.692026138305664,402300,0.0
2002-01-02,43.0,43.063331604003906,42.17333221435547,42.983333587646484,26.890134811401367,469200,0.0
2002-01-03,43.0,43.483333587646484,42.96666717529297,43.483333587646484,27.202939987182617,216300,0.0
2002-01-04,43.66666793823242,44.063331604003906,43.5,43.849998474121094,27.43231201171875,203100,0.0
2002-01-07,43.983333587646484,44.01333236694336,43.366668701171875,43.366668701171875,27.129953384399414,211500,0.0
2002-01-08,43.43333435058594,43.71666717529297,43.1966667175293,43.71666717529297,27.348909378051758,294300,0.0
2002-01-09,44.0,44.233333587646484,43.46666717529297,43.54999923706055,27.244640350341797,399300,0.0
2002-01-10,43.58333206176758,43.68333435058594,43.40666580200195,43.56666564941406,27.255067825317383,156600,0.0
2002-01-11,43.70000076293945,43.78333282470703,43.130001068115234,43.130001068115234,26.98189353942871,121500,0.0
2002-01-14,43.18333435058594,43.18333435058594,42.5,42.5,26.587759017944336,125400,0.0
2002-01-15,42.733333587646484,43.0,42.5,43.0,26.900564193725586,205800,0.0
2002-01-16,42.766666412353516,42.893333435058594,42.366668701171875,42.366668701171875,26.504352569580078,177900,0.0
2002-01-17,42.70000076293945,43.099998474121094,42.41666793823242,43.099998474121094,26.963123321533203,102300,0.0
2002-01-18,42.83333206176758,42.95000076293945,42.369998931884766,42.37333297729492,26.508522033691406,166500,0.0
2002-01-22,42.633331298828125,42.65999984741211,42.16666793823242,42.16666793823242,26.379213333129883,80400,0.0
2002-01-23,42.143333435058594,42.746665954589844,42.0,42.599998474121094,26.650318145751953,451500,0.0
2002-01-24,42.81666564941406,43.04666519165039,42.68333435058594,42.88666534423828,26.829654693603516,128100,0.0
2002-01-25,42.83333206176758,43.060001373291016,42.633331298828125,42.93333435058594,26.858861923217773,279900,0.0
2002-01-28,42.91666793823242,43.290000915527344,42.91666793823242,43.290000915527344,27.08198356628418,423900,0.0
2002-01-29,43.290000915527344,43.383331298828125,42.45333480834961,42.54999923706055,26.619035720825195,177600,0.0
2002-01-30,42.79999923706055,43.3466682434082,42.356666564941406,43.266666412353516,27.06739044189453,792600,0.0
2002-01-31,43.400001525878906,43.41666793823242,43.099998474121094,43.41666793823242,27.161226272583008,482700,0.0
2002-02-01,43.483333587646484,43.6966667175293,43.189998626708984,43.43333435058594,27.171659469604492,259200,0.0
2002-02-04,43.20000076293945,43.20000076293945,42.516666412353516,42.66666793823242,26.692026138305664,251400,0.0
2002-02-05,42.650001525878906,42.776668548583984,42.35333251953125,42.68333435058594,26.702449798583984,156600,0.0
2002-02-06,42.54999923706055,42.650001525878906,42.016666412353516,42.25,26.43136978149414,596100,0.0
2002-02-07,42.33333206176758,42.36000061035156,41.87666702270508,41.95000076293945,26.243690490722656,360300,0.0
2002-02-08,42.08333206176758,42.70000076293945,41.883331298828125,42.70000076293945,26.712890625,371700,0.0
2002-02-11,42.779998779296875,43.133331298828125,42.66666793823242,43.029998779296875,26.919330596923828,247800,0.0
2002-02-12,42.88999938964844,43.22999954223633,42.706668853759766,43.07666778564453,26.94852638244629,453300,0.0
2002-02-13,43.150001525878906,43.426666259765625,43.073333740234375,43.33333206176758,27.109081268310547,177000,0.0
2002-02-14,43.54999923706055,43.59333419799805,43.03333282470703,43.20000076293945,27.02567481994629,122700,0.0
2002-02-15,43.18333435058594,43.380001068115234,42.7400016784668,43.16666793823242,27.00482940673828,210000,0.0
2002-02-19,42.83333206176758,43.04666519165039,42.400001525878906,42.56666564941406,26.629480361938477,324000,0.0
2002-02-20,42.5,43.33000183105469,42.34000015258789,43.33000183105469,27.10702133178711,224400,0.0
2002-02-21,43.25,43.349998474121094,42.483333587646484,42.483333587646484,26.57733154296875,179100,0.0
2002-02-22,42.616668701171875,43.313331604003906,42.46666717529297,43.25666809082031,27.061132431030273,264300,0.0
2002-02-25,43.336666107177734,43.516666412353516,43.150001525878906,43.5,27.213363647460938,207900,0.0
2002-02-26,43.53333282470703,43.900001525878906,43.400001525878906,43.733333587646484,27.359338760375977,230400,0.0
2002-02-27,43.93333435058594,44.143333435058594,43.80666732788086,43.91999816894531,27.476106643676758,484800,0.0
2002-02-28,44.06666564941406,44.06666564941406,43.55666732788086,43.56666564941406,27.255067825317383,350100,0.0
2002-03-01,43.66666793823242,44.46666717529297,43.66666793823242,44.459999084472656,27.813940048217773,136500,0.0
2002-03-04,44.599998474121094,45.279998779296875,44.516666412353516,45.04999923706055,28.183032989501953,580500,0.0
2002-03-05,45.116668701171875,45.426666259765625,44.883331298828125,45.03333282470703,28.172592163085938,268500,0.0
2002-03-06,45.11333465576172,45.813331604003906,45.0,45.79666519165039,28.6501407623291,417600,0.0
2002-03-07,46.0,46.08333206176758,45.70000076293945,45.93333435058594,28.735628128051758,541200,0.0
2002-03-08,46.1966667175293,46.26333236694336,45.79999923706055,46.03333282470703,28.840482711791992,913200,0.067333
2002-03-11,45.900001525878906,46.21666717529297,45.66666793823242,46.06666564941406,28.86136245727539,208800,0.0
2002-03-12,45.78333282470703,46.133331298828125,45.58333206176758,46.060001373291016,28.85717010498047,348000,0.0
2002-03-13,45.95000076293945,45.99333190917969,45.66666793823242,45.80666732788086,28.698469161987305,190500,0.0
2002-03-14,45.866668701171875,46.143333435058594,45.733333587646484,46.06666564941406,28.86136245727539,597300,0.0
2002-03-15,46.0,46.45000076293945,45.80666732788086,46.16666793823242,28.924026489257812,313800,0.0
2002-03-18,46.266666412353516,46.68333435058594,46.09000015258789,46.4033317565918,29.072277069091797,333900,0.0
2002-03-19,46.633331298828125,46.776668548583984,46.336666107177734,46.733333587646484,29.279033660888672,382500,0.0
2002-03-20,46.650001525878906,46.68000030517578,46.206668853759766,46.28333282470703,28.997095108032227,257100,0.0
2002-03-21,46.25,46.79999923706055,46.06999969482422,46.766666412353516,29.29991340637207,227100,0.0
2002-03-22,46.766666412353516,47.0,46.41999816894531,46.41999816894531,29.082714080810547,580800,0.0
2002-03-25,46.43333435058594,46.54999923706055,45.849998474121094,45.93333435058594,28.777816772460938,489600,0.0
2002-03-26,45.96666717529297,46.459999084472656,45.96666717529297,46.43333435058594,29.091081619262695,639900,0.0
2002-03-27,46.633331298828125,47.06666564941406,46.58333206176758,47.06666564941406,29.487865447998047,277500,0.0
2002-03-28,47.099998474121094,47.33333206176758,46.633331298828125,46.633331298828125,29.216381072998047,475500,0.0
2002-04-01,46.83333206176758,46.97999954223633,46.16999816894531,46.766666412353516,29.29991340637207,564300,0.0
2002-04-02,46.66666793823242,46.883331298828125,46.503334045410156,46.616668701171875,29.2059383392334,483600,0.0
2002-04-03,46.616668701171875,46.7599983215332,46.266666412353516,46.41666793823242,29.08063507080078,1037100,0.0
2002-04-04,46.18333435058594,46.67333221435547,46.150001525878906,46.53333282470703,29.153728485107422,291000,0.0
2002-04-05,46.616668701171875,46.983333587646484,46.616668701171875,46.66666793823242,29.237272262573242,1159200,0.0
2002-04-08,46.516666412353516,47.22999954223633,46.33000183105469,47.22999954223633,29.590206146240234,241800,0.0
2002-04-09,47.150001525878906,47.58000183105469,47.133331298828125,47.41666793823242,29.70716094970703,1047600,0.0
2002-04-10,47.46666717529297,48.25,47.46666717529297,48.25,30.22924041748047,957000,0.0
2002-04-11,48.16999816894531,48.29999923706055,47.599998474121094,47.599998474121094,29.822017669677734,1177500,0.0
2002-04-12,47.849998474121094,48.78333282470703,47.67333221435547,48.66666793823242,30.49028778076172,606600,0.0
2002-04-15,48.93333435058594,49.01333236694336,48.27000045776367,48.356666564941406,30.296056747436523,1004100,0.0
2002-04-16,48.66666793823242,49.266666412353516,48.599998474121094,49.16666793823242,30.803539276123047,539700,0.0
2002-04-17,49.366668701171875,49.366668701171875,48.77333450317383,48.866668701171875,30.615591049194336,713100,0.0
2002-04-18,48.866668701171875,48.96333312988281,48.27000045776367,48.68000030517578,30.498638153076172,317100,0.0
2002-04-19,48.79999923706055,48.866668701171875,48.52333450317383,48.633331298828125,30.469409942626953,187200,0.0
2002-04-22,48.366668701171875,48.46666717529297,48.0533332824707,48.150001525878906,30.166587829589844,608400,0.0
2002-04-23,48.133331298828125,48.31666564941406,48.0,48.25,30.22924041748047,394500,0.0
2002-04-24,48.31666564941406,48.633331298828125,47.81666564941406,47.88666534423828,30.001615524291992,592200,0.0
2002-04-25,47.733333587646484,48.28333282470703,47.54999923706055,48.28333282470703,30.250123977661133,351600,0.0
2002-04-26,48.20000076293945,48.313331604003906,47.53333282470703,47.53333282470703,29.780250549316406,207900,0.0
2002-04-29,47.75,47.779998779296875,47.45000076293945,47.55666732788086,29.79485511779785,628500,0.0
2002-04-30,47.849998474121094,48.58333206176758,47.81666564941406,48.5,30.3858699798584,935100,0.0
2002-05-01,48.633331298828125,48.883331298828125,48.0,48.766666412353516,30.552940368652344,412200,0.0
2002-05-02,48.766666412353516,49.349998474121094,48.76333236694336,49.33333206176758,30.907962799072266,909900,0.0
2002-05-03,49.233333587646484,49.36333465576172,48.849998474121094,49.133331298828125,30.782657623291016,793800,0.0
2002-05-06,49.133331298828125,49.33333206176758,48.33333206176758,48.41666793823242,30.333681106567383,747000,0.0
2002-05-07,48.54999923706055,48.599998474121094,48.119998931884766,48.133331298828125,30.156166076660156,551100,0.0
2002-05-08,48.66666793823242,48.900001525878906,48.366668701171875,48.900001525878906,30.636476516723633,402900,0.0
2002-05-09,48.70000076293945,48.83333206176758,48.06666564941406,48.06666564941406,30.114395141601562,275400,0.0
2002-05-10,48.06666564941406,48.08333206176758,47.233333587646484,47.233333587646484,29.592296600341797,440400,0.0
2002-05-13,47.33333206176758,47.883331298828125,47.25,47.82666778564453,29.96403694152832,1124400,0.0
2002-05-14,48.150001525878906,49.016666412353516,48.016666412353516,48.96666717529297,30.678239822387695,697200,0.0
2002-05-15,48.78333282470703,49.209999084472656,48.586666107177734,49.04999923706055,30.730457305908203,500700,0.0
2002-05-16,48.970001220703125,49.016666412353516,48.18333435058594,48.42333221435547,30.33783531188965,1073100,0.0
2002-05-17,48.5,48.599998474121094,48.016666412353516,48.59333419799805,30.444366455078125,3598200,0.0
2002-05-20,48.33333206176758,48.483333587646484,47.96666717529297,47.96666717529297,30.05173683166504,813900,0.0
2002-05-21,48.04666519165039,48.25,47.266666412353516,47.43000030517578,29.715499877929688,606600,0.0
2002-05-22,47.29999923706055,47.650001525878906,46.95000076293945,47.22999954223633,29.590206146240234,522600,0.0
2002-05-23,47.31666564941406,48.130001068115234,47.0,47.96666717529297,30.05173683166504,970500,0.0
2002-05-24,47.900001525878906,48.016666412353516,47.41666793823242,47.41666793823242,29.70716094970703,808200,0.0
2002-05-28,47.5,47.560001373291016,46.75666809082031,47.310001373291016,29.640316009521484,667500,0.0
2002-05-29,47.150001525878906,47.266666412353516,46.75,46.866668701171875,29.362579345703125,498000,0.0
2002-05-30,46.866668701171875,47.22666549682617,46.53333282470703,46.93333435058594,29.404327392578125,830700,0.0
2002-05-31,47.0,47.543331146240234,46.96666717529297,46.96666717529297,29.425220489501953,771300,0.0
2002-06-03,46.866668701171875,46.91666793823242,45.766666412353516,45.79999923706055,28.694278717041016,861300,0.0
2002-06-04,45.66666793823242,45.883331298828125,45.16666793823242,45.766666412353516,28.673418045043945,1339500,0.0
2002-06-05,45.83333206176758,46.04666519165039,45.58333206176758,45.900001525878906,28.756946563720703,643500,0.0
2002-06-06,45.95000076293945,45.95000076293945,45.03333282470703,45.03333282470703,28.213943481445312,343800,0.0
2002-06-07,44.79999923706055,45.86333465576172,44.75,45.71666717529297,28.642087936401367,726000,0.0
2002-06-10,45.63666534423828,46.0,45.41666793823242,45.43333435058594,28.46455955505371,534300,0.0
2002-06-11,45.83333206176758,45.913333892822266,45.003334045410156,45.116668701171875,28.26617431640625,661200,0.0
2002-06-12,45.0,45.28333282470703,44.650001525878906,45.25,28.349693298339844,373500,0.0
2002-06-13,45.08333206176758,45.33333206176758,44.46666717529297,44.5533332824707,27.913232803344727,267600,0.0
2002-06-14,44.08333206176758,44.6966667175293,43.5,44.616668701171875,28.096908569335938,479100,0.228333
2002-06-17,44.81666564941406,45.78333282470703,44.81666564941406,45.78333282470703,28.831592559814453,723000,0.0
2002-06-18,45.599998474121094,46.116668701171875,45.46666717529297,45.83333206176758,28.863079071044922,210300,0.0
2002-06-19,45.516666412353516,46.15666580200195,45.0,45.03333282470703,28.35930824279785,1110900,0.0
2002-06-20,45.20000076293945,45.71666717529297,44.926666259765625,45.16666793823242,28.443252563476562,625500,0.0
2002-06-21,45.43333435058594,45.68333435058594,45.133331298828125,45.383331298828125,28.579715728759766,1765200,0.0
2002-06-24,45.33333206176758,45.68333435058594,44.71666717529297,45.18333435058594,28.45376968383789,2941200,0.0
2002-06-25,45.41666793823242,45.77333450317383,44.540000915527344,44.633331298828125,28.107406616210938,1341000,0.0
2002-06-26,44.0,44.93333435058594,43.75,44.83333206176758,28.233346939086914,1006200,0.0
2002-06-27,45.133331298828125,45.459999084472656,44.43333435058594,45.18333435058594,28.45376968383789,340500,0.0
2002-06-28,45.150001525878906,45.83000183105469,45.150001525878906,45.29999923706055,28.5272274017334,1249800,0.0
2002-07-01,45.383331298828125,45.43333435058594,44.400001525878906,44.5,28.023435592651367,483900,0.0
2002-07-02,44.599998474121094,44.599998474121094,43.106666564941406,43.106666564941406,27.14599609375,1081500,0.0
2002-07-03,42.83333206176758,43.18333435058594,42.10333251953125,42.599998474121094,26.826950073242188,1857900,0.0
2002-07-05,42.93333435058594,43.83000183105469,42.9033317565918,43.65999984741211,27.494464874267578,124500,0.0
2002-07-08,43.79999923706055,44.04666519165039,43.133331298828125,43.25,27.236270904541016,524700,0.0
2002-07-09,43.233333587646484,43.53333282470703,42.78333282470703,42.849998474121094,26.9843692779541,550200,0.0
2002-07-10,42.883331298828125,42.883331298828125,41.900001525878906,41.9033317565918,26.388208389282227,617100,0.0
2002-07-11,41.766666412353516,41.866668701171875,40.91666793823242,41.483333587646484,26.12371063232422,1701300,0.0
2002-07-12,41.70000076293945,41.996665954589844,40.866668701171875,41.0,25.81934928894043,371100,0.0
2002-07-15,40.66666793823242,40.766666412353516,39.349998474121094,40.69333267211914,25.626218795776367,1542600,0.0
2002-07-16,40.54999923706055,40.900001525878906,39.9033317565918,40.18333435058594,25.305055618286133,859200,0.0
2002-07-17,40.83333206176758,41.0,39.71666717529297,40.45000076293945,25.473003387451172,430200,0.0
2002-07-18,40.45000076293945,40.599998474121094,39.133331298828125,39.21666717529297,24.696304321289062,1672200,0.0
2002-07-19,38.900001525878906,39.11333465576172,38.003334045410156,38.27000045776367,24.10016441345215,784500,0.0
2002-07-22,38.16999816894531,38.66666793823242,37.06666564941406,37.470001220703125,23.596364974975586,1148700,0.0
2002-07-23,37.58333206176758,37.6966667175293,35.516666412353516,35.66666793823242,22.460739135742188,1188300,0.0
2002-07-24,34.5,37.400001525878906,34.5,37.33333206176758,23.51030158996582,1349400,0.0
2002-07-25,37.0,38.06666564941406,36.25,37.133331298828125,23.384347915649414,2524500,0.0
2002-07-26,37.46666717529297,37.95000076293945,37.133331298828125,37.95000076293945,23.898639678955078,1048500,0.0
2002-07-29,38.33333206176758,39.733333587646484,38.28333282470703,39.650001525878906,24.969200134277344,880800,0.0
2002-07-30,39.616668701171875,39.91666793823242,38.5,39.56666564941406,24.916725158691406,603900,0.0
2002-07-31,39.5,39.663333892822266,38.83333206176758,38.83333206176758,24.454910278320312,1317300,0.0
2002-08-01,38.766666412353516,39.016666412353516,38.400001525878906,38.56666564941406,24.286975860595703,665700,0.0
2002-08-02,38.616668701171875,38.616668701171875,37.349998474121094,37.383331298828125,23.54178810119629,1320000,0.0
2002-08-05,37.29999923706055,37.483333587646484,36.56666564941406,36.650001525878906,23.079975128173828,583200,0.0
2002-08-06,36.95000076293945,37.866668701171875,36.95000076293945,37.86000061035156,23.84196662902832,924900,0.0
2002-08-07,38.233333587646484,38.41666793823242,37.369998931884766,38.266666412353516,24.098052978515625,1026900,0.0
2002-08-08,38.16666793823242,38.883331298828125,37.91666793823242,38.83333206176758,24.454910278320312,495000,0.0
2002-08-09,38.59000015258789,38.956668853759766,38.33333206176758,38.78333282470703,24.423412322998047,309900,0.0
2002-08-12,38.28333282470703,38.79666519165039,38.0533332824707,38.650001525878906,24.339448928833008,147000,0.0
2002-08-13,38.400001525878906,38.75666809082031,37.599998474121094,37.599998474121094,23.678213119506836,275400,0.0
2002-08-14,37.766666412353516,38.71333312988281,37.20000076293945,38.65666580200195,24.343650817871094,520500,0.0
2002-08-15,38.883331298828125,38.93333435058594,38.366668701171875,38.75,24.40243148803711,462000,0.0
2002-08-16,38.616668701171875,39.31666564941406,38.383331298828125,39.16666793823242,24.664825439453125,639600,0.0
2002-08-19,39.233333587646484,39.66666793823242,39.10333251953125,39.5966682434082,24.93562126159668,299100,0.0
2002-08-20,39.516666412353516,39.516666412353516,39.099998474121094,39.16666793823242,24.664825439453125,962100,0.0
2002-08-21,39.246665954589844,40.08333206176758,39.233333587646484,40.06666564941406,25.231592178344727,437100,0.0
2002-08-22,40.0,40.46666717529297,39.836666107177734,40.27333450317383,25.36172866821289,254100,0.0
2002-08-23,40.086666107177734,40.246665954589844,39.31666564941406,39.31666564941406,24.759279251098633,449700,0.0
2002-08-26,39.54999923706055,40.366668701171875,39.20000076293945,40.36333465576172,25.41840934753418,651000,0.0
2002-08-27,40.36333465576172,40.46666717529297,39.41999816894531,39.41999816894531,24.824359893798828,1686600,0.0
2002-08-28,39.20000076293945,39.43333435058594,38.79999923706055,38.866668701171875,24.475900650024414,545400,0.0
2002-08-29,38.516666412353516,39.313331604003906,38.5,38.983333587646484,24.549375534057617,357900,0.0
2002-08-30,38.983333587646484,39.3466682434082,38.85333251953125,38.866668701171875,24.475900650024414,225600,0.0
2002-09-03,38.5,38.54666519165039,37.676666259765625,37.733333587646484,23.76219367980957,958500,0.0
2002-09-04,37.900001525878906,38.75,37.766666412353516,38.75,24.40243148803711,323700,0.0
2002-09-05,38.5,38.56666564941406,37.95333480834961,37.983333587646484,23.919633865356445,489300,0.0
2002-09-06,38.266666412353516,38.96666717529297,38.266666412353516,38.83333206176758,24.454910278320312,323400,0.0
2002-09-09,38.83333206176758,39.16666793823242,38.33333206176758,38.91666793823242,24.50739860534668,220200,0.0
2002-09-10,39.0,39.16666793823242,38.35333251953125,38.96333312988281,24.53676986694336,898800,0.0
2002-09-11,39.58333206176758,39.58333206176758,38.79999923706055,38.79999923706055,24.433916091918945,225900,0.0
2002-09-12,38.66666793823242,38.866668701171875,38.233333587646484,38.31666564941406,24.129549026489258,517500,0.0
2002-09-13,38.099998474121094,38.630001068115234,37.93333435058594,38.56666564941406,24.39329719543457,360900,0.167
2002-09-16,38.56666564941406,38.56666564941406,38.06666564941406,38.150001525878906,24.129749298095703,410100,0.0
2002-09-17,38.5,38.5,37.366668701171875,37.400001525878906,23.65536117553711,519000,0.0
2002-09-18,37.20000076293945,37.650001525878906,36.849998474121094,37.33333206176758,23.613216400146484,278700,0.0
2002-09-19,36.83333206176758,37.133331298828125,36.133331298828125,36.17333221435547,22.87952423095703,372000,0.0
2002-09-20,36.41666793823242,36.633331298828125,36.16999816894531,36.369998931884766,23.003915786743164,533700,0.0
2002-09-23,36.18333435058594,36.33333206176758,35.266666412353516,35.516666412353516,22.464189529418945,321300,0.0
2002-09-24,35.223331451416016,35.633331298828125,35.116668701171875,35.16999816894531,22.244915008544922,686400,0.0
2002-09-25,35.5,36.08333206176758,35.18333435058594,35.96666717529297,22.748802185058594,2178000,0.0
2002-09-26,36.116668701171875,36.76333236694336,36.116668701171875,36.76333236694336,23.252695083618164,1246500,0.0
2002-09-27,36.5,36.81666564941406,35.723331451416016,35.723331451416016,22.594884872436523,510900,0.0
2002-09-30,35.38999938964844,36.0,35.06666564941406,35.633331298828125,22.5379695892334,1425600,0.0
2002-10-01,35.96666717529297,36.56666564941406,35.253334045410156,36.56666564941406,23.128305435180664,578100,0.0
2002-10-02,36.44333267211914,36.599998474121094,35.66666793823242,35.75,22.61176872253418,699600,0.0
2002-10-03,35.75,36.25,35.400001525878906,35.400001525878906,22.390392303466797,237000,0.0
2002-10-04,35.616668701171875,35.616668701171875,34.35333251953125,34.41999816894531,21.770545959472656,362100,0.0
2002-10-07,34.54999923706055,34.56666564941406,33.45000076293945,33.63666534423828,21.275083541870117,1399800,0.0
2002-10-08,33.96666717529297,33.983333587646484,33.06999969482422,33.983333587646484,21.49435043334961,649800,0.0
2002-10-09,33.483333587646484,33.49333190917969,32.220001220703125,32.220001220703125,20.37904167175293,636600,0.0
2002-10-10,32.233333587646484,33.150001525878906,32.04999923706055,33.07666778564453,20.920894622802734,1290000,0.0
2002-10-11,33.383331298828125,34.21666717529297,33.383331298828125,33.866668701171875,21.420560836791992,1286400,0.0
2002-10-14,33.83333206176758,34.063331604003906,33.66999816894531,33.97999954223633,21.49224281311035,880800,0.0
2002-10-15,34.66666793823242,35.266666412353516,34.53666687011719,35.21666717529297,22.274433135986328,798600,0.0
2002-10-16,35.016666412353516,35.06666564941406,34.23666763305664,34.483333587646484,21.810604095458984,605400,0.0
2002-10-17,35.16666793823242,35.25666809082031,34.88666534423828,35.25666809082031,22.29973793029785,1201500,0.0
2002-10-18,35.266666412353516,35.5099983215332,35.063331604003906,35.33333206176758,22.348215103149414,1151100,0.0
2002-10-21,35.400001525878906,35.83333206176758,35.063331604003906,35.81666564941406,22.653932571411133,305400,0.0
2002-10-22,35.400001525878906,35.663333892822266,35.1533317565918,35.27000045776367,22.30815887451172,657900,0.0
2002-10-23,35.21666717529297,35.900001525878906,34.93333435058594,35.79999923706055,22.643394470214844,561000,0.0
2002-10-24,36.0,36.0966682434082,35.503334045410156,35.633331298828125,22.5379695892334,807900,0.0
2002-10-25,35.46666717529297,36.33333206176758,35.46666717529297,36.33333206176758,22.98072624206543,547200,0.0
2002-10-28,36.54999923706055,36.5966682434082,35.79999923706055,35.939998626708984,22.73192024230957,1551300,0.0
2002-10-29,35.83333206176758,36.08000183105469,35.29999923706055,36.08000183105469,22.820476531982422,967800,0.0
2002-10-30,36.116668701171875,36.383331298828125,35.883331298828125,36.33333206176758,22.98072624206543,1079400,0.0
2002-10-31,36.516666412353516,36.633331298828125,36.20333480834961,36.35333251953125,22.993364334106445,2055300,0.0
2002-11-01,36.16666793823242,37.30666732788086,36.16666793823242,37.30666732788086,23.596349716186523,1106100,0.0
2002-11-04,37.650001525878906,37.93333435058594,37.33333206176758,37.43000030517578,23.674345016479492,681000,0.0
2002-11-05,37.349998474121094,37.61000061035156,37.206668853759766,37.51333236694336,23.72707748413086,450900,0.0
2002-11-06,37.68333435058594,38.16666793823242,37.45333480834961,38.099998474121094,24.098133087158203,674100,0.0
2002-11-07,37.733333587646484,37.733333587646484,37.16666793823242,37.279998779296875,23.5794734954834,1387500,0.0
2002-11-08,37.266666412353516,37.4466667175293,36.650001525878906,36.80666732788086,23.28009796142578,564900,0.0
2002-11-11,36.68333435058594,36.68333435058594,35.9033317565918,35.9900016784668,22.76356315612793,498600,0.0
2002-11-12,36.06999969482422,36.83000183105469,36.06666564941406,36.5,23.08613395690918,504300,0.0
2002-11-13,36.266666412353516,36.93333435058594,36.0,36.68000030517578,23.19999122619629,836400,0.0
2002-11-14,36.91666793823242,37.400001525878906,36.856666564941406,37.29999923706055,23.592138290405273,900600,0.0
2002-11-15,37.20000076293945,37.66666793823242,37.16666793823242,37.5,23.718631744384766,183000,0.0
2002-11-18,37.75,37.75,36.900001525878906,37.0,23.402387619018555,462300,0.0
2002-11-19,36.83333206176758,37.233333587646484,36.68333435058594,36.83333206176758,23.29697608947754,228300,0.0
2002-11-20,36.83333206176758,37.83000183105469,36.75,37.83000183105469,23.927345275878906,501300,0.0
2002-11-21,37.96666717529297,38.45000076293945,37.810001373291016,38.4466667175293,24.317405700683594,1224300,0.0
2002-11-22,38.21666717529297,38.79999923706055,38.14666748046875,38.630001068115234,24.4333553314209,340800,0.0
2002-11-25,38.630001068115234,39.01333236694336,38.4033317565918,38.836666107177734,24.564064025878906,378300,0.0
2002-11-26,38.836666107177734,38.9466667175293,38.186668395996094,38.54999923706055,24.38274383544922,666000,0.0
2002-11-27,38.83333206176758,39.676666259765625,38.79999923706055,39.676666259765625,25.095365524291992,762900,0.0
2002-11-29,39.733333587646484,39.779998779296875,39.116668701171875,39.14666748046875,24.7601375579834,156000,0.0
2002-12-02,39.616668701171875,39.9466667175293,39.116668701171875,39.43333435058594,24.941463470458984,945600,0.0
2002-12-03,39.33333206176758,39.33333206176758,38.849998474121094,38.95000076293945,24.63574981689453,500700,0.0
2002-12-04,38.53333282470703,39.0,38.266666412353516,38.5966682434082,24.412261962890625,213000,0.0
2002-12-05,38.75,38.75,38.20333480834961,38.31666564941406,24.23517417907715,287100,0.0
2002-12-06,37.91666793823242,38.71666717529297,37.883331298828125,38.46666717529297,24.330049514770508,444000,0.0
2002-12-09,38.33333206176758,38.380001068115234,37.58333206176758,37.71333312988281,23.85355567932129,227700,0.0
2002-12-10,37.883331298828125,38.496665954589844,37.73666763305664,38.439998626708984,24.313182830810547,309900,0.0
2002-12-11,38.150001525878906,38.616668701171875,38.150001525878906,38.366668701171875,24.26679801940918,410400,0.0
2002-12-12,38.383331298828125,38.72999954223633,38.35333251953125,38.573333740234375,24.397502899169922,826500,0.0
2002-12-13,38.16666793823242,38.233333587646484,37.599998474121094,37.75,24.027080535888672,684300,0.241333
2002-12-16,37.66666793823242,38.33333206176758,37.66666793823242,38.33333206176758,24.398366928100586,286200,0.0
2002-12-17,38.29999923706055,38.366668701171875,37.866668701171875,38.08333206176758,24.239240646362305,370200,0.0
2002-12-18,37.983333587646484,37.983333587646484,37.23666763305664,37.29999923706055,23.740657806396484,915900,0.0
2002-12-19,37.53333282470703,37.75,37.23666763305664,37.46666717529297,23.84674835205078,1789200,0.0
2002-12-20,37.66666793823242,37.779998779296875,37.529998779296875,37.71333312988281,24.003738403320312,631800,0.0
2002-12-23,37.54999923706055,38.08333206176758,37.5,37.95000076293945,24.15438461303711,308400,0.0
2002-12-24,37.733333587646484,38.01333236694336,37.733333587646484,37.78333282470703,24.048301696777344,442500,0.0
2002-12-26,37.83333206176758,38.25,37.66666793823242,37.849998474121094,24.09072494506836,529200,0.0
2002-12-27,37.66666793823242,37.79999923706055,37.349998474121094,37.36000061035156,23.77884864807129,773400,0.0
2002-12-30,37.400001525878906,37.45000076293945,36.88666534423828,37.29999923706055,23.740657806396484,460800,0.0
2002-12-31,37.33333206176758,37.883331298828125,37.03666687011719,37.16666793823242,23.655797958374023,1760700,0.0
2003-01-02,37.5,38.26333236694336,37.28333282470703,38.26333236694336,24.353816986083984,1071900,0.0
2003-01-03,38.18333435058594,38.18333435058594,37.836666107177734,38.08333206176758,24.239240646362305,323700,0.0
2003-01-06,38.003334045410156,38.71666717529297,38.003334045410156,38.496665954589844,24.5023250579834,1029300,0.0
2003-01-07,38.46666717529297,38.560001373291016,37.866668701171875,38.20000076293945,24.313505172729492,396600,0.0
2003-01-08,38.0,38.03333282470703,37.70000076293945,37.849998474121094,24.09072494506836,376800,0.0
2003-01-09,37.96666717529297,38.47999954223633,37.96666717529297,38.266666412353516,24.35592269897461,867300,0.0
2003-01-10,38.16666793823242,38.4900016784668,38.016666412353516,38.336666107177734,24.400476455688477,451200,0.0
2003-01-13,38.56666564941406,38.599998474121094,38.003334045410156,38.313331604003906,24.385635375976562,605100,0.0
2003-01-14,38.33333206176758,38.650001525878906,38.20000076293945,38.56999969482422,24.548999786376953,947100,0.0
2003-01-15,38.5,38.599998474121094,38.10333251953125,38.366668701171875,24.419570922851562,626100,0.0
2003-01-16,38.41666793823242,38.650001525878906,38.13666534423828,38.313331604003906,24.385635375976562,1083000,0.0
2003-01-17,38.05666732788086,38.18333435058594,37.483333587646484,37.663333892822266,23.9719181060791,265800,0.0
2003-01-21,37.70000076293945,37.70000076293945,37.099998474121094,37.22999954223633,23.696117401123047,478200,0.0
2003-01-22,37.06666564941406,37.26333236694336,36.66666793823242,36.883331298828125,23.475465774536133,393600,0.0
2003-01-23,37.016666412353516,37.33333206176758,36.849998474121094,37.133331298828125,23.63459014892578,1433700,0.0
2003-01-24,37.0,37.003334045410156,36.4033317565918,36.4900016784668,23.22511863708496,393000,0.0
2003-01-27,36.20000076293945,36.44333267211914,35.78666687011719,35.883331298828125,22.838987350463867,253800,0.0
2003-01-28,36.03333282470703,36.400001525878906,35.599998474121094,36.21666717529297,23.05113983154297,991800,0.0
2003-01-29,36.016666412353516,36.56666564941406,35.633331298828125,36.43333435058594,23.189056396484375,351900,0.0
2003-01-30,36.383331298828125,36.56666564941406,35.650001525878906,35.8033332824707,22.788066864013672,601800,0.0
2003-01-31,35.633331298828125,36.33000183105469,35.633331298828125,36.23666763305664,23.06386947631836,172800,0.0
2003-02-03,36.23666763305664,36.51333236694336,35.9900016784668,36.02000045776367,22.925975799560547,845700,0.0
2003-02-04,35.96666717529297,36.03666687011719,35.470001220703125,36.03666687011719,22.936588287353516,646800,0.0
2003-02-05,36.116668701171875,36.29666519165039,35.650001525878906,35.8466682434082,22.815656661987305,340800,0.0
2003-02-06,35.71666717529297,35.883331298828125,35.41999816894531,35.650001525878906,22.690471649169922,166500,0.0
2003-02-07,35.71666717529297,35.81666564941406,34.9033317565918,34.9033317565918,22.215238571166992,294900,0.0
2003-02-10,34.983333587646484,35.41666793823242,34.83333206176758,35.27000045776367,22.448617935180664,2126400,0.0
2003-02-11,35.33333206176758,35.47999954223633,34.836666107177734,35.06999969482422,22.321317672729492,397200,0.0
2003-02-12,35.03333282470703,35.22999954223633,34.66999816894531,34.70333480834961,22.087947845458984,138000,0.0
2003-02-13,34.62333297729492,34.72666549682617,34.28333282470703,34.66666793823242,22.06460952758789,209700,0.0
2003-02-14,34.586666107177734,35.063331604003906,34.543331146240234,34.96666717529297,22.25554656982422,357900,0.0
2003-02-18,35.02000045776367,35.58333206176758,35.02000045776367,35.58333206176758,22.648038864135742,115200,0.0
2003-02-19,35.33333206176758,35.496665954589844,34.836666107177734,35.05666732788086,22.312835693359375,181500,0.0
2003-02-20,35.03333282470703,35.03666687011719,34.8033332824707,35.00666809082031,22.281009674072266,142800,0.0
2003-02-21,34.849998474121094,35.58333206176758,34.720001220703125,35.413333892822266,22.53984260559082,244500,0.0
2003-02-24,35.31666564941406,35.31666564941406,34.75,34.79999923706055,22.149473190307617,285600,0.0
2003-02-25,34.6966667175293,35.25,34.42333221435547,35.25,22.435882568359375,432600,0.0
2003-02-26,35.12666702270508,35.12666702270508,34.676666259765625,34.8033332824707,22.151594161987305,75600,0.0
2003-02-27,35.06666564941406,35.349998474121094,34.849998474121094,35.073333740234375,22.323442459106445,175500,0.0
2003-02-28,35.16666793823242,35.456668853759766,34.95333480834961,35.133331298828125,22.36162567138672,492600,0.0
2003-03-03,35.18333435058594,35.44333267211914,34.71666717529297,35.0,22.276758193969727,753600,0.0
2003-03-04,34.996665954589844,34.996665954589844,34.58000183105469,34.70000076293945,22.08582305908203,208500,0.0
2003-03-05,34.619998931884766,34.83333206176758,34.503334045410156,34.6533317565918,22.05611228942871,244800,0.0
2003-03-06,34.58333206176758,34.72666549682617,34.349998474121094,34.43333435058594,21.916095733642578,109200,0.0
2003-03-07,34.03333282470703,34.633331298828125,34.0,34.529998779296875,22.050622940063477,427200,0.114
2003-03-10,34.3033332824707,34.3033332824707,33.733333587646484,33.900001525878906,21.64830780029297,258300,0.0
2003-03-11,33.79999923706055,34.18000030517578,33.58333206176758,33.633331298828125,21.478015899658203,254700,0.0
2003-03-12,33.71333312988281,33.779998779296875,33.383331298828125,33.72999954223633,21.53974723815918,378300,0.0
2003-03-13,33.849998474121094,34.5,33.81666564941406,34.5,22.03145980834961,204000,0.0
2003-03-14,34.650001525878906,34.733333587646484,34.30666732788086,34.496665954589844,22.029340744018555,63600,0.0
2003-03-17,34.233333587646484,35.33333206176758,34.223331451416016,35.33333206176758,22.563617706298828,513900,0.0
2003-03-18,35.45000076293945,35.56666564941406,35.06666564941406,35.5,22.67006492614746,376200,0.0
2003-03-19,35.53333282470703,35.68000030517578,35.33333206176758,35.66666793823242,22.7764949798584,169800,0.0
2003-03-20,35.616668701171875,36.003334045410156,35.003334045410156,35.75666809082031,22.833967208862305,300900,0.0
2003-03-21,36.099998474121094,36.496665954589844,35.836666107177734,36.43000030517578,23.26395034790039,415800,0.0
2003-03-24,35.93333435058594,35.959999084472656,35.45333480834961,35.58333206176758,22.723268508911133,243600,0.0
2003-03-25,35.5,36.08333206176758,35.5,35.95000076293945,22.957427978515625,152400,0.0
2003-03-26,35.869998931884766,35.95000076293945,35.35333251953125,35.45333480834961,22.640254974365234,296700,0.0
2003-03-27,35.483333587646484,35.74333190917969,35.21666717529297,35.68333435058594,22.787132263183594,267900,0.0
2003-03-28,35.650001525878906,35.82666778564453,35.483333587646484,35.66666793823242,22.7764949798584,585900,0.0
2003-03-31,35.43333435058594,35.68333435058594,35.00666809082031,35.33333206176758,22.563617706298828,486300,0.0
2003-04-01,35.33333206176758,35.766666412353516,35.16666793823242,35.766666412353516,22.840351104736328,518100,0.0
2003-04-02,36.04999923706055,36.5,35.956668853759766,36.29999923706055,23.180932998657227,174000,0.0
2003-04-03,36.526668548583984,36.529998779296875,36.25,36.25,23.14901351928711,225900,0.0
2003-04-04,36.33333206176758,36.529998779296875,36.16999816894531,36.189998626708984,23.110692977905273,166200,0.0
2003-04-07,36.766666412353516,37.163333892822266,36.33333206176758,36.41999816894531,23.257556915283203,156000,0.0
2003-04-08,36.52000045776367,36.56666564941406,36.223331451416016,36.33333206176758,23.20221710205078,140400,0.0
2003-04-09,36.483333587646484,36.76333236694336,35.98666763305664,36.21666717529297,23.127717971801758,460500,0.0
2003-04-10,36.31666564941406,36.43000030517578,36.099998474121094,36.21666717529297,23.127717971801758,466200,0.0
2003-04-11,36.46666717529297,36.61333465576172,36.03333282470703,36.03333282470703,23.010639190673828,519600,0.0
2003-04-14,36.176666259765625,36.7599983215332,36.176666259765625,36.650001525878906,23.404436111450195,207000,0.0
2003-04-15,36.616668701171875,36.900001525878906,36.560001373291016,36.83333206176758,23.52150535583496,167700,0.0
2003-04-16,37.063331604003906,37.06666564941406,36.66999816894531,36.66999816894531,23.417211532592773,148800,0.0
2003-04-17,36.880001068115234,37.33333206176758,36.78666687011719,37.16666793823242,23.73438262939453,215700,0.0
2003-04-21,37.366668701171875,37.46333312988281,37.12333297729492,37.40999984741211,23.8897705078125,366600,0.0
2003-04-22,37.18333435058594,38.06999969482422,37.18333435058594,37.9466667175293,24.232492446899414,232800,0.0
2003-04-23,38.08333206176758,38.33333206176758,37.9033317565918,38.28666687011719,24.449602127075195,219300,0.0
2003-04-24,38.150001525878906,38.380001068115234,37.91999816894531,38.08333206176758,24.319753646850586,419700,0.0
2003-04-25,38.073333740234375,38.073333740234375,37.6533317565918,37.733333587646484,24.09625244140625,96000,0.0
2003-04-28,37.849998474121094,38.483333587646484,37.733333587646484,38.36333465576172,24.49856185913086,135900,0.0
2003-04-29,38.42333221435547,38.66999816894531,38.33333206176758,38.436668395996094,24.54538917541504,331800,0.0
2003-04-30,38.28333282470703,38.81666564941406,38.20000076293945,38.61333465576172,24.658214569091797,242700,0.0
2003-05-01,38.69333267211914,38.746665954589844,38.116668701171875,38.56999969482422,24.630538940429688,493200,0.0
2003-05-02,38.58333206176758,39.413333892822266,38.58333206176758,39.34333419799805,25.1243839263916,328500,0.0
2003-05-05,39.516666412353516,39.65999984741211,39.366668701171875,39.61333465576172,25.296798706054688,137400,0.0
2003-05-06,39.5533332824707,39.97999954223633,39.54666519165039,39.87666702270508,25.464963912963867,286800,0.0
2003-05-07,39.93333435058594,39.983333587646484,39.66999816894531,39.75,25.38408088684082,115500,0.0
2003-05-08,39.650001525878906,39.71666717529297,39.29999923706055,39.46666717529297,25.203142166137695,420000,0.0
2003-05-09,39.53333282470703,40.00666809082031,39.53333282470703,39.97666549682617,25.52883529663086,175200,0.0
2003-05-12,40.05666732788086,40.516666412353516,39.936668395996094,40.4466667175293,25.828962326049805,412200,0.0
2003-05-13,40.483333587646484,40.73666763305664,40.186668395996094,40.59333419799805,25.922630310058594,256500,0.0
2003-05-14,40.75,40.793331146240234,40.46666717529297,40.61000061035156,25.933284759521484,203700,0.0
2003-05-15,40.79999923706055,40.849998474121094,40.5,40.8033332824707,26.05672264099121,402300,0.0
2003-05-16,40.77333450317383,40.810001373291016,40.33333206176758,40.33333206176758,25.756591796875,294000,0.0
2003-05-19,40.25,40.33333206176758,39.58333206176758,39.68333435058594,25.341508865356445,559800,0.0
2003-05-20,39.633331298828125,39.92333221435547,39.380001068115234,39.66666793823242,25.33087158203125,493800,0.0
2003-05-21,39.599998474121094,39.880001068115234,39.496665954589844,39.866668701171875,25.458576202392578,317700,0.0
2003-05-22,39.93333435058594,40.27333450317383,39.83000183105469,40.133331298828125,25.62887191772461,566100,0.0
2003-05-23,40.21333312988281,40.599998474121094,40.03333282470703,40.540000915527344,25.8885555267334,292500,0.0
2003-05-27,40.58333206176758,41.383331298828125,40.5,41.266666412353516,26.352609634399414,267900,0.0
2003-05-28,41.58333206176758,41.67333221435547,41.383331298828125,41.633331298828125,26.58675765991211,246000,0.0
2003-05-29,41.79999923706055,42.063331604003906,41.4033317565918,41.70000076293945,26.62933921813965,389700,0.0
2003-05-30,42.116668701171875,42.53666687011719,42.086666107177734,42.53666687011719,27.163625717163086,796500,0.0
2003-06-02,42.849998474121094,43.21333312988281,42.706668853759766,42.83333206176758,27.353071212768555,458400,0.0
2003-06-03,42.766666412353516,43.0,42.66666793823242,42.91666793823242,27.406293869018555,285900,0.0
2003-06-04,43.08333206176758,43.79999923706055,43.08333206176758,43.66666793823242,27.88524055480957,249300,0.0
2003-06-05,43.56666564941406,44.099998474121094,43.28333282470703,44.0,28.098098754882812,332400,0.0
2003-06-06,44.33333206176758,44.93000030517578,43.883331298828125,43.900001525878906,28.03423500061035,414000,0.0
2003-06-09,43.650001525878906,43.66999816894531,42.9033317565918,42.9033317565918,27.397777557373047,254700,0.0
2003-06-10,43.116668701171875,43.68000030517578,43.116668701171875,43.68000030517578,27.893753051757812,204300,0.0
2003-06-11,43.43333435058594,44.163333892822266,43.41666793823242,44.150001525878906,28.193880081176758,259800,0.0
2003-06-12,44.29999923706055,44.41666793823242,44.0,44.26333236694336,28.266263961791992,259800,0.0
2003-06-13,44.060001373291016,44.21666717529297,43.336666107177734,43.43333435058594,27.81414031982422,549900,0.124
2003-06-16,43.46666717529297,44.22999954223633,43.46666717529297,44.1966667175293,28.3029842376709,475800,0.0
2003-06-17,44.33333206176758,44.33333206176758,43.866668701171875,44.223331451416016,28.320066452026367,235500,0.0
2003-06-18,44.116668701171875,44.21333312988281,43.883331298828125,44.04999923706055,28.209056854248047,226500,0.0
2003-06-19,44.130001068115234,44.29999923706055,43.33333206176758,43.33333206176758,27.750097274780273,338700,0.0
2003-06-20,43.5,43.5,43.13999938964844,43.13999938964844,27.62628746032715,141300,0.0
2003-06-23,43.20000076293945,43.20000076293945,42.336666107177734,42.46666717529297,27.195114135742188,428700,0.0
2003-06-24,42.5,42.766666412353516,42.189998626708984,42.540000915527344,27.24207305908203,717000,0.0
2003-06-25,42.58333206176758,43.063331604003906,42.503334045410156,42.599998474121094,27.28049087524414,258300,0.0
2003-06-26,42.866668701171875,43.349998474121094,42.77000045776367,43.349998474121094,27.760784149169922,374400,0.0
2003-06-27,43.383331298828125,43.77000045776367,42.983333587646484,43.189998626708984,27.658309936523438,444600,0.0
2003-06-30,43.34000015258789,43.526668548583984,42.78333282470703,42.866668701171875,27.451274871826172,383400,0.0
2003-07-01,42.866668701171875,43.43333435058594,42.45000076293945,43.366668701171875,27.771451950073242,774000,0.0
2003-07-02,43.5,44.16666793823242,43.383331298828125,44.150001525878906,28.273094177246094,1742100,0.0
2003-07-03,44.150001525878906,44.18333435058594,43.88666534423828,44.04999923706055,28.209056854248047,822600,0.0
2003-07-07,44.29999923706055,44.68000030517578,44.29999923706055,44.59333419799805,28.556997299194336,817800,0.0
2003-07-08,44.67333221435547,45.349998474121094,44.526668548583984,45.26333236694336,28.98605728149414,315900,0.0
2003-07-09,45.233333587646484,45.51333236694336,44.900001525878906,45.4033317565918,29.075725555419922,157200,0.0
2003-07-10,45.366668701171875,45.366668701171875,44.540000915527344,44.663333892822266,28.6018123626709,210600,0.0
2003-07-11,44.849998474121094,45.29666519165039,44.849998474121094,45.266666412353516,28.988208770751953,211800,0.0
2003-07-14,45.53333282470703,45.79666519165039,45.29999923706055,45.43333435058594,29.094926834106445,212700,0.0
2003-07-15,45.66666793823242,45.66666793823242,45.06666564941406,45.33333206176758,29.030887603759766,276600,0.0
2003-07-16,45.366668701171875,45.46666717529297,44.93333435058594,45.16666793823242,28.924156188964844,120900,0.0
2003-07-17,44.95000076293945,45.163333892822266,44.0099983215332,44.016666412353516,28.187711715698242,387000,0.0
2003-07-18,44.20000076293945,44.51333236694336,43.96666717529297,44.400001525878906,28.433189392089844,239400,0.0
2003-07-21,44.383331298828125,44.383331298828125,43.56999969482422,43.849998474121094,28.080970764160156,139500,0.0
2003-07-22,43.900001525878906,44.31666564941406,43.66999816894531,44.233333587646484,28.326465606689453,553500,0.0
2003-07-23,44.400001525878906,44.46333312988281,43.83333206176758,44.400001525878906,28.433189392089844,282000,0.0
2003-07-24,44.643333435058594,44.956668853759766,44.28666687011719,44.3033332824707,28.371294021606445,152100,0.0
2003-07-25,44.366668701171875,44.746665954589844,44.08333206176758,44.573333740234375,28.544198989868164,156000,0.0
2003-07-28,44.6533317565918,45.133331298828125,44.6533317565918,45.03333282470703,28.838768005371094,215400,0.0
2003-07-29,45.06666564941406,45.313331604003906,44.606666564941406,45.03666687011719,28.840909957885742,64800,0.0
2003-07-30,45.08333206176758,45.20000076293945,44.720001220703125,44.95000076293945,28.7854061126709,141600,0.0
2003-07-31,45.08333206176758,45.61333465576172,45.0,45.099998474121094,28.881460189819336,1137000,0.0
2003-08-01,45.20000076293945,45.233333587646484,44.383331298828125,44.400001525878906,28.433189392089844,350700,0.0
2003-08-04,44.47999954223633,44.56666564941406,43.753334045410156,44.150001525878906,28.273094177246094,374100,0.0
2003-08-05,44.16666793823242,44.20000076293945,43.400001525878906,43.400001525878906,27.792804718017578,530700,0.0
2003-08-06,43.51333236694336,43.90666580200195,43.25,43.366668701171875,27.771451950073242,635100,0.0
2003-08-07,43.4466667175293,43.529998779296875,43.016666412353516,43.5099983215332,27.863237380981445,185400,0.0
2003-08-08,43.56666564941406,43.72666549682617,43.383331298828125,43.53333282470703,27.87818145751953,398700,0.0
2003-08-11,43.650001525878906,44.026668548583984,43.54999923706055,44.0,28.17704200744629,390000,0.0
2003-08-12,44.06666564941406,44.733333587646484,43.91999816894531,44.733333587646484,28.64664649963379,98700,0.0
2003-08-13,44.75,44.766666412353516,44.42333221435547,44.586666107177734,28.552734375,237300,0.0
2003-08-14,44.71666717529297,44.93333435058594,44.470001220703125,44.87666702270508,28.738454818725586,108900,0.0
2003-08-15,44.75,45.23666763305664,44.75,45.150001525878906,28.913469314575195,96600,0.0
2003-08-18,45.20000076293945,45.81666564941406,45.150001525878906,45.81666564941406,29.340404510498047,288900,0.0
2003-08-19,45.91666793823242,46.58333206176758,45.766666412353516,46.58333206176758,29.831375122070312,682500,0.0
2003-08-20,46.33333206176758,46.66666793823242,46.119998931884766,46.5099983215332,29.784421920776367,216000,0.0
2003-08-21,46.733333587646484,47.07666778564453,46.66666793823242,46.88666534423828,30.02562141418457,429300,0.0
2003-08-22,47.233333587646484,47.233333587646484,46.0533332824707,46.0533332824707,29.49195671081543,456300,0.0
2003-08-25,46.133331298828125,46.133331298828125,45.70000076293945,46.09333419799805,29.5175838470459,481200,0.0
2003-08-26,45.96666717529297,46.33333206176758,45.35333251953125,46.18333435058594,29.575206756591797,479700,0.0
2003-08-27,46.349998474121094,46.87666702270508,46.1533317565918,46.54999923706055,29.810016632080078,492600,0.0
2003-08-28,46.70000076293945,46.96666717529297,46.17333221435547,46.77000045776367,29.950916290283203,825900,0.0
2003-08-29,46.849998474121094,47.266666412353516,46.793331146240234,46.883331298828125,30.023475646972656,209100,0.0
2003-09-02,47.18333435058594,48.03333282470703,46.92333221435547,47.939998626708984,30.70015525817871,433800,0.0
2003-09-03,48.08333206176758,48.349998474121094,47.883331298828125,48.22666549682617,30.883731842041016,969900,0.0
2003-09-04,48.30666732788086,48.393333435058594,47.9900016784668,48.279998779296875,30.917898178100586,689100,0.0
2003-09-05,48.233333587646484,48.50666809082031,47.77333450317383,47.866668701171875,30.653194427490234,634200,0.0
2003-09-08,48.08333206176758,48.663333892822266,47.95333480834961,48.56666564941406,31.101465225219727,751800,0.0
2003-09-09,48.56666564941406,48.56666564941406,48.00666809082031,48.08333206176758,30.79195213317871,260400,0.0
2003-09-10,47.883331298828125,47.883331298828125,47.18333435058594,47.20000076293945,30.226282119750977,293100,0.0
2003-09-11,47.133331298828125,47.89666748046875,47.133331298828125,47.766666412353516,30.589153289794922,507000,0.0
2003-09-12,47.54999923706055,47.939998626708984,47.18000030517578,47.87666702270508,30.762449264526367,312600,0.159667
2003-09-15,47.91666793823242,48.10333251953125,47.59000015258789,47.66666793823242,30.62749671936035,287700,0.0
2003-09-16,47.81666564941406,48.349998474121094,47.81666564941406,48.29999923706055,31.034448623657227,211800,0.0
2003-09-17,48.03333282470703,48.34000015258789,47.8033332824707,48.16999816894531,30.950908660888672,210900,0.0
2003-09-18,48.21666717529297,48.58333206176758,47.96666717529297,48.58333206176758,31.21649932861328,187800,0.0
2003-09-19,48.503334045410156,48.79999923706055,48.40666580200195,48.61000061035156,31.23362922668457,153600,0.0
2003-09-22,48.099998474121094,48.46666717529297,47.91666793823242,48.116668701171875,30.91664695739746,427200,0.0
2003-09-23,48.116668701171875,48.68000030517578,48.09000015258789,48.5966682434082,31.22505760192871,192000,0.0
2003-09-24,48.616668701171875,48.75,47.733333587646484,47.779998779296875,30.700313568115234,392700,0.0
2003-09-25,47.96666717529297,47.96666717529297,46.606666564941406,46.606666564941406,29.946401596069336,445500,0.0
2003-09-26,46.650001525878906,46.733333587646484,46.03333282470703,46.03333282470703,29.578020095825195,773400,0.0
2003-09-29,46.16666793823242,46.733333587646484,45.66999816894531,46.733333587646484,30.027799606323242,2100900,0.0
2003-09-30,46.66666793823242,46.71333312988281,45.66999816894531,46.186668395996094,29.676549911499023,684600,0.0
2003-10-01,46.349998474121094,47.70000076293945,46.349998474121094,47.56666564941406,30.5632381439209,1278900,0.0
2003-10-02,47.66666793823242,48.06666564941406,47.586666107177734,47.866668701171875,30.756010055541992,333300,0.0
2003-10-03,48.25,48.71666717529297,48.25,48.5,31.162939071655273,514800,0.0
2003-10-06,48.66666793823242,49.03333282470703,48.400001525878906,49.03333282470703,31.50562858581543,350400,0.0
2003-10-07,48.883331298828125,49.31666564941406,48.599998474121094,49.31666564941406,31.687685012817383,401100,0.0
2003-10-08,49.16666793823242,49.310001373291016,48.66666793823242,48.81666564941406,31.366413116455078,681000,0.0
2003-10-09,49.233333587646484,49.913333892822266,48.91999816894531,49.116668701171875,31.559173583984375,613800,0.0
2003-10-10,49.43333435058594,49.483333587646484,48.77000045776367,49.20000076293945,31.612703323364258,419100,0.0
2003-10-13,49.400001525878906,50.1533317565918,49.400001525878906,49.90999984741211,32.06890869140625,489300,0.0
2003-10-14,49.883331298828125,50.366668701171875,49.766666412353516,50.366668701171875,32.36235809326172,297900,0.0
2003-10-15,50.516666412353516,50.54666519165039,49.75666809082031,49.95000076293945,32.094635009765625,747900,0.0
2003-10-16,49.866668701171875,50.3466682434082,49.81666564941406,50.22999954223633,32.27454376220703,244200,0.0
2003-10-17,50.25,50.349998474121094,49.33333206176758,49.33333206176758,31.698392868041992,1441200,0.0
2003-10-20,49.54999923706055,49.78333282470703,49.366668701171875,49.61000061035156,31.876155853271484,182700,0.0
2003-10-21,49.66666793823242,49.900001525878906,49.5,49.709999084472656,31.940404891967773,132600,0.0
2003-10-22,49.33333206176758,49.43000030517578,48.599998474121094,48.78333282470703,31.344993591308594,600600,0.0
2003-10-23,48.70000076293945,48.880001068115234,48.12333297729492,48.5,31.162939071655273,903900,0.0
2003-10-24,48.25,48.426666259765625,47.87666702270508,48.383331298828125,31.08798599243164,292500,0.0
2003-10-27,48.46333312988281,49.08333206176758,48.46333312988281,49.06666564941406,31.527053833007812,293400,0.0
2003-10-28,49.20000076293945,49.8466682434082,49.06666564941406,49.8466682434082,32.028228759765625,380400,0.0
2003-10-29,49.766666412353516,50.383331298828125,49.75,50.29999923706055,32.31950759887695,342900,0.0
2003-10-30,50.54999923706055,50.746665954589844,50.05666732788086,50.383331298828125,32.373050689697266,2286600,0.0
2003-10-31,50.45000076293945,50.66666793823242,50.03333282470703,50.03333282470703,32.14815139770508,525000,0.0
2003-11-03,50.366668701171875,51.099998474121094,50.366668701171875,50.936668395996094,32.72859191894531,1725000,0.0
2003-11-04,51.0,51.29666519165039,50.8033332824707,51.133331298828125,32.85495376586914,540600,0.0
2003-11-05,51.099998474121094,51.25,50.43333435058594,51.20000076293945,32.897804260253906,418200,0.0
2003-11-06,51.16666793823242,51.663333892822266,50.95000076293945,51.663333892822266,33.19548797607422,925200,0.0
2003-11-07,51.83333206176758,51.880001068115234,51.4033317565918,51.5,33.09056091308594,614100,0.0
2003-11-10,51.56666564941406,51.56666564941406,50.686668395996094,50.686668395996094,32.567955017089844,894300,0.0
2003-11-11,50.68333435058594,50.83333206176758,50.21666717529297,50.43000030517578,32.40304183959961,648000,0.0
2003-11-12,50.43333435058594,51.43000030517578,50.43333435058594,51.43000030517578,33.04557418823242,1087500,0.0
2003-11-13,51.33333206176758,51.529998779296875,51.08333206176758,51.366668701171875,33.00487518310547,1026300,0.0
2003-11-14,51.4466667175293,51.79999923706055,50.54999923706055,50.54999923706055,32.48013687133789,448200,0.0
2003-11-17,50.41666793823242,50.41666793823242,49.66999816894531,50.13999938964844,32.216697692871094,582600,0.0
2003-11-18,50.383331298828125,50.856666564941406,49.66999816894531,49.733333587646484,31.955400466918945,1114500,0.0
2003-11-19,49.83000183105469,50.36000061035156,49.55666732788086,50.233333587646484,32.27668380737305,542100,0.0
2003-11-20,49.900001525878906,50.41999816894531,49.643333435058594,49.70000076293945,31.933992385864258,589500,0.0
2003-11-21,50.116668701171875,50.33000183105469,49.94333267211914,50.266666412353516,32.2980842590332,439800,0.0
2003-11-24,50.633331298828125,51.47666549682617,50.54999923706055,51.47666549682617,33.07554626464844,773700,0.0
2003-11-25,51.5,51.9466667175293,51.31666564941406,51.766666412353516,33.26189041137695,629400,0.0
2003-11-26,52.0,52.266666412353516,51.53333282470703,52.06666564941406,33.454647064208984,667500,0.0
2003-11-28,52.03333282470703,52.23666763305664,51.970001220703125,52.133331298828125,33.49748611450195,279000,0.0
2003-12-01,52.400001525878906,52.849998474121094,52.35333251953125,52.83000183105469,33.94512176513672,486000,0.0
2003-12-02,52.93333435058594,53.04999923706055,52.53333282470703,52.54999923706055,33.76520919799805,849900,0.0
2003-12-03,52.91666793823242,53.04666519165039,52.0,52.0,33.41180419921875,536400,0.0
2003-12-04,52.11333465576172,52.16666793823242,51.50666809082031,52.14666748046875,33.506046295166016,786600,0.0
2003-12-05,52.0,52.060001373291016,51.5533332824707,51.58333206176758,33.144081115722656,816600,0.0
2003-12-08,52.20000076293945,52.366668701171875,51.66666793823242,52.366668701171875,33.647430419921875,270600,0.0
2003-12-09,52.45000076293945,52.47666549682617,51.516666412353516,51.58333206176758,33.144081115722656,845400,0.0
2003-12-10,51.54999923706055,51.62333297729492,50.92333221435547,51.233333587646484,32.9192008972168,479100,0.0
2003-12-11,51.25,52.37333297729492,51.1533317565918,52.37333297729492,33.65170669555664,828000,0.0
2003-12-12,52.18333435058594,52.5,51.95333480834961,52.38666534423828,33.83189010620117,971400,0.265667
2003-12-15,53.16666793823242,53.18000030517578,51.5,51.5,33.25926208496094,1569300,0.0
2003-12-16,51.58000183105469,52.063331604003906,51.04999923706055,52.03333282470703,33.71234130859375,366900,0.166
2003-12-17,51.96666717529297,52.11333465576172,51.5,52.03333282470703,33.71234130859375,587700,0.0
2003-12-18,52.0,52.79666519165039,51.83333206176758,52.54999923706055,34.04710006713867,576300,0.0
2003-12-19,52.650001525878906,52.66666793823242,52.2400016784668,52.633331298828125,34.10108947753906,525300,0.0
2003-12-22,52.5,53.116668701171875,52.5,53.116668701171875,34.41426086425781,246600,0.0
2003-12-23,52.96666717529297,53.369998931884766,52.91666793823242,53.369998931884766,34.57838439941406,809400,0.0
2003-12-24,53.383331298828125,53.45000076293945,53.17333221435547,53.233333587646484,34.489830017089844,717000,0.0
2003-12-26,53.366668701171875,53.59333419799805,53.34333419799805,53.59333419799805,34.72307205200195,206100,0.0
2003-12-29,53.75,54.31666564941406,53.75,54.31666564941406,35.19173049926758,2017800,0.0
2003-12-30,54.29999923706055,54.573333740234375,54.09000015258789,54.400001525878906,35.24571990966797,381600,0.0
2003-12-31,54.516666412353516,54.58333206176758,53.46666717529297,53.46666717529297,34.64099884033203,615300,0.0
2004-01-02,53.78333282470703,54.413333892822266,53.6533317565918,53.996665954589844,34.98439025878906,430500,0.0
2004-01-05,54.29999923706055,54.63999938964844,54.16666793823242,54.5,35.310516357421875,892200,0.0
2004-01-06,54.58333206176758,54.76333236694336,54.33333206176758,54.33333206176758,35.20252990722656,477000,0.0
2004-01-07,54.413333892822266,54.776668548583984,54.220001220703125,54.776668548583984,35.48976135253906,401400,0.0
2004-01-08,54.983333587646484,55.246665954589844,54.73666763305664,55.133331298828125,35.72084045410156,279900,0.0
2004-01-09,55.0,55.383331298828125,54.65666580200195,54.81666564941406,35.515689849853516,642600,0.0
2004-01-12,54.983333587646484,55.4033317565918,54.70000076293945,55.4033317565918,35.8957633972168,709500,0.0
2004-01-13,55.41666793823242,55.43000030517578,54.66999816894531,55.31666564941406,35.83963394165039,486300,0.0
2004-01-14,55.54999923706055,55.93000030517578,55.36000061035156,55.93000030517578,36.23700714111328,757500,0.0
2004-01-15,55.866668701171875,55.97999954223633,55.266666412353516,55.8033332824707,36.154945373535156,736800,0.0
2004-01-16,56.099998474121094,56.21333312988281,55.883331298828125,56.08333206176758,36.33634948730469,310800,0.0
2004-01-20,56.18333435058594,56.650001525878906,55.849998474121094,56.650001525878906,36.703487396240234,348000,0.0
2004-01-21,56.58333206176758,56.84000015258789,56.16666793823242,56.633331298828125,36.69268798828125,1339800,0.0
2004-01-22,56.883331298828125,57.01333236694336,56.31999969482422,56.33000183105469,36.49616622924805,323400,0.0
2004-01-23,56.43333435058594,56.78333282470703,56.099998474121094,56.66666793823242,36.71429443359375,964800,0.0
2004-01-26,56.68333435058594,57.20000076293945,56.32666778564453,57.20000076293945,37.05983352661133,482700,0.0
2004-01-27,57.18333435058594,57.18333435058594,56.563331604003906,56.66666793823242,36.71429443359375,1333800,0.0
2004-01-28,56.91666793823242,56.93333435058594,55.52333450317383,55.79999923706055,36.15278625488281,814500,0.0
2004-01-29,55.900001525878906,55.96333312988281,54.866668701171875,55.459999084472656,35.932472229003906,2220300,0.0
2004-01-30,55.43333435058594,55.7400016784668,55.08000183105469,55.29999923706055,35.82884216308594,640200,0.0
2004-02-02,55.41666793823242,55.84333419799805,54.970001220703125,55.41666793823242,35.9044189453125,1091400,0.0
2004-02-03,55.233333587646484,55.633331298828125,55.10333251953125,55.266666412353516,35.80723571777344,209100,0.0
2004-02-04,55.03333282470703,55.03666687011719,54.03333282470703,54.133331298828125,35.072959899902344,1089300,0.0
2004-02-05,54.21666717529297,54.75,54.16999816894531,54.5,35.310516357421875,499200,0.0
2004-02-06,54.75,55.996665954589844,54.619998931884766,55.883331298828125,36.2067756652832,667800,0.0
2004-02-09,55.856666564941406,56.25,55.813331604003906,55.95000076293945,36.24995040893555,233100,0.0
2004-02-10,56.0,56.733333587646484,55.83333206176758,56.733333587646484,36.75748825073242,1017000,0.0
2004-02-11,56.733333587646484,57.09333419799805,56.436668395996094,56.983333587646484,36.91946029663086,441600,0.0
2004-02-12,57.063331604003906,57.1966667175293,56.66666793823242,56.66666793823242,36.71429443359375,222600,0.0
2004-02-13,56.776668548583984,56.99333190917969,56.003334045410156,56.03333282470703,36.303951263427734,378600,0.0
2004-02-17,56.25,57.0,56.21666717529297,56.99333190917969,36.925941467285156,277800,0.0
2004-02-18,56.99333190917969,57.11333465576172,56.45000076293945,56.616668701171875,36.68190002441406,357000,0.0
2004-02-19,56.81666564941406,56.96666717529297,55.75,55.75,36.12038803100586,493200,0.0
2004-02-20,55.983333587646484,56.08000183105469,55.233333587646484,55.63666534423828,36.046958923339844,818100,0.0
2004-02-23,55.75,55.83333206176758,54.96666717529297,55.150001525878906,35.73163604736328,1371900,0.0
2004-02-24,55.099998474121094,55.74333190917969,54.8033332824707,55.349998474121094,35.861228942871094,977100,0.0
2004-02-25,55.38666534423828,55.883331298828125,55.12333297729492,55.883331298828125,36.2067756652832,401700,0.0
2004-02-26,55.650001525878906,56.279998779296875,55.54999923706055,56.21666717529297,36.42273712158203,994500,0.0
2004-02-27,56.233333587646484,56.68333435058594,56.10333251953125,56.53333282470703,36.62790298461914,336000,0.0
2004-03-01,56.650001525878906,57.33333206176758,56.54999923706055,57.28333282470703,37.113834381103516,286800,0.0
2004-03-02,57.16666793823242,57.439998626708984,56.900001525878906,57.0,36.93025588989258,550500,0.0
2004-03-03,56.866668701171875,57.23666763305664,56.41999816894531,57.04666519165039,36.960487365722656,702900,0.0
2004-03-04,57.04999923706055,57.676666259765625,56.77333450317383,57.676666259765625,37.3686637878418,455400,0.0
2004-03-05,57.349998474121094,58.099998474121094,57.2400016784668,57.66666793823242,37.3621940612793,468900,0.0
2004-03-08,57.866668701171875,58.04999923706055,57.119998931884766,57.119998931884766,37.00801086425781,441600,0.0
2004-03-09,57.08333206176758,57.31666564941406,56.606666564941406,56.81666564941406,36.81147766113281,442500,0.0
2004-03-10,56.83333206176758,57.09333419799805,55.483333587646484,55.483333587646484,35.94759750366211,414300,0.0
2004-03-11,55.383331298828125,56.28666687011719,54.900001525878906,54.900001525878906,35.56966018676758,683100,0.0
2004-03-12,55.28333282470703,56.46666717529297,55.119998931884766,56.45000076293945,36.57390213012695,1274100,0.0
2004-03-15,56.133331298828125,56.14666748046875,54.900001525878906,54.983333587646484,35.62364959716797,630300,0.0
2004-03-16,55.33333206176758,55.58000183105469,54.56999969482422,55.116668701171875,35.71004867553711,1229100,0.0
2004-03-17,55.366668701171875,56.099998474121094,55.21666717529297,55.883331298828125,36.2067756652832,804300,0.0
2004-03-18,55.866668701171875,55.95000076293945,55.07666778564453,55.54999923706055,35.99080276489258,884100,0.0
2004-03-19,55.68333435058594,55.86333465576172,55.06666564941406,55.233333587646484,35.785621643066406,759900,0.0
2004-03-22,54.96666717529297,55.08333206176758,54.27333450317383,54.43000030517578,35.265132904052734,746700,0.0
2004-03-23,54.616668701171875,55.08333206176758,54.393333435058594,54.75,35.47246551513672,525600,0.0
2004-03-24,54.66999816894531,54.8033332824707,54.16666793823242,54.366668701171875,35.22412109375,591300,0.0
2004-03-25,54.66666793823242,55.413333892822266,54.503334045410156,55.400001525878906,35.893611907958984,443700,0.0
2004-03-26,55.20000076293945,55.650001525878906,55.04999923706055,55.33333206176758,35.9586067199707,427800,0.166667
2004-03-29,55.68333435058594,56.336666107177734,55.66999816894531,56.266666412353516,36.56512451171875,550800,0.0
2004-03-30,56.3466682434082,56.91666793823242,56.33333206176758,56.91666793823242,36.98753356933594,415200,0.0
2004-03-31,56.91666793823242,57.16666793823242,56.53333282470703,57.04999923706055,37.0742073059082,758700,0.0
2004-04-01,56.996665954589844,57.65666580200195,56.996665954589844,57.53666687011719,37.39045333862305,402000,0.0
2004-04-02,58.483333587646484,58.529998779296875,57.97666549682617,58.16666793823242,37.79984664916992,990600,0.0
2004-04-05,58.28333282470703,58.33000183105469,57.78333282470703,58.18333435058594,37.810691833496094,816000,0.0
2004-04-06,58.0,58.003334045410156,57.436668395996094,57.650001525878906,37.46409606933594,654000,0.0
2004-04-07,57.483333587646484,58.04666519165039,57.133331298828125,57.80666732788086,37.56590270996094,638700,0.0
2004-04-08,58.03333282470703,58.14666748046875,57.336666107177734,57.349998474121094,37.269134521484375,760800,0.0
2004-04-12,57.43333435058594,57.81666564941406,57.18333435058594,57.30666732788086,37.2409782409668,954900,0.0
2004-04-13,57.46666717529297,57.58333206176758,55.90999984741211,56.03333282470703,36.413482666015625,1157700,0.0
2004-04-14,55.85333251953125,56.266666412353516,55.266666412353516,55.849998474121094,36.29435348510742,1645800,0.0
2004-04-15,55.79999923706055,56.16666793823242,55.356666564941406,55.706668853759766,36.201210021972656,593400,0.0
2004-04-16,55.93333435058594,56.543331146240234,55.540000915527344,56.233333587646484,36.54348373413086,451500,0.0
2004-04-19,56.150001525878906,56.6533317565918,55.77333450317383,56.49333190917969,36.712425231933594,711900,0.0
2004-04-20,56.56666564941406,57.08333206176758,55.2400016784668,55.496665954589844,36.06474304199219,927300,0.0
2004-04-21,55.5,56.16666793823242,55.086666107177734,56.16666793823242,36.50015640258789,761100,0.0
2004-04-22,56.029998779296875,57.366668701171875,56.029998779296875,57.0533332824707,37.07634353637695,488100,0.0
2004-04-23,57.20000076293945,57.20000076293945,56.29666519165039,56.7400016784668,36.872718811035156,342900,0.0
2004-04-26,56.866668701171875,57.163333892822266,56.36000061035156,56.58333206176758,36.770912170410156,322500,0.0
2004-04-27,56.71666717529297,57.130001068115234,56.45000076293945,56.7599983215332,36.88572311401367,831900,0.0
2004-04-28,56.633331298828125,56.633331298828125,55.43333435058594,55.43333435058594,36.0235710144043,410100,0.0
2004-04-29,55.66666793823242,55.883331298828125,54.310001373291016,54.58333206176758,35.47120666503906,839100,0.0
2004-04-30,54.866668701171875,54.936668395996094,53.93333435058594,53.93333435058594,35.04879379272461,2493300,0.0
2004-05-03,54.0,54.7400016784668,53.926666259765625,54.529998779296875,35.43655014038086,1199400,0.0
2004-05-04,54.46666717529297,55.57666778564453,54.45333480834961,54.766666412353516,35.5903434753418,1856400,0.0
2004-05-05,54.93333435058594,55.22999954223633,54.766666412353516,54.766666412353516,35.5903434753418,583800,0.0
2004-05-06,54.43333435058594,54.52000045776367,53.44333267211914,54.10333251953125,35.159278869628906,1201500,0.0
2004-05-07,53.733333587646484,54.41666793823242,52.56999969482422,52.573333740234375,34.16499328613281,1160100,0.0
2004-05-10,52.2400016784668,52.43000030517578,51.21666717529297,51.56999969482422,33.51298904418945,1510500,0.0
2004-05-11,51.883331298828125,52.706668853759766,51.87666702270508,52.633331298828125,34.20399475097656,950400,0.0
2004-05-12,52.5533332824707,52.866668701171875,51.366668701171875,52.866668701171875,34.35562515258789,804300,0.0
2004-05-13,52.71666717529297,52.9900016784668,52.2400016784668,52.33333206176758,34.00904083251953,939900,0.0
2004-05-14,52.33333206176758,52.9033317565918,51.913333892822266,52.21666717529297,33.93321228027344,390900,0.0
2004-05-17,51.25,52.07666778564453,51.086666107177734,51.663333892822266,33.573631286621094,531000,0.0
2004-05-18,51.70000076293945,52.29999923706055,51.70000076293945,52.27333450317383,33.97004699707031,281100,0.0
2004-05-19,52.766666412353516,53.266666412353516,51.880001068115234,51.95000076293945,33.759944915771484,462300,0.0
2004-05-20,52.16666793823242,52.33000183105469,51.82666778564453,52.106666564941406,33.86174774169922,403800,0.0
2004-05-21,52.21666717529297,52.776668548583984,52.19333267211914,52.61333465576172,34.19099426269531,609000,0.0
2004-05-24,53.25,53.366668701171875,52.81666564941406,53.29999923706055,34.637237548828125,483000,0.0
2004-05-25,53.25,54.54999923706055,53.163333892822266,54.400001525878906,35.352054595947266,892800,0.0
2004-05-26,54.383331298828125,54.65999984741211,54.06666564941406,54.650001525878906,35.51454162597656,679500,0.0
2004-05-27,54.71666717529297,55.143333435058594,54.36000061035156,54.66999816894531,35.52752685546875,1297200,0.0
2004-05-28,54.70000076293945,55.119998931884766,54.586666107177734,54.85333251953125,35.64667510986328,274200,0.0
2004-06-01,54.71666717529297,55.266666412353516,54.586666107177734,55.266666412353516,35.915283203125,467400,0.0
2004-06-02,55.43333435058594,55.483333587646484,54.96333312988281,55.28333282470703,35.926116943359375,308100,0.0
2004-06-03,55.0,55.0,54.21666717529297,54.21666717529297,35.232940673828125,1121700,0.0
2004-06-04,54.733333587646484,55.133331298828125,54.470001220703125,54.779998779296875,35.599037170410156,227100,0.0
2004-06-07,55.133331298828125,55.90666580200195,54.90666580200195,55.84000015258789,36.287864685058594,356100,0.0
2004-06-08,55.71666717529297,55.913333892822266,55.66666793823242,55.86333465576172,36.30302047729492,1073400,0.0
2004-06-09,55.79999923706055,55.983333587646484,55.0,55.03333282470703,35.76364517211914,487200,0.0
2004-06-10,55.27333450317383,55.393333435058594,55.0533332824707,55.253334045410156,35.9066047668457,315900,0.0
2004-06-14,54.98666763305664,55.130001068115234,54.08333206176758,54.143333435058594,35.185272216796875,330300,0.0
2004-06-15,54.53333282470703,55.30666732788086,54.45333480834961,55.06666564941406,35.78531265258789,368700,0.0
2004-06-16,55.06666564941406,55.30666732788086,54.93333435058594,55.266666412353516,35.915283203125,306300,0.0
2004-06-17,55.20000076293945,55.5,54.823333740234375,55.266666412353516,35.915283203125,180600,0.0
2004-06-18,55.233333587646484,55.65999984741211,55.163333892822266,55.439998626708984,36.027923583984375,672300,0.0
2004-06-21,55.52000045776367,55.79999923706055,55.28333282470703,55.39666748046875,35.99976348876953,329400,0.0
2004-06-22,55.43333435058594,55.7400016784668,54.93333435058594,55.66666793823242,36.17522430419922,648000,0.0
2004-06-23,55.619998931884766,56.62666702270508,55.56666564941406,56.5,36.71676254272461,261600,0.0
2004-06-24,56.56666564941406,56.766666412353516,56.26333236694336,56.33333206176758,36.60846710205078,446700,0.0
2004-06-25,56.03333282470703,56.70000076293945,56.03333282470703,56.70000076293945,36.96376037597656,407100,0.178333
2004-06-28,56.79999923706055,57.08000183105469,56.58333206176758,56.69333267211914,36.95939636230469,395700,0.0
2004-06-29,56.766666412353516,57.27333450317383,56.766666412353516,57.02333450317383,37.1745491027832,720000,0.0
2004-06-30,57.116668701171875,57.43333435058594,56.9900016784668,57.43333435058594,37.44182586669922,817200,0.0
2004-07-01,57.483333587646484,58.483333587646484,56.60333251953125,56.75,36.99635314941406,1508100,0.0
2004-07-02,56.83000183105469,56.9033317565918,56.483333587646484,56.86333465576172,37.07021713256836,474000,0.0
2004-07-06,56.66999816894531,56.72666549682617,56.03666687011719,56.233333587646484,36.659515380859375,1129500,0.0
2004-07-07,56.2400016784668,56.543331146240234,56.116668701171875,56.189998626708984,36.63125991821289,602700,0.0
2004-07-08,56.03333282470703,56.1966667175293,55.133331298828125,55.233333587646484,36.007606506347656,376200,0.0
2004-07-09,55.349998474121094,55.540000915527344,55.16666793823242,55.50666809082031,36.185787200927734,729600,0.0
2004-07-12,55.43000030517578,55.75,55.040000915527344,55.46666717529297,36.15972137451172,431100,0.0
2004-07-13,55.53333282470703,55.753334045410156,55.4900016784668,55.4900016784668,36.1749382019043,823800,0.0
2004-07-14,55.133331298828125,55.893333435058594,55.133331298828125,55.25,36.018463134765625,350100,0.0
2004-07-15,55.366668701171875,55.81666564941406,55.35333251953125,55.41666793823242,36.12711715698242,787500,0.0
2004-07-16,55.71666717529297,55.766666412353516,54.92333221435547,55.040000915527344,35.88155746459961,697200,0.0
2004-07-19,55.08333206176758,55.40999984741211,54.79999923706055,55.26333236694336,36.02715301513672,777300,0.0
2004-07-20,55.20000076293945,56.03666687011719,55.20000076293945,56.03666687011719,36.53131866455078,256800,0.0
2004-07-21,56.099998474121094,56.13999938964844,54.58333206176758,54.58333206176758,35.583858489990234,1061100,0.0
2004-07-22,54.5,54.723331451416016,53.75,54.400001525878906,35.4643440246582,1235100,0.0
2004-07-23,54.233333587646484,54.33333206176758,53.76333236694336,53.79999923706055,35.07319259643555,1260300,0.0
2004-07-26,53.83333206176758,54.026668548583984,53.06666564941406,53.36333465576172,34.78851318359375,653700,0.0
2004-07-27,53.46666717529297,54.30666732788086,53.46666717529297,54.266666412353516,35.377410888671875,716100,0.0
2004-07-28,54.03333282470703,54.43000030517578,53.43333435058594,54.21333312988281,35.34263610839844,1497600,0.0
2004-07-29,54.31666564941406,54.77000045776367,54.16666793823242,54.77000045776367,35.70555114746094,584100,0.0
2004-07-30,54.599998474121094,54.87666702270508,54.43333435058594,54.70000076293945,35.65990447998047,1380000,0.0
2004-08-02,54.516666412353516,54.93333435058594,54.11000061035156,54.93000030517578,35.80984878540039,923100,0.0
2004-08-03,54.66666793823242,54.75666809082031,54.25,54.25,35.36653137207031,431100,0.0
2004-08-04,54.06666564941406,54.723331451416016,53.6966667175293,54.28666687011719,35.390464782714844,473700,0.0
2004-08-05,54.366668701171875,54.366668701171875,53.266666412353516,53.33333206176758,34.76895523071289,1049100,0.0
2004-08-06,52.266666412353516,53.119998931884766,52.266666412353516,52.54999923706055,34.258304595947266,1227000,0.0
2004-08-09,52.516666412353516,52.70333480834961,52.23666763305664,52.39666748046875,34.15833282470703,333000,0.0
2004-08-10,52.46666717529297,53.45000076293945,52.46666717529297,53.21666717529297,34.69291305541992,1581600,0.0
2004-08-11,52.866668701171875,53.29999923706055,52.36333465576172,53.150001525878906,34.649452209472656,814200,0.0
2004-08-12,52.766666412353516,52.88666534423828,52.233333587646484,52.436668395996094,34.18440246582031,651600,0.0
2004-08-13,52.483333587646484,52.76333236694336,52.189998626708984,52.5,34.22568893432617,249600,0.0
2004-08-16,52.58000183105469,53.45000076293945,52.58000183105469,53.33333206176758,34.76895523071289,579600,0.0
2004-08-17,53.733333587646484,53.83333206176758,53.37666702270508,53.516666412353516,34.88847732543945,712800,0.0
2004-08-18,53.266666412353516,54.46666717529297,53.223331451416016,54.46666717529297,35.5078010559082,1002300,0.0
2004-08-19,54.25,54.456668853759766,53.866668701171875,53.95000076293945,35.170989990234375,503400,0.0
2004-08-20,54.06666564941406,55.0099983215332,53.996665954589844,54.849998474121094,35.7577018737793,684900,0.0
2004-08-23,55.06666564941406,55.18333435058594,54.5,54.650001525878906,35.62732696533203,731100,0.0
2004-08-24,54.83333206176758,55.003334045410156,54.529998779296875,54.7599983215332,35.69902038574219,666300,0.0
2004-08-25,54.900001525878906,55.25,54.5,55.130001068115234,35.94025421142578,805500,0.0
2004-08-26,55.099998474121094,55.22666549682617,54.93333435058594,54.959999084472656,35.829410552978516,466500,0.0
2004-08-27,55.133331298828125,55.51333236694336,55.08000183105469,55.42333221435547,36.1314811706543,485100,0.0
2004-08-30,55.28333282470703,55.36000061035156,54.81999969482422,54.88666534423828,35.7816162109375,955500,0.0
2004-08-31,54.883331298828125,55.366668701171875,54.64666748046875,55.366668701171875,36.09451675415039,941400,0.0
2004-09-01,55.233333587646484,55.849998474121094,55.233333587646484,55.5966682434082,36.24447250366211,865800,0.0
2004-09-02,55.45000076293945,56.616668701171875,55.45000076293945,56.616668701171875,36.90943145751953,999900,0.0
2004-09-03,56.366668701171875,56.599998474121094,55.83333206176758,56.003334045410156,36.509586334228516,1318200,0.0
2004-09-07,56.53333282470703,56.793331146240234,56.34333419799805,56.71666717529297,36.974613189697266,1048200,0.0
2004-09-08,56.71666717529297,57.060001373291016,56.22666549682617,56.46666717529297,36.8116455078125,343500,0.0
2004-09-09,56.43333435058594,57.20000076293945,56.43333435058594,56.983333587646484,37.148460388183594,1391100,0.0
2004-09-10,57.08333206176758,57.28666687011719,56.58333206176758,57.246665954589844,37.32014465332031,746400,0.0
2004-09-13,57.33333206176758,57.616668701171875,57.20333480834961,57.233333587646484,37.31144332885742,818400,0.0
2004-09-14,57.20000076293945,57.356666564941406,56.74333190917969,57.06999969482422,37.20496368408203,1081200,0.0
2004-09-15,56.91666793823242,57.026668548583984,56.66666793823242,56.71666717529297,36.974613189697266,449700,0.0
2004-09-16,56.95000076293945,57.53333282470703,56.95000076293945,57.48666763305664,37.476593017578125,388200,0.0
2004-09-17,57.54999923706055,57.606666564941406,57.0,57.33333206176758,37.376625061035156,496500,0.0
2004-09-20,57.21666717529297,57.366668701171875,56.98666763305664,57.130001068115234,37.24406433105469,838200,0.0
2004-09-21,57.22666549682617,57.70000076293945,57.22666549682617,57.516666412353516,37.49615478515625,459900,0.0
2004-09-22,57.1966667175293,57.1966667175293,56.58333206176758,56.616668701171875,36.90943145751953,2665500,0.0
2004-09-23,56.6966667175293,56.86000061035156,56.50666809082031,56.6533317565918,36.93333053588867,2679000,0.0
2004-09-24,56.573333740234375,56.78333282470703,56.4033317565918,56.4033317565918,36.90803146362305,655800,0.211333
2004-09-27,56.293331146240234,56.293331146240234,55.78666687011719,55.93333435058594,36.60049819946289,1130400,0.0
2004-09-28,56.0,56.63999938964844,55.866668701171875,56.56666564941406,37.014892578125,2208600,0.0
2004-09-29,56.58333206176758,56.996665954589844,56.516666412353516,56.95000076293945,37.26573944091797,2374800,0.0
2004-09-30,56.869998931884766,57.43000030517578,56.779998779296875,57.22999954223633,37.4489631652832,1184400,0.0
2004-10-01,57.266666412353516,58.439998626708984,57.266666412353516,58.439998626708984,38.2407341003418,765300,0.0
2004-10-04,58.779998779296875,59.016666412353516,58.61000061035156,58.70000076293945,38.41088104248047,1030200,0.0
2004-10-05,58.779998779296875,58.883331298828125,58.439998626708984,58.516666412353516,38.290897369384766,593100,0.0
2004-10-06,58.56666564941406,59.07666778564453,58.5099983215332,59.07666778564453,38.65735626220703,679200,0.0
2004-10-07,59.0,59.0,58.06666564941406,58.106666564941406,38.022613525390625,301500,0.0
2004-10-08,57.96666717529297,58.26333236694336,57.516666412353516,57.56666564941406,37.66925811767578,685500,0.0
2004-10-11,57.70333480834961,57.81666564941406,57.400001525878906,57.66666793823242,37.734703063964844,686400,0.0
2004-10-12,57.266666412353516,57.813331604003906,57.060001373291016,57.650001525878906,37.72378158569336,659700,0.0
2004-10-13,58.026668548583984,58.03333282470703,56.71666717529297,56.776668548583984,37.1523323059082,1405500,0.0
2004-10-14,56.766666412353516,56.92333221435547,56.36000061035156,56.36000061035156,36.87968063354492,762300,0.0
2004-10-15,56.53333282470703,57.29999923706055,56.33333206176758,56.99333190917969,37.29407501220703,1125600,0.0
2004-10-18,56.91666793823242,57.313331604003906,56.55666732788086,57.116668701171875,37.374794006347656,689400,0.0
2004-10-19,57.33333206176758,57.56666564941406,56.49333190917969,56.52333450317383,36.986572265625,1089000,0.0
2004-10-20,56.383331298828125,56.86333465576172,56.08333206176758,56.66666793823242,37.08033752441406,249000,0.0
2004-10-21,56.81666564941406,57.47999954223633,56.54999923706055,57.45000076293945,37.59292221069336,427500,0.0
2004-10-22,57.369998931884766,57.630001068115234,56.516666412353516,56.516666412353516,36.98218536376953,726600,0.0
2004-10-25,56.43333435058594,57.279998779296875,56.29666519165039,57.116668701171875,37.374794006347656,1009500,0.0
2004-10-26,57.21666717529297,57.983333587646484,56.62666702270508,57.983333587646484,37.94190216064453,549300,0.0
2004-10-27,57.900001525878906,58.5,57.746665954589844,58.4900016784668,38.2734489440918,1462500,0.0
2004-10-28,58.400001525878906,58.4900016784668,57.91999816894531,58.20333480834961,38.085872650146484,1812000,0.0
2004-10-29,58.28333282470703,58.46666717529297,57.93333435058594,58.06666564941406,37.996429443359375,327600,0.0
2004-11-01,58.21666717529297,58.483333587646484,57.87666702270508,58.426666259765625,38.23200988769531,432000,0.0
2004-11-02,58.616668701171875,58.87666702270508,58.02000045776367,58.22999954223633,38.10332489013672,661800,0.0
2004-11-03,59.03333282470703,59.30666732788086,58.733333587646484,59.18333435058594,38.727134704589844,1183500,0.0
2004-11-04,59.18333435058594,59.970001220703125,58.95000076293945,59.849998474121094,39.16339111328125,759300,0.0
2004-11-05,60.16666793823242,60.36333465576172,59.66666793823242,60.099998474121094,39.32697677612305,1172400,0.0
2004-11-08,60.06666564941406,60.12333297729492,59.66666793823242,59.866668701171875,39.17428970336914,880800,0.0
2004-11-09,59.883331298828125,60.24333190917969,59.74333190917969,60.0533332824707,39.29644012451172,233400,0.0
2004-11-10,60.116668701171875,60.75,60.06666564941406,60.46666717529297,39.5669059753418,772800,0.0
2004-11-11,60.616668701171875,61.11000061035156,60.46666717529297,61.08333206176758,39.970436096191406,1099800,0.0
2004-11-12,61.133331298828125,61.71666717529297,60.89666748046875,61.616668701171875,40.31942367553711,1159800,0.0
2004-11-15,61.563331604003906,61.793331146240234,61.366668701171875,61.766666412353516,40.41756820678711,660000,0.0
2004-11-16,61.766666412353516,61.790000915527344,61.209999084472656,61.3033332824707,40.11437225341797,447600,0.0
2004-11-17,61.616668701171875,62.2400016784668,61.45000076293945,61.686668395996094,40.365230560302734,928500,0.0
2004-11-18,61.72999954223633,61.766666412353516,61.29999923706055,61.66999816894531,40.354305267333984,330000,0.0
2004-11-19,61.53333282470703,61.606666564941406,60.869998931884766,61.06666564941406,39.95952224731445,568200,0.0
2004-11-22,60.97666549682617,61.91666793823242,60.70000076293945,61.913333892822266,40.5135383605957,957900,0.0
2004-11-23,61.900001525878906,62.31666564941406,61.383331298828125,62.31666564941406,40.7774543762207,962700,0.0
2004-11-24,62.400001525878906,62.866668701171875,62.31999969482422,62.75,41.06101989746094,440400,0.0
2004-11-26,62.599998474121094,63.0966682434082,62.599998474121094,62.89666748046875,41.157005310058594,307500,0.0
2004-11-29,63.04999923706055,63.470001220703125,62.426666259765625,62.959999084472656,41.198429107666016,3549900,0.0
2004-11-30,63.266666412353516,63.45000076293945,63.0,63.45000076293945,41.51908493041992,3963000,0.0
2004-12-01,63.45000076293945,64.28333282470703,63.349998474121094,63.96666717529297,41.857154846191406,886800,0.0
2004-12-02,64.03333282470703,64.11666870117188,63.599998474121094,63.746665954589844,41.713199615478516,564000,0.0
2004-12-03,63.733333587646484,64.0199966430664,63.53333282470703,63.72666549682617,41.70010757446289,1395600,0.0
2004-12-06,62.96333312988281,63.75666809082031,62.96333312988281,63.293331146240234,41.41656494140625,349500,0.0
2004-12-07,63.633331298828125,63.633331298828125,62.09000015258789,62.150001525878906,40.66841125488281,1584000,0.0
2004-12-08,62.18333435058594,62.73666763305664,62.08000183105469,62.73666763305664,41.05229568481445,1181400,0.0
2004-12-09,62.58333206176758,62.66666793823242,61.81666564941406,62.516666412353516,40.90834045410156,2264400,0.0
2004-12-10,62.33333206176758,63.0,62.25,62.85333251953125,41.128639221191406,365100,0.0
2004-12-13,63.233333587646484,63.5,62.76333236694336,63.47666549682617,41.536521911621094,1597800,0.0
2004-12-14,63.54999923706055,63.96333312988281,63.47666549682617,63.81666564941406,41.75899124145508,711300,0.0
2004-12-15,63.883331298828125,64.40666961669922,63.81666564941406,64.33333587646484,42.09708786010742,1067400,0.0
2004-12-16,64.33333587646484,64.38666534423828,63.53333282470703,63.8033332824707,41.75028610229492,806700,0.0
2004-12-17,63.766666412353516,63.93000030517578,63.45000076293945,63.66666793823242,41.66085433959961,309900,0.0
2004-12-20,63.90999984741211,64.13999938964844,63.3466682434082,63.62333297729492,41.632503509521484,1096500,0.0
2004-12-21,63.883331298828125,64.27666473388672,63.75666809082031,64.27666473388672,42.06001281738281,713700,0.0
2004-12-22,64.38333129882812,64.72333526611328,64.3499984741211,64.52666473388672,42.2236213684082,1469400,0.0
2004-12-23,64.05999755859375,64.48666381835938,64.05999755859375,64.23666381835938,42.2487907409668,454500,0.328333
2004-12-27,64.43000030517578,64.52999877929688,63.573333740234375,63.78333282470703,41.950653076171875,550800,0.0
2004-12-28,63.83333206176758,64.6500015258789,63.83333206176758,64.56999969482422,42.468048095703125,604500,0.0
2004-12-29,64.53333282470703,64.69000244140625,64.36666870117188,64.53666687011719,42.446128845214844,681000,0.0
2004-12-30,64.53666687011719,64.63333129882812,64.33333587646484,64.43333435058594,42.37816619873047,3541500,0.0
2004-12-31,64.38999938964844,64.83000183105469,64.18333435058594,64.31999969482422,42.3036003112793,3172200,0.0
2005-01-03,64.66666412353516,64.68000030517578,63.23666763305664,63.56666564941406,41.80814743041992,1318200,0.0
2005-01-04,63.70000076293945,63.733333587646484,62.29999923706055,62.41666793823242,41.05178451538086,1454100,0.0
2005-01-05,62.33333206176758,62.36000061035156,61.16999816894531,61.16999816894531,40.23183822631836,2058600,0.0
2005-01-06,61.20000076293945,61.883331298828125,61.163333892822266,61.32666778564453,40.334896087646484,1346700,0.0
2005-01-07,61.45000076293945,61.709999084472656,60.66666793823242,60.66666793823242,39.90080261230469,1327200,0.0
2005-01-10,60.71666717529297,61.73666763305664,60.66666793823242,61.27333450317383,40.299808502197266,1059600,0.0
2005-01-11,61.150001525878906,61.150001525878906,60.42333221435547,60.71666717529297,39.93368911743164,815700,0.0
2005-01-12,60.66666793823242,60.883331298828125,59.93333435058594,60.83333206176758,40.01041030883789,1083300,0.0
2005-01-13,60.78333282470703,61.15666580200195,60.36333465576172,60.53333282470703,39.813106536865234,767700,0.0
2005-01-14,60.83000183105469,61.276668548583984,60.66666793823242,61.186668395996094,40.2427978515625,387900,0.0
2005-01-18,61.133331298828125,62.07666778564453,60.996665954589844,61.89666748046875,40.709774017333984,572100,0.0
2005-01-19,61.813331604003906,62.00666809082031,61.18000030517578,61.18333435058594,40.24061965942383,1519500,0.0
2005-01-20,60.79999923706055,61.28333282470703,60.67333221435547,60.7400016784668,39.94902801513672,1308000,0.0
2005-01-21,60.900001525878906,61.233333587646484,60.50666809082031,60.650001525878906,39.889835357666016,701100,0.0
2005-01-24,60.883331298828125,61.026668548583984,60.13999938964844,60.276668548583984,39.64427947998047,882300,0.0
2005-01-25,60.650001525878906,60.95000076293945,60.18333435058594,60.366668701171875,39.703468322753906,750000,0.0
2005-01-26,60.599998474121094,61.15666580200195,60.33333206176758,61.02333450317383,40.1353874206543,1121100,0.0
2005-01-27,61.04999923706055,61.543331146240234,60.93333435058594,61.28333282470703,40.3063850402832,747000,0.0
2005-01-28,61.20333480834961,61.369998931884766,60.5,61.12666702270508,40.20334243774414,3215400,0.0
2005-01-31,61.276668548583984,61.99333190917969,61.276668548583984,61.81666564941406,40.65716552734375,904800,0.0
2005-02-01,61.883331298828125,62.33333206176758,61.78666687011719,62.18333435058594,40.8983154296875,978900,0.0
2005-02-02,62.18333435058594,62.709999084472656,62.143333435058594,62.650001525878906,41.20524597167969,1067400,0.0
2005-02-03,62.473331451416016,62.529998779296875,62.040000915527344,62.42333221435547,41.05616760253906,454800,0.0
2005-02-04,62.33333206176758,63.223331451416016,62.33333206176758,63.13666534423828,41.52534866333008,515700,0.0
2005-02-07,63.13666534423828,63.413333892822266,62.86333465576172,63.043331146240234,41.46396255493164,744000,0.0
2005-02-08,63.0,63.313331604003906,63.0,63.08333206176758,41.49024963378906,596700,0.0
2005-02-09,63.29999923706055,63.35333251953125,62.0533332824707,62.11333465576172,40.85228729248047,767400,0.0
2005-02-10,62.20000076293945,62.46666717529297,61.86000061035156,62.266666412353516,40.9531364440918,919500,0.0
2005-02-11,62.25,63.16666793823242,61.80666732788086,63.08333206176758,41.49024963378906,1027800,0.0
2005-02-14,63.0,63.189998626708984,62.6966667175293,63.106666564941406,41.5056037902832,1263000,0.0
2005-02-15,63.106666564941406,63.41999816894531,62.793331146240234,63.10333251953125,41.503414154052734,787800,0.0
2005-02-16,62.96666717529297,63.686668395996094,62.810001373291016,63.356666564941406,41.670040130615234,642900,0.0
2005-02-17,63.349998474121094,63.61333465576172,62.72666549682617,62.79999923706055,41.303916931152344,822600,0.0
2005-02-18,62.83333206176758,63.00666809082031,62.38666534423828,62.58333206176758,41.161415100097656,980400,0.0
2005-02-22,62.33333206176758,62.58333206176758,61.35333251953125,61.400001525878906,40.38310623168945,951900,0.0
2005-02-23,61.599998474121094,62.130001068115234,61.5533332824707,61.68333435058594,40.569488525390625,493200,0.0
2005-02-24,61.633331298828125,62.33333206176758,61.27333450317383,62.27000045776367,40.955326080322266,1046700,0.0
2005-02-25,62.31666564941406,63.45000076293945,62.22999954223633,63.45000076293945,41.73141860961914,3168000,0.0
2005-02-28,63.349998474121094,63.49333190917969,62.586666107177734,63.099998474121094,41.5012092590332,3512400,0.0
2005-03-01,63.29999923706055,63.75,63.116668701171875,63.71666717529297,41.906822204589844,726600,0.0
2005-03-02,63.400001525878906,64.01000213623047,63.23666763305664,63.44333267211914,41.72703552246094,531000,0.0
2005-03-03,63.633331298828125,63.93333435058594,63.209999084472656,63.66666793823242,41.87391662597656,999900,0.0
2005-03-04,64.05000305175781,64.63666534423828,63.8466682434082,64.5566635131836,42.459259033203125,928800,0.0
2005-03-07,64.56666564941406,64.836669921875,64.37999725341797,64.4566650390625,42.39350891113281,899400,0.0
2005-03-08,64.38333129882812,64.52666473388672,63.78333282470703,63.79999923706055,41.96161651611328,707700,0.0
2005-03-09,63.58333206176758,63.80666732788086,63.150001525878906,63.150001525878906,41.53411102294922,1213200,0.0
2005-03-10,63.116668701171875,63.30666732788086,62.619998931884766,62.866668701171875,41.3477668762207,682500,0.0
2005-03-11,63.016666412353516,63.323333740234375,62.58333206176758,62.776668548583984,41.28855514526367,791100,0.0
2005-03-14,63.08333206176758,63.383331298828125,62.866668701171875,63.383331298828125,41.68756103515625,463800,0.0
2005-03-15,63.54999923706055,63.793331146240234,62.83333206176758,63.0,41.435447692871094,502800,0.0
2005-03-16,62.900001525878906,62.97666549682617,62.40666580200195,62.616668701171875,41.18334197998047,1299900,0.0
2005-03-17,62.616668701171875,63.02333450317383,62.413333892822266,62.7400016784668,41.26445007324219,829200,0.0
2005-03-18,62.81666564941406,62.81666564941406,62.26333236694336,62.42333221435547,41.05616760253906,1031700,0.0
2005-03-21,62.56666564941406,62.6533317565918,62.106666564941406,62.41666793823242,41.05178451538086,572100,0.0
2005-03-22,62.349998474121094,63.18333435058594,62.0,62.06666564941406,40.821590423583984,1200000,0.0
2005-03-23,61.900001525878906,61.900001525878906,61.38666534423828,61.4466667175293,40.41381072998047,1056600,0.0
2005-03-24,61.366668701171875,61.866668701171875,61.276668548583984,61.366668701171875,40.57712936401367,799500,0.327
2005-03-28,61.41666793823242,61.720001220703125,61.279998779296875,61.44333267211914,40.627838134765625,687600,0.0
2005-03-29,61.266666412353516,61.81999969482422,60.30666732788086,60.54999923706055,40.03715133666992,1552800,0.0
2005-03-30,60.66666793823242,61.45000076293945,60.66666793823242,61.41666793823242,40.61019515991211,1072800,0.0
2005-03-31,61.41666793823242,61.54999923706055,61.099998474121094,61.41666793823242,40.61019515991211,930300,0.0
2005-04-01,61.633331298828125,62.06666564941406,60.81666564941406,61.099998474121094,40.40081787109375,1580100,0.0
2005-04-04,61.16666793823242,61.61000061035156,60.663333892822266,61.436668395996094,40.62342071533203,746700,0.0
2005-04-05,61.5,61.689998626708984,61.31999969482422,61.56666564941406,40.70938491821289,701400,0.0
2005-04-06,61.66666793823242,62.130001068115234,61.59333419799805,61.720001220703125,40.81078338623047,541200,0.0
2005-04-07,61.46666717529297,62.16666793823242,61.349998474121094,61.983333587646484,40.98489761352539,802200,0.0
2005-04-08,61.96666717529297,61.99333190917969,60.9900016784668,60.9900016784668,40.32805633544922,638400,0.0
2005-04-11,61.133331298828125,61.133331298828125,60.543331146240234,60.71666717529297,40.1473388671875,381900,0.0
2005-04-12,60.599998474121094,61.483333587646484,60.086666107177734,61.31666564941406,40.5440673828125,1155900,0.0
2005-04-13,61.18333435058594,61.30666732788086,60.2400016784668,60.41666793823242,39.94898223876953,572400,0.0
2005-04-14,60.33333206176758,60.5,59.25666809082031,59.3466682434082,39.24147415161133,2273700,0.0
2005-04-15,59.233333587646484,59.50666809082031,58.04999923706055,58.37666702270508,38.600067138671875,2651400,0.0
2005-04-18,58.29999923706055,58.939998626708984,57.86333465576172,58.70333480834961,38.816078186035156,1450800,0.0
2005-04-19,59.116668701171875,59.63999938964844,59.116668701171875,59.599998474121094,39.40898132324219,2757600,0.0
2005-04-20,59.71666717529297,59.71666717529297,58.56666564941406,58.66666793823242,38.79183578491211,857400,0.0
2005-04-21,59.266666412353516,60.0,58.836666107177734,60.0,39.67348098754883,1167300,0.0
2005-04-22,59.996665954589844,59.996665954589844,58.47999954223633,59.099998474121094,39.078365325927734,1167900,0.0
2005-04-25,59.366668701171875,59.766666412353516,59.1966667175293,59.76333236694336,39.5169677734375,652200,0.0
2005-04-26,59.54999923706055,59.97666549682617,58.83333206176758,58.95333480834961,38.98139572143555,942300,0.0
2005-04-27,58.66666793823242,59.3466682434082,58.21666717529297,59.026668548583984,39.02987289428711,957300,0.0
2005-04-28,58.66666793823242,58.70333480834961,57.633331298828125,57.63666534423828,38.11075973510742,820500,0.0
2005-04-29,58.06666564941406,58.30666732788086,57.20000076293945,58.21666717529297,38.49428176879883,2029500,0.0
2005-05-02,58.366668701171875,58.900001525878906,58.2400016784668,58.849998474121094,38.913063049316406,684000,0.0
2005-05-03,58.81666564941406,59.293331146240234,58.54666519165039,59.09333419799805,39.07395553588867,745200,0.0
2005-05-04,59.133331298828125,59.88999938964844,58.92333221435547,59.75666809082031,39.51255798339844,1140000,0.0
2005-05-05,59.83333206176758,60.19333267211914,59.393333435058594,59.79666519165039,39.539005279541016,1132800,0.0
2005-05-06,60.233333587646484,60.233333587646484,59.6966667175293,59.856666564941406,39.578697204589844,1024800,0.0
2005-05-09,59.900001525878906,60.483333587646484,59.650001525878906,60.483333587646484,39.993045806884766,554100,0.0
2005-05-10,60.18333435058594,60.516666412353516,59.63999938964844,59.83333206176758,39.563270568847656,322200,0.0
2005-05-11,60.0,60.08333206176758,59.133331298828125,59.869998931884766,39.58750915527344,837300,0.0
2005-05-12,60.133331298828125,60.150001525878906,58.7599983215332,58.893333435058594,38.94171142578125,2019600,0.0
2005-05-13,59.116668701171875,59.116668701171875,57.90666580200195,58.5099983215332,38.68824005126953,889200,0.0
2005-05-16,58.400001525878906,59.44333267211914,58.400001525878906,59.44333267211914,39.305381774902344,529800,0.0
2005-05-17,59.29999923706055,59.880001068115234,58.95333480834961,59.83333206176758,39.563270568847656,957000,0.0
2005-05-18,60.099998474121094,61.029998779296875,60.099998474121094,60.883331298828125,40.25755310058594,1323300,0.0
2005-05-19,60.96666717529297,61.33000183105469,60.78333282470703,61.150001525878906,40.43387222290039,1013400,0.0
2005-05-20,61.150001525878906,61.186668395996094,60.66666793823242,61.016666412353516,40.34572219848633,830400,0.0
2005-05-23,61.233333587646484,61.70000076293945,61.133331298828125,61.56666564941406,40.70938491821289,706500,0.0
2005-05-24,61.25,61.573333740234375,61.130001068115234,61.27333450317383,40.515411376953125,636000,0.0
2005-05-25,61.31666564941406,61.31666564941406,60.633331298828125,60.71666717529297,40.1473388671875,527400,0.0
2005-05-26,61.016666412353516,61.599998474121094,61.0,61.56999969482422,40.71158981323242,395400,0.0
2005-05-27,61.66666793823242,62.0,61.3466682434082,62.0,40.99592590332031,356100,0.0
2005-05-31,62.08000183105469,62.186668395996094,61.66666793823242,61.71666717529297,40.808555603027344,695700,0.0
2005-06-01,61.849998474121094,62.71666717529297,61.81999969482422,62.543331146240234,41.35518264770508,1348800,0.0
2005-06-02,62.66666793823242,62.8466682434082,62.32666778564453,62.663333892822266,41.43452072143555,875700,0.0
2005-06-03,62.573333740234375,62.87333297729492,62.130001068115234,62.29999923706055,41.194278717041016,1675800,0.0
2005-06-06,62.21666717529297,62.68333435058594,62.150001525878906,62.61000061035156,41.399253845214844,1212300,0.0
2005-06-07,62.883331298828125,63.43000030517578,62.616668701171875,62.75,41.4918327331543,1220700,0.0
2005-06-08,62.83333206176758,63.086666107177734,62.369998931884766,62.369998931884766,41.24055862426758,842100,0.0
2005-06-09,62.5,63.11000061035156,62.119998931884766,63.0,41.657127380371094,567600,0.0
2005-06-10,62.79999923706055,63.20000076293945,62.79999923706055,63.13999938964844,41.74971008300781,449800,0.0
2005-06-13,63.04999923706055,63.529998779296875,62.869998931884766,63.45000076293945,41.95469665527344,540400,0.0
2005-06-14,63.45000076293945,64.05000305175781,63.209999084472656,64.05000305175781,42.3514289855957,394700,0.0
2005-06-15,64.19999694824219,64.30000305175781,63.560001373291016,64.30000305175781,42.516727447509766,530400,0.0
2005-06-16,64.30000305175781,64.9000015258789,64.19000244140625,64.7699966430664,42.8275032043457,670100,0.0
2005-06-17,65.1500015258789,65.41000366210938,64.7300033569336,64.73999786376953,42.80766677856445,467800,0.0
2005-06-20,64.55000305175781,64.77999877929688,64.33000183105469,64.54000091552734,42.8176155090332,1303200,0.215
2005-06-21,64.55000305175781,64.69999694824219,64.27999877929688,64.4000015258789,42.72473907470703,532800,0.0
2005-06-22,64.69999694824219,64.91000366210938,64.20999908447266,64.62999725341797,42.8773193359375,1073700,0.0
2005-06-23,64.66000366210938,64.70999908447266,63.59000015258789,63.689998626708984,42.25369644165039,901700,0.0
2005-06-24,63.54999923706055,63.650001525878906,61.7400016784668,63.099998474121094,41.862266540527344,1773100,0.0
2005-06-27,63.06999969482422,63.31999969482422,62.849998474121094,63.29999923706055,41.99496841430664,941300,0.0
2005-06-28,63.54999923706055,64.58000183105469,63.47999954223633,64.58000183105469,42.84416198730469,1329400,0.0
2005-06-29,64.5999984741211,64.80000305175781,64.3499984741211,64.58000183105469,42.84416198730469,752000,0.0
2005-06-30,64.69999694824219,65.0,64.1500015258789,64.30000305175781,42.65840148925781,1621500,0.0
2005-07-01,64.4000015258789,64.83999633789062,64.25,64.75,42.956932067871094,580600,0.0
2005-07-05,64.51000213623047,65.5999984741211,64.45999908447266,65.5999984741211,43.5208625793457,681200,0.0
2005-07-06,65.69999694824219,65.79000091552734,65.05999755859375,65.0999984741211,43.18913650512695,649500,0.0
2005-07-07,64.5,65.30000305175781,64.16000366210938,65.1500015258789,43.222312927246094,861900,0.0
2005-07-08,65.19999694824219,66.56999969482422,65.13999938964844,66.47000122070312,44.0980339050293,810400,0.0
2005-07-11,66.5999984741211,67.44999694824219,66.55000305175781,67.37000274658203,44.695125579833984,1737100,0.0
2005-07-12,67.30000305175781,67.70999908447266,66.94999694824219,67.19000244140625,44.575706481933594,1019400,0.0
2005-07-13,67.23999786376953,67.3499984741211,66.72000122070312,67.0,44.449649810791016,407400,0.0
2005-07-14,67.4000015258789,67.58000183105469,66.33999633789062,66.41999816894531,44.06486511230469,652300,0.0
2005-07-15,66.44999694824219,66.62999725341797,65.93000030517578,66.43000030517578,44.07149124145508,723900,0.0
2005-07-18,66.4000015258789,66.48999786376953,65.83999633789062,66.1500015258789,43.885738372802734,875100,0.0
2005-07-19,66.5199966430664,67.1500015258789,66.26000213623047,67.05000305175781,44.482826232910156,643000,0.0
2005-07-20,66.80000305175781,68.0199966430664,66.72000122070312,67.91000366210938,45.05337905883789,1279600,0.0
2005-07-21,67.69999694824219,67.80000305175781,66.23999786376953,66.7699966430664,44.29706573486328,1665200,0.0
2005-07-22,66.8499984741211,67.97000122070312,66.83999633789062,67.88999938964844,45.040103912353516,1167800,0.0
2005-07-25,67.8499984741211,68.20999908447266,67.1500015258789,67.3499984741211,44.681854248046875,829300,0.0
2005-07-26,67.55000305175781,67.91999816894531,67.19000244140625,67.75,44.947242736816406,694900,0.0
2005-07-27,67.8499984741211,67.86000061035156,67.05999755859375,67.81999969482422,44.99367141723633,874300,0.0
2005-07-28,67.9000015258789,68.44000244140625,67.52999877929688,68.44000244140625,45.404998779296875,1003400,0.0
2005-07-29,68.45999908447266,68.66000366210938,67.87000274658203,68.18000030517578,45.23248291015625,2123400,0.0
2005-08-01,68.37000274658203,68.55000305175781,68.08000183105469,68.2300033569336,45.26566696166992,1175900,0.0
2005-08-02,68.25,68.87000274658203,68.25,68.80999755859375,45.65045928955078,1242800,0.0
2005-08-03,68.4000015258789,68.62000274658203,68.20999908447266,68.27999877929688,45.298831939697266,1184300,0.0
2005-08-04,68.05000305175781,68.13999938964844,67.05999755859375,67.19999694824219,44.58232498168945,1378200,0.0
2005-08-05,67.05000305175781,67.05000305175781,65.9000015258789,66.16000366210938,43.89237976074219,1235500,0.0
2005-08-08,66.44999694824219,66.56999969482422,65.66999816894531,65.9000015258789,43.71986770629883,1164400,0.0
2005-08-09,66.04000091552734,66.2699966430664,65.69000244140625,66.0199966430664,43.79949951171875,736700,0.0
2005-08-10,66.37000274658203,66.76000213623047,65.38999938964844,65.88999938964844,43.713253021240234,1226000,0.0
2005-08-11,65.83000183105469,66.51000213623047,65.68000030517578,66.44000244140625,44.07813262939453,1174200,0.0
2005-08-12,66.0999984741211,66.16999816894531,65.26000213623047,65.7699966430664,43.63363265991211,915900,0.0
2005-08-15,65.69999694824219,66.58000183105469,65.38999938964844,66.30000305175781,43.9852409362793,579600,0.0
2005-08-16,66.1500015258789,66.1500015258789,65.16999816894531,65.25,43.288658142089844,484900,0.0
2005-08-17,65.33000183105469,65.75,65.05000305175781,65.18000030517578,43.242210388183594,1007000,0.0
2005-08-18,64.87999725341797,65.30000305175781,64.70999908447266,64.95999908447266,43.09626388549805,751600,0.0
2005-08-19,65.05000305175781,65.2699966430664,64.86000061035156,65.1500015258789,43.222312927246094,574400,0.0
2005-08-22,65.30000305175781,65.66999816894531,65.05000305175781,65.66999816894531,43.567291259765625,1269200,0.0
2005-08-23,65.77999877929688,65.80000305175781,64.9800033569336,65.61000061035156,43.52748489379883,628000,0.0
2005-08-24,65.45999908447266,66.0999984741211,65.0,65.31999969482422,43.33510208129883,546900,0.0
2005-08-25,65.55000305175781,65.87000274658203,65.38999938964844,65.77999877929688,43.640262603759766,483400,0.0
2005-08-26,65.75,65.75,64.66999816894531,64.69999694824219,42.92376708984375,515700,0.0
2005-08-29,64.5999984741211,65.51000213623047,64.30000305175781,65.44999694824219,43.42133331298828,553300,0.0
2005-08-30,65.19999694824219,65.3499984741211,64.80000305175781,65.16999816894531,43.23557662963867,714000,0.0
2005-08-31,65.25,66.58000183105469,64.9800033569336,66.58000183105469,44.171016693115234,1022900,0.0
2005-09-01,66.5,66.94000244140625,66.23999786376953,66.58000183105469,44.171016693115234,760400,0.0
2005-09-02,66.69999694824219,66.79000091552734,66.01000213623047,66.19999694824219,43.918907165527344,552300,0.0
2005-09-06,66.4000015258789,67.25,66.3499984741211,67.1500015258789,44.549171447753906,580400,0.0
2005-09-07,67.1500015258789,67.4000015258789,66.87999725341797,67.36000061035156,44.68849182128906,1204000,0.0
2005-09-08,67.19999694824219,67.25,66.58999633789062,66.8499984741211,44.350128173828125,702700,0.0
2005-09-09,67.05000305175781,67.38999938964844,66.95999908447266,67.25,44.6154899597168,471300,0.0
2005-09-12,67.30000305175781,67.93000030517578,67.06999969482422,67.58999633789062,44.8410530090332,799500,0.0
2005-09-13,67.5,67.5,66.83999633789062,67.01000213623047,44.4562873840332,807600,0.0
2005-09-14,67.1500015258789,67.25,66.19999694824219,66.3499984741211,44.01841735839844,419800,0.0
2005-09-15,66.5,66.55999755859375,66.06999969482422,66.2699966430664,43.96534729003906,414300,0.0
2005-09-16,66.69999694824219,67.02999877929688,66.36000061035156,66.87999725341797,44.37004470825195,898600,0.0
2005-09-19,68.80999755859375,68.80999755859375,64.93000030517578,66.5199966430664,44.1312255859375,272200,0.0
2005-09-20,66.72000122070312,66.83999633789062,65.54000091552734,65.5999984741211,43.5208625793457,1247800,0.0
2005-09-21,65.5999984741211,65.5999984741211,64.55999755859375,64.55999755859375,42.83089065551758,919400,0.0
2005-09-22,64.66000366210938,65.11000061035156,63.9900016784668,64.9000015258789,43.056461334228516,1293300,0.0
2005-09-23,64.5,65.16999816894531,64.13999938964844,65.12000274658203,43.38691711425781,589300,0.276
2005-09-26,65.3499984741211,65.72000122070312,65.08000183105469,65.44999694824219,43.606773376464844,500500,0.0
2005-09-27,65.4000015258789,65.62000274658203,64.75,65.19999694824219,43.44020462036133,551800,0.0
2005-09-28,65.4000015258789,65.4000015258789,64.47000122070312,64.91000366210938,43.24699401855469,622600,0.0
2005-09-29,64.94999694824219,65.83999633789062,64.54000091552734,65.77999877929688,43.82664489746094,756600,0.0
2005-09-30,65.8499984741211,66.08000183105469,65.54000091552734,65.93000030517578,43.92658233642578,1115100,0.0
2005-10-03,66.1500015258789,66.62999725341797,66.05000305175781,66.30999755859375,44.17979049682617,1589800,0.0
2005-10-04,66.54000091552734,66.63999938964844,65.30000305175781,65.30000305175781,43.50684356689453,2245800,0.0
2005-10-05,65.30000305175781,65.30000305175781,63.650001525878906,63.7400016784668,42.46747589111328,2056100,0.0
2005-10-06,63.70000076293945,64.20999908447266,62.650001525878906,63.41999816894531,42.2542839050293,1298900,0.0
2005-10-07,63.75,64.05999755859375,63.41999816894531,63.81999969482422,42.520782470703125,1232400,0.0
2005-10-10,64.0,64.0,63.119998931884766,63.29999923706055,42.17432403564453,1003200,0.0
2005-10-11,63.400001525878906,63.65999984741211,62.38999938964844,62.38999938964844,41.568031311035156,1987600,0.0
2005-10-12,62.400001525878906,62.65999984741211,61.130001068115234,61.56999969482422,41.021690368652344,1754800,0.0
2005-10-13,61.689998626708984,62.08000183105469,61.060001373291016,61.90999984741211,41.24822998046875,4421000,0.0
2005-10-14,62.470001220703125,62.900001525878906,61.59000015258789,62.849998474121094,41.8745002746582,1583600,0.0
2005-10-17,62.75,63.11000061035156,62.029998779296875,62.84000015258789,41.86785125732422,2659200,0.0
2005-10-18,62.7599983215332,63.04999923706055,61.95000076293945,62.060001373291016,41.34816360473633,869400,0.0
2005-10-19,61.849998474121094,63.34000015258789,61.349998474121094,63.31999969482422,42.187660217285156,1266200,0.0
2005-10-20,63.400001525878906,63.41999816894531,61.72999954223633,62.29999923706055,41.5080680847168,1238500,0.0
2005-10-21,62.400001525878906,63.27000045776367,62.400001525878906,62.900001525878906,41.90781784057617,1028800,0.0
2005-10-24,62.90999984741211,64.25,62.90999984741211,64.25,42.807273864746094,925200,0.0
2005-10-25,64.19999694824219,64.2300033569336,63.08000183105469,63.790000915527344,42.500797271728516,931000,0.0
2005-10-26,63.54999923706055,64.2699966430664,63.11000061035156,63.220001220703125,42.12102508544922,568800,0.0
2005-10-27,63.150001525878906,63.18000030517578,61.959999084472656,62.189998626708984,41.434776306152344,1417400,0.0
2005-10-28,62.5,63.369998931884766,62.11000061035156,63.150001525878906,42.074378967285156,1343300,0.0
2005-10-31,63.79999923706055,64.58999633789062,63.75,63.75,42.47412872314453,1879900,0.0
2005-11-01,64.0999984741211,64.37000274658203,63.70000076293945,64.18000030517578,42.760643005371094,642200,0.0
2005-11-02,64.05000305175781,65.31999969482422,63.900001525878906,65.31999969482422,43.520172119140625,761000,0.0
2005-11-03,66.31999969482422,66.31999969482422,65.0999984741211,65.37000274658203,43.553489685058594,1677600,0.0
2005-11-04,65.44999694824219,65.51000213623047,64.77999877929688,65.2699966430664,43.48685836791992,1729800,0.0
2005-11-07,65.5,65.8499984741211,65.12000274658203,65.4800033569336,43.62678527832031,514800,0.0
2005-11-08,65.30000305175781,65.30999755859375,64.86000061035156,65.23999786376953,43.46685791015625,579700,0.0
2005-11-09,65.0999984741211,65.91999816894531,64.94999694824219,65.38999938964844,43.56681823730469,985600,0.0
2005-11-10,65.5,66.05000305175781,64.5999984741211,65.83999633789062,43.86661911010742,2112400,0.0
2005-11-11,66.05000305175781,66.33999633789062,65.76000213623047,66.19999694824219,44.10647964477539,392300,0.0
2005-11-14,66.25,66.2699966430664,65.55999755859375,65.9800033569336,43.95989990234375,412500,0.0
2005-11-15,65.94999694824219,66.1500015258789,64.87000274658203,65.02999877929688,43.32695770263672,1513400,0.0
2005-11-16,65.0999984741211,65.18000030517578,64.36000061035156,64.93000030517578,43.26033401489258,514400,0.0
2005-11-17,65.05000305175781,66.0,65.05000305175781,65.9800033569336,43.95989990234375,518200,0.0
2005-11-18,66.30000305175781,66.54000091552734,65.94000244140625,66.4000015258789,44.23973846435547,674000,0.0
2005-11-21,66.55000305175781,67.1500015258789,66.0999984741211,67.08000183105469,44.69280242919922,518300,0.0
2005-11-22,66.94999694824219,67.4800033569336,66.73999786376953,67.30000305175781,44.83936309814453,959400,0.0
2005-11-23,67.1500015258789,67.73999786376953,67.1500015258789,67.5199966430664,44.98594665527344,824200,0.0
2005-11-25,67.4000015258789,67.55000305175781,67.22000122070312,67.44999694824219,44.939300537109375,130200,0.0
2005-11-28,67.5,67.5,66.36000061035156,66.55000305175781,44.33966827392578,550500,0.0
2005-11-29,66.75,67.12999725341797,66.43000030517578,66.69999694824219,44.43960189819336,606400,0.0
2005-11-30,66.69999694824219,67.30000305175781,66.62999725341797,66.94999694824219,44.606178283691406,486200,0.0
2005-12-01,67.1500015258789,68.37000274658203,67.1500015258789,68.1500015258789,45.405696868896484,2182400,0.0
2005-12-02,68.0999984741211,68.19999694824219,67.54000091552734,68.19999694824219,45.43899917602539,1235100,0.0
2005-12-05,68.0199966430664,68.04000091552734,67.27999877929688,67.72000122070312,45.119197845458984,1088300,0.0
2005-12-06,68.05000305175781,68.37000274658203,67.72000122070312,67.80000305175781,45.172508239746094,581200,0.0
2005-12-07,67.8499984741211,67.91999816894531,67.12999725341797,67.48999786376953,44.9659423828125,962400,0.0
2005-12-08,67.5,68.13999938964844,67.08000183105469,67.62000274658203,45.05255889892578,1315000,0.0
2005-12-09,67.75,68.06999969482422,67.08999633789062,67.93000030517578,45.25911331176758,1937700,0.0
2005-12-12,68.25,68.2699966430664,67.6500015258789,68.08000183105469,45.35903549194336,965500,0.0
2005-12-13,68.05000305175781,68.33999633789062,67.66000366210938,68.25,45.47231674194336,1498700,0.0
2005-12-14,68.30000305175781,68.55999755859375,67.8499984741211,68.19000244140625,45.43234634399414,719600,0.0
2005-12-15,68.06999969482422,68.1500015258789,67.0999984741211,67.47000122070312,44.95263671875,1871900,0.0
2005-12-16,67.83999633789062,67.8499984741211,67.2300033569336,67.2300033569336,44.7927360534668,830200,0.0
2005-12-19,67.30000305175781,67.30000305175781,66.20999908447266,66.44999694824219,44.27305221557617,1019500,0.0
2005-12-20,66.4000015258789,66.9000015258789,66.0,66.4000015258789,44.23973846435547,1110000,0.0
2005-12-21,66.6500015258789,67.16999816894531,66.56999969482422,66.88999938964844,44.56620407104492,972100,0.0
2005-12-22,66.80000305175781,67.08999633789062,66.51000213623047,67.08999633789062,44.929168701171875,1858400,0.342
2005-12-23,67.3499984741211,67.3499984741211,67.0999984741211,67.16999816894531,44.98274230957031,574800,0.0
2005-12-27,67.4000015258789,67.5,66.26000213623047,66.48999786376953,44.52735900878906,982400,0.0
2005-12-28,66.5999984741211,66.83999633789062,66.26000213623047,66.68000030517578,44.65458297729492,1340200,0.0
2005-12-29,66.80000305175781,66.95999908447266,66.4000015258789,66.4000015258789,44.46709060668945,580400,0.0
2005-12-30,66.0,66.25,65.70999908447266,65.93000030517578,44.15232849121094,1916900,0.0
2006-01-03,66.4000015258789,67.25,65.27999877929688,67.2300033569336,45.022926330566406,1662600,0.0
2006-01-04,67.25,67.69999694824219,67.0199966430664,67.56999969482422,45.25062942504883,1034400,0.0
2006-01-05,67.55000305175781,67.80000305175781,67.25,67.80000305175781,45.40465545654297,1361700,0.0
2006-01-06,68.19999694824219,68.5,67.66000366210938,68.38999938964844,45.799774169921875,1063700,0.0
2006-01-09,68.5,69.19999694824219,68.45999908447266,68.87000274658203,46.12120056152344,994900,0.0
2006-01-10,68.69999694824219,69.55999755859375,68.51000213623047,69.5,46.54310989379883,1166500,0.0
2006-01-11,69.66999816894531,69.66999816894531,68.93000030517578,69.48999786376953,46.536407470703125,863400,0.0
2006-01-12,69.27999877929688,69.52999877929688,68.91000366210938,69.12999725341797,46.29533004760742,1540100,0.0
2006-01-13,69.30000305175781,69.33999633789062,68.83999633789062,69.2300033569336,46.362308502197266,567100,0.0
2006-01-17,68.97000122070312,68.97000122070312,68.41999816894531,68.83000183105469,46.09443283081055,1065500,0.0
2006-01-18,68.44999694824219,68.91999816894531,68.33000183105469,68.87000274658203,46.12120056152344,1157700,0.0
2006-01-19,68.9800033569336,69.97000122070312,68.79000091552734,69.6500015258789,46.64356994628906,1674600,0.0
2006-01-20,69.88999938964844,69.88999938964844,68.69000244140625,69.0999984741211,46.275238037109375,2050700,0.0
2006-01-23,69.0999984741211,69.52999877929688,69.0,69.29000091552734,46.40248489379883,694100,0.0
2006-01-24,69.5,70.44000244140625,69.48999786376953,70.08999633789062,46.93822479248047,1305200,0.0
2006-01-25,70.43000030517578,70.58000183105469,69.81999969482422,70.41999816894531,47.15921401977539,1305700,0.0
2006-01-26,70.5,71.22000122070312,70.4000015258789,71.16000366210938,47.654808044433594,936400,0.0
2006-01-27,71.31999969482422,71.97000122070312,71.06999969482422,71.41999816894531,47.828922271728516,1033400,0.0
2006-01-30,71.4000015258789,71.63999938964844,71.08000183105469,71.19999694824219,47.68156814575195,1961600,0.0
2006-01-31,71.05000305175781,71.62999725341797,70.76000213623047,71.05000305175781,47.581119537353516,2371200,0.0
2006-02-01,71.30000305175781,71.91999816894531,71.19999694824219,71.69000244140625,48.009727478027344,1119200,0.0
2006-02-02,71.75,71.75,70.37000274658203,70.77999877929688,47.40031814575195,1522500,0.0
2006-02-03,70.55000305175781,71.12000274658203,70.19000244140625,70.5199966430664,47.226200103759766,802200,0.0
2006-02-06,70.6500015258789,71.08999633789062,70.23999786376953,71.05000305175781,47.581119537353516,1348700,0.0
2006-02-07,71.05000305175781,71.2699966430664,70.0,70.11000061035156,46.95162582397461,1380300,0.0
2006-02-08,70.25,70.62999725341797,69.75,70.5999984741211,47.279781341552734,1585200,0.0
2006-02-09,70.5999984741211,71.06999969482422,70.0199966430664,70.0199966430664,46.8913688659668,958800,0.0
2006-02-10,69.94999694824219,70.2300033569336,69.29000091552734,69.98999786376953,46.87126541137695,942100,0.0
2006-02-13,70.0,70.0,69.27999877929688,69.5999984741211,46.61006164550781,621200,0.0
2006-02-14,69.80000305175781,70.7300033569336,69.16999816894531,70.56999969482422,47.25966262817383,1055200,0.0
2006-02-15,69.95999908447266,71.02999877929688,69.95999908447266,71.02999877929688,47.5677375793457,821100,0.0
2006-02-16,71.3499984741211,71.68000030517578,71.05000305175781,71.62999725341797,47.96955490112305,1470900,0.0
2006-02-17,71.69999694824219,71.75,71.22000122070312,71.5199966430664,47.89588928222656,630800,0.0
2006-02-21,71.75,71.7699966430664,70.75,71.33000183105469,47.76864242553711,388800,0.0
2006-02-22,71.4000015258789,71.94999694824219,71.05999755859375,71.79000091552734,48.07669448852539,925200,0.0
2006-02-23,71.69999694824219,72.19000244140625,71.29000091552734,71.58000183105469,47.9360466003418,1095500,0.0
2006-02-24,71.69999694824219,72.26000213623047,71.33000183105469,72.25,48.3847541809082,777800,0.0
2006-02-27,72.33000183105469,72.75,72.2300033569336,72.3499984741211,48.45169448852539,1154500,0.0
2006-02-28,72.3499984741211,72.3499984741211,71.31999969482422,71.33999633789062,47.77534484863281,986300,0.0
2006-03-01,71.44999694824219,72.6500015258789,71.44999694824219,72.54000091552734,48.578948974609375,908300,0.0
2006-03-02,72.5,72.62999725341797,71.9000015258789,72.44000244140625,48.51198196411133,3180800,0.0
2006-03-03,72.0999984741211,72.91000366210938,71.9800033569336,72.02999877929688,48.23740768432617,1532400,0.0
2006-03-06,72.0999984741211,72.26000213623047,71.36000061035156,71.61000061035156,47.9561653137207,743600,0.0
2006-03-07,71.01000213623047,71.12999725341797,70.43000030517578,70.54000091552734,47.239585876464844,515600,0.0
2006-03-08,70.44999694824219,71.0199966430664,69.93000030517578,70.87999725341797,47.467262268066406,1119500,0.0
2006-03-09,70.80000305175781,71.25,70.31999969482422,70.37000274658203,47.125732421875,1153700,0.0
2006-03-10,70.5,71.44000244140625,70.2300033569336,71.44000244140625,47.84230422973633,642000,0.0
2006-03-13,71.80000305175781,72.0999984741211,71.22000122070312,71.51000213623047,47.88916778564453,848200,0.0
2006-03-14,71.30000305175781,72.44999694824219,71.0999984741211,72.4000015258789,48.48521041870117,1270700,0.0
2006-03-15,72.30000305175781,73.11000061035156,72.18000030517578,72.97000122070312,48.86692810058594,1065000,0.0
2006-03-16,73.30000305175781,73.55999755859375,72.93000030517578,73.04000091552734,48.913795471191406,731700,0.0
2006-03-17,73.25,73.47000122070312,72.81999969482422,73.20999908447266,49.02766036987305,2297500,0.0
2006-03-20,73.30000305175781,73.4000015258789,72.69999694824219,73.1500015258789,48.98745346069336,1336100,0.0
2006-03-21,73.05000305175781,73.48999786376953,71.9800033569336,72.0,48.21732711791992,845100,0.0
2006-03-22,71.94999694824219,73.12999725341797,71.77999877929688,72.81999969482422,48.76646041870117,818000,0.0
2006-03-23,72.93000030517578,73.25,72.62000274658203,73.25,49.05442810058594,536500,0.0
2006-03-24,73.05000305175781,73.62000274658203,72.86000061035156,73.58999633789062,49.454952239990234,548500,0.256
2006-03-27,73.6500015258789,73.72000122070312,73.19000244140625,73.72000122070312,49.54230880737305,504900,0.0
2006-03-28,73.6500015258789,74.04000091552734,73.12999725341797,73.33000183105469,49.28022766113281,497000,0.0
2006-03-29,73.6500015258789,74.77999877929688,73.55999755859375,74.7699966430664,50.24795913696289,1111100,0.0
2006-03-30,74.8499984741211,75.05000305175781,74.13999938964844,74.56999969482422,50.11354446411133,902300,0.0
2006-03-31,74.6500015258789,74.76000213623047,74.06999969482422,74.73999786376953,50.2277946472168,1588700,0.0
2006-04-03,74.8499984741211,75.20999908447266,74.13999938964844,74.30000305175781,49.93210220336914,666700,0.0
2006-04-04,74.1500015258789,74.81999969482422,73.91999816894531,74.51000213623047,50.07323455810547,871000,0.0
2006-04-05,74.5999984741211,74.8499984741211,74.08999633789062,74.66999816894531,50.18075942993164,1925200,0.0
2006-04-06,74.69999694824219,74.9000015258789,74.29000091552734,74.9000015258789,50.335323333740234,537000,0.0
2006-04-07,75.1500015258789,75.37999725341797,73.62999725341797,73.70999908447266,49.53561782836914,535900,0.0
2006-04-10,73.80000305175781,74.12000274658203,73.20999908447266,73.5,49.39448165893555,1717400,0.0
2006-04-11,73.6500015258789,73.77999877929688,72.19000244140625,72.33999633789062,48.61489486694336,1351000,0.0
2006-04-12,72.44999694824219,73.0999984741211,72.44999694824219,73.01000213623047,49.06517791748047,753000,0.0
2006-04-13,73.0,73.54000091552734,72.51000213623047,73.30000305175781,49.260066986083984,775100,0.0
2006-04-17,73.19999694824219,73.45999908447266,72.55999755859375,73.0,49.058475494384766,654600,0.0
2006-04-18,73.55000305175781,75.19999694824219,73.41000366210938,75.19999694824219,50.53692626953125,1462400,0.0
2006-04-19,75.3499984741211,75.91999816894531,74.95999908447266,75.9000015258789,51.00736618041992,501400,0.0
2006-04-20,76.55000305175781,76.55000305175781,74.79000091552734,75.4000015258789,50.671348571777344,1276700,0.0
2006-04-21,75.8499984741211,75.95999908447266,74.94000244140625,75.29000091552734,50.597415924072266,559200,0.0
2006-04-24,75.25,75.4000015258789,74.45999908447266,74.69999694824219,50.20091247558594,515300,0.0
2006-04-25,74.9000015258789,74.9000015258789,74.19999694824219,74.80000305175781,50.268131256103516,1675400,0.0
2006-04-26,74.8499984741211,75.5,74.63999938964844,75.01000213623047,50.40924835205078,916200,0.0
2006-04-27,74.4000015258789,75.61000061035156,73.83000183105469,74.44999694824219,50.032875061035156,1181300,0.0
2006-04-28,74.30000305175781,75.16000366210938,74.1500015258789,74.98999786376953,50.39580535888672,1632100,0.0
2006-05-01,75.44999694824219,75.52999877929688,74.38999938964844,74.38999938964844,49.99259567260742,885500,0.0
2006-05-02,74.75,75.5,74.43000030517578,75.5,50.738529205322266,453200,0.0
2006-05-03,75.44999694824219,75.69999694824219,74.86000061035156,75.43000030517578,50.691505432128906,1145200,0.0
2006-05-04,75.55000305175781,76.23999786376953,75.54000091552734,76.23999786376953,51.2358512878418,461600,0.0
2006-05-05,76.6500015258789,77.22000122070312,76.45999908447266,76.76000213623047,51.585323333740234,1662000,0.0
2006-05-08,76.75,76.9800033569336,75.9000015258789,76.83999633789062,51.63908386230469,738600,0.0
2006-05-09,76.76000213623047,76.95999908447266,76.55999755859375,76.86000061035156,51.65249252319336,265100,0.0
2006-05-10,76.6500015258789,76.69999694824219,75.94999694824219,76.44000244140625,51.37025833129883,1245000,0.0
2006-05-11,76.25,76.30000305175781,74.58999633789062,74.83999633789062,50.29498291015625,867600,0.0
2006-05-12,74.26000213623047,74.30000305175781,73.0,73.06999969482422,49.105506896972656,1796100,0.0
2006-05-15,72.55000305175781,73.11000061035156,72.05000305175781,72.91000366210938,48.997982025146484,933500,0.0
2006-05-16,73.05000305175781,73.47000122070312,72.62000274658203,73.01000213623047,49.06517791748047,552400,0.0
2006-05-17,72.30000305175781,72.75,71.62999725341797,71.87000274658203,48.29906463623047,1440600,0.0
2006-05-18,72.19999694824219,72.61000061035156,71.02999877929688,71.12000274658203,47.79502868652344,1078500,0.0
2006-05-19,71.19999694824219,72.1500015258789,70.5999984741211,72.04000091552734,48.4133186340332,1723500,0.0
2006-05-22,71.25,71.83999633789062,70.30000305175781,71.27999877929688,47.90256881713867,1303200,0.0
2006-05-23,72.0,72.36000061035156,70.30000305175781,70.38999938964844,47.30447006225586,887300,0.0
2006-05-24,70.5999984741211,71.43000030517578,69.38999938964844,71.06999969482422,47.761417388916016,989200,0.0
2006-05-25,71.55000305175781,72.55000305175781,71.29000091552734,72.48999786376953,48.715728759765625,1057100,0.0
2006-05-26,72.69999694824219,72.83999633789062,72.23999786376953,72.73999786376953,48.88374710083008,554200,0.0
2006-05-30,72.30000305175781,72.3499984741211,70.66999816894531,70.7699966430664,47.559818267822266,740900,0.0
2006-05-31,71.0,71.98999786376953,70.86000061035156,71.98999786376953,48.37970733642578,817000,0.0
2006-06-01,72.0,73.44999694824219,71.80000305175781,73.44999694824219,49.36087417602539,672800,0.0
2006-06-02,73.80000305175781,73.98999786376953,72.83000183105469,73.5,49.39448165893555,3975100,0.0
2006-06-05,73.0999984741211,73.30000305175781,71.12000274658203,71.44999694824219,48.01680374145508,1121800,0.0
2006-06-06,71.3499984741211,71.41999816894531,70.16000366210938,71.1500015258789,47.815208435058594,1388000,0.0
2006-06-07,71.0,72.0999984741211,70.45999908447266,70.63999938964844,47.47243881225586,975000,0.0
2006-06-08,70.19999694824219,71.04000091552734,68.66999816894531,70.91999816894531,47.66062927246094,2622300,0.0
2006-06-09,71.19999694824219,71.55000305175781,70.0,70.19000244140625,47.1700325012207,766400,0.0
2006-06-12,70.30000305175781,70.30000305175781,68.55000305175781,68.70999908447266,46.17543029785156,1608000,0.0
2006-06-13,68.25,69.43000030517578,67.55000305175781,67.62000274658203,45.44291687011719,1028800,0.0
2006-06-14,67.5999984741211,68.41999816894531,67.37999725341797,68.33000183105469,45.920074462890625,1151800,0.0
2006-06-15,68.94999694824219,70.70999908447266,68.86000061035156,70.58000183105469,47.432125091552734,1876100,0.0
2006-06-16,70.19000244140625,70.3499984741211,69.29000091552734,69.61000061035156,46.78026580810547,879800,0.0
2006-06-19,69.75,69.83000183105469,68.22000122070312,68.33000183105469,45.920074462890625,1775300,0.0
2006-06-20,68.55000305175781,69.11000061035156,68.13999938964844,68.16999816894531,45.81254196166992,1590600,0.0
2006-06-21,68.1500015258789,69.72000122070312,68.08000183105469,69.47000122070312,46.68617248535156,1303400,0.0
2006-06-22,68.6500015258789,69.11000061035156,68.44000244140625,68.9000015258789,46.44485092163086,2349800,0.212
2006-06-23,68.55000305175781,69.4800033569336,68.31999969482422,69.13999938964844,46.606632232666016,1475200,0.0
2006-06-26,69.66000366210938,70.05000305175781,69.4000015258789,70.05000305175781,47.220054626464844,767300,0.0
2006-06-27,70.12999725341797,70.30999755859375,68.58000183105469,68.88999938964844,46.43812561035156,1660800,0.0
2006-06-28,68.9000015258789,69.25,68.16999816894531,69.25,46.68077087402344,925700,0.0
2006-06-29,69.75,71.80000305175781,69.62000274658203,71.80000305175781,48.39970779418945,2753100,0.0
2006-06-30,72.1500015258789,72.37000274658203,71.05999755859375,72.37000274658203,48.7839469909668,3213900,0.0
2006-07-03,72.3499984741211,73.0,72.08000183105469,73.0,49.20864486694336,1295500,0.0
2006-07-05,72.5,72.5,71.44000244140625,72.08000183105469,48.58847427368164,1623700,0.0
2006-07-06,72.27999877929688,72.70999908447266,71.81999969482422,72.33000183105469,48.75698471069336,1109200,0.0
2006-07-07,71.76000213623047,72.43000030517578,71.18000030517578,71.4000015258789,48.130088806152344,870100,0.0
2006-07-10,71.55000305175781,72.16000366210938,71.29000091552734,71.56999969482422,48.24467468261719,695400,0.0
2006-07-11,71.19999694824219,72.2300033569336,70.77999877929688,72.2300033569336,48.68958282470703,1247000,0.0
2006-07-12,71.94999694824219,72.0999984741211,70.69000244140625,70.87000274658203,47.77281951904297,1163900,0.0
2006-07-13,70.33000183105469,70.68000030517578,69.26000213623047,69.30000305175781,46.7144889831543,1940600,0.0
2006-07-14,69.3499984741211,69.4000015258789,68.37000274658203,68.9000015258789,46.44485092163086,1259000,0.0
2006-07-17,69.13999938964844,69.55999755859375,68.54000091552734,69.04000091552734,46.53924560546875,814200,0.0
2006-07-18,69.4000015258789,69.63999938964844,68.4000015258789,69.62999725341797,46.93695068359375,1086300,0.0
2006-07-19,69.6500015258789,71.43000030517578,69.44999694824219,71.08999633789062,47.92112731933594,1647600,0.0
2006-07-20,71.62000274658203,71.75,69.4000015258789,69.4000015258789,46.78188705444336,1152500,0.0
2006-07-21,69.19999694824219,69.19999694824219,68.19999694824219,68.56999969482422,46.22239303588867,1151100,0.0
2006-07-24,69.25,70.62000274658203,69.22000122070312,70.62000274658203,47.60428237915039,1039500,0.0
2006-07-25,70.44999694824219,71.43000030517578,70.19999694824219,70.80000305175781,47.72563552856445,1576900,0.0
2006-07-26,70.75,71.3499984741211,69.9000015258789,70.76000213623047,47.698673248291016,1330500,0.0
2006-07-27,71.3499984741211,71.5,69.83000183105469,70.0999984741211,47.25374984741211,2552600,0.0
2006-07-28,70.5199966430664,71.5999984741211,70.37000274658203,71.5999984741211,48.264896392822266,947900,0.0
2006-07-31,71.23999786376953,71.58000183105469,70.88999938964844,71.5,48.197505950927734,999400,0.0
2006-08-01,70.8499984741211,70.9000015258789,70.12000274658203,70.54000091552734,47.55035400390625,746900,0.0
2006-08-02,70.80000305175781,71.51000213623047,70.70999908447266,71.30000305175781,48.06266403198242,940400,0.0
2006-08-03,70.5,72.02999877929688,70.31999969482422,71.9000015258789,48.46712112426758,755700,0.0
2006-08-04,72.80000305175781,73.08999633789062,70.97000122070312,71.54000091552734,48.22446060180664,2507800,0.0
2006-08-07,71.25,71.5,70.87000274658203,71.3499984741211,48.09636688232422,343700,0.0
2006-08-08,71.55000305175781,71.87999725341797,70.19999694824219,70.19999694824219,47.3211669921875,984500,0.0
2006-08-09,70.94999694824219,71.2699966430664,69.70999908447266,69.75,47.01782989501953,667200,0.0
2006-08-10,69.37999725341797,70.70999908447266,69.0999984741211,70.2300033569336,47.34138488769531,1127600,0.0
2006-08-11,69.9800033569336,70.11000061035156,69.45999908447266,69.76000213623047,47.02457809448242,857700,0.0
2006-08-14,70.19999694824219,70.9800033569336,69.83999633789062,70.0999984741211,47.25374984741211,655100,0.0
2006-08-15,71.0,71.58000183105469,70.88999938964844,71.58000183105469,48.25142288208008,885400,0.0
2006-08-16,72.0199966430664,72.43000030517578,71.55999755859375,72.37999725341797,48.79068374633789,870700,0.0
2006-08-17,72.22000122070312,72.81999969482422,72.08000183105469,72.55000305175781,48.905296325683594,884000,0.0
2006-08-18,72.69999694824219,72.83000183105469,71.94999694824219,72.69999694824219,49.00639724731445,575000,0.0
2006-08-21,72.3499984741211,72.3499984741211,71.80999755859375,72.16000366210938,48.64241027832031,1620600,0.0
2006-08-22,72.0,72.44000244140625,71.8499984741211,72.2699966430664,48.716548919677734,3068500,0.0
2006-08-23,72.37000274658203,72.61000061035156,71.12999725341797,71.52999877929688,48.21770477294922,531200,0.0
2006-08-24,71.81999969482422,71.81999969482422,70.94999694824219,71.44000244140625,48.15705871582031,636800,0.0
2006-08-25,71.4000015258789,71.94000244140625,71.20999908447266,71.4000015258789,48.130088806152344,519000,0.0
2006-08-28,71.55000305175781,72.29000091552734,71.43000030517578,72.16000366210938,48.64241027832031,850200,0.0
2006-08-29,72.37999725341797,73.12999725341797,71.81999969482422,73.12999725341797,49.29624938964844,1004800,0.0
2006-08-30,73.19999694824219,73.75,72.94999694824219,73.5,49.54568099975586,1081900,0.0
2006-08-31,73.91000366210938,74.05000305175781,73.44999694824219,73.58000183105469,49.59959411621094,778600,0.0
2006-09-01,73.91000366210938,74.04000091552734,73.3499984741211,73.69000244140625,49.673744201660156,450800,0.0
2006-09-05,73.80000305175781,74.3499984741211,73.5999984741211,74.20999908447266,50.02427291870117,467200,0.0
2006-09-06,73.75,73.75,72.80999755859375,72.80999755859375,49.080562591552734,1130000,0.0
2006-09-07,72.48999786376953,73.0199966430664,72.16000366210938,72.26000213623047,48.709800720214844,735900,0.0
2006-09-08,72.44999694824219,72.7300033569336,72.19000244140625,72.61000061035156,48.945743560791016,242800,0.0
2006-09-11,72.33000183105469,72.91999816894531,71.83999633789062,72.83999633789062,49.10075759887695,646700,0.0
2006-09-12,73.04000091552734,74.33000183105469,72.69999694824219,74.2699966430664,50.064701080322266,1416000,0.0
2006-09-13,74.23999786376953,74.86000061035156,74.06999969482422,74.83000183105469,50.44224166870117,348800,0.0
2006-09-14,74.5,74.62000274658203,74.0,74.54000091552734,50.246734619140625,686600,0.0
2006-09-15,74.8499984741211,75.0,74.23999786376953,74.69999694824219,50.354576110839844,1196900,0.0
2006-09-18,74.5199966430664,74.9800033569336,74.12000274658203,74.69000244140625,50.34785079956055,1097000,0.0
2006-09-19,74.62000274658203,74.62000274658203,73.19000244140625,74.20999908447266,50.02427291870117,1073400,0.0
2006-09-20,74.8499984741211,75.45999908447266,74.7300033569336,75.11000061035156,50.63097381591797,601400,0.0
2006-09-21,75.37999725341797,75.52999877929688,74.08000183105469,74.44999694824219,50.18602752685547,522200,0.0
2006-09-22,74.0199966430664,74.2699966430664,73.12000274658203,73.5999984741211,49.613094329833984,931800,0.0
2006-09-25,73.75,74.80999755859375,73.30999755859375,74.62999725341797,50.307395935058594,654200,0.0
2006-09-26,74.1500015258789,74.76000213623047,73.95999908447266,74.41000366210938,50.40901565551758,559600,0.37
2006-09-27,74.30000305175781,74.91000366210938,74.05000305175781,74.73999786376953,50.632572174072266,890800,0.0
2006-09-28,75.0,75.12999725341797,74.2300033569336,74.55999755859375,50.5106201171875,1672700,0.0
2006-09-29,74.69999694824219,74.87999725341797,73.69999694824219,73.75,49.96190643310547,1441200,0.0
2006-10-02,73.75,74.05000305175781,72.95999908447266,73.31999969482422,49.67059326171875,1050400,0.0
2006-10-03,72.91999816894531,73.77999877929688,72.62000274658203,73.1500015258789,49.5554313659668,1412800,0.0
2006-10-04,73.0999984741211,74.94000244140625,73.08999633789062,74.69999694824219,50.6054573059082,915800,0.0
2006-10-05,74.94999694824219,75.73999786376953,74.69999694824219,75.5999984741211,51.21517562866211,936400,0.0
2006-10-06,75.3499984741211,75.58999633789062,74.73999786376953,75.22000122070312,50.957740783691406,1121100,0.0
2006-10-09,75.16999816894531,75.86000061035156,74.77999877929688,75.80999755859375,51.357444763183594,509700,0.0
2006-10-10,75.80999755859375,76.0,75.3499984741211,75.81999969482422,51.36423110961914,583600,0.0
2006-10-11,75.44999694824219,75.93000030517578,74.70999908447266,75.33000183105469,51.032264709472656,704800,0.0
2006-10-12,75.76000213623047,76.83000183105469,75.66000366210938,76.69999694824219,51.96036148071289,752000,0.0
2006-10-13,76.94999694824219,77.4000015258789,76.68000030517578,77.4000015258789,52.43458557128906,782000,0.0
2006-10-16,77.4000015258789,77.94999694824219,77.16999816894531,77.80000305175781,52.70558547973633,888100,0.0
2006-10-17,77.44999694824219,77.68000030517578,76.87000274658203,77.48999786376953,52.49556350708008,931800,0.0
2006-10-18,78.0999984741211,78.19000244140625,77.16999816894531,77.4000015258789,52.43458557128906,858400,0.0
2006-10-19,77.19000244140625,77.93000030517578,77.0999984741211,77.72000122070312,52.65140151977539,391800,0.0
2006-10-20,77.97000122070312,77.97000122070312,77.0199966430664,77.12000274658203,52.244903564453125,880300,0.0
2006-10-23,77.01000213623047,77.75,76.66999816894531,77.41000366210938,52.441375732421875,800400,0.0
2006-10-24,77.0,77.4000015258789,76.87999725341797,77.26000213623047,52.339744567871094,912900,0.0
2006-10-25,77.33999633789062,77.8499984741211,76.87999725341797,77.73999786376953,52.66492462158203,618300,0.0
2006-10-26,78.13999938964844,78.5,77.33999633789062,78.37999725341797,53.09848403930664,961100,0.0
2006-10-27,78.37000274658203,78.4800033569336,77.31999969482422,77.4000015258789,52.43458557128906,864800,0.0
2006-10-30,77.69999694824219,78.18000030517578,76.9800033569336,78.08999633789062,52.902015686035156,1336600,0.0
2006-10-31,78.19999694824219,78.26000213623047,77.0999984741211,77.61000061035156,52.576866149902344,1226400,0.0
2006-11-01,77.9800033569336,77.9800033569336,76.12000274658203,76.12000274658203,51.56745910644531,1617100,0.0
2006-11-02,75.55000305175781,76.37999725341797,75.55000305175781,75.83000183105469,51.3709716796875,1632300,0.0
2006-11-03,76.41000366210938,76.68000030517578,75.66000366210938,76.16999816894531,51.601318359375,1021100,0.0
2006-11-06,76.9000015258789,77.48999786376953,76.30000305175781,77.0999984741211,52.23137283325195,724200,0.0
2006-11-07,77.30000305175781,78.08999633789062,77.16999816894531,77.43000030517578,52.45490264892578,1089700,0.0
2006-11-08,76.80000305175781,78.16999816894531,76.66999816894531,77.94999694824219,52.807186126708984,948900,0.0
2006-11-09,78.45999908447266,78.45999908447266,76.81999969482422,77.19000244140625,52.292335510253906,618900,0.0
2006-11-10,77.3499984741211,78.05000305175781,77.11000061035156,78.05000305175781,52.87493133544922,821900,0.0
2006-11-13,78.0,78.44999694824219,77.73999786376953,78.23999786376953,53.003631591796875,737500,0.0
2006-11-14,78.58000183105469,79.73999786376953,77.9800033569336,79.73999786376953,54.01982879638672,2504700,0.0
2006-11-15,79.69999694824219,80.48999786376953,79.55000305175781,80.19999694824219,54.3314323425293,1381400,0.0
2006-11-16,80.76000213623047,80.76000213623047,79.88999938964844,80.16999816894531,54.31112289428711,1184800,0.0
2006-11-17,80.16999816894531,80.16999816894531,79.44999694824219,80.16999816894531,54.31112289428711,1637000,0.0
2006-11-20,80.05999755859375,80.38999938964844,79.69999694824219,80.2699966430664,54.37887191772461,1473300,0.0
2006-11-21,80.0,80.4000015258789,79.9000015258789,80.37999725341797,54.453392028808594,2051100,0.0
2006-11-22,80.62999725341797,80.62999725341797,80.11000061035156,80.5,54.53469467163086,1060600,0.0
2006-11-24,79.8499984741211,80.5,79.72000122070312,80.0,54.19597244262695,259000,0.0
2006-11-27,80.13999938964844,80.13999938964844,78.20999908447266,78.26000213623047,53.017181396484375,1489900,0.0
2006-11-28,77.75,78.76000213623047,77.75,78.70999908447266,53.32204055786133,1373600,0.0
2006-11-29,79.1500015258789,79.76000213623047,78.91999816894531,79.66000366210938,53.96562957763672,795300,0.0
2006-11-30,79.41000366210938,80.18000030517578,79.11000061035156,79.62000274658203,53.93851089477539,783900,0.0
2006-12-01,79.91999816894531,79.93000030517578,78.38999938964844,79.37999725341797,53.77596664428711,1120600,0.0
2006-12-04,79.69999694824219,80.87999725341797,78.97000122070312,80.81999969482422,54.75145721435547,1933600,0.0
2006-12-05,81.0,81.26000213623047,80.6500015258789,80.88999938964844,54.79890823364258,1529400,0.0
2006-12-06,80.75,80.9800033569336,80.33000183105469,80.55999755859375,54.57535171508789,1575800,0.0
2006-12-07,80.91000366210938,80.93000030517578,80.06999969482422,80.06999969482422,54.24338150024414,1260300,0.0
2006-12-08,79.83000183105469,80.68000030517578,79.63999938964844,80.19999694824219,54.3314323425293,1890400,0.0
2006-12-11,80.06999969482422,80.55999755859375,79.93000030517578,80.5,54.53469467163086,1761900,0.0
2006-12-12,80.55000305175781,80.55000305175781,79.63999938964844,80.16999816894531,54.31112289428711,1611600,0.0
2006-12-13,80.55000305175781,80.61000061035156,79.88999938964844,80.41000366210938,54.47370147705078,1193700,0.0
2006-12-14,80.48999786376953,81.30000305175781,80.33000183105469,80.76000213623047,54.7108039855957,1864400,0.0
2006-12-15,80.76000213623047,81.29000091552734,80.69999694824219,80.7699966430664,54.717613220214844,1981400,0.0
2006-12-18,81.23999786376953,81.23999786376953,79.4800033569336,79.76000213623047,54.03337097167969,1439800,0.0
2006-12-19,79.05000305175781,79.93000030517578,79.01000213623047,79.7699966430664,54.040157318115234,1681700,0.0
2006-12-20,79.75,79.95999908447266,79.37000274658203,79.76000213623047,54.33031463623047,3293200,0.436
2006-12-21,79.9000015258789,80.12999725341797,79.16999816894531,79.33000183105469,54.037410736083984,3171700,0.0
2006-12-22,79.58999633789062,79.58999633789062,78.88999938964844,79.06999969482422,53.86030960083008,1285800,0.0
2006-12-26,79.30000305175781,80.16999816894531,79.18000030517578,80.1500015258789,54.596004486083984,2003400,0.0
2006-12-27,80.52999877929688,81.16999816894531,80.29000091552734,81.12000274658203,55.2567024230957,1588700,0.0
2006-12-28,81.1500015258789,81.2300033569336,80.6500015258789,80.87999725341797,55.09323501586914,1372200,0.0
2006-12-29,81.01000213623047,81.01000213623047,79.9000015258789,80.04000091552734,54.52104187011719,1421300,0.0
2007-01-03,80.9000015258789,81.16999816894531,79.31999969482422,80.23999786376953,54.65729522705078,2023400,0.0
2007-01-04,80.27999877929688,80.54000091552734,79.29000091552734,80.36000061035156,54.73902130126953,3182500,0.0
2007-01-05,80.12000274658203,80.12000274658203,78.58999633789062,78.72000122070312,53.62189865112305,2629000,0.0
2007-01-08,78.98999786376953,79.0199966430664,77.97000122070312,78.7300033569336,53.628726959228516,2054200,0.0
2007-01-09,78.66999816894531,79.0999984741211,77.97000122070312,79.01000213623047,53.81943893432617,2351200,0.0
2007-01-10,78.69999694824219,79.16000366210938,78.44999694824219,79.16000366210938,53.92164993286133,1941300,0.0
2007-01-11,79.36000061035156,80.29000091552734,79.12999725341797,79.86000061035156,54.398441314697266,1411200,0.0
2007-01-12,80.0999984741211,80.75,79.9000015258789,80.75,55.00466537475586,1433000,0.0
2007-01-16,80.79000091552734,81.0199966430664,79.94999694824219,80.06999969482422,54.5414924621582,1873100,0.0
2007-01-17,80.04000091552734,80.41999816894531,79.7699966430664,79.88999938964844,54.41886520385742,1828800,0.0
2007-01-18,79.6500015258789,79.75,78.80000305175781,78.9800033569336,53.79901123046875,2102900,0.0
2007-01-19,78.75,79.79000091552734,78.66000366210938,79.55000305175781,54.18727493286133,1347100,0.0
2007-01-22,79.73999786376953,79.73999786376953,78.7300033569336,79.01000213623047,53.81943893432617,1721700,0.0
2007-01-23,78.8499984741211,80.02999877929688,78.80999755859375,79.62000274658203,54.23494338989258,3066400,0.0
2007-01-24,79.86000061035156,80.58999633789062,79.72000122070312,80.4800033569336,54.82076644897461,1913100,0.0
2007-01-25,80.72000122070312,80.72000122070312,79.22000122070312,79.45999908447266,54.12596130371094,2028100,0.0
2007-01-26,79.51000213623047,80.04000091552734,78.86000061035156,79.7300033569336,54.309879302978516,2307600,0.0
2007-01-29,79.91999816894531,80.76000213623047,79.80000305175781,80.5199966430664,54.8480110168457,2765000,0.0
2007-01-30,80.7699966430664,81.44000244140625,79.70999908447266,80.9800033569336,55.161346435546875,1321800,0.0
2007-01-31,81.0199966430664,81.63999938964844,80.5199966430664,81.22000122070312,55.324825286865234,2298100,0.0
2007-02-01,81.58000183105469,82.0,81.2300033569336,82.0,55.856143951416016,1620100,0.0
2007-02-02,81.98999786376953,82.23999786376953,81.7699966430664,82.0199966430664,55.86976623535156,1342500,0.0
2007-02-05,82.16999816894531,82.23999786376953,81.56999969482422,81.9800033569336,55.8425178527832,2126100,0.0
2007-02-06,82.30999755859375,82.37000274658203,81.68000030517578,82.37000274658203,56.10816955566406,1434900,0.0
2007-02-07,82.62999725341797,83.2300033569336,82.18000030517578,83.2300033569336,56.694000244140625,1493100,0.0
2007-02-08,82.69999694824219,82.93000030517578,82.44999694824219,82.93000030517578,56.489662170410156,1299900,0.0
2007-02-09,82.95999908447266,82.95999908447266,81.38999938964844,82.01000213623047,55.86296844482422,1671200,0.0
2007-02-12,82.18000030517578,82.18000030517578,81.4800033569336,81.9000015258789,55.78804016113281,1685000,0.0
2007-02-13,82.16000366210938,82.58000183105469,81.9000015258789,82.58000183105469,56.2512321472168,1275900,0.0
2007-02-14,82.7300033569336,83.12000274658203,82.37999725341797,82.58000183105469,56.2512321472168,1099400,0.0
2007-02-15,82.55999755859375,82.86000061035156,82.25,82.5199966430664,56.210350036621094,1151800,0.0
2007-02-16,82.55000305175781,82.87000274658203,82.02999877929688,82.7699966430664,56.38067626953125,1191200,0.0
2007-02-20,82.81999969482422,83.70999908447266,82.1500015258789,83.55999755859375,56.918792724609375,1347000,0.0
2007-02-21,83.3499984741211,83.61000061035156,82.98999786376953,83.51000213623047,56.884727478027344,1292500,0.0
2007-02-22,83.7300033569336,83.83000183105469,83.0,83.73999786376953,57.04136657714844,1144200,0.0
2007-02-23,83.75,83.75,83.0,83.30000305175781,56.74165344238281,1048200,0.0
2007-02-26,83.58999633789062,83.72000122070312,82.43000030517578,83.05999755859375,56.578189849853516,1917900,0.0
2007-02-27,81.30999755859375,82.1500015258789,79.5,79.5,54.153221130371094,5103100,0.0
2007-02-28,79.88999938964844,80.69000244140625,79.22000122070312,80.18000030517578,54.61640167236328,2095800,0.0
2007-03-01,79.0199966430664,80.61000061035156,78.33000183105469,79.80000305175781,54.35757064819336,3273700,0.0
2007-03-02,79.76000213623047,79.93000030517578,78.3499984741211,78.3499984741211,53.369869232177734,3502000,0.0
2007-03-05,77.41000366210938,78.81999969482422,76.55999755859375,76.69000244140625,52.23917007446289,2055800,0.0
2007-03-06,77.94000244140625,79.27999877929688,77.68000030517578,78.79000091552734,53.669586181640625,2083700,0.0
2007-03-07,78.88999938964844,79.20999908447266,78.33000183105469,78.41000366210938,53.410728454589844,1528800,0.0
2007-03-08,79.5199966430664,80.37000274658203,78.8499984741211,79.37999725341797,54.07150650024414,1548400,0.0
2007-03-09,79.79000091552734,79.80999755859375,79.0,79.77999877929688,54.343963623046875,1176200,0.0
2007-03-12,79.2699966430664,80.12000274658203,79.2699966430664,79.93000030517578,54.44613265991211,1133400,0.0
2007-03-13,79.36000061035156,79.56999969482422,77.76000213623047,77.91000366210938,53.07015609741211,1611100,0.0
2007-03-14,77.83999633789062,78.83999633789062,77.18000030517578,78.83999633789062,53.703643798828125,2601800,0.0
2007-03-15,78.72000122070312,79.68000030517578,78.72000122070312,79.62000274658203,54.23494338989258,1276200,0.0
2007-03-16,79.83000183105469,79.83000183105469,78.83000183105469,78.94999694824219,53.77858352661133,845700,0.0
2007-03-19,79.5199966430664,80.19000244140625,79.44999694824219,79.9800033569336,54.48017883300781,1176300,0.0
2007-03-20,79.88999938964844,80.56999969482422,79.72000122070312,80.56999969482422,54.8820686340332,1118300,0.0
2007-03-21,80.8499984741211,82.19000244140625,80.44000244140625,82.0999984741211,55.924259185791016,1536900,0.0
2007-03-22,82.2699966430664,82.33999633789062,81.58000183105469,81.83999633789062,55.74714279174805,1357800,0.0
2007-03-23,81.56999969482422,81.87000274658203,81.48999786376953,81.77999877929688,55.87834930419922,1149300,0.252
2007-03-26,81.62999725341797,82.2699966430664,80.91999816894531,81.4000015258789,55.618709564208984,1461600,0.0
2007-03-27,81.31999969482422,81.55000305175781,80.69000244140625,81.04000091552734,55.37273025512695,1627400,0.0
2007-03-28,80.66000366210938,80.9000015258789,79.97000122070312,80.36000061035156,54.90810012817383,1542900,0.0
2007-03-29,81.13999938964844,81.13999938964844,79.94999694824219,80.68000030517578,55.12675476074219,1124000,0.0
2007-03-30,80.87000274658203,81.33999633789062,80.22000122070312,81.0,55.34542465209961,1446000,0.0
2007-04-02,80.9800033569336,81.26000213623047,80.66999816894531,81.2300033569336,55.502567291259766,994000,0.0
2007-04-03,81.30000305175781,82.30000305175781,81.30000305175781,82.18000030517578,56.151695251464844,1794100,0.0
2007-04-04,81.91999816894531,82.12999725341797,81.58999633789062,81.8499984741211,55.92619323730469,1032000,0.0
2007-04-05,81.9000015258789,82.1500015258789,81.80000305175781,81.8499984741211,55.92619323730469,1009900,0.0
2007-04-09,82.0199966430664,82.18000030517578,81.66000366210938,81.91000366210938,55.96719741821289,1976000,0.0
2007-04-10,81.87000274658203,82.31999969482422,81.75,82.13999938964844,56.12433624267578,1418400,0.0
2007-04-11,82.26000213623047,82.26000213623047,80.9800033569336,81.44000244140625,55.64604568481445,2175400,0.0
2007-04-12,81.23999786376953,82.19000244140625,80.80999755859375,81.95999908447266,56.001338958740234,988900,0.0
2007-04-13,82.08000183105469,82.4800033569336,81.70999908447266,82.4800033569336,56.356651306152344,2652000,0.0
2007-04-16,82.97000122070312,83.69000244140625,82.80999755859375,83.51000213623047,57.060428619384766,1062500,0.0
2007-04-17,83.73999786376953,83.73999786376953,83.08000183105469,83.41999816894531,56.99892807006836,1154200,0.0
2007-04-18,83.1500015258789,83.36000061035156,82.83000183105469,82.83000183105469,56.59578323364258,1281400,0.0
2007-04-19,82.2300033569336,82.87000274658203,81.97000122070312,82.41000366210938,56.30884552001953,1563200,0.0
2007-04-20,82.95999908447266,83.54000091552734,82.93000030517578,83.4000015258789,56.985252380371094,2046800,0.0
2007-04-23,83.30000305175781,83.62999725341797,82.9800033569336,83.33999633789062,56.944244384765625,1031200,0.0
2007-04-24,83.22000122070312,83.4800033569336,82.48999786376953,83.26000213623047,56.889610290527344,1373800,0.0
2007-04-25,83.72000122070312,84.06999969482422,83.1500015258789,83.5999984741211,57.12190628051758,1362400,0.0
2007-04-26,83.68000030517578,84.02999877929688,83.18000030517578,83.77999877929688,57.24489974975586,1380900,0.0
2007-04-27,83.54000091552734,83.62000274658203,82.9800033569336,83.33000183105469,56.93741989135742,776600,0.0
2007-04-30,83.52999877929688,83.54000091552734,81.47000122070312,81.55000305175781,55.72121810913086,1884900,0.0
2007-05-01,81.94999694824219,82.16000366210938,81.1500015258789,82.08000183105469,56.083343505859375,1817700,0.0
2007-05-02,82.05000305175781,83.37000274658203,81.9000015258789,83.02999877929688,56.732452392578125,1452400,0.0
2007-05-03,83.23999786376953,83.51000213623047,82.94999694824219,83.13999938964844,56.80760192871094,1179000,0.0
2007-05-04,83.44000244140625,83.62000274658203,83.0999984741211,83.58000183105469,57.10825729370117,1329200,0.0
2007-05-07,83.5199966430664,83.93000030517578,83.5199966430664,83.6500015258789,57.15607452392578,1236100,0.0
2007-05-08,83.30999755859375,83.58000183105469,82.54000091552734,83.4000015258789,56.985252380371094,1017300,0.0
2007-05-09,83.06999969482422,84.12000274658203,82.83000183105469,83.45999908447266,57.02626419067383,1303700,0.0
2007-05-10,83.30000305175781,83.30999755859375,82.16999816894531,82.5,56.37029266357422,2393700,0.0
2007-05-11,82.75,83.5,82.6500015258789,83.25,56.88275909423828,1155600,0.0
2007-05-14,83.23999786376953,83.58000183105469,82.5,82.69999694824219,56.50694274902344,1561700,0.0
2007-05-15,82.54000091552734,83.30999755859375,81.87000274658203,81.91999816894531,55.9740104675293,2303000,0.0
2007-05-16,82.04000091552734,82.5999984741211,81.5999984741211,82.5999984741211,56.43863296508789,2025700,0.0
2007-05-17,82.48999786376953,82.48999786376953,81.7699966430664,81.95999908447266,56.001338958740234,1241800,0.0
2007-05-18,82.05000305175781,82.80000305175781,81.72000122070312,82.54000091552734,56.39765930175781,1842600,0.0
2007-05-21,82.5,83.83999633789062,82.30999755859375,83.37000274658203,56.96474838256836,4015400,0.0
2007-05-22,83.45999908447266,84.25,83.23999786376953,83.80999755859375,57.26539993286133,1468600,0.0
2007-05-23,84.20999908447266,84.66000366210938,83.56999969482422,83.68000030517578,57.17657470703125,1549300,0.0
2007-05-24,83.51000213623047,84.66000366210938,82.16999816894531,82.52999877929688,56.39082336425781,3295500,0.0
2007-05-25,82.87000274658203,83.26000213623047,82.58000183105469,83.19000244140625,56.84178161621094,1244400,0.0
2007-05-29,83.41000366210938,83.95999908447266,83.05000305175781,83.9000015258789,57.3268928527832,1748700,0.0
2007-05-30,83.30000305175781,84.48999786376953,83.0999984741211,84.48999786376953,57.73002624511719,1859900,0.0
2007-05-31,84.75,85.08000183105469,84.27999877929688,84.80000305175781,57.941837310791016,1636700,0.0
2007-06-01,85.06999969482422,85.66999816894531,84.95999908447266,85.4000015258789,58.351802825927734,1508000,0.0
2007-06-04,85.11000061035156,85.52999877929688,84.87000274658203,85.44999694824219,58.385963439941406,3559200,0.0
2007-06-05,85.20999908447266,85.37000274658203,84.3499984741211,84.83999633789062,57.96916198730469,2546800,0.0
2007-06-06,84.4000015258789,84.4000015258789,83.62000274658203,83.94999694824219,57.36105728149414,2186500,0.0
2007-06-07,83.76000213623047,84.02999877929688,82.41999816894531,82.41999816894531,56.31564712524414,3336200,0.0
2007-06-08,82.69000244140625,83.66999816894531,82.26000213623047,83.5,57.0535774230957,2398700,0.0
2007-06-11,83.18000030517578,83.79000091552734,82.9000015258789,83.30999755859375,56.92375183105469,1007100,0.0
2007-06-12,83.0199966430664,83.2699966430664,81.95999908447266,82.1500015258789,56.13113784790039,2663500,0.0
2007-06-13,82.08000183105469,83.44999694824219,82.08000183105469,83.19000244140625,56.84178161621094,2913400,0.0
2007-06-14,83.36000061035156,84.12000274658203,83.36000061035156,83.6500015258789,57.15607452392578,1883400,0.0
2007-06-15,84.94000244140625,85.11000061035156,84.48999786376953,85.11000061035156,58.153663635253906,1522500,0.0
2007-06-18,85.37999725341797,85.37999725341797,84.11000061035156,84.5,57.73688888549805,2237700,0.0
2007-06-19,84.05000305175781,84.80999755859375,83.80000305175781,84.69000244140625,57.866676330566406,2867600,0.0
2007-06-20,84.95999908447266,84.95999908447266,83.30000305175781,83.30000305175781,56.91693115234375,2069000,0.0
2007-06-21,83.02999877929688,83.77999877929688,82.56999969482422,83.63999938964844,57.14925003051758,2203100,0.0
2007-06-22,83.61000061035156,83.63999938964844,82.52999877929688,82.70999908447266,56.51380920410156,1697700,0.0
2007-06-25,83.05000305175781,83.44000244140625,82.08000183105469,82.41999816894531,56.31564712524414,2270000,0.0
2007-06-26,82.76000213623047,82.83999633789062,81.8499984741211,81.8499984741211,55.92619323730469,1609300,0.0
2007-06-27,81.33999633789062,83.37999725341797,81.30000305175781,83.36000061035156,56.95793533325195,2428900,0.0
2007-06-28,83.44000244140625,83.68000030517578,82.77999877929688,82.98999786376953,56.99363327026367,1843800,0.422
2007-06-29,83.44999694824219,83.56999969482422,82.0,82.36000061035156,56.56099319458008,2463500,0.0
2007-07-02,82.8499984741211,83.4000015258789,82.62000274658203,83.31999969482422,57.22026443481445,3854100,0.0
2007-07-03,83.5,84.0,83.25,83.54000091552734,57.37135696411133,970500,0.0
2007-07-05,83.77999877929688,83.91000366210938,83.04000091552734,83.62000274658203,57.426300048828125,1631700,0.0
2007-07-06,83.76000213623047,83.97000122070312,83.16000366210938,83.77999877929688,57.53617477416992,2035300,0.0
2007-07-09,84.04000091552734,84.08000183105469,83.5199966430664,83.73999786376953,57.508705139160156,1305000,0.0
2007-07-10,83.36000061035156,83.4800033569336,82.18000030517578,82.19999694824219,56.45109558105469,2248200,0.0
2007-07-11,82.05999755859375,82.58999633789062,81.8499984741211,82.58999633789062,56.71892547607422,1572100,0.0
2007-07-12,82.72000122070312,83.86000061035156,82.72000122070312,83.8499984741211,57.58423614501953,1617500,0.0
2007-07-13,83.58999633789062,83.94999694824219,83.41000366210938,83.81999969482422,57.56365203857422,1248800,0.0
2007-07-16,83.73999786376953,83.77999877929688,82.87999725341797,83.11000061035156,57.07606887817383,998900,0.0
2007-07-17,83.25,83.69000244140625,83.12999725341797,83.12999725341797,57.08980178833008,956700,0.0
2007-07-18,82.58999633789062,82.88999938964844,81.7300033569336,82.69999694824219,56.794464111328125,2324400,0.0
2007-07-19,83.33000183105469,83.45999908447266,82.9000015258789,82.9000015258789,56.93182373046875,1388500,0.0
2007-07-20,82.86000061035156,83.11000061035156,81.0199966430664,81.5,55.97037124633789,3295700,0.0
2007-07-23,82.19999694824219,82.19999694824219,81.19999694824219,81.19999694824219,55.76435470581055,2887500,0.0
2007-07-24,80.52999877929688,80.54000091552734,78.63999938964844,79.12000274658203,54.33591079711914,3621300,0.0
2007-07-25,79.4800033569336,79.98999786376953,78.11000061035156,79.0199966430664,54.267242431640625,3459400,0.0
2007-07-26,77.08000183105469,78.20999908447266,75.7300033569336,76.6500015258789,52.639617919921875,6560200,0.0
2007-07-27,76.80999755859375,77.37000274658203,74.62000274658203,74.9000015258789,51.43782043457031,5144400,0.0
2007-07-30,75.33999633789062,76.5,74.73999786376953,76.0199966430664,52.20696258544922,2285000,0.0
2007-07-31,76.9000015258789,77.16999816894531,74.80000305175781,75.30000305175781,51.71251678466797,2894200,0.0
2007-08-01,74.8499984741211,75.95999908447266,74.11000061035156,75.62000274658203,51.93227005004883,3081600,0.0
2007-08-02,75.88999938964844,76.3499984741211,75.2300033569336,75.98999786376953,52.18639373779297,2389000,0.0
2007-08-03,76.06999969482422,76.06999969482422,72.55000305175781,72.5999984741211,49.85825729370117,2829400,0.0
2007-08-06,73.16000366210938,73.98999786376953,71.47000122070312,73.7300033569336,50.63431167602539,4203800,0.0
2007-08-07,73.62000274658203,74.81999969482422,72.7699966430664,74.23999786376953,50.98454666137695,2668900,0.0
2007-08-08,74.81999969482422,76.9000015258789,74.73999786376953,76.69999694824219,52.673973083496094,3551100,0.0
2007-08-09,74.66999816894531,76.20999908447266,74.41999816894531,74.41999816894531,51.10814666748047,3297300,0.0
2007-08-10,73.94999694824219,77.27999877929688,73.30000305175781,76.19000244140625,52.32371520996094,4381500,0.0
2007-08-13,77.0,79.6500015258789,75.04000091552734,75.2300033569336,51.6644401550293,3997700,0.0
2007-08-14,75.33000183105469,75.7300033569336,73.5,73.5,50.47637176513672,2382800,0.0
2007-08-15,73.33999633789062,75.05999755859375,72.2699966430664,72.69999694824219,49.92695617675781,2056200,0.0
2007-08-16,71.95999908447266,74.9000015258789,71.20999908447266,74.9000015258789,51.43782043457031,4352400,0.0
2007-08-17,77.30999755859375,78.13999938964844,75.5199966430664,76.5199966430664,52.550331115722656,3342800,0.0
2007-08-20,76.75,77.20999908447266,75.52999877929688,76.41999816894531,52.48165512084961,2071100,0.0
2007-08-21,76.81999969482422,77.16999816894531,76.0199966430664,76.68000030517578,52.66020965576172,2272300,0.0
2007-08-22,77.62000274658203,77.80000305175781,76.94000244140625,77.69999694824219,53.36071014404297,3015100,0.0
2007-08-23,77.69000244140625,78.16000366210938,76.36000061035156,76.70999908447266,52.68082809448242,2031200,0.0
2007-08-24,76.41000366210938,77.61000061035156,76.33999633789062,77.51000213623047,53.23024368286133,1978600,0.0
2007-08-27,77.3499984741211,77.5999984741211,76.41000366210938,76.6500015258789,52.639617919921875,1171800,0.0
2007-08-28,76.20999908447266,76.2699966430664,74.37999725341797,74.54000091552734,51.190589904785156,2742900,0.0
2007-08-29,74.94999694824219,76.4800033569336,74.69000244140625,76.44999694824219,52.50227355957031,3121700,0.0
2007-08-30,75.8499984741211,76.88999938964844,75.37000274658203,75.9000015258789,52.124568939208984,1982700,0.0
2007-08-31,77.06999969482422,77.5,76.0999984741211,76.70999908447266,52.68082809448242,1286000,0.0
2007-09-04,76.3499984741211,77.95999908447266,76.30999755859375,77.41000366210938,53.161563873291016,1870600,0.0
2007-09-05,77.11000061035156,77.2699966430664,75.97000122070312,76.4800033569336,52.522857666015625,1990200,0.0
2007-09-06,76.70999908447266,76.79000091552734,75.73999786376953,76.3499984741211,52.433589935302734,3309100,0.0
2007-09-07,75.44000244140625,75.69000244140625,74.52999877929688,75.0999984741211,51.57514572143555,5433700,0.0
2007-09-10,75.33000183105469,75.73999786376953,73.1500015258789,74.02999877929688,50.8403205871582,2357400,0.0
2007-09-11,74.69000244140625,75.5,74.45999908447266,75.5,51.849853515625,2645000,0.0
2007-09-12,75.06999969482422,75.44000244140625,74.6500015258789,74.6500015258789,51.26612854003906,2739600,0.0
2007-09-13,75.08000183105469,75.87000274658203,74.48999786376953,75.02999877929688,51.527076721191406,1564500,0.0
2007-09-14,74.08000183105469,75.45999908447266,73.7300033569336,75.31999969482422,51.72624969482422,1939400,0.0
2007-09-17,75.04000091552734,75.31999969482422,74.54000091552734,74.70999908447266,51.30731201171875,1817000,0.0
2007-09-18,74.93000030517578,77.97000122070312,74.54000091552734,77.95999908447266,53.539276123046875,2991500,0.0
2007-09-19,78.7699966430664,79.55999755859375,78.48999786376953,79.06999969482422,54.30155944824219,3587500,0.0
2007-09-20,78.95999908447266,79.05000305175781,77.69000244140625,78.12000274658203,53.649147033691406,2419600,0.0
2007-09-21,78.51000213623047,78.94000244140625,78.0999984741211,78.0999984741211,53.63541793823242,2375800,0.0
2007-09-24,78.4800033569336,78.62999725341797,77.29000091552734,77.47000122070312,53.202754974365234,2449500,0.0
2007-09-25,76.55000305175781,76.86000061035156,76.19000244140625,76.69999694824219,52.887657165527344,2313800,0.313
2007-09-26,77.30000305175781,77.69000244140625,76.79000091552734,77.33999633789062,53.328941345214844,2216500,0.0
2007-09-27,77.5999984741211,77.98999786376953,77.2300033569336,77.5,53.439273834228516,2480900,0.0
2007-09-28,77.48999786376953,77.9000015258789,76.66000366210938,76.7699966430664,52.93590545654297,2468400,0.0
2007-10-01,77.01000213623047,78.83999633789062,76.68000030517578,78.68000030517578,54.252925872802734,2606100,0.0
2007-10-02,78.7300033569336,79.5,78.69999694824219,79.08999633789062,54.53563690185547,2512000,0.0
2007-10-03,78.83999633789062,79.27999877929688,78.41999816894531,78.81999969482422,54.34946823120117,1274000,0.0
2007-10-04,78.70999908447266,79.13999938964844,78.51000213623047,78.91999816894531,54.418426513671875,1354200,0.0
2007-10-05,79.5199966430664,80.62999725341797,79.30000305175781,80.38999938964844,55.43204879760742,1951300,0.0
2007-10-08,80.06999969482422,80.44999694824219,79.48999786376953,79.83000183105469,55.04589080810547,961200,0.0
2007-10-09,80.2300033569336,80.37999725341797,79.33999633789062,80.33000183105469,55.39067459106445,1568000,0.0
2007-10-10,79.97000122070312,80.27999877929688,79.41999816894531,80.01000213623047,55.16999816894531,1322400,0.0
2007-10-11,80.2300033569336,80.70999908447266,78.83000183105469,79.1500015258789,54.57700729370117,2424200,0.0
2007-10-12,79.16000366210938,80.04000091552734,79.16000366210938,79.68000030517578,54.94247817993164,1462300,0.0
2007-10-15,79.5999984741211,79.79000091552734,77.86000061035156,78.45999908447266,54.10123825073242,2823000,0.0
2007-10-16,78.05000305175781,78.45999908447266,77.66999816894531,77.66999816894531,53.55649185180664,2182600,0.0
2007-10-17,78.30000305175781,78.72000122070312,76.62000274658203,77.69999694824219,53.577186584472656,2250000,0.0
2007-10-18,77.06999969482422,77.80000305175781,76.95999908447266,77.33000183105469,53.322052001953125,2180100,0.0
2007-10-19,77.19000244140625,77.30000305175781,74.69999694824219,74.69999694824219,51.5085563659668,2400200,0.0
2007-10-22,74.0199966430664,76.51000213623047,73.97000122070312,76.37999725341797,52.66699981689453,3435200,0.0
2007-10-23,76.66000366210938,77.05000305175781,75.63999938964844,76.55000305175781,52.78421401977539,2896000,0.0
2007-10-24,76.44999694824219,76.54000091552734,74.55000305175781,75.93000030517578,52.356689453125,5233200,0.0
2007-10-25,76.06999969482422,76.9000015258789,75.0,75.9800033569336,52.391170501708984,2946400,0.0
2007-10-26,76.8499984741211,77.3499984741211,74.8499984741211,77.26000213623047,53.2737922668457,2624800,0.0
2007-10-29,77.63999938964844,77.79000091552734,76.62999725341797,77.05000305175781,53.12899398803711,1908000,0.0
2007-10-30,76.55000305175781,77.26000213623047,76.13999938964844,76.29000091552734,52.60491943359375,2336300,0.0
2007-10-31,76.81999969482422,77.98999786376953,76.16000366210938,77.58999633789062,53.50132369995117,3144200,0.0
2007-11-01,76.44999694824219,77.54000091552734,74.0199966430664,74.33000183105469,51.253448486328125,3441100,0.0
2007-11-02,75.38999938964844,75.38999938964844,73.22000122070312,74.05000305175781,51.06035614013672,3914300,0.0
2007-11-05,73.4000015258789,73.9000015258789,72.6500015258789,73.33000183105469,50.56388473510742,2719700,0.0
2007-11-06,73.56999969482422,74.62999725341797,72.73999786376953,74.38999938964844,51.29479217529297,3154700,0.0
2007-11-07,73.3499984741211,73.80000305175781,71.75,72.19000244140625,49.777835845947266,3841900,0.0
2007-11-08,72.22000122070312,73.25,71.0,72.75,50.16396713256836,4672700,0.0
2007-11-09,71.66000366210938,73.19000244140625,71.18000030517578,72.27999877929688,49.83990478515625,3559500,0.0
2007-11-12,72.0,73.79000091552734,71.62000274658203,71.79000091552734,49.502010345458984,3633500,0.0
2007-11-13,72.91999816894531,74.54000091552734,72.83999633789062,74.37999725341797,51.28790283203125,3161300,0.0
2007-11-14,75.16000366210938,75.16000366210938,73.25,73.7699966430664,50.86729431152344,2974900,0.0
2007-11-15,73.80999755859375,73.80999755859375,72.02999877929688,72.77999877929688,50.18461608886719,2691400,0.0
2007-11-16,72.9800033569336,73.51000213623047,71.31999969482422,72.0,49.64683151245117,2824500,0.0
2007-11-19,71.3499984741211,71.87000274658203,70.04000091552734,70.33999633789062,48.502193450927734,2755300,0.0
2007-11-20,70.31999969482422,71.19999694824219,69.13999938964844,70.70999908447266,48.75730895996094,4672800,0.0
2007-11-21,70.16999816894531,70.70999908447266,69.36000061035156,69.44999694824219,47.88849639892578,3570800,0.0
2007-11-23,69.70999908447266,71.63999938964844,69.70999908447266,71.05000305175781,48.99174880981445,715200,0.0
2007-11-26,71.01000213623047,71.27999877929688,68.5999984741211,68.73999786376953,47.3989372253418,2189600,0.0
2007-11-27,68.70999908447266,69.93000030517578,68.5999984741211,69.51000213623047,47.92985534667969,2745600,0.0
2007-11-28,70.27999877929688,72.38999938964844,70.25,72.38999938964844,49.915740966796875,2444400,0.0
2007-11-29,71.98999786376953,72.20999908447266,71.20999908447266,71.80000305175781,49.5089111328125,2048000,0.0
2007-11-30,72.9800033569336,73.08999633789062,71.55000305175781,71.87000274658203,49.557186126708984,2754200,0.0
2007-12-03,71.44999694824219,71.9800033569336,70.83999633789062,71.04000091552734,48.984867095947266,2055100,0.0
2007-12-04,70.55000305175781,70.70999908447266,69.87999725341797,69.9000015258789,48.19878005981445,2051300,0.0
2007-12-05,71.5,71.63999938964844,70.62000274658203,71.4000015258789,49.23308563232422,2848100,0.0
2007-12-06,71.62000274658203,73.68000030517578,70.8499984741211,73.37000274658203,50.59150314331055,2814500,0.0
2007-12-07,73.4800033569336,73.9000015258789,73.05999755859375,73.0999984741211,50.40531539916992,3219000,0.0
2007-12-10,73.4800033569336,74.36000061035156,73.2300033569336,74.22000122070312,51.17758560180664,1799000,0.0
2007-12-11,74.36000061035156,74.66999816894531,71.5,71.58999633789062,49.36410140991211,4481100,0.0
2007-12-12,73.11000061035156,73.97000122070312,71.20999908447266,71.95999908447266,49.619232177734375,3760600,0.0
2007-12-13,71.31999969482422,71.97000122070312,70.83000183105469,71.62000274658203,49.384788513183594,3051700,0.0
2007-12-14,71.08999633789062,71.7699966430664,69.87999725341797,69.87999725341797,48.18498611450195,2541800,0.0
2007-12-17,69.94999694824219,70.25,69.08999633789062,69.08999633789062,47.640262603759766,4313500,0.0
2007-12-18,70.01000213623047,70.7300033569336,68.70999908447266,70.37000274658203,48.52286911010742,4495200,0.0
2007-12-19,70.61000061035156,70.91000366210938,69.9000015258789,70.62999725341797,48.70215606689453,3896000,0.0
2007-12-20,71.33000183105469,71.80000305175781,69.81999969482422,71.80000305175781,49.5089111328125,3722400,0.0
2007-12-21,72.52999877929688,73.5,72.52999877929688,73.5,50.68113327026367,4126100,0.0
2007-12-24,73.80000305175781,74.25,73.44999694824219,74.01000213623047,51.03278350830078,1248700,0.0
2007-12-26,73.61000061035156,74.61000061035156,73.5,74.41000366210938,51.3086051940918,2807200,0.0
2007-12-27,73.61000061035156,73.68000030517578,71.5,72.05000305175781,49.981536865234375,3663800,0.447
2007-12-28,72.1500015258789,72.62999725341797,70.9000015258789,71.16999816894531,49.3710823059082,2887200,0.0
2007-12-31,70.87000274658203,71.20999908447266,69.98999786376953,70.4800033569336,48.892425537109375,2445500,0.0
2008-01-02,70.94000244140625,70.97000122070312,69.19999694824219,69.70999908447266,48.358245849609375,4298200,0.0
2008-01-03,69.91999816894531,70.16999816894531,68.43000030517578,68.43000030517578,47.47032165527344,4111700,0.0
2008-01-04,67.94999694824219,67.94999694824219,66.30999755859375,66.63999938964844,46.228580474853516,3971600,0.0
2008-01-07,67.2300033569336,67.75,66.02999877929688,66.9800033569336,46.464454650878906,5194300,0.0
2008-01-08,67.27999877929688,68.13999938964844,64.97000122070312,65.18000030517578,45.21577453613281,4975300,0.0
2008-01-09,64.75,65.8499984741211,63.630001068115234,65.79000091552734,45.63893508911133,4665500,0.0
2008-01-10,64.87000274658203,67.25,64.77999877929688,66.69999694824219,46.27019500732422,6127100,0.0
2008-01-11,65.6500015258789,66.45999908447266,64.97000122070312,65.19999694824219,45.229652404785156,4895700,0.0
2008-01-14,65.52999877929688,66.0,65.12000274658203,65.81999969482422,45.659751892089844,2911100,0.0
2008-01-15,64.66999816894531,65.01000213623047,64.05000305175781,64.45999908447266,44.71630859375,4024100,0.0
2008-01-16,63.9900016784668,66.05000305175781,63.9900016784668,65.08000183105469,45.14640426635742,4107200,0.0
2008-01-17,65.0999984741211,65.62999725341797,63.25,63.439998626708984,44.00873565673828,3932500,0.0
2008-01-18,63.630001068115234,64.16999816894531,61.66999816894531,62.54999923706055,43.39132308959961,5623200,0.0
2008-01-22,57.65999984741211,64.30999755859375,57.63999938964844,62.75,43.530067443847656,5750800,0.0
2008-01-23,60.0099983215332,65.58999633789062,60.0099983215332,65.44000244140625,45.39614486694336,5335200,0.0
2008-01-24,67.0,67.0,64.31999969482422,65.06999969482422,45.139469146728516,4539400,0.0
2008-01-25,65.88999938964844,66.12999725341797,64.30999755859375,64.80000305175781,44.952171325683594,3956000,0.0
2008-01-28,64.5,66.5,63.91999816894531,66.5,46.131473541259766,3468000,0.0
2008-01-29,66.55000305175781,67.0,65.44000244140625,66.66000366210938,46.24247360229492,3462800,0.0
2008-01-30,66.01000213623047,67.95999908447266,65.25,65.66000366210938,45.54877471923828,4098600,0.0
2008-01-31,64.62000274658203,68.33999633789062,64.30000305175781,67.7699966430664,47.012454986572266,4477900,0.0
2008-02-01,67.75,69.44000244140625,67.5999984741211,69.25,48.03914260864258,2559000,0.0
2008-02-04,69.4000015258789,69.4000015258789,68.13999938964844,68.58999633789062,47.581321716308594,1617500,0.0
2008-02-05,68.0,68.27999877929688,66.61000061035156,66.62000274658203,46.21472930908203,3193200,0.0
2008-02-06,67.37000274658203,67.83000183105469,65.9800033569336,66.01000213623047,45.79155731201172,1671400,0.0
2008-02-07,65.72000122070312,67.55999755859375,65.72000122070312,67.1500015258789,46.582393646240234,2216800,0.0
2008-02-08,66.91000366210938,67.6500015258789,65.97000122070312,66.63999938964844,46.228580474853516,1598200,0.0
2008-02-11,66.69999694824219,66.86000061035156,65.61000061035156,66.41000366210938,46.06904983520508,2773500,0.0
2008-02-12,66.95999908447266,67.73999786376953,66.45999908447266,67.02999877929688,46.49913024902344,3888200,0.0
2008-02-13,67.5199966430664,68.55000305175781,67.30999755859375,68.55000305175781,47.553565979003906,2183200,0.0
2008-02-14,68.55000305175781,68.7300033569336,66.66999816894531,66.91000366210938,46.415889739990234,3951500,0.0
2008-02-15,66.37000274658203,66.91000366210938,65.87000274658203,66.75,46.30490493774414,1227500,0.0
2008-02-19,67.37999725341797,67.69999694824219,66.37999725341797,66.68000030517578,46.25633239746094,1783100,0.0
2008-02-20,66.25,67.83000183105469,66.06999969482422,67.63999938964844,46.92229461669922,2145200,0.0
2008-02-21,68.0199966430664,68.61000061035156,66.11000061035156,66.2300033569336,45.94417190551758,2621600,0.0
2008-02-22,66.30999755859375,66.87000274658203,65.06999969482422,66.30999755859375,45.999671936035156,5633800,0.0
2008-02-25,66.33000183105469,68.02999877929688,65.98999786376953,67.91999816894531,47.11652374267578,4501200,0.0
2008-02-26,67.30000305175781,69.12000274658203,67.19999694824219,68.25,47.345462799072266,3921000,0.0
2008-02-27,67.75,69.0199966430664,67.54000091552734,68.31999969482422,47.39399719238281,3414800,0.0
2008-02-28,67.80000305175781,67.97000122070312,66.66999816894531,67.11000061035156,46.55463790893555,2329200,0.0
2008-02-29,66.36000061035156,66.36000061035156,64.94000244140625,65.62000274658203,45.521018981933594,2925200,0.0
2008-03-03,65.08999633789062,65.47000122070312,64.04000091552734,64.98999786376953,45.08395767211914,3640200,0.0
2008-03-04,64.29000091552734,65.11000061035156,63.709999084472656,64.68000030517578,44.86891174316406,3486300,0.0
2008-03-05,64.94000244140625,65.44000244140625,64.19000244140625,64.81999969482422,44.9660530090332,2898800,0.0
2008-03-06,64.62999725341797,64.69000244140625,62.70000076293945,62.86000061035156,43.606380462646484,2933600,0.0
2008-03-07,62.189998626708984,63.900001525878906,62.04999923706055,62.970001220703125,43.682674407958984,3698200,0.0
2008-03-10,63.31999969482422,63.5,61.70000076293945,61.88999938964844,42.9334716796875,2828400,0.0
2008-03-11,63.790000915527344,64.97000122070312,62.7599983215332,64.97000122070312,45.07009506225586,3658500,0.0
2008-03-12,64.79000091552734,65.87000274658203,64.02999877929688,64.08999633789062,44.459625244140625,3892700,0.0
2008-03-13,63.459999084472656,65.5199966430664,62.65999984741211,65.26000213623047,45.271270751953125,3541800,0.0
2008-03-14,65.62000274658203,65.62000274658203,63.0,63.790000915527344,44.251529693603516,1967900,0.0
2008-03-17,62.06999969482422,63.900001525878906,62.0,62.75,43.530067443847656,3423800,0.0
2008-03-18,64.16000366210938,65.95999908447266,63.45000076293945,65.95999908447266,45.75688934326172,4203300,0.0
2008-03-19,66.41000366210938,66.61000061035156,64.05000305175781,64.3499984741211,44.63999938964844,2788400,0.0
2008-03-20,64.6500015258789,66.33999633789062,64.0999984741211,65.94000244140625,45.74298095703125,3008500,0.0
2008-03-24,66.31999969482422,67.97000122070312,65.63999938964844,67.61000061035156,46.97986602783203,2232700,0.11
2008-03-25,67.88999938964844,68.0,66.87000274658203,67.83000183105469,47.132728576660156,2157200,0.0
2008-03-26,67.37000274658203,67.66999816894531,66.7300033569336,67.44000244140625,46.86172103881836,2951300,0.0
2008-03-27,67.6500015258789,67.66000366210938,66.33999633789062,66.33999633789062,46.09737014770508,1894800,0.0
2008-03-28,66.61000061035156,66.69999694824219,65.25,65.43000030517578,45.465030670166016,991000,0.0
2008-03-31,65.47000122070312,66.76000213623047,65.29000091552734,65.56999969482422,45.562355041503906,1218800,0.0
2008-04-01,66.81999969482422,68.26000213623047,66.70999908447266,68.26000213623047,47.4315185546875,2540900,0.0
2008-04-02,68.26000213623047,68.91000366210938,67.77999877929688,68.33000183105469,47.48015594482422,1748900,0.0
2008-04-03,67.8499984741211,68.83000183105469,67.69000244140625,68.41000366210938,47.53572463989258,1465200,0.0
2008-04-04,68.58000183105469,69.02999877929688,67.87000274658203,68.4000015258789,47.52880859375,1337600,0.0
2008-04-07,68.91999816894531,69.0,68.01000213623047,68.22000122070312,47.40371322631836,1070200,0.0
2008-04-08,67.66999816894531,68.47000122070312,67.5999984741211,68.12000274658203,47.33423614501953,864000,0.0
2008-04-09,68.16000366210938,68.47000122070312,66.68000030517578,66.69999694824219,46.34751892089844,1106000,0.0
2008-04-10,66.66000366210938,67.94999694824219,66.41000366210938,67.5,46.90342330932617,1967900,0.0
2008-04-11,66.77999877929688,66.95999908447266,65.7300033569336,66.0999984741211,45.93061065673828,1491600,0.0
2008-04-14,65.7699966430664,66.43000030517578,65.36000061035156,65.58000183105469,45.56926727294922,2346000,0.0
2008-04-15,65.9800033569336,66.47000122070312,65.56999969482422,66.47000122070312,46.18770217895508,2460600,0.0
2008-04-16,67.01000213623047,68.47000122070312,66.83000183105469,68.37000274658203,47.5079460144043,1621900,0.0
2008-04-17,68.25,68.30999755859375,67.66000366210938,68.0999984741211,47.32033157348633,1481400,0.0
2008-04-18,69.3499984741211,69.5999984741211,68.87999725341797,69.05000305175781,47.98044204711914,1711300,0.0
2008-04-21,68.70999908447266,69.12999725341797,68.45999908447266,68.81999969482422,47.820640563964844,2280700,0.0
2008-04-22,68.36000061035156,68.36000061035156,66.7699966430664,67.5,46.90342330932617,1678700,0.0
2008-04-23,67.95999908447266,67.95999908447266,66.87999725341797,67.33000183105469,46.78529357910156,2094400,0.0
2008-04-24,67.41999816894531,68.69999694824219,66.44000244140625,68.26000213623047,47.4315185546875,3368500,0.0
2008-04-25,68.45999908447266,69.0,67.61000061035156,68.69999694824219,47.73724365234375,6043400,0.0
2008-04-28,68.80000305175781,69.45999908447266,68.31999969482422,69.2300033569336,48.10554122924805,1710900,0.0
2008-04-29,68.9800033569336,69.18000030517578,68.12000274658203,68.54000091552734,47.62609100341797,1159500,0.0
2008-04-30,68.52999877929688,69.3499984741211,67.80999755859375,68.16000366210938,47.362030029296875,1834500,0.0
2008-05-01,68.25,69.70999908447266,68.04000091552734,69.41000366210938,48.23060989379883,1755400,0.0
2008-05-02,70.25,70.26000213623047,69.0,69.16999816894531,48.06385803222656,1548600,0.0
2008-05-05,69.06999969482422,69.3499984741211,68.56999969482422,68.91999816894531,47.89012908935547,3056300,0.0
2008-05-06,68.62999725341797,69.81999969482422,68.33999633789062,69.1500015258789,48.0499382019043,1906400,0.0
2008-05-07,69.62000274658203,70.16000366210938,67.95999908447266,68.22000122070312,47.40371322631836,2396100,0.0
2008-05-08,68.37999725341797,68.4800033569336,67.6500015258789,68.16999816894531,47.36898422241211,1440800,0.0
2008-05-09,67.58000183105469,68.55999755859375,67.43000030517578,68.29000091552734,47.45237350463867,1803200,0.0
2008-05-12,68.2699966430664,69.56999969482422,68.26000213623047,69.33999633789062,48.18198013305664,1691600,0.0
2008-05-13,69.70999908447266,69.87000274658203,69.05999755859375,69.69999694824219,48.43211364746094,1833100,0.0
2008-05-14,69.98999786376953,70.43000030517578,69.5999984741211,69.5999984741211,48.362640380859375,1442600,0.0
2008-05-15,69.5999984741211,70.44000244140625,69.2699966430664,70.26000213623047,48.82124710083008,895000,0.0
2008-05-16,70.66000366210938,70.69999694824219,69.19000244140625,69.83000183105469,48.52244186401367,1442300,0.0
2008-05-19,69.94000244140625,70.58000183105469,69.47000122070312,69.95999908447266,48.612789154052734,2209100,0.0
2008-05-20,69.5,69.73999786376953,68.93000030517578,69.63999938964844,48.39043045043945,2678200,0.0
2008-05-21,69.79000091552734,70.2699966430664,68.58000183105469,68.83999633789062,47.834529876708984,2784800,0.0
2008-05-22,68.87999725341797,69.87000274658203,68.87999725341797,69.05000305175781,47.98044204711914,1479100,0.0
2008-05-23,69.30000305175781,69.4000015258789,68.06999969482422,68.58000183105469,47.65387725830078,1184900,0.0
2008-05-27,68.66999816894531,69.63999938964844,68.4800033569336,69.38999938964844,48.216712951660156,1773400,0.0
2008-05-28,69.55000305175781,69.80000305175781,68.94000244140625,69.73999786376953,48.45989227294922,1404800,0.0
2008-05-29,69.36000061035156,70.93000030517578,69.36000061035156,70.37999725341797,48.90461730957031,2864800,0.0
2008-05-30,70.31999969482422,70.51000213623047,70.01000213623047,70.27999877929688,48.83511734008789,1483900,0.0
2008-06-02,70.3499984741211,70.4000015258789,69.05000305175781,69.98999786376953,48.63364791870117,2602500,0.0
2008-06-03,69.94999694824219,70.37999725341797,68.95999908447266,69.56999969482422,48.34178161621094,2472600,0.0
2008-06-04,69.51000213623047,70.69000244140625,69.29000091552734,70.08000183105469,48.69617462158203,2312400,0.0
2008-06-05,70.27999877929688,71.79000091552734,70.04000091552734,71.76000213623047,49.86354064941406,2362200,0.0
2008-06-06,71.55999755859375,71.55999755859375,69.63999938964844,69.66000366210938,48.404327392578125,2171400,0.0
2008-06-09,69.97000122070312,70.2300033569336,68.69999694824219,69.38999938964844,48.216712951660156,2270900,0.0
2008-06-10,68.94999694824219,69.5199966430664,68.43000030517578,68.98999786376953,47.93876266479492,1577700,0.0
2008-06-11,68.77999877929688,69.02999877929688,67.58999633789062,67.58999633789062,46.965946197509766,2447000,0.0
2008-06-12,68.22000122070312,68.8499984741211,67.5199966430664,67.83000183105469,47.132728576660156,2163900,0.0
2008-06-13,68.0999984741211,68.8499984741211,67.87999725341797,68.77999877929688,47.792850494384766,1872500,0.0
2008-06-16,68.69999694824219,69.44999694824219,68.38999938964844,69.41999816894531,48.23757553100586,2304600,0.0
2008-06-17,69.47000122070312,69.58000183105469,68.7699966430664,68.7699966430664,47.785888671875,1363000,0.0
2008-06-18,68.43000030517578,68.62999725341797,67.76000213623047,68.44000244140625,47.556602478027344,1769100,0.0
2008-06-19,68.23999786376953,68.9000015258789,67.94999694824219,68.9000015258789,47.87621307373047,2378000,0.0
2008-06-20,68.36000061035156,68.5199966430664,67.11000061035156,67.83999633789062,47.13966369628906,2355200,0.0
2008-06-23,67.93000030517578,68.2300033569336,66.94999694824219,66.95999908447266,46.52818298339844,1568200,0.0
2008-06-24,66.69999694824219,67.12999725341797,65.80000305175781,65.9000015258789,45.7916374206543,2215600,0.0
2008-06-25,66.08999633789062,67.26000213623047,66.08999633789062,66.70999908447266,46.35447692871094,2341100,0.0
2008-06-26,66.16000366210938,66.2300033569336,64.91999816894531,65.12000274658203,45.249656677246094,2880300,0.0
2008-06-27,65.08000183105469,65.55000305175781,64.31999969482422,64.55000305175781,44.85356903076172,2735400,0.0
2008-06-30,64.83999633789062,65.06999969482422,63.70000076293945,63.720001220703125,44.276824951171875,3506200,0.0
2008-07-01,62.95000076293945,64.08999633789062,62.5,63.97999954223633,44.457496643066406,2800700,0.0
2008-07-02,63.720001220703125,63.86000061035156,61.70000076293945,61.779998779296875,43.187992095947266,3514000,0.384
2008-07-03,61.900001525878906,61.97999954223633,60.72999954223633,61.16999816894531,42.76156997680664,3559000,0.0
2008-07-07,61.5,61.91999816894531,59.939998626708984,60.459999084472656,42.26521301269531,3762700,0.0
2008-07-08,60.5,63.15999984741211,60.31999969482422,63.15999984741211,44.15270233154297,4131500,0.0
2008-07-09,63.15999984741211,63.31999969482422,60.79999923706055,60.939998626708984,42.60078811645508,4968900,0.0
2008-07-10,61.099998474121094,62.31999969482422,60.84000015258789,61.59000015258789,43.05518341064453,3716000,0.0
2008-07-11,60.77000045776367,62.529998779296875,60.459999084472656,61.959999084472656,43.31382369995117,3632000,0.0
2008-07-14,62.61000061035156,62.63999938964844,60.439998626708984,60.869998931884766,42.551849365234375,2998700,0.0
2008-07-15,59.93000030517578,61.650001525878906,58.939998626708984,60.16999816894531,42.06250762939453,4122500,0.0
2008-07-16,60.66999816894531,63.09000015258789,60.15999984741211,62.97999954223633,44.02687454223633,3358600,0.0
2008-07-17,63.4900016784668,64.5999984741211,62.81999969482422,64.44999694824219,45.05448913574219,2624900,0.0
2008-07-18,65.12999725341797,65.12999725341797,63.65999984741211,64.23999786376953,44.90768051147461,2658500,0.0
2008-07-21,64.4000015258789,64.9000015258789,64.19000244140625,64.63999938964844,45.187320709228516,2584900,0.0
2008-07-22,64.20999908447266,67.05000305175781,64.04000091552734,66.83000183105469,46.718265533447266,3917600,0.0
2008-07-23,66.91000366210938,68.18000030517578,66.58000183105469,67.4800033569336,47.17264175415039,3183500,0.0
2008-07-24,67.69000244140625,67.69000244140625,65.3499984741211,65.62000274658203,45.87238693237305,2553900,0.0
2008-07-25,66.19000244140625,66.97000122070312,65.63999938964844,66.33000183105469,46.368736267089844,1687100,0.0
2008-07-28,66.23999786376953,66.27999877929688,64.5,64.73999786376953,45.25723648071289,2439600,0.0
2008-07-29,64.87000274658203,66.9800033569336,64.86000061035156,66.86000061035156,46.739227294921875,1938300,0.0
2008-07-30,67.33000183105469,67.68000030517578,66.04000091552734,66.94000244140625,46.79515838623047,2559800,0.0
2008-07-31,66.12000274658203,67.3499984741211,66.0199966430664,66.2699966430664,46.326778411865234,2740000,0.0
2008-08-01,66.97000122070312,67.30000305175781,65.69000244140625,66.81999969482422,46.71126937866211,2262700,0.0
2008-08-04,66.77999877929688,67.22000122070312,65.33000183105469,65.80999755859375,46.00519561767578,1755700,0.0
2008-08-05,66.73999786376953,68.0,66.5199966430664,67.6500015258789,47.29148864746094,2650900,0.0
2008-08-06,67.81999969482422,68.33999633789062,67.0199966430664,68.12999725341797,47.627044677734375,2237700,0.0
2008-08-07,67.56999969482422,67.8499984741211,66.43000030517578,66.58000183105469,46.54349899291992,2092800,0.0
2008-08-08,66.80000305175781,69.08999633789062,66.44999694824219,68.83999633789062,48.12337112426758,2611600,0.0
2008-08-11,68.80000305175781,71.54000091552734,68.70999908447266,70.69999694824219,49.42361831665039,3589800,0.0
2008-08-12,70.6500015258789,70.7699966430664,69.95999908447266,70.2300033569336,49.09505844116211,2049400,0.0
2008-08-13,70.25,70.62999725341797,69.16999816894531,70.12000274658203,49.01815414428711,2467200,0.0
2008-08-14,69.91999816894531,71.38999938964844,69.83999633789062,70.80000305175781,49.49353790283203,3345000,0.0
2008-08-15,71.18000030517578,72.0999984741211,70.27999877929688,71.0199966430664,49.64732360839844,2141900,0.0
2008-08-18,71.23999786376953,71.30000305175781,69.55000305175781,69.79000091552734,48.7874755859375,3993000,0.0
2008-08-19,69.48999786376953,69.9800033569336,68.36000061035156,68.62000274658203,47.96957778930664,4318400,0.0
2008-08-20,69.13999938964844,69.56999969482422,67.91000366210938,68.75,48.060447692871094,3263000,0.0
2008-08-21,68.31999969482422,68.56999969482422,67.69999694824219,67.95999908447266,47.508209228515625,2481000,0.0
2008-08-22,68.47000122070312,69.56999969482422,68.2300033569336,69.36000061035156,48.486881256103516,2083200,0.0
2008-08-25,69.06999969482422,69.36000061035156,67.44000244140625,67.81999969482422,47.410343170166016,2116600,0.0
2008-08-26,68.01000213623047,68.3499984741211,67.2699966430664,67.91999816894531,47.480224609375,1374900,0.0
2008-08-27,68.1500015258789,69.30000305175781,67.88999938964844,68.81999969482422,48.10939025878906,2585900,0.0
2008-08-28,69.27999877929688,70.54000091552734,68.91000366210938,70.37999725341797,49.199913024902344,1730200,0.0
2008-08-29,70.22000122070312,70.31999969482422,69.41000366210938,69.7300033569336,48.745540618896484,2107900,0.0
2008-09-02,70.87000274658203,71.55000305175781,69.0999984741211,70.13999938964844,49.03215789794922,2617500,0.0
2008-09-03,69.9800033569336,71.1500015258789,69.56999969482422,70.7699966430664,49.47255325317383,2948600,0.0
2008-09-04,70.12000274658203,70.41000366210938,68.5199966430664,68.7300033569336,48.046478271484375,3359600,0.0
2008-09-05,68.56999969482422,69.25,67.31999969482422,68.75,48.060447692871094,3944500,0.0
2008-09-08,71.2699966430664,71.7300033569336,69.66000366210938,70.83999633789062,49.521480560302734,3590000,0.0
2008-09-09,70.88999938964844,71.52999877929688,68.58000183105469,68.66000366210938,47.99753952026367,3349400,0.0
2008-09-10,69.41000366210938,69.95999908447266,68.16000366210938,69.33000183105469,48.46589660644531,2581700,0.0
2008-09-11,68.31999969482422,69.9000015258789,67.75,69.80000305175781,48.79446029663086,3274800,0.0
2008-09-12,69.27999877929688,70.2300033569336,68.91000366210938,69.79000091552734,48.7874755859375,2248400,0.0
2008-09-15,67.86000061035156,69.44000244140625,66.73999786376953,66.87000274658203,46.74623107910156,4928300,0.0
2008-09-16,65.5999984741211,69.05999755859375,65.38999938964844,68.98999786376953,48.22821044921875,5465000,0.0
2008-09-17,68.08000183105469,68.62999725341797,65.4000015258789,65.43000030517578,45.739559173583984,4929800,0.0
2008-09-18,67.18000030517578,71.0,65.26000213623047,70.33999633789062,49.17198181152344,5761200,0.0
2008-09-19,74.41000366210938,74.41000366210938,72.23999786376953,74.41000366210938,52.017154693603516,2507800,0.0
2008-09-22,74.02999877929688,74.80000305175781,70.05000305175781,70.4000015258789,49.21391677856445,2731700,0.0
2008-09-23,70.16000366210938,70.68000030517578,68.9000015258789,69.04000091552734,48.263187408447266,2858700,0.0
2008-09-24,68.79000091552734,69.20999908447266,67.43000030517578,68.36000061035156,47.969871520996094,1073600,0.262
2008-09-25,67.98999786376953,69.16000366210938,67.5,68.22000122070312,47.871620178222656,1739300,0.0
2008-09-26,66.79000091552734,68.63999938964844,66.79000091552734,68.62000274658203,48.15231704711914,1838700,0.0
2008-09-29,67.55000305175781,67.55000305175781,63.380001068115234,63.380001068115234,44.47528839111328,2133700,0.0
2008-09-30,64.37999725341797,67.23999786376953,63.77000045776367,67.23999786376953,47.183929443359375,2800400,0.0
2008-10-01,65.93000030517578,65.9800033569336,64.79000091552734,65.68000030517578,46.089237213134766,2845900,0.0
2008-10-02,65.47000122070312,65.5999984741211,62.529998779296875,62.529998779296875,43.87880325317383,2873500,0.0
2008-10-03,63.56999969482422,64.83000183105469,61.0,61.08000183105469,42.86130142211914,3564400,0.0
2008-10-06,59.560001373291016,60.22999954223633,56.220001220703125,59.650001525878906,41.857845306396484,4539600,0.0
2008-10-07,59.7599983215332,60.25,55.0099983215332,55.15999984741211,38.70710754394531,3581900,0.0
2008-10-08,53.13999938964844,56.25,52.75,53.93000030517578,37.8440055847168,4405000,0.0
2008-10-09,54.68000030517578,54.75,48.5099983215332,49.0,34.384490966796875,3124900,0.0
2008-10-10,46.20000076293945,52.29999923706055,45.369998931884766,51.869998931884766,36.398433685302734,4000200,0.0
2008-10-13,54.20000076293945,55.93000030517578,52.54999923706055,55.86000061035156,39.19831085205078,2447700,0.0
2008-10-14,57.900001525878906,57.939998626708984,52.619998931884766,54.75,38.41938781738281,2927200,0.0
2008-10-15,53.45000076293945,54.290000915527344,49.369998931884766,49.5,34.73533630371094,2623000,0.0
2008-10-16,50.459999084472656,52.95000076293945,47.599998474121094,52.56999969482422,36.889625549316406,4603000,0.0
2008-10-17,50.70000076293945,54.439998626708984,50.5099983215332,51.31999969482422,36.01248550415039,4801300,0.0
2008-10-20,52.33000183105469,53.400001525878906,51.33000183105469,53.38999938964844,37.46504592895508,2811500,0.0
2008-10-21,52.369998931884766,53.29999923706055,51.5,51.83000183105469,36.370365142822266,2462900,0.0
2008-10-22,50.790000915527344,51.400001525878906,48.31999969482422,49.369998931884766,34.64411544799805,2902900,0.0
2008-10-23,49.349998474121094,49.779998779296875,45.720001220703125,47.900001525878906,33.61260223388672,4068500,0.0
2008-10-24,44.599998474121094,47.45000076293945,44.0,46.060001373291016,32.32141876220703,3101400,0.0
2008-10-27,45.58000183105469,47.0,44.029998779296875,44.459999084472656,31.19866371154785,2732500,0.0
2008-10-28,45.060001373291016,47.900001525878906,43.4900016784668,47.75,33.50732421875,2125500,0.0
2008-10-29,47.9900016784668,50.0,47.2599983215332,48.2400016784668,33.851173400878906,2748900,0.0
2008-10-30,49.869998931884766,50.84000015258789,48.779998779296875,50.84000015258789,35.67565155029297,2773200,0.0
2008-10-31,50.68000030517578,53.31999969482422,49.779998779296875,53.13999938964844,37.28963088989258,2546600,0.0
2008-11-03,52.939998626708984,53.900001525878906,52.66999816894531,53.15999984741211,37.30366897583008,2398800,0.0
2008-11-04,54.290000915527344,54.33000183105469,52.560001373291016,53.79999923706055,37.75275802612305,2593700,0.0
2008-11-05,53.22999954223633,53.79999923706055,50.20000076293945,50.400001525878906,35.36689376831055,2594100,0.0
2008-11-06,49.83000183105469,50.650001525878906,48.720001220703125,48.84000015258789,34.27219772338867,2176500,0.0
2008-11-07,49.22999954223633,50.09000015258789,48.47999954223633,49.81999969482422,34.95988845825195,2328200,0.0
2008-11-10,50.900001525878906,50.900001525878906,47.81999969482422,48.38999938964844,33.956417083740234,1888500,0.0
2008-11-11,47.72999954223633,48.91999816894531,47.060001373291016,47.4900016784668,33.32487869262695,1676400,0.0
2008-11-12,46.70000076293945,46.880001068115234,44.459999084472656,44.70000076293945,31.367074966430664,2368500,0.0
2008-11-13,44.66999816894531,48.939998626708984,42.4900016784668,48.939998626708984,34.34238052368164,3718300,0.0
2008-11-14,47.43000030517578,48.099998474121094,44.70000076293945,44.88999938964844,31.50039291381836,1884400,0.0
2008-11-17,44.630001068115234,45.779998779296875,44.08000183105469,44.61000061035156,31.303909301757812,3198000,0.0
2008-11-18,44.619998931884766,45.279998779296875,42.31999969482422,44.5,31.226722717285156,5375400,0.0
2008-11-19,44.31999969482422,44.630001068115234,40.650001525878906,40.83000183105469,28.65138816833496,3002600,0.0
2008-11-20,40.34000015258789,41.470001220703125,37.810001373291016,38.029998779296875,26.686573028564453,6399200,0.0
2008-11-21,38.7599983215332,40.279998779296875,36.43000030517578,40.279998779296875,28.26544761657715,4420300,0.0
2008-11-24,40.72999954223633,43.560001373291016,40.099998474121094,43.06999969482422,30.223264694213867,2670100,0.0
2008-11-25,43.83000183105469,44.060001373291016,42.130001068115234,43.97999954223633,30.861839294433594,3956700,0.0
2008-11-26,42.93000030517578,46.4900016784668,42.93000030517578,46.13999938964844,32.377540588378906,3258600,0.0
2008-11-28,46.150001525878906,47.15999984741211,45.65999984741211,47.150001525878906,33.0862922668457,1168600,0.0
2008-12-01,45.630001068115234,45.86000061035156,40.66999816894531,41.189998626708984,28.904022216796875,2970800,0.0
2008-12-02,41.84000015258789,43.709999084472656,41.150001525878906,43.52000045776367,30.539043426513672,3148900,0.0
2008-12-03,42.709999084472656,45.36000061035156,42.459999084472656,45.220001220703125,31.731964111328125,3722800,0.0
2008-12-04,44.41999816894531,46.029998779296875,42.970001220703125,43.970001220703125,30.854806900024414,4452500,0.0
2008-12-05,43.09000015258789,46.08000183105469,42.099998474121094,45.939998626708984,32.23720169067383,4554900,0.0
2008-12-08,47.06999969482422,48.06999969482422,46.560001373291016,47.70000076293945,33.472251892089844,4785000,0.0
2008-12-09,47.380001068115234,48.7599983215332,45.54999923706055,45.83000183105469,32.16001892089844,6457500,0.0
2008-12-10,46.540000915527344,47.66999816894531,46.02000045776367,47.06999969482422,33.030155181884766,4149600,0.0
2008-12-11,46.52000045776367,47.099998474121094,43.93000030517578,44.4900016784668,31.219709396362305,3423400,0.0
2008-12-12,43.29999923706055,46.220001220703125,43.15999984741211,46.11000061035156,32.35649490356445,4257800,0.0
2008-12-15,46.5099983215332,46.61000061035156,43.849998474121094,44.72999954223633,31.38813591003418,2913500,0.0
2008-12-16,45.56999969482422,47.959999084472656,45.38999938964844,47.83000183105469,33.56345748901367,4384800,0.0
2008-12-17,47.4900016784668,48.90999984741211,47.02000045776367,48.22999954223633,33.84418487548828,3324400,0.0
2008-12-18,48.119998931884766,48.9900016784668,46.68000030517578,47.58000183105469,33.388038635253906,2170600,0.0
2008-12-19,48.33000183105469,49.40999984741211,47.630001068115234,48.130001068115234,33.77397537231445,3311400,0.0
2008-12-22,48.369998931884766,48.38999938964844,45.65999984741211,47.290000915527344,33.184539794921875,4099500,0.0
2008-12-23,47.16999816894531,47.41999816894531,45.790000915527344,46.040000915527344,32.61914825439453,3168600,0.452
2008-12-24,46.150001525878906,46.599998474121094,45.560001373291016,46.349998474121094,32.83879089355469,1322400,0.0
2008-12-26,46.720001220703125,47.040000915527344,46.130001068115234,47.040000915527344,33.32763671875,1286800,0.0
2008-12-29,46.84000015258789,47.0,45.38999938964844,45.95000076293945,32.555389404296875,2802800,0.0
2008-12-30,46.439998626708984,47.75,46.2599983215332,47.65999984741211,33.76692199707031,2995600,0.0
2008-12-31,47.790000915527344,49.77000045776367,47.650001525878906,49.16999816894531,34.83673858642578,3712000,0.0
2009-01-02,49.31999969482422,50.02000045776367,48.709999084472656,49.29999923706055,34.928855895996094,2771300,0.0
2009-01-05,49.599998474121094,49.779998779296875,48.52000045776367,49.41999816894531,35.01386642456055,3416700,0.0
2009-01-06,49.65999984741211,50.869998931884766,49.439998626708984,50.25,35.601905822753906,2739600,0.0
2009-01-07,49.33000183105469,49.68000030517578,48.18000030517578,48.77000045776367,34.55335235595703,2047300,0.0
2009-01-08,48.54999923706055,49.31999969482422,48.310001373291016,49.15999984741211,34.82966613769531,2117000,0.0
2009-01-09,49.27000045776367,49.27000045776367,46.880001068115234,47.02000045776367,33.313480377197266,2687000,0.0
2009-01-12,46.959999084472656,47.06999969482422,45.560001373291016,45.72999954223633,32.39952087402344,2843400,0.0
2009-01-13,45.65999984741211,46.61000061035156,45.400001525878906,46.43000030517578,32.89546203613281,3170800,0.0
2009-01-14,45.459999084472656,45.650001525878906,44.119998931884766,44.209999084472656,31.32261848449707,2829800,0.0
2009-01-15,44.27000045776367,45.45000076293945,42.7400016784668,44.7599983215332,31.712270736694336,2753400,0.0
2009-01-16,45.779998779296875,45.90999984741211,43.7400016784668,45.25,32.059444427490234,3490400,0.0
2009-01-20,44.650001525878906,44.97999954223633,41.810001373291016,41.86000061035156,29.65764617919922,2860500,0.0
2009-01-21,42.54999923706055,44.2400016784668,41.470001220703125,43.97999954223633,31.15964126586914,3049900,0.0
2009-01-22,43.09000015258789,43.790000915527344,41.779998779296875,42.47999954223633,30.096904754638672,3061800,0.0
2009-01-23,41.40999984741211,43.400001525878906,41.2400016784668,42.939998626708984,30.422813415527344,3429500,0.0
2009-01-26,42.81999969482422,44.34000015258789,42.630001068115234,43.38999938964844,30.74164581298828,2074100,0.0
2009-01-27,43.540000915527344,44.189998626708984,43.130001068115234,43.84000015258789,31.060474395751953,1564900,0.0
2009-01-28,44.5099983215332,45.880001068115234,44.5,45.630001068115234,32.32866287231445,2465800,0.0
2009-01-29,45.06999969482422,45.119998931884766,43.47999954223633,43.4900016784668,30.8125,2101000,0.0
2009-01-30,43.86000061035156,44.209999084472656,42.18000030517578,42.38999938964844,30.033138275146484,1996500,0.0
2009-02-02,41.66999816894531,43.29999923706055,41.63999938964844,43.040000915527344,30.49366569519043,2387300,0.0
2009-02-03,43.33000183105469,43.439998626708984,42.439998626708984,42.97999954223633,30.451148986816406,2089400,0.0
2009-02-04,43.02000045776367,43.880001068115234,42.29999923706055,42.47999954223633,30.096904754638672,1676800,0.0
2009-02-05,42.15999984741211,43.720001220703125,41.93000030517578,42.9900016784668,30.45823860168457,2892400,0.0
2009-02-06,43.0099983215332,44.900001525878906,42.880001068115234,44.66999816894531,31.64851188659668,1442100,0.0
2009-02-09,44.540000915527344,44.880001068115234,43.97999954223633,44.52000045776367,31.542238235473633,1583600,0.0
2009-02-10,44.22999954223633,44.75,42.029998779296875,42.279998779296875,29.955198287963867,2229000,0.0
2009-02-11,42.36000061035156,42.790000915527344,41.75,42.400001525878906,30.040241241455078,1808500,0.0
2009-02-12,41.68000030517578,42.63999938964844,40.84000015258789,42.52000045776367,30.12523651123047,1969900,0.0
2009-02-13,42.41999816894531,43.0,41.72999954223633,41.72999954223633,29.565526962280273,1942500,0.0
2009-02-17,40.22999954223633,40.83000183105469,40.099998474121094,40.20000076293945,28.481536865234375,3491900,0.0
2009-02-18,40.459999084472656,40.59000015258789,39.369998931884766,39.56999969482422,28.035188674926758,3174200,0.0
2009-02-19,39.959999084472656,40.189998626708984,38.7599983215332,38.810001373291016,27.496734619140625,2113800,0.0
2009-02-20,38.09000015258789,38.720001220703125,37.2599983215332,38.290000915527344,27.128305435180664,2132800,0.0
2009-02-23,38.5099983215332,38.689998626708984,36.59000015258789,36.7599983215332,26.044313430786133,2473000,0.0
2009-02-24,37.11000061035156,38.56999969482422,36.77000045776367,38.27000045776367,27.11414337158203,2195500,0.0
2009-02-25,38.22999954223633,38.33000183105469,36.65999984741211,37.5099983215332,26.575679779052734,2044700,0.0
2009-02-26,37.83000183105469,38.16999816894531,36.709999084472656,36.810001373291016,26.079736709594727,1994900,0.0
2009-02-27,36.33000183105469,37.40999984741211,36.22999954223633,36.5,25.860097885131836,2568300,0.0
2009-03-02,35.79999923706055,35.9900016784668,34.630001068115234,34.66999816894531,24.563552856445312,3318100,0.0
2009-03-03,35.099998474121094,35.25,33.619998931884766,33.95000076293945,24.053430557250977,3477100,0.0
2009-03-04,34.22999954223633,35.040000915527344,33.68000030517578,34.40999984741211,24.379348754882812,1874900,0.0
2009-03-05,33.84000015258789,34.09000015258789,32.25,32.310001373291016,22.89150619506836,2394500,0.0
2009-03-06,32.61000061035156,33.16999816894531,31.610000610351562,32.439998626708984,22.983613967895508,3020400,0.0
2009-03-09,31.969999313354492,32.84000015258789,31.549999237060547,31.690000534057617,22.452234268188477,3170000,0.0
2009-03-10,32.43000030517578,34.16999816894531,32.310001373291016,34.0099983215332,24.095958709716797,2096100,0.0
2009-03-11,34.470001220703125,34.97999954223633,33.68000030517578,33.95000076293945,24.053430557250977,1955400,0.0
2009-03-12,33.900001525878906,36.52000045776367,33.369998931884766,36.18000030517578,25.633384704589844,2092400,0.0
2009-03-13,36.5099983215332,36.959999084472656,36.099998474121094,36.7599983215332,26.044313430786133,2091500,0.0
2009-03-16,37.2400016784668,37.66999816894531,35.970001220703125,35.9900016784668,25.49877166748047,3027900,0.0
2009-03-17,36.06999969482422,37.939998626708984,35.880001068115234,37.91999816894531,26.86616325378418,2090000,0.0
2009-03-18,37.72999954223633,39.70000076293945,37.279998779296875,39.33000183105469,27.865142822265625,2744900,0.0
2009-03-19,40.060001373291016,40.13999938964844,38.68000030517578,38.91999816894531,27.57465362548828,2295700,0.0
2009-03-20,39.31999969482422,39.31999969482422,37.52000045776367,37.529998779296875,26.589847564697266,2047400,0.0
2009-03-23,38.81999969482422,40.939998626708984,38.47999954223633,40.849998474121094,28.94207000732422,1881400,0.0
2009-03-24,40.400001525878906,40.58000183105469,38.86000061035156,38.9900016784668,27.774520874023438,1586600,0.221
2009-03-25,39.29999923706055,40.63999938964844,38.060001373291016,39.900001525878906,28.422748565673828,2498600,0.0
2009-03-26,40.5099983215332,41.83000183105469,40.060001373291016,41.66999816894531,29.68361473083496,3120800,0.0
2009-03-27,41.02000045776367,41.2400016784668,40.02000045776367,40.029998779296875,28.51536750793457,2055600,0.0
2009-03-30,38.810001373291016,39.029998779296875,38.0,38.77000045776367,27.61780548095703,2195300,0.0
2009-03-31,39.099998474121094,40.470001220703125,38.7599983215332,39.459999084472656,28.10932731628418,2280300,0.0
2009-04-01,38.709999084472656,40.34000015258789,38.400001525878906,40.0,28.493986129760742,2276100,0.0
2009-04-02,41.38999938964844,42.779998779296875,41.119998931884766,42.33000183105469,30.153759002685547,2817700,0.0
2009-04-03,42.15999984741211,43.0,41.75,42.93000030517578,30.58116340637207,2183400,0.0
2009-04-06,42.400001525878906,42.58000183105469,41.47999954223633,42.22999954223633,30.082521438598633,1778300,0.0
2009-04-07,41.5,41.939998626708984,40.54999923706055,40.720001220703125,29.00689125061035,2589500,0.0
2009-04-08,40.97999954223633,41.560001373291016,40.619998931884766,41.45000076293945,29.526887893676758,1669100,0.0
2009-04-09,42.70000076293945,44.209999084472656,42.470001220703125,44.209999084472656,31.49298858642578,3450400,0.0
2009-04-13,43.689998626708984,44.619998931884766,43.150001525878906,44.22999954223633,31.50723648071289,3440700,0.0
2009-04-14,43.540000915527344,43.91999816894531,42.41999816894531,42.41999816894531,30.217884063720703,2868800,0.0
2009-04-15,42.13999938964844,43.709999084472656,42.11000061035156,43.54999923706055,31.022829055786133,2287200,0.0
2009-04-16,44.09000015258789,45.15999984741211,43.150001525878906,44.68000030517578,31.827795028686523,1852400,0.0
2009-04-17,44.91999816894531,45.66999816894531,44.2400016784668,45.099998474121094,32.126976013183594,1651200,0.0
2009-04-20,44.38999938964844,44.38999938964844,42.27000045776367,42.27000045776367,30.111026763916016,1797800,0.0
2009-04-21,42.09000015258789,44.40999984741211,42.040000915527344,44.290000915527344,31.54996681213379,1926600,0.0
2009-04-22,43.599998474121094,45.349998474121094,43.33000183105469,44.06999969482422,31.39325714111328,2176500,0.0
2009-04-23,44.15999984741211,44.349998474121094,43.08000183105469,43.970001220703125,31.322032928466797,1913300,0.0
2009-04-24,44.40999984741211,45.540000915527344,43.939998626708984,44.77000045776367,31.891916275024414,1931800,0.0
2009-04-27,44.15999984741211,44.84000015258789,43.650001525878906,44.060001373291016,31.386127471923828,2022600,0.0
2009-04-28,43.5099983215332,45.15999984741211,43.439998626708984,44.2599983215332,31.528589248657227,2496700,0.0
2009-04-29,44.81999969482422,46.5099983215332,44.630001068115234,45.939998626708984,32.725345611572266,1755200,0.0
2009-04-30,46.88999938964844,47.13999938964844,45.52000045776367,45.52000045776367,32.42616653442383,3121200,0.0
2009-05-01,45.650001525878906,46.130001068115234,45.29999923706055,45.56999969482422,32.4617805480957,1762700,0.0
2009-05-04,46.060001373291016,47.68000030517578,45.880001068115234,47.650001525878906,33.943458557128906,1475100,0.0
2009-05-05,47.43000030517578,47.56999969482422,46.58000183105469,47.099998474121094,33.551673889160156,1654800,0.0
2009-05-06,47.68000030517578,48.029998779296875,46.56999969482422,47.65999984741211,33.950592041015625,2052200,0.0
2009-05-07,48.290000915527344,48.47999954223633,46.09000015258789,46.599998474121094,33.19548416137695,1754400,0.0
2009-05-08,47.29999923706055,48.63999938964844,46.97999954223633,48.529998779296875,34.57033157348633,1583200,0.0
2009-05-11,47.630001068115234,47.9900016784668,47.25,47.900001525878906,34.121559143066406,1387500,0.0
2009-05-12,48.02000045776367,48.029998779296875,45.939998626708984,46.66999816894531,33.245338439941406,1626600,0.0
2009-05-13,45.849998474121094,46.06999969482422,44.400001525878906,44.43000030517578,31.649707794189453,3049300,0.0
2009-05-14,44.4900016784668,46.0099983215332,44.279998779296875,45.15999984741211,32.16971969604492,1292000,0.0
2009-05-15,45.060001373291016,45.58000183105469,44.38999938964844,44.970001220703125,32.03437805175781,1246500,0.0
2009-05-18,45.4900016784668,46.83000183105469,45.29999923706055,46.709999084472656,33.273868560791016,1391100,0.0
2009-05-19,46.650001525878906,47.0,46.0,46.5099983215332,33.13139343261719,1487800,0.0
2009-05-20,46.849998474121094,47.619998931884766,45.70000076293945,45.880001068115234,32.68260192871094,2016700,0.0
2009-05-21,45.209999084472656,45.599998474121094,44.470001220703125,45.18000030517578,32.183956146240234,2716700,0.0
2009-05-22,45.540000915527344,45.599998474121094,44.7400016784668,44.93000030517578,32.0058708190918,1994000,0.0
2009-05-26,44.220001220703125,47.09000015258789,44.209999084472656,47.09000015258789,33.5445556640625,2547800,0.0
2009-05-27,46.7599983215332,47.119998931884766,45.560001373291016,45.560001373291016,32.45466232299805,2734900,0.0
2009-05-28,46.209999084472656,46.36000061035156,44.75,45.72999954223633,32.575767517089844,1451200,0.0
2009-05-29,46.06999969482422,46.68000030517578,45.650001525878906,46.599998474121094,33.19548416137695,2557800,0.0
2009-06-01,47.75,48.779998779296875,47.459999084472656,48.5,34.548973083496094,1950400,0.0
2009-06-02,48.400001525878906,49.290000915527344,48.09000015258789,48.93000030517578,34.85527801513672,1860500,0.0
2009-06-03,48.65999984741211,48.779998779296875,48.040000915527344,48.619998931884766,34.63445281982422,2398400,0.0
2009-06-04,48.90999984741211,49.5,48.34000015258789,49.33000183105469,35.14020538330078,2442700,0.0
2009-06-05,49.83000183105469,50.0,48.86000061035156,49.20000076293945,35.04759979248047,1936600,0.0
2009-06-08,49.099998474121094,49.4900016784668,48.380001068115234,48.720001220703125,34.70568084716797,1354200,0.0
2009-06-09,49.060001373291016,49.279998779296875,48.65999984741211,48.81999969482422,34.77690124511719,1322200,0.0
2009-06-10,49.38999938964844,49.38999938964844,47.619998931884766,48.47999954223633,34.53470993041992,1401900,0.0
2009-06-11,48.54999923706055,49.20000076293945,48.36000061035156,48.40999984741211,34.48484420776367,1998800,0.0
2009-06-12,48.099998474121094,48.619998931884766,47.7400016784668,48.4900016784668,34.541839599609375,1319400,0.0
2009-06-15,47.93000030517578,48.0,46.720001220703125,47.31999969482422,33.708396911621094,1953300,0.0
2009-06-16,47.540000915527344,47.77000045776367,46.27000045776367,46.4900016784668,33.11714553833008,2074800,0.0
2009-06-17,46.38999938964844,47.209999084472656,45.939998626708984,46.779998779296875,33.323726654052734,1493000,0.0
2009-06-18,46.560001373291016,47.15999984741211,46.189998626708984,47.0099983215332,33.48756790161133,1332400,0.0
2009-06-19,47.5,47.599998474121094,46.83000183105469,47.11000061035156,33.55878829956055,1808900,0.0
2009-06-22,46.849998474121094,46.86000061035156,45.380001068115234,45.619998931884766,32.49738693237305,1782200,0.0
2009-06-23,45.65999984741211,45.939998626708984,45.040000915527344,45.11000061035156,32.134090423583984,2050000,0.0
2009-06-24,45.54999923706055,46.119998931884766,45.2400016784668,45.400001525878906,32.34068298339844,3446500,0.0
2009-06-25,45.09000015258789,46.7400016784668,44.900001525878906,46.7400016784668,33.29523468017578,2485800,0.0
2009-06-26,46.47999954223633,47.220001220703125,46.279998779296875,46.68000030517578,33.252479553222656,2504600,0.0
2009-06-29,46.95000076293945,47.130001068115234,46.040000915527344,46.84000015258789,33.366451263427734,2513900,0.0
2009-06-30,46.91999816894531,47.11000061035156,46.369998931884766,46.529998779296875,33.14564514160156,2022700,0.0
2009-07-01,46.970001220703125,47.84000015258789,46.900001525878906,47.459999084472656,33.80812454223633,2395500,0.0
2009-07-02,46.5099983215332,46.560001373291016,45.36000061035156,45.63999938964844,32.69143295288086,3206700,0.261
2009-07-06,45.220001220703125,45.43000030517578,44.4900016784668,45.2599983215332,32.41923904418945,1940200,0.0
2009-07-07,45.13999938964844,45.29999923706055,44.209999084472656,44.2599983215332,31.702939987182617,2929700,0.0
2009-07-08,44.439998626708984,44.70000076293945,43.2599983215332,44.02000045776367,31.53103256225586,2985900,0.0
2009-07-09,44.15999984741211,44.380001068115234,43.79999923706055,43.880001068115234,31.430768966674805,2171200,0.0
2009-07-10,43.630001068115234,44.11000061035156,43.2599983215332,43.939998626708984,31.473731994628906,3033700,0.0
2009-07-13,44.15999984741211,45.2599983215332,43.47999954223633,45.18000030517578,32.361934661865234,2465100,0.0
2009-07-14,45.29999923706055,45.63999938964844,44.939998626708984,45.45000076293945,32.555320739746094,2645600,0.0
2009-07-15,46.2599983215332,47.52000045776367,46.16999816894531,47.34000015258789,33.90911865234375,2618900,0.0
2009-07-16,47.2599983215332,48.290000915527344,47.060001373291016,48.029998779296875,34.40334701538086,2012400,0.0
2009-07-17,48.06999969482422,48.130001068115234,47.56999969482422,47.65999984741211,34.13833236694336,1681000,0.0
2009-07-20,47.95000076293945,48.47999954223633,47.84000015258789,48.349998474121094,34.632568359375,2254700,0.0
2009-07-21,48.81999969482422,48.81999969482422,47.5,48.18000030517578,34.510807037353516,3790900,0.0
2009-07-22,47.90999984741211,48.810001373291016,47.779998779296875,48.439998626708984,34.697044372558594,1805600,0.0
2009-07-23,48.459999084472656,50.400001525878906,48.36000061035156,50.130001068115234,35.90758514404297,2640400,0.0
2009-07-24,49.79999923706055,50.529998779296875,49.68000030517578,50.52000045776367,36.18691635131836,2631800,0.0
2009-07-27,50.349998474121094,50.88999938964844,50.20000076293945,50.86000061035156,36.43043899536133,1959700,0.0
2009-07-28,50.630001068115234,51.060001373291016,50.189998626708984,50.90999984741211,36.46624755859375,1935300,0.0
2009-07-29,50.58000183105469,50.81999969482422,50.290000915527344,50.68000030517578,36.301517486572266,1508500,0.0
2009-07-30,51.279998779296875,52.09000015258789,51.04999923706055,51.689998626708984,37.02497482299805,2425400,0.0
2009-07-31,51.459999084472656,52.220001220703125,51.400001525878906,51.47999954223633,36.874542236328125,1920900,0.0
2009-08-03,52.220001220703125,52.70000076293945,51.7599983215332,52.65999984741211,37.71977615356445,1474200,0.0
2009-08-04,52.40999984741211,53.59000015258789,52.2599983215332,53.27000045776367,38.156700134277344,1750500,0.0
2009-08-05,53.38999938964844,53.470001220703125,52.38999938964844,53.040000915527344,37.991973876953125,2516700,0.0
2009-08-06,53.38999938964844,53.529998779296875,52.20000076293945,52.459999084472656,37.57651901245117,1289800,0.0
2009-08-07,53.119998931884766,54.7400016784668,52.88999938964844,53.97999954223633,38.665287017822266,1414300,0.0
2009-08-10,53.81999969482422,54.47999954223633,53.54999923706055,54.209999084472656,38.83003234863281,1587600,0.0
2009-08-11,53.93000030517578,53.93000030517578,52.790000915527344,53.119998931884766,38.04924774169922,1942300,0.0
2009-08-12,53.13999938964844,54.630001068115234,53.06999969482422,54.02000045776367,38.69392776489258,2114900,0.0
2009-08-13,54.45000076293945,54.56999969482422,53.58000183105469,54.349998474121094,38.930301666259766,1576700,0.0
2009-08-14,54.310001373291016,54.36000061035156,52.630001068115234,53.20000076293945,38.106563568115234,2006100,0.0
2009-08-17,52.18000030517578,52.290000915527344,51.47999954223633,51.599998474121094,36.96051788330078,2078500,0.0
2009-08-18,51.86000061035156,52.720001220703125,51.72999954223633,52.36000061035156,37.5048828125,1414600,0.0
2009-08-19,51.83000183105469,53.0,51.720001220703125,52.88999938964844,37.884525299072266,910200,0.0
2009-08-20,52.83000183105469,53.68000030517578,52.54999923706055,53.52000045776367,38.335777282714844,1132500,0.0
2009-08-21,54.18000030517578,55.18000030517578,54.11000061035156,54.9900016784668,39.388729095458984,2203400,0.0
2009-08-24,55.27000045776367,55.59000015258789,54.650001525878906,54.90999984741211,39.33141326904297,1253300,0.0
2009-08-25,55.09000015258789,55.779998779296875,55.0,55.22999954223633,39.56063461303711,1759300,0.0
2009-08-26,55.02000045776367,55.47999954223633,54.7400016784668,55.31999969482422,39.62510681152344,938900,0.0
2009-08-27,55.22999954223633,55.459999084472656,54.099998474121094,55.2400016784668,39.56781768798828,681400,0.0
2009-08-28,55.810001373291016,56.0,54.58000183105469,55.02000045776367,39.410221099853516,910100,0.0
2009-08-31,54.33000183105469,54.5,53.779998779296875,54.09000015258789,38.74406814575195,1751500,0.0
2009-09-01,53.59000015258789,54.83000183105469,52.369998931884766,52.599998474121094,37.67680358886719,1611000,0.0
2009-09-02,52.2599983215332,52.61000061035156,52.029998779296875,52.119998931884766,37.33297348022461,1078900,0.0
2009-09-03,52.400001525878906,52.81999969482422,51.77000045776367,52.7599983215332,37.79140090942383,1374700,0.0
2009-09-04,52.7400016784668,53.4900016784668,52.310001373291016,53.380001068115234,38.23550796508789,838000,0.0
2009-09-08,53.97999954223633,54.16999816894531,53.459999084472656,54.16999816894531,38.80137252807617,877400,0.0
2009-09-09,54.06999969482422,55.349998474121094,53.849998474121094,54.90999984741211,39.33141326904297,1057900,0.0
2009-09-10,54.9900016784668,55.86000061035156,54.459999084472656,55.68000030517578,39.88296890258789,978800,0.0
2009-09-11,55.81999969482422,56.349998474121094,55.5,55.869998931884766,40.019065856933594,710000,0.0
2009-09-14,55.290000915527344,59.29999923706055,55.2400016784668,56.470001220703125,40.44882583618164,1238300,0.0
2009-09-15,56.40999984741211,57.20000076293945,56.16999816894531,57.099998474121094,40.90009689331055,954000,0.0
2009-09-16,57.349998474121094,58.4900016784668,57.22999954223633,58.369998931884766,41.809791564941406,728000,0.0
2009-09-17,58.33000183105469,59.04999923706055,57.810001373291016,58.209999084472656,41.69519805908203,671000,0.0
2009-09-18,58.52000045776367,58.70000076293945,57.75,58.38999938964844,41.82410430908203,554100,0.0
2009-09-21,57.88999938964844,58.20000076293945,57.529998779296875,58.0099983215332,41.55192184448242,1247800,0.0
2009-09-22,58.150001525878906,58.560001373291016,57.86000061035156,58.41999816894531,41.98746109008789,1659100,0.196
2009-09-23,58.439998626708984,58.900001525878906,57.560001373291016,57.630001068115234,41.41969299316406,1071600,0.0
2009-09-24,57.75,58.040000915527344,55.9900016784668,56.470001220703125,40.5859489440918,1176300,0.0
2009-09-25,56.2400016784668,56.63999938964844,55.83000183105469,56.099998474121094,40.320037841796875,1286200,0.0
2009-09-28,56.43000030517578,57.81999969482422,56.369998931884766,57.56999969482422,41.37655258178711,818100,0.0
2009-09-29,57.72999954223633,58.060001373291016,57.220001220703125,57.380001068115234,41.23999786376953,794000,0.0
2009-09-30,57.45000076293945,57.47999954223633,55.869998931884766,56.43000030517578,40.55721664428711,1659700,0.0
2009-10-01,56.2400016784668,57.4900016784668,54.560001373291016,54.599998474121094,39.24196243286133,2412900,0.0
2009-10-02,54.029998779296875,54.79999923706055,53.66999816894531,54.2400016784668,38.98323440551758,1317100,0.0
2009-10-05,54.58000183105469,55.470001220703125,54.400001525878906,55.34000015258789,39.7738151550293,1634100,0.0
2009-10-06,55.81999969482422,56.7400016784668,55.61000061035156,56.2599983215332,40.43501663208008,2231500,0.0
2009-10-07,56.18000030517578,56.61000061035156,56.06999969482422,56.38999938964844,40.52846908569336,768900,0.0
2009-10-08,56.86000061035156,57.529998779296875,56.599998474121094,57.02000045776367,40.981258392333984,1206800,0.0
2009-10-09,57.029998779296875,57.720001220703125,56.97999954223633,57.709999084472656,41.4771842956543,1306500,0.0
2009-10-12,57.97999954223633,58.209999084472656,57.400001525878906,57.70000076293945,41.46998596191406,572500,0.0
2009-10-13,57.5,57.650001525878906,56.790000915527344,57.380001068115234,41.23999786376953,2313600,0.0
2009-10-14,58.15999984741211,58.619998931884766,57.7599983215332,58.470001220703125,42.023399353027344,1962700,0.0
2009-10-15,58.16999816894531,58.56999969482422,57.93000030517578,58.459999084472656,42.01621627807617,1168400,0.0
2009-10-16,58.099998474121094,58.150001525878906,57.2599983215332,57.689998626708984,41.46280288696289,1176600,0.0
2009-10-19,57.849998474121094,58.54999923706055,57.459999084472656,58.189998626708984,41.822147369384766,963300,0.0
2009-10-20,58.27000045776367,58.380001068115234,57.11000061035156,57.4900016784668,41.319068908691406,1411000,0.0
2009-10-21,57.290000915527344,58.470001220703125,56.54999923706055,56.709999084472656,40.758460998535156,2383900,0.0
2009-10-22,56.66999816894531,57.7400016784668,55.95000076293945,57.560001373291016,41.36936569213867,2209300,0.0
2009-10-23,57.72999954223633,57.849998474121094,56.13999938964844,56.29999923706055,40.46379089355469,3010000,0.0
2009-10-26,56.349998474121094,57.22999954223633,55.310001373291016,55.70000076293945,40.03255844116211,2657300,0.0
2009-10-27,55.65999984741211,56.06999969482422,55.0,55.13999938964844,39.630062103271484,1853900,0.0
2009-10-28,54.83000183105469,55.13999938964844,53.06999969482422,53.34000015258789,38.33637237548828,2443000,0.0
2009-10-29,53.75,54.720001220703125,53.68000030517578,54.4900016784668,39.16290283203125,2871600,0.0
2009-10-30,54.220001220703125,54.220001220703125,52.43000030517578,52.869998931884766,37.998573303222656,3497900,0.0
2009-11-02,52.95000076293945,53.52000045776367,51.63999938964844,52.59000015258789,37.79734420776367,2818000,0.0
2009-11-03,52.130001068115234,53.279998779296875,52.0,53.220001220703125,38.25012969970703,3324100,0.0
2009-11-04,53.68000030517578,53.93000030517578,52.47999954223633,52.47999954223633,37.71827697753906,2818800,0.0
2009-11-05,53.060001373291016,54.189998626708984,52.86000061035156,54.04999923706055,38.84666442871094,1609200,0.0
2009-11-06,53.54999923706055,54.52000045776367,53.349998474121094,54.06999969482422,38.861053466796875,1509400,0.0
2009-11-09,54.5,55.290000915527344,54.4900016784668,55.220001220703125,39.68756866455078,2124800,0.0
2009-11-10,54.9900016784668,55.459999084472656,54.369998931884766,54.790000915527344,39.378517150878906,2843100,0.0
2009-11-11,55.20000076293945,55.84000015258789,54.810001373291016,55.279998779296875,39.730682373046875,2080100,0.0
2009-11-12,55.209999084472656,55.720001220703125,53.95000076293945,54.130001068115234,38.9041633605957,1566400,0.0
2009-11-13,54.25,54.939998626708984,53.689998626708984,54.70000076293945,39.3138313293457,1658100,0.0
2009-11-16,55.15999984741211,56.61000061035156,55.09000015258789,56.150001525878906,40.35598373413086,1829700,0.0
2009-11-17,56.0,56.459999084472656,55.720001220703125,56.22999954223633,40.41347885131836,1096900,0.0
2009-11-18,56.25,56.38999938964844,55.72999954223633,56.310001373291016,40.47096252441406,1315200,0.0
2009-11-19,55.720001220703125,55.869998931884766,54.41999816894531,54.84000015258789,39.41445541381836,1366300,0.0
2009-11-20,54.5,55.029998779296875,54.400001525878906,54.81999969482422,39.400081634521484,1135100,0.0
2009-11-23,55.70000076293945,56.65999984741211,55.52000045776367,55.849998474121094,40.14035415649414,1193900,0.0
2009-11-24,55.77000045776367,55.880001068115234,54.880001068115234,55.56999969482422,39.939117431640625,1325900,0.0
2009-11-25,55.849998474121094,55.97999954223633,55.41999816894531,55.540000915527344,39.917545318603516,1419700,0.0
2009-11-27,53.5,54.79999923706055,53.349998474121094,54.04999923706055,38.84666442871094,1407200,0.0
2009-11-30,53.869998931884766,54.5,53.099998474121094,54.2599983215332,38.997596740722656,2850200,0.0
2009-12-01,54.970001220703125,55.459999084472656,54.709999084472656,55.290000915527344,39.73788070678711,1798800,0.0
2009-12-02,55.33000183105469,56.290000915527344,55.220001220703125,55.790000915527344,40.09724426269531,1616100,0.0
2009-12-03,56.119998931884766,56.470001220703125,54.959999084472656,54.97999954223633,39.51507568359375,2004800,0.0
2009-12-04,56.150001525878906,56.88999938964844,55.36000061035156,56.439998626708984,40.564395904541016,3414200,0.0
2009-12-07,56.41999816894531,56.849998474121094,56.20000076293945,56.56999969482422,40.6578254699707,2083200,0.0
2009-12-08,56.15999984741211,56.63999938964844,55.560001373291016,56.099998474121094,40.320037841796875,3378200,0.0
2009-12-09,56.119998931884766,56.22999954223633,55.540000915527344,56.0099983215332,40.25534439086914,1916600,0.0
2009-12-10,56.27000045776367,56.5,55.459999084472656,55.77000045776367,40.08285140991211,1804600,0.0
2009-12-11,56.11000061035156,56.38999938964844,55.689998626708984,56.349998474121094,40.49972152709961,1170200,0.0
2009-12-14,56.810001373291016,57.25,56.15999984741211,57.15999984741211,41.08187484741211,1068100,0.0
2009-12-15,57.040000915527344,57.54999923706055,56.849998474121094,56.93000030517578,40.91659164428711,752800,0.0
2009-12-16,57.33000183105469,57.650001525878906,56.97999954223633,57.290000915527344,41.17530822753906,873500,0.0
2009-12-17,56.95000076293945,57.22999954223633,56.34000015258789,56.75,40.787208557128906,1253500,0.0
2009-12-18,57.290000915527344,57.380001068115234,56.540000915527344,57.20000076293945,41.110626220703125,1420200,0.0
2009-12-21,57.650001525878906,58.2599983215332,57.650001525878906,57.959999084472656,41.6568489074707,1145800,0.0
2009-12-22,58.060001373291016,58.59000015258789,57.95000076293945,58.52000045776367,42.05934524536133,1048500,0.0
2009-12-23,58.41999816894531,58.880001068115234,58.11000061035156,58.81999969482422,42.5490608215332,1719900,0.377
2009-12-24,58.91999816894531,59.130001068115234,58.900001525878906,59.119998931884766,42.766075134277344,347900,0.0
2009-12-28,59.22999954223633,59.290000915527344,58.7400016784668,59.029998779296875,42.70097732543945,1137600,0.0
2009-12-29,59.119998931884766,59.290000915527344,58.95000076293945,58.959999084472656,42.65033721923828,957000,0.0
2009-12-30,58.779998779296875,59.18000030517578,58.43000030517578,58.970001220703125,42.65756607055664,858100,0.0
2009-12-31,58.9900016784668,59.290000915527344,58.040000915527344,58.040000915527344,41.98482894897461,1438300,0.0
2010-01-04,58.95000076293945,59.65999984741211,58.95000076293945,59.56999969482422,43.09159851074219,1764400,0.0
2010-01-05,59.5,59.72999954223633,59.04999923706055,59.349998474121094,42.93245315551758,1119200,0.0
2010-01-06,59.27000045776367,59.630001068115234,59.09000015258789,59.22999954223633,42.845645904541016,1622700,0.0
2010-01-07,59.209999084472656,59.95000076293945,58.779998779296875,59.93000030517578,43.35200881958008,2244100,0.0
2010-01-08,59.65999984741211,60.2599983215332,59.56999969482422,60.2599983215332,43.59072494506836,1046100,0.0
2010-01-11,60.43000030517578,60.59000015258789,59.779998779296875,59.91999816894531,43.34477615356445,802400,0.0
2010-01-12,59.599998474121094,59.81999969482422,59.0,59.20000076293945,42.823944091796875,2145800,0.0
2010-01-13,59.439998626708984,60.18000030517578,59.029998779296875,60.09000015258789,43.467750549316406,1211400,0.0
2010-01-14,59.849998474121094,60.529998779296875,59.7599983215332,60.34000015258789,43.64859390258789,783500,0.0
2010-01-15,60.33000183105469,60.470001220703125,59.09000015258789,59.560001373291016,43.08435821533203,1609700,0.0
2010-01-19,59.66999816894531,60.720001220703125,59.66999816894531,60.70000076293945,43.90900802612305,1662100,0.0
2010-01-20,60.25,60.25,59.13999938964844,59.83000183105469,43.2796630859375,2335200,0.0
2010-01-21,59.90999984741211,60.34000015258789,58.68000030517578,58.869998931884766,42.585243225097656,2094900,0.0
2010-01-22,58.790000915527344,59.029998779296875,57.5099983215332,57.7400016784668,41.767818450927734,2204600,0.0
2010-01-25,58.11000061035156,58.16999816894531,57.45000076293945,57.880001068115234,41.86909103393555,2329800,0.0
2010-01-26,57.61000061035156,58.18000030517578,57.209999084472656,57.33000183105469,41.47124099731445,2382300,0.0
2010-01-27,57.04999923706055,58.0,56.75,57.880001068115234,41.86909103393555,2352100,0.0
2010-01-28,58.06999969482422,58.099998474121094,56.43000030517578,56.939998626708984,41.18910217285156,2206600,0.0
2010-01-29,57.16999816894531,57.91999816894531,56.290000915527344,56.43000030517578,40.820194244384766,2888800,0.0
2010-02-01,56.63999938964844,57.150001525878906,56.4900016784668,57.060001373291016,41.27591323852539,2013800,0.0
2010-02-02,57.13999938964844,57.75,56.849998474121094,57.66999816894531,41.71717071533203,2152500,0.0
2010-02-03,57.380001068115234,57.70000076293945,56.70000076293945,57.18000030517578,41.36273193359375,1466000,0.0
2010-02-04,56.75,56.7599983215332,55.209999084472656,55.27000045776367,39.9810791015625,1970800,0.0
2010-02-05,55.31999969482422,55.560001373291016,54.279998779296875,55.5099983215332,40.15468215942383,2143200,0.0
2010-02-08,55.27000045776367,55.810001373291016,54.79999923706055,54.88999938964844,39.70619201660156,1468800,0.0
2010-02-09,55.5099983215332,55.97999954223633,54.91999816894531,55.63999938964844,40.24870681762695,2005900,0.0
2010-02-10,55.5,55.90999984741211,54.869998931884766,55.72999954223633,40.3138313293457,1801000,0.0
2010-02-11,55.56999969482422,56.599998474121094,55.119998931884766,56.529998779296875,40.892520904541016,1164100,0.0
2010-02-12,56.06999969482422,56.959999084472656,55.849998474121094,56.959999084472656,41.203590393066406,1455500,0.0
2010-02-16,57.560001373291016,58.11000061035156,57.060001373291016,58.029998779296875,41.97759246826172,956400,0.0
2010-02-17,58.40999984741211,58.560001373291016,58.02000045776367,58.43000030517578,42.26693344116211,985800,0.0
2010-02-18,58.439998626708984,59.040000915527344,58.29999923706055,59.029998779296875,42.70097732543945,1322900,0.0
2010-02-19,58.779998779296875,59.52000045776367,58.72999954223633,59.2599983215332,42.867340087890625,1676700,0.0
2010-02-22,59.54999923706055,59.66999816894531,59.25,59.529998779296875,43.06266784667969,1957800,0.0
2010-02-23,59.400001525878906,59.56999969482422,58.58000183105469,58.7599983215332,42.50564956665039,4056100,0.0
2010-02-24,58.939998626708984,59.54999923706055,58.790000915527344,59.310001373291016,42.903507232666016,1184300,0.0
2010-02-25,58.5,59.400001525878906,58.220001220703125,59.349998474121094,42.93245315551758,1953400,0.0
2010-02-26,59.40999984741211,59.45000076293945,58.7400016784668,58.9900016784668,42.67203140258789,2021600,0.0
2010-03-01,59.4900016784668,60.34000015258789,59.43000030517578,60.290000915527344,43.612430572509766,1767600,0.0
2010-03-02,60.58000183105469,61.08000183105469,60.459999084472656,60.83000183105469,44.00305938720703,2621400,0.0
2010-03-03,61.040000915527344,61.43000030517578,60.83000183105469,61.029998779296875,44.1477165222168,2920500,0.0
2010-03-04,61.16999816894531,61.34000015258789,60.900001525878906,61.310001373291016,44.35028839111328,3146600,0.0
2010-03-05,61.65999984741211,62.650001525878906,61.459999084472656,62.56999969482422,45.26172637939453,2035000,0.0
2010-03-08,62.630001068115234,62.900001525878906,62.5,62.70000076293945,45.35576248168945,1904800,0.0
2010-03-09,62.52000045776367,63.38999938964844,62.4900016784668,62.97999954223633,45.55830764770508,1202400,0.0
2010-03-10,63.029998779296875,63.83000183105469,62.9900016784668,63.5099983215332,45.941688537597656,1751500,0.0
2010-03-11,63.099998474121094,63.7400016784668,62.84000015258789,63.61000061035156,46.01404571533203,1857900,0.0
2010-03-12,63.95000076293945,63.95000076293945,63.22999954223633,63.560001373291016,45.97787857055664,1639000,0.0
2010-03-15,63.54999923706055,63.63999938964844,62.880001068115234,63.310001373291016,45.79702377319336,1170900,0.0
2010-03-16,63.650001525878906,64.01000213623047,63.279998779296875,63.970001220703125,46.274452209472656,1728000,0.0
2010-03-17,64.13999938964844,64.83999633789062,64.13999938964844,64.4800033569336,46.64337921142578,2071900,0.0
2010-03-18,64.44999694824219,64.79000091552734,64.12999725341797,64.27999877929688,46.49870300292969,1226000,0.0
2010-03-19,63.439998626708984,64.48999786376953,63.209999084472656,63.439998626708984,45.89107131958008,1251000,0.0
2010-03-22,62.93000030517578,64.37999725341797,62.810001373291016,64.2699966430664,46.49146270751953,1266800,0.0
2010-03-23,64.3499984741211,65.06999969482422,63.970001220703125,65.04000091552734,47.04846954345703,1224400,0.0
2010-03-24,64.51000213623047,64.77999877929688,64.2300033569336,64.2699966430664,46.61114501953125,1816000,0.167
2010-03-25,64.75,65.2300033569336,63.72999954223633,63.77000045776367,46.248538970947266,1938700,0.0
2010-03-26,64.01000213623047,64.52999877929688,63.58000183105469,63.849998474121094,46.30654525756836,1638600,0.0
2010-03-29,64.0999984741211,64.36000061035156,63.83000183105469,64.16999816894531,46.53862380981445,1833600,0.0
2010-03-30,64.25,64.68000030517578,63.88999938964844,64.31999969482422,46.64741897583008,1482700,0.0
2010-03-31,64.11000061035156,64.77999877929688,63.790000915527344,63.84000015258789,46.299293518066406,1424000,0.0
2010-04-01,64.2699966430664,64.61000061035156,63.779998779296875,64.47000122070312,46.756202697753906,1458500,0.0
2010-04-05,64.70999908447266,65.80999755859375,64.45999908447266,65.80999755859375,47.72801971435547,1225800,0.0
2010-04-06,65.56999969482422,66.45999908447266,65.44000244140625,66.30999755859375,48.09064865112305,1550200,0.0
2010-04-07,66.30000305175781,66.66000366210938,65.80000305175781,66.26000213623047,48.05438232421875,2437200,0.0
2010-04-08,66.01000213623047,66.5199966430664,65.54000091552734,66.23999786376953,48.03988265991211,1251100,0.0
2010-04-09,66.3499984741211,66.66999816894531,65.91999816894531,66.5999984741211,48.30095672607422,1427900,0.0
2010-04-12,66.69999694824219,67.04000091552734,66.48999786376953,66.83000183105469,48.4677619934082,1372100,0.0
2010-04-13,66.66000366210938,67.08999633789062,66.26000213623047,67.08000183105469,48.64908218383789,1514900,0.0
2010-04-14,67.45999908447266,68.5,67.31999969482422,68.47000122070312,49.657161712646484,1625800,0.0
2010-04-15,68.4000015258789,68.83999633789062,68.33999633789062,68.69999694824219,49.823951721191406,1363900,0.0
2010-04-16,68.45999908447266,68.61000061035156,67.11000061035156,67.63999938964844,49.05520248413086,3378500,0.0
2010-04-19,67.23999786376953,67.91999816894531,66.33999633789062,67.47000122070312,48.93190383911133,2310000,0.0
2010-04-20,67.75,68.37000274658203,67.44000244140625,68.37000274658203,49.58464050292969,2215200,0.0
2010-04-21,68.37000274658203,69.04000091552734,68.19000244140625,68.91000366210938,49.97626495361328,2542500,0.0
2010-04-22,68.16000366210938,69.91999816894531,67.9000015258789,69.83000183105469,50.64346694946289,2209800,0.0
2010-04-23,69.93000030517578,70.83999633789062,69.58000183105469,70.77999877929688,51.33246994018555,4190500,0.0
2010-04-26,70.81999969482422,71.2699966430664,70.44999694824219,70.45999908447266,51.100364685058594,3409700,0.0
2010-04-27,70.20999908447266,70.81999969482422,68.51000213623047,68.62999725341797,49.773197174072266,3755700,0.0
2010-04-28,69.08000183105469,69.3499984741211,68.52999877929688,68.83000183105469,49.918243408203125,2493500,0.0
2010-04-29,69.41999816894531,70.44999694824219,69.0,70.41000366210938,51.06412887573242,3059000,0.0
2010-04-30,70.44000244140625,70.51000213623047,68.19000244140625,68.19000244140625,49.454078674316406,3203900,0.0
2010-05-03,68.70999908447266,69.86000061035156,68.63999938964844,69.80999755859375,50.62897491455078,2809900,0.0
2010-05-04,68.80000305175781,68.86000061035156,67.05000305175781,67.5199966430664,48.96818542480469,3262400,0.0
2010-05-05,66.80000305175781,67.5199966430664,65.9800033569336,66.5,48.22842788696289,4663800,0.0
2010-05-06,65.94999694824219,66.76000213623047,30.979999542236328,63.88999938964844,46.335575103759766,6823500,0.0
2010-05-07,63.220001220703125,64.29000091552734,61.400001525878906,62.11000061035156,45.04461669921875,5165500,0.0
2010-05-10,65.41000366210938,65.80000305175781,64.6500015258789,65.76000213623047,47.69175720214844,3983600,0.0
2010-05-11,64.76000213623047,67.19000244140625,64.66000366210938,66.19000244140625,48.003597259521484,2232100,0.0
2010-05-12,66.61000061035156,68.33000183105469,66.43000030517578,68.2300033569336,49.48310089111328,2300000,0.0
2010-05-13,68.0999984741211,68.58000183105469,67.16000366210938,67.44999694824219,48.91740417480469,1883500,0.0
2010-05-14,66.9800033569336,67.0,65.22000122070312,66.0999984741211,47.93832778930664,3616200,0.0
2010-05-17,66.48999786376953,67.12999725341797,64.27999877929688,66.0999984741211,47.93832778930664,4165200,0.0
2010-05-18,66.94999694824219,67.30000305175781,64.51000213623047,64.79000091552734,46.988258361816406,2820700,0.0
2010-05-19,64.4800033569336,65.23999786376953,62.959999084472656,63.95000076293945,46.37908172607422,4712100,0.0
2010-05-20,62.11000061035156,62.5,60.41999816894531,60.4900016784668,43.86975860595703,4383000,0.0
2010-05-21,59.25,61.970001220703125,58.939998626708984,61.5099983215332,44.6094970703125,6441200,0.0
2010-05-24,61.29999923706055,61.720001220703125,60.34000015258789,60.34000015258789,43.76096725463867,2353800,0.0
2010-05-25,58.959999084472656,60.470001220703125,58.02000045776367,60.41999816894531,43.81897735595703,3106700,0.0
2010-05-26,60.709999084472656,62.08000183105469,60.2599983215332,60.52000045776367,43.891510009765625,3142000,0.0
2010-05-27,62.119998931884766,63.41999816894531,61.619998931884766,63.31999969482422,45.92216110229492,3953200,0.0
2010-05-28,63.27000045776367,63.45000076293945,61.97999954223633,62.56999969482422,45.37824630737305,2788300,0.0
2010-06-01,61.75,62.650001525878906,60.36000061035156,60.36000061035156,43.77545928955078,2938800,0.0
2010-06-02,60.689998626708984,62.150001525878906,60.2400016784668,62.150001525878906,45.073646545410156,4415200,0.0
2010-06-03,62.349998474121094,62.95000076293945,61.83000183105469,62.7400016784668,45.50154495239258,1640700,0.0
2010-06-04,60.93000030517578,61.54999923706055,59.209999084472656,59.400001525878906,43.079227447509766,5739600,0.0
2010-06-07,59.619998931884766,60.040000915527344,57.95000076293945,58.0,42.06390380859375,3693500,0.0
2010-06-08,58.119998931884766,58.68000030517578,56.880001068115234,58.0099983215332,42.07115936279297,4200800,0.0
2010-06-09,58.61000061035156,59.459999084472656,57.66999816894531,57.97999954223633,42.04939270019531,2709700,0.0
2010-06-10,59.0,60.11000061035156,58.849998474121094,60.11000061035156,43.59414291381836,1339100,0.0
2010-06-11,59.27000045776367,60.95000076293945,59.09000015258789,60.900001525878906,44.16709518432617,1321500,0.0
2010-06-14,61.84000015258789,62.41999816894531,61.11000061035156,61.27000045776367,44.4354362487793,1648500,0.0
2010-06-15,61.84000015258789,63.099998474121094,61.540000915527344,62.88999938964844,45.610328674316406,2967900,0.0
2010-06-16,62.439998626708984,63.2400016784668,62.22999954223633,62.630001068115234,45.42173767089844,1583700,0.0
2010-06-17,62.95000076293945,63.0099983215332,61.88999938964844,62.63999938964844,45.42900848388672,1772800,0.0
2010-06-18,62.790000915527344,63.15999984741211,62.310001373291016,62.709999084472656,45.47977828979492,1296000,0.0
2010-06-21,63.58000183105469,63.84000015258789,61.720001220703125,62.09000015258789,45.03011703491211,3045700,0.0
2010-06-22,62.27000045776367,62.970001220703125,60.65999984741211,60.75,44.05830383300781,1911700,0.0
2010-06-23,60.529998779296875,61.209999084472656,59.83000183105469,60.5,43.877010345458984,2056300,0.0
2010-06-24,60.0,60.5099983215332,59.380001068115234,59.47999954223633,43.137245178222656,1847500,0.0
2010-06-25,59.63999938964844,60.81999969482422,59.18000030517578,60.65999984741211,43.99304962158203,1523800,0.0
2010-06-28,60.65999984741211,60.93000030517578,59.849998474121094,60.04999923706055,43.550636291503906,1359900,0.0
2010-06-29,58.95000076293945,59.130001068115234,57.369998931884766,57.790000915527344,41.9116096496582,2875400,0.0
2010-06-30,57.61000061035156,58.529998779296875,56.90999984741211,57.040000915527344,41.36766815185547,2336900,0.0
2010-07-01,57.040000915527344,57.40999984741211,55.290000915527344,56.630001068115234,41.070316314697266,3598200,0.0
2010-07-02,56.65999984741211,56.72999954223633,55.33000183105469,55.68000030517578,40.59352493286133,2650000,0.296
2010-07-06,56.66999816894531,57.150001525878906,54.599998474121094,54.91999816894531,40.0394401550293,3125500,0.0
2010-07-07,55.040000915527344,56.869998931884766,54.9900016784668,56.790000915527344,41.40276336669922,5068500,0.0
2010-07-08,57.470001220703125,57.790000915527344,56.880001068115234,57.72999954223633,42.08808898925781,2311900,0.0
2010-07-09,57.72999954223633,58.650001525878906,57.52000045776367,58.650001525878906,42.758792877197266,1203200,0.0
2010-07-12,58.41999816894531,58.84000015258789,57.4900016784668,58.04999923706055,42.32136535644531,989100,0.0
2010-07-13,58.93000030517578,60.15999984741211,58.650001525878906,59.91999816894531,43.6846923828125,3089900,0.0
2010-07-14,59.72999954223633,59.9900016784668,59.13999938964844,59.619998931884766,43.465972900390625,2569800,0.0
2010-07-15,59.63999938964844,59.709999084472656,58.290000915527344,59.02000045776367,43.02854537963867,1661600,0.0
2010-07-16,58.56999969482422,58.75,56.7400016784668,56.900001525878906,41.48296356201172,2770800,0.0
2010-07-19,57.040000915527344,57.2400016784668,56.0,57.06999969482422,41.60689926147461,1359000,0.0
2010-07-20,56.380001068115234,58.209999084472656,56.13999938964844,58.13999938964844,42.3869743347168,1148400,0.0
2010-07-21,58.540000915527344,58.70000076293945,56.86000061035156,57.0,41.55585861206055,1401100,0.0
2010-07-22,57.83000183105469,59.31999969482422,57.70000076293945,59.130001068115234,43.10874938964844,1573600,0.0
2010-07-23,58.86000061035156,60.560001373291016,58.61000061035156,60.5,44.1075325012207,3743600,0.0
2010-07-26,60.65999984741211,61.790000915527344,60.38999938964844,61.7400016784668,45.01155471801758,2307700,0.0
2010-07-27,62.22999954223633,62.650001525878906,61.61000061035156,61.7400016784668,45.01155471801758,2794700,0.0
2010-07-28,61.58000183105469,61.939998626708984,60.52000045776367,60.83000183105469,44.348121643066406,2353700,0.0
2010-07-29,61.380001068115234,61.72999954223633,59.79999923706055,60.7599983215332,44.29708480834961,2944200,0.0
2010-07-30,59.959999084472656,61.38999938964844,59.7400016784668,60.7599983215332,44.29708480834961,2360700,0.0
2010-08-02,61.77000045776367,62.119998931884766,61.25,61.779998779296875,45.040733337402344,1896600,0.0
2010-08-03,61.689998626708984,62.150001525878906,60.810001373291016,61.27000045776367,44.668922424316406,1230800,0.0
2010-08-04,61.599998474121094,62.09000015258789,61.41999816894531,61.93000030517578,45.15007400512695,1356900,0.0
2010-08-05,61.5,61.86000061035156,61.18000030517578,61.2599983215332,44.661617279052734,1045100,0.0
2010-08-06,60.310001373291016,61.13999938964844,59.709999084472656,60.90999984741211,44.406463623046875,1457100,0.0
2010-08-09,61.290000915527344,61.790000915527344,60.90999984741211,61.58000183105469,44.894920349121094,743000,0.0
2010-08-10,60.90999984741211,61.189998626708984,59.97999954223633,60.47999954223633,44.092952728271484,1964500,0.0
2010-08-11,59.27000045776367,59.27000045776367,57.91999816894531,58.08000183105469,42.343238830566406,1606200,0.0
2010-08-12,56.790000915527344,58.11000061035156,56.790000915527344,57.70000076293945,42.066200256347656,1558700,0.0
2010-08-13,57.45000076293945,57.68000030517578,57.0,57.09000015258789,41.621482849121094,1446300,0.0
2010-08-16,56.61000061035156,57.86000061035156,56.5,57.5099983215332,41.92766571044922,1259700,0.0
2010-08-17,58.150001525878906,58.97999954223633,57.81999969482422,58.540000915527344,42.6786003112793,1122900,0.0
2010-08-18,58.439998626708984,59.13999938964844,57.86000061035156,58.65999984741211,42.76609420776367,1208400,0.0
2010-08-19,58.380001068115234,58.59000015258789,56.84000015258789,57.0,41.55585861206055,1558200,0.0
2010-08-20,56.779998779296875,56.97999954223633,56.02000045776367,56.95000076293945,41.51942443847656,1321400,0.0
2010-08-23,57.29999923706055,57.61000061035156,56.06999969482422,56.099998474121094,40.899715423583984,1239600,0.0
2010-08-24,55.130001068115234,56.15999984741211,54.75,55.599998474121094,40.53518295288086,1925600,0.0
2010-08-25,55.0,56.529998779296875,54.869998931884766,56.369998931884766,41.0965690612793,1707300,0.0
2010-08-26,56.599998474121094,57.040000915527344,55.7599983215332,55.939998626708984,40.78308868408203,1361000,0.0
2010-08-27,56.58000183105469,57.45000076293945,55.439998626708984,57.36000061035156,41.81833267211914,1472000,0.0
2010-08-30,57.15999984741211,57.34000015258789,56.099998474121094,56.119998931884766,40.914302825927734,927600,0.0
2010-08-31,55.91999816894531,56.7599983215332,55.61000061035156,56.20000076293945,40.972625732421875,2117600,0.0
2010-09-01,57.060001373291016,58.31999969482422,56.86000061035156,58.2599983215332,42.474483489990234,1885300,0.0
2010-09-02,58.25,58.939998626708984,58.04999923706055,58.790000915527344,42.860870361328125,936600,0.0
2010-09-03,59.56999969482422,59.959999084472656,59.189998626708984,59.86000061035156,43.640960693359375,1718500,0.0
2010-09-07,59.70000076293945,59.70000076293945,58.4900016784668,58.61000061035156,42.72964859008789,1550200,0.0
2010-09-08,58.720001220703125,59.459999084472656,58.720001220703125,58.939998626708984,42.97022247314453,1013100,0.0
2010-09-09,59.83000183105469,59.970001220703125,58.630001068115234,59.099998474121094,43.08686447143555,1282100,0.0
2010-09-10,59.2599983215332,59.63999938964844,58.9900016784668,59.2599983215332,43.203514099121094,1110800,0.0
2010-09-13,59.90999984741211,60.79999923706055,59.79999923706055,60.599998474121094,44.18044662475586,993900,0.0
2010-09-14,60.45000076293945,60.84000015258789,60.119998931884766,60.27000045776367,43.939857482910156,1574900,0.0
2010-09-15,60.130001068115234,60.75,59.630001068115234,60.529998779296875,44.129417419433594,978400,0.0
2010-09-16,60.459999084472656,60.58000183105469,59.56999969482422,59.97999954223633,43.72843933105469,1997000,0.0
2010-09-17,60.43000030517578,60.47999954223633,59.400001525878906,60.18000030517578,43.874244689941406,1709700,0.0
2010-09-20,60.43000030517578,62.02000045776367,59.91999816894531,61.849998474121094,45.091766357421875,1250900,0.0
2010-09-21,61.86000061035156,62.27000045776367,61.380001068115234,61.5,44.83659362792969,1841200,0.0
2010-09-22,61.220001220703125,61.68000030517578,60.29999923706055,60.65999984741211,44.22419738769531,1363900,0.0
2010-09-23,59.95000076293945,60.81999969482422,59.41999816894531,59.599998474121094,43.607383728027344,1167400,0.217
2010-09-24,60.4900016784668,61.599998474121094,60.31999969482422,61.47999954223633,44.98292541503906,955200,0.0
2010-09-27,61.61000061035156,61.66999816894531,61.06999969482422,61.31999969482422,44.86585998535156,1391900,0.0
2010-09-28,61.45000076293945,62.029998779296875,60.380001068115234,61.90999984741211,45.297550201416016,1845300,0.0
2010-09-29,61.75,62.27000045776367,61.5099983215332,62.09000015258789,45.42924880981445,1378300,0.0
2010-09-30,62.400001525878906,62.88999938964844,61.5,61.9900016784668,45.3560791015625,6114900,0.0
2010-10-01,62.47999954223633,62.61000061035156,61.75,62.2599983215332,45.55363464355469,2634300,0.0
2010-10-04,62.20000076293945,62.4900016784668,61.08000183105469,61.5099983215332,45.004878997802734,1470700,0.0
2010-10-05,62.11000061035156,63.279998779296875,61.689998626708984,63.130001068115234,46.19017791748047,1560900,0.0
2010-10-06,63.15999984741211,63.45000076293945,62.869998931884766,63.220001220703125,46.256038665771484,1796700,0.0
2010-10-07,63.54999923706055,63.66999816894531,62.54999923706055,62.939998626708984,46.0511589050293,1245500,0.0
2010-10-08,63.04999923706055,64.08000183105469,62.72999954223633,63.72999954223633,46.629188537597656,1159400,0.0
2010-10-11,63.72999954223633,64.1500015258789,63.540000915527344,63.75,46.64380645751953,1685800,0.0
2010-10-12,63.529998779296875,64.11000061035156,62.939998626708984,63.900001525878906,46.7535514831543,1222300,0.0
2010-10-13,64.30000305175781,65.41999816894531,64.05999755859375,64.93000030517578,47.507179260253906,2397200,0.0
2010-10-14,64.87999725341797,65.25,64.2699966430664,64.91999816894531,47.499847412109375,1040600,0.0
2010-10-15,65.31999969482422,65.48999786376953,64.26000213623047,64.54000091552734,47.22183609008789,1104000,0.0
2010-10-18,64.66999816894531,65.5,64.58000183105469,65.5,47.924232482910156,1718900,0.0
2010-10-19,64.43000030517578,65.29000091552734,63.709999084472656,64.16999816894531,46.95111083984375,1844600,0.0
2010-10-20,64.4000015258789,65.25,64.27999877929688,64.87000274658203,47.463287353515625,1167600,0.0
2010-10-21,65.30000305175781,65.69000244140625,63.790000915527344,64.52999877929688,47.21450424194336,2461000,0.0
2010-10-22,64.75,64.87999725341797,64.33000183105469,64.66000366210938,47.30963134765625,831000,0.0
2010-10-25,65.02999877929688,65.68000030517578,64.81999969482422,64.93000030517578,47.507179260253906,1156900,0.0
2010-10-26,64.6500015258789,65.30999755859375,64.30999755859375,64.86000061035156,47.45596694946289,2511600,0.0
2010-10-27,64.48999786376953,64.80000305175781,63.84000015258789,64.54000091552734,47.22183609008789,1189000,0.0
2010-10-28,65.0199966430664,65.2300033569336,63.97999954223633,64.19999694824219,46.97304916381836,1096200,0.0
2010-10-29,64.02999877929688,64.69000244140625,63.90999984741211,64.37999725341797,47.1047477722168,1242100,0.0
2010-11-01,64.73999786376953,65.08999633789062,63.439998626708984,63.959999084472656,46.797462463378906,2494700,0.0
2010-11-02,64.63999938964844,65.33000183105469,64.4000015258789,65.30999755859375,47.78522491455078,1067500,0.0
2010-11-03,65.37000274658203,65.5999984741211,64.5999984741211,65.51000213623047,47.931556701660156,1842900,0.0
2010-11-04,66.5,67.36000061035156,66.5,67.30000305175781,49.24124526977539,1257600,0.0
2010-11-05,67.29000091552734,68.01000213623047,67.29000091552734,67.73999786376953,49.563175201416016,3248700,0.0
2010-11-08,67.47000122070312,67.76000213623047,67.05000305175781,67.61000061035156,49.46805953979492,1217200,0.0
2010-11-09,67.75,67.87000274658203,66.30999755859375,66.62999725341797,48.751014709472656,862200,0.0
2010-11-10,66.66999816894531,67.41999816894531,66.19000244140625,67.41000366210938,49.32172393798828,1240100,0.0
2010-11-11,66.76000213623047,67.43000030517578,66.58000183105469,67.22000122070312,49.182701110839844,2061000,0.0
2010-11-12,66.54000091552734,66.98999786376953,66.01000213623047,66.02999877929688,48.31200408935547,1245900,0.0
2010-11-15,66.44000244140625,66.83999633789062,66.04000091552734,66.04000091552734,48.31932830810547,1177200,0.0
2010-11-16,65.58000183105469,65.72000122070312,64.2300033569336,64.68000030517578,47.32426452636719,2111900,0.0
2010-11-17,64.77999877929688,65.02999877929688,64.48999786376953,64.88999938964844,47.4779052734375,979800,0.0
2010-11-18,65.55999755859375,66.31999969482422,65.55999755859375,65.98999786376953,48.282745361328125,1734200,0.0
2010-11-19,65.87999725341797,66.27999877929688,65.3499984741211,66.18000030517578,48.42177200317383,542300,0.0
2010-11-22,65.9000015258789,66.41999816894531,65.33999633789062,66.22000122070312,48.45102310180664,899200,0.0
2010-11-23,65.41999816894531,65.73999786376953,65.12999725341797,65.55999755859375,47.96813201904297,1434400,0.0
2010-11-24,66.08000183105469,67.0,66.08000183105469,66.98999786376953,49.01441192626953,793800,0.0
2010-11-26,66.55999755859375,66.94999694824219,66.4800033569336,66.58999633789062,48.72173309326172,294100,0.0
2010-11-29,66.19000244140625,66.80999755859375,65.54000091552734,66.6500015258789,48.765647888183594,1860900,0.0
2010-11-30,65.80999755859375,66.43000030517578,65.61000061035156,66.05999755859375,48.333946228027344,1431700,0.0
2010-12-01,67.1500015258789,67.58000183105469,67.1500015258789,67.45999908447266,49.35830307006836,2253300,0.0
2010-12-02,67.43000030517578,68.25,67.38999938964844,68.19000244140625,49.89240646362305,1379000,0.0
2010-12-03,67.94000244140625,68.81999969482422,67.79000091552734,68.5999984741211,50.19239044189453,798000,0.0
2010-12-06,68.5999984741211,69.19999694824219,68.41999816894531,69.05000305175781,50.521644592285156,2352500,0.0
2010-12-07,69.80000305175781,69.9800033569336,69.26000213623047,69.33999633789062,50.73383331298828,3121700,0.0
2010-12-08,69.51000213623047,69.75,69.25,69.41000366210938,50.785072326660156,1550600,0.0
2010-12-09,69.9000015258789,69.9000015258789,69.3499984741211,69.62999725341797,50.9460334777832,1622500,0.0
2010-12-10,69.87000274658203,70.68000030517578,69.62000274658203,70.5199966430664,51.59720993041992,895300,0.0
2010-12-13,70.86000061035156,70.94000244140625,70.22000122070312,70.26000213623047,51.4069709777832,1403500,0.0
2010-12-14,70.55000305175781,70.68000030517578,70.11000061035156,70.2300033569336,51.38503646850586,1092000,0.0
2010-12-15,70.12999725341797,70.79000091552734,69.7300033569336,69.83000183105469,51.09233856201172,2720200,0.0
2010-12-16,69.98999786376953,70.66999816894531,69.69999694824219,70.38999938964844,51.5020866394043,1856800,0.0
2010-12-17,70.48999786376953,70.56999969482422,69.95999908447266,70.37000274658203,51.48747253417969,1980800,0.0
2010-12-20,70.58999633789062,71.18000030517578,70.45999908447266,70.80000305175781,51.80207824707031,1926800,0.0
2010-12-21,71.12000274658203,71.73999786376953,71.01000213623047,71.66000366210938,52.431312561035156,1323000,0.0
2010-12-22,71.4000015258789,71.75,71.27999877929688,71.41000366210938,52.598506927490234,660400,0.477
2010-12-23,71.56999969482422,71.66999816894531,71.19999694824219,71.33000183105469,52.53959655761719,619000,0.0
2010-12-27,71.08999633789062,71.69999694824219,70.91999816894531,71.55999755859375,52.70899200439453,1234400,0.0
2010-12-28,71.73999786376953,71.83000183105469,71.22000122070312,71.52999877929688,52.68689727783203,1861700,0.0
2010-12-29,71.69000244140625,71.73999786376953,71.54000091552734,71.6500015258789,52.77527618408203,857100,0.0
2010-12-30,71.61000061035156,71.91000366210938,71.54000091552734,71.58000183105469,52.72371292114258,1213300,0.0
2010-12-31,71.4000015258789,71.69000244140625,71.0,71.08999633789062,52.3628044128418,1309000,0.0
2011-01-03,71.81999969482422,72.72000122070312,71.63999938964844,72.38999938964844,53.320350646972656,2083400,0.0
2011-01-04,72.4800033569336,72.70999908447266,70.58999633789062,71.26000213623047,52.48805236816406,2844900,0.0
2011-01-05,71.16000366210938,72.0,71.02999877929688,71.94999694824219,52.99626159667969,1397600,0.0
2011-01-06,72.08000183105469,72.08999633789062,71.33999633789062,71.62999725341797,52.76056671142578,4181500,0.0
2011-01-07,71.95999908447266,72.08000183105469,70.31999969482422,71.22000122070312,52.45854568481445,1776100,0.0
2011-01-10,70.87000274658203,71.79000091552734,70.4000015258789,71.41999816894531,52.60588836669922,2834300,0.0
2011-01-11,71.69999694824219,72.08999633789062,71.37999725341797,71.80999755859375,52.89314270019531,1585000,0.0
2011-01-12,72.30000305175781,72.52999877929688,72.02999877929688,72.44000244140625,53.3571891784668,1244200,0.0
2011-01-13,72.33999633789062,72.70999908447266,71.98999786376953,72.23999786376953,53.20986557006836,1242100,0.0
2011-01-14,72.1500015258789,73.13999938964844,72.12999725341797,72.94000244140625,53.725440979003906,1006700,0.0
2011-01-18,72.73999786376953,73.0999984741211,72.41000366210938,73.05000305175781,53.806495666503906,1048000,0.0
2011-01-19,72.88999938964844,73.0999984741211,71.05000305175781,71.22000122070312,52.45854568481445,1903400,0.0
2011-01-20,70.88999938964844,71.45999908447266,70.44999694824219,70.73999786376953,52.1049919128418,1494200,0.0
2011-01-21,71.20999908447266,71.20999908447266,70.25,70.3499984741211,51.8177490234375,1267000,0.0
2011-01-24,70.30999755859375,71.13999938964844,70.29000091552734,70.88999938964844,52.21550369262695,1795900,0.0
2011-01-25,70.62000274658203,71.27999877929688,70.36000061035156,71.27999877929688,52.50276184082031,3317400,0.0
2011-01-26,71.45999908447266,72.48999786376953,71.08999633789062,72.2699966430664,53.23195266723633,2561200,0.0
2011-01-27,72.30000305175781,72.76000213623047,71.9800033569336,72.48999786376953,53.39398956298828,2496400,0.0
2011-01-28,72.45999908447266,72.45999908447266,70.6500015258789,70.69999694824219,52.07552719116211,1938300,0.0
2011-01-31,70.91000366210938,71.56999969482422,70.55000305175781,71.0,52.29652786254883,1604700,0.0
2011-02-01,71.69000244140625,72.83000183105469,71.41000366210938,72.58999633789062,53.467647552490234,3656200,0.0
2011-02-02,72.37999725341797,72.94999694824219,72.27999877929688,72.29000091552734,53.24668502807617,796900,0.0
2011-02-03,72.2300033569336,72.54000091552734,71.4000015258789,72.44999694824219,53.36456298828125,1417200,0.0
2011-02-04,72.37999725341797,72.43000030517578,71.83999633789062,72.29000091552734,53.24668502807617,1766700,0.0
2011-02-07,72.41000366210938,73.41999816894531,72.26000213623047,73.01000213623047,53.77701187133789,2699500,0.0
2011-02-08,72.86000061035156,73.44999694824219,72.75,73.41999816894531,54.07899856567383,3304200,0.0
2011-02-09,73.19999694824219,73.5199966430664,72.7699966430664,73.1500015258789,53.880123138427734,1521800,0.0
2011-02-10,72.55999755859375,73.37999725341797,72.55999755859375,73.30999755859375,53.99799346923828,1523900,0.0
2011-02-11,72.95999908447266,74.08999633789062,72.95999908447266,74.06999969482422,54.557769775390625,1164300,0.0
2011-02-14,74.08999633789062,74.45999908447266,74.01000213623047,74.37000274658203,54.778751373291016,1107800,0.0
2011-02-15,74.11000061035156,74.43000030517578,73.9000015258789,74.05999755859375,54.550445556640625,2313700,0.0
2011-02-16,74.20999908447266,74.70999908447266,74.19000244140625,74.62000274658203,54.96290969848633,3083800,0.0
2011-02-17,74.43000030517578,75.33999633789062,74.43000030517578,75.16999816894531,55.36801528930664,884900,0.0
2011-02-18,75.33000183105469,75.58999633789062,75.04000091552734,75.33000183105469,55.48588562011719,1347100,0.0
2011-02-22,74.68000030517578,75.0999984741211,73.44000244140625,73.5,54.13795471191406,1932000,0.0
2011-02-23,73.5999984741211,73.76000213623047,72.04000091552734,72.44999694824219,53.36456298828125,2735600,0.0
2011-02-24,72.4800033569336,73.11000061035156,71.94999694824219,72.7300033569336,53.570796966552734,2251700,0.0
2011-02-25,73.12000274658203,74.41999816894531,73.02999877929688,74.4000015258789,54.80085754394531,1591000,0.0
2011-02-28,74.83000183105469,75.08000183105469,74.13999938964844,74.62000274658203,54.96290969848633,1333900,0.0
2011-03-01,74.9800033569336,74.9800033569336,73.02999877929688,73.19999694824219,53.916961669921875,1753200,0.0
2011-03-02,73.19000244140625,73.73999786376953,72.81999969482422,73.41000366210938,54.071651458740234,1643900,0.0
2011-03-03,74.06999969482422,75.08000183105469,74.04000091552734,74.88999938964844,55.16176986694336,1343000,0.0
2011-03-04,74.94000244140625,74.94000244140625,73.6500015258789,74.37999725341797,54.78611755371094,2525100,0.0
2011-03-07,74.55999755859375,74.70999908447266,72.69999694824219,73.27999877929688,53.97589874267578,1803100,0.0
2011-03-08,73.29000091552734,74.77999877929688,72.86000061035156,74.47000122070312,54.85240173339844,1351600,0.0
2011-03-09,74.45999908447266,74.77999877929688,74.05999755859375,74.31999969482422,54.74193572998047,2060500,0.0
2011-03-10,73.4800033569336,73.4800033569336,72.26000213623047,72.41000366210938,53.335079193115234,1834300,0.0
2011-03-11,71.77999877929688,72.97000122070312,71.76000213623047,72.55000305175781,53.438209533691406,1796500,0.0
2011-03-14,71.95999908447266,72.48999786376953,71.36000061035156,72.05000305175781,53.06990051269531,2011000,0.0
2011-03-15,70.5,71.93000030517578,69.79000091552734,71.44000244140625,52.62060546875,2742300,0.0
2011-03-16,71.19999694824219,71.73999786376953,70.19000244140625,70.58999633789062,51.9945182800293,4226300,0.0
2011-03-17,71.66999816894531,71.75,70.94000244140625,70.94000244140625,52.252315521240234,2812100,0.0
2011-03-18,71.87999725341797,72.08000183105469,71.56999969482422,71.95999908447266,53.003658294677734,1599700,0.0
2011-03-21,72.88999938964844,73.5999984741211,72.7699966430664,73.5999984741211,54.21158981323242,1713000,0.0
2011-03-22,73.55000305175781,73.81999969482422,73.08999633789062,73.30000305175781,53.99062728881836,983700,0.0
2011-03-23,73.16999816894531,73.4800033569336,72.29000091552734,73.25,53.95380783081055,1132500,0.0
2011-03-24,73.47000122070312,73.55000305175781,72.73999786376953,73.33999633789062,54.202110290527344,817500,0.246
2011-03-25,73.72000122070312,74.69000244140625,73.37000274658203,73.91999816894531,54.630767822265625,1305500,0.0
2011-03-28,74.04000091552734,74.30999755859375,73.5999984741211,73.66000366210938,54.43861389160156,792400,0.0
2011-03-29,73.63999938964844,74.30000305175781,73.27999877929688,74.19999694824219,54.83769989013672,1511300,0.0
2011-03-30,74.54000091552734,75.22000122070312,74.4000015258789,75.11000061035156,55.51025390625,1151300,0.0
2011-03-31,75.0199966430664,75.5,74.98999786376953,75.37999725341797,55.709774017333984,1124800,0.0
2011-04-01,75.98999786376953,76.16000366210938,75.51000213623047,75.7300033569336,55.96847152709961,1345500,0.0
2011-04-04,75.87000274658203,76.0999984741211,75.7699966430664,75.94999694824219,56.131038665771484,849800,0.0
2011-04-05,75.80999755859375,76.68000030517578,75.66999816894531,76.12000274658203,56.256690979003906,1069600,0.0
2011-04-06,76.55999755859375,76.72000122070312,76.12999725341797,76.5,56.53752517700195,1758500,0.0
2011-04-07,76.47000122070312,76.75,75.79000091552734,75.98999786376953,56.16061782836914,1455300,0.0
2011-04-08,76.19000244140625,76.3499984741211,74.83000183105469,75.12999725341797,55.525028228759766,1215700,0.0
2011-04-11,75.08000183105469,75.33999633789062,74.12999725341797,74.36000061035156,54.95595169067383,1738600,0.0
2011-04-12,73.94999694824219,74.31999969482422,73.41000366210938,73.45999908447266,54.29080581665039,1789100,0.0
2011-04-13,73.87000274658203,73.95999908447266,72.80999755859375,73.19999694824219,54.098636627197266,1746100,0.0
2011-04-14,72.72000122070312,73.6500015258789,72.58999633789062,73.58999633789062,54.38687515258789,1307900,0.0
2011-04-15,73.61000061035156,74.33000183105469,73.37999725341797,74.31999969482422,54.9263801574707,904500,0.0
2011-04-18,73.33000183105469,73.33000183105469,72.6500015258789,73.23999786376953,54.12820816040039,1359400,0.0
2011-04-19,73.48999786376953,73.68000030517578,72.80000305175781,73.13999938964844,54.05431365966797,1670800,0.0
2011-04-20,74.30999755859375,74.45999908447266,73.9800033569336,74.37000274658203,54.96333312988281,1283800,0.0
2011-04-21,74.72000122070312,74.86000061035156,74.2300033569336,74.80999755859375,55.288516998291016,797800,0.0
2011-04-25,74.69000244140625,74.88999938964844,74.3499984741211,74.80000305175781,55.2811393737793,687100,0.0
2011-04-26,74.87999725341797,76.02999877929688,74.86000061035156,75.63999938964844,55.90191650390625,2200000,0.0
2011-04-27,75.58000183105469,76.1500015258789,75.48999786376953,76.0199966430664,56.182777404785156,1131700,0.0
2011-04-28,75.93000030517578,76.44000244140625,75.8499984741211,76.37000274658203,56.44144821166992,2246200,0.0
2011-04-29,76.44999694824219,76.83999633789062,76.18000030517578,76.58999633789062,56.60403823852539,1000000,0.0
2011-05-02,76.9800033569336,77.0,75.73999786376953,75.83000183105469,56.04236602783203,2812300,0.0
2011-05-03,75.69000244140625,76.02999877929688,74.62000274658203,75.18000030517578,55.56197738647461,2450400,0.0
2011-05-04,75.19000244140625,75.37999725341797,73.88999938964844,74.2699966430664,54.88943862915039,2687600,0.0
2011-05-05,73.70999908447266,74.87000274658203,73.5,73.9000015258789,54.615989685058594,4491600,0.0
2011-05-06,74.62999725341797,75.0,73.7300033569336,74.0199966430664,54.70467758178711,1918900,0.0
2011-05-09,74.0199966430664,74.83000183105469,73.83999633789062,74.70999908447266,55.214622497558594,2084200,0.0
2011-05-10,75.01000213623047,75.94999694824219,75.01000213623047,75.91000366210938,56.10149002075195,4010500,0.0
2011-05-11,75.77999877929688,75.77999877929688,74.30000305175781,74.62000274658203,55.148109436035156,2544500,0.0
2011-05-12,74.11000061035156,75.33999633789062,73.83000183105469,75.13999938964844,55.532405853271484,2080400,0.0
2011-05-13,75.20999908447266,75.44000244140625,73.8499984741211,74.08999633789062,54.756385803222656,1705400,0.0
2011-05-16,73.5199966430664,74.41000366210938,73.18000030517578,73.25,54.135616302490234,1461600,0.0
2011-05-17,72.62000274658203,73.26000213623047,72.58999633789062,73.0199966430664,53.965606689453125,2832400,0.0
2011-05-18,73.08000183105469,73.97000122070312,72.94999694824219,73.97000122070312,54.667728424072266,2094700,0.0
2011-05-19,74.45999908447266,74.52999877929688,73.55000305175781,74.11000061035156,54.77119827270508,1260500,0.0
2011-05-20,73.87000274658203,74.04000091552734,73.18000030517578,73.52999877929688,54.34253692626953,1310100,0.0
2011-05-23,72.20999908447266,72.83999633789062,72.19999694824219,72.44000244140625,53.5369873046875,4518900,0.0
2011-05-24,72.5199966430664,72.88999938964844,71.97000122070312,72.11000061035156,53.2930793762207,2086900,0.0
2011-05-25,71.83000183105469,73.05999755859375,71.83000183105469,72.83000183105469,53.8251953125,1748900,0.0
2011-05-26,72.5199966430664,73.69000244140625,72.4000015258789,73.6500015258789,54.43125915527344,1155900,0.0
2011-05-27,73.95999908447266,74.4000015258789,73.8499984741211,74.19000244140625,54.8303108215332,959500,0.0
2011-05-31,75.12000274658203,75.30000305175781,74.47000122070312,75.29000091552734,55.64326095581055,1731700,0.0
2011-06-01,75.23999786376953,75.23999786376953,72.88999938964844,73.01000213623047,53.958229064941406,2001500,0.0
2011-06-02,73.04000091552734,73.41999816894531,72.52999877929688,72.91999816894531,53.891719818115234,1632900,0.0
2011-06-03,71.81999969482422,72.61000061035156,71.69999694824219,71.94000244140625,53.16742706298828,2092800,0.0
2011-06-06,71.80999755859375,72.0999984741211,70.91000366210938,70.97000122070312,52.450565338134766,1275100,0.0
2011-06-07,71.45999908447266,71.70999908447266,71.05999755859375,71.0999984741211,52.5466423034668,1924400,0.0
2011-06-08,70.7699966430664,71.12999725341797,70.33999633789062,70.44999694824219,52.066253662109375,2283300,0.0
2011-06-09,70.6500015258789,70.98999786376953,70.31999969482422,70.58999633789062,52.16972732543945,1508400,0.0
2011-06-10,70.22000122070312,70.30999755859375,69.19999694824219,69.54000091552734,51.39372634887695,2456000,0.0
2011-06-13,69.69999694824219,70.0199966430664,69.04000091552734,69.44999694824219,51.32719421386719,1402300,0.0
2011-06-14,70.06999969482422,71.08999633789062,69.93000030517578,70.83999633789062,52.3544921875,1979900,0.0
2011-06-15,70.13999938964844,70.58000183105469,69.33000183105469,69.68000030517578,51.49718475341797,2154600,0.0
2011-06-16,69.72000122070312,70.54000091552734,69.22000122070312,70.01000213623047,51.74106216430664,2432000,0.0
2011-06-17,70.51000213623047,70.83999633789062,69.81999969482422,70.16000366210938,51.8519287109375,2708000,0.0
2011-06-20,69.97000122070312,71.0999984741211,69.97000122070312,70.83999633789062,52.3544921875,3124700,0.0
2011-06-21,71.4000015258789,72.19000244140625,71.22000122070312,72.12000274658203,53.30046463012695,1746000,0.0
2011-06-22,71.75,72.4800033569336,71.55000305175781,71.58999633789062,52.908775329589844,1697600,0.0
2011-06-23,70.73999786376953,71.6500015258789,69.94999694824219,71.47000122070312,52.8200798034668,3386900,0.0
2011-06-24,71.61000061035156,71.83999633789062,70.7699966430664,71.12000274658203,52.5614128112793,1880700,0.0
2011-06-27,71.05000305175781,71.72000122070312,70.81999969482422,71.58000183105469,52.90138244628906,1503600,0.0
2011-06-28,71.88999938964844,72.4800033569336,71.66999816894531,72.45999908447266,53.55176544189453,2053300,0.0
2011-06-29,72.7300033569336,72.87000274658203,72.19000244140625,72.73999786376953,53.75867462158203,1601300,0.0
2011-06-30,72.94000244140625,73.56999969482422,72.81999969482422,73.41000366210938,54.25387191772461,1174200,0.0
2011-07-01,73.31999969482422,74.62999725341797,73.2300033569336,74.4800033569336,55.044639587402344,1654100,0.0
2011-07-05,74.30999755859375,74.30999755859375,73.66999816894531,74.08000183105469,55.021602630615234,3033700,0.369
2011-07-06,73.91999816894531,74.44999694824219,73.75,74.3499984741211,55.22215270996094,1771900,0.0
2011-07-07,74.95999908447266,75.73999786376953,74.77999877929688,75.4800033569336,56.06144332885742,1802400,0.0
2011-07-08,74.5999984741211,75.04000091552734,74.37999725341797,75.01000213623047,55.71236801147461,971800,0.0
2011-07-11,74.13999938964844,74.41000366210938,73.3499984741211,73.5199966430664,54.60569381713867,2073700,0.0
2011-07-12,73.19000244140625,74.05000305175781,73.16000366210938,73.29000091552734,54.4348258972168,2406700,0.0
2011-07-13,73.6500015258789,74.55000305175781,73.51000213623047,73.81999969482422,54.828514099121094,1601200,0.0
2011-07-14,74.01000213623047,74.20999908447266,72.5199966430664,72.66999816894531,53.97438049316406,1783000,0.0
2011-07-15,72.9800033569336,73.20999908447266,72.56999969482422,73.05000305175781,54.256595611572266,1408100,0.0
2011-07-18,72.72000122070312,72.88999938964844,71.4800033569336,71.91999816894531,53.417301177978516,1651100,0.0
2011-07-19,72.31999969482422,73.33999633789062,72.30999755859375,73.25,54.40515899658203,1326500,0.0
2011-07-20,73.3499984741211,73.41000366210938,72.91999816894531,73.27999877929688,54.427425384521484,1137700,0.0
2011-07-21,73.52999877929688,74.37999725341797,73.44999694824219,74.27999877929688,55.17014694213867,1784400,0.0
2011-07-22,74.19999694824219,74.25,73.62999725341797,74.06999969482422,55.014183044433594,1540100,0.0
2011-07-25,73.0999984741211,73.81999969482422,73.0199966430664,73.2699966430664,54.420013427734375,1434800,0.0
2011-07-26,73.16999816894531,73.33000183105469,72.62000274658203,72.8499984741211,54.10805130004883,1497500,0.0
2011-07-27,72.4000015258789,72.41999816894531,70.80000305175781,70.94000244140625,52.689430236816406,3193300,0.0
2011-07-28,70.83999633789062,71.69000244140625,70.69000244140625,70.77999877929688,52.57061004638672,2206000,0.0
2011-07-29,69.83999633789062,71.11000061035156,69.52999877929688,70.7300033569336,52.533447265625,2329300,0.0
2011-08-01,71.4800033569336,71.72000122070312,69.73999786376953,70.37999725341797,52.27349853515625,2614800,0.0
2011-08-02,69.93000030517578,70.62999725341797,68.12999725341797,68.33999633789062,50.75831985473633,2802100,0.0
2011-08-03,68.16000366210938,68.70999908447266,66.66000366210938,68.58999633789062,50.94401550292969,3262100,0.0
2011-08-04,67.69999694824219,67.7699966430664,64.79000091552734,64.79000091552734,48.12162780761719,5512500,0.0
2011-08-05,65.51000213623047,65.86000061035156,62.41999816894531,63.72999954223633,47.33433532714844,7512000,0.0
2011-08-08,61.56999969482422,63.29999923706055,58.150001525878906,58.150001525878906,43.18989181518555,6797500,0.0
2011-08-09,59.84000015258789,62.13999938964844,56.86000061035156,62.060001373291016,46.09397888183594,4166300,0.0
2011-08-10,60.2400016784668,61.220001220703125,58.529998779296875,58.720001220703125,43.61324691772461,4702700,0.0
2011-08-11,58.970001220703125,62.43000030517578,58.70000076293945,61.470001220703125,45.655757904052734,3142500,0.0
2011-08-12,62.15999984741211,62.619998931884766,60.91999816894531,61.54999923706055,45.715187072753906,2453900,0.0
2011-08-15,62.38999938964844,63.5,62.209999084472656,63.40999984741211,47.096649169921875,2089200,0.0
2011-08-16,62.470001220703125,63.2400016784668,61.790000915527344,62.38999938964844,46.33906936645508,3276800,0.0
2011-08-17,62.869998931884766,63.380001068115234,62.02000045776367,62.59000015258789,46.48761749267578,1435300,0.0
2011-08-18,60.38999938964844,60.70000076293945,58.849998474121094,59.34000015258789,44.073726654052734,2097100,0.0
2011-08-19,58.15999984741211,60.119998931884766,58.04999923706055,58.220001220703125,43.24187088012695,1692600,0.0
2011-08-22,59.86000061035156,59.86000061035156,57.689998626708984,58.15999984741211,43.19731140136719,1576600,0.0
2011-08-23,58.41999816894531,60.650001525878906,57.900001525878906,60.599998474121094,45.00958251953125,1203200,0.0
2011-08-24,60.59000015258789,61.91999816894531,60.15999984741211,61.560001373291016,45.72261428833008,1476200,0.0
2011-08-25,62.290000915527344,62.58000183105469,59.810001373291016,60.08000183105469,44.62335968017578,1829200,0.0
2011-08-26,59.86000061035156,61.459999084472656,58.790000915527344,61.2599983215332,45.49978256225586,1208800,0.0
2011-08-29,62.02000045776367,64.25,61.900001525878906,64.19000244140625,47.67597579956055,751700,0.0
2011-08-30,63.7599983215332,64.80000305175781,62.939998626708984,64.30000305175781,47.757686614990234,993900,0.0
2011-08-31,64.76000213623047,65.25,63.72999954223633,64.29000091552734,47.75025939941406,1602100,0.0
2011-09-01,64.37000274658203,65.08999633789062,62.45000076293945,62.7599983215332,46.6138801574707,2429700,0.0
2011-09-02,61.33000183105469,61.81999969482422,60.20000076293945,60.40999984741211,44.86846923828125,1196400,0.0
2011-09-06,58.529998779296875,60.25,58.279998779296875,60.16999816894531,44.690208435058594,1839800,0.0
2011-09-07,61.15999984741211,62.630001068115234,60.900001525878906,62.540000915527344,46.45048141479492,718200,0.0
2011-09-08,62.099998474121094,62.849998474121094,61.08000183105469,61.369998931884766,45.581478118896484,2562000,0.0
2011-09-09,60.72999954223633,60.9900016784668,59.04999923706055,59.65999984741211,44.31140899658203,1310700,0.0
2011-09-12,58.7400016784668,60.209999084472656,58.59000015258789,60.18000030517578,44.6976432800293,3188600,0.0
2011-09-13,60.56999969482422,61.27000045776367,60.040000915527344,61.130001068115234,45.40322494506836,1045900,0.0
2011-09-14,61.59000015258789,62.880001068115234,60.43000030517578,62.119998931884766,46.13853073120117,1264700,0.0
2011-09-15,62.7400016784668,62.959999084472656,61.779998779296875,62.93000030517578,46.74014663696289,1041100,0.0
2011-09-16,63.15999984741211,63.5099983215332,62.560001373291016,63.04999923706055,46.82926940917969,1351400,0.0
2011-09-19,61.95000076293945,62.400001525878906,61.25,61.810001373291016,45.90829086303711,931600,0.0
2011-09-20,62.0,62.619998931884766,60.869998931884766,60.93000030517578,45.25468063354492,818200,0.0
2011-09-21,60.709999084472656,61.18000030517578,58.470001220703125,58.52000045776367,43.464698791503906,895800,0.0
2011-09-22,56.400001525878906,58.099998474121094,56.119998931884766,57.060001373291016,42.38031768798828,2104700,0.0
2011-09-23,56.68000030517578,57.81999969482422,56.470001220703125,57.34000015258789,42.8035774230957,3223000,0.287
2011-09-26,57.91999816894531,58.59000015258789,56.84000015258789,58.54999923706055,43.706809997558594,1158700,0.0
2011-09-27,59.61000061035156,61.029998779296875,59.16999816894531,59.65999984741211,44.535400390625,1554700,0.0
2011-09-28,59.66999816894531,59.88999938964844,57.349998474121094,57.47999954223633,42.90806579589844,1353500,0.0
2011-09-29,58.810001373291016,59.06999969482422,57.189998626708984,58.84000015258789,43.92331314086914,1465000,0.0
2011-09-30,57.86000061035156,58.63999938964844,57.029998779296875,57.029998779296875,42.57215881347656,1915600,0.0
2011-10-03,56.720001220703125,57.70000076293945,54.06999969482422,54.150001525878906,40.42226028442383,2735700,0.0
2011-10-04,53.5099983215332,57.689998626708984,53.400001525878906,57.650001525878906,43.034976959228516,3900000,0.0
2011-10-05,57.59000015258789,58.5099983215332,56.81999969482422,58.189998626708984,43.43808364868164,5339100,0.0
2011-10-06,58.119998931884766,59.56999969482422,57.65999984741211,59.439998626708984,44.37118911743164,1135300,0.0
2011-10-07,59.54999923706055,59.7599983215332,57.59000015258789,57.75,43.109622955322266,2065300,0.0
2011-10-10,58.91999816894531,60.34000015258789,58.79999923706055,60.27000045776367,44.99077606201172,788200,0.0
2011-10-11,59.709999084472656,60.9900016784668,59.58000183105469,60.7599983215332,45.356544494628906,1317600,0.0
2011-10-12,61.29999923706055,62.31999969482422,61.040000915527344,61.72999954223633,46.080657958984375,898700,0.0
2011-10-13,61.310001373291016,61.81999969482422,60.470001220703125,61.47999954223633,45.89403533935547,1053800,0.0
2011-10-14,62.16999816894531,62.779998779296875,61.5099983215332,62.630001068115234,46.752471923828125,861900,0.0
2011-10-17,62.02000045776367,62.119998931884766,60.369998931884766,60.650001525878906,45.27444076538086,1019900,0.0
2011-10-18,60.88999938964844,62.970001220703125,59.97999954223633,62.52000045776367,46.670372009277344,1090400,0.0
2011-10-19,62.43000030517578,62.88999938964844,61.18000030517578,61.5099983215332,45.916419982910156,1452800,0.0
2011-10-20,61.779998779296875,61.779998779296875,60.040000915527344,61.689998626708984,46.0507926940918,956700,0.0
2011-10-21,62.58000183105469,63.099998474121094,62.04999923706055,63.09000015258789,47.09586715698242,763600,0.0
2011-10-24,63.29999923706055,65.04000091552734,63.189998626708984,64.93000030517578,48.469390869140625,1065900,0.0
2011-10-25,64.5,64.5,62.93000030517578,63.13999938964844,47.1331787109375,978200,0.0
2011-10-26,64.22000122070312,64.5199966430664,62.529998779296875,64.0999984741211,47.84980010986328,1004000,0.0
2011-10-27,66.5999984741211,67.97000122070312,65.80000305175781,67.55000305175781,50.42519760131836,1609300,0.0
2011-10-28,67.33000183105469,67.83999633789062,66.81999969482422,67.0999984741211,50.08927917480469,1450900,0.0
2011-10-31,66.11000061035156,66.56999969482422,65.2300033569336,65.27999877929688,48.73066329956055,1501500,0.0
2011-11-01,62.93000030517578,64.38999938964844,62.5,62.90999984741211,46.961490631103516,2583400,0.0
2011-11-02,63.86000061035156,64.6500015258789,63.33000183105469,64.54000091552734,48.17828369140625,1421600,0.0
2011-11-03,65.30000305175781,66.20999908447266,63.70000076293945,66.06999969482422,49.320411682128906,1128400,0.0
2011-11-04,65.29000091552734,65.73999786376953,64.73999786376953,65.56999969482422,48.94715118408203,571200,0.0
2011-11-07,65.54000091552734,65.81999969482422,64.18000030517578,65.58000183105469,48.95461654663086,1099200,0.0
2011-11-08,66.26000213623047,66.66000366210938,64.73999786376953,66.55999755859375,49.6861686706543,1355300,0.0
2011-11-09,64.61000061035156,65.13999938964844,63.27000045776367,63.369998931884766,47.30488586425781,3522600,0.0
2011-11-10,64.30000305175781,64.52999877929688,63.279998779296875,63.959999084472656,47.74530029296875,1354100,0.0
2011-11-11,64.66000366210938,65.7300033569336,64.62999725341797,65.52999877929688,48.91731643676758,1065100,0.0
2011-11-14,65.26000213623047,65.44999694824219,64.02999877929688,64.47000122070312,48.126014709472656,725300,0.0
2011-11-15,64.05999755859375,65.61000061035156,63.70000076293945,65.2300033569336,48.6933479309082,813300,0.0
2011-11-16,64.47000122070312,65.80000305175781,64.23999786376953,64.3499984741211,48.036441802978516,1262200,0.0
2011-11-17,64.08999633789062,64.77999877929688,63.20000076293945,63.560001373291016,47.446720123291016,1058000,0.0
2011-11-18,63.7599983215332,64.0999984741211,63.22999954223633,63.779998779296875,47.610939025878906,1393800,0.0
2011-11-21,62.650001525878906,62.88999938964844,61.790000915527344,62.290000915527344,46.4986686706543,1343500,0.0
2011-11-22,62.15999984741211,62.52000045776367,61.380001068115234,61.599998474121094,45.98359680175781,2659300,0.0
2011-11-23,60.9900016784668,61.11000061035156,59.630001068115234,59.880001068115234,44.699649810791016,2939400,0.0
2011-11-25,59.36000061035156,60.310001373291016,59.0099983215332,59.0099983215332,44.050193786621094,1233800,0.0
2011-11-28,61.11000061035156,61.65999984741211,60.81999969482422,61.52000045776367,45.92388153076172,1287500,0.0
2011-11-29,61.56999969482422,61.869998931884766,60.970001220703125,61.380001068115234,45.81938552856445,1133900,0.0
2011-11-30,63.93000030517578,65.1500015258789,63.47999954223633,65.1500015258789,48.63364028930664,2993900,0.0
2011-12-01,64.91999816894531,65.37000274658203,64.44999694824219,64.55999755859375,48.19320297241211,2387700,0.0
2011-12-02,65.37999725341797,65.81999969482422,64.76000213623047,64.77999877929688,48.3574333190918,1900800,0.0
2011-12-05,65.9800033569336,66.4000015258789,65.30999755859375,65.80999755859375,49.126312255859375,1627800,0.0
2011-12-06,65.87999725341797,66.3499984741211,65.3499984741211,65.9800033569336,49.25320053100586,1780200,0.0
2011-12-07,65.43000030517578,66.30999755859375,64.55000305175781,66.01000213623047,49.27561950683594,1667800,0.0
2011-12-08,65.36000061035156,65.44000244140625,63.70000076293945,63.83000183105469,47.64827346801758,1757100,0.0
2011-12-09,64.04000091552734,66.06999969482422,63.810001373291016,65.69000244140625,49.03672790527344,1610900,0.0
2011-12-12,64.73999786376953,64.9800033569336,64.02999877929688,64.83000183105469,48.394744873046875,1094900,0.0
2011-12-13,65.41999816894531,65.69000244140625,63.279998779296875,63.63999938964844,47.506431579589844,2419100,0.0
2011-12-14,63.11000061035156,63.599998474121094,62.72999954223633,63.08000183105469,47.088409423828125,1777600,0.0
2011-12-15,63.9900016784668,64.11000061035156,63.209999084472656,63.7599983215332,47.596004486083984,1770400,0.0
2011-12-16,64.25,65.22000122070312,63.86000061035156,64.30000305175781,47.99911880493164,1779800,0.0
2011-12-19,64.81999969482422,65.13999938964844,62.970001220703125,63.09000015258789,47.09586715698242,1430200,0.0
2011-12-20,64.45999908447266,65.68000030517578,64.33999633789062,65.5999984741211,48.969539642333984,1422400,0.0
2011-12-21,65.37000274658203,66.33000183105469,64.94999694824219,66.11000061035156,49.35026168823242,1247500,0.0
2011-12-22,65.98999786376953,66.58999633789062,65.83000183105469,66.22000122070312,49.7552375793457,952200,0.429
2011-12-23,66.5,66.55000305175781,66.05000305175781,66.36000061035156,49.86042404174805,864700,0.0
2011-12-27,66.12999725341797,66.87000274658203,65.97000122070312,66.56999969482422,50.01820755004883,902600,0.0
2011-12-28,66.58999633789062,66.58999633789062,65.2300033569336,65.66000366210938,49.334468841552734,2921900,0.0
2011-12-29,65.70999908447266,66.26000213623047,65.56999969482422,66.0999984741211,49.66505813598633,1274100,0.0
2011-12-30,66.08999633789062,66.3499984741211,65.63999938964844,65.63999938964844,49.3194580078125,1421900,0.0
2012-01-03,67.30000305175781,67.43000030517578,66.62999725341797,66.87999725341797,50.251129150390625,3076900,0.0
2012-01-04,66.56999969482422,66.76000213623047,66.06999969482422,66.56999969482422,50.01820755004883,2700300,0.0
2012-01-05,66.02999877929688,67.11000061035156,65.38999938964844,66.86000061035156,50.23611831665039,1526000,0.0
2012-01-06,66.88999938964844,67.13999938964844,66.12999725341797,66.70999908447266,50.123416900634766,5554000,0.0
2012-01-09,66.94000244140625,67.0199966430664,66.2699966430664,66.83000183105469,50.21355438232422,1699800,0.0
2012-01-10,67.66999816894531,67.94999694824219,67.51000213623047,67.77999877929688,50.9273681640625,1941400,0.0
2012-01-11,67.58000183105469,68.12999725341797,67.38999938964844,68.04000091552734,51.122718811035156,977600,0.0
2012-01-12,68.16999816894531,68.3499984741211,67.4800033569336,68.27999877929688,51.30305480957031,1157500,0.0
2012-01-13,67.7300033569336,67.94999694824219,67.19999694824219,67.8499984741211,50.97996139526367,1239400,0.0
2012-01-17,68.4000015258789,68.58000183105469,67.55000305175781,67.68000030517578,50.85222625732422,1318200,0.0
2012-01-18,67.63999938964844,68.94999694824219,67.55000305175781,68.93000030517578,51.79145050048828,1066700,0.0
2012-01-19,69.20999908447266,69.33000183105469,68.75,69.16000366210938,51.96425247192383,1509400,0.0
2012-01-20,69.08999633789062,69.66999816894531,68.95999908447266,69.44999694824219,52.18214416503906,1275200,0.0
2012-01-23,69.31999969482422,69.97000122070312,68.9000015258789,69.4000015258789,52.14458084106445,1766300,0.0
2012-01-24,68.95999908447266,69.88999938964844,68.62999725341797,69.77999877929688,52.43009948730469,1457300,0.0
2012-01-25,69.79000091552734,70.51000213623047,69.4000015258789,70.30000305175781,52.82080078125,1497000,0.0
2012-01-26,70.75,70.80000305175781,69.80999755859375,70.18000030517578,52.73062515258789,1613100,0.0
2012-01-27,69.88999938964844,70.58999633789062,69.7699966430664,70.5199966430664,52.986106872558594,1559600,0.0
2012-01-30,69.9000015258789,70.33999633789062,69.55000305175781,70.05999755859375,52.64045333862305,1433500,0.0
2012-01-31,70.4000015258789,70.6500015258789,69.62000274658203,70.05000305175781,52.63297653198242,1394000,0.0
2012-02-01,70.66000366210938,71.56999969482422,70.38999938964844,71.44000244140625,53.67736053466797,1499900,0.0
2012-02-02,71.66999816894531,72.0999984741211,71.3499984741211,71.81999969482422,53.962860107421875,3210200,0.0
2012-02-03,73.0199966430664,73.5999984741211,72.72000122070312,73.33999633789062,55.10492706298828,1551900,0.0
2012-02-06,72.93000030517578,73.29000091552734,72.80000305175781,73.04000091552734,54.87952423095703,1511100,0.0
2012-02-07,72.91000366210938,73.3499984741211,72.58000183105469,72.91999816894531,54.78936767578125,1324900,0.0
2012-02-08,73.12000274658203,73.68000030517578,72.48999786376953,73.12000274658203,54.93963623046875,2245700,0.0
2012-02-09,73.33999633789062,73.38999938964844,72.36000061035156,72.73999786376953,54.65412902832031,1241100,0.0
2012-02-10,72.0199966430664,72.16999816894531,71.5999984741211,71.7300033569336,53.895259857177734,1027700,0.0
2012-02-13,72.48999786376953,72.70999908447266,72.0199966430664,72.55999755859375,54.51886749267578,2063800,0.0
2012-02-14,72.2699966430664,72.37999725341797,71.66000366210938,72.19999694824219,54.2484016418457,1250800,0.0
2012-02-15,72.6500015258789,72.6500015258789,71.33999633789062,71.55000305175781,53.7600212097168,1733500,0.0
2012-02-16,71.58999633789062,73.06999969482422,71.56999969482422,72.97000122070312,54.82693862915039,1550300,0.0
2012-02-17,73.38999938964844,73.4000015258789,73.01000213623047,73.0999984741211,54.92460250854492,1163000,0.0
2012-02-21,73.16999816894531,73.2699966430664,72.29000091552734,72.62000274658203,54.56398391723633,1019500,0.0
2012-02-22,72.44000244140625,72.70999908447266,71.80999755859375,71.83000183105469,53.97039794921875,1033400,0.0
2012-02-23,71.97000122070312,72.86000061035156,71.55999755859375,72.79000091552734,54.691688537597656,3062600,0.0
2012-02-24,72.87000274658203,72.91000366210938,72.38999938964844,72.5199966430664,54.488807678222656,1589100,0.0
2012-02-27,71.76000213623047,72.73999786376953,71.30999755859375,72.43000030517578,54.42119598388672,1610300,0.0
2012-02-28,72.44000244140625,72.83000183105469,71.81999969482422,72.20999908447266,54.25590515136719,1355600,0.0
2012-02-29,72.44000244140625,72.81999969482422,71.06999969482422,71.06999969482422,53.39934158325195,5550800,0.0
2012-03-01,71.4800033569336,72.25,71.3499984741211,71.3499984741211,53.609737396240234,2411600,0.0
2012-03-02,71.31999969482422,71.56999969482422,70.06999969482422,70.33999633789062,52.85084533691406,2470200,0.0
2012-03-05,70.05000305175781,70.6500015258789,69.7300033569336,70.56999969482422,53.02368927001953,2243700,0.0
2012-03-06,69.69999694824219,70.11000061035156,69.04000091552734,69.27999877929688,52.05440902709961,4507600,0.0
2012-03-07,69.44999694824219,69.94000244140625,69.27999877929688,69.91999816894531,52.5352668762207,1575600,0.0
2012-03-08,70.38999938964844,70.80000305175781,69.66000366210938,70.68000030517578,53.106319427490234,1045400,0.0
2012-03-09,70.61000061035156,72.08999633789062,70.61000061035156,71.66000366210938,53.8426628112793,1419100,0.0
2012-03-12,71.80000305175781,71.86000061035156,71.22000122070312,71.58000183105469,53.78254318237305,832400,0.0
2012-03-13,72.12999725341797,73.16000366210938,71.87999725341797,73.13999938964844,54.95468521118164,2666900,0.0
2012-03-14,73.08000183105469,73.2699966430664,72.23999786376953,72.54000091552734,54.503841400146484,1785100,0.0
2012-03-15,72.43000030517578,73.20999908447266,72.25,73.19999694824219,54.99976348876953,3149300,0.0
2012-03-16,73.33000183105469,73.33999633789062,72.81999969482422,73.16999816894531,54.97719955444336,1138600,0.0
2012-03-19,73.05000305175781,74.4000015258789,72.91000366210938,73.83999633789062,55.480628967285156,2301500,0.0
2012-03-20,73.26000213623047,73.55999755859375,72.94000244140625,73.20999908447266,55.00728225708008,1264700,0.0
2012-03-21,73.38999938964844,73.58000183105469,72.93000030517578,73.11000061035156,54.93213653564453,1797300,0.0
2012-03-22,72.36000061035156,72.63999938964844,71.91999816894531,72.41000366210938,54.40617370605469,1589000,0.0
2012-03-23,72.1500015258789,72.87999725341797,71.51000213623047,72.79000091552734,54.91923522949219,2125000,0.3
2012-03-26,73.63999938964844,74.20999908447266,73.54000091552734,74.16000366210938,55.95289993286133,1712400,0.0
2012-03-27,74.2699966430664,74.4000015258789,73.58999633789062,73.58999633789062,55.5228157043457,1138000,0.0
2012-03-28,73.72000122070312,73.8499984741211,72.83999633789062,73.45999908447266,55.42474365234375,1629000,0.0
2012-03-29,72.9800033569336,73.43000030517578,72.3499984741211,73.26000213623047,55.273841857910156,1430500,0.0
2012-03-30,73.76000213623047,73.76000213623047,72.83000183105469,72.97000122070312,55.055030822753906,1654500,0.0
2012-04-02,72.76000213623047,73.97000122070312,72.68000030517578,73.94999694824219,55.794437408447266,3140100,0.0
2012-04-03,73.9000015258789,74.12000274658203,73.08000183105469,73.38999938964844,55.371917724609375,2806700,0.0
2012-04-04,72.61000061035156,72.70999908447266,71.9000015258789,72.30000305175781,54.54954147338867,1647900,0.0
2012-04-05,71.94000244140625,72.33999633789062,71.7699966430664,71.9000015258789,54.24772644042969,3214000,0.0
2012-04-09,70.68000030517578,71.05999755859375,70.44000244140625,70.81999969482422,53.432884216308594,1150900,0.0
2012-04-10,70.45999908447266,70.69999694824219,69.06999969482422,69.19999694824219,52.21062088012695,2856800,0.0
2012-04-11,69.73999786376953,70.22000122070312,69.61000061035156,70.12999725341797,52.912269592285156,1932400,0.0
2012-04-12,70.2699966430664,71.41000366210938,70.1500015258789,71.16000366210938,53.68940734863281,1603100,0.0
2012-04-13,70.87000274658203,70.91999816894531,70.0199966430664,70.05999755859375,52.85947036743164,1704700,0.0
2012-04-16,70.41999816894531,70.91000366210938,69.69999694824219,70.44000244140625,53.14616775512695,2083200,0.0
2012-04-17,71.0999984741211,72.06999969482422,70.91999816894531,71.47000122070312,53.923316955566406,1377800,0.0
2012-04-18,71.01000213623047,71.23999786376953,70.44999694824219,70.70999908447266,53.349910736083984,1259300,0.0
2012-04-19,70.80999755859375,71.2699966430664,69.94999694824219,70.4000015258789,53.116004943847656,3048200,0.0
2012-04-20,70.9000015258789,71.5199966430664,70.79000091552734,70.88999938964844,53.48571014404297,1507000,0.0
2012-04-23,69.86000061035156,69.9800033569336,69.37999725341797,69.91999816894531,52.75384521484375,1636000,0.0
2012-04-24,69.91000366210938,70.75,69.7699966430664,70.61000061035156,53.27444839477539,1345100,0.0
2012-04-25,71.58999633789062,72.01000213623047,71.20999908447266,71.52999877929688,53.96857452392578,1541200,0.0
2012-04-26,71.55999755859375,72.22000122070312,71.37000274658203,72.08999633789062,54.39107131958008,710200,0.0
2012-04-27,72.36000061035156,72.81999969482422,71.48999786376953,72.69999694824219,54.8513069152832,2385600,0.0
2012-04-30,72.69999694824219,72.75,71.86000061035156,71.86000061035156,54.21755599975586,790600,0.0
2012-05-01,71.88999938964844,73.08000183105469,71.75,71.87999725341797,54.23263168334961,2532500,0.0
2012-05-02,71.33999633789062,72.0199966430664,71.0199966430664,71.91999816894531,54.2628288269043,771200,0.0
2012-05-03,71.87000274658203,71.97000122070312,70.72000122070312,71.08000183105469,53.62906265258789,794500,0.0
2012-05-04,70.63999938964844,70.69000244140625,69.63999938964844,69.75,52.62558364868164,1988700,0.0
2012-05-07,69.52999877929688,70.26000213623047,69.38999938964844,70.0,52.814208984375,770600,0.0
2012-05-08,69.5,70.20999908447266,69.23999786376953,70.1500015258789,52.927364349365234,1086100,0.0
2012-05-09,69.27999877929688,70.16000366210938,69.11000061035156,69.7699966430664,52.640682220458984,1482800,0.0
2012-05-10,70.29000091552734,70.55000305175781,69.79000091552734,70.13999938964844,52.91984176635742,717100,0.0
2012-05-11,69.61000061035156,70.44999694824219,69.56999969482422,69.87999725341797,52.72365188598633,695100,0.0
2012-05-14,69.12999725341797,69.54000091552734,68.83000183105469,69.05000305175781,52.09745407104492,642700,0.0
2012-05-15,69.05000305175781,69.54000091552734,68.72000122070312,68.93000030517578,52.006893157958984,1016300,0.0
2012-05-16,69.12000274658203,69.44000244140625,68.3499984741211,68.38999938964844,51.59946823120117,766700,0.0
2012-05-17,68.44999694824219,68.56999969482422,67.0,67.0,50.55072784423828,1410500,0.0
2012-05-18,67.05999755859375,67.37999725341797,66.2699966430664,66.38999938964844,50.09049606323242,1666800,0.0
2012-05-21,66.5999984741211,67.66999816894531,66.19999694824219,67.61000061035156,51.01097869873047,1194900,0.0
2012-05-22,67.7300033569336,68.19000244140625,66.83000183105469,67.27999877929688,50.76200866699219,1165600,0.0
2012-05-23,66.63999938964844,67.73999786376953,66.19000244140625,67.58999633789062,50.99588394165039,977000,0.0
2012-05-24,67.62000274658203,67.88999938964844,66.88999938964844,67.87000274658203,51.207149505615234,1204500,0.0
2012-05-25,67.86000061035156,68.08000183105469,67.55999755859375,67.79000091552734,51.14679718017578,655700,0.0
2012-05-29,68.4800033569336,68.8499984741211,67.93000030517578,68.66000366210938,51.80320358276367,1285600,0.0
2012-05-30,67.98999786376953,68.04000091552734,67.37999725341797,67.41000366210938,50.860084533691406,749700,0.0
2012-05-31,67.45999908447266,67.93000030517578,66.62000274658203,67.48999786376953,50.92043685913086,1711600,0.0
2012-06-01,65.97000122070312,66.63999938964844,65.56999969482422,65.69000244140625,49.56235122680664,1746000,0.0
2012-06-04,65.9000015258789,66.02999877929688,64.91999816894531,65.41000366210938,49.351097106933594,1209700,0.0
2012-06-05,65.05999755859375,66.18000030517578,65.04000091552734,66.1500015258789,49.9094123840332,850900,0.0
2012-06-06,66.6500015258789,67.75,66.52999877929688,67.69000244140625,51.071346282958984,723000,0.0
2012-06-07,68.75,68.80000305175781,67.3499984741211,67.3499984741211,50.814815521240234,1364200,0.0
2012-06-08,67.25,68.25,66.87999725341797,68.16999816894531,51.43347930908203,921900,0.0
2012-06-11,69.06999969482422,69.13999938964844,66.58000183105469,66.69000244140625,50.31685256958008,1144900,0.0
2012-06-12,66.9000015258789,67.5,66.33000183105469,67.4800033569336,50.912879943847656,1271100,0.0
2012-06-13,67.36000061035156,67.9000015258789,66.54000091552734,66.80000305175781,50.39984893798828,1550200,0.0
2012-06-14,66.86000061035156,67.87999725341797,66.7699966430664,67.68000030517578,51.06380081176758,1278300,0.0
2012-06-15,67.88999938964844,68.56999969482422,67.61000061035156,68.44000244140625,51.6371955871582,882800,0.0
2012-06-18,68.06999969482422,68.73999786376953,67.77999877929688,68.33000183105469,51.55422592163086,650100,0.0
2012-06-19,68.66999816894531,69.91000366210938,68.51000213623047,69.5999984741211,52.512393951416016,2557900,0.0
2012-06-20,69.55999755859375,69.97000122070312,69.05000305175781,69.47000122070312,52.414310455322266,2916000,0.0
2012-06-21,69.3499984741211,69.51000213623047,67.80999755859375,67.94000244140625,51.25996017456055,1878700,0.0
2012-06-22,68.37000274658203,68.80000305175781,67.98999786376953,68.66999816894531,51.810733795166016,1888600,0.0
2012-06-25,67.55000305175781,67.83999633789062,67.25,67.54000091552734,50.958168029785156,1950200,0.0
2012-06-26,67.19999694824219,67.5999984741211,66.55999755859375,67.29000091552734,51.10780715942383,2571900,0.447
2012-06-27,67.4800033569336,68.44000244140625,67.41999816894531,68.3499984741211,51.91289138793945,1318900,0.0
2012-06-28,67.80000305175781,68.5199966430664,67.41999816894531,68.5199966430664,52.04199981689453,1403500,0.0
2012-06-29,70.08999633789062,70.44999694824219,69.55000305175781,70.38999938964844,53.46229553222656,1763300,0.0
2012-07-02,70.70999908447266,71.08999633789062,70.08999633789062,71.05000305175781,53.963584899902344,2955100,0.0
2012-07-03,71.19000244140625,72.02999877929688,71.04000091552734,71.95999908447266,54.65473556518555,1214400,0.0
2012-07-05,72.04000091552734,72.19000244140625,71.56999969482422,71.86000061035156,54.578773498535156,1326400,0.0
2012-07-06,71.37999725341797,71.47000122070312,70.95999908447266,71.2300033569336,54.10026931762695,1141800,0.0
2012-07-09,71.13999938964844,71.18000030517578,70.61000061035156,70.86000061035156,53.819278717041016,1479500,0.0
2012-07-10,71.29000091552734,71.48999786376953,69.86000061035156,70.25,53.35594177246094,2674100,0.0
2012-07-11,70.33000183105469,70.52999877929688,69.73999786376953,70.08999633789062,53.234432220458984,1731700,0.0
2012-07-12,69.58999633789062,70.05999755859375,68.91999816894531,69.80000305175781,53.01416015625,1726100,0.0
2012-07-13,70.0999984741211,70.91999816894531,70.04000091552734,70.63999938964844,53.65214920043945,1322000,0.0
2012-07-16,70.5,70.69999694824219,70.0999984741211,70.41000366210938,53.47749328613281,864900,0.0
2012-07-17,70.8499984741211,70.93000030517578,69.7300033569336,70.62999725341797,53.64456558227539,1558500,0.0
2012-07-18,70.5,71.30999755859375,70.44999694824219,70.94999694824219,53.88762283325195,977800,0.0
2012-07-19,71.19000244140625,71.33999633789062,70.45999908447266,70.62000274658203,53.63698196411133,996800,0.0
2012-07-20,70.05999755859375,70.27999877929688,69.72000122070312,69.91000366210938,53.09773635864258,453800,0.0
2012-07-23,68.5999984741211,69.0999984741211,68.44000244140625,68.77999877929688,52.239463806152344,804100,0.0
2012-07-24,69.08000183105469,69.08000183105469,67.52999877929688,67.87999725341797,51.555912017822266,1314900,0.0
2012-07-25,68.22000122070312,68.43000030517578,67.69999694824219,67.91000366210938,51.57868194580078,536800,0.0
2012-07-26,69.0,69.13999938964844,68.12999725341797,68.5199966430664,52.04199981689453,1356800,0.0
2012-07-27,68.88999938964844,70.44000244140625,68.43000030517578,70.1500015258789,53.27999496459961,931400,0.0
2012-07-30,70.23999786376953,70.62000274658203,69.77999877929688,70.0199966430664,53.18128204345703,4276500,0.0
2012-07-31,69.76000213623047,70.33999633789062,69.51000213623047,69.51000213623047,52.79392623901367,1395300,0.0
2012-08-01,69.9800033569336,70.11000061035156,68.3499984741211,68.36000061035156,51.92045974731445,2178400,0.0
2012-08-02,67.5,68.58999633789062,67.22000122070312,67.9800033569336,51.63187026977539,1235100,0.0
2012-08-03,69.02999877929688,70.05000305175781,68.4800033569336,69.69999694824219,52.93821716308594,1366100,0.0
2012-08-06,69.81999969482422,70.63999938964844,69.68000030517578,70.19999694824219,53.317989349365234,970200,0.0
2012-08-07,70.72000122070312,71.2699966430664,70.48999786376953,70.62000274658203,53.63698196411133,1421300,0.0
2012-08-08,70.43000030517578,71.06999969482422,70.29000091552734,70.79000091552734,53.766082763671875,923900,0.0
2012-08-09,70.81999969482422,71.2699966430664,70.66999816894531,71.02999877929688,53.94837188720703,717800,0.0
2012-08-10,70.7300033569336,70.94999694824219,70.5199966430664,70.9000015258789,53.849647521972656,581200,0.0
2012-08-13,70.75,70.9000015258789,70.0,70.80000305175781,53.773677825927734,1079700,0.0
2012-08-14,71.16999816894531,71.36000061035156,70.27999877929688,70.54000091552734,53.576210021972656,1600500,0.0
2012-08-15,70.36000061035156,71.13999938964844,70.31999969482422,71.0999984741211,54.00153350830078,726200,0.0
2012-08-16,70.94000244140625,72.0199966430664,70.80000305175781,71.86000061035156,54.578773498535156,737500,0.0
2012-08-17,71.94999694824219,72.55000305175781,71.77999877929688,72.44000244140625,55.019290924072266,1051700,0.0
2012-08-20,72.31999969482422,72.5,71.87000274658203,72.44999694824219,55.026893615722656,1464100,0.0
2012-08-21,72.80999755859375,73.58999633789062,72.25,72.4800033569336,55.04964828491211,2197400,0.0
2012-08-22,72.31999969482422,72.48999786376953,71.79000091552734,72.0199966430664,54.70030212402344,1390800,0.0
2012-08-23,71.95999908447266,71.97000122070312,71.1500015258789,71.38999938964844,54.22179412841797,941100,0.0
2012-08-24,71.20999908447266,71.79000091552734,70.97000122070312,71.51000213623047,54.31294631958008,1427200,0.0
2012-08-27,71.94000244140625,72.0999984741211,71.37999725341797,71.69999694824219,54.457244873046875,873700,0.0
2012-08-28,71.66999816894531,72.20999908447266,71.56999969482422,71.98999786376953,54.67749786376953,656300,0.0
2012-08-29,72.06999969482422,72.54000091552734,71.8499984741211,72.2300033569336,54.85979080200195,1971300,0.0
2012-08-30,71.87000274658203,71.93000030517578,71.41999816894531,71.51000213623047,54.31294631958008,846300,0.0
2012-08-31,72.08999633789062,72.16000366210938,71.18000030517578,71.91000366210938,54.61675262451172,1108500,0.0
2012-09-04,71.8499984741211,72.7300033569336,71.25,72.5199966430664,55.08005142211914,5577200,0.0
2012-09-05,72.55999755859375,72.87999725341797,72.31999969482422,72.55999755859375,55.110435485839844,1505900,0.0
2012-09-06,72.94999694824219,74.08999633789062,72.91000366210938,73.86000061035156,56.0977897644043,1852900,0.0
2012-09-07,74.05000305175781,74.62999725341797,73.93000030517578,74.52999877929688,56.6066780090332,1526000,0.0
2012-09-10,74.45999908447266,74.7300033569336,74.18000030517578,74.19999694824219,56.356040954589844,1384400,0.0
2012-09-11,74.22000122070312,74.88999938964844,74.19000244140625,74.5199966430664,56.59906768798828,1991900,0.0
2012-09-12,74.87999725341797,75.0,74.36000061035156,74.93000030517578,56.91048812866211,752500,0.0
2012-09-13,75.01000213623047,76.51000213623047,74.69999694824219,76.05000305175781,57.761138916015625,1287200,0.0
2012-09-14,76.22000122070312,77.2699966430664,76.20999908447266,76.87000274658203,58.383949279785156,1602300,0.0
2012-09-17,76.5,76.69000244140625,76.0,76.33999633789062,57.98139190673828,1189700,0.0
2012-09-18,76.16999816894531,76.25,75.81999969482422,76.0999984741211,57.799102783203125,960000,0.0
2012-09-19,76.23999786376953,76.31999969482422,75.86000061035156,75.9000015258789,57.647220611572266,686000,0.0
2012-09-20,75.55000305175781,75.79000091552734,75.11000061035156,75.5999984741211,57.41936111450195,1043100,0.0
2012-09-21,76.31999969482422,76.4000015258789,75.87999725341797,75.93000030517578,57.66999435424805,710100,0.0
2012-09-24,75.31999969482422,75.91999816894531,75.22000122070312,75.5,57.62268829345703,1169900,0.368
2012-09-25,76.01000213623047,76.0199966430664,74.29000091552734,74.41000366210938,56.790802001953125,1324000,0.0
2012-09-26,74.54000091552734,74.58000183105469,73.68000030517578,73.97000122070312,56.45497512817383,1227100,0.0
2012-09-27,74.3499984741211,74.91000366210938,73.87999725341797,74.62999725341797,56.95870590209961,951600,0.0
2012-09-28,74.37000274658203,74.48999786376953,73.94000244140625,73.94000244140625,56.43206024169922,1571400,0.0
2012-10-01,74.62000274658203,74.94999694824219,73.95999908447266,74.26000213623047,56.67628860473633,2016400,0.0
2012-10-02,74.62999725341797,74.75,74.0199966430664,74.41000366210938,56.790802001953125,1004900,0.0
2012-10-03,74.54000091552734,74.77999877929688,73.9000015258789,74.18000030517578,56.61522674560547,1070900,0.0
2012-10-04,74.48999786376953,74.83999633789062,73.9000015258789,74.80000305175781,57.088436126708984,1574400,0.0
2012-10-05,75.08999633789062,75.68000030517578,74.55000305175781,74.75,57.05026626586914,1079000,0.0
2012-10-08,74.37000274658203,74.54000091552734,74.16999816894531,74.3499984741211,56.74497604370117,566700,0.0
2012-10-09,74.3499984741211,74.47000122070312,73.45999908447266,73.58999633789062,56.1649284362793,914400,0.0
2012-10-10,73.58999633789062,73.75,73.20999908447266,73.43000030517578,56.04283142089844,1747800,0.0
2012-10-11,74.04000091552734,74.27999877929688,73.66000366210938,73.7699966430664,56.302310943603516,895200,0.0
2012-10-12,73.72000122070312,73.87000274658203,72.88999938964844,73.0,55.714664459228516,879800,0.0
2012-10-15,73.19999694824219,73.4000015258789,72.62000274658203,73.37999725341797,56.004661560058594,2239800,0.0
2012-10-16,73.79000091552734,73.97000122070312,73.62000274658203,73.83999633789062,56.35574722290039,897400,0.0
2012-10-17,73.98999786376953,74.73999786376953,73.9000015258789,74.69000244140625,57.004459381103516,723600,0.0
2012-10-18,74.68000030517578,74.94000244140625,74.30000305175781,74.31999969482422,56.72209167480469,1111100,0.0
2012-10-19,73.80000305175781,73.83000183105469,72.72000122070312,73.04000091552734,55.74517822265625,1414600,0.0
2012-10-22,72.91000366210938,73.19999694824219,72.68000030517578,73.12999725341797,55.81387710571289,1491100,0.0
2012-10-23,72.44000244140625,72.75,71.87000274658203,72.66999816894531,55.462791442871094,996300,0.0
2012-10-24,72.9800033569336,73.08999633789062,72.36000061035156,72.58000183105469,55.39411544799805,888400,0.0
2012-10-25,73.13999938964844,73.43000030517578,72.29000091552734,72.8499984741211,55.60017395019531,655600,0.0
2012-10-26,72.83000183105469,73.23999786376953,72.06999969482422,72.56999969482422,55.386478424072266,894100,0.0
2012-10-31,72.4800033569336,73.05999755859375,72.04000091552734,72.81999969482422,55.5772705078125,1685600,0.0
2012-11-01,73.19999694824219,73.9800033569336,73.0,73.79000091552734,56.31757736206055,1387600,0.0
2012-11-02,74.08000183105469,74.13999938964844,72.75,72.77999877929688,55.54673385620117,639100,0.0
2012-11-05,72.73999786376953,73.23999786376953,72.51000213623047,73.0999984741211,55.79098892211914,1293200,0.0
2012-11-06,73.38999938964844,73.94000244140625,73.38999938964844,73.7699966430664,56.302310943603516,606800,0.0
2012-11-07,72.79000091552734,72.88999938964844,71.44000244140625,71.69000244140625,54.71482467651367,1201500,0.0
2012-11-08,71.61000061035156,71.93000030517578,70.69999694824219,70.70999908447266,53.96691131591797,716700,0.0
2012-11-09,70.41000366210938,71.37000274658203,70.31999969482422,70.80999755859375,54.04320526123047,1161500,0.0
2012-11-12,71.01000213623047,71.0199966430664,70.48999786376953,70.5999984741211,53.88292694091797,1048900,0.0
2012-11-13,70.25,70.87000274658203,70.04000091552734,70.12000274658203,53.516597747802734,1586200,0.0
2012-11-14,70.19999694824219,70.31999969482422,68.58999633789062,68.80000305175781,52.50914764404297,976400,0.0
2012-11-15,68.58000183105469,68.95999908447266,68.0,68.41000366210938,52.21149444580078,1019600,0.0
2012-11-16,68.38999938964844,69.13999938964844,67.83999633789062,69.0199966430664,52.67704391479492,2895600,0.0
2012-11-19,69.80000305175781,70.51000213623047,69.66999816894531,70.5,53.806610107421875,1395800,0.0
2012-11-20,70.4000015258789,70.66000366210938,70.0,70.55000305175781,53.84477996826172,1047000,0.0
2012-11-21,70.66999816894531,70.94000244140625,70.41999816894531,70.91000366210938,54.11952209472656,522400,0.0
2012-11-23,71.12999725341797,71.69999694824219,71.08999633789062,71.69999694824219,54.72247314453125,382400,0.0
2012-11-26,71.41999816894531,71.9000015258789,71.36000061035156,71.9000015258789,54.87509536743164,559100,0.0
2012-11-27,71.87000274658203,72.31999969482422,71.73999786376953,71.80000305175781,54.798789978027344,1641300,0.0
2012-11-28,71.45999908447266,72.3499984741211,70.91000366210938,72.3499984741211,55.21855926513672,1534000,0.0
2012-11-29,72.97000122070312,73.30999755859375,72.69000244140625,73.19000244140625,55.859649658203125,1632100,0.0
2012-11-30,73.3499984741211,73.37999725341797,72.93000030517578,73.19999694824219,55.8672981262207,1462800,0.0
2012-12-03,73.83999633789062,73.87999725341797,72.97000122070312,73.25,55.90544509887695,2959400,0.0
2012-12-04,73.19999694824219,73.5199966430664,72.83000183105469,73.41000366210938,56.027565002441406,1399800,0.0
2012-12-05,73.7300033569336,73.79000091552734,72.88999938964844,73.37999725341797,56.004661560058594,802100,0.0
2012-12-06,73.29000091552734,73.63999938964844,73.1500015258789,73.54000091552734,56.126792907714844,966900,0.0
2012-12-07,73.88999938964844,73.93000030517578,73.30000305175781,73.5999984741211,56.17256546020508,774400,0.0
2012-12-10,73.69999694824219,73.9800033569336,73.62000274658203,73.95999908447266,56.447322845458984,659600,0.0
2012-12-11,74.44000244140625,74.76000213623047,74.23999786376953,74.61000061035156,56.94342041015625,1421300,0.0
2012-12-12,74.88999938964844,74.9800033569336,74.12999725341797,74.26000213623047,56.67628860473633,2427200,0.0
2012-12-13,74.2699966430664,74.43000030517578,73.55000305175781,73.80999755859375,56.33284378051758,1533900,0.0
2012-12-14,73.68000030517578,74.16999816894531,73.5999984741211,73.87000274658203,56.37864303588867,1619000,0.0
2012-12-17,74.0999984741211,74.9000015258789,73.95999908447266,74.9000015258789,57.16477584838867,974100,0.0
2012-12-18,75.26000213623047,75.91999816894531,74.87000274658203,75.87999725341797,57.91270446777344,1158000,0.0
2012-12-19,75.25,75.6500015258789,74.97000122070312,75.27999877929688,58.0476188659668,1502000,0.775
2012-12-20,75.3499984741211,75.81999969482422,75.12000274658203,75.72000122070312,58.38693618774414,2298500,0.0
2012-12-21,74.69000244140625,75.43000030517578,74.4800033569336,75.43000030517578,58.163291931152344,2148300,0.0
2012-12-24,75.2300033569336,75.29000091552734,74.91000366210938,75.0199966430664,57.84714889526367,477400,0.0
2012-12-26,75.2699966430664,75.30999755859375,74.61000061035156,74.62000274658203,57.538726806640625,1082200,0.0
2012-12-27,74.75,74.83999633789062,73.62999725341797,74.55000305175781,57.4847526550293,1323800,0.0
2012-12-28,74.18000030517578,74.75,73.97000122070312,73.9800033569336,57.045223236083984,1070400,0.0
2012-12-31,74.12000274658203,75.62999725341797,73.86000061035156,75.51000213623047,58.22499465942383,1718000,0.0
2013-01-02,77.30000305175781,77.87000274658203,76.98999786376953,77.87000274658203,60.04475402832031,3175300,0.0
2013-01-03,77.87999725341797,78.20999908447266,77.45999908447266,77.68000030517578,59.898250579833984,1028100,0.0
2013-01-04,77.97000122070312,78.37999725341797,77.7300033569336,78.1500015258789,60.260658264160156,799100,0.0
2013-01-07,77.87999725341797,77.94000244140625,77.54000091552734,77.76000213623047,59.959964752197266,995200,0.0
2013-01-08,77.70999908447266,77.83999633789062,77.33999633789062,77.69999694824219,59.913700103759766,791800,0.0
2013-01-09,77.88999938964844,78.08999633789062,77.77999877929688,77.91999816894531,60.08332443237305,718200,0.0
2013-01-10,78.16999816894531,78.25,77.75,78.13999938964844,60.25296401977539,655700,0.0
2013-01-11,78.0199966430664,78.16000366210938,77.66000366210938,78.01000213623047,60.1527214050293,1421300,0.0
2013-01-14,77.83000183105469,78.1500015258789,77.7699966430664,78.0199966430664,60.160438537597656,602600,0.0
2013-01-15,77.52999877929688,78.3499984741211,77.47000122070312,78.2300033569336,60.322364807128906,709600,0.0
2013-01-16,78.06999969482422,78.26000213623047,77.86000061035156,78.08000183105469,60.20671081542969,324800,0.0
2013-01-17,78.45999908447266,78.97000122070312,78.3499984741211,78.80000305175781,60.76189041137695,1806600,0.0
2013-01-18,78.81999969482422,79.04000091552734,78.62999725341797,79.02999877929688,60.93922805786133,906400,0.0
2013-01-22,79.06999969482422,79.69999694824219,78.94000244140625,79.68000030517578,61.44044876098633,787200,0.0
2013-01-23,79.66000366210938,79.69000244140625,79.38999938964844,79.4800033569336,61.28623580932617,570500,0.0
2013-01-24,79.58999633789062,80.02999877929688,79.30999755859375,79.61000061035156,61.3864631652832,597900,0.0
2013-01-25,79.9800033569336,79.98999786376953,79.52999877929688,79.91000366210938,61.6177864074707,1039500,0.0
2013-01-28,80.12000274658203,80.3499984741211,79.5199966430664,80.19999694824219,61.841392517089844,833300,0.0
2013-01-29,80.1500015258789,80.41999816894531,80.0199966430664,80.37000274658203,61.972476959228516,608800,0.0
2013-01-30,80.31999969482422,80.31999969482422,79.19000244140625,79.45999908447266,61.270790100097656,680300,0.0
2013-01-31,79.41000366210938,80.12000274658203,79.30000305175781,80.01000213623047,61.69491195678711,1154000,0.0
2013-02-01,80.5,81.04000091552734,80.30999755859375,80.7699966430664,62.28091812133789,2441600,0.0
2013-02-04,80.27999877929688,80.5199966430664,79.61000061035156,79.7300033569336,61.47899627685547,1693400,0.0
2013-02-05,80.12000274658203,80.62000274658203,79.9800033569336,80.38999938964844,61.98789978027344,1118800,0.0
2013-02-06,80.0199966430664,80.77999877929688,79.95999908447266,80.76000213623047,62.2732048034668,804100,0.0
2013-02-07,80.6500015258789,80.80000305175781,80.01000213623047,80.5,62.0727424621582,411600,0.0
2013-02-08,80.6500015258789,81.05999755859375,80.58999633789062,81.01000213623047,62.46601104736328,770200,0.0
2013-02-11,80.97000122070312,81.0199966430664,80.61000061035156,81.0,62.458282470703125,747900,0.0
2013-02-12,81.08000183105469,81.62000274658203,80.98999786376953,81.51000213623047,62.85154724121094,679900,0.0
2013-02-13,81.63999938964844,81.91000366210938,81.44000244140625,81.83000183105469,63.098270416259766,1145400,0.0
2013-02-14,81.55999755859375,82.16000366210938,81.55000305175781,82.0199966430664,63.24477767944336,871000,0.0
2013-02-15,82.0199966430664,82.2699966430664,81.8499984741211,82.06999969482422,63.28334045410156,832000,0.0
2013-02-19,82.26000213623047,82.79000091552734,82.26000213623047,82.79000091552734,63.83853530883789,834400,0.0
2013-02-20,82.88999938964844,82.91000366210938,81.06999969482422,81.16000366210938,62.58164596557617,4131300,0.0
2013-02-21,81.0,81.08000183105469,79.91999816894531,80.38999938964844,61.98789978027344,1541900,0.0
2013-02-22,80.8499984741211,81.2699966430664,80.79000091552734,81.2699966430664,62.66648483276367,1230100,0.0
2013-02-25,81.80000305175781,81.81999969482422,79.48999786376953,79.54000091552734,61.332496643066406,583400,0.0
2013-02-26,79.88999938964844,80.2699966430664,79.43000030517578,79.95999908447266,61.65635299682617,2830900,0.0
2013-02-27,79.95999908447266,81.19999694824219,79.9000015258789,80.73999786376953,62.25779724121094,944600,0.0
2013-02-28,80.75,81.37999725341797,80.6500015258789,80.80999755859375,62.31174850463867,1833700,0.0
2013-03-01,80.38999938964844,81.25,79.7300033569336,81.16000366210938,62.58164596557617,1922600,0.0
2013-03-04,81.0,81.30999755859375,80.47000122070312,81.23999786376953,62.643367767333984,1175200,0.0
2013-03-05,81.6500015258789,82.25,81.6500015258789,82.05999755859375,63.275638580322266,714400,0.0
2013-03-06,82.29000091552734,82.37999725341797,82.0,82.26000213623047,63.42985916137695,1479300,0.0
2013-03-07,82.31999969482422,82.69999694824219,82.19000244140625,82.6500015258789,63.7305793762207,1798200,0.0
2013-03-08,83.30000305175781,83.4000015258789,82.73999786376953,83.2699966430664,64.20866394042969,1655800,0.0
2013-03-11,82.9000015258789,83.31999969482422,82.9000015258789,83.20999908447266,64.16239166259766,398000,0.0
2013-03-12,83.01000213623047,83.29000091552734,82.79000091552734,83.02999877929688,64.0235824584961,1409800,0.0
2013-03-13,83.06999969482422,83.51000213623047,82.86000061035156,83.38999938964844,64.3011703491211,1236400,0.0
2013-03-14,83.58000183105469,84.33999633789062,83.55000305175781,84.33000183105469,65.0260009765625,1148500,0.0
2013-03-15,84.2699966430664,84.62000274658203,84.06999969482422,84.45999908447266,65.12623596191406,572500,0.0
2013-03-18,83.56999969482422,84.26000213623047,83.31999969482422,83.9800033569336,64.75613403320312,2869500,0.0
2013-03-19,84.0999984741211,84.3499984741211,83.01000213623047,83.66000366210938,64.50936889648438,1174800,0.0
2013-03-20,84.05000305175781,84.33000183105469,83.97000122070312,84.30999755859375,65.01058197021484,788100,0.0
2013-03-21,83.70999908447266,84.1500015258789,83.41000366210938,83.68000030517578,64.5248031616211,1118300,0.0
2013-03-22,84.0,84.05000305175781,83.69000244140625,83.79000091552734,64.6095962524414,635000,0.0
2013-03-25,83.79000091552734,84.2699966430664,83.12999725341797,83.62999725341797,64.72339630126953,1029800,0.307
2013-03-26,84.0,84.12000274658203,83.55000305175781,83.88999938964844,64.92459106445312,895300,0.0
2013-03-27,83.33999633789062,84.04000091552734,83.11000061035156,84.0,65.009765625,919400,0.0
2013-03-28,84.01000213623047,84.13999938964844,83.76000213623047,83.80999755859375,64.86268615722656,908900,0.0
2013-04-01,83.8499984741211,83.9800033569336,82.45999908447266,82.91999816894531,64.17390441894531,1577700,0.0
2013-04-02,83.44000244140625,83.52999877929688,82.26000213623047,82.43000030517578,63.79465866088867,850800,0.0
2013-04-03,82.68000030517578,82.68000030517578,81.05999755859375,81.20999908447266,62.850467681884766,1230600,0.0
2013-04-04,81.26000213623047,81.91000366210938,81.0199966430664,81.87999725341797,63.3690185546875,1687600,0.0
2013-04-05,80.68000030517578,81.8499984741211,80.58999633789062,81.83000183105469,63.330318450927734,2577400,0.0
2013-04-08,81.98999786376953,82.62000274658203,81.45999908447266,82.62000274658203,63.941715240478516,2335000,0.0
2013-04-09,82.68000030517578,82.88999938964844,82.20999908447266,82.36000061035156,63.740516662597656,1320300,0.0
2013-04-10,82.61000061035156,83.94999694824219,82.55000305175781,83.7699966430664,64.83172607421875,932200,0.0
2013-04-11,83.7699966430664,84.33000183105469,83.68000030517578,83.88999938964844,64.92459106445312,1424300,0.0
2013-04-12,83.56999969482422,83.79000091552734,82.94999694824219,83.48999786376953,64.61502838134766,1870700,0.0
2013-04-15,83.02999877929688,83.08000183105469,80.01000213623047,80.2699966430664,62.123016357421875,1665600,0.0
2013-04-16,80.97000122070312,81.68000030517578,80.63999938964844,81.56999969482422,63.12909698486328,1519300,0.0
2013-04-17,81.11000061035156,81.11000061035156,79.41999816894531,80.0,61.914039611816406,1749500,0.0
2013-04-18,80.20999908447266,80.4000015258789,79.37999725341797,79.81999969482422,61.77472686767578,2087400,0.0
2013-04-19,80.19000244140625,80.77999877929688,79.4800033569336,80.7300033569336,62.47898483276367,821500,0.0
2013-04-22,80.93000030517578,81.06999969482422,79.47000122070312,80.87999725341797,62.59508514404297,1165400,0.0
2013-04-23,81.48999786376953,82.25,81.27999877929688,82.2300033569336,63.639888763427734,1569700,0.0
2013-04-24,82.26000213623047,82.91999816894531,82.05000305175781,82.81999969482422,64.09649658203125,1225800,0.0
2013-04-25,82.88999938964844,83.62999725341797,82.88999938964844,83.1500015258789,64.3519058227539,770400,0.0
2013-04-26,82.95999908447266,83.0199966430664,82.2699966430664,82.5999984741211,63.926231384277344,2414500,0.0
2013-04-29,83.04000091552734,83.43000030517578,82.75,83.2699966430664,64.44477844238281,1202500,0.0
2013-04-30,83.33999633789062,83.86000061035156,82.97000122070312,83.83999633789062,64.88591766357422,1327700,0.0
2013-05-01,83.62000274658203,83.63999938964844,81.69000244140625,81.7699966430664,63.283870697021484,1960000,0.0
2013-05-02,82.27999877929688,83.19000244140625,82.11000061035156,83.05000305175781,64.27447509765625,961100,0.0
2013-05-03,84.12999725341797,84.98999786376953,83.98999786376953,84.41999816894531,65.33480834960938,763100,0.0
2013-05-06,84.5199966430664,85.06999969482422,84.4000015258789,84.98999786376953,65.7759017944336,773800,0.0
2013-05-07,85.11000061035156,85.7699966430664,84.77999877929688,85.7699966430664,66.37962341308594,662700,0.0
2013-05-08,85.52999877929688,86.05000305175781,85.37999725341797,85.98999786376953,66.54984283447266,1025000,0.0
2013-05-09,85.95999908447266,86.0199966430664,85.37999725341797,85.62999725341797,66.27125549316406,602700,0.0
2013-05-10,85.72000122070312,86.16000366210938,85.62000274658203,86.13999938964844,66.66595458984375,519000,0.0
2013-05-13,86.0,86.16999816894531,85.66000366210938,85.83000183105469,66.42601776123047,1031600,0.0
2013-05-14,86.04000091552734,86.8499984741211,85.9000015258789,86.80000305175781,67.17671966552734,982900,0.0
2013-05-15,86.6500015258789,87.44000244140625,86.4800033569336,87.08999633789062,67.40116882324219,1073200,0.0
2013-05-16,86.95999908447266,87.33000183105469,86.58999633789062,86.80999755859375,67.1844482421875,1554300,0.0
2013-05-17,87.16999816894531,87.76000213623047,87.16000366210938,87.68000030517578,67.85779571533203,963200,0.0
2013-05-20,87.51000213623047,88.38999938964844,87.51000213623047,88.12000274658203,68.19830322265625,2755800,0.0
2013-05-21,88.12000274658203,88.33999633789062,87.80999755859375,88.08999633789062,68.17509460449219,371900,0.0
2013-05-22,88.29000091552734,89.06999969482422,86.11000061035156,86.5999984741211,67.02195739746094,1665900,0.0
2013-05-23,85.76000213623047,86.6500015258789,85.54000091552734,86.5999984741211,67.02195739746094,1500600,0.0
2013-05-24,86.20999908447266,86.70999908447266,85.68000030517578,86.66000366210938,67.06836700439453,1180800,0.0
2013-05-28,87.8499984741211,88.62000274658203,87.08999633789062,87.69000244140625,67.86553955078125,1321800,0.0
2013-05-29,87.19000244140625,87.37999725341797,86.06999969482422,86.79000091552734,67.16898345947266,1133200,0.0
2013-05-30,87.04000091552734,87.5999984741211,86.95999908447266,87.33999633789062,67.5946273803711,1212000,0.0
2013-05-31,86.91000366210938,87.3499984741211,86.31999969482422,86.31999969482422,66.80526733398438,1229900,0.0
2013-06-03,86.62999725341797,87.37000274658203,85.80999755859375,87.16999816894531,67.46309661865234,2148700,0.0
2013-06-04,87.19999694824219,87.69999694824219,85.72000122070312,86.36000061035156,66.836181640625,1492600,0.0
2013-06-05,86.2699966430664,86.33000183105469,85.06999969482422,85.20999908447266,65.9461669921875,1560700,0.0
2013-06-06,85.16000366210938,86.12000274658203,84.6500015258789,86.12000274658203,66.65046691894531,979000,0.0
2013-06-07,86.62000274658203,86.83000183105469,85.93000030517578,86.63999938964844,67.05290985107422,627600,0.0
2013-06-10,87.06999969482422,87.19999694824219,86.2300033569336,87.19000244140625,67.4785385131836,974300,0.0
2013-06-11,86.18000030517578,86.69999694824219,85.5,86.0,66.5575942993164,1790100,0.0
2013-06-12,86.6500015258789,86.69999694824219,85.0,85.12000274658203,65.87652587890625,539900,0.0
2013-06-13,85.1500015258789,87.0199966430664,84.81999969482422,86.83999633789062,67.20771789550781,648500,0.0
2013-06-14,86.75,87.06999969482422,85.80000305175781,86.13999938964844,66.66595458984375,717000,0.0
2013-06-17,87.05999755859375,87.19000244140625,86.16000366210938,86.61000061035156,67.02967071533203,933900,0.0
2013-06-18,86.77999877929688,87.94000244140625,86.72000122070312,87.66000366210938,67.84228515625,626500,0.0
2013-06-19,87.68000030517578,87.83000183105469,86.43000030517578,86.44999694824219,66.90583801269531,853200,0.0
2013-06-20,85.1500015258789,85.27999877929688,83.88999938964844,84.23999786376953,65.19547271728516,1454500,0.0
2013-06-21,84.31999969482422,84.69999694824219,83.37999725341797,84.54000091552734,65.42764282226562,1456500,0.0
2013-06-24,83.5999984741211,84.06999969482422,82.5999984741211,83.37000274658203,64.52216339111328,1352200,0.0
2013-06-25,83.94000244140625,84.55000305175781,83.62000274658203,84.37000274658203,65.29610443115234,1362700,0.0
2013-06-26,85.08000183105469,85.22000122070312,84.31999969482422,84.70999908447266,65.55921936035156,648300,0.0
2013-06-27,85.19000244140625,86.19999694824219,85.19000244140625,86.06999969482422,66.61176300048828,1322900,0.0
2013-06-28,86.0199966430664,86.41000366210938,85.63999938964844,85.9000015258789,66.48018646240234,1150600,0.0
2013-07-01,86.30000305175781,87.3499984741211,86.30000305175781,86.86000061035156,67.22314453125,1049000,0.0
2013-07-02,86.44000244140625,87.05999755859375,85.8499984741211,86.4800033569336,67.3236083984375,2101100,0.509
2013-07-03,85.9800033569336,86.93000030517578,85.94000244140625,86.58000183105469,67.40145874023438,761500,0.0
2013-07-05,87.61000061035156,87.68000030517578,86.44999694824219,87.66000366210938,68.2421875,597900,0.0
2013-07-08,88.0,88.30999755859375,87.80999755859375,88.0199966430664,68.5224838256836,998200,0.0
2013-07-09,88.41000366210938,89.0,88.08000183105469,88.91999816894531,69.22309112548828,1103200,0.0
2013-07-10,88.91999816894531,89.22000122070312,88.66000366210938,89.0999984741211,69.36324310302734,2122500,0.0
2013-07-11,90.0,90.19000244140625,89.56999969482422,90.05999755859375,70.11055755615234,1263500,0.0
2013-07-12,90.0,90.44999694824219,89.80000305175781,90.16999816894531,70.19622039794922,693000,0.0
2013-07-15,90.41000366210938,91.0199966430664,90.26000213623047,90.83999633789062,70.71781158447266,842600,0.0
2013-07-16,90.94000244140625,91.04000091552734,90.41000366210938,90.66999816894531,70.5854721069336,620300,0.0
2013-07-17,91.12999725341797,91.44999694824219,90.83999633789062,90.98999786376953,70.8345718383789,595500,0.0
2013-07-18,91.25,92.1500015258789,91.22000122070312,91.87999725341797,71.52739715576172,439800,0.0
2013-07-19,91.69000244140625,92.02999877929688,91.55000305175781,91.9800033569336,71.60526275634766,372600,0.0
2013-07-22,92.05999755859375,92.54000091552734,91.94000244140625,92.43000030517578,71.95559692382812,466400,0.0
2013-07-23,92.5999984741211,92.66999816894531,92.13999938964844,92.41000366210938,71.94001007080078,856000,0.0
2013-07-24,92.72000122070312,92.83000183105469,91.44999694824219,91.6500015258789,71.3483657836914,1556800,0.0
2013-07-25,91.44999694824219,92.36000061035156,91.3499984741211,92.36000061035156,71.90110778808594,664000,0.0
2013-07-26,91.7699966430664,91.87999725341797,91.23999786376953,91.83999633789062,71.49628448486328,231600,0.0
2013-07-29,91.54000091552734,91.9000015258789,90.83000183105469,91.08000183105469,70.90461730957031,644300,0.0
2013-07-30,91.3499984741211,91.5,90.75,91.08000183105469,70.90461730957031,268600,0.0
2013-07-31,91.36000061035156,91.8499984741211,90.91999816894531,90.9800033569336,70.82678985595703,589500,0.0
2013-08-01,91.75,92.16999816894531,91.72000122070312,91.95999908447266,71.58968353271484,926500,0.0
2013-08-02,91.61000061035156,91.97000122070312,91.47000122070312,91.8499984741211,71.50408935546875,595700,0.0
2013-08-05,91.77999877929688,92.12999725341797,91.55000305175781,92.01000213623047,71.62864685058594,216900,0.0
2013-08-06,91.83999633789062,91.87000274658203,90.95999908447266,91.13999938964844,70.95134735107422,1327000,0.0
2013-08-07,90.83000183105469,91.08000183105469,90.5,90.6500015258789,70.56989288330078,1963300,0.0
2013-08-08,91.11000061035156,91.37999725341797,90.55000305175781,91.01000213623047,70.85011291503906,453400,0.0
2013-08-09,90.83000183105469,91.30000305175781,90.44000244140625,90.83000183105469,70.71000671386719,372200,0.0
2013-08-12,90.30000305175781,91.27999877929688,90.19000244140625,91.22000122070312,71.01362609863281,714600,0.0
2013-08-13,91.19999694824219,91.30000305175781,90.4800033569336,90.9800033569336,70.82678985595703,382100,0.0
2013-08-14,91.0199966430664,91.16000366210938,90.62999725341797,90.62999725341797,70.55430603027344,459700,0.0
2013-08-15,89.69000244140625,89.86000061035156,88.97000122070312,89.1500015258789,69.40214538574219,2297500,0.0
2013-08-16,88.94999694824219,89.30999755859375,88.55000305175781,88.66000366210938,69.02071380615234,710600,0.0
2013-08-19,88.66000366210938,88.73999786376953,87.58000183105469,87.58000183105469,68.1799087524414,1184200,0.0
2013-08-20,87.80999755859375,89.13999938964844,87.61000061035156,88.87999725341797,69.19196319580078,884000,0.0
2013-08-21,88.5999984741211,89.13999938964844,87.94999694824219,88.19999694824219,68.66259002685547,583600,0.0
2013-08-22,88.55000305175781,89.5199966430664,88.5,89.43000030517578,69.6201171875,345900,0.0
2013-08-23,89.76000213623047,89.80999755859375,89.12999725341797,89.62000274658203,69.7680435180664,1189800,0.0
2013-08-26,89.80000305175781,90.02999877929688,89.22000122070312,89.48999786376953,69.66683959960938,385400,0.0
2013-08-27,88.52999877929688,88.9000015258789,87.44999694824219,87.5999984741211,68.19552612304688,538300,0.0
2013-08-28,87.44000244140625,88.04000091552734,87.4000015258789,87.6500015258789,68.23442077636719,1252300,0.0
2013-08-29,87.58000183105469,88.6500015258789,87.58000183105469,88.31999969482422,68.75601196289062,226400,0.0
2013-08-30,88.36000061035156,88.36000061035156,86.77999877929688,86.93000030517578,67.67393493652344,722100,0.0
2013-09-03,88.1500015258789,88.79000091552734,86.56999969482422,87.23999786376953,67.9152603149414,922500,0.0
2013-09-04,87.30000305175781,88.0199966430664,86.98999786376953,87.91999816894531,68.44461822509766,1283000,0.0
2013-09-05,88.01000213623047,88.44000244140625,87.86000061035156,88.16000366210938,68.6314468383789,855300,0.0
2013-09-06,88.66999816894531,88.83000183105469,87.13999938964844,88.37999725341797,68.80272674560547,668300,0.0
2013-09-09,88.75,89.7300033569336,88.63999938964844,89.66999816894531,69.80695343017578,416600,0.0
2013-09-10,90.33000183105469,90.44000244140625,89.80999755859375,90.44000244140625,70.40638732910156,831600,0.0
2013-09-11,90.33999633789062,90.72000122070312,90.0999984741211,90.47000122070312,70.42976379394531,638000,0.0
2013-09-12,90.43000030517578,90.44000244140625,89.80999755859375,89.88999938964844,69.978271484375,363100,0.0
2013-09-13,90.04000091552734,90.29000091552734,89.79000091552734,90.23999786376953,70.25069427490234,601800,0.0
2013-09-16,91.38999938964844,91.55999755859375,90.36000061035156,90.58000183105469,70.51538848876953,1106600,0.0
2013-09-17,90.62000274658203,91.37999725341797,90.58000183105469,91.37999725341797,71.1381607055664,703100,0.0
2013-09-18,91.41000366210938,92.86000061035156,90.75,92.41000366210938,71.94001007080078,919500,0.0
2013-09-19,92.66000366210938,92.66000366210938,91.8499984741211,92.12999725341797,71.72205352783203,261300,0.0
2013-09-20,92.37000274658203,92.41000366210938,91.87000274658203,91.95999908447266,71.58968353271484,738400,0.0
2013-09-23,91.87000274658203,92.16999816894531,91.41999816894531,91.98999786376953,71.61304473876953,424000,0.0
2013-09-24,91.7300033569336,92.54000091552734,91.27999877929688,91.86000061035156,71.75208282470703,1186300,0.308
2013-09-25,92.11000061035156,92.62000274658203,91.66999816894531,91.76000213623047,71.67396545410156,771800,0.0
2013-09-26,91.91999816894531,92.48999786376953,91.52999877929688,92.02999877929688,71.8848648071289,716500,0.0
2013-09-27,91.54000091552734,92.04000091552734,91.4000015258789,91.61000061035156,71.55679321289062,454200,0.0
2013-09-30,90.80000305175781,91.83000183105469,90.63999938964844,91.63999938964844,71.58023834228516,1375100,0.0
2013-10-01,91.55999755859375,92.62000274658203,91.55999755859375,92.55999755859375,72.29887390136719,1232300,0.0
2013-10-02,91.9800033569336,92.4000015258789,91.7300033569336,92.05999755859375,71.90831756591797,892900,0.0
2013-10-03,91.87000274658203,91.94000244140625,90.62999725341797,91.11000061035156,71.166259765625,3475500,0.0
2013-10-04,91.12999725341797,91.8499984741211,90.95999908447266,91.61000061035156,71.55679321289062,2195200,0.0
2013-10-07,90.7699966430664,91.33000183105469,90.54000091552734,90.79000091552734,70.91631317138672,419100,0.0
2013-10-08,90.72000122070312,91.0,89.69999694824219,89.79000091552734,70.13522338867188,914400,0.0
2013-10-09,89.93000030517578,90.2699966430664,89.33999633789062,89.73999786376953,70.09613800048828,1362000,0.0
2013-10-10,90.86000061035156,91.87999725341797,90.69999694824219,91.69999694824219,71.62710571289062,1496300,0.0
2013-10-11,91.5199966430664,93.20999908447266,91.44000244140625,93.20999908447266,72.80656433105469,1016300,0.0
2013-10-14,92.6500015258789,93.55000305175781,92.5,93.48999786376953,73.0252914428711,456900,0.0
2013-10-15,93.2300033569336,93.43000030517578,92.4800033569336,92.69000244140625,72.40042114257812,910000,0.0
2013-10-16,93.30000305175781,93.75,93.01000213623047,93.5999984741211,73.11119079589844,748300,0.0
2013-10-17,93.27999877929688,94.58999633789062,93.22000122070312,94.58999633789062,73.88450622558594,1031500,0.0
2013-10-18,95.23999786376953,95.66999816894531,94.79000091552734,95.58000183105469,74.65778350830078,3417300,0.0
2013-10-21,95.81999969482422,95.83000183105469,95.2699966430664,95.44999694824219,74.55625915527344,759100,0.0
2013-10-22,95.79000091552734,96.2300033569336,95.54000091552734,95.79000091552734,74.82184600830078,519000,0.0
2013-10-23,95.27999877929688,95.73999786376953,95.11000061035156,95.4800033569336,74.57967376708984,717900,0.0
2013-10-24,95.63999938964844,96.0999984741211,95.36000061035156,95.91999816894531,74.92335510253906,728900,0.0
2013-10-25,96.04000091552734,96.19999694824219,95.7300033569336,96.1500015258789,75.10302734375,1190700,0.0
2013-10-28,96.19999694824219,96.25,95.79000091552734,96.16999816894531,75.11863708496094,813200,0.0
2013-10-29,96.33999633789062,96.5,95.56999969482422,96.20999908447266,75.14990234375,893400,0.0
2013-10-30,96.23999786376953,96.41000366210938,94.98999786376953,95.19000244140625,74.35316467285156,982400,0.0
2013-10-31,95.22000122070312,95.4000015258789,94.52999877929688,94.58000183105469,73.87669372558594,1802100,0.0
2013-11-01,94.77999877929688,94.87999725341797,93.58000183105469,94.33000183105469,73.68140411376953,1785200,0.0
2013-11-04,94.88999938964844,95.44000244140625,94.45999908447266,95.33000183105469,74.46250915527344,677900,0.0
2013-11-05,94.94999694824219,95.2699966430664,94.45999908447266,94.88999938964844,74.11882781982422,922900,0.0
2013-11-06,95.44000244140625,95.4800033569336,94.52999877929688,94.75,74.00946807861328,746500,0.0
2013-11-07,95.20999908447266,95.20999908447266,93.25,93.27999877929688,72.86125183105469,1382500,0.0
2013-11-08,93.44999694824219,94.94000244140625,93.26000213623047,94.8499984741211,74.08756256103516,3287400,0.0
2013-11-11,94.66999816894531,94.91000366210938,94.13999938964844,94.66000366210938,73.93919372558594,814800,0.0
2013-11-12,94.48999786376953,94.66000366210938,94.04000091552734,94.58999633789062,73.88450622558594,488700,0.0
2013-11-13,94.0,95.36000061035156,93.9000015258789,95.33000183105469,74.46250915527344,933300,0.0
2013-11-14,95.3499984741211,95.62999725341797,94.83000183105469,95.54000091552734,74.6265640258789,948900,0.0
2013-11-15,95.6500015258789,95.87000274658203,95.29000091552734,95.80000305175781,74.82962036132812,768400,0.0
2013-11-18,96.0999984741211,96.2699966430664,95.05000305175781,95.29000091552734,74.43125915527344,803500,0.0
2013-11-19,95.30000305175781,95.80000305175781,94.47000122070312,94.8499984741211,74.08756256103516,1256300,0.0
2013-11-20,95.19000244140625,95.45999908447266,94.43000030517578,94.77999877929688,74.03290557861328,482700,0.0
2013-11-21,95.16999816894531,96.30999755859375,95.05000305175781,96.27999877929688,75.20454406738281,511100,0.0
2013-11-22,96.30000305175781,96.87000274658203,95.94999694824219,96.80999755859375,75.61853790283203,484200,0.0
2013-11-25,97.05000305175781,97.2300033569336,96.66000366210938,96.94000244140625,75.72010803222656,402000,0.0
2013-11-26,96.94000244140625,97.68000030517578,96.94000244140625,97.48999786376953,76.14969635009766,714800,0.0
2013-11-27,97.6500015258789,98.19999694824219,97.31999969482422,98.19999694824219,76.70428466796875,531800,0.0
2013-11-29,98.44999694824219,98.7300033569336,98.1500015258789,98.1500015258789,76.66522216796875,672200,0.0
2013-12-02,98.30000305175781,98.55999755859375,96.87000274658203,97.2300033569336,75.94662475585938,2097900,0.0
2013-12-03,96.91999816894531,97.38999938964844,96.20999908447266,96.73999786376953,75.56389617919922,1233300,0.0
2013-12-04,96.27999877929688,97.30999755859375,95.6500015258789,96.52999877929688,75.39984130859375,821000,0.0
2013-12-05,96.54000091552734,96.86000061035156,96.13999938964844,96.58000183105469,75.43890380859375,1048400,0.0
2013-12-06,97.5999984741211,97.88999938964844,97.2699966430664,97.38999938964844,76.07159423828125,553000,0.0
2013-12-09,97.44000244140625,97.72000122070312,96.9000015258789,97.31999969482422,76.01689147949219,925700,0.0
2013-12-10,97.12999725341797,97.4800033569336,96.36000061035156,96.44999694824219,75.33735656738281,848900,0.0
2013-12-11,96.61000061035156,96.62999725341797,94.88999938964844,95.13999938964844,74.31411743164062,799800,0.0
2013-12-12,95.16999816894531,95.69000244140625,94.9800033569336,95.38999938964844,74.50938415527344,957600,0.0
2013-12-13,95.5,95.95999908447266,94.98999786376953,95.62999725341797,74.69680786132812,1519000,0.0
2013-12-16,96.02999877929688,96.75,95.87000274658203,96.66999816894531,75.50921630859375,1699100,0.0
2013-12-17,96.62999725341797,96.7300033569336,95.97000122070312,96.51000213623047,75.38422393798828,2486000,0.0
2013-12-18,96.70999908447266,97.91999816894531,95.80000305175781,97.91999816894531,76.48558044433594,1817600,0.0
2013-12-19,97.81999969482422,97.81999969482422,96.97000122070312,97.05000305175781,75.80599975585938,1231100,0.0
2013-12-20,97.19999694824219,98.83000183105469,97.04000091552734,98.55999755859375,76.98548126220703,1020100,0.0
2013-12-23,98.56999969482422,99.01000213623047,98.29000091552734,98.91000366210938,77.76146697998047,1426300,0.637
2013-12-24,99.08999633789062,99.62000274658203,99.02999877929688,99.41000366210938,78.154541015625,513900,0.0
2013-12-26,99.80000305175781,100.0199966430664,99.2699966430664,99.41000366210938,78.154541015625,397000,0.0
2013-12-27,99.62999725341797,99.70999908447266,98.95999908447266,99.4000015258789,78.14665222167969,497600,0.0
2013-12-30,99.41999816894531,99.54000091552734,99.1500015258789,99.23999786376953,78.02088928222656,548700,0.0
2013-12-31,99.44999694824219,99.83999633789062,99.36000061035156,99.5,78.22529602050781,1319700,0.0
2014-01-02,99.18000030517578,99.25,98.05999755859375,98.4000015258789,77.36050415039062,1032500,0.0
2014-01-03,98.5999984741211,98.91000366210938,98.33999633789062,98.66000366210938,77.56489562988281,2189200,0.0
2014-01-06,99.06999969482422,99.16999816894531,97.97000122070312,97.9800033569336,77.0302963256836,1048300,0.0
2014-01-07,98.33000183105469,99.11000061035156,98.30000305175781,98.6500015258789,77.55703735351562,990500,0.0
2014-01-08,98.69999694824219,98.69999694824219,97.94000244140625,98.41999816894531,77.37620544433594,492800,0.0
2014-01-09,98.7699966430664,98.7699966430664,97.77999877929688,98.20999908447266,77.21109771728516,433200,0.0
2014-01-10,98.29000091552734,98.62999725341797,97.91000366210938,98.56999969482422,77.4941177368164,466800,0.0
2014-01-13,98.29000091552734,98.55999755859375,96.83000183105469,97.37999725341797,76.55856323242188,1162500,0.0
2014-01-14,97.87000274658203,98.44999694824219,97.68000030517578,98.4000015258789,77.36050415039062,794700,0.0
2014-01-15,98.52999877929688,99.16000366210938,98.5,99.04000091552734,77.86363220214844,539600,0.0
2014-01-16,98.95999908447266,99.19999694824219,98.66000366210938,98.9800033569336,77.81644439697266,645100,0.0
2014-01-17,99.01000213623047,99.0999984741211,98.54000091552734,98.68000030517578,77.58065032958984,703300,0.0
2014-01-21,99.41000366210938,99.58000183105469,98.83999633789062,99.48999786376953,78.21741485595703,719400,0.0
2014-01-22,99.56999969482422,100.1500015258789,99.41999816894531,100.02999877929688,78.64195251464844,444400,0.0
2014-01-23,99.6500015258789,99.66000366210938,98.76000213623047,99.2300033569336,78.01300811767578,722900,0.0
2014-01-24,98.69000244140625,98.75,96.77999877929688,96.97000122070312,76.2362289428711,1247700,0.0
2014-01-27,97.2300033569336,97.36000061035156,95.52999877929688,95.87999725341797,75.37930297851562,1746800,0.0
2014-01-28,95.98999786376953,96.5199966430664,95.73999786376953,96.48999786376953,75.85887145996094,728200,0.0
2014-01-29,95.72000122070312,96.26000213623047,94.9800033569336,95.20999908447266,74.85255432128906,1212800,0.0
2014-01-30,95.98999786376953,97.0199966430664,95.62000274658203,96.45999908447266,75.83528137207031,1125500,0.0
2014-01-31,95.0999984741211,96.26000213623047,94.5,95.63999938964844,75.1906509399414,1138400,0.0
2014-02-03,95.41999816894531,95.55000305175781,92.48999786376953,92.86000061035156,73.00505065917969,2516900,0.0
2014-02-04,93.2699966430664,93.91000366210938,92.58999633789062,93.5199966430664,73.52388000488281,1622900,0.0
2014-02-05,93.0999984741211,93.31999969482422,92.08999633789062,92.87000274658203,73.01290893554688,1762100,0.0
2014-02-06,93.0199966430664,93.95999908447266,93.0199966430664,93.63999938964844,73.61824798583984,2475500,0.0
2014-02-07,93.9800033569336,94.44000244140625,93.47000122070312,94.25,74.09783172607422,1623100,0.0
2014-02-10,94.16000366210938,94.4000015258789,93.58999633789062,94.38999938964844,74.20790100097656,875700,0.0
2014-02-11,94.37999725341797,95.68000030517578,94.37999725341797,95.45999908447266,75.04912567138672,1435600,0.0
2014-02-12,95.62000274658203,96.25,95.38999938964844,95.79000091552734,75.3085708618164,1624700,0.0
2014-02-13,94.94999694824219,97.0199966430664,94.87999725341797,96.86000061035156,76.1497802734375,1233100,0.0
2014-02-14,96.66999816894531,97.33000183105469,96.30999755859375,97.26000213623047,76.46426391601562,853500,0.0
2014-02-18,97.43000030517578,98.23999786376953,97.25,98.12000274658203,77.14035034179688,984800,0.0
2014-02-19,97.87000274658203,98.5,96.88999938964844,96.98999786376953,76.25196075439453,1233900,0.0
2014-02-20,97.13999938964844,98.0,96.94999694824219,97.79000091552734,76.88090515136719,611900,0.0
2014-02-21,97.97000122070312,98.3499984741211,97.80000305175781,98.0199966430664,77.06171417236328,533600,0.0
2014-02-24,98.19999694824219,99.45999908447266,98.13999938964844,98.91999816894531,77.76929473876953,1066100,0.0
2014-02-25,98.77999877929688,99.23999786376953,98.48999786376953,98.76000213623047,77.64350128173828,780400,0.0
2014-02-26,98.83000183105469,99.83000183105469,98.52999877929688,99.29000091552734,78.06017303466797,841700,0.0
2014-02-27,98.9800033569336,99.86000061035156,98.9000015258789,99.86000061035156,78.50830841064453,607900,0.0
2014-02-28,99.83999633789062,100.72000122070312,99.55999755859375,100.0,78.61837768554688,1165100,0.0
2014-03-03,99.36000061035156,99.83999633789062,98.62999725341797,99.5199966430664,78.24099731445312,985900,0.0
2014-03-04,100.4000015258789,102.41000366210938,100.4000015258789,101.88999938964844,80.10425567626953,1474500,0.0
2014-03-05,101.76000213623047,101.8499984741211,101.33999633789062,101.63999938964844,79.90772247314453,711400,0.0
2014-03-06,101.88999938964844,102.0199966430664,101.55000305175781,101.87999725341797,80.09640502929688,941800,0.0
2014-03-07,102.29000091552734,102.33000183105469,101.36000061035156,101.76000213623047,80.00205993652344,609900,0.0
2014-03-10,101.52999877929688,101.76000213623047,101.05000305175781,101.55999755859375,79.84481811523438,405300,0.0
2014-03-11,101.5999984741211,101.88999938964844,100.2699966430664,100.66000366210938,79.13726806640625,680300,0.0
2014-03-12,100.1500015258789,101.04000091552734,99.91000366210938,100.98999786376953,79.39669799804688,806100,0.0
2014-03-13,101.38999938964844,101.43000030517578,99.62999725341797,100.18000030517578,78.75989532470703,1168900,0.0
2014-03-14,99.81999969482422,100.88999938964844,99.81999969482422,100.56999969482422,79.06652069091797,1184900,0.0
2014-03-17,101.11000061035156,101.76000213623047,100.87000274658203,101.06999969482422,79.45957946777344,554000,0.0
2014-03-18,101.06999969482422,102.23999786376953,100.91999816894531,102.18000030517578,80.33226013183594,514400,0.0
2014-03-19,102.11000061035156,102.13999938964844,100.93000030517578,101.55000305175781,79.83695220947266,491000,0.0
2014-03-20,101.33999633789062,102.16000366210938,101.05999755859375,101.91000366210938,80.11998748779297,738200,0.0
2014-03-21,102.44999694824219,103.11000061035156,101.94000244140625,101.97000122070312,80.16716766357422,755600,0.0
2014-03-24,102.2699966430664,102.45999908447266,100.5999984741211,101.37000274658203,79.6954574584961,1337800,0.0
2014-03-25,101.41000366210938,101.94999694824219,100.52999877929688,101.0999984741211,79.76963806152344,861300,0.364
2014-03-26,101.7699966430664,101.7699966430664,99.20999908447266,99.20999908447266,78.27838134765625,2006600,0.0
2014-03-27,99.29000091552734,99.83000183105469,98.56999969482422,98.98999786376953,78.10481262207031,1255900,0.0
2014-03-28,99.18000030517578,100.41999816894531,98.94999694824219,99.29000091552734,78.34148406982422,2063700,0.0
2014-03-31,99.91999816894531,101.12000274658203,99.54000091552734,100.83999633789062,79.56449890136719,1524600,0.0
2014-04-01,101.0199966430664,102.12999725341797,100.94999694824219,101.94999694824219,80.4402847290039,1898700,0.0
2014-04-02,102.19999694824219,102.56999969482422,101.83999633789062,102.4800033569336,80.85845947265625,1192600,0.0
2014-04-03,102.4800033569336,102.51000213623047,101.5,101.83999633789062,80.35350036621094,1640900,0.0
2014-04-04,102.5199966430664,102.55999755859375,99.72000122070312,99.91999816894531,78.83858489990234,2626100,0.0
2014-04-07,99.62999725341797,99.7699966430664,98.41000366210938,98.76000213623047,77.92332458496094,1304000,0.0
2014-04-08,98.87000274658203,99.9000015258789,98.54000091552734,99.3499984741211,78.38887023925781,1587000,0.0
2014-04-09,99.7699966430664,100.16999816894531,99.0199966430664,100.16000366210938,79.02796936035156,785700,0.0
2014-04-10,100.12000274658203,100.12000274658203,97.52999877929688,97.91999816894531,77.26055145263672,2381100,0.0
2014-04-11,97.33999633789062,98.05999755859375,96.4800033569336,96.81999969482422,76.39260864257812,1935200,0.0
2014-04-14,97.69999694824219,97.94000244140625,96.41999816894531,97.18000030517578,76.67667388916016,1213200,0.0
2014-04-15,97.47000122070312,97.95999908447266,95.95999908447266,97.7300033569336,77.11064910888672,1387000,0.0
2014-04-16,98.19999694824219,98.52999877929688,97.68000030517578,98.44000244140625,77.67082214355469,1219500,0.0
2014-04-17,98.26000213623047,99.4000015258789,98.08999633789062,99.08000183105469,78.1758041381836,565100,0.0
2014-04-21,99.1500015258789,99.37999725341797,98.58999633789062,99.30999755859375,78.35726165771484,1035600,0.0
2014-04-22,99.55999755859375,100.48999786376953,99.18000030517578,100.08999633789062,78.97270202636719,1094700,0.0
2014-04-23,100.08000183105469,100.37000274658203,99.66999816894531,99.7300033569336,78.68864440917969,891100,0.0
2014-04-24,100.22000122070312,100.25,99.05999755859375,99.5199966430664,78.52296447753906,1257000,0.0
2014-04-25,99.31999969482422,99.31999969482422,97.94000244140625,98.23999786376953,77.5130386352539,799100,0.0
2014-04-28,98.51000213623047,98.91999816894531,96.68000030517578,97.7699966430664,77.14218139648438,1317400,0.0
2014-04-29,98.08000183105469,98.58000183105469,97.58999633789062,97.68000030517578,77.07120513916016,1084400,0.0
2014-04-30,97.43000030517578,98.4000015258789,96.80000305175781,98.29000091552734,77.55247497558594,1997300,0.0
2014-05-01,98.12999725341797,98.68000030517578,97.05000305175781,98.0199966430664,77.3394546508789,1196300,0.0
2014-05-02,98.36000061035156,99.19999694824219,97.91000366210938,98.23999786376953,77.5130386352539,837000,0.0
2014-05-05,97.58000183105469,98.33000183105469,97.08000183105469,98.01000213623047,77.33158111572266,664200,0.0
2014-05-06,97.83000183105469,97.87000274658203,96.62999725341797,96.66999816894531,76.2742919921875,608200,0.0
2014-05-07,96.76000213623047,97.27999877929688,95.77999877929688,97.2300033569336,76.71611022949219,1109600,0.0
2014-05-08,97.12000274658203,98.02999877929688,96.16999816894531,96.5,76.14015197753906,1062600,0.0
2014-05-09,96.22000122070312,97.27999877929688,96.0,97.25,76.73191833496094,761000,0.0
2014-05-12,97.66999816894531,99.5999984741211,97.62999725341797,99.12999725341797,78.21525573730469,973700,0.0
2014-05-13,99.16000366210938,99.3499984741211,98.23999786376953,98.30000305175781,77.56038665771484,569900,0.0
2014-05-14,98.16999816894531,98.16999816894531,96.48999786376953,96.62999725341797,76.24269104003906,577700,0.0
2014-05-15,96.22000122070312,96.22000122070312,94.83000183105469,95.91000366210938,75.67462921142578,1222700,0.0
2014-05-16,95.91999816894531,96.45999908447266,95.20999908447266,96.4000015258789,76.06123352050781,805400,0.0
2014-05-19,96.22000122070312,97.5,96.0,97.20999908447266,76.70034790039062,531900,0.0
2014-05-20,97.19000244140625,97.19000244140625,95.38999938964844,95.98999786376953,75.73774719238281,1264500,0.0
2014-05-21,96.43000030517578,96.72000122070312,95.47000122070312,96.29000091552734,75.97445678710938,1365700,0.0
2014-05-22,96.54000091552734,97.33999633789062,96.36000061035156,97.06999969482422,76.58989715576172,1504400,0.0
2014-05-23,97.12000274658203,98.08999633789062,97.0,98.05000305175781,77.36311340332031,559600,0.0
2014-05-27,98.43000030517578,99.56999969482422,98.43000030517578,99.38999938964844,78.42039489746094,358800,0.0
2014-05-28,99.23999786376953,99.23999786376953,98.45999908447266,98.83000183105469,77.97855377197266,464200,0.0
2014-05-29,99.02999877929688,99.30999755859375,98.56999969482422,99.16000366210938,78.23893737792969,630400,0.0
2014-05-30,99.16000366210938,99.41999816894531,98.55999755859375,98.87000274658203,78.0101089477539,1031200,0.0
2014-06-02,99.05999755859375,99.19999694824219,97.88999938964844,98.58000183105469,77.78130340576172,636000,0.0
2014-06-03,98.13999938964844,98.72000122070312,97.70999908447266,98.37000274658203,77.61561584472656,436700,0.0
2014-06-04,98.02999877929688,98.70999908447266,97.80999755859375,98.5999984741211,77.79708862304688,938400,0.0
2014-06-05,98.8499984741211,100.69999694824219,98.30999755859375,100.63999938964844,79.40666198730469,774400,0.0
2014-06-06,100.9800033569336,101.87000274658203,100.9800033569336,101.66000366210938,80.21146392822266,672500,0.0
2014-06-09,101.66999816894531,102.7300033569336,101.30999755859375,102.36000061035156,80.76380920410156,853900,0.0
2014-06-10,102.0999984741211,102.25,101.63999938964844,102.06999969482422,80.53495788574219,649500,0.0
2014-06-11,101.69000244140625,101.77999877929688,100.97000122070312,101.4800033569336,80.06947326660156,423400,0.0
2014-06-12,101.22000122070312,101.22000122070312,100.44999694824219,100.9000015258789,79.61181640625,875200,0.0
2014-06-13,101.08999633789062,101.23999786376953,100.31999969482422,100.8499984741211,79.5723876953125,602600,0.0
2014-06-16,100.75,101.05999755859375,100.29000091552734,100.94999694824219,79.65125274658203,746700,0.0
2014-06-17,100.94999694824219,102.02999877929688,100.68000030517578,101.72000122070312,80.25879669189453,625500,0.0
2014-06-18,101.66000366210938,102.43000030517578,101.33000183105469,102.41000366210938,80.80323028564453,698900,0.0
2014-06-19,102.66999816894531,102.76000213623047,101.94999694824219,102.47000122070312,80.8505630493164,569400,0.0
2014-06-20,102.51000213623047,102.81999969482422,102.37999725341797,102.79000091552734,81.10305786132812,565300,0.0
2014-06-23,102.87999725341797,103.0,102.30000305175781,102.47000122070312,80.8505630493164,498000,0.0
2014-06-24,102.30999755859375,103.20999908447266,101.43000030517578,101.5199966430664,80.10102081298828,1079800,0.0
2014-06-25,100.97000122070312,102.37000274658203,100.88999938964844,102.37000274658203,80.77165985107422,710500,0.0
2014-06-26,102.41999816894531,102.41999816894531,101.44000244140625,102.27999877929688,80.70066833496094,653600,0.0
2014-06-27,101.91000366210938,102.98999786376953,101.70999908447266,102.87999725341797,81.17406463623047,603200,0.0
2014-06-30,102.7699966430664,103.30999755859375,102.36000061035156,103.26000213623047,81.4738998413086,1299600,0.0
2014-07-01,103.55000305175781,105.12000274658203,103.44999694824219,104.2699966430664,82.27081298828125,750500,0.0
2014-07-02,103.7300033569336,103.83999633789062,102.93000030517578,103.12000274658203,81.81462097167969,1162000,0.575
2014-07-03,103.5,103.7699966430664,103.36000061035156,103.69000244140625,82.26685333251953,618600,0.0
2014-07-07,103.44000244140625,103.58000183105469,102.25,102.27999877929688,81.14816284179688,692100,0.0
2014-07-08,102.1500015258789,102.18000030517578,101.04000091552734,101.51000213623047,80.53726196289062,1969800,0.0
2014-07-09,101.80000305175781,102.1500015258789,101.30000305175781,101.5999984741211,80.608642578125,490100,0.0
2014-07-10,99.69999694824219,101.12000274658203,99.55000305175781,100.58000183105469,79.79940032958984,883700,0.0
2014-07-11,100.43000030517578,100.52999877929688,99.83999633789062,100.23999786376953,79.52962493896484,851600,0.0
2014-07-14,101.2300033569336,101.2699966430664,100.45999908447266,100.66000366210938,79.86287689208984,671100,0.0
2014-07-15,100.63999938964844,100.95999908447266,99.44000244140625,100.0,79.33922576904297,969900,0.0
2014-07-16,100.43000030517578,100.6500015258789,99.5,99.87999725341797,79.2439956665039,727800,0.0
2014-07-17,99.37999725341797,99.80999755859375,98.23999786376953,98.47000122070312,78.12531280517578,1116300,0.0
2014-07-18,98.58000183105469,99.98999786376953,98.43000030517578,99.77999877929688,79.1646957397461,861500,0.0
2014-07-21,99.27999877929688,99.5199966430664,98.76000213623047,99.27999877929688,78.76798248291016,564300,0.0
2014-07-22,99.83999633789062,100.3499984741211,99.66000366210938,99.87000274658203,79.23605346679688,909400,0.0
2014-07-23,100.0,100.13999938964844,99.43000030517578,99.75,79.14088439941406,395100,0.0
2014-07-24,99.95999908447266,100.45999908447266,99.26000213623047,99.51000213623047,78.95045471191406,873900,0.0
2014-07-25,98.77999877929688,98.94000244140625,98.3499984741211,98.61000061035156,78.23640441894531,1138600,0.0
2014-07-28,98.72000122070312,98.72000122070312,97.68000030517578,98.2699966430664,77.96663665771484,859600,0.0
2014-07-29,98.41000366210938,98.81999969482422,98.01000213623047,98.11000061035156,77.8396987915039,625600,0.0
2014-07-30,98.77999877929688,98.95999908447266,97.93000030517578,98.27999877929688,77.97457885742188,995100,0.0
2014-07-31,97.47000122070312,97.80000305175781,96.37000274658203,96.37000274658203,76.45919036865234,1271000,0.0
2014-08-01,96.30000305175781,96.83000183105469,95.5,96.02999877929688,76.189453125,1238900,0.0
2014-08-04,96.44999694824219,96.73999786376953,95.33000183105469,96.69000244140625,76.71310424804688,547800,0.0
2014-08-05,96.20999908447266,97.08999633789062,95.81999969482422,96.33000183105469,76.4274673461914,1379900,0.0
2014-08-06,95.94000244140625,97.33000183105469,95.87000274658203,96.81999969482422,76.81620788574219,869300,0.0
2014-08-07,97.25,97.38999938964844,95.9800033569336,96.27999877929688,76.38778686523438,1027900,0.0
2014-08-08,96.3499984741211,97.26000213623047,96.18000030517578,97.18000030517578,77.10184478759766,621400,0.0
2014-08-11,97.5,98.63999938964844,97.4800033569336,97.94000244140625,77.704833984375,1029700,0.0
2014-08-12,97.66000366210938,98.06999969482422,96.93000030517578,97.37000274658203,77.25260162353516,573800,0.0
2014-08-13,97.61000061035156,98.19000244140625,97.5199966430664,97.91999816894531,77.68898010253906,267400,0.0
2014-08-14,97.94999694824219,98.30999755859375,97.91999816894531,98.19000244140625,77.90316009521484,437000,0.0
2014-08-15,98.73999786376953,98.86000061035156,97.16999816894531,98.04000091552734,77.7841567993164,1012800,0.0
2014-08-18,98.9000015258789,99.44000244140625,98.63999938964844,99.31999969482422,78.79974365234375,2855900,0.0
2014-08-19,99.5,99.88999938964844,99.26000213623047,99.66000366210938,79.06947326660156,673000,0.0
2014-08-20,99.27999877929688,99.58999633789062,98.94000244140625,99.41999816894531,78.87904357910156,622500,0.0
2014-08-21,99.44000244140625,100.02999877929688,98.68000030517578,99.87999725341797,79.2439956665039,732100,0.0
2014-08-22,99.88999938964844,100.16000366210938,99.37000274658203,99.80999755859375,79.18844604492188,1884400,0.0
2014-08-25,100.41999816894531,100.56999969482422,99.68000030517578,100.05000305175781,79.37890625,969600,0.0
2014-08-26,100.08999633789062,100.79000091552734,100.08999633789062,100.69999694824219,79.89458465576172,1014800,0.0
2014-08-27,100.75,100.8499984741211,100.37000274658203,100.54000091552734,79.76764678955078,2564400,0.0
2014-08-28,100.0999984741211,100.30000305175781,99.76000213623047,100.08999633789062,79.41062927246094,802300,0.0
2014-08-29,100.26000213623047,100.75,99.83000183105469,100.55000305175781,79.77557373046875,1175900,0.0
2014-09-02,100.94000244140625,101.36000061035156,100.55000305175781,101.06999969482422,80.18811798095703,1096000,0.0
2014-09-03,101.62999725341797,101.62999725341797,100.36000061035156,100.52999877929688,79.75971984863281,760500,0.0
2014-09-04,100.68000030517578,101.30000305175781,99.95999908447266,100.1500015258789,79.4582290649414,982300,0.0
2014-09-05,99.95999908447266,100.5999984741211,99.6500015258789,100.51000213623047,79.74385070800781,524300,0.0
2014-09-08,100.44999694824219,100.7699966430664,99.98999786376953,100.44999694824219,79.69625091552734,589900,0.0
2014-09-09,100.37999725341797,100.37999725341797,99.30000305175781,99.43000030517578,78.88697052001953,616100,0.0
2014-09-10,99.38999938964844,99.8499984741211,98.94000244140625,99.72000122070312,79.1170425415039,687400,0.0
2014-09-11,99.27999877929688,100.5199966430664,99.27999877929688,100.38999938964844,79.64865112304688,400000,0.0
2014-09-12,100.30000305175781,100.30000305175781,98.91999816894531,99.30000305175781,78.78382873535156,940900,0.0
2014-09-15,99.2699966430664,99.2699966430664,98.20999908447266,98.41999816894531,78.08566284179688,701800,0.0
2014-09-16,98.22000122070312,98.93000030517578,97.97000122070312,98.63999938964844,78.26022338867188,803200,0.0
2014-09-17,98.69999694824219,99.36000061035156,98.37999725341797,98.80000305175781,78.38716125488281,595900,0.0
2014-09-18,99.11000061035156,99.5,98.88999938964844,99.23999786376953,78.73621368408203,276100,0.0
2014-09-19,99.68000030517578,99.68000030517578,97.94999694824219,98.12999725341797,77.85555267333984,1078900,0.0
2014-09-22,97.7300033569336,97.7699966430664,96.70999908447266,96.83999633789062,76.83209228515625,922600,0.0
2014-09-23,96.43000030517578,96.94999694824219,95.80000305175781,95.83999633789062,76.03870391845703,1168800,0.0
2014-09-24,95.66999816894531,96.0,95.04000091552734,95.88999938964844,76.33164978027344,1047300,0.318
2014-09-25,95.68000030517578,95.75,94.18000030517578,94.52999877929688,75.2490234375,1580100,0.0
2014-09-26,94.87000274658203,95.27999877929688,94.47000122070312,95.18000030517578,75.76644897460938,1988300,0.0
2014-09-29,94.20999908447266,95.20999908447266,93.87000274658203,94.86000061035156,75.51171875,964400,0.0
2014-09-30,94.86000061035156,94.86000061035156,93.5,93.55999755859375,74.47689056396484,1643700,0.0
2014-10-01,93.52999877929688,93.69000244140625,92.19000244140625,92.54000091552734,73.66492462158203,2251400,0.0
2014-10-02,92.36000061035156,93.58000183105469,91.9000015258789,93.1500015258789,74.15050506591797,2825400,0.0
2014-10-03,93.91999816894531,94.2699966430664,93.36000061035156,93.69000244140625,74.58038330078125,2391200,0.0
2014-10-06,93.76000213623047,94.05999755859375,93.13999938964844,93.26000213623047,74.23809051513672,1793400,0.0
2014-10-07,92.81999969482422,93.12999725341797,91.88999938964844,91.91000366210938,73.16341400146484,1260200,0.0
2014-10-08,91.8499984741211,93.72000122070312,91.16999816894531,93.66000366210938,74.55648040771484,3402600,0.0
2014-10-09,93.61000061035156,93.6500015258789,91.3499984741211,91.37999725341797,72.74151611328125,4013400,0.0
2014-10-10,91.25,92.19000244140625,90.4800033569336,90.55999755859375,72.08879089355469,2199300,0.0
2014-10-13,90.62000274658203,91.80999755859375,90.44000244140625,90.55000305175781,72.08082580566406,1615700,0.0
2014-10-14,90.86000061035156,92.7300033569336,90.86000061035156,91.6500015258789,72.95645904541016,2404500,0.0
2014-10-15,90.80999755859375,92.4000015258789,90.0,92.19000244140625,73.38631439208984,2889800,0.0
2014-10-16,90.9800033569336,93.69000244140625,90.83000183105469,93.22000122070312,74.20622253417969,4176100,0.0
2014-10-17,94.05999755859375,94.44000244140625,92.5199966430664,92.87999725341797,73.9355697631836,1574000,0.0
2014-10-20,92.56999969482422,93.81999969482422,92.37000274658203,93.79000091552734,74.65997314453125,1758300,0.0
2014-10-21,94.37000274658203,95.30000305175781,94.02999877929688,95.19999694824219,75.78237915039062,1374900,0.0
2014-10-22,95.48999786376953,95.7300033569336,94.04000091552734,94.0999984741211,74.90673828125,1946700,0.0
2014-10-23,94.80999755859375,96.02999877929688,94.69999694824219,95.44999694824219,75.98139953613281,1594700,0.0
2014-10-24,95.55999755859375,95.83999633789062,95.11000061035156,95.61000061035156,76.10875701904297,1102700,0.0
2014-10-27,95.11000061035156,95.61000061035156,94.44999694824219,95.56999969482422,76.07691955566406,872200,0.0
2014-10-28,95.79000091552734,98.18000030517578,95.7699966430664,98.16000366210938,78.13863372802734,1085100,0.0
2014-10-29,98.37999725341797,98.73999786376953,97.23999786376953,98.01000213623047,78.01922607421875,1143200,0.0
2014-10-30,97.73999786376953,99.08000183105469,97.4800033569336,98.76000213623047,78.61625671386719,688400,0.0
2014-10-31,100.30000305175781,100.38999938964844,99.41999816894531,100.08000183105469,79.66703796386719,942800,0.0
2014-11-03,100.18000030517578,100.6500015258789,99.5999984741211,99.97000122070312,79.57946014404297,1720800,0.0
2014-11-04,99.70999908447266,99.97000122070312,99.0,99.48999786376953,79.1973648071289,996100,0.0
2014-11-05,100.04000091552734,100.20999908447266,99.44999694824219,99.95999908447266,79.57147979736328,845900,0.0
2014-11-06,100.08999633789062,100.25,99.47000122070312,100.16999816894531,79.7386703491211,1476200,0.0
2014-11-07,100.18000030517578,100.47000122070312,99.6500015258789,100.47000122070312,79.97747039794922,666500,0.0
2014-11-10,100.44999694824219,100.87000274658203,100.26000213623047,100.83999633789062,80.27202606201172,1031300,0.0
2014-11-11,100.83999633789062,100.88999938964844,100.52999877929688,100.8499984741211,80.27993774414062,1287700,0.0
2014-11-12,100.45999908447266,101.41999816894531,100.36000061035156,101.30999755859375,80.6461410522461,919200,0.0
2014-11-13,101.4000015258789,101.5,100.20999908447266,100.44999694824219,79.9615478515625,1105800,0.0
2014-11-14,100.37999725341797,100.7300033569336,100.16000366210938,100.25,79.8023681640625,629600,0.0
2014-11-17,100.19000244140625,100.4000015258789,99.4800033569336,99.5199966430664,79.22124481201172,3255500,0.0
2014-11-18,99.80000305175781,100.41000366210938,99.75,99.91999816894531,79.53968048095703,1276400,0.0
2014-11-19,99.70999908447266,99.73999786376953,98.18000030517578,98.87000274658203,78.70384979248047,1151200,0.0
2014-11-20,98.3499984741211,99.88999938964844,98.3499984741211,99.88999938964844,79.51579284667969,967400,0.0
2014-11-21,101.02999877929688,101.2699966430664,99.61000061035156,99.93000030517578,79.54762268066406,932900,0.0
2014-11-24,100.08999633789062,100.97000122070312,100.02999877929688,100.93000030517578,80.34363555908203,1288000,0.0
2014-11-25,101.05000305175781,101.45999908447266,100.62999725341797,100.98999786376953,80.39140319824219,1791800,0.0
2014-11-26,100.9800033569336,101.2699966430664,100.77999877929688,101.22000122070312,80.57449340820312,606600,0.0
2014-11-28,101.25,101.25,99.52999877929688,99.69999694824219,79.3645248413086,598100,0.0
2014-12-01,99.5,99.5,98.2300033569336,98.29000091552734,78.24212646484375,2493000,0.0
2014-12-02,98.36000061035156,99.76000213623047,98.36000061035156,99.25,79.00630950927734,1538200,0.0
2014-12-03,99.2300033569336,100.51000213623047,99.04000091552734,100.16999816894531,79.7386703491211,1296000,0.0
2014-12-04,99.94999694824219,100.08000183105469,99.19999694824219,99.73999786376953,79.39636993408203,985800,0.0
2014-12-05,99.91999816894531,100.68000030517578,99.76000213623047,100.36000061035156,79.88992309570312,1065000,0.0
2014-12-08,100.02999877929688,100.8499984741211,98.91000366210938,99.20999908447266,78.9744873046875,718200,0.0
2014-12-09,98.25,100.80000305175781,98.12000274658203,100.76000213623047,80.20830535888672,1250200,0.0
2014-12-10,100.38999938964844,100.54000091552734,98.56999969482422,98.68000030517578,78.55255889892578,1717600,0.0
2014-12-11,98.87000274658203,100.05000305175781,98.70999908447266,98.87999725341797,78.71178436279297,1804600,0.0
2014-12-12,97.91999816894531,98.51000213623047,97.51000213623047,97.56999969482422,77.66899871826172,1414400,0.0
2014-12-15,97.98999786376953,98.33999633789062,96.43000030517578,96.68000030517578,76.96052551269531,2716500,0.0
2014-12-16,96.45999908447266,98.2300033569336,96.30999755859375,96.7300033569336,77.00029754638672,2118800,0.0
2014-12-17,96.87000274658203,99.54000091552734,96.86000061035156,99.5,79.20532989501953,1920900,0.0
2014-12-18,100.80000305175781,101.02999877929688,99.80000305175781,100.80000305175781,80.24020385742188,1692600,0.0
2014-12-19,101.0,101.4800033569336,100.41000366210938,101.08000183105469,80.46308135986328,1825600,0.0
2014-12-22,101.26000213623047,101.7300033569336,101.01000213623047,101.7300033569336,80.98050689697266,1210600,0.0
2014-12-23,102.41999816894531,102.48999786376953,101.93000030517578,102.20999908447266,81.36259460449219,802000,0.0
2014-12-24,101.9000015258789,101.94999694824219,101.29000091552734,101.76000213623047,81.52841186523438,298300,0.657
2014-12-26,102.04000091552734,102.5999984741211,101.94000244140625,102.33000183105469,81.9850845336914,892600,0.0
2014-12-29,102.3499984741211,103.23999786376953,102.3499984741211,102.97000122070312,82.49784851074219,1393100,0.0
2014-12-30,102.77999877929688,103.08999633789062,102.4800033569336,102.4800033569336,82.10528564453125,1490600,0.0
2014-12-31,102.88999938964844,103.19999694824219,101.62999725341797,101.68000030517578,81.4643325805664,2681700,0.0
2015-01-02,102.0999984741211,102.45999908447266,100.36000061035156,101.18000030517578,81.0637435913086,5199600,0.0
2015-01-05,100.45999908447266,100.80000305175781,99.37000274658203,99.80000305175781,79.9581069946289,2773100,0.0
2015-01-06,99.87000274658203,100.0,97.56999969482422,98.12999725341797,78.62010192871094,1967700,0.0
2015-01-07,98.9000015258789,98.98999786376953,98.05999755859375,98.95999908447266,79.28511047363281,2153400,0.0
2015-01-08,99.7699966430664,100.58000183105469,99.51000213623047,100.47000122070312,80.49488830566406,1497400,0.0
2015-01-09,100.54000091552734,100.54000091552734,99.25,99.31999969482422,79.57353973388672,957500,0.0
2015-01-12,99.18000030517578,99.4000015258789,98.12000274658203,98.93000030517578,79.2611083984375,1721300,0.0
2015-01-13,99.66999816894531,100.75,97.9800033569336,99.08000183105469,79.38124084472656,985600,0.0
2015-01-14,98.16999816894531,98.87000274658203,97.56999969482422,98.68000030517578,79.06077575683594,1135800,0.0
2015-01-15,98.94999694824219,99.13999938964844,97.0999984741211,97.37000274658203,78.0112075805664,1230700,0.0
2015-01-16,97.13999938964844,99.06999969482422,97.0199966430664,98.93000030517578,79.2611083984375,2182400,0.0
2015-01-20,98.86000061035156,99.19000244140625,97.58000183105469,98.12999725341797,78.62010192871094,1437700,0.0
2015-01-21,97.80999755859375,98.63999938964844,97.55999755859375,98.04000091552734,78.54802703857422,941500,0.0
2015-01-22,98.54000091552734,100.19000244140625,97.76000213623047,100.18000030517578,80.26255798339844,743300,0.0
2015-01-23,100.12000274658203,100.29000091552734,99.48999786376953,99.7300033569336,79.90201568603516,1255700,0.0
2015-01-26,99.62000274658203,100.5,98.77999877929688,100.5,80.51893615722656,703700,0.0
2015-01-27,99.43000030517578,100.44000244140625,99.38999938964844,100.02999877929688,80.14236450195312,1828500,0.0
2015-01-28,100.47000122070312,100.58000183105469,97.94999694824219,98.19000244140625,78.66822052001953,1863600,0.0
2015-01-29,98.30000305175781,99.55999755859375,97.80000305175781,99.54000091552734,79.74980163574219,2412800,0.0
2015-01-30,99.02999877929688,99.11000061035156,97.26000213623047,97.3499984741211,77.99517059326172,2792900,0.0
2015-02-02,97.73999786376953,98.61000061035156,96.52999877929688,98.55000305175781,78.95662689208984,2033400,0.0
2015-02-03,98.95999908447266,100.68000030517578,98.91000366210938,100.55999755859375,80.56698608398438,1726100,0.0
2015-02-04,100.37999725341797,100.87999725341797,99.86000061035156,100.05999755859375,80.16641235351562,1085400,0.0
2015-02-05,100.18000030517578,101.58999633789062,100.16999816894531,101.38999938964844,81.23197937011719,1060500,0.0
2015-02-06,101.58000183105469,101.93000030517578,100.80999755859375,101.08999633789062,80.99163818359375,1110300,0.0
2015-02-09,100.87999725341797,101.45999908447266,100.20999908447266,100.29000091552734,80.35069274902344,686900,0.0
2015-02-10,100.73999786376953,100.80000305175781,99.44000244140625,100.56999969482422,80.57501220703125,1145000,0.0
2015-02-11,100.3499984741211,100.56999969482422,99.72000122070312,100.27999877929688,80.3426513671875,1891600,0.0
2015-02-12,100.87000274658203,101.47000122070312,100.66999816894531,101.38999938964844,81.23197937011719,631700,0.0
2015-02-13,101.47000122070312,102.01000213623047,101.25,101.9000015258789,81.64058685302734,1639300,0.0
2015-02-17,101.9800033569336,102.13999938964844,101.61000061035156,102.01000213623047,81.72872924804688,1252200,0.0
2015-02-18,101.66999816894531,101.9800033569336,101.37000274658203,101.94999694824219,81.68063354492188,1992300,0.0
2015-02-19,101.83999633789062,101.9800033569336,101.37999725341797,101.76000213623047,81.52841186523438,916600,0.0
2015-02-20,101.69999694824219,101.98999786376953,100.76000213623047,101.9000015258789,81.64058685302734,1623700,0.0
2015-02-23,101.58000183105469,102.08999633789062,100.98999786376953,102.08999633789062,81.79279327392578,1726400,0.0
2015-02-24,102.04000091552734,102.58000183105469,101.83000183105469,102.16999816894531,81.85691833496094,1063400,0.0
2015-02-25,102.19999694824219,102.4000015258789,101.69000244140625,102.06999969482422,81.77679443359375,1074100,0.0
2015-02-26,101.91000366210938,102.37000274658203,101.72000122070312,102.2300033569336,81.90499114990234,760400,0.0
2015-02-27,102.0199966430664,102.41999816894531,101.86000061035156,101.87000274658203,81.61656951904297,1599700,0.0
2015-03-02,101.79000091552734,102.93000030517578,101.75,102.55000305175781,82.1613540649414,1614200,0.0
2015-03-03,102.37999725341797,102.47000122070312,101.68000030517578,102.08999633789062,81.79279327392578,1369100,0.0
2015-03-04,101.5999984741211,101.76000213623047,101.16999816894531,101.48999786376953,81.3121109008789,1109500,0.0
2015-03-05,101.41999816894531,101.6500015258789,100.87999725341797,101.45999908447266,81.28807830810547,1307200,0.0
2015-03-06,100.97000122070312,101.44999694824219,99.91999816894531,100.08000183105469,80.18242645263672,1449200,0.0
2015-03-09,100.20999908447266,100.8499984741211,100.20999908447266,100.6500015258789,80.63909149169922,1136800,0.0
2015-03-10,99.87000274658203,99.87000274658203,99.19000244140625,99.44999694824219,79.67766571044922,1014600,0.0
2015-03-11,99.51000213623047,100.1500015258789,99.22000122070312,100.12999725341797,80.22249603271484,1183000,0.0
2015-03-12,100.62999725341797,102.05000305175781,100.56999969482422,101.95999908447266,81.68866729736328,1036100,0.0
2015-03-13,101.9000015258789,101.9800033569336,100.41999816894531,101.61000061035156,81.40823364257812,1373300,0.0
2015-03-16,102.12999725341797,102.27999877929688,101.83000183105469,102.02999877929688,81.74472045898438,1078900,0.0
2015-03-17,101.8499984741211,102.37000274658203,101.58000183105469,102.25,81.92100524902344,653300,0.0
2015-03-18,102.04000091552734,103.5,101.72000122070312,103.16999816894531,82.65809631347656,894100,0.0
2015-03-19,102.87999725341797,103.19999694824219,102.63999938964844,102.9800033569336,82.50590515136719,643300,0.0
2015-03-20,103.27999877929688,104.41000366210938,103.13999938964844,104.23999786376953,83.51534271240234,807600,0.0
2015-03-23,104.19000244140625,104.76000213623047,104.19000244140625,104.36000061035156,83.61149597167969,450000,0.0
2015-03-24,104.31999969482422,104.58000183105469,104.05999755859375,104.29000091552734,83.55540466308594,1476400,0.0
2015-03-25,104.0999984741211,104.0999984741211,101.98999786376953,102.05999755859375,82.10022735595703,1279900,0.421
2015-03-26,101.8499984741211,102.19999694824219,101.38999938964844,101.8499984741211,81.93126678466797,657400,0.0
2015-03-27,101.83999633789062,102.23999786376953,101.38999938964844,102.19000244140625,82.20480346679688,675900,0.0
2015-03-30,102.55000305175781,103.68000030517578,102.41999816894531,103.45999908447266,83.2264175415039,919600,0.0
2015-03-31,103.12000274658203,103.43000030517578,102.80000305175781,103.20999908447266,83.02527618408203,1794500,0.0
2015-04-01,102.94999694824219,103.68000030517578,102.27999877929688,103.38999938964844,83.17009735107422,795900,0.0
2015-04-02,103.2300033569336,104.23999786376953,103.2300033569336,103.7699966430664,83.47577667236328,1349900,0.0
2015-04-06,103.26000213623047,104.4000015258789,103.19999694824219,104.2699966430664,83.87798309326172,1727500,0.0
2015-04-07,104.12999725341797,104.20999908447266,103.44000244140625,103.44999694824219,83.21834564208984,1974000,0.0
2015-04-08,103.51000213623047,104.18000030517578,103.48999786376953,103.95999908447266,83.62860870361328,774500,0.0
2015-04-09,103.83000183105469,104.0199966430664,102.51000213623047,103.37000274658203,83.15399932861328,581800,0.0
2015-04-10,103.7300033569336,103.97000122070312,103.58999633789062,103.79000091552734,83.49187469482422,375900,0.0
2015-04-13,103.79000091552734,104.29000091552734,103.7699966430664,103.87000274658203,83.55622863769531,1016300,0.0
2015-04-14,103.83999633789062,104.0999984741211,103.23999786376953,103.8499984741211,83.5401382446289,1165200,0.0
2015-04-15,104.19000244140625,104.94999694824219,104.0,104.54000091552734,84.09519958496094,464100,0.0
2015-04-16,104.36000061035156,104.63999938964844,104.06999969482422,104.33999633789062,83.93429565429688,493400,0.0
2015-04-17,103.55000305175781,103.69000244140625,102.33999633789062,102.70999908447266,82.62310791015625,1778800,0.0
2015-04-20,103.16999816894531,104.0199966430664,103.16000366210938,103.70999908447266,83.4275131225586,515800,0.0
2015-04-21,103.94000244140625,104.16999816894531,103.33000183105469,103.37999725341797,83.16203308105469,338300,0.0
2015-04-22,103.5,103.73999786376953,102.69999694824219,103.62000274658203,83.3551254272461,464200,0.0
2015-04-23,103.38999938964844,104.12999725341797,103.33000183105469,103.94999694824219,83.62055969238281,581400,0.0
2015-04-24,104.08000183105469,104.08000183105469,103.5999984741211,103.77999877929688,83.48380279541016,375400,0.0
2015-04-27,103.94999694824219,104.6500015258789,102.62000274658203,103.01000213623047,82.86443328857422,1250600,0.0
2015-04-28,103.04000091552734,104.0,102.58999633789062,103.97000122070312,83.63665771484375,965500,0.0
2015-04-29,103.26000213623047,103.69000244140625,102.88999938964844,102.91000366210938,82.78398132324219,1129100,0.0
2015-04-30,102.5,102.66999816894531,100.62999725341797,100.98999786376953,81.23945617675781,1312300,0.0
2015-05-01,101.41000366210938,101.51000213623047,100.6500015258789,101.30999755859375,81.49690246582031,1167700,0.0
2015-05-04,101.48999786376953,102.2300033569336,101.2300033569336,101.56999969482422,81.70603942871094,884200,0.0
2015-05-05,101.5199966430664,101.80000305175781,100.04000091552734,100.56999969482422,80.90158081054688,2017800,0.0
2015-05-06,100.58999633789062,100.83000183105469,99.8499984741211,100.61000061035156,80.93378448486328,1468100,0.0
2015-05-07,100.51000213623047,101.26000213623047,100.05999755859375,100.91000366210938,81.17511749267578,812100,0.0
2015-05-08,101.7300033569336,101.98999786376953,101.43000030517578,101.56999969482422,81.70603942871094,719400,0.0
2015-05-11,101.56999969482422,102.36000061035156,101.41000366210938,101.56999969482422,81.70603942871094,688300,0.0
2015-05-12,101.20999908447266,101.70999908447266,100.12000274658203,101.44000244140625,81.60144805908203,930600,0.0
2015-05-13,101.6500015258789,101.88999938964844,101.04000091552734,101.30000305175781,81.48882293701172,814300,0.0
2015-05-14,101.7300033569336,102.37999725341797,101.5999984741211,102.36000061035156,82.34153747558594,848900,0.0
2015-05-15,102.29000091552734,102.37000274658203,101.76000213623047,102.16999816894531,82.1886978149414,960100,0.0
2015-05-18,102.01000213623047,103.30000305175781,101.83000183105469,103.12999725341797,82.9609375,757000,0.0
2015-05-19,103.08000183105469,103.12000274658203,102.6500015258789,103.05000305175781,82.89657592773438,514100,0.0
2015-05-20,103.16999816894531,103.33000183105469,102.5999984741211,102.98999786376953,82.84830474853516,1095600,0.0
2015-05-21,103.05000305175781,103.3499984741211,102.61000061035156,102.88999938964844,82.76789093017578,991100,0.0
2015-05-22,102.83000183105469,103.0,102.12999725341797,102.33000183105469,82.31739044189453,395500,0.0
2015-05-26,101.97000122070312,102.08999633789062,100.7699966430664,101.30000305175781,81.48882293701172,635700,0.0
2015-05-27,101.41000366210938,102.4800033569336,101.04000091552734,102.38999938964844,82.36569213867188,556400,0.0
2015-05-28,102.2300033569336,102.41999816894531,101.76000213623047,102.41000366210938,82.38175964355469,433500,0.0
2015-05-29,102.37000274658203,102.4800033569336,101.26000213623047,101.75,81.8508529663086,1069900,0.0
2015-06-01,102.31999969482422,102.55000305175781,101.19999694824219,102.08000183105469,82.1163101196289,740400,0.0
2015-06-02,101.69000244140625,102.98999786376953,101.54000091552734,102.38999938964844,82.36569213867188,2203600,0.0
2015-06-03,102.5,103.37000274658203,102.23999786376953,103.23999786376953,83.0494155883789,1010500,0.0
2015-06-04,102.7699966430664,102.98999786376953,101.94000244140625,102.22000122070312,82.22891235351562,871100,0.0
2015-06-05,102.01000213623047,102.7300033569336,101.31999969482422,102.62999725341797,82.5587158203125,643800,0.0
2015-06-08,102.55000305175781,102.79000091552734,102.06999969482422,102.19999694824219,82.21285247802734,443000,0.0
2015-06-09,102.19999694824219,102.38999938964844,101.48999786376953,102.0,82.05193328857422,891000,0.0
2015-06-10,102.44999694824219,103.87000274658203,102.41999816894531,103.41000366210938,83.18620300292969,856600,0.0
2015-06-11,103.62999725341797,103.75,103.27999877929688,103.6500015258789,83.3792724609375,547800,0.0
2015-06-12,103.37000274658203,103.51000213623047,102.93000030517578,103.36000061035156,83.1459732055664,842600,0.0
2015-06-15,102.69000244140625,103.2300033569336,101.86000061035156,102.91999816894531,82.79200744628906,1247500,0.0
2015-06-16,102.69999694824219,103.80000305175781,102.62999725341797,103.66000366210938,83.38728332519531,827900,0.0
2015-06-17,103.8499984741211,104.05000305175781,103.1500015258789,103.23999786376953,83.0494155883789,817200,0.0
2015-06-18,103.5999984741211,104.70999908447266,103.5999984741211,104.36000061035156,83.95037841796875,792600,0.0
2015-06-19,104.4800033569336,104.69999694824219,104.19000244140625,104.33999633789062,83.93429565429688,452200,0.0
2015-06-22,104.98999786376953,105.16000366210938,104.6500015258789,104.98999786376953,84.45718383789062,759500,0.0
2015-06-23,104.91000366210938,105.37000274658203,104.80000305175781,105.29000091552734,84.69849395751953,528300,0.0
2015-06-24,105.25,105.41999816894531,104.56999969482422,104.62999725341797,84.16758728027344,955500,0.0
2015-06-25,104.87999725341797,104.95999908447266,104.08999633789062,104.44000244140625,84.01473999023438,568900,0.0
2015-06-26,104.6500015258789,105.13999938964844,103.94999694824219,104.43000030517578,84.0067138671875,1676000,0.0
2015-06-29,103.80999755859375,104.2699966430664,101.91000366210938,102.01000213623047,82.05997467041016,1331200,0.0
2015-06-30,102.69999694824219,102.75,101.6500015258789,101.95999908447266,82.01976776123047,2374400,0.0
2015-07-01,102.8499984741211,103.16000366210938,101.72000122070312,102.29000091552734,82.28520202636719,1932700,0.0
2015-07-02,101.7699966430664,101.93000030517578,100.77999877929688,101.11000061035156,81.78614044189453,1014300,0.563
2015-07-06,100.33999633789062,101.38999938964844,100.23999786376953,100.95999908447266,81.66481018066406,2107300,0.0
2015-07-07,100.94999694824219,101.13999938964844,99.26000213623047,100.94999694824219,81.65672302246094,2750500,0.0
2015-07-08,99.9800033569336,100.58000183105469,99.16000366210938,99.70999908447266,80.65372467041016,1292700,0.0
2015-07-09,100.69999694824219,101.05999755859375,99.73999786376953,99.86000061035156,80.77500915527344,1138700,0.0
2015-07-10,100.8499984741211,101.22000122070312,100.56999969482422,100.94999694824219,81.65672302246094,735800,0.0
2015-07-13,101.41000366210938,101.91999816894531,101.38999938964844,101.79000091552734,82.33617401123047,1682700,0.0
2015-07-14,101.66000366210938,102.45999908447266,101.62999725341797,102.30000305175781,82.74870300292969,1058000,0.0
2015-07-15,102.30000305175781,102.38999938964844,101.54000091552734,101.70999908447266,82.27145385742188,1037400,0.0
2015-07-16,102.11000061035156,102.58999633789062,101.9000015258789,102.06999969482422,82.56269073486328,1121400,0.0
2015-07-17,102.08000183105469,102.08000183105469,101.12999725341797,101.33999633789062,81.97218322753906,1546100,0.0
2015-07-20,101.2699966430664,101.2699966430664,100.38999938964844,100.61000061035156,81.38169860839844,1046600,0.0
2015-07-21,100.5999984741211,101.38999938964844,100.05999755859375,100.26000213623047,81.09857940673828,749800,0.0
2015-07-22,99.87000274658203,100.5199966430664,99.83999633789062,100.38999938964844,81.20374298095703,905900,0.0
2015-07-23,100.44999694824219,100.5199966430664,98.79000091552734,99.05999755859375,80.12791442871094,926500,0.0
2015-07-24,98.98999786376953,99.1500015258789,97.58000183105469,97.62000274658203,78.96317291259766,1904500,0.0
2015-07-27,97.37000274658203,97.58000183105469,96.81999969482422,97.02999877929688,78.48589324951172,1132000,0.0
2015-07-28,97.41000366210938,97.86000061035156,96.2300033569336,97.66999816894531,79.00358581542969,788400,0.0
2015-07-29,97.66999816894531,98.55000305175781,97.23999786376953,98.23999786376953,79.4646224975586,1385400,0.0
2015-07-30,97.93000030517578,98.62000274658203,97.66999816894531,98.37999725341797,79.57789611816406,349700,0.0
2015-07-31,98.4800033569336,99.16000366210938,98.23999786376953,98.5199966430664,79.69114685058594,1571300,0.0
2015-08-03,98.55999755859375,98.62000274658203,97.51000213623047,98.06999969482422,79.3271484375,628800,0.0
2015-08-04,98.0199966430664,98.55000305175781,97.44999694824219,97.70999908447266,79.03593444824219,740900,0.0
2015-08-05,98.18000030517578,98.80000305175781,97.33000183105469,97.69999694824219,79.0278549194336,1973800,0.0
2015-08-06,97.69999694824219,97.91999816894531,96.33000183105469,97.16000366210938,78.5910415649414,927800,0.0
2015-08-07,96.77999877929688,97.2300033569336,96.12999725341797,96.51000213623047,78.0653076171875,1007200,0.0
2015-08-10,96.86000061035156,97.83000183105469,96.86000061035156,97.7300033569336,79.05211639404297,694500,0.0
2015-08-11,97.04000091552734,97.5199966430664,96.75,97.2300033569336,78.6476821899414,706900,0.0
2015-08-12,96.58000183105469,97.11000061035156,95.58999633789062,96.91999816894531,78.39693450927734,937900,0.0
2015-08-13,96.87000274658203,97.19000244140625,96.37000274658203,96.58000183105469,78.12189483642578,869500,0.0
2015-08-14,96.5,97.54000091552734,96.5,97.4800033569336,78.84989929199219,918400,0.0
2015-08-17,97.25,98.29000091552734,96.83000183105469,98.05999755859375,79.31905364990234,344000,0.0
2015-08-18,98.06999969482422,98.06999969482422,97.29000091552734,97.52999877929688,78.89036560058594,462300,0.0
2015-08-19,97.0999984741211,97.30999755859375,96.02999877929688,96.51000213623047,78.0653076171875,724400,0.0
2015-08-20,95.86000061035156,95.88999938964844,94.66999816894531,94.66999816894531,76.57691955566406,795800,0.0
2015-08-21,93.87000274658203,94.8499984741211,93.27999877929688,93.76000213623047,75.8408432006836,2263600,0.0
2015-08-24,89.0999984741211,92.9800033569336,85.43000030517578,90.16000366210938,72.92889404296875,3330100,0.0
2015-08-25,93.01000213623047,93.01000213623047,88.91000366210938,88.94999694824219,71.95011138916016,2251000,0.0
2015-08-26,90.5199966430664,91.2300033569336,89.04000091552734,91.06999969482422,73.66497039794922,2436200,0.0
2015-08-27,91.83999633789062,93.2699966430664,90.98999786376953,92.70999908447266,74.9915542602539,2334800,0.0
2015-08-28,92.45999908447266,93.70999908447266,92.44999694824219,93.5,75.63053894042969,1515200,0.0
2015-08-31,93.16999816894531,93.98999786376953,92.83999633789062,93.69999694824219,75.79230499267578,1561500,0.0
2015-09-01,92.7699966430664,92.7699966430664,90.76000213623047,91.11000061035156,73.69731140136719,1902100,0.0
2015-09-02,92.08999633789062,92.29000091552734,91.05000305175781,92.29000091552734,74.65180969238281,1361000,0.0
2015-09-03,92.22000122070312,93.36000061035156,92.22000122070312,92.43000030517578,74.7650375366211,2191000,0.0
2015-09-04,91.5,92.08000183105469,91.13999938964844,91.4800033569336,73.9966049194336,1020900,0.0
2015-09-08,92.9000015258789,93.38999938964844,92.37999725341797,93.2300033569336,75.41217041015625,1038300,0.0
2015-09-09,93.87000274658203,94.05999755859375,92.27999877929688,92.38999938964844,74.7326889038086,1031300,0.0
2015-09-10,92.27999877929688,93.2699966430664,91.98999786376953,92.6500015258789,74.9429931640625,1394600,0.0
2015-09-11,92.18000030517578,92.91000366210938,91.81999969482422,92.9000015258789,75.14520263671875,970000,0.0
2015-09-14,93.05999755859375,93.0999984741211,92.25,92.5,74.82166290283203,800700,0.0
2015-09-15,92.72000122070312,93.69000244140625,92.55000305175781,93.54000091552734,75.66289520263672,836100,0.0
2015-09-16,93.58999633789062,94.63999938964844,93.51000213623047,94.58000183105469,76.5041275024414,608300,0.0
2015-09-17,94.4800033569336,95.80000305175781,94.16000366210938,94.43000030517578,76.3828125,1357700,0.0
2015-09-18,93.31999969482422,93.79000091552734,92.7300033569336,92.9800033569336,75.20993041992188,1259500,0.0
2015-09-21,93.5199966430664,94.33999633789062,93.26000213623047,93.4800033569336,75.61437225341797,1579100,0.0
2015-09-22,92.55999755859375,92.94999694824219,91.77999877929688,92.19999694824219,74.57896423339844,1168900,0.0
2015-09-23,92.33999633789062,92.69999694824219,91.66000366210938,91.94000244140625,74.3686752319336,977800,0.0
2015-09-24,91.41000366210938,92.2699966430664,91.06999969482422,92.06999969482422,74.47380828857422,1152200,0.0
2015-09-25,92.48999786376953,92.48999786376953,91.05000305175781,91.27999877929688,74.10768127441406,1509800,0.339
2015-09-28,90.88999938964844,91.06999969482422,89.41999816894531,89.5199966430664,72.67878723144531,1740700,0.0
2015-09-29,89.62000274658203,89.94999694824219,88.9000015258789,89.19999694824219,72.41898345947266,2107200,0.0
2015-09-30,89.88999938964844,90.27999877929688,89.31999969482422,90.0999984741211,73.14966583251953,1521200,0.0
2015-10-01,90.06999969482422,90.52999877929688,88.88999938964844,89.9000015258789,72.98729705810547,832200,0.0
2015-10-02,89.16000366210938,90.81999969482422,88.3499984741211,90.81999969482422,73.73418426513672,847200,0.0
2015-10-05,91.45999908447266,93.44000244140625,91.43000030517578,93.29000091552734,75.73954772949219,1445900,0.0
2015-10-06,93.30999755859375,94.08000183105469,92.95999908447266,93.31999969482422,75.76390075683594,1647700,0.0
2015-10-07,93.76000213623047,94.93000030517578,93.55000305175781,94.8499984741211,77.00607299804688,1681600,0.0
2015-10-08,94.69000244140625,96.33999633789062,94.63999938964844,96.2300033569336,78.12644958496094,899200,0.0
2015-10-09,96.37000274658203,96.63999938964844,95.83000183105469,96.05999755859375,77.98841857910156,777500,0.0
2015-10-12,95.9800033569336,96.16000366210938,95.68000030517578,95.9800033569336,77.92350006103516,521600,0.0
2015-10-13,95.58000183105469,96.56999969482422,94.9800033569336,95.0199966430664,77.14408874511719,1031400,0.0
2015-10-14,94.95999908447266,95.51000213623047,93.98999786376953,94.0999984741211,76.39717102050781,1123100,0.0
2015-10-15,94.37999725341797,95.9000015258789,93.66999816894531,95.9000015258789,77.85852813720703,1060100,0.0
2015-10-16,96.01000213623047,96.12000274658203,94.97000122070312,95.63999938964844,77.64741516113281,1224700,0.0
2015-10-19,95.19999694824219,95.93000030517578,95.02999877929688,95.69000244140625,77.68804931640625,926000,0.0
2015-10-20,95.66000366210938,96.56999969482422,95.5199966430664,96.2300033569336,78.12644958496094,647700,0.0
2015-10-21,96.5199966430664,96.5199966430664,94.7300033569336,94.80999755859375,76.9736099243164,923700,0.0
2015-10-22,95.22000122070312,96.29000091552734,95.1500015258789,95.70999908447266,77.70429229736328,1417600,0.0
2015-10-23,96.37999725341797,96.5,95.41000366210938,96.22000122070312,78.11833190917969,904900,0.0
2015-10-26,96.06999969482422,96.30999755859375,95.48999786376953,95.58999633789062,77.6068344116211,639200,0.0
2015-10-27,95.20999908447266,95.27999877929688,93.73999786376953,94.13999938964844,76.42962646484375,1114900,0.0
2015-10-28,94.33999633789062,96.63999938964844,94.33000183105469,96.63999938964844,78.45932006835938,2412100,0.0
2015-10-29,96.3499984741211,96.66000366210938,95.66999816894531,95.83999633789062,77.80980682373047,904500,0.0
2015-10-30,95.6500015258789,95.77999877929688,94.9000015258789,95.06999969482422,77.1846694946289,2036000,0.0
2015-11-02,95.02999877929688,97.05999755859375,95.02999877929688,96.79000091552734,78.58108520507812,1795800,0.0
2015-11-03,96.79000091552734,97.87999725341797,96.7300033569336,97.30999755859375,79.00325775146484,937400,0.0
2015-11-04,97.38999938964844,97.80000305175781,96.77999877929688,97.16000366210938,78.88148498535156,2112500,0.0
2015-11-05,97.13999938964844,97.69000244140625,96.52999877929688,97.47000122070312,79.1331558227539,1146400,0.0
2015-11-06,97.19000244140625,98.06999969482422,96.6500015258789,97.9800033569336,79.54723358154297,631400,0.0
2015-11-09,97.94999694824219,98.05999755859375,96.37999725341797,96.72000122070312,78.52426147460938,1122000,0.0
2015-11-10,96.47000122070312,97.16000366210938,96.31999969482422,97.12000274658203,78.84900665283203,805400,0.0
2015-11-11,97.2699966430664,97.2699966430664,96.26000213623047,96.41000366210938,78.2725830078125,1005700,0.0
2015-11-12,95.72000122070312,95.86000061035156,94.36000061035156,94.55999755859375,76.77062225341797,2186300,0.0
2015-11-13,94.23999786376953,94.9000015258789,93.52999877929688,93.86000061035156,76.20231628417969,1625300,0.0
2015-11-16,93.80000305175781,94.98999786376953,93.58000183105469,94.9000015258789,77.04669189453125,1450700,0.0
2015-11-17,95.01000213623047,95.66000366210938,94.29000091552734,94.31999969482422,76.57576751708984,1377500,0.0
2015-11-18,94.55999755859375,95.83999633789062,94.30000305175781,95.75,77.73674774169922,824400,0.0
2015-11-19,95.6500015258789,95.8499984741211,95.29000091552734,95.55000305175781,77.57439422607422,1017300,0.0
2015-11-20,95.81999969482422,96.55999755859375,95.7699966430664,96.08000183105469,78.00469207763672,1447000,0.0
2015-11-23,95.95999908447266,96.88999938964844,95.9000015258789,96.5199966430664,78.36190795898438,1332000,0.0
2015-11-24,96.11000061035156,97.37999725341797,95.91000366210938,97.26000213623047,78.96268463134766,1049000,0.0
2015-11-25,97.18000030517578,97.80000305175781,96.94000244140625,97.72000122070312,79.33612823486328,744300,0.0
2015-11-27,97.69999694824219,98.20999908447266,97.44999694824219,98.0199966430664,79.57970428466797,215300,0.0
2015-11-30,98.27999877929688,98.55000305175781,97.80999755859375,97.88999938964844,79.47415161132812,1037600,0.0
2015-12-01,98.33999633789062,98.66000366210938,97.80999755859375,98.45999908447266,79.9369125366211,1813500,0.0
2015-12-02,98.41000366210938,98.45999908447266,96.93000030517578,97.05000305175781,78.79219818115234,1295800,0.0
2015-12-03,97.26000213623047,97.69000244140625,95.45999908447266,95.72000122070312,77.71238708496094,1407400,0.0
2015-12-04,95.61000061035156,96.66000366210938,95.47000122070312,96.47000122070312,78.32130432128906,1253800,0.0
2015-12-07,96.38999938964844,96.38999938964844,94.5199966430664,94.91000366210938,77.0547866821289,1052300,0.0
2015-12-08,94.05999755859375,94.69999694824219,93.55000305175781,94.0,76.31599426269531,1868100,0.0
2015-12-09,93.83999633789062,94.86000061035156,92.83000183105469,93.20999908447266,75.67459106445312,1481400,0.0
2015-12-10,93.2300033569336,93.88999938964844,92.94000244140625,93.36000061035156,75.79637908935547,1197500,0.0
2015-12-11,92.41999816894531,92.5999984741211,91.16999816894531,91.47000122070312,74.26195526123047,1154700,0.0
2015-12-14,91.38999938964844,91.88999938964844,90.3499984741211,90.9000015258789,73.79917907714844,2047600,0.0
2015-12-15,91.5199966430664,92.44999694824219,91.2300033569336,92.27999877929688,74.9195556640625,1526500,0.0
2015-12-16,92.9000015258789,93.7300033569336,92.19999694824219,93.56999969482422,75.96685791015625,1602300,0.0
2015-12-17,93.91999816894531,93.91999816894531,92.4000015258789,92.5999984741211,75.17933654785156,1281000,0.0
2015-12-18,92.30000305175781,92.38999938964844,91.01000213623047,91.22000122070312,74.0589599609375,1868300,0.0
2015-12-21,91.7699966430664,92.12999725341797,91.12999725341797,91.7300033569336,74.47306060791016,1461100,0.0
2015-12-22,91.97000122070312,92.95999908447266,91.37000274658203,92.86000061035156,75.39043426513672,1248700,0.0
2015-12-23,93.3499984741211,94.25,93.18000030517578,94.18000030517578,76.46211242675781,1215700,0.0
2015-12-24,93.56999969482422,94.16999816894531,93.33999633789062,93.66000366210938,76.57000732421875,631800,0.652
2015-12-28,93.29000091552734,93.4000015258789,92.37999725341797,93.2300033569336,76.21849822998047,1611200,0.0
2015-12-29,93.70999908447266,94.19999694824219,93.2300033569336,94.13999938964844,76.96243286132812,1228000,0.0
2015-12-30,94.11000061035156,94.19999694824219,93.18000030517578,93.19000244140625,76.18577575683594,887700,0.0
2015-12-31,92.83999633789062,93.18000030517578,91.94000244140625,91.94000244140625,75.16385650634766,1972200,0.0
2016-01-04,90.55000305175781,90.7300033569336,89.36000061035156,90.12999725341797,73.68413543701172,2540600,0.0
2016-01-05,90.41000366210938,90.62000274658203,89.75,90.54000091552734,74.01936340332031,2053100,0.0
2016-01-06,89.27999877929688,90.0999984741211,89.08000183105469,89.4800033569336,73.1527328491211,1570400,0.0
2016-01-07,87.93000030517578,88.5199966430664,87.05000305175781,87.0999984741211,71.20701599121094,2393200,0.0
2016-01-08,87.4000015258789,87.6500015258789,85.56999969482422,85.69000244140625,70.0543212890625,2122700,0.0
2016-01-11,86.02999877929688,86.41999816894531,84.97000122070312,85.66000366210938,70.02978515625,2628500,0.0
2016-01-12,86.26000213623047,86.44000244140625,84.18000030517578,85.43000030517578,69.84173583984375,2282600,0.0
2016-01-13,85.80000305175781,85.91999816894531,82.44999694824219,83.0199966430664,67.87149047851562,3066100,0.0
2016-01-14,83.33000183105469,84.68000030517578,82.41000366210938,83.94000244140625,68.62364959716797,3364300,0.0
2016-01-15,82.0,82.69000244140625,80.58999633789062,82.5199966430664,67.46269989013672,2399200,0.0
2016-01-19,83.30999755859375,83.33999633789062,80.94000244140625,81.66999816894531,66.76781463623047,2866800,0.0
2016-01-20,80.54000091552734,82.4000015258789,78.55999755859375,81.56999969482422,66.68603515625,3976500,0.0
2016-01-21,81.7300033569336,82.98999786376953,81.11000061035156,81.55000305175781,66.6697006225586,2883600,0.0
2016-01-22,82.94999694824219,83.54000091552734,82.45999908447266,83.37999725341797,68.16577911376953,4852200,0.0
2016-01-25,82.93000030517578,83.08000183105469,81.19000244140625,81.33999633789062,66.49803924560547,3456700,0.0
2016-01-26,81.69999694824219,83.61000061035156,81.66999816894531,83.44000244140625,68.2148666381836,2303800,0.0
2016-01-27,83.0999984741211,84.08999633789062,82.2300033569336,82.77999877929688,67.67529296875,2653100,0.0
2016-01-28,83.4000015258789,84.0999984741211,82.97000122070312,83.33999633789062,68.13308715820312,4324700,0.0
2016-01-29,83.68000030517578,85.9800033569336,83.54000091552734,85.91999816894531,70.24232482910156,2892700,0.0
2016-02-01,85.30999755859375,85.86000061035156,84.62999725341797,85.37999725341797,69.80084991455078,2191700,0.0
2016-02-02,84.44000244140625,84.66999816894531,83.33000183105469,83.68000030517578,68.41105651855469,1880900,0.0
2016-02-03,84.30999755859375,84.3499984741211,82.2300033569336,84.05000305175781,68.71355438232422,3090200,0.0
2016-02-04,83.72000122070312,85.33000183105469,83.6500015258789,84.33999633789062,68.95064544677734,2282500,0.0
2016-02-05,83.98999786376953,84.2300033569336,82.7699966430664,82.77999877929688,67.67529296875,2580500,0.0
2016-02-08,81.95999908447266,82.3499984741211,80.91000366210938,82.12999725341797,67.14388275146484,2316700,0.0
2016-02-09,81.01000213623047,82.25,80.88999938964844,81.48999786376953,66.62067413330078,2960800,0.0
2016-02-10,82.0,83.0199966430664,81.3499984741211,81.43000030517578,66.57162475585938,1713300,0.0
2016-02-11,80.01000213623047,80.76000213623047,79.44999694824219,80.25,65.6069107055664,2923000,0.0
2016-02-12,81.05000305175781,81.95999908447266,80.83999633789062,81.83999633789062,66.90679931640625,1631200,0.0
2016-02-16,82.77999877929688,83.6500015258789,82.22000122070312,83.48999786376953,68.25572204589844,2048000,0.0
2016-02-17,84.05000305175781,85.18000030517578,83.9000015258789,84.4000015258789,68.99967956542969,1250700,0.0
2016-02-18,84.52999877929688,84.63999938964844,83.91000366210938,84.29000091552734,68.90975189208984,1391200,0.0
2016-02-19,83.91999816894531,84.7300033569336,83.87000274658203,84.52999877929688,69.10595703125,1491400,0.0
2016-02-22,85.19999694824219,85.75,85.16000366210938,85.43000030517578,69.84173583984375,976300,0.0
2016-02-23,85.13999938964844,85.38999938964844,84.63999938964844,84.68000030517578,69.22860717773438,995500,0.0
2016-02-24,83.87000274658203,85.45999908447266,83.43000030517578,85.2699966430664,69.71094512939453,1661100,0.0
2016-02-25,85.48999786376953,86.30000305175781,85.22000122070312,86.27999877929688,70.53663635253906,1503500,0.0
2016-02-26,86.6500015258789,87.08000183105469,86.2300033569336,86.58999633789062,70.79007720947266,2103700,0.0
2016-02-29,86.58999633789062,87.45999908447266,86.43000030517578,86.44000244140625,70.6674575805664,1205700,0.0
2016-03-01,87.18000030517578,88.1500015258789,86.81999969482422,88.1500015258789,72.0654296875,1161300,0.0
2016-03-02,88.05000305175781,89.19999694824219,87.88999938964844,89.19999694824219,72.923828125,878200,0.0
2016-03-03,89.25,90.30000305175781,89.12999725341797,90.30000305175781,73.82313537597656,1088500,0.0
2016-03-04,90.2699966430664,91.19999694824219,90.05999755859375,90.77999877929688,74.21553039550781,1385100,0.0
2016-03-07,90.5199966430664,91.9000015258789,90.4800033569336,91.9000015258789,75.13117980957031,1776100,0.0
2016-03-08,91.38999938964844,91.38999938964844,89.69999694824219,89.76000213623047,73.38166046142578,1817900,0.0
2016-03-09,90.08999633789062,90.4800033569336,89.7300033569336,90.26000213623047,73.7904281616211,1082200,0.0
2016-03-10,90.62000274658203,90.7699966430664,88.83000183105469,89.81999969482422,73.43071746826172,1634100,0.0
2016-03-11,90.52999877929688,91.72000122070312,90.44999694824219,91.62000274658203,74.90226745605469,1070500,0.0
2016-03-14,91.3499984741211,91.48999786376953,90.73999786376953,91.16999816894531,74.53435516357422,999600,0.0
2016-03-15,90.62999725341797,90.69000244140625,89.94999694824219,90.0999984741211,73.65959167480469,859400,0.0
2016-03-16,89.73999786376953,91.0999984741211,89.72000122070312,90.80000305175781,74.23188781738281,1586300,0.0
2016-03-17,90.68000030517578,92.80999755859375,90.3499984741211,92.44999694824219,75.58080291748047,1501700,0.0
2016-03-18,92.69999694824219,93.4800033569336,92.69999694824219,93.12000274658203,76.1285629272461,1647500,0.0
2016-03-21,92.9800033569336,93.2300033569336,92.43000030517578,92.75,75.82608032226562,1669100,0.0
2016-03-22,92.27999877929688,92.8499984741211,91.94000244140625,92.4800033569336,75.6053466796875,913100,0.0
2016-03-23,91.76000213623047,91.88999938964844,90.4000015258789,90.44000244140625,74.25634002685547,1476100,0.397
2016-03-24,89.95999908447266,90.79000091552734,89.54000091552734,90.7300033569336,74.49445343017578,1565100,0.0
2016-03-28,91.0,91.20999908447266,90.23999786376953,90.9000015258789,74.634033203125,1010100,0.0
2016-03-29,90.68000030517578,93.0999984741211,90.33999633789062,93.0999984741211,76.44035339355469,1547300,0.0
2016-03-30,93.43000030517578,93.63999938964844,92.95999908447266,93.16999816894531,76.49781799316406,2801400,0.0
2016-03-31,93.31999969482422,93.52999877929688,93.01000213623047,93.18000030517578,76.50604248046875,1419600,0.0
2016-04-01,92.37000274658203,93.38999938964844,92.11000061035156,93.30999755859375,76.61277770996094,1390700,0.0
2016-04-04,93.19000244140625,93.33999633789062,92.25,92.31999969482422,75.79991149902344,1854400,0.0
2016-04-05,91.69999694824219,91.94999694824219,91.19000244140625,91.2300033569336,74.90496826171875,1900500,0.0
2016-04-06,91.19999694824219,91.9000015258789,90.80000305175781,91.80999755859375,75.38117980957031,1967800,0.0
2016-04-07,91.30000305175781,91.56999969482422,90.11000061035156,90.58000183105469,74.37129211425781,1718300,0.0
2016-04-08,91.27999877929688,91.95999908447266,90.87999725341797,91.2300033569336,74.90496826171875,991700,0.0
2016-04-11,91.70999908447266,92.56999969482422,91.30000305175781,91.37000274658203,75.01992797851562,1566600,0.0
2016-04-12,91.37999725341797,92.7300033569336,91.31999969482422,92.51000213623047,75.95592498779297,1485800,0.0
2016-04-13,92.9800033569336,94.30000305175781,92.87999725341797,94.19999694824219,77.343505859375,1360500,0.0
2016-04-14,94.20999908447266,94.63999938964844,93.86000061035156,94.19000244140625,77.33529663085938,1048800,0.0
2016-04-15,93.87000274658203,94.5199966430664,93.83999633789062,94.36000061035156,77.47489166259766,1870400,0.0
2016-04-18,93.98999786376953,94.9800033569336,93.79000091552734,94.9000015258789,77.91825103759766,1203000,0.0
2016-04-19,95.08999633789062,95.83999633789062,95.0199966430664,95.45999908447266,78.37804412841797,1644400,0.0
2016-04-20,95.36000061035156,95.91999816894531,95.02999877929688,95.45999908447266,78.37804412841797,1168300,0.0
2016-04-21,95.44000244140625,95.66999816894531,94.4000015258789,94.58000183105469,77.65553283691406,1323600,0.0
2016-04-22,94.63999938964844,95.68000030517578,94.63999938964844,95.55999755859375,78.46014404296875,1682700,0.0
2016-04-25,95.38999938964844,95.44999694824219,94.48999786376953,95.0,78.00035095214844,1299500,0.0
2016-04-26,95.31999969482422,96.29000091552734,95.19999694824219,96.20999908447266,78.99383544921875,1456200,0.0
2016-04-27,96.2300033569336,96.80999755859375,96.0,96.69000244140625,79.38793182373047,1368500,0.0
2016-04-28,96.2699966430664,96.86000061035156,95.55999755859375,95.77999877929688,78.64077758789062,1736600,0.0
2016-04-29,95.51000213623047,95.97000122070312,94.48999786376953,95.16999816894531,78.13993072509766,2891300,0.0
2016-05-02,95.55000305175781,96.02999877929688,94.93000030517578,96.01000213623047,78.82964324951172,1636200,0.0
2016-05-03,95.25,95.26000213623047,93.80999755859375,94.54000091552734,77.62267303466797,1758900,0.0
2016-05-04,94.0199966430664,95.02999877929688,93.81999969482422,94.18000030517578,77.32709503173828,2166000,0.0
2016-05-05,94.55999755859375,94.87000274658203,93.72000122070312,93.81999969482422,77.0315170288086,2328100,0.0
2016-05-06,93.52999877929688,94.62000274658203,93.5,94.5999984741211,77.67195129394531,1417400,0.0
2016-05-09,94.7300033569336,94.94999694824219,93.94000244140625,94.44999694824219,77.54875946044922,1239000,0.0
2016-05-10,94.83000183105469,95.66999816894531,94.5999984741211,95.47000122070312,78.3862533569336,902700,0.0
2016-05-11,95.41000366210938,95.47000122070312,94.55999755859375,94.58999633789062,77.6637191772461,1093900,0.0
2016-05-12,94.83999633789062,95.13999938964844,93.61000061035156,94.30000305175781,77.42561340332031,1111100,0.0
2016-05-13,94.05000305175781,94.5,93.26000213623047,93.5,76.76876068115234,1632200,0.0
2016-05-16,93.72000122070312,94.91000366210938,93.62999725341797,94.55000305175781,77.6308822631836,1129600,0.0
2016-05-17,94.2699966430664,94.80999755859375,92.54000091552734,92.98999786376953,76.35001373291016,1907500,0.0
2016-05-18,92.69999694824219,94.12999725341797,92.5999984741211,93.36000061035156,76.6538314819336,1719100,0.0
2016-05-19,92.76000213623047,93.16000366210938,91.81999969482422,92.55999755859375,75.99698638916016,1374400,0.0
2016-05-20,92.9800033569336,93.97000122070312,92.79000091552734,93.97000122070312,77.15467834472656,1947300,0.0
2016-05-23,93.93000030517578,94.2300033569336,93.5199966430664,93.73999786376953,76.96582794189453,1442100,0.0
2016-05-24,94.33999633789062,95.72000122070312,94.11000061035156,95.48999786376953,78.40267944335938,1543500,0.0
2016-05-25,95.76000213623047,96.33000183105469,95.52999877929688,96.06999969482422,78.8788833618164,2610400,0.0
2016-05-26,96.30000305175781,96.41999816894531,95.79000091552734,95.91999816894531,78.7557373046875,1912500,0.0
2016-05-27,96.0199966430664,96.7699966430664,95.91000366210938,96.7699966430664,79.45364379882812,1235100,0.0
2016-05-31,96.94000244140625,97.38999938964844,96.52999877929688,96.87000274658203,79.53572082519531,1253700,0.0
2016-06-01,96.61000061035156,97.58999633789062,96.30000305175781,97.48999786376953,80.04483032226562,1572400,0.0
2016-06-02,97.25,97.93000030517578,96.94999694824219,97.9000015258789,80.38143920898438,1452100,0.0
2016-06-03,97.75,97.76000213623047,96.66000366210938,97.4800033569336,80.03658294677734,1806600,0.0
2016-06-06,97.62999725341797,98.80999755859375,97.5199966430664,98.44999694824219,80.83300018310547,802400,0.0
2016-06-07,98.5199966430664,99.16000366210938,98.37999725341797,98.77999877929688,81.10396575927734,956400,0.0
2016-06-08,98.87000274658203,99.77999877929688,98.76000213623047,99.66000366210938,81.82649993896484,1118700,0.0
2016-06-09,99.16000366210938,99.31999969482422,98.52999877929688,99.12999725341797,81.3913345336914,989200,0.0
2016-06-10,98.38999938964844,98.69000244140625,97.70999908447266,97.9800033569336,80.44708251953125,1217300,0.0
2016-06-13,97.61000061035156,98.1500015258789,96.81999969482422,97.0,79.64244842529297,1280200,0.0
2016-06-14,96.69000244140625,97.20999908447266,96.06999969482422,96.54000091552734,79.26478576660156,1005200,0.0
2016-06-15,96.81999969482422,97.45999908447266,96.52999877929688,96.52999877929688,79.25656127929688,1673300,0.0
2016-06-16,96.0,96.55999755859375,95.2300033569336,96.54000091552734,79.26478576660156,1598600,0.0
2016-06-17,96.62999725341797,97.20999908447266,96.1500015258789,96.66000366210938,79.36331176757812,2480800,0.0
2016-06-20,97.91999816894531,98.44000244140625,97.52999877929688,97.52999877929688,80.07763671875,978900,0.0
2016-06-21,97.62000274658203,97.86000061035156,96.93000030517578,97.55999755859375,80.10224914550781,1303500,0.0
2016-06-22,97.77999877929688,98.12000274658203,97.02999877929688,97.06999969482422,79.69992065429688,1730600,0.0
2016-06-23,98.11000061035156,99.0,97.97000122070312,98.95999908447266,81.25175476074219,754700,0.0
2016-06-24,95.19999694824219,96.72000122070312,94.87000274658203,95.33999633789062,78.27952575683594,4518500,0.0
2016-06-27,94.1500015258789,94.16000366210938,91.66000366210938,92.06999969482422,75.59466552734375,4583400,0.0
2016-06-28,92.97000122070312,93.79000091552734,92.77999877929688,93.37000274658203,76.66204833984375,2711700,0.0
2016-06-29,94.51000213623047,95.5999984741211,94.31999969482422,95.41999816894531,78.34520721435547,2062000,0.0
2016-06-30,95.72000122070312,97.33000183105469,95.19000244140625,97.29000091552734,79.88057708740234,2565200,0.0
2016-07-01,97.30000305175781,98.05999755859375,97.11000061035156,97.63999938964844,80.16793823242188,1983200,0.0
2016-07-05,97.19000244140625,97.4800033569336,95.44999694824219,95.9800033569336,78.80497741699219,1993900,0.0
2016-07-06,94.98999786376953,96.05999755859375,94.62999725341797,96.0,79.30725860595703,2334300,0.588
2016-07-07,96.23999786376953,96.87999725341797,95.43000030517578,95.97000122070312,79.28250122070312,2189300,0.0
2016-07-08,97.05000305175781,98.47000122070312,96.87999725341797,98.26000213623047,81.17430877685547,1844500,0.0
2016-07-11,98.97000122070312,99.70999908447266,98.66999816894531,99.4800033569336,82.18218231201172,2053900,0.0
2016-07-12,100.19000244140625,101.66000366210938,100.0,101.1500015258789,83.56178283691406,2563100,0.0
2016-07-13,101.5,101.6500015258789,100.41999816894531,100.87999725341797,83.33873748779297,1255200,0.0
2016-07-14,101.66999816894531,101.87000274658203,101.0199966430664,101.05000305175781,83.47917175292969,1002100,0.0
2016-07-15,101.52999877929688,101.66000366210938,100.9800033569336,101.37000274658203,83.74351501464844,2868100,0.0
2016-07-18,101.27999877929688,101.87000274658203,101.0,101.56999969482422,83.90875244140625,1013000,0.0
2016-07-19,101.44000244140625,101.55000305175781,100.80000305175781,101.05000305175781,83.47917175292969,886500,0.0
2016-07-20,101.36000061035156,101.72000122070312,100.52999877929688,101.38999938964844,83.76004791259766,849000,0.0
2016-07-21,101.43000030517578,101.88999938964844,100.83000183105469,100.98999786376953,83.42961120605469,857600,0.0
2016-07-22,101.02999877929688,101.83000183105469,100.83000183105469,101.61000061035156,83.94180297851562,651900,0.0
2016-07-25,101.45999908447266,101.69000244140625,101.05999755859375,101.41999816894531,83.78485107421875,1576600,0.0
2016-07-26,101.41999816894531,102.08000183105469,101.2300033569336,102.0,84.26398468017578,2244800,0.0
2016-07-27,102.13999938964844,102.51000213623047,101.4000015258789,102.04000091552734,84.29702758789062,1221700,0.0
2016-07-28,101.77999877929688,101.94000244140625,101.30999755859375,101.62000274658203,83.95004272460938,930600,0.0
2016-07-29,101.5999984741211,102.41000366210938,101.08999633789062,101.87999725341797,84.16485595703125,1467700,0.0
2016-08-01,101.97000122070312,102.22000122070312,101.2300033569336,101.58000183105469,83.9170150756836,3783800,0.0
2016-08-02,101.58999633789062,101.73999786376953,100.12000274658203,100.29000091552734,82.85133361816406,2208800,0.0
2016-08-03,100.25,101.31999969482422,100.08999633789062,101.29000091552734,83.67743682861328,2070000,0.0
2016-08-04,101.18000030517578,101.8499984741211,101.05999755859375,101.30000305175781,83.68569946289062,1627200,0.0
2016-08-05,101.91999816894531,103.2699966430664,101.70999908447266,103.05999755859375,85.13967895507812,1318100,0.0
2016-08-08,103.1500015258789,103.55999755859375,103.01000213623047,103.12000274658203,85.1892318725586,1318100,0.0
2016-08-09,103.12999725341797,103.47000122070312,102.91000366210938,103.16999816894531,85.23053741455078,1168000,0.0
2016-08-10,103.16999816894531,103.31999969482422,102.27999877929688,102.48999786376953,84.66880798339844,1058500,0.0
2016-08-11,102.80000305175781,103.19000244140625,102.55999755859375,102.93000030517578,85.03227233886719,846000,0.0
2016-08-12,102.7699966430664,103.16999816894531,102.44999694824219,102.8499984741211,84.96619415283203,804900,0.0
2016-08-15,103.08000183105469,104.12999725341797,103.01000213623047,103.94999694824219,85.87490844726562,893300,0.0
2016-08-16,103.62000274658203,103.69000244140625,103.0999984741211,103.25,85.29661560058594,1868000,0.0
2016-08-17,103.27999877929688,103.27999877929688,102.47000122070312,103.0999984741211,85.17271423339844,1188800,0.0
2016-08-18,103.12999725341797,103.95999908447266,103.12999725341797,103.9000015258789,85.8335952758789,1010500,0.0
2016-08-19,103.75,103.91999816894531,103.33999633789062,103.86000061035156,85.80056762695312,875200,0.0
2016-08-22,103.70999908447266,104.08000183105469,103.2699966430664,104.01000213623047,85.92446899414062,1016200,0.0
2016-08-23,104.37999725341797,105.05999755859375,104.36000061035156,104.69999694824219,86.49449157714844,960500,0.0
2016-08-24,104.69999694824219,104.75,103.80000305175781,104.0,85.91622924804688,1241000,0.0
2016-08-25,103.68000030517578,104.54000091552734,103.54000091552734,104.37000274658203,86.22188568115234,922100,0.0
2016-08-26,104.54000091552734,105.25,103.41999816894531,104.01000213623047,85.92446899414062,2262400,0.0
2016-08-29,104.20999908447266,104.98999786376953,104.08999633789062,104.61000061035156,86.42015075683594,743200,0.0
2016-08-30,104.7699966430664,104.98999786376953,104.3499984741211,104.80999755859375,86.58538055419922,1090400,0.0
2016-08-31,104.62999725341797,104.8499984741211,103.7300033569336,104.3499984741211,86.2053451538086,1164300,0.0
2016-09-01,104.4800033569336,104.55000305175781,103.08000183105469,104.08000183105469,85.98229217529297,1519500,0.0
2016-09-02,104.56999969482422,105.22000122070312,104.45999908447266,105.22000122070312,86.924072265625,1237100,0.0
2016-09-06,105.4800033569336,105.48999786376953,104.56999969482422,105.12999725341797,86.8497314453125,1106000,0.0
2016-09-07,105.11000061035156,105.91999816894531,104.97000122070312,105.91000366210938,87.49412536621094,2019900,0.0
2016-09-08,105.80000305175781,105.94000244140625,105.37999725341797,105.75,87.3619155883789,994100,0.0
2016-09-09,105.05000305175781,105.06999969482422,102.51000213623047,102.5199966430664,84.69358825683594,2875900,0.0
2016-09-12,102.13999938964844,103.7699966430664,101.83000183105469,103.69999694824219,85.66838073730469,2053500,0.0
2016-09-13,102.94000244140625,103.16000366210938,101.16000366210938,101.66000366210938,83.98311614990234,2513500,0.0
2016-09-14,101.81999969482422,102.20999908447266,101.16000366210938,101.27999877929688,83.66918182373047,2298500,0.0
2016-09-15,101.4000015258789,102.5,101.2300033569336,102.41000366210938,84.60269165039062,1768000,0.0
2016-09-16,102.02999877929688,102.30000305175781,101.58999633789062,102.25,84.47051239013672,1353300,0.0
2016-09-19,102.6500015258789,103.58999633789062,102.33999633789062,102.95999908447266,85.05705261230469,1112500,0.0
2016-09-20,103.36000061035156,103.37000274658203,102.45999908447266,102.45999908447266,84.64398193359375,1292200,0.0
2016-09-21,102.7300033569336,104.0,102.5999984741211,103.93000030517578,85.85836029052734,2464600,0.0
2016-09-22,104.58000183105469,105.69999694824219,104.5199966430664,105.66000366210938,87.28759002685547,2396700,0.0
2016-09-23,105.45999908447266,105.76000213623047,104.95999908447266,104.95999908447266,86.70928955078125,2272300,0.0
2016-09-26,104.12999725341797,104.33999633789062,103.4000015258789,103.51000213623047,85.79998016357422,2379300,0.353
2016-09-27,103.30000305175781,103.87999725341797,103.12000274658203,103.69999694824219,85.95746612548828,1145000,0.0
2016-09-28,103.83000183105469,104.83999633789062,103.27999877929688,104.80999755859375,86.8775634765625,2942000,0.0
2016-09-29,104.79000091552734,104.93000030517578,103.41000366210938,103.58000183105469,85.85800170898438,2254700,0.0
2016-09-30,104.05000305175781,105.2300033569336,103.66000366210938,104.75,86.82784271240234,1839200,0.0
2016-10-03,104.3499984741211,104.61000061035156,103.79000091552734,104.2699966430664,86.42994689941406,1840400,0.0
2016-10-04,104.44999694824219,104.66999816894531,103.27999877929688,103.7300033569336,85.98233795166016,2272300,0.0
2016-10-05,104.18000030517578,105.04000091552734,104.13999938964844,104.55000305175781,86.66203308105469,2565200,0.0
2016-10-06,104.44999694824219,104.61000061035156,103.56999969482422,104.38999938964844,86.52940368652344,1057100,0.0
2016-10-07,104.52999877929688,104.93000030517578,103.08000183105469,103.5,85.79169464111328,1429900,0.0
2016-10-10,103.5,105.1500015258789,103.5,104.80000305175781,86.8692626953125,957100,0.0
2016-10-11,104.62999725341797,104.6500015258789,102.58000183105469,103.16999816894531,85.5181655883789,2047700,0.0
2016-10-12,103.26000213623047,103.81999969482422,102.86000061035156,103.36000061035156,85.67566680908203,1637300,0.0
2016-10-13,102.6500015258789,102.80000305175781,101.81999969482422,102.37000274658203,84.85501861572266,1760700,0.0
2016-10-14,102.81999969482422,103.2699966430664,102.1500015258789,102.19000244140625,84.70582580566406,2388700,0.0
2016-10-17,102.27999877929688,102.5999984741211,102.04000091552734,102.13999938964844,84.66439819335938,1409200,0.0
2016-10-18,103.12999725341797,103.27999877929688,102.41000366210938,102.77999877929688,85.19487762451172,694700,0.0
2016-10-19,103.02999877929688,103.9000015258789,102.58999633789062,103.48999786376953,85.78340148925781,1605800,0.0
2016-10-20,103.2300033569336,103.62999725341797,102.55999755859375,103.18000030517578,85.52645111083984,1170600,0.0
2016-10-21,102.33999633789062,103.26000213623047,102.25,102.98999786376953,85.36894226074219,902800,0.0
2016-10-24,103.72000122070312,104.36000061035156,103.30999755859375,103.7300033569336,85.98233795166016,1245400,0.0
2016-10-25,103.73999786376953,103.91000366210938,102.83000183105469,103.05999755859375,85.4269790649414,802700,0.0
2016-10-26,102.55000305175781,103.3499984741211,102.18000030517578,102.41000366210938,84.88819122314453,1834200,0.0
2016-10-27,102.72000122070312,102.72000122070312,101.22000122070312,101.41999816894531,84.06757354736328,1017400,0.0
2016-10-28,101.4800033569336,101.8499984741211,100.7300033569336,100.9800033569336,83.70286560058594,2110700,0.0
2016-10-31,101.0999984741211,101.62000274658203,100.86000061035156,101.4800033569336,84.1172866821289,1525000,0.0
2016-11-01,101.55999755859375,101.62000274658203,99.55999755859375,100.23999786376953,83.0894546508789,2705800,0.0
2016-11-02,100.12999725341797,100.18000030517578,98.8499984741211,99.06999969482422,82.11961364746094,1894200,0.0
2016-11-03,99.38999938964844,99.62999725341797,98.7300033569336,98.87000274658203,81.95384979248047,1808800,0.0
2016-11-04,98.87000274658203,100.19999694824219,98.87000274658203,99.37999725341797,82.3765869140625,1285900,0.0
2016-11-07,101.19999694824219,101.88999938964844,100.87999725341797,101.7300033569336,84.32453155517578,1416700,0.0
2016-11-08,101.43000030517578,102.38999938964844,101.0,101.91000366210938,84.47374725341797,1019500,0.0
2016-11-09,101.33000183105469,105.43000030517578,101.04000091552734,105.12999725341797,87.1427993774414,2690500,0.0
2016-11-10,106.52999877929688,107.86000061035156,105.5,107.12000274658203,88.79232025146484,2296200,0.0
2016-11-11,107.47000122070312,109.9800033569336,107.12000274658203,109.72000122070312,90.94747924804688,4043700,0.0
2016-11-14,111.06999969482422,112.4800033569336,110.79000091552734,111.5,92.42294311523438,3761200,0.0
2016-11-15,111.29000091552734,112.20999908447266,110.66000366210938,111.91000366210938,92.76280212402344,1866800,0.0
2016-11-16,111.6500015258789,112.29000091552734,111.36000061035156,112.02999877929688,92.86224365234375,1439000,0.0
2016-11-17,112.4800033569336,113.1500015258789,112.13999938964844,112.54000091552734,93.28498840332031,1322100,0.0
2016-11-18,112.87000274658203,113.30999755859375,112.5199966430664,113.16000366210938,93.79891967773438,2530200,0.0
2016-11-21,113.52999877929688,114.02999877929688,112.91999816894531,113.77999877929688,94.31282806396484,1565800,0.0
2016-11-22,114.19999694824219,115.30000305175781,113.97000122070312,115.16999816894531,95.46503448486328,1761200,0.0
2016-11-23,115.12999725341797,115.87000274658203,114.66999816894531,115.81999969482422,96.00379180908203,1598600,0.0
2016-11-25,116.01000213623047,116.18000030517578,115.7699966430664,116.18000030517578,96.30220794677734,755700,0.0
2016-11-28,116.05999755859375,116.19999694824219,114.68000030517578,114.88999938964844,95.23291015625,1841900,0.0
2016-11-29,114.87000274658203,115.4800033569336,114.62999725341797,114.8499984741211,95.19976043701172,2355800,0.0
2016-11-30,115.5999984741211,115.95999908447266,114.73999786376953,114.83999633789062,95.19148254394531,2986000,0.0
2016-12-01,115.36000061035156,115.81999969482422,114.41000366210938,114.93000030517578,95.26607513427734,1786100,0.0
2016-12-02,114.86000061035156,115.44000244140625,114.62999725341797,114.81999969482422,95.17488861083984,1983800,0.0
2016-12-05,115.83000183105469,117.04000091552734,115.66999816894531,116.95999908447266,96.94877624511719,1980300,0.0
2016-12-06,117.18000030517578,118.4800033569336,116.62000274658203,118.22000122070312,97.9931640625,1419100,0.0
2016-12-07,118.22000122070312,119.79000091552734,118.12999725341797,119.58000183105469,99.1204833984375,2156500,0.0
2016-12-08,119.68000030517578,121.79000091552734,119.55000305175781,121.55000305175781,100.75342559814453,2632000,0.0
2016-12-09,121.9000015258789,122.16999816894531,121.37000274658203,121.97000122070312,101.1015853881836,1369700,0.0
2016-12-12,121.87000274658203,122.47000122070312,120.41999816894531,120.66000366210938,100.01570892333984,2273500,0.0
2016-12-13,121.1500015258789,121.5999984741211,119.83000183105469,120.66000366210938,100.01570892333984,1692800,0.0
2016-12-14,120.30999755859375,120.94000244140625,118.72000122070312,118.88999938964844,98.5485610961914,2150600,0.0
2016-12-15,119.1500015258789,120.73999786376953,118.7300033569336,119.88999938964844,99.37745666503906,1711600,0.0
2016-12-16,119.83999633789062,121.08000183105469,119.38999938964844,119.61000061035156,99.14535522460938,1103300,0.0
2016-12-19,119.73999786376953,120.66000366210938,119.5,120.52999877929688,99.90796661376953,1172900,0.0
2016-12-20,120.86000061035156,121.93000030517578,120.70999908447266,121.7699966430664,100.93577575683594,1323000,0.0
2016-12-21,121.8499984741211,121.88999938964844,121.05999755859375,121.05999755859375,100.34725952148438,1730100,0.0
2016-12-22,120.4800033569336,120.63999938964844,119.01000213623047,119.5199966430664,99.67594146728516,1609100,0.735
2016-12-23,119.61000061035156,119.94999694824219,119.36000061035156,119.87999725341797,99.97615814208984,828500,0.0
2016-12-27,120.11000061035156,120.8499984741211,120.01000213623047,120.41000366210938,100.41813659667969,1996000,0.0
2016-12-28,120.66999816894531,120.68000030517578,118.95999908447266,119.30000305175781,99.4924545288086,1881300,0.0
2016-12-29,119.4800033569336,120.22000122070312,118.77999877929688,119.41000366210938,99.5842056274414,1524900,0.0
2016-12-30,119.61000061035156,119.61000061035156,118.58999633789062,118.94000244140625,99.19222259521484,2108200,0.0
2017-01-03,120.38999938964844,120.73999786376953,118.7699966430664,119.68000030517578,99.80933380126953,3150100,0.0
2017-01-04,120.26000213623047,121.69000244140625,120.08000183105469,121.56999969482422,101.38556671142578,1409700,0.0
2017-01-05,121.3499984741211,121.5199966430664,119.30000305175781,119.73999786376953,99.8593978881836,2358200,0.0
2017-01-06,120.12000274658203,120.19000244140625,119.20999908447266,119.33999633789062,99.52580261230469,1801000,0.0
2017-01-09,118.97000122070312,119.02999877929688,117.79000091552734,117.83999633789062,98.27484893798828,1773400,0.0
2017-01-10,118.12000274658203,119.41999816894531,117.79000091552734,119.19000244140625,99.40072631835938,1833800,0.0
2017-01-11,119.30999755859375,119.81999969482422,118.55000305175781,119.5999984741211,99.74263000488281,1828400,0.0
2017-01-12,119.43000030517578,119.54000091552734,116.97000122070312,118.23999786376953,98.60845184326172,2138100,0.0
2017-01-13,118.58000183105469,119.7699966430664,118.47000122070312,119.0,99.24227905273438,1327900,0.0
2017-01-17,118.44999694824219,118.55000305175781,117.29000091552734,117.44000244140625,97.94127655029297,2225700,0.0
2017-01-18,117.80000305175781,118.08000183105469,117.04000091552734,117.8499984741211,98.28318786621094,1378400,0.0
2017-01-19,117.87999725341797,118.3499984741211,116.36000061035156,116.91000366210938,97.49928283691406,1759600,0.0
2017-01-20,117.36000061035156,117.93000030517578,117.02999877929688,117.51000213623047,97.9996566772461,1519200,0.0
2017-01-23,117.20999908447266,117.75,116.44000244140625,117.0999984741211,97.65771484375,1390500,0.0
2017-01-24,117.55999755859375,119.36000061035156,117.54000091552734,118.95999908447266,99.20891571044922,1254200,0.0
2017-01-25,119.91999816894531,120.4000015258789,119.81999969482422,120.2300033569336,100.26806640625,1208300,0.0
2017-01-26,120.30999755859375,120.44999694824219,119.58000183105469,119.83000183105469,99.93445587158203,2379700,0.0
2017-01-27,119.87000274658203,120.0999984741211,118.8499984741211,119.2300033569336,99.43405151367188,999100,0.0
2017-01-30,118.5,118.5199966430664,116.55999755859375,117.41000366210938,97.91625213623047,1527200,0.0
2017-01-31,117.01000213623047,118.22000122070312,116.4800033569336,117.93000030517578,98.34992218017578,1260400,0.0
2017-02-01,118.83999633789062,119.51000213623047,117.54000091552734,117.93000030517578,98.34992218017578,2124700,0.0
2017-02-02,118.02999877929688,118.31999969482422,117.27999877929688,117.56999969482422,98.0497055053711,926300,0.0
2017-02-03,118.55000305175781,119.55000305175781,118.22000122070312,119.41999816894531,99.59253692626953,1177700,0.0
2017-02-06,119.08999633789062,119.45999908447266,118.2699966430664,118.52999877929688,98.85030364990234,1300500,0.0
2017-02-07,118.62999725341797,119.05000305175781,117.4800033569336,117.87000274658203,98.29988098144531,927500,0.0
2017-02-08,117.87000274658203,117.87000274658203,116.4800033569336,117.44000244140625,97.94127655029297,831400,0.0
2017-02-09,117.75,119.19999694824219,117.73999786376953,118.97000122070312,99.21723937988281,615300,0.0
2017-02-10,119.68000030517578,120.2300033569336,119.27999877929688,119.98999786376953,100.06787109375,609300,0.0
2017-02-13,120.69999694824219,121.13999938964844,120.25,120.47000122070312,100.46819305419922,1058900,0.0
2017-02-14,120.19999694824219,121.12000274658203,119.80999755859375,121.05000305175781,100.95189666748047,682500,0.0
2017-02-15,120.54000091552734,121.61000061035156,120.19000244140625,121.45999908447266,101.29380798339844,744900,0.0
2017-02-16,121.4800033569336,121.62999725341797,120.37999725341797,121.16000366210938,101.04363250732422,885300,0.0
2017-02-17,120.7300033569336,120.88999938964844,120.22000122070312,120.88999938964844,100.81844329833984,713600,0.0
2017-02-21,121.23999786376953,121.97000122070312,121.19000244140625,121.9000015258789,101.66079711914062,541400,0.0
2017-02-22,121.66000366210938,121.80000305175781,121.06999969482422,121.4800033569336,101.31050872802734,621900,0.0
2017-02-23,121.91000366210938,121.91000366210938,120.01000213623047,120.91000366210938,100.83513641357422,1189500,0.0
2017-02-24,119.87000274658203,120.62000274658203,119.62999725341797,120.55000305175781,100.53491973876953,1317800,0.0
2017-02-27,120.43000030517578,121.48999786376953,120.12000274658203,121.43000030517578,101.268798828125,857000,0.0
2017-02-28,120.98999786376953,121.02999877929688,119.51000213623047,119.58999633789062,99.73430633544922,2243600,0.0
2017-03-01,121.2300033569336,122.38999938964844,121.16000366210938,122.0199966430664,101.7608413696289,2076200,0.0
2017-03-02,121.94000244140625,121.94000244140625,120.06999969482422,120.20999908447266,100.25137329101562,1303000,0.0
2017-03-03,120.19999694824219,120.7699966430664,119.3499984741211,119.95999908447266,100.04288482666016,847200,0.0
2017-03-06,119.25,119.41999816894531,118.54000091552734,119.19999694824219,99.40906524658203,839900,0.0
2017-03-07,118.93000030517578,119.22000122070312,118.26000213623047,118.36000061035156,98.70852661132812,569800,0.0
2017-03-08,118.76000213623047,119.06999969482422,117.13999938964844,117.2300033569336,97.76614379882812,786400,0.0
2017-03-09,117.19000244140625,117.79000091552734,116.30999755859375,116.52999877929688,97.182373046875,2440200,0.0
2017-03-10,117.48999786376953,117.48999786376953,115.87000274658203,116.80999755859375,97.41584777832031,2306600,0.0
2017-03-13,116.66000366210938,117.69999694824219,116.58999633789062,117.20999908447266,97.74945831298828,1031100,0.0
2017-03-14,116.58000183105469,116.87000274658203,115.61000061035156,116.62999725341797,97.26577758789062,1196600,0.0
2017-03-15,117.23999786376953,118.58999633789062,117.01000213623047,118.2699966430664,98.63343811035156,1235600,0.0
2017-03-16,118.72000122070312,119.18000030517578,118.38999938964844,118.69999694824219,98.99208068847656,603000,0.0
2017-03-17,118.75,119.44000244140625,118.13999938964844,119.2300033569336,99.43405151367188,507500,0.0
2017-03-20,118.97000122070312,119.16000366210938,118.05999755859375,118.4000015258789,98.74186706542969,721600,0.0
2017-03-21,118.91999816894531,118.98999786376953,114.91999816894531,114.98999786376953,95.89802551269531,1170200,0.0
2017-03-22,114.69000244140625,115.12000274658203,113.69999694824219,114.69000244140625,95.6478500366211,1262300,0.0
2017-03-23,114.7699966430664,116.4000015258789,114.47000122070312,115.62999725341797,96.4317855834961,1316500,0.0
2017-03-24,115.58999633789062,116.12000274658203,114.6500015258789,115.12999725341797,96.36228942871094,642000,0.417
2017-03-27,113.66000366210938,115.43000030517578,113.26000213623047,115.19000244140625,96.41255187988281,735400,0.0
2017-03-28,114.83000183105469,116.43000030517578,114.58999633789062,116.30999755859375,97.34999084472656,543800,0.0
2017-03-29,116.2300033569336,116.88999938964844,115.83999633789062,116.73999786376953,97.70987701416016,376700,0.0
2017-03-30,116.87000274658203,118.13999938964844,116.7699966430664,117.94999694824219,98.72260284423828,1335700,0.0
2017-03-31,118.0199966430664,118.69999694824219,117.62999725341797,118.16000366210938,98.89838409423828,1190100,0.0
2017-04-03,118.37000274658203,118.54000091552734,116.37999725341797,116.88999938964844,97.83539581298828,1115500,0.0
2017-04-04,116.69000244140625,117.33000183105469,116.43000030517578,116.88999938964844,97.83539581298828,489400,0.0
2017-04-05,117.68000030517578,118.30000305175781,115.30000305175781,115.51000213623047,96.68036651611328,1483000,0.0
2017-04-06,115.66999816894531,116.81999969482422,115.08000183105469,116.69000244140625,97.66801452636719,721000,0.0
2017-04-07,116.30999755859375,117.04000091552734,116.0,116.55999755859375,97.55921173095703,578000,0.0
2017-04-10,116.55999755859375,117.66000366210938,116.13999938964844,116.7699966430664,97.7349853515625,546000,0.0
2017-04-11,116.41999816894531,117.9000015258789,116.27999877929688,117.87000274658203,98.6556396484375,949300,0.0
2017-04-12,117.66000366210938,117.8499984741211,116.02999877929688,116.16999816894531,97.2327880859375,583400,0.0
2017-04-13,115.95999908447266,116.25,114.62999725341797,114.62999725341797,95.94380950927734,807300,0.0
2017-04-17,114.9000015258789,116.06999969482422,114.55999755859375,115.98999786376953,97.08211517333984,697200,0.0
2017-04-18,115.61000061035156,116.16999816894531,114.9800033569336,116.08000183105469,97.15744018554688,728600,0.0
2017-04-19,116.5,117.30000305175781,116.01000213623047,116.2699966430664,97.31646728515625,823600,0.0
2017-04-20,116.80000305175781,117.83000183105469,116.55999755859375,117.73999786376953,98.54686737060547,549700,0.0
2017-04-21,117.58000183105469,118.0,117.19000244140625,117.58999633789062,98.42129516601562,410900,0.0
2017-04-24,119.30000305175781,119.61000061035156,118.83000183105469,119.12000274658203,99.70191192626953,778900,0.0
2017-04-25,120.2300033569336,120.73999786376953,120.05999755859375,120.22000122070312,100.62258911132812,1061500,0.0
2017-04-26,120.0999984741211,121.91999816894531,120.02999877929688,121.11000061035156,101.36751556396484,1367600,0.0
2017-04-27,121.33000183105469,121.52999877929688,120.0999984741211,120.51000213623047,100.86532592773438,679000,0.0
2017-04-28,120.54000091552734,120.68000030517578,118.58000183105469,118.5999984741211,99.26667022705078,1464200,0.0
2017-05-01,119.06999969482422,119.66999816894531,118.3499984741211,119.16999816894531,99.74374389648438,1951900,0.0
2017-05-02,119.26000213623047,119.6500015258789,118.12999725341797,118.44000244140625,99.13276672363281,695300,0.0
2017-05-03,118.0,118.1500015258789,117.41000366210938,117.94000244140625,98.71424865722656,711900,0.0
2017-05-04,118.30000305175781,118.33999633789062,116.73999786376953,117.55000305175781,98.3878402709961,479300,0.0
2017-05-05,117.95999908447266,118.2300033569336,117.1500015258789,118.22000122070312,98.94862365722656,375100,0.0
2017-05-08,118.08000183105469,118.33999633789062,117.36000061035156,117.95999908447266,98.73100280761719,868000,0.0
2017-05-09,118.19000244140625,118.43000030517578,117.16000366210938,117.62000274658203,98.44644927978516,598700,0.0
2017-05-10,117.47000122070312,118.33999633789062,117.1500015258789,118.20999908447266,98.94026184082031,1031000,0.0
2017-05-11,117.69999694824219,117.9000015258789,116.2300033569336,117.29000091552734,98.17020416259766,868900,0.0
2017-05-12,116.88999938964844,116.97000122070312,116.16000366210938,116.45999908447266,97.47549438476562,791300,0.0
2017-05-15,116.94000244140625,117.9800033569336,116.83999633789062,117.31999969482422,98.19532775878906,1080900,0.0
2017-05-16,117.62999725341797,117.69000244140625,116.4800033569336,117.31999969482422,98.19532775878906,629200,0.0
2017-05-17,115.30000305175781,115.91999816894531,113.98999786376953,114.20999908447266,95.59228515625,1267400,0.0
2017-05-18,113.81999969482422,115.02999877929688,113.63999938964844,114.52999877929688,95.86013793945312,1335800,0.0
2017-05-19,114.69000244140625,115.80000305175781,114.69000244140625,115.0999984741211,96.33723449707031,901700,0.0
2017-05-22,115.41000366210938,116.13999938964844,115.16000366210938,115.9000015258789,97.0068130493164,724400,0.0
2017-05-23,116.36000061035156,116.77999877929688,115.48999786376953,116.58999633789062,97.58431243896484,898500,0.0
2017-05-24,116.72000122070312,117.08999633789062,115.80999755859375,116.36000061035156,97.39181518554688,914500,0.0
2017-05-25,116.8499984741211,117.29000091552734,115.8499984741211,116.29000091552734,97.3332290649414,610100,0.0
2017-05-26,116.06999969482422,116.44000244140625,115.54000091552734,116.22000122070312,97.2746353149414,531900,0.0
2017-05-30,115.77999877929688,115.9800033569336,114.93000030517578,115.25,96.46273803710938,841900,0.0
2017-05-31,115.44000244140625,115.58999633789062,113.5199966430664,114.97000122070312,96.22840118408203,2690000,0.0
2017-06-01,115.22000122070312,117.13999938964844,114.75,117.12999725341797,98.03628540039062,1203200,0.0
2017-06-02,117.2699966430664,118.75,117.02999877929688,117.5199966430664,98.36270904541016,863000,0.0
2017-06-05,117.48999786376953,117.72000122070312,116.83999633789062,116.88999938964844,97.83539581298828,616500,0.0
2017-06-06,116.12999725341797,117.30000305175781,115.79000091552734,116.62000274658203,97.60942840576172,643000,0.0
2017-06-07,116.77999877929688,117.26000213623047,116.3499984741211,116.83000183105469,97.78520965576172,1051800,0.0
2017-06-08,116.8499984741211,119.4800033569336,116.52999877929688,118.70999908447266,99.35873413085938,1279900,0.0
2017-06-09,119.05000305175781,120.98999786376953,119.05000305175781,120.3499984741211,100.73138427734375,1139800,0.0
2017-06-12,120.4000015258789,121.0999984741211,119.80000305175781,120.27999877929688,100.67279052734375,973400,0.0
2017-06-13,120.47000122070312,121.06999969482422,120.08000183105469,120.73999786376953,101.05781555175781,861400,0.0
2017-06-14,120.66999816894531,120.66999816894531,119.12000274658203,119.9000015258789,100.3547592163086,937800,0.0
2017-06-15,118.6500015258789,119.98999786376953,118.41000366210938,119.36000061035156,99.90274047851562,704000,0.0
2017-06-16,118.9800033569336,118.9800033569336,118.16999816894531,118.94999694824219,99.55962371826172,502300,0.0
2017-06-19,119.22000122070312,119.68000030517578,118.87000274658203,119.30999755859375,99.86092376708984,452700,0.0
2017-06-20,119.0199966430664,119.08000183105469,117.77999877929688,117.91000366210938,98.68914031982422,1011000,0.0
2017-06-21,118.12999725341797,118.4000015258789,116.79000091552734,116.9000015258789,97.84378814697266,949500,0.0
2017-06-22,116.9000015258789,117.55999755859375,116.41999816894531,117.19000244140625,98.08650207519531,1799200,0.0
2017-06-23,117.30000305175781,117.97000122070312,116.9000015258789,117.7699966430664,98.57196807861328,850100,0.0
2017-06-26,118.06999969482422,118.68000030517578,117.5199966430664,118.26000213623047,98.98210144042969,434200,0.0
2017-06-27,118.41999816894531,119.05999755859375,117.76000213623047,117.83999633789062,98.63053894042969,665200,0.0
2017-06-28,118.5199966430664,119.83999633789062,118.41999816894531,119.45999908447266,99.98645782470703,1022900,0.0
2017-06-29,119.66000366210938,119.91000366210938,118.06999969482422,119.30999755859375,99.86092376708984,1050000,0.0
2017-06-30,119.47000122070312,119.69999694824219,118.75,118.87000274658203,99.4926528930664,458000,0.0
2017-07-03,119.37000274658203,120.93000030517578,119.23999786376953,120.5,100.85694122314453,546200,0.0
2017-07-05,120.13999938964844,120.19000244140625,118.86000061035156,119.62999725341797,100.12875366210938,1837700,0.0
2017-07-06,118.37000274658203,118.76000213623047,117.19999694824219,117.45999908447266,98.84540557861328,1126400,0.645
2017-07-07,117.55999755859375,118.41000366210938,117.19999694824219,118.26000213623047,99.51866149902344,1738800,0.0
2017-07-10,117.83999633789062,118.62000274658203,117.44999694824219,117.6500015258789,99.00531768798828,445200,0.0
2017-07-11,117.5999984741211,117.77999877929688,116.58000183105469,117.72000122070312,99.06422424316406,473400,0.0
2017-07-12,118.37999725341797,119.33000183105469,118.13999938964844,118.51000213623047,99.72903442382812,589700,0.0
2017-07-13,118.48999786376953,118.83000183105469,117.87999725341797,118.80000305175781,99.97307586669922,550400,0.0
2017-07-14,118.43000030517578,119.33000183105469,118.43000030517578,118.83999633789062,100.00672149658203,292900,0.0
2017-07-17,118.81999969482422,119.6500015258789,118.41999816894531,119.29000091552734,100.38542175292969,417900,0.0
2017-07-18,118.91000366210938,119.05000305175781,118.3499984741211,118.87000274658203,100.031982421875,252900,0.0
2017-07-19,119.08999633789062,120.12999725341797,119.02999877929688,120.12999725341797,101.09231567382812,255500,0.0
2017-07-20,120.22000122070312,120.45999908447266,119.80000305175781,120.0999984741211,101.06705474853516,365300,0.0
2017-07-21,120.36000061035156,120.36000061035156,119.25,119.47000122070312,100.53691101074219,387900,0.0
2017-07-24,119.27999877929688,119.41000366210938,118.87999725341797,119.4000015258789,100.47798919677734,330400,0.0
2017-07-25,120.2300033569336,121.0999984741211,119.88999938964844,120.9000015258789,101.7402572631836,965600,0.0
2017-07-26,120.87000274658203,121.0,119.66999816894531,119.80000305175781,100.81461334228516,656500,0.0
2017-07-27,120.06999969482422,120.33000183105469,119.08000183105469,119.63999938964844,100.67996215820312,530900,0.0
2017-07-28,119.38999938964844,119.75,118.83999633789062,119.26000213623047,100.36019134521484,447400,0.0
2017-07-31,119.4000015258789,119.63999938964844,118.55999755859375,119.0999984741211,100.22550964355469,909000,0.0
2017-08-01,119.52999877929688,119.66999816894531,118.72000122070312,119.38999938964844,100.46956634521484,568900,0.0
2017-08-02,119.33999633789062,119.37999725341797,117.97000122070312,118.30000305175781,99.55232238769531,533900,0.0
2017-08-03,118.47000122070312,118.47000122070312,117.19000244140625,117.5,98.87908935546875,557900,0.0
2017-08-04,117.83000183105469,118.37000274658203,117.66999816894531,118.26000213623047,99.51866149902344,474800,0.0
2017-08-07,118.44000244140625,118.51000213623047,117.58999633789062,118.05999755859375,99.350341796875,485200,0.0
2017-08-08,117.91999816894531,119.22000122070312,117.52999877929688,117.7699966430664,99.10630798339844,488200,0.0
2017-08-09,117.01000213623047,117.1500015258789,116.20999908447266,116.58999633789062,98.11329650878906,464300,0.0
2017-08-10,116.08999633789062,116.2300033569336,114.77999877929688,114.81999969482422,96.6238021850586,951500,0.0
2017-08-11,114.75,114.93000030517578,113.95999908447266,114.30999755859375,96.19464874267578,698900,0.0
2017-08-14,115.0999984741211,116.18000030517578,114.7699966430664,116.02999877929688,97.6420669555664,571700,0.0
2017-08-15,116.27999877929688,116.27999877929688,114.95999908447266,115.01000213623047,96.78369903564453,506700,0.0
2017-08-16,115.37999725341797,115.83000183105469,114.76000213623047,115.04000091552734,96.8089370727539,598500,0.0
2017-08-17,114.51000213623047,115.0999984741211,112.8499984741211,112.8499984741211,94.96601104736328,682500,0.0
2017-08-18,112.44000244140625,113.26000213623047,112.01000213623047,112.83000183105469,94.94917297363281,478800,0.0
2017-08-21,112.55999755859375,112.95999908447266,112.29000091552734,112.80999755859375,94.93234252929688,1400400,0.0
2017-08-22,113.23999786376953,113.91000366210938,113.13999938964844,113.80999755859375,95.77388763427734,874700,0.0
2017-08-23,113.26000213623047,114.29000091552734,112.94000244140625,113.83000183105469,95.79070281982422,779800,0.0
2017-08-24,114.26000213623047,114.51000213623047,113.86000061035156,114.2300033569336,96.12733459472656,602800,0.0
2017-08-25,114.68000030517578,115.22000122070312,114.27999877929688,114.8499984741211,96.64905548095703,331400,0.0
2017-08-28,115.18000030517578,115.37999725341797,114.41000366210938,114.91000366210938,96.69953918457031,357100,0.0
2017-08-29,114.0199966430664,115.0199966430664,113.7699966430664,114.7300033569336,96.54808807373047,669500,0.0
2017-08-30,114.69000244140625,115.3499984741211,114.41999816894531,115.23999786376953,96.97726440429688,731700,0.0
2017-08-31,115.37000274658203,116.58000183105469,115.37000274658203,116.18000030517578,97.76825714111328,1045700,0.0
2017-09-01,116.44999694824219,117.0199966430664,116.20999908447266,116.93000030517578,98.39940643310547,320900,0.0
2017-09-05,116.87999725341797,117.19999694824219,115.16000366210938,115.44999694824219,97.15398406982422,764700,0.0
2017-09-06,115.80999755859375,116.33000183105469,115.56999969482422,115.7699966430664,97.42325592041016,885100,0.0
2017-09-07,115.91000366210938,115.94999694824219,114.76000213623047,115.26000213623047,96.99407196044922,411000,0.0
2017-09-08,115.0999984741211,115.81999969482422,114.87999725341797,115.4800033569336,97.17922973632812,313200,0.0
2017-09-11,116.3499984741211,117.25,116.33000183105469,116.87999725341797,98.35733032226562,447200,0.0
2017-09-12,117.12999725341797,118.05000305175781,117.0999984741211,117.88999938964844,99.207275390625,1250600,0.0
2017-09-13,117.80999755859375,118.61000061035156,117.69000244140625,118.45999908447266,99.68693542480469,415300,0.0
2017-09-14,118.41000366210938,118.69999694824219,118.11000061035156,118.3499984741211,99.59439849853516,309400,0.0
2017-09-15,118.20999908447266,118.87999725341797,118.08999633789062,118.79000091552734,99.96466064453125,422400,0.0
2017-09-18,119.0999984741211,119.87999725341797,119.02999877929688,119.54000091552734,100.59579467773438,420900,0.0
2017-09-19,119.62999725341797,119.83999633789062,119.5,119.69000244140625,100.72203826904297,848400,0.0
2017-09-20,119.80999755859375,120.45999908447266,119.54000091552734,120.27999877929688,101.21852111816406,442200,0.0
2017-09-21,120.44999694824219,120.56999969482422,120.08000183105469,120.1500015258789,101.109130859375,398600,0.0
2017-09-22,120.12000274658203,120.94999694824219,120.0,120.70999908447266,101.58038330078125,1662400,0.0
2017-09-25,120.69000244140625,121.63999938964844,120.66999816894531,121.4000015258789,102.16104125976562,748600,0.0
2017-09-26,121.11000061035156,122.05999755859375,120.98999786376953,121.63999938964844,102.66748046875,936200,0.36
2017-09-27,122.36000061035156,124.04000091552734,121.75,123.73999786376953,104.43990325927734,989400,0.0
2017-09-28,123.61000061035156,124.23999786376953,122.9800033569336,124.08999633789062,104.7353286743164,741700,0.0
2017-09-29,124.12000274658203,124.44999694824219,123.88999938964844,124.12000274658203,104.76063537597656,874400,0.0
2017-10-02,124.2699966430664,125.61000061035156,123.81999969482422,125.61000061035156,106.01826477050781,990800,0.0
2017-10-03,125.5999984741211,125.83000183105469,124.98999786376953,125.83000183105469,106.20393371582031,444300,0.0
2017-10-04,125.69000244140625,125.93000030517578,124.79000091552734,125.1500015258789,105.62998962402344,709300,0.0
2017-10-05,125.44000244140625,126.11000061035156,125.20999908447266,125.66999816894531,106.06888580322266,1016400,0.0
2017-10-06,125.2300033569336,125.66000366210938,124.88999938964844,125.2699966430664,105.73126983642578,491800,0.0
2017-10-09,125.43000030517578,125.83000183105469,124.73999786376953,124.91000366210938,105.42742919921875,1931700,0.0
2017-10-10,125.43000030517578,125.70999908447266,125.19999694824219,125.55999755859375,105.97606658935547,2213200,0.0
2017-10-11,125.54000091552734,125.72000122070312,125.12000274658203,125.37999725341797,105.8241195678711,394000,0.0
2017-10-12,125.12000274658203,125.5,124.69000244140625,125.1500015258789,105.62998962402344,545400,0.0
2017-10-13,125.5,125.70999908447266,124.9800033569336,125.06999969482422,105.56246948242188,459800,0.0
2017-10-16,125.18000030517578,125.93000030517578,124.80999755859375,124.9800033569336,105.48648834228516,638000,0.0
2017-10-17,125.05000305175781,125.31999969482422,124.23999786376953,124.5,105.08135986328125,820400,0.0
2017-10-18,124.94000244140625,125.44000244140625,124.77999877929688,125.12999725341797,105.61311340332031,596600,0.0
2017-10-19,124.47000122070312,125.08999633789062,124.16999816894531,125.01000213623047,105.51184844970703,481500,0.0
2017-10-20,125.77999877929688,125.98999786376953,125.37000274658203,125.43000030517578,105.8663101196289,313000,0.0
2017-10-23,125.54000091552734,125.54000091552734,124.30999755859375,124.41000366210938,105.00540924072266,412100,0.0
2017-10-24,124.7300033569336,125.23999786376953,124.56999969482422,124.66000366210938,105.21642303466797,433100,0.0
2017-10-25,124.52999877929688,124.52999877929688,123.02999877929688,124.13999938964844,104.77751159667969,684700,0.0
2017-10-26,124.58000183105469,124.80999755859375,124.19000244140625,124.41000366210938,105.00540924072266,1028600,0.0
2017-10-27,124.44999694824219,125.1500015258789,123.77999877929688,125.08999633789062,105.5793228149414,631700,0.0
2017-10-30,124.44999694824219,124.77999877929688,122.94000244140625,123.54000091552734,104.2711181640625,963200,0.0
2017-10-31,123.8499984741211,124.63999938964844,123.69000244140625,124.18000030517578,104.81128692626953,469900,0.0
2017-11-01,125.18000030517578,125.38999938964844,123.05000305175781,123.62999725341797,104.34706115722656,688200,0.0
2017-11-02,123.70999908447266,124.5999984741211,123.16999816894531,124.25,104.87037658691406,1234200,0.0
2017-11-03,124.11000061035156,124.11000061035156,123.48999786376953,123.58999633789062,104.31329345703125,1022200,0.0
2017-11-06,123.55000305175781,124.29000091552734,123.47000122070312,123.87000274658203,104.54965209960938,492100,0.0
2017-11-07,124.0,124.0,121.94000244140625,122.19999694824219,103.14010620117188,3144100,0.0
2017-11-08,121.87000274658203,122.19000244140625,120.88999938964844,122.0199966430664,102.9881820678711,707000,0.0
2017-11-09,121.08999633789062,122.37999725341797,120.66000366210938,121.69999694824219,102.71808624267578,1037100,0.0
2017-11-10,121.80999755859375,122.18000030517578,121.5199966430664,121.6500015258789,102.67591094970703,1212000,0.0
2017-11-13,121.13999938964844,121.8499984741211,120.72000122070312,121.66999816894531,102.6927490234375,325700,0.0
2017-11-14,121.22000122070312,121.58000183105469,120.91000366210938,121.41000366210938,102.47332763671875,377200,0.0
2017-11-15,120.66000366210938,121.55999755859375,119.95999908447266,121.05000305175781,102.16947937011719,1699700,0.0
2017-11-16,121.51000213623047,122.97000122070312,121.29000091552734,122.47000122070312,103.36799621582031,570800,0.0
2017-11-17,122.16000366210938,123.58999633789062,122.05000305175781,123.0999984741211,103.89973449707031,584200,0.0
2017-11-20,123.37999725341797,124.12000274658203,122.93000030517578,124.05000305175781,104.7015609741211,809900,0.0
2017-11-21,124.63999938964844,125.45999908447266,124.44999694824219,125.0999984741211,105.58778381347656,1155200,0.0
2017-11-22,125.41000366210938,125.83000183105469,125.04000091552734,125.04000091552734,105.53716278076172,750900,0.0
2017-11-24,125.30999755859375,125.37000274658203,124.70999908447266,124.77999877929688,105.31771087646484,366300,0.0
2017-11-27,125.19000244140625,125.36000061035156,124.58000183105469,124.58000183105469,105.14888763427734,707300,0.0
2017-11-28,125.13999938964844,126.88999938964844,124.76000213623047,126.86000061035156,107.07327270507812,1027000,0.0
2017-11-29,127.18000030517578,128.47999572753906,127.18000030517578,128.0399932861328,108.0692367553711,1535500,0.0
2017-11-30,128.8000030517578,128.9199981689453,127.56999969482422,127.77999877929688,107.84980010986328,1180200,0.0
2017-12-01,127.63999938964844,128.0399932861328,124.12000274658203,127.4000015258789,107.529052734375,3123700,0.0
2017-12-04,128.99000549316406,129.58999633789062,127.61000061035156,127.69000244140625,107.77383422851562,2097300,0.0
2017-12-05,127.98999786376953,128.0399932861328,126.1500015258789,126.1500015258789,106.47401428222656,885800,0.0
2017-12-06,125.58000183105469,126.26000213623047,125.26000213623047,125.37000274658203,105.8156967163086,772300,0.0
2017-12-07,125.27999877929688,126.47000122070312,125.05999755859375,125.86000061035156,106.22923278808594,1797200,0.0
2017-12-08,126.4000015258789,126.43000030517578,125.63999938964844,125.86000061035156,106.22923278808594,872900,0.0
2017-12-11,126.05999755859375,126.4000015258789,125.4800033569336,125.68000030517578,106.07732391357422,1086500,0.0
2017-12-12,125.98999786376953,126.30000305175781,125.56999969482422,125.66999816894531,106.06888580322266,840800,0.0
2017-12-13,125.6500015258789,126.94000244140625,125.6500015258789,125.91000366210938,106.2714614868164,691800,0.0
2017-12-14,126.05999755859375,126.20999908447266,124.11000061035156,124.48999786376953,105.07293701171875,829000,0.0
2017-12-15,125.19000244140625,127.19000244140625,124.94999694824219,126.25,106.55844116210938,1307800,0.0
2017-12-18,127.3499984741211,128.50999450683594,127.27999877929688,128.0399932861328,108.0692367553711,1171300,0.0
2017-12-19,128.5399932861328,128.5399932861328,126.62999725341797,126.7699966430664,106.997314453125,997900,0.0
2017-12-20,127.45999908447266,127.62000274658203,126.54000091552734,126.97000122070312,107.16609954833984,881200,0.0
2017-12-21,126.58000183105469,127.27999877929688,126.33999633789062,126.81999969482422,107.73016357421875,737900,0.814
2017-12-22,126.86000061035156,126.86000061035156,126.18000030517578,126.44000244140625,107.4073715209961,979600,0.0
2017-12-26,126.5,126.91999816894531,126.27999877929688,126.55999755859375,107.50928497314453,1495800,0.0
2017-12-27,126.56999969482422,126.95999908447266,125.9800033569336,126.27999877929688,107.27143096923828,1703800,0.0
2017-12-28,126.4800033569336,126.80000305175781,126.13999938964844,126.73999786376953,107.66221618652344,1065000,0.0
2017-12-29,127.16000366210938,127.18000030517578,125.66000366210938,125.75,106.82122039794922,1306100,0.0
2018-01-02,126.33999633789062,126.97000122070312,125.79000091552734,126.83000183105469,107.7386703491211,1621500,0.0
2018-01-03,126.88999938964844,127.16999816894531,126.27999877929688,126.69000244140625,107.61974334716797,1157200,0.0
2018-01-04,127.43000030517578,127.47000122070312,126.58999633789062,126.97000122070312,107.85758972167969,2161000,0.0
2018-01-05,127.13999938964844,127.33999633789062,126.44999694824219,127.16999816894531,108.02749633789062,958400,0.0
2018-01-08,127.12000274658203,127.79000091552734,126.37999725341797,127.63999938964844,108.4267349243164,990600,0.0
2018-01-09,127.87000274658203,127.97000122070312,127.19000244140625,127.26000213623047,108.10394287109375,1085800,0.0
2018-01-10,127.0199966430664,127.88999938964844,126.81999969482422,127.30999755859375,108.14639282226562,868600,0.0
2018-01-11,127.70999908447266,129.8800048828125,127.5199966430664,129.74000549316406,110.21063232421875,1308200,0.0
2018-01-12,130.0,130.8000030517578,129.6999969482422,130.1300048828125,110.54193115234375,1778300,0.0
2018-01-16,130.75999450683594,131.07000732421875,128.3800048828125,128.6199951171875,109.25919342041016,1793600,0.0
2018-01-17,129.2100067138672,130.13999938964844,128.74000549316406,129.85000610351562,110.30408477783203,923200,0.0
2018-01-18,129.6699981689453,129.74000549316406,128.58999633789062,128.72000122070312,109.34416961669922,1316700,0.0
2018-01-19,128.5800018310547,130.32000732421875,128.5800018310547,130.25999450683594,110.65235137939453,1006000,0.0
2018-01-22,130.1300048828125,130.7100067138672,129.8300018310547,130.7100067138672,111.03459930419922,1054900,0.0
2018-01-23,130.66000366210938,131.22999572753906,129.85000610351562,130.86000061035156,111.16201782226562,589800,0.0
2018-01-24,131.3300018310547,131.4600067138672,129.89999389648438,130.1699981689453,110.57592010498047,1054100,0.0
2018-01-25,130.8000030517578,130.9199981689453,129.25,129.8800048828125,110.3295669555664,1007200,0.0
2018-01-26,130.3699951171875,130.3699951171875,129.41000366210938,129.9499969482422,110.3890151977539,863700,0.0
2018-01-29,129.69000244140625,129.9499969482422,128.8800048828125,128.8800048828125,109.48008728027344,587100,0.0
2018-01-30,128.16000366210938,128.72999572753906,127.3499984741211,127.80999755859375,108.57115936279297,973800,0.0
2018-01-31,128.30999755859375,128.67999267578125,126.8499984741211,127.29000091552734,108.12942504882812,1446800,0.0
2018-02-01,126.86000061035156,127.62999725341797,126.4800033569336,127.55999755859375,108.35877227783203,822400,0.0
2018-02-02,126.79000091552734,127.05000305175781,124.94000244140625,125.18000030517578,106.33705139160156,824000,0.0
2018-02-05,124.19000244140625,125.11000061035156,120.36000061035156,120.37999725341797,102.25956726074219,1853100,0.0
2018-02-06,118.29000091552734,122.18000030517578,117.18000030517578,121.68000030517578,103.36388397216797,2077800,0.0
2018-02-07,121.48999786376953,122.56999969482422,120.7300033569336,121.72000122070312,103.39784240722656,960700,0.0
2018-02-08,122.0199966430664,122.0199966430664,118.4800033569336,118.4800033569336,100.64558410644531,1168100,0.0
2018-02-09,119.51000213623047,120.70999908447266,116.72000122070312,119.83000183105469,101.7923583984375,1962700,0.0
2018-02-12,120.08000183105469,121.29000091552734,118.62999725341797,120.69999694824219,102.5313720703125,1525700,0.0
2018-02-13,120.1500015258789,121.12999725341797,119.80000305175781,120.9000015258789,102.70128631591797,732000,0.0
2018-02-14,120.16999816894531,123.06999969482422,120.0,122.76000213623047,104.28132629394531,1043400,0.0
2018-02-15,123.66000366210938,123.8499984741211,122.41000366210938,123.83000183105469,105.19026947021484,956600,0.0
2018-02-16,123.62999725341797,125.23999786376953,123.62999725341797,124.45999908447266,105.72541046142578,1338300,0.0
2018-02-20,123.97000122070312,124.75,122.7699966430664,123.08999633789062,104.5616226196289,799800,0.0
2018-02-21,123.29000091552734,125.16000366210938,123.12999725341797,123.2699966430664,104.71453857421875,596700,0.0
2018-02-22,123.62000274658203,124.55999755859375,122.86000061035156,122.91999816894531,104.417236328125,600200,0.0
2018-02-23,123.6500015258789,124.4800033569336,123.2300033569336,124.43000030517578,105.6999282836914,928000,0.0
2018-02-26,124.80999755859375,125.31999969482422,123.95999908447266,125.16000366210938,106.32003784179688,1478900,0.0
2018-02-27,125.16000366210938,125.8499984741211,123.05000305175781,123.0999984741211,104.57011413574219,921100,0.0
2018-02-28,123.38999938964844,123.72000122070312,120.91999816894531,120.94000244140625,102.73527526855469,991400,0.0
2018-03-01,120.79000091552734,122.1500015258789,119.86000061035156,120.91000366210938,102.70978546142578,1379100,0.0
2018-03-02,120.01000213623047,122.6500015258789,119.56999969482422,122.3499984741211,103.93302917480469,814700,0.0
2018-03-05,121.91999816894531,124.08999633789062,121.73999786376953,123.63999938964844,105.02885437011719,600200,0.0
2018-03-06,124.18000030517578,124.98999786376953,122.91999816894531,124.91000366210938,106.10767364501953,569000,0.0
2018-03-07,124.1500015258789,125.9000015258789,123.87999725341797,125.66000366210938,106.74478149414062,714100,0.0
2018-03-08,125.87000274658203,126.08999633789062,124.33999633789062,124.97000122070312,106.15865325927734,362100,0.0
2018-03-09,125.7300033569336,127.04000091552734,125.29000091552734,126.95999908447266,107.84909057617188,568900,0.0
2018-03-12,127.13999938964844,127.56999969482422,126.58000183105469,127.30999755859375,108.14639282226562,681900,0.0
2018-03-13,127.94000244140625,128.1199951171875,126.56999969482422,126.80999755859375,107.72164916992188,776900,0.0
2018-03-14,127.33000183105469,127.45999908447266,125.69999694824219,125.87999725341797,106.93164825439453,575600,0.0
2018-03-15,126.25,126.25,125.04000091552734,125.44000244140625,106.55787658691406,835600,0.0
2018-03-16,125.44000244140625,126.83999633789062,125.37000274658203,126.37000274658203,107.34791564941406,646500,0.0
2018-03-19,125.95999908447266,126.02999877929688,123.91000366210938,125.41999816894531,106.5409164428711,637500,0.0
2018-03-20,125.58999633789062,125.88999938964844,124.63999938964844,124.9800033569336,106.16714477539062,1074800,0.0
2018-03-21,124.9800033569336,126.48999786376953,124.86000061035156,125.66999816894531,106.75326538085938,374400,0.0
2018-03-22,124.37999725341797,125.11000061035156,122.55000305175781,122.58999633789062,104.48193359375,477200,0.415
2018-03-23,122.68000030517578,123.11000061035156,119.80999755859375,119.81999969482422,102.12108612060547,698400,0.0
2018-03-26,121.23999786376953,122.41000366210938,120.19999694824219,122.33999633789062,104.26884460449219,881000,0.0
2018-03-27,122.66999816894531,122.72000122070312,119.91999816894531,120.41999816894531,102.6324691772461,500900,0.0
2018-03-28,120.83000183105469,121.70999908447266,120.29000091552734,121.0,103.12679290771484,545600,0.0
2018-03-29,121.69999694824219,122.75,121.44999694824219,121.87999725341797,103.87678527832031,332500,0.0
2018-04-02,121.6500015258789,122.08000183105469,118.47000122070312,119.36000061035156,101.72901916503906,542600,0.0
2018-04-03,120.05000305175781,121.38999938964844,119.61000061035156,121.05999755859375,103.17792510986328,546500,0.0
2018-04-04,119.73999786376953,122.77999877929688,119.51000213623047,122.5,104.40520477294922,1939800,0.0
2018-04-05,123.12000274658203,123.75,122.58000183105469,123.5999984741211,105.34272766113281,680300,0.0
2018-04-06,122.88999938964844,123.70999908447266,120.38999938964844,121.41000366210938,103.47621154785156,952300,0.0
2018-04-09,121.9000015258789,122.6500015258789,120.94000244140625,121.01000213623047,103.13531494140625,900400,0.0
2018-04-10,122.36000061035156,123.68000030517578,122.05000305175781,123.25,105.04443359375,985700,0.0
2018-04-11,122.69999694824219,123.8499984741211,122.58000183105469,123.43000030517578,105.1978530883789,684200,0.0
2018-04-12,123.94999694824219,124.6500015258789,123.5999984741211,124.0999984741211,105.76888275146484,667400,0.0
2018-04-13,124.55000305175781,124.55000305175781,123.33999633789062,123.69999694824219,105.4279556274414,256400,0.0
2018-04-16,124.33000183105469,125.29000091552734,123.86000061035156,124.87000274658203,106.42513275146484,1325200,0.0
2018-04-17,125.38999938964844,126.08000183105469,125.12999725341797,125.66999816894531,107.10697174072266,430900,0.0
2018-04-18,126.0,126.83000183105469,125.91999816894531,126.0,107.38824462890625,417800,0.0
2018-04-19,125.66999816894531,126.3499984741211,125.16000366210938,125.61000061035156,107.05584716796875,748500,0.0
2018-04-20,125.19000244140625,125.86000061035156,124.7699966430664,125.13999938964844,106.65525817871094,539800,0.0
2018-04-23,125.41000366210938,125.80000305175781,124.69000244140625,125.22000122070312,106.72343444824219,1040800,0.0
2018-04-24,125.62999725341797,126.41000366210938,124.16000366210938,125.2300033569336,106.73197174072266,1304200,0.0
2018-04-25,125.06999969482422,125.61000061035156,124.23999786376953,125.0999984741211,106.62117767333984,577000,0.0
2018-04-26,125.27999877929688,125.7699966430664,124.70999908447266,125.4000015258789,106.87681579589844,731400,0.0
2018-04-27,125.38999938964844,125.79000091552734,124.62000274658203,125.29000091552734,106.7831039428711,807700,0.0
2018-04-30,125.38999938964844,125.94999694824219,124.12999725341797,124.12999725341797,105.79444885253906,662100,0.0
2018-05-01,123.83999633789062,124.69999694824219,122.70999908447266,124.52999877929688,106.13533782958984,1519200,0.0
2018-05-02,124.36000061035156,125.77999877929688,124.16999816894531,124.94000244140625,106.48479461669922,1301900,0.0
2018-05-03,124.66999816894531,124.80999755859375,123.13999938964844,124.2699966430664,105.91377258300781,1045400,0.0
2018-05-04,123.80000305175781,126.5199966430664,123.54000091552734,125.86000061035156,107.26889038085938,900800,0.0
2018-05-07,126.3499984741211,127.48999786376953,126.22000122070312,126.77999877929688,108.05302429199219,724900,0.0
2018-05-08,126.66000366210938,127.44999694824219,126.52999877929688,127.41999816894531,108.59848022460938,765200,0.0
2018-05-09,127.63999938964844,128.47000122070312,127.13999938964844,128.08999633789062,109.16950988769531,1427100,0.0
2018-05-10,128.47999572753906,128.92999267578125,127.9800033569336,128.55999755859375,109.5700912475586,633000,0.0
2018-05-11,128.6999969482422,129.05999755859375,128.3699951171875,128.7100067138672,109.69792938232422,453800,0.0
2018-05-14,128.94000244140625,129.25999450683594,128.14999389648438,128.27000427246094,109.32291412353516,509600,0.0
2018-05-15,127.86000061035156,128.74000549316406,127.7300033569336,128.4499969482422,109.47633361816406,1112100,0.0
2018-05-16,128.58999633789062,129.9600067138672,128.5399932861328,129.6199951171875,110.47350311279297,2122300,0.0
2018-05-17,129.61000061035156,130.74000549316406,129.61000061035156,130.4600067138672,111.18941497802734,1172300,0.0
2018-05-18,130.69000244140625,130.80999755859375,130.3699951171875,130.44000244140625,111.1723861694336,1228200,0.0
2018-05-21,131.0,131.83999633789062,130.89999389648438,131.74000549316406,112.28036499023438,983000,0.0
2018-05-22,132.00999450683594,132.4199981689453,131.1300048828125,131.1999969482422,111.82012176513672,2129100,0.0
2018-05-23,130.83999633789062,131.5,130.69000244140625,131.3699951171875,111.96501159667969,909400,0.0
2018-05-24,131.1699981689453,131.4600067138672,130.0399932861328,131.27000427246094,111.87979125976562,406700,0.0
2018-05-25,130.92999267578125,131.22000122070312,130.63999938964844,130.9199981689453,111.58148956298828,604800,0.0
2018-05-29,130.2100067138672,131.32000732421875,129.57000732421875,130.5399932861328,111.25762939453125,950700,0.0
2018-05-30,131.16000366210938,132.9199981689453,131.16000366210938,132.6199951171875,113.03034973144531,773600,0.0
2018-05-31,132.5500030517578,132.77999877929688,131.1199951171875,131.3699951171875,111.96501159667969,630400,0.0
2018-06-01,132.19000244140625,132.57000732421875,131.97999572753906,132.14999389648438,112.62979125976562,613000,0.0
2018-06-04,132.64999389648438,133.05999755859375,132.11000061035156,133.02999877929688,113.3797836303711,455500,0.0
2018-06-05,133.02000427246094,133.57000732421875,132.50999450683594,133.5,113.78038787841797,731200,0.0
2018-06-06,133.58999633789062,134.35000610351562,133.38999938964844,134.33999633789062,114.49629974365234,295800,0.0
2018-06-07,134.42999267578125,134.8000030517578,133.85000610351562,134.2899932861328,114.45368194580078,537400,0.0
2018-06-08,134.3000030517578,134.64999389648438,133.97999572753906,134.38999938964844,114.53892517089844,480400,0.0
2018-06-11,134.41000366210938,134.77000427246094,134.02999877929688,134.33999633789062,114.49629974365234,760100,0.0
2018-06-12,134.38999938964844,134.74000549316406,133.7100067138672,134.19000244140625,114.36843872070312,582500,0.0
2018-06-13,134.1999969482422,134.3300018310547,133.32000732421875,133.4199981689453,113.71220397949219,1121700,0.0
2018-06-14,133.83999633789062,133.9199981689453,132.91000366210938,133.72000122070312,113.96790313720703,897800,0.0
2018-06-15,133.3300018310547,133.8300018310547,132.66000366210938,133.6300048828125,113.89119720458984,2530800,0.0
2018-06-18,133.11000061035156,134.3800048828125,133.0,134.3300018310547,114.48777770996094,1726700,0.0
2018-06-19,133.50999450683594,134.7899932861328,133.1199951171875,134.69000244140625,114.79459381103516,871400,0.0
2018-06-20,135.10000610351562,135.8000030517578,134.6699981689453,135.63999938964844,115.6042709350586,909700,0.0
2018-06-21,135.67999267578125,135.77999877929688,134.22000122070312,134.6199951171875,114.73491668701172,809800,0.0
2018-06-22,135.2899932861328,135.63999938964844,134.27000427246094,134.83999633789062,114.92247009277344,1913800,0.0
2018-06-25,134.33999633789062,134.80999755859375,132.6999969482422,133.35000610351562,113.65254211425781,1142100,0.0
2018-06-26,133.4600067138672,134.33999633789062,132.85000610351562,133.9600067138672,114.17242431640625,2581200,0.0
2018-06-27,134.05999755859375,134.47000122070312,132.17999267578125,132.22000122070312,112.6894760131836,1886000,0.0
2018-06-28,132.05999755859375,132.5800018310547,131.50999450683594,132.24000549316406,112.70651245117188,1609600,0.0
2018-06-29,132.72000122070312,133.22000122070312,131.9199981689453,131.9199981689453,112.43377685546875,732900,0.0
2018-07-02,131.38999938964844,132.7100067138672,131.0500030517578,132.7100067138672,113.1070785522461,1003100,0.0
2018-07-03,132.60000610351562,133.2100067138672,132.47000122070312,132.5800018310547,113.53526306152344,433400,0.63
2018-07-05,133.22999572753906,134.0800018310547,132.5800018310547,134.0800018310547,114.8198013305664,537600,0.0
2018-07-06,134.14999389648438,135.25999450683594,133.77999877929688,135.02000427246094,115.62474822998047,581100,0.0
2018-07-09,135.57000732421875,136.05999755859375,135.3800048828125,136.0500030517578,116.50679779052734,443600,0.0
2018-07-10,136.33999633789062,136.5,134.82000732421875,135.50999450683594,116.04438018798828,458300,0.0
2018-07-11,134.80999755859375,135.52000427246094,134.27999877929688,134.35000610351562,115.05101776123047,695900,0.0
2018-07-12,135.0,135.0500030517578,133.52999877929688,134.3000030517578,115.0081787109375,455700,0.0
2018-07-13,134.3300018310547,135.05999755859375,133.92999267578125,133.97000122070312,114.7255859375,515300,0.0
2018-07-16,133.99000549316406,134.41000366210938,132.8699951171875,133.49000549316406,114.31452178955078,783500,0.0
2018-07-17,133.47000122070312,134.32000732421875,133.38999938964844,133.44000244140625,114.27173614501953,2740800,0.0
2018-07-18,133.39999389648438,133.97000122070312,133.0,133.89999389648438,114.66561126708984,582400,0.0
2018-07-19,133.75999450683594,134.9600067138672,133.49000549316406,134.8699951171875,115.49629211425781,603900,0.0
2018-07-20,134.61000061035156,135.07000732421875,134.16000366210938,134.38999938964844,115.08526611328125,649700,0.0
2018-07-23,134.36000061035156,134.99000549316406,133.9600067138672,134.5800018310547,115.24798583984375,546900,0.0
2018-07-24,135.14999389648438,135.22000122070312,133.27999877929688,133.82000732421875,114.59713745117188,1027700,0.0
2018-07-25,133.74000549316406,133.75999450683594,132.75999450683594,133.58999633789062,114.40019226074219,626400,0.0
2018-07-26,134.0,135.27999877929688,133.8000030517578,134.60000610351562,115.26508331298828,864600,0.0
2018-07-27,134.77000427246094,134.8699951171875,132.5500030517578,132.72999572753906,113.6636962890625,3039000,0.0
2018-07-30,132.8000030517578,133.85000610351562,132.67999267578125,132.75999450683594,113.68939208984375,1788500,0.0
2018-07-31,133.00999450683594,134.0500030517578,132.77000427246094,133.6699981689453,114.46867370605469,2460500,0.0
2018-08-01,133.61000061035156,133.69000244140625,132.57000732421875,133.49000549316406,114.31452178955078,597500,0.0
2018-08-02,132.75999450683594,134.3300018310547,132.75999450683594,134.0500030517578,114.79408264160156,1131600,0.0
2018-08-03,134.25999450683594,134.92999267578125,133.27999877929688,133.80999755859375,114.58855438232422,765700,0.0
2018-08-06,133.77999877929688,134.5,133.41000366210938,134.22999572753906,114.94824981689453,484500,0.0
2018-08-07,134.67999267578125,135.14999389648438,134.3300018310547,134.33999633789062,115.04243469238281,1976400,0.0
2018-08-08,134.39999389648438,134.80999755859375,133.6300048828125,134.61000061035156,115.27363586425781,447700,0.0
2018-08-09,134.6199951171875,135.1999969482422,134.50999450683594,134.72999572753906,115.37642669677734,444100,0.0
2018-08-10,134.02999877929688,134.8699951171875,133.75,134.1199951171875,114.85404968261719,956600,0.0
2018-08-13,134.25999450683594,134.3800048828125,132.9199981689453,133.50999450683594,114.33164978027344,638300,0.0
2018-08-14,133.6999969482422,135.0500030517578,133.6999969482422,134.77000427246094,115.41065979003906,713200,0.0
2018-08-15,134.42999267578125,134.58999633789062,132.6300048828125,133.27000427246094,114.12614440917969,1282700,0.0
2018-08-16,133.67999267578125,134.92999267578125,133.64999389648438,134.4499969482422,115.13660430908203,481700,0.0
2018-08-17,134.25,135.1999969482422,133.97999572753906,135.13999938964844,115.72752380371094,658000,0.0
2018-08-20,135.3699951171875,135.8300018310547,134.8800048828125,135.52999877929688,116.06149291992188,447500,0.0
2018-08-21,135.8699951171875,137.4600067138672,135.8300018310547,137.0399932861328,117.35458374023438,641100,0.0
2018-08-22,137.02999877929688,137.44000244140625,136.77000427246094,137.10000610351562,117.40596008300781,589100,0.0
2018-08-23,136.82000732421875,137.10000610351562,136.22000122070312,136.4199981689453,116.82362365722656,991600,0.0
2018-08-24,136.72000122070312,137.02000427246094,136.47000122070312,136.83999633789062,117.18328857421875,334800,0.0
2018-08-27,137.2899932861328,137.85000610351562,136.66000366210938,136.7899932861328,117.14051818847656,512500,0.0
2018-08-28,137.13999938964844,137.22999572753906,136.1699981689453,136.6999969482422,117.06344604492188,1453600,0.0
2018-08-29,136.75,137.16000366210938,136.1300048828125,136.88999938964844,117.22611236572266,1452300,0.0
2018-08-30,136.69000244140625,137.27000427246094,136.16000366210938,136.63999938964844,117.01203155517578,916200,0.0
2018-08-31,136.1300048828125,137.1199951171875,136.1300048828125,136.8699951171875,117.20899200439453,731000,0.0
2018-09-04,136.6999969482422,136.9499969482422,135.3300018310547,136.0800018310547,116.532470703125,2020000,0.0
2018-09-05,136.0,136.33999633789062,135.3300018310547,136.13999938964844,116.58387756347656,1413500,0.0
2018-09-06,136.3300018310547,136.6300048828125,135.3000030517578,135.39999389648438,115.95016479492188,1254500,0.0
2018-09-07,134.97999572753906,135.42999267578125,134.4499969482422,134.97000122070312,115.58193969726562,660500,0.0
2018-09-10,135.49000549316406,135.72000122070312,134.77999877929688,134.97000122070312,115.58193969726562,608800,0.0
2018-09-11,134.5399932861328,135.35000610351562,134.25,134.99000549316406,115.59906005859375,799400,0.0
2018-09-12,134.8800048828125,135.32000732421875,134.00999450683594,134.77000427246094,115.41065979003906,1421100,0.0
2018-09-13,135.3699951171875,135.3699951171875,134.42999267578125,134.6699981689453,115.32503509521484,692400,0.0
2018-09-14,134.75,135.6300048828125,134.35000610351562,135.30999755859375,115.87308502197266,736100,0.0
2018-09-17,135.2899932861328,135.41000366210938,134.38999938964844,134.58999633789062,115.25652313232422,583300,0.0
2018-09-18,134.72999572753906,135.07000732421875,134.39999389648438,134.6699981689453,115.32503509521484,1237200,0.0
2018-09-19,134.67999267578125,135.52999877929688,134.27000427246094,134.5399932861328,115.21371459960938,1134900,0.0
2018-09-20,135.0399932861328,135.99000549316406,134.89999389648438,135.8800048828125,116.36119079589844,684300,0.0
2018-09-21,135.99000549316406,136.3300018310547,135.36000061035156,135.42999267578125,115.975830078125,906700,0.0
2018-09-24,135.58999633789062,135.58999633789062,133.91000366210938,134.42999267578125,115.11951446533203,504800,0.0
2018-09-25,134.80999755859375,134.86000061035156,134.3699951171875,134.3800048828125,115.07669067382812,779900,0.0
2018-09-26,134.00999450683594,134.10000610351562,132.3699951171875,132.52000427246094,113.89920806884766,955600,0.49
2018-09-27,132.6199951171875,133.1699981689453,132.33999633789062,132.4600067138672,113.8476333618164,603900,0.0
2018-09-28,132.1999969482422,133.22999572753906,132.14999389648438,133.0,114.31173706054688,1403700,0.0
2018-10-01,133.3699951171875,133.3699951171875,131.02000427246094,131.36000061035156,112.9021987915039,2192400,0.0
2018-10-02,131.3800048828125,131.9199981689453,130.47000122070312,130.74000549316406,112.36930847167969,1167600,0.0
2018-10-03,131.17999267578125,132.47000122070312,130.72000122070312,131.9199981689453,113.38351440429688,1073400,0.0
2018-10-04,131.64999389648438,131.77999877929688,130.32000732421875,130.69000244140625,112.3263168334961,863200,0.0
2018-10-05,130.72000122070312,130.9199981689453,128.92999267578125,129.82000732421875,111.57857513427734,1054600,0.0
2018-10-08,129.5500030517578,130.64999389648438,129.41000366210938,130.3699951171875,112.05130767822266,842400,0.0
2018-10-09,130.2100067138672,131.07000732421875,130.07000732421875,130.24000549316406,111.9395751953125,1448000,0.0
2018-10-10,129.94000244140625,130.32000732421875,127.16000366210938,127.27999877929688,109.3954849243164,1678200,0.0
2018-10-11,126.69000244140625,127.23999786376953,124.27999877929688,124.37000274658203,106.89436340332031,2836700,0.0
2018-10-12,125.83999633789062,125.83999633789062,122.25,123.58999633789062,106.22398376464844,1539400,0.0
2018-10-15,123.5199966430664,125.25,123.2300033569336,124.41000366210938,106.92876434326172,1610600,0.0
2018-10-16,125.13999938964844,127.30000305175781,123.97000122070312,127.05000305175781,109.19779968261719,1192300,0.0
2018-10-17,126.75,126.94000244140625,125.1500015258789,126.68000030517578,108.8797836303711,953100,0.0
2018-10-18,126.12000274658203,126.4800033569336,124.08999633789062,124.41000366210938,106.92876434326172,884800,0.0
2018-10-19,124.54000091552734,125.37000274658203,123.16999816894531,123.63999938964844,106.26695251464844,853100,0.0
2018-10-22,123.94000244140625,124.44999694824219,122.73999786376953,122.9800033569336,105.6996841430664,659900,0.0
2018-10-23,121.4800033569336,122.83999633789062,120.06999969482422,121.94000244140625,104.8058090209961,864400,0.0
2018-10-24,121.81999969482422,122.02999877929688,117.86000061035156,117.91999816894531,101.35067749023438,1280000,0.0
2018-10-25,118.5,120.75,118.13999938964844,120.20999908447266,103.31890106201172,1032100,0.0
2018-10-26,119.16999816894531,120.38999938964844,117.0999984741211,119.01000213623047,102.28752899169922,1163400,0.0
2018-10-29,120.25,121.76000213623047,118.12999725341797,119.25,102.4937973022461,1235200,0.0
2018-10-30,119.38999938964844,121.54000091552734,119.25,121.37999725341797,104.32450866699219,1529600,0.0
2018-10-31,122.47000122070312,122.4800033569336,121.0,121.1500015258789,104.12681579589844,2364100,0.0
2018-11-01,121.5999984741211,123.20999908447266,121.58000183105469,122.94999694824219,105.67387390136719,1459800,0.0
2018-11-02,123.4800033569336,123.97000122070312,122.31999969482422,123.45999908447266,106.11223602294922,1258300,0.0
2018-11-05,123.5,124.4000015258789,123.0,124.08999633789062,106.65371704101562,1302400,0.0
2018-11-06,124.01000213623047,124.91999816894531,123.7699966430664,124.66999816894531,107.15220642089844,923900,0.0
2018-11-07,125.19999694824219,126.26000213623047,124.27999877929688,126.16999816894531,108.44143676757812,1017100,0.0
2018-11-08,125.63999938964844,126.54000091552734,125.4000015258789,125.9000015258789,108.20939636230469,621700,0.0
2018-11-09,125.30000305175781,125.62000274658203,123.48999786376953,124.27999877929688,106.81700134277344,885900,0.0
2018-11-12,124.19000244140625,124.4000015258789,122.44000244140625,122.5999984741211,105.37307739257812,841000,0.0
2018-11-13,122.97000122070312,124.11000061035156,122.22000122070312,122.33000183105469,105.14100646972656,901500,0.0
2018-11-14,123.47000122070312,123.7699966430664,120.62000274658203,121.4000015258789,104.3416976928711,849600,0.0
2018-11-15,120.6500015258789,122.86000061035156,120.3499984741211,122.73999786376953,105.49341583251953,1144800,0.0
2018-11-16,122.08000183105469,123.22000122070312,121.83999633789062,123.01000213623047,105.72547912597656,502600,0.0
2018-11-19,122.68000030517578,123.31999969482422,121.22000122070312,121.72000122070312,104.6167221069336,2019000,0.0
2018-11-20,120.47000122070312,121.08999633789062,119.0999984741211,119.37000274658203,102.59693145751953,1417900,0.0
2018-11-21,119.91000366210938,121.86000061035156,119.58999633789062,120.58999633789062,103.64550018310547,611200,0.0
2018-11-23,119.80999755859375,121.22000122070312,119.68000030517578,120.31999969482422,103.41341400146484,471500,0.0
2018-11-26,121.47000122070312,122.1500015258789,120.80999755859375,121.41000366210938,104.35029602050781,722100,0.0
2018-11-27,121.01000213623047,121.54000091552734,120.43000030517578,120.68000030517578,103.7228775024414,835500,0.0
2018-11-28,120.9800033569336,123.02999877929688,119.62000274658203,122.95999908447266,105.68250274658203,1664800,0.0
2018-11-29,122.54000091552734,123.25,121.61000061035156,122.55999755859375,105.33868408203125,946200,0.0
2018-11-30,122.23999786376953,123.26000213623047,121.91999816894531,123.05999755859375,105.76844024658203,1031500,0.0
2018-12-03,124.31999969482422,124.37000274658203,122.29000091552734,123.8499984741211,106.44744873046875,1276600,0.0
2018-12-04,123.76000213623047,123.91999816894531,118.63999938964844,118.94999694824219,102.23594665527344,2871400,0.0
2018-12-06,117.4000015258789,118.55000305175781,115.73999786376953,118.5199966430664,101.86637115478516,2101400,0.0
2018-12-07,118.62000274658203,119.43000030517578,116.23999786376953,116.83000183105469,100.41387176513672,1760300,0.0
2018-12-10,117.0,117.19999694824219,114.33999633789062,115.83000183105469,99.55436706542969,2408100,0.0
2018-12-11,117.33000183105469,117.69999694824219,115.08999633789062,115.69999694824219,99.44263458251953,3879600,0.0
2018-12-12,116.80999755859375,118.02999877929688,116.47000122070312,116.55000305175781,100.17317962646484,1919400,0.0
2018-12-13,116.76000213623047,117.25,114.91000366210938,115.0999984741211,98.92693328857422,1476700,0.0
2018-12-14,114.4000015258789,115.45999908447266,113.08000183105469,113.51000213623047,97.56031799316406,1613500,0.0
2018-12-17,112.62000274658203,113.68000030517578,110.0999984741211,110.70999908447266,95.66366577148438,2907800,0.605
2018-12-18,111.4800033569336,112.18000030517578,110.1500015258789,110.37000274658203,95.36988830566406,2660800,0.0
2018-12-19,110.41000366210938,111.62000274658203,107.62999725341797,108.08999633789062,93.39974212646484,1803000,0.0
2018-12-20,107.77999877929688,108.61000061035156,105.6500015258789,106.7300033569336,92.22457122802734,3226200,0.0
2018-12-21,107.13999938964844,108.04000091552734,104.29000091552734,104.44999694824219,90.25444793701172,3697100,0.0
2018-12-24,104.1500015258789,104.44999694824219,102.04000091552734,102.04000091552734,88.17198181152344,1587100,0.0
2018-12-26,102.37000274658203,106.37000274658203,101.56999969482422,106.27999877929688,91.8357162475586,3213700,0.0
2018-12-27,104.9000015258789,106.44000244140625,103.0999984741211,106.44000244140625,91.97398376464844,3416800,0.0
2018-12-28,106.58000183105469,108.51000213623047,106.08999633789062,106.97000122070312,92.43197631835938,2631500,0.0
2018-12-31,107.55999755859375,107.7699966430664,105.79000091552734,107.54000091552734,92.92447662353516,2875500,0.0
2019-01-02,106.31999969482422,108.87999725341797,105.79000091552734,108.4000015258789,93.66761016845703,1308100,0.0
2019-01-03,107.97000122070312,108.91000366210938,106.54000091552734,107.18000030517578,92.61341857910156,1530800,0.0
2019-01-04,108.27999877929688,110.95999908447266,108.27999877929688,110.80999755859375,95.75004577636719,1083200,0.0
2019-01-07,110.69999694824219,112.72000122070312,110.04000091552734,112.0199966430664,96.79562377929688,1449700,0.0
2019-01-08,113.05000305175781,113.80999755859375,112.08999633789062,113.76000213623047,98.29914093017578,2015600,0.0
2019-01-09,114.22000122070312,114.91999816894531,113.56999969482422,114.62999725341797,99.05088806152344,1588300,0.0
2019-01-10,114.05000305175781,115.12999725341797,113.55000305175781,115.04000091552734,99.40518188476562,750700,0.0
2019-01-11,114.55000305175781,115.38999938964844,114.37000274658203,115.12999725341797,99.4829330444336,1821900,0.0
2019-01-14,114.54000091552734,115.16000366210938,114.08000183105469,114.30000305175781,98.76573181152344,1418200,0.0
2019-01-15,114.52999877929688,115.0,114.0,114.91999816894531,99.30147552490234,1131400,0.0
2019-01-16,115.05999755859375,116.2300033569336,115.05999755859375,115.94999694824219,100.19149017333984,573100,0.0
2019-01-17,115.55000305175781,117.06999969482422,115.55000305175781,116.81999969482422,100.94327545166016,796500,0.0
2019-01-18,117.29000091552734,118.3499984741211,117.01000213623047,117.91999816894531,101.89376831054688,914600,0.0
2019-01-22,117.2300033569336,117.54000091552734,115.61000061035156,116.26000213623047,100.4593734741211,2041000,0.0
2019-01-23,116.56999969482422,117.06999969482422,115.38999938964844,116.11000061035156,100.32974243164062,661800,0.0
2019-01-24,115.97000122070312,116.97000122070312,115.91000366210938,116.7699966430664,100.90006256103516,1116900,0.0
2019-01-25,117.5999984741211,118.30000305175781,117.44999694824219,118.05999755859375,102.01472473144531,531500,0.0
2019-01-28,117.18000030517578,117.91000366210938,116.68000030517578,117.73999786376953,101.73824310302734,2304400,0.0
2019-01-29,117.83000183105469,118.16000366210938,117.5,117.69000244140625,101.69503021240234,505800,0.0
2019-01-30,118.05999755859375,119.12999725341797,117.2300033569336,118.66000366210938,102.53321075439453,459500,0.0
2019-01-31,118.5,119.37999725341797,118.33999633789062,119.2699966430664,103.06028747558594,772400,0.0
2019-02-01,119.5999984741211,119.80000305175781,118.91999816894531,119.41000366210938,103.18126678466797,500000,0.0
2019-02-04,119.4800033569336,120.5999984741211,118.94000244140625,120.58999633789062,104.20088195800781,640400,0.0
2019-02-05,120.72000122070312,120.9000015258789,119.91999816894531,120.75,104.3391342163086,921800,0.0
2019-02-06,120.66999816894531,120.83000183105469,120.08999633789062,120.51000213623047,104.13176727294922,338300,0.0
2019-02-07,119.88999938964844,120.55999755859375,119.02999877929688,120.05000305175781,103.73428344726562,337200,0.0
2019-02-08,119.54000091552734,120.22000122070312,119.01000213623047,119.80000305175781,103.51825714111328,248500,0.0
2019-02-11,120.0999984741211,120.72000122070312,119.58000183105469,120.68000030517578,104.2786636352539,389300,0.0
2019-02-12,121.27999877929688,122.0,121.26000213623047,121.69999694824219,105.16002655029297,497200,0.0
2019-02-13,122.02999877929688,122.41999816894531,121.63999938964844,122.22000122070312,105.60936737060547,335400,0.0
2019-02-14,121.68000030517578,122.79000091552734,121.36000061035156,122.22000122070312,105.60936737060547,382600,0.0
2019-02-15,122.97000122070312,124.2699966430664,122.69000244140625,124.05000305175781,107.19066619873047,270500,0.0
2019-02-19,123.69999694824219,124.94999694824219,123.5999984741211,124.63999938964844,107.700439453125,338100,0.0
2019-02-20,124.68000030517578,125.63999938964844,124.55999755859375,125.5,108.44359588623047,1055400,0.0
2019-02-21,125.30000305175781,125.41000366210938,124.45999908447266,125.02999877929688,108.03746795654297,482800,0.0
2019-02-22,125.36000061035156,125.97000122070312,125.26000213623047,125.80000305175781,108.70281219482422,619300,0.0
2019-02-25,126.33999633789062,126.58000183105469,125.41000366210938,125.47000122070312,108.41765594482422,1227800,0.0
2019-02-26,125.2300033569336,125.52999877929688,124.37000274658203,124.45999908447266,107.544921875,1367700,0.0
2019-02-27,124.0999984741211,124.58000183105469,123.77999877929688,124.44999694824219,107.53628540039062,388900,0.0
2019-02-28,124.30000305175781,124.4800033569336,123.69999694824219,123.91999816894531,107.07830810546875,356300,0.0
2019-03-01,124.77999877929688,125.05999755859375,123.62000274658203,124.58999633789062,107.65726470947266,851000,0.0
2019-03-04,124.81999969482422,125.08999633789062,123.11000061035156,124.02999877929688,107.17337799072266,1040600,0.0
2019-03-05,124.18000030517578,124.18000030517578,123.22000122070312,123.36000061035156,106.59443664550781,310600,0.0
2019-03-06,123.26000213623047,123.3499984741211,121.05000305175781,121.08000183105469,104.6242904663086,1671800,0.0
2019-03-07,121.06999969482422,121.0999984741211,119.58999633789062,119.75,103.47505187988281,964600,0.0
2019-03-08,119.0999984741211,119.76000213623047,119.0999984741211,119.66000366210938,103.39729309082031,520100,0.0
2019-03-11,119.97000122070312,121.54000091552734,119.87999725341797,121.52999877929688,105.01314544677734,937100,0.0
2019-03-12,121.77999877929688,122.08999633789062,121.20999908447266,121.52999877929688,105.01314544677734,369800,0.0
2019-03-13,121.9000015258789,122.52999877929688,121.8499984741211,121.97000122070312,105.39335632324219,671900,0.0
2019-03-14,121.94999694824219,122.05000305175781,121.36000061035156,121.5,104.98719787597656,475200,0.0
2019-03-15,121.62999725341797,122.66999816894531,121.44999694824219,121.73999786376953,105.19461822509766,862700,0.0
2019-03-18,121.95999908447266,123.0199966430664,121.66999816894531,122.58999633789062,105.9290771484375,564000,0.0
2019-03-19,123.05000305175781,123.19000244140625,121.20999908447266,121.45999908447266,104.95264434814453,758400,0.0
2019-03-20,120.91000366210938,121.5199966430664,119.38999938964844,119.86000061035156,104.01282501220703,826600,0.517
2019-03-21,119.47000122070312,121.77999877929688,119.4000015258789,120.95999908447266,104.9674072265625,589400,0.0
2019-03-22,120.27999877929688,120.41999816894531,116.9800033569336,116.9800033569336,101.51362609863281,2409100,0.0
2019-03-25,116.93000030517578,118.30999755859375,116.1500015258789,117.47000122070312,101.93883514404297,1015200,0.0
2019-03-26,118.37999725341797,119.5,118.08999633789062,118.97000122070312,103.24052429199219,1485300,0.0
2019-03-27,119.02999877929688,119.52999877929688,117.79000091552734,119.05999755859375,103.31861877441406,731200,0.0
2019-03-28,119.36000061035156,120.05000305175781,118.61000061035156,119.91000366210938,104.05623626708984,730100,0.0
2019-03-29,120.62999725341797,120.83999633789062,119.19000244140625,119.9000015258789,104.04756927490234,1108800,0.0
2019-04-01,120.51000213623047,121.56999969482422,120.43000030517578,121.48999786376953,105.42733001708984,1405900,0.0
2019-04-02,121.58999633789062,121.66000366210938,120.5,120.9800033569336,104.98475646972656,535800,0.0
2019-04-03,121.87999725341797,122.26000213623047,121.02999877929688,121.2699966430664,105.23640441894531,660800,0.0
2019-04-04,121.36000061035156,122.41999816894531,121.36000061035156,122.41000366210938,106.22569274902344,479600,0.0
2019-04-05,122.66999816894531,123.69000244140625,122.5199966430664,123.62999725341797,107.28437042236328,1429100,0.0
2019-04-08,123.2300033569336,123.66000366210938,122.88999938964844,123.4800033569336,107.15422821044922,839200,0.0
2019-04-09,122.97000122070312,123.08999633789062,121.70999908447266,121.93000030517578,105.80916595458984,1053700,0.0
2019-04-10,122.08000183105469,123.58999633789062,122.02999877929688,123.5199966430664,107.18891143798828,705600,0.0
2019-04-11,123.69000244140625,123.94999694824219,123.16999816894531,123.51000213623047,107.18025970458984,860400,0.0
2019-04-12,124.16000366210938,124.4800033569336,123.5,124.16999816894531,107.75299835205078,539900,0.0
2019-04-15,124.3499984741211,124.55999755859375,123.25,123.52999877929688,107.19760131835938,528100,0.0
2019-04-16,123.94000244140625,124.18000030517578,123.45999908447266,124.12999725341797,107.71827697753906,356400,0.0
2019-04-17,124.44999694824219,124.44999694824219,123.1500015258789,123.66999816894531,107.31912231445312,578300,0.0
2019-04-18,123.55000305175781,123.79000091552734,122.91000366210938,123.16000366210938,106.87655639648438,885200,0.0
2019-04-22,122.95999908447266,123.05999755859375,121.63999938964844,122.18000030517578,106.02610778808594,4138800,0.0
2019-04-23,122.41999816894531,124.33000183105469,122.30999755859375,124.0,107.60547637939453,703300,0.0
2019-04-24,124.06999969482422,124.7300033569336,123.8499984741211,124.31999969482422,107.88316345214844,671500,0.0
2019-04-25,123.80999755859375,123.80999755859375,122.12000274658203,122.98999786376953,106.72901916503906,447600,0.0
2019-04-26,123.13999938964844,124.19000244140625,122.8499984741211,124.05999755859375,107.65754699707031,340600,0.0
2019-04-29,124.37000274658203,125.16000366210938,124.16999816894531,124.68000030517578,108.19557189941406,558000,0.0
2019-04-30,124.80999755859375,124.80999755859375,123.44000244140625,124.33000183105469,107.891845703125,914200,0.0
2019-05-01,124.6500015258789,124.83000183105469,123.31999969482422,123.38999938964844,107.07612609863281,797100,0.0
2019-05-02,123.08999633789062,124.30000305175781,122.55999755859375,123.69999694824219,107.34513092041016,514400,0.0
2019-05-03,124.3499984741211,126.12000274658203,124.2699966430664,126.0199966430664,109.35840606689453,606900,0.0
2019-05-06,124.29000091552734,126.38999938964844,124.29000091552734,126.05999755859375,109.39310455322266,453100,0.0
2019-05-07,125.06999969482422,125.41999816894531,122.98999786376953,123.91000366210938,107.52737426757812,539200,0.0
2019-05-08,123.70999908447266,124.23999786376953,123.05000305175781,123.12000274658203,106.84183502197266,470100,0.0
2019-05-09,122.1500015258789,123.13999938964844,121.2699966430664,122.7699966430664,106.53810119628906,684700,0.0
2019-05-10,122.5,123.4800033569336,121.20999908447266,123.37000274658203,107.05877685546875,430100,0.0
2019-05-13,121.48999786376953,121.66000366210938,119.5199966430664,119.88999938964844,104.03887939453125,817700,0.0
2019-05-14,119.98999786376953,121.61000061035156,119.8499984741211,121.27999877929688,105.24508666992188,726200,0.0
2019-05-15,120.26000213623047,121.56999969482422,120.0,121.38999938964844,105.3405532836914,1418100,0.0
2019-05-16,121.6500015258789,122.73999786376953,121.61000061035156,121.95999908447266,105.835205078125,851400,0.0
2019-05-17,120.9800033569336,122.05000305175781,120.2699966430664,120.37000274658203,104.45541381835938,471800,0.0
2019-05-20,119.66000366210938,120.3499984741211,119.36000061035156,119.58000183105469,103.76985168457031,500700,0.0
2019-05-21,120.29000091552734,121.0199966430664,120.18000030517578,120.80000305175781,104.82856750488281,1152400,0.0
2019-05-22,120.33999633789062,120.48999786376953,119.2300033569336,119.5199966430664,103.7177963256836,369800,0.0
2019-05-23,118.55000305175781,118.55999755859375,116.70999908447266,117.29000091552734,101.78262329101562,779500,0.0
2019-05-24,117.94999694824219,118.38999938964844,117.58000183105469,118.18000030517578,102.55494689941406,317200,0.0
2019-05-28,118.37999725341797,118.62999725341797,117.01000213623047,117.01000213623047,101.5396499633789,491200,0.0
2019-05-29,116.55999755859375,116.5999984741211,115.44000244140625,116.30000305175781,100.92351531982422,655300,0.0
2019-05-30,116.55000305175781,117.16000366210938,115.01000213623047,115.58999633789062,100.3073959350586,998800,0.0
2019-05-31,114.44000244140625,114.62999725341797,113.76000213623047,114.13999938964844,99.04911804199219,2001600,0.0
2019-06-03,114.2699966430664,115.51000213623047,114.04000091552734,115.05000305175781,99.83879089355469,1037000,0.0
2019-06-04,116.0999984741211,117.77999877929688,116.01000213623047,117.69000244140625,102.12974548339844,664000,0.0
2019-06-05,118.12000274658203,118.18000030517578,116.33000183105469,117.30999755859375,101.80001068115234,1028000,0.0
2019-06-06,117.56999969482422,117.81999969482422,116.06999969482422,117.3499984741211,101.83470916748047,384800,0.0
2019-06-07,117.70999908447266,118.37999725341797,117.29000091552734,117.68000030517578,102.1210708618164,843400,0.0
2019-06-10,118.11000061035156,119.12000274658203,118.02999877929688,118.27999877929688,102.64176177978516,638700,0.0
2019-06-11,119.0999984741211,119.37000274658203,117.88999938964844,118.2699966430664,102.63304138183594,654400,0.0
2019-06-12,118.27999877929688,118.47000122070312,117.72000122070312,118.06999969482422,102.45948791503906,547600,0.0
2019-06-13,118.63999938964844,119.33999633789062,118.45999908447266,119.19999694824219,103.44007873535156,600900,0.0
2019-06-14,119.1500015258789,119.16000366210938,118.41999816894531,118.45999908447266,102.79793548583984,603800,0.0
2019-06-17,118.01000213623047,118.41999816894531,117.70999908447266,117.95999908447266,102.8711929321289,2177900,0.584
2019-06-18,118.69999694824219,120.16000366210938,118.5199966430664,119.30999755859375,104.04849243164062,1419500,0.0
2019-06-19,119.4800033569336,119.81999969482422,119.13999938964844,119.6500015258789,104.34503936767578,508800,0.0
2019-06-20,120.68000030517578,120.70999908447266,119.61000061035156,120.16999816894531,104.79852294921875,983500,0.0
2019-06-21,119.95999908447266,119.95999908447266,119.04000091552734,119.44999694824219,104.17060852050781,1536600,0.0
2019-06-24,119.4000015258789,119.5199966430664,117.83999633789062,117.83999633789062,102.76652526855469,509900,0.0
2019-06-25,118.11000061035156,118.30000305175781,117.41000366210938,117.52999877929688,102.49620819091797,784000,0.0
2019-06-26,117.83999633789062,118.12999725341797,117.2300033569336,117.23999786376953,102.24330139160156,542200,0.0
2019-06-27,117.56999969482422,119.13999938964844,117.56999969482422,119.12000274658203,103.88280487060547,653000,0.0
2019-06-28,119.4000015258789,120.9800033569336,119.38999938964844,120.5,105.08628845214844,2304300,0.0
2019-07-01,122.23999786376953,122.61000061035156,120.30999755859375,120.97000122070312,105.4961929321289,873800,0.0
2019-07-02,120.9800033569336,120.9800033569336,119.44000244140625,120.0999984741211,104.7374496459961,633400,0.0
2019-07-03,120.4800033569336,120.97000122070312,120.13999938964844,120.88999938964844,105.42639923095703,300100,0.0
2019-07-05,120.33999633789062,121.58999633789062,120.0199966430664,121.58999633789062,106.036865234375,262100,0.0
2019-07-08,121.08999633789062,121.52999877929688,120.27999877929688,120.41999816894531,105.01654052734375,509800,0.0
2019-07-09,119.91999816894531,120.38999938964844,119.68000030517578,120.30000305175781,104.91187286376953,706800,0.0
2019-07-10,120.87999725341797,121.1500015258789,119.9000015258789,120.37000274658203,104.97291564941406,402500,0.0
2019-07-11,120.58000183105469,120.62000274658203,119.25,119.69000244140625,104.37992095947266,381800,0.0
2019-07-12,119.87999725341797,121.2300033569336,119.8499984741211,120.7300033569336,105.28688049316406,1053500,0.0
2019-07-15,121.05999755859375,121.16999816894531,119.36000061035156,119.6500015258789,104.34503936767578,1412200,0.0
2019-07-16,119.68000030517578,120.66000366210938,119.1500015258789,119.97000122070312,104.62409210205078,849500,0.0
2019-07-17,119.88999938964844,119.94000244140625,118.5,118.76000213623047,103.5688705444336,695200,0.0
2019-07-18,118.76000213623047,119.19000244140625,118.33000183105469,118.94999694824219,103.73455047607422,437800,0.0
2019-07-19,119.22000122070312,119.54000091552734,118.5999984741211,118.63999938964844,103.46421813964844,484300,0.0
2019-07-22,118.72000122070312,119.0999984741211,117.9800033569336,118.2300033569336,103.10665893554688,526800,0.0
2019-07-23,118.61000061035156,119.43000030517578,118.4000015258789,119.41999816894531,104.14443969726562,686800,0.0
2019-07-24,119.12000274658203,121.56999969482422,119.12000274658203,121.41000366210938,105.8798828125,1056500,0.0
2019-07-25,121.38999938964844,121.55999755859375,119.68000030517578,119.9800033569336,104.63282012939453,480900,0.0
2019-07-26,120.2300033569336,121.45999908447266,120.08000183105469,121.30999755859375,105.79269409179688,483800,0.0
2019-07-29,121.23999786376953,121.33999633789062,120.26000213623047,120.54000091552734,105.12117767333984,375100,0.0
2019-07-30,119.61000061035156,121.97000122070312,119.3499984741211,121.97000122070312,106.36825561523438,462100,0.0
2019-07-31,121.83000183105469,122.91999816894531,120.44999694824219,120.95999908447266,105.48745727539062,1053700,0.0
2019-08-01,121.12999725341797,121.63999938964844,118.0999984741211,118.44999694824219,103.29850006103516,1032700,0.0
2019-08-02,118.06999969482422,118.19000244140625,116.4000015258789,117.30999755859375,102.30435943603516,605600,0.0
2019-08-05,115.55999755859375,115.70999908447266,112.63999938964844,113.91999816894531,99.34796142578125,960300,0.0
2019-08-06,114.62000274658203,115.0999984741211,113.08999633789062,114.68000030517578,100.01075744628906,442700,0.0
2019-08-07,113.5199966430664,114.8499984741211,112.4000015258789,114.55000305175781,99.89739227294922,544200,0.0
2019-08-08,115.30999755859375,117.06999969482422,115.20999908447266,117.02999877929688,102.0601577758789,404800,0.0
2019-08-09,116.62000274658203,116.66999816894531,115.16000366210938,115.48999786376953,100.7171401977539,537200,0.0
2019-08-12,114.94999694824219,115.05000305175781,113.91999816894531,114.12000274658203,99.52240753173828,372500,0.0
2019-08-13,113.91000366210938,116.52999877929688,113.36000061035156,115.06999969482422,100.35086059570312,393600,0.0
2019-08-14,113.36000061035156,113.36000061035156,111.54000091552734,111.76000213623047,97.46430969238281,671500,0.0
2019-08-15,112.12000274658203,112.26000213623047,110.76000213623047,111.30999755859375,97.0718002319336,574200,0.0
2019-08-16,112.01000213623047,114.0199966430664,111.88999938964844,113.81999969482422,99.26074981689453,554600,0.0
2019-08-19,115.22000122070312,115.70999908447266,114.87000274658203,115.2300033569336,100.49040222167969,779800,0.0
2019-08-20,115.05000305175781,115.05000305175781,114.19000244140625,114.29000091552734,99.670654296875,536400,0.0
2019-08-21,115.30999755859375,115.48999786376953,114.66000366210938,115.16999816894531,100.43806457519531,492300,0.0
2019-08-22,115.4800033569336,115.83999633789062,114.55999755859375,115.08999633789062,100.36831665039062,377000,0.0
2019-08-23,114.45999908447266,114.87999725341797,111.08000183105469,111.44999694824219,97.19393157958984,1185500,0.0
2019-08-26,112.55000305175781,112.68000030517578,111.77999877929688,112.68000030517578,98.2665786743164,712700,0.0
2019-08-27,113.4000015258789,113.4000015258789,110.83999633789062,110.83999633789062,96.66193389892578,557600,0.0
2019-08-28,110.7300033569336,112.91999816894531,110.5199966430664,112.26000213623047,97.90032196044922,485700,0.0
2019-08-29,113.52999877929688,114.58999633789062,113.44999694824219,114.41999816894531,99.78402709960938,396400,0.0
2019-08-30,115.02999877929688,115.05000305175781,113.72000122070312,114.19999694824219,99.59215545654297,869600,0.0
2019-09-03,113.05000305175781,113.56999969482422,112.1500015258789,112.79000091552734,98.36251068115234,1735700,0.0
2019-09-04,113.8499984741211,114.12999725341797,113.37000274658203,113.86000061035156,99.295654296875,640100,0.0
2019-09-05,115.38999938964844,117.2699966430664,115.02999877929688,116.26000213623047,101.3886489868164,1064000,0.0
2019-09-06,116.22000122070312,116.69999694824219,115.77999877929688,115.97000122070312,101.13572692871094,636900,0.0
2019-09-09,116.30999755859375,118.66999816894531,116.30999755859375,118.58999633789062,103.42060852050781,1806100,0.0
2019-09-10,118.5999984741211,120.56999969482422,118.37000274658203,120.55000305175781,105.12989807128906,1938800,0.0
2019-09-11,120.97000122070312,123.0199966430664,120.0,122.88999938964844,107.17057037353516,1157100,0.0
2019-09-12,122.94999694824219,123.41999816894531,121.52999877929688,123.02999877929688,107.29267883300781,1549400,0.0
2019-09-13,123.80000305175781,124.75,123.18000030517578,123.41000366210938,107.62407684326172,2327200,0.0
2019-09-16,123.33000183105469,124.5999984741211,123.08000183105469,123.95999908447266,108.10372924804688,762100,0.0
2019-09-17,123.5999984741211,123.5999984741211,122.27999877929688,123.05000305175781,107.31010437011719,1038200,0.0
2019-09-18,122.98999786376953,123.05000305175781,121.37999725341797,122.2300033569336,106.59500122070312,671700,0.0
2019-09-19,122.43000030517578,123.19000244140625,121.44999694824219,121.58000183105469,106.02816009521484,479300,0.0
2019-09-20,121.41000366210938,122.54000091552734,120.83999633789062,121.31999969482422,105.8014144897461,996200,0.0
2019-09-23,121.13999938964844,122.18000030517578,120.63999938964844,121.73999786376953,106.16768646240234,1037000,0.0
2019-09-24,121.4800033569336,121.5,119.33999633789062,119.69000244140625,104.87264251708984,1751000,0.572
2019-09-25,119.61000061035156,121.5,119.4800033569336,121.29000091552734,106.27457427978516,1159000,0.0
2019-09-26,121.22000122070312,121.22000122070312,119.7699966430664,120.08999633789062,105.22312927246094,772300,0.0
2019-09-27,120.36000061035156,120.94000244140625,119.08000183105469,119.62999725341797,104.82007598876953,1362500,0.0
2019-09-30,119.76000213623047,120.16999816894531,119.20999908447266,119.41000366210938,104.6273193359375,1007800,0.0
2019-10-01,120.05999755859375,120.9800033569336,116.94999694824219,117.31999969482422,102.79602813720703,829100,0.0
2019-10-02,116.62000274658203,116.81999969482422,115.18000030517578,116.16000366210938,101.77965545654297,810300,0.0
2019-10-03,115.91000366210938,116.43000030517578,114.41999816894531,116.25,101.85850524902344,674000,0.0
2019-10-04,116.44000244140625,117.44999694824219,115.79000091552734,117.41000366210938,102.87491607666016,711600,0.0
2019-10-07,117.19000244140625,118.20999908447266,116.62999725341797,117.33000183105469,102.8048324584961,1903000,0.0
2019-10-08,116.2699966430664,116.41999816894531,115.2699966430664,115.4800033569336,101.18384552001953,777100,0.0
2019-10-09,116.25,116.37999725341797,115.51000213623047,115.87000274658203,101.52555084228516,2071100,0.0
2019-10-10,116.06999969482422,117.06999969482422,115.98999786376953,116.4800033569336,102.06006622314453,673500,0.0
2019-10-11,117.91999816894531,119.69000244140625,117.87999725341797,118.37000274658203,103.716064453125,997600,0.0
2019-10-14,117.94999694824219,118.25,117.3499984741211,117.91000366210938,103.31301879882812,255700,0.0
2019-10-15,118.29000091552734,119.68000030517578,117.83999633789062,119.01000213623047,104.27684020996094,351900,0.0
2019-10-16,118.80999755859375,119.9800033569336,118.80999755859375,119.31999969482422,104.54844665527344,1216400,0.0
2019-10-17,119.94999694824219,120.62000274658203,119.55000305175781,120.4800033569336,105.56485748291016,1021400,0.0
2019-10-18,120.11000061035156,120.69000244140625,119.45999908447266,120.36000061035156,105.459716796875,741400,0.0
2019-10-21,121.4000015258789,122.2699966430664,121.29000091552734,121.51000213623047,106.46733856201172,442700,0.0
2019-10-22,121.80000305175781,122.76000213623047,121.16000366210938,122.06999969482422,106.95802307128906,757300,0.0
2019-10-23,122.16999816894531,122.54000091552734,121.5,122.54000091552734,107.36983489990234,431400,0.0
2019-10-24,122.94999694824219,122.94999694824219,121.44999694824219,121.86000061035156,106.77401733398438,907800,0.0
2019-10-25,121.81999969482422,122.9000015258789,121.66999816894531,122.55000305175781,107.37859344482422,389300,0.0
2019-10-28,123.06999969482422,124.01000213623047,123.06999969482422,123.37999725341797,108.10585021972656,547500,0.0
2019-10-29,123.22000122070312,124.1500015258789,122.88999938964844,123.80999755859375,108.48257446289062,1022100,0.0
2019-10-30,123.8499984741211,123.8499984741211,122.45999908447266,123.12000274658203,107.87803649902344,1002500,0.0
2019-10-31,123.05999755859375,123.12999725341797,121.45999908447266,122.38999938964844,107.23839569091797,1879600,0.0
2019-11-01,123.12999725341797,124.41000366210938,122.87000274658203,124.38999938964844,108.9908218383789,835700,0.0
2019-11-04,125.36000061035156,125.72000122070312,125.05999755859375,125.61000061035156,110.0597915649414,1047200,0.0
2019-11-05,125.69000244140625,126.73999786376953,125.47000122070312,125.72000122070312,110.1561508178711,1215200,0.0
2019-11-06,125.58999633789062,125.6500015258789,124.5999984741211,124.98999786376953,109.51651763916016,704900,0.0
2019-11-07,126.16000366210938,126.55999755859375,124.98999786376953,125.33999633789062,109.82319641113281,943200,0.0
2019-11-08,125.18000030517578,125.58999633789062,124.66000366210938,125.43000030517578,109.90205383300781,1060400,0.0
2019-11-11,124.72000122070312,125.19999694824219,124.4000015258789,125.0,109.5252685546875,299900,0.0
2019-11-12,125.16000366210938,125.76000213623047,124.7300033569336,124.91000366210938,109.44644927978516,406000,0.0
2019-11-13,124.16999816894531,124.47000122070312,123.5999984741211,124.12000274658203,108.75422668457031,642500,0.0
2019-11-14,124.11000061035156,124.79000091552734,123.95999908447266,124.19000244140625,108.8155746459961,550900,0.0
2019-11-15,125.0,125.06999969482422,124.18000030517578,124.45999908447266,109.05215454101562,470100,0.0
2019-11-18,124.31999969482422,124.3499984741211,123.68000030517578,123.97000122070312,108.62279510498047,574700,0.0
2019-11-19,124.61000061035156,124.66999816894531,123.69000244140625,124.0999984741211,108.73670196533203,340000,0.0
2019-11-20,123.75,124.31999969482422,122.68000030517578,123.56999969482422,108.2723388671875,542100,0.0
2019-11-21,123.77999877929688,123.77999877929688,122.43000030517578,122.91999816894531,107.7027816772461,580800,0.0
2019-11-22,123.4000015258789,123.58999633789062,122.72000122070312,123.18000030517578,107.93059539794922,390600,0.0
2019-11-25,123.7699966430664,125.72000122070312,123.61000061035156,125.4800033569336,109.94586181640625,734500,0.0
2019-11-26,125.44000244140625,126.0,125.04000091552734,125.19999694824219,109.70051574707031,542500,0.0
2019-11-27,125.79000091552734,126.08999633789062,125.5,126.0199966430664,110.41901397705078,896600,0.0
2019-11-29,125.8499984741211,125.9800033569336,125.12000274658203,125.12000274658203,109.63043975830078,407800,0.0
2019-12-02,125.5,125.5,124.05999755859375,124.11000061035156,108.74546813964844,766600,0.0
2019-12-03,123.25,123.4800033569336,122.33999633789062,123.47000122070312,108.18470001220703,627200,0.0
2019-12-04,123.9800033569336,124.80999755859375,123.88999938964844,124.38999938964844,108.9908218383789,477000,0.0
2019-12-05,124.87000274658203,124.9800033569336,124.19000244140625,124.5999984741211,109.17481994628906,647100,0.0
2019-12-06,125.83999633789062,126.72000122070312,125.83999633789062,126.22000122070312,110.5942611694336,463000,0.0
2019-12-09,126.12999725341797,126.52999877929688,125.98999786376953,126.0999984741211,110.48908996582031,787100,0.0
2019-12-10,126.16000366210938,126.48999786376953,125.86000061035156,126.29000091552734,110.65557098388672,641900,0.0
2019-12-11,126.52999877929688,126.66000366210938,125.86000061035156,126.27999877929688,110.64680480957031,483000,0.0
2019-12-12,126.56999969482422,128.42999267578125,126.18000030517578,127.69000244140625,111.88228607177734,1113600,0.0
2019-12-13,127.8499984741211,128.1300048828125,126.43000030517578,126.9000015258789,111.19007110595703,1478900,0.0
2019-12-16,127.11000061035156,127.80999755859375,126.9800033569336,127.0199966430664,111.99951171875,1337300,0.798
2019-12-17,127.26000213623047,128.05999755859375,127.16000366210938,127.94000244140625,112.81071472167969,1117800,0.0
2019-12-18,128.39999389648438,128.6199951171875,127.81999969482422,128.49000549316406,113.29566955566406,1038200,0.0
2019-12-19,128.55999755859375,128.8699951171875,128.3699951171875,128.7899932861328,113.56019592285156,814900,0.0
2019-12-20,129.22999572753906,129.27000427246094,128.6699981689453,128.6699981689453,113.45439910888672,1736300,0.0
2019-12-23,129.07000732421875,129.07000732421875,128.30999755859375,128.7100067138672,113.48966217041016,702200,0.0
2019-12-24,128.80999755859375,128.97000122070312,128.55999755859375,128.8699951171875,113.63075256347656,277300,0.0
2019-12-26,129.19000244140625,129.25999450683594,128.75,129.0,113.745361328125,544300,0.0
2019-12-27,129.36000061035156,129.36000061035156,128.22000122070312,128.41000366210938,113.22514343261719,732400,0.0
2019-12-30,128.52999877929688,129.0399932861328,127.97000122070312,128.4199981689453,113.23395538330078,1790400,0.0
2019-12-31,128.2100067138672,129.1999969482422,127.87999725341797,128.5800018310547,113.37503814697266,2965100,0.0
2020-01-02,129.47000122070312,129.47000122070312,127.5,128.44000244140625,113.25160217285156,1124400,0.0
2020-01-03,127.26000213623047,128.22999572753906,127.0,128.0800018310547,112.93416595458984,679300,0.0
2020-01-06,127.37999725341797,128.2899932861328,126.94000244140625,128.10000610351562,112.95179748535156,1568100,0.0
2020-01-07,127.80000305175781,127.95999908447266,127.16000366210938,127.44999694824219,112.3786392211914,631400,0.0
2020-01-08,127.52999877929688,128.16000366210938,127.23999786376953,127.5199966430664,112.44039154052734,1266000,0.0
2020-01-09,128.05999755859375,128.08999633789062,127.0999984741211,127.22000122070312,112.17586517333984,988900,0.0
2020-01-10,127.37999725341797,127.37999725341797,126.06999969482422,126.52999877929688,111.56745147705078,1130400,0.0
2020-01-13,126.6500015258789,127.5,126.05000305175781,127.47000122070312,112.39629364013672,1782400,0.0
2020-01-14,127.47000122070312,128.3800048828125,126.69000244140625,127.66999816894531,112.57263946533203,987200,0.0
2020-01-15,127.41000366210938,128.3800048828125,127.19000244140625,127.91000366210938,112.7842788696289,565700,0.0
2020-01-16,128.77999877929688,129.89999389648438,128.5,129.5,114.18624114990234,1281100,0.0
2020-01-17,130.0,130.16000366210938,128.9600067138672,129.07000732421875,113.80708312988281,777100,0.0
2020-01-21,128.74000549316406,128.74000549316406,127.6500015258789,127.87999725341797,112.75780487060547,1001200,0.0
2020-01-22,128.16000366210938,128.27000427246094,127.30999755859375,127.62999725341797,112.5373764038086,977000,0.0
2020-01-23,127.27999877929688,127.98999786376953,125.97000122070312,127.72000122070312,112.6167221069336,878000,0.0
2020-01-24,127.98999786376953,127.98999786376953,125.12999725341797,126.0,111.10012817382812,1347000,0.0
2020-01-27,124.16000366210938,125.11000061035156,123.95999908447266,124.4000015258789,109.6893539428711,1250700,0.0
2020-01-28,125.08000183105469,125.56999969482422,124.75,124.98999786376953,110.20958709716797,923500,0.0
2020-01-29,125.3499984741211,125.58999633789062,124.13999938964844,124.13999938964844,109.4600830078125,560400,0.0
2020-01-30,123.41000366210938,124.44999694824219,122.91000366210938,124.38999938964844,109.6805191040039,923900,0.0
2020-01-31,124.08000183105469,124.08000183105469,121.4800033569336,121.83999633789062,107.43205261230469,1727600,0.0
2020-02-03,122.56999969482422,123.5199966430664,122.36000061035156,122.97000122070312,108.42842864990234,563000,0.0
2020-02-04,124.44999694824219,124.9000015258789,124.25,124.33999633789062,109.63642120361328,828600,0.0
2020-02-05,125.5999984741211,126.94999694824219,125.44999694824219,126.72000122070312,111.73499298095703,642700,0.0
2020-02-06,127.30000305175781,127.4000015258789,125.95999908447266,126.0,111.10012817382812,647600,0.0
2020-02-07,125.69999694824219,125.69999694824219,124.12999725341797,124.44000244140625,109.72461700439453,508100,0.0
2020-02-10,124.19000244140625,124.66999816894531,123.95999908447266,124.66000366210938,109.9185791015625,589500,0.0
2020-02-11,125.36000061035156,126.38999938964844,125.23999786376953,125.69000244140625,110.82678985595703,492600,0.0
2020-02-12,126.4800033569336,126.87000274658203,126.0999984741211,126.52999877929688,111.56745147705078,407000,0.0
2020-02-13,125.97000122070312,126.9800033569336,125.87000274658203,126.77999877929688,111.78789520263672,567100,0.0
2020-02-14,126.9800033569336,126.98999786376953,125.76000213623047,126.1500015258789,111.23238372802734,556100,0.0
2020-02-18,125.76000213623047,126.18000030517578,124.83000183105469,125.58000183105469,110.72980499267578,496300,0.0
2020-02-19,126.16000366210938,126.5,125.73999786376953,126.08999633789062,111.17949676513672,475100,0.0
2020-02-20,125.76000213623047,127.0199966430664,125.45999908447266,126.9000015258789,111.89372253417969,900800,0.0
2020-02-21,126.5999984741211,126.5999984741211,125.16999816894531,125.70999908447266,110.84440612792969,536300,0.0
2020-02-24,122.13999938964844,122.63999938964844,121.45999908447266,121.98999786376953,107.56434631347656,1210700,0.0
2020-02-25,122.43000030517578,122.72000122070312,117.56999969482422,117.87999725341797,103.94034576416016,1680100,0.0
2020-02-26,118.45999908447266,119.12999725341797,116.0199966430664,116.11000061035156,102.379638671875,1441900,0.0
2020-02-27,113.80000305175781,116.37000274658203,111.7699966430664,111.80000305175781,98.57933044433594,2297500,0.0
2020-02-28,108.93000030517578,110.91000366210938,107.87000274658203,110.11000061035156,97.08918762207031,2993900,0.0
2020-03-02,110.41000366210938,113.29000091552734,108.81999969482422,113.19999694824219,99.81376647949219,1568500,0.0
2020-03-03,113.45999908447266,115.44999694824219,109.68000030517578,110.81999969482422,97.71520233154297,1054800,0.0
2020-03-04,112.56999969482422,113.62000274658203,110.76000213623047,113.5999984741211,100.16645812988281,1903900,0.0
2020-03-05,111.06999969482422,111.54000091552734,108.0999984741211,109.4000015258789,96.46314239501953,1146300,0.0
2020-03-06,106.33999633789062,108.5999984741211,104.79000091552734,107.16000366210938,94.48802947998047,1379500,0.0
2020-03-09,100.18000030517578,100.77999877929688,96.0199966430664,96.02999877929688,84.67416381835938,2333800,0.0
2020-03-10,99.2699966430664,100.13999938964844,94.4000015258789,99.0199966430664,87.31059265136719,1865900,0.0
2020-03-11,96.47000122070312,96.87999725341797,91.58000183105469,92.55000305175781,81.60568237304688,2225300,0.0
2020-03-12,86.37999725341797,88.18000030517578,82.0,82.06999969482422,72.36498260498047,2804600,0.0
2020-03-13,87.62999725341797,89.0999984741211,81.72000122070312,89.0999984741211,78.56365966796875,3410600,0.0
2020-03-16,80.22000122070312,82.72000122070312,77.19999694824219,77.41000366210938,68.25603485107422,2663200,0.0
2020-03-17,78.16000366210938,82.55000305175781,75.12000274658203,82.05000305175781,72.34736633300781,2538100,0.0
2020-03-18,77.62000274658203,79.76000213623047,71.58999633789062,73.37999725341797,64.70259857177734,3076900,0.0
2020-03-19,72.01000213623047,78.7300033569336,70.37000274658203,77.0999984741211,67.98270416259766,2517500,0.0
2020-03-20,78.27999877929688,79.2699966430664,73.01000213623047,73.47000122070312,64.78194427490234,1861000,0.0
2020-03-23,73.62000274658203,73.9000015258789,69.2699966430664,71.79000091552734,63.30060958862305,3650700,0.0
2020-03-24,75.11000061035156,78.19999694824219,74.63999938964844,78.05000305175781,68.82035064697266,2096800,0.0
2020-03-25,77.9800033569336,81.94000244140625,75.5999984741211,79.04000091552734,70.0974349975586,1145100,0.45
2020-03-26,79.7300033569336,84.91000366210938,79.7300033569336,84.22000122070312,74.69136810302734,1665300,0.0
2020-03-27,81.5999984741211,83.7300033569336,79.69999694824219,81.23999786376953,72.04852294921875,1316300,0.0
2020-03-30,81.47000122070312,82.87999725341797,79.55000305175781,82.51000213623047,73.17484283447266,1837300,0.0
2020-03-31,82.30000305175781,83.1500015258789,80.33999633789062,82.02999877929688,72.74915313720703,1538200,0.0
2020-04-01,78.69999694824219,79.01000213623047,75.86000061035156,76.55000305175781,67.88916778564453,1665500,0.0
2020-04-02,76.2300033569336,79.4800033569336,75.12999725341797,77.12000274658203,68.39469909667969,1780400,0.0
2020-04-03,76.6500015258789,77.30999755859375,73.16000366210938,74.44000244140625,66.01789093017578,1824900,0.0
2020-04-06,77.7300033569336,80.73999786376953,77.52999877929688,80.44000244140625,71.33901977539062,1616400,0.0
2020-04-07,83.27999877929688,85.41000366210938,80.4800033569336,81.05000305175781,71.8800277709961,1256000,0.0
2020-04-08,82.30999755859375,85.5999984741211,81.55000305175781,84.83000183105469,75.23236083984375,1576400,0.0
2020-04-09,87.31999969482422,90.22000122070312,87.30999755859375,89.62999725341797,79.48928833007812,1717000,0.0
2020-04-13,89.12000274658203,89.44000244140625,85.80999755859375,86.62000274658203,76.8198471069336,1519700,0.0
2020-04-14,88.72000122070312,89.52999877929688,86.61000061035156,87.61000061035156,77.69782257080078,1233200,0.0
2020-04-15,84.58000183105469,84.87000274658203,82.61000061035156,83.19000244140625,73.77792358398438,874600,0.0
2020-04-16,83.5199966430664,83.6500015258789,80.44000244140625,82.05999755859375,72.77576446533203,1480800,0.0
2020-04-17,85.4000015258789,86.62999725341797,84.62000274658203,85.87000274658203,76.15470123291016,1539800,0.0
2020-04-20,84.08000183105469,85.94000244140625,83.20999908447266,84.1500015258789,74.62930297851562,1839500,0.0
2020-04-21,81.7699966430664,83.3499984741211,81.38999938964844,82.58000183105469,73.2369384765625,803600,0.0
2020-04-22,84.25,84.66000366210938,82.73999786376953,83.11000061035156,73.70697021484375,667100,0.0
2020-04-23,83.58999633789062,85.80999755859375,83.33999633789062,84.02999877929688,74.52287292480469,1407100,0.0
2020-04-24,84.68000030517578,85.7699966430664,83.44000244140625,85.12999725341797,75.49842071533203,1407700,0.0
2020-04-27,86.04000091552734,89.83000183105469,85.83999633789062,89.12999725341797,79.04586029052734,1000600,0.0
2020-04-28,91.5199966430664,92.41999816894531,89.75,91.43000030517578,81.08563995361328,2051500,0.0
2020-04-29,94.1500015258789,97.23999786376953,93.5,95.98999786376953,85.12973022460938,1552800,0.0
2020-04-30,94.27999877929688,94.27999877929688,91.93000030517578,92.30999755859375,81.86608123779297,1642900,0.0
2020-05-01,90.20999908447266,90.20999908447266,87.08999633789062,88.55999755859375,78.54034423828125,1327100,0.0
2020-05-04,87.38999938964844,88.70999908447266,86.22000122070312,88.3499984741211,78.35411071777344,1522100,0.0
2020-05-05,90.06999969482422,91.25,87.69000244140625,87.94000244140625,77.99049377441406,1373400,0.0
2020-05-06,88.41000366210938,89.02999877929688,86.02999877929688,86.12999725341797,76.38528442382812,1108000,0.0
2020-05-07,87.41000366210938,88.58999633789062,87.08999633789062,87.56999969482422,77.66236877441406,1108000,0.0
2020-05-08,88.97000122070312,91.55000305175781,88.97000122070312,91.5,81.14771270751953,1021500,0.0
2020-05-11,90.05999755859375,90.75,88.19999694824219,89.51000213623047,79.38286590576172,1349100,0.0
2020-05-12,90.05999755859375,90.08000183105469,85.69999694824219,85.80999755859375,76.10149383544922,1421700,0.0
2020-05-13,85.04000091552734,85.04000091552734,81.05999755859375,82.3499984741211,73.03295135498047,1253900,0.0
2020-05-14,80.70999908447266,82.76000213623047,78.12999725341797,82.72000122070312,73.36109161376953,1891200,0.0
2020-05-15,82.08000183105469,83.8499984741211,81.44999694824219,83.52999877929688,74.07943725585938,2394500,0.0
2020-05-18,87.5199966430664,90.95999908447266,87.30000305175781,90.05999755859375,79.8706283569336,1761200,0.0
2020-05-19,89.87000274658203,90.36000061035156,87.77999877929688,87.77999877929688,77.84857940673828,1264900,0.0
2020-05-20,89.56999969482422,91.4000015258789,89.54000091552734,90.91000366210938,80.62445068359375,2336500,0.0
2020-05-21,90.94000244140625,91.77999877929688,90.23999786376953,91.02999877929688,80.73088836669922,937100,0.0
2020-05-22,91.26000213623047,91.80999755859375,89.88999938964844,91.12000274658203,80.81072998046875,617300,0.0
2020-05-26,94.58999633789062,95.70999908447266,94.58000183105469,94.94000244140625,84.19852447509766,1647300,0.0
2020-05-27,97.18000030517578,99.41999816894531,95.05000305175781,99.0999984741211,87.88786315917969,2163300,0.0
2020-05-28,100.29000091552734,100.63999938964844,95.83999633789062,96.3499984741211,85.4489974975586,2714500,0.0
2020-05-29,95.2300033569336,95.81999969482422,93.79000091552734,95.19000244140625,84.42024993896484,1398900,0.0
2020-06-01,95.55000305175781,97.16999816894531,95.05000305175781,95.88999938964844,85.04103088378906,1253500,0.0
2020-06-02,96.54000091552734,97.5,96.16999816894531,96.9000015258789,85.93675994873047,1415000,0.0
2020-06-03,98.44999694824219,101.20999908447266,98.44999694824219,100.3499984741211,88.99642944335938,2448800,0.0
2020-06-04,99.63999938964844,101.56999969482422,98.87999725341797,101.1500015258789,89.70592498779297,1853300,0.0
2020-06-05,106.94999694824219,107.7699966430664,105.44999694824219,106.11000061035156,94.10475158691406,2656200,0.0
2020-06-08,108.11000061035156,109.18000030517578,107.54000091552734,109.12000274658203,96.77420806884766,3917800,0.0
2020-06-09,106.75,107.5999984741211,105.19999694824219,106.36000061035156,94.32646942138672,2080500,0.0
2020-06-10,106.12000274658203,106.12999725341797,101.97000122070312,102.04000091552734,90.4952163696289,1203000,0.0
2020-06-11,97.19000244140625,97.72000122070312,93.25,93.48999786376953,82.91255950927734,1905200,0.0
2020-06-12,97.12999725341797,97.97000122070312,93.2300033569336,96.23999786376953,85.35143280029297,3157200,0.0
2020-06-15,92.44000244140625,98.19000244140625,92.0,97.4000015258789,86.77059173583984,1849800,0.433
2020-06-16,101.68000030517578,101.83000183105469,97.79000091552734,100.01000213623047,89.09578704833984,1814800,0.0
2020-06-17,100.26000213623047,100.26000213623047,97.1500015258789,97.36000061035156,86.73494720458984,961000,0.0
2020-06-18,96.36000061035156,98.44000244140625,95.83999633789062,97.23999786376953,86.6280517578125,1192000,0.0
2020-06-19,99.11000061035156,99.11000061035156,95.27999877929688,96.22000122070312,85.71936798095703,1655300,0.0
2020-06-22,95.7300033569336,96.70999908447266,94.27999877929688,96.63999938964844,86.09352111816406,888500,0.0
2020-06-23,98.0999984741211,98.27999877929688,96.30999755859375,96.75,86.1915283203125,1119500,0.0
2020-06-24,95.37999725341797,95.48999786376953,91.7699966430664,93.12999725341797,82.96659088134766,1008500,0.0
2020-06-25,92.37999725341797,94.79000091552734,91.80999755859375,94.73999786376953,84.40087890625,1284300,0.0
2020-06-26,93.8499984741211,93.95999908447266,91.6500015258789,92.33000183105469,82.25389099121094,1290700,0.0
2020-06-29,93.75,96.66000366210938,93.05000305175781,96.30000305175781,85.7906265258789,1530700,0.0
2020-06-30,95.9000015258789,97.7699966430664,95.56999969482422,97.45999908447266,86.82404327392578,1174800,0.0
2020-07-01,97.70999908447266,98.44999694824219,95.30999755859375,95.62000274658203,85.18485260009766,600500,0.0
2020-07-02,97.76000213623047,98.61000061035156,95.41999816894531,95.79000091552734,85.33631134033203,991700,0.0
2020-07-06,97.94999694824219,98.38999938964844,95.80000305175781,96.72000122070312,86.16480255126953,1153300,0.0
2020-07-07,95.72000122070312,95.83999633789062,93.87000274658203,94.02999877929688,83.76837921142578,618600,0.0
2020-07-08,94.11000061035156,95.12000274658203,92.51000213623047,94.37000274658203,84.07127380371094,1212900,0.0
2020-07-09,94.45999908447266,94.58000183105469,90.73999786376953,91.58000183105469,81.58573913574219,726900,0.0
2020-07-10,91.66000366210938,94.41000366210938,91.4000015258789,94.30999755859375,84.0177993774414,1203600,0.0
2020-07-13,95.26000213623047,96.44999694824219,93.66000366210938,93.83999633789062,83.59911346435547,1014500,0.0
2020-07-14,93.61000061035156,95.25,93.18000030517578,95.25,84.85520935058594,1107500,0.0
2020-07-15,97.86000061035156,99.79000091552734,97.62999725341797,99.2300033569336,88.40089416503906,1254900,0.0
2020-07-16,98.55000305175781,99.58000183105469,97.55999755859375,98.7699966430664,87.99108123779297,925800,0.0
2020-07-17,99.11000061035156,99.73999786376953,98.19999694824219,98.55000305175781,87.79509735107422,546500,0.0
2020-07-20,98.18000030517578,98.36000061035156,96.63999938964844,96.97000122070312,86.38751220703125,815600,0.0
2020-07-21,98.1500015258789,100.29000091552734,97.91000366210938,99.81999969482422,88.92650604248047,504600,0.0
2020-07-22,99.12000274658203,100.30000305175781,99.08000183105469,99.87000274658203,88.97106170654297,491600,0.0
2020-07-23,99.83999633789062,101.26000213623047,99.48999786376953,100.63999938964844,89.65701293945312,861400,0.0
2020-07-24,99.9800033569336,100.63999938964844,98.95999908447266,99.0999984741211,88.28508758544922,1438300,0.0
2020-07-27,99.13999938964844,99.55999755859375,98.12999725341797,99.48999786376953,88.63251495361328,1015200,0.0
2020-07-28,99.05999755859375,100.19999694824219,99.05999755859375,99.19999694824219,88.3741455078125,608600,0.0
2020-07-29,99.72000122070312,101.95999908447266,99.62000274658203,101.8499984741211,90.7349624633789,1436300,0.0
2020-07-30,100.05999755859375,100.87999725341797,99.0999984741211,100.62000274658203,89.63919067382812,1485100,0.0
2020-07-31,100.33000183105469,100.47000122070312,97.7300033569336,99.5,88.64142608642578,645700,0.0
2020-08-03,100.16999816894531,100.77999877929688,99.02999877929688,100.61000061035156,89.63028717041016,1054100,0.0
2020-08-04,100.26000213623047,101.6500015258789,100.22000122070312,101.55000305175781,90.46769714355469,965900,0.0
2020-08-05,102.80999755859375,103.83999633789062,102.31999969482422,103.80000305175781,92.4721450805664,1218900,0.0
2020-08-06,103.69000244140625,104.31999969482422,103.16999816894531,103.69000244140625,92.37415313720703,1428100,0.0
2020-08-07,103.4000015258789,106.16000366210938,103.05999755859375,106.16000366210938,94.57459259033203,1470600,0.0
2020-08-10,106.47000122070312,108.9000015258789,106.41000366210938,108.27999877929688,96.4632339477539,2513800,0.0
2020-08-11,109.56999969482422,110.55999755859375,107.79000091552734,108.27999877929688,96.4632339477539,2433900,0.0
2020-08-12,109.58000183105469,110.0,107.41000366210938,108.25,96.43649291992188,2529600,0.0
2020-08-13,107.81999969482422,108.61000061035156,106.91000366210938,107.23999786376953,95.53672790527344,1357900,0.0
2020-08-14,106.63999938964844,108.44999694824219,106.12999725341797,107.86000061035156,96.08908081054688,1057200,0.0
2020-08-17,108.11000061035156,108.11000061035156,106.73999786376953,107.6500015258789,95.90201568603516,1112000,0.0
2020-08-18,107.5199966430664,107.5199966430664,105.56999969482422,105.83000183105469,94.2806167602539,1553800,0.0
2020-08-19,106.06999969482422,106.83999633789062,105.37000274658203,105.5999984741211,94.07572937011719,2087900,0.0
2020-08-20,104.52999877929688,105.5,104.12000274658203,104.83000183105469,93.38973999023438,843700,0.0
2020-08-21,104.47000122070312,104.79000091552734,103.30000305175781,103.98999786376953,92.64142608642578,1113300,0.0
2020-08-24,104.79000091552734,106.41000366210938,103.75,106.41000366210938,94.79731750488281,1852300,0.0
2020-08-25,106.88999938964844,107.16999816894531,105.04000091552734,106.11000061035156,94.53003692626953,1611900,0.0
2020-08-26,106.0199966430664,106.3499984741211,104.80999755859375,104.9000015258789,93.45209503173828,3296000,0.0
2020-08-27,105.45999908447266,106.75,105.0,105.7699966430664,94.22716522216797,1575900,0.0
2020-08-28,106.3499984741211,106.63999938964844,105.5199966430664,106.58000183105469,94.94876861572266,1600300,0.0
2020-08-31,106.51000213623047,106.5199966430664,104.77999877929688,104.83999633789062,93.39864349365234,1706000,0.0
2020-09-01,104.66000366210938,105.98999786376953,103.75,105.91000366210938,94.35189819335938,1307700,0.0
2020-09-02,106.31999969482422,107.19000244140625,105.37999725341797,106.81999969482422,95.16255950927734,1692500,0.0
2020-09-03,106.66000366210938,107.97000122070312,104.4000015258789,104.91000366210938,93.46102905273438,1422300,0.0
2020-09-04,106.3499984741211,106.62999725341797,103.33999633789062,105.05999755859375,93.59465026855469,942100,0.0
2020-09-08,104.02999877929688,104.33999633789062,102.41000366210938,102.68000030517578,91.4743881225586,985100,0.0
2020-09-09,103.76000213623047,104.0,102.29000091552734,103.52999877929688,92.23161315917969,1136700,0.0
2020-09-10,103.91999816894531,104.41999816894531,101.94999694824219,101.98999786376953,90.85967254638672,1256300,0.0
2020-09-11,102.5199966430664,102.62999725341797,100.54000091552734,101.55999755859375,90.47660827636719,798900,0.0
2020-09-14,102.26000213623047,104.0199966430664,101.87999725341797,103.7300033569336,92.40979766845703,1429700,0.0
2020-09-15,104.61000061035156,104.83000183105469,103.5,103.66999816894531,92.35631561279297,927400,0.0
2020-09-16,104.08999633789062,106.13999938964844,103.72000122070312,104.8499984741211,93.4075698852539,1710500,0.0
2020-09-17,103.2300033569336,104.76000213623047,102.8499984741211,104.19000244140625,92.81956481933594,1515200,0.0
2020-09-18,104.48999786376953,105.1500015258789,102.5,103.51000213623047,92.21380615234375,1295100,0.0
2020-09-21,101.44000244140625,101.44000244140625,97.95999908447266,99.08000183105469,88.26727294921875,2017600,0.0
2020-09-22,99.41000366210938,100.12999725341797,98.22000122070312,99.2300033569336,88.40089416503906,1684400,0.0
2020-09-23,98.58000183105469,99.80999755859375,95.41000366210938,95.48999786376953,85.56659698486328,1426100,0.577
2020-09-24,95.51000213623047,97.56999969482422,94.22000122070312,95.7699966430664,85.81747436523438,1312300,0.0
2020-09-25,95.30999755859375,97.33000183105469,95.02999877929688,96.94999694824219,86.87483215332031,1245100,0.0
2020-09-28,98.33000183105469,100.41000366210938,98.33000183105469,99.98999786376953,89.59893798828125,1026500,0.0
2020-09-29,99.9000015258789,99.9000015258789,97.7300033569336,99.08999633789062,88.79246520996094,1063300,0.0
2020-09-30,99.44999694824219,101.11000061035156,98.5999984741211,99.33000183105469,89.00752258300781,659000,0.0
2020-10-01,99.98999786376953,100.9000015258789,98.98999786376953,100.9000015258789,90.41436004638672,478300,0.0
2020-10-02,98.88999938964844,102.94000244140625,98.88999938964844,102.5199966430664,91.86602783203125,1067800,0.0
2020-10-05,103.58000183105469,105.16000366210938,103.58000183105469,105.02999877929688,94.11518096923828,842800,0.0
2020-10-06,105.94999694824219,107.93000030517578,104.4800033569336,104.62000274658203,93.74778747558594,2255100,0.0
2020-10-07,105.80000305175781,107.05999755859375,105.73999786376953,106.7699966430664,95.67436981201172,1295300,0.0
2020-10-08,107.83000183105469,108.66000366210938,107.16000366210938,108.4800033569336,97.20665740966797,1146300,0.0
2020-10-09,109.55000305175781,109.86000061035156,108.04000091552734,108.47000122070312,97.19771575927734,1943700,0.0
2020-10-12,108.91000366210938,109.55999755859375,108.2699966430664,109.33000183105469,97.96830749511719,1552200,0.0
2020-10-13,108.52999877929688,108.52999877929688,107.22000122070312,107.66000366210938,96.47187805175781,1529400,0.0
2020-10-14,107.81999969482422,108.61000061035156,106.77999877929688,106.91999816894531,95.80876922607422,1406800,0.0
2020-10-15,105.69999694824219,108.63999938964844,105.48999786376953,108.47000122070312,97.19771575927734,1010600,0.0
2020-10-16,108.72000122070312,109.02999877929688,107.73999786376953,108.1500015258789,96.91094207763672,1678200,0.0
2020-10-19,108.48999786376953,109.1500015258789,106.68000030517578,106.88999938964844,95.78187561035156,948100,0.0
2020-10-20,107.81999969482422,108.8499984741211,107.37000274658203,107.73999786376953,96.54354095458984,2238100,0.0
2020-10-21,107.80000305175781,108.36000061035156,107.22000122070312,107.22000122070312,96.07759857177734,875400,0.0
2020-10-22,107.7300033569336,109.52999877929688,107.41999816894531,109.4800033569336,98.10275268554688,928400,0.0
2020-10-23,110.05000305175781,110.56999969482422,109.0999984741211,110.33000183105469,98.86438751220703,1373200,0.0
2020-10-26,108.80999755859375,109.06999969482422,106.26000213623047,107.61000061035156,96.42707824707031,1206000,0.0
2020-10-27,107.45999908447266,107.62999725341797,105.6500015258789,105.69000244140625,94.70660400390625,1846600,0.0
2020-10-28,103.30999755859375,104.0999984741211,102.0999984741211,102.13999938964844,91.52552795410156,2116100,0.0
2020-10-29,101.91999816894531,104.20999908447266,100.87999725341797,103.80000305175781,93.01298522949219,1158800,0.0
2020-10-30,103.1500015258789,104.22000122070312,102.01000213623047,102.98999786376953,92.28717803955078,1681300,0.0
2020-11-02,104.05000305175781,105.51000213623047,103.66000366210938,105.48999786376953,94.52738952636719,798000,0.0
2020-11-03,107.20999908447266,108.91000366210938,107.11000061035156,108.37999725341797,97.11703491210938,2206200,0.0
2020-11-04,106.37000274658203,107.77999877929688,104.7300033569336,106.11000061035156,95.08292388916016,2947100,0.0
2020-11-05,107.06999969482422,109.83000183105469,107.06999969482422,109.47000122070312,98.0937728881836,1459300,0.0
2020-11-06,109.83000183105469,110.23999786376953,107.87000274658203,107.98999786376953,96.76756286621094,1099300,0.0
2020-11-09,117.77999877929688,119.9800033569336,115.26000213623047,115.54000091552734,103.53297424316406,5384700,0.0
2020-11-10,116.43000030517578,119.16000366210938,116.1500015258789,118.63999938964844,106.31082153320312,4684300,0.0
2020-11-11,119.43000030517578,119.43000030517578,116.16999816894531,117.16000366210938,104.98462677001953,2640800,0.0
2020-11-12,116.23999786376953,116.23999786376953,113.55000305175781,114.72000122070312,102.79818725585938,2440800,0.0
2020-11-13,115.77999877929688,118.41999816894531,115.77999877929688,117.95999908447266,105.70148468017578,3674100,0.0
2020-11-16,121.1500015258789,122.02999877929688,120.01000213623047,121.97000122070312,109.29476928710938,2140200,0.0
2020-11-17,120.95999908447266,122.7300033569336,119.5,122.27999877929688,109.57254791259766,1773700,0.0
2020-11-18,122.87999725341797,123.63999938964844,119.27999877929688,120.70999908447266,108.16570281982422,2976300,0.0
2020-11-19,120.55999755859375,121.5199966430664,119.47000122070312,121.33999633789062,108.73021697998047,1955000,0.0
2020-11-20,120.83999633789062,121.19999694824219,120.11000061035156,120.98999786376953,108.41659545898438,2075900,0.0
2020-11-23,122.27999877929688,124.68000030517578,122.01000213623047,123.95999908447266,111.07796478271484,1636500,0.0
2020-11-24,125.87999725341797,128.6199951171875,125.66000366210938,127.91000366210938,114.61747741699219,3220300,0.0
2020-11-25,127.4000015258789,127.4000015258789,125.4800033569336,126.80999755859375,113.63178253173828,1241100,0.0
2020-11-27,127.08000183105469,127.08000183105469,125.26000213623047,126.19000244140625,113.07622528076172,1041300,0.0
2020-11-30,125.68000030517578,125.79000091552734,122.44000244140625,122.62000274658203,109.87720489501953,2775600,0.0
2020-12-01,124.80999755859375,125.79000091552734,123.70999908447266,124.43000030517578,111.49911499023438,1491000,0.0
2020-12-02,124.18000030517578,125.7300033569336,123.3499984741211,125.3499984741211,112.3235092163086,1393100,0.0
2020-12-03,125.55999755859375,126.94000244140625,125.27999877929688,126.05000305175781,112.95075988769531,899600,0.0
2020-12-04,127.0,129.7100067138672,126.83999633789062,129.57000732421875,116.10494995117188,1448000,0.0
2020-12-07,129.3800048828125,129.4499969482422,128.11000061035156,128.8800048828125,115.48666381835938,1372700,0.0
2020-12-08,128.00999450683594,130.2100067138672,128.00999450683594,130.14999389648438,116.62467956542969,910800,0.0
2020-12-09,131.05999755859375,131.77999877929688,128.91000366210938,129.94000244140625,116.4365005493164,1733400,0.0
2020-12-10,128.8699951171875,130.72000122070312,128.3699951171875,130.5399932861328,116.9741439819336,880700,0.0
2020-12-11,129.6999969482422,130.4199981689453,128.3699951171875,129.4499969482422,115.99742889404297,1082200,0.0
2020-12-14,130.5,130.72999572753906,128.10000610351562,128.14999389648438,115.413818359375,1888200,0.652
2020-12-15,129.44000244140625,131.77000427246094,128.69000244140625,131.72000122070312,118.6290054321289,1176800,0.0
2020-12-16,132.10000610351562,132.1199951171875,130.38999938964844,130.88999938964844,117.88150024414062,1082100,0.0
2020-12-17,131.3800048828125,132.07000732421875,130.5,132.05999755859375,118.93524932861328,786900,0.0
2020-12-18,132.22999572753906,132.69000244140625,130.1699981689453,130.41000366210938,117.44922637939453,716900,0.0
2020-12-21,128.22000122070312,129.83999633789062,127.55999755859375,129.47999572753906,116.61165618896484,1225000,0.0
2020-12-22,129.9499969482422,130.22000122070312,128.97999572753906,129.89999389648438,116.98990631103516,771400,0.0
2020-12-23,130.77999877929688,132.32000732421875,130.69000244140625,132.00999450683594,118.89021301269531,1588600,0.0
2020-12-24,132.72000122070312,132.72000122070312,131.2100067138672,132.00999450683594,118.89021301269531,375300,0.0
2020-12-28,133.52999877929688,133.7100067138672,132.14999389648438,132.3000030517578,119.15137481689453,1934500,0.0
2020-12-29,132.74000549316406,132.85000610351562,129.49000549316406,130.0800018310547,117.15203857421875,2852000,0.0
2020-12-30,130.3800048828125,132.14999389648438,130.3800048828125,131.69000244140625,118.60200500488281,1472300,0.0
2020-12-31,131.5800018310547,132.3699951171875,130.52999877929688,131.75,118.65607452392578,2060700,0.0
2021-01-04,132.77000427246094,133.13999938964844,128.4499969482422,130.0,117.07994842529297,1733200,0.0
2021-01-05,129.97000122070312,133.72999572753906,129.97000122070312,132.74000549316406,119.54764556884766,2473400,0.0
2021-01-06,134.9199981689453,141.27000427246094,134.88999938964844,139.75,125.8609619140625,2845500,0.0
2021-01-07,140.58999633789062,141.4499969482422,140.11000061035156,141.05999755859375,127.040771484375,1801900,0.0
2021-01-08,141.88999938964844,141.88999938964844,137.72999572753906,139.57000732421875,125.6988525390625,813200,0.0
2021-01-11,137.99000549316406,140.02000427246094,137.61000061035156,139.9600067138672,126.05010223388672,1579500,0.0
2021-01-12,140.5800018310547,142.86000061035156,140.35000610351562,142.8000030517578,128.6078338623047,1247300,0.0
2021-01-13,143.02999877929688,143.02999877929688,140.8699951171875,141.27999877929688,127.23888397216797,1520100,0.0
2021-01-14,142.3699951171875,144.9199981689453,142.3699951171875,144.1699981689453,129.8416748046875,1928300,0.0
2021-01-15,142.0,142.7899932861328,140.22999572753906,141.97999572753906,127.86932373046875,1358800,0.0
2021-01-19,143.8800048828125,143.8800048828125,141.97999572753906,142.9600067138672,128.75193786621094,2086200,0.0
2021-01-20,143.67999267578125,144.32000732421875,142.47999572753906,143.6999969482422,129.41839599609375,1407800,0.0
2021-01-21,143.97000122070312,144.10000610351562,137.86000061035156,142.02999877929688,127.91437530517578,3553300,0.0
2021-01-22,140.47999572753906,143.9199981689453,139.8800048828125,143.7899932861328,129.49948120117188,5243700,0.0
2021-01-25,143.7899932861328,145.61000061035156,141.39999389648438,143.5399932861328,129.2742919921875,4717200,0.0
2021-01-26,144.60000610351562,144.92999267578125,142.00999450683594,142.82000732421875,128.62583923339844,1032500,0.0
2021-01-27,140.4600067138672,142.97000122070312,139.85000610351562,141.1199951171875,127.09481048583984,1790100,0.0
2021-01-28,141.7100067138672,143.5,139.55999755859375,140.25999450683594,126.32027435302734,2125300,0.0
2021-01-29,141.6699981689453,142.3800048828125,138.0500030517578,138.39999389648438,124.6451187133789,1788600,0.0
2021-02-01,140.0,141.92999267578125,138.35000610351562,141.5500030517578,127.4820556640625,1601000,0.0
2021-02-02,142.6999969482422,142.99000549316406,140.74000549316406,142.32000732421875,128.1755828857422,935500,0.0
2021-02-03,142.52999877929688,143.38999938964844,141.19000244140625,143.2100067138672,128.97708129882812,1643200,0.0
2021-02-04,143.72000122070312,146.2100067138672,143.64999389648438,146.16000366210938,131.63394165039062,1158900,0.0
2021-02-05,147.69000244140625,147.97000122070312,146.0500030517578,147.80999755859375,133.1199493408203,1391000,0.0
2021-02-08,149.16000366210938,151.75,148.89999389648438,151.74000549316406,136.65931701660156,1571900,0.0
2021-02-09,151.5800018310547,152.7100067138672,150.3300018310547,152.07000732421875,136.95652770996094,837500,0.0
2021-02-10,152.88999938964844,153.19000244140625,150.35000610351562,151.39999389648438,136.3531494140625,1171800,0.0
2021-02-11,152.27000427246094,152.89999389648438,148.99000549316406,151.30999755859375,136.27207946777344,1214400,0.0
2021-02-12,150.85000610351562,152.25999450683594,150.30999755859375,151.9600067138672,136.8574981689453,1023600,0.0
2021-02-16,153.52999877929688,153.8300018310547,151.50999450683594,152.30999755859375,137.17271423339844,900400,0.0
2021-02-17,151.1199951171875,152.0500030517578,149.8300018310547,151.42999267578125,136.380126953125,1606400,0.0
2021-02-18,150.39999389648438,150.94000244140625,148.5800018310547,149.08999633789062,134.272705078125,1370900,0.0
2021-02-19,150.11000061035156,152.5,150.11000061035156,152.19000244140625,137.0646514892578,1607300,0.0
2021-02-22,151.44000244140625,155.1300048828125,151.44000244140625,153.99000549316406,138.68572998046875,2058800,0.0
2021-02-23,152.58999633789062,154.2100067138672,150.38999938964844,153.49000549316406,138.2354278564453,2521700,0.0
2021-02-24,154.1199951171875,157.77000427246094,153.97000122070312,157.67999267578125,142.0089874267578,2523800,0.0
2021-02-25,158.0,158.52000427246094,152.4499969482422,152.61000061035156,137.44287109375,1814700,0.0
2021-02-26,152.92999267578125,154.27999877929688,149.60000610351562,151.60000610351562,136.53326416015625,2284200,0.0
2021-03-01,155.14999389648438,157.27999877929688,154.72999572753906,156.8699951171875,141.2794952392578,2317100,0.0
2021-03-02,156.83999633789062,156.8800048828125,154.64999389648438,154.77999877929688,139.39724731445312,2314500,0.0
2021-03-03,155.6300048828125,158.55999755859375,155.13999938964844,155.61000061035156,140.1447296142578,2605000,0.0
2021-03-04,155.17999267578125,157.05999755859375,150.1999969482422,152.97000122070312,137.76712036132812,3514600,0.0
2021-03-05,155.6199951171875,157.25999450683594,150.39999389648438,156.9600067138672,141.360595703125,3258000,0.0
2021-03-08,158.0,161.80999755859375,157.72999572753906,160.49000549316406,144.53973388671875,2833500,0.0
2021-03-09,162.24000549316406,162.89999389648438,159.85000610351562,161.25,145.22421264648438,2014800,0.0
2021-03-10,162.35000610351562,165.6199951171875,162.07000732421875,165.2100067138672,148.7906494140625,3056600,0.0
2021-03-11,166.91000366210938,167.6300048828125,165.22999572753906,167.19000244140625,150.5738525390625,2602200,0.0
2021-03-12,167.49000549316406,169.58999633789062,167.2899932861328,169.52999877929688,152.6812744140625,6455100,0.0
2021-03-15,170.22999572753906,170.25,167.6300048828125,169.39999389648438,152.564208984375,1808800,0.0
2021-03-16,169.07000732421875,169.07000732421875,165.67999267578125,166.27000427246094,149.74530029296875,2651600,0.0
2021-03-17,165.8300018310547,167.72999572753906,164.58999633789062,167.64999389648438,150.9881134033203,2423800,0.0
2021-03-18,167.00999450683594,169.42999267578125,163.27999877929688,163.97000122070312,147.6739044189453,3451600,0.0
2021-03-19,163.52999877929688,165.74000549316406,161.11000061035156,164.47999572753906,148.1331787109375,2153600,0.0
2021-03-22,164.75999450683594,164.75999450683594,160.52999877929688,161.47999572753906,145.4313201904297,1700100,0.0
2021-03-23,159.94000244140625,160.30999755859375,154.4199981689453,155.16000366210938,139.73947143554688,2247200,0.0
2021-03-24,156.94000244140625,159.58999633789062,152.97000122070312,153.0,137.79409790039062,3303200,0.0
2021-03-25,150.9600067138672,157.52999877929688,150.27999877929688,156.74000549316406,141.52410888671875,2080700,0.391
2021-03-26,158.6699981689453,160.4199981689453,157.19000244140625,160.17999267578125,144.63011169433594,2228800,0.0
2021-03-29,159.0,160.77000427246094,155.75999450683594,156.0800018310547,140.9281768798828,2044200,0.0
2021-03-30,156.3000030517578,159.2899932861328,155.77999877929688,158.77000427246094,143.35704040527344,1779300,0.0
2021-03-31,159.36000061035156,160.6999969482422,158.47000122070312,159.47000122070312,143.9890899658203,1637600,0.0
2021-04-01,159.8300018310547,161.44000244140625,159.4600067138672,161.32000732421875,145.65948486328125,1861800,0.0
2021-04-05,163.0,163.1199951171875,161.16000366210938,162.08999633789062,146.354736328125,1604200,0.0
2021-04-06,162.27999877929688,163.5500030517578,161.3000030517578,161.5500030517578,145.86715698242188,1407700,0.0
2021-04-07,161.75,161.9600067138672,159.14999389648438,159.6699981689453,144.16964721679688,1917600,0.0
2021-04-08,160.11000061035156,160.6199951171875,157.8699951171875,160.39999389648438,144.8288116455078,1884800,0.0
2021-04-09,160.58999633789062,161.08999633789062,159.9600067138672,160.64999389648438,145.05453491210938,2617400,0.0
2021-04-12,160.8000030517578,161.41000366210938,159.75,160.63999938964844,145.0454864501953,1181000,0.0
2021-04-13,160.33999633789062,160.6699981689453,157.97999572753906,159.35000610351562,143.88072204589844,1528100,0.0
2021-04-14,159.52000427246094,162.97000122070312,159.52000427246094,161.3300018310547,145.66851806640625,1435300,0.0
2021-04-15,162.44000244140625,162.44000244140625,159.97999572753906,161.74000549316406,146.0387420654297,1363900,0.0
2021-04-16,162.47999572753906,162.99000549316406,161.25999450683594,162.25,146.4991912841797,1265200,0.0
2021-04-19,161.8000030517578,162.3300018310547,159.44000244140625,160.9499969482422,145.32542419433594,1785400,0.0
2021-04-20,160.24000549316406,160.3300018310547,155.33999633789062,156.91000366210938,141.67759704589844,1954500,0.0
2021-04-21,156.77000427246094,160.3699951171875,155.57000732421875,160.35000610351562,144.78363037109375,1383400,0.0
2021-04-22,160.9600067138672,161.8000030517578,158.80999755859375,159.16000366210938,143.70916748046875,2231600,0.0
2021-04-23,159.8699951171875,163.14999389648438,159.36000061035156,162.22000122070312,146.47210693359375,1214200,0.0
2021-04-26,163.0500030517578,164.36000061035156,163.02999877929688,163.38999938964844,147.52850341796875,876000,0.0
2021-04-27,163.8300018310547,164.39999389648438,163.07000732421875,163.94000244140625,148.02513122558594,1739000,0.0
2021-04-28,163.8800048828125,164.77999877929688,163.13999938964844,164.30999755859375,148.35923767089844,1594000,0.0
2021-04-29,165.91000366210938,165.92999267578125,163.0399932861328,164.42999267578125,148.46755981445312,1181600,0.0
2021-04-30,163.00999450683594,164.2100067138672,161.8800048828125,162.3800048828125,146.61660766601562,1487900,0.0
2021-05-03,164.02000427246094,165.4199981689453,163.0800018310547,164.47999572753906,148.51271057128906,1830100,0.0
2021-05-04,163.5399932861328,164.25,161.6999969482422,163.82000732421875,147.91676330566406,1464300,0.0
2021-05-05,164.7899932861328,164.86000061035156,162.72999572753906,163.92999267578125,148.01611328125,1397200,0.0
2021-05-06,164.17999267578125,165.16000366210938,162.17999267578125,165.16000366210938,149.1266632080078,1266900,0.0
2021-05-07,164.8000030517578,167.22000122070312,164.0,166.97000122070312,150.76100158691406,1818400,0.0
2021-05-10,167.3800048828125,168.2899932861328,164.13999938964844,164.2100067138672,148.26890563964844,1313900,0.0
2021-05-11,160.82000732421875,163.72999572753906,160.4199981689453,163.0,147.17637634277344,2258000,0.0
2021-05-12,162.02000427246094,163.57000732421875,157.61000061035156,157.86000061035156,142.53536987304688,1522600,0.0
2021-05-13,158.6199951171875,162.49000549316406,158.22000122070312,161.58999633789062,145.9032440185547,2086000,0.0
2021-05-14,163.0800018310547,165.4199981689453,162.4199981689453,165.14999389648438,149.11767578125,1284600,0.0
2021-05-17,164.5,166.27999877929688,163.22000122070312,166.1699981689453,150.0386199951172,1251300,0.0
2021-05-18,166.39999389648438,166.6999969482422,163.99000549316406,164.19000244140625,148.2508544921875,912100,0.0
2021-05-19,161.39999389648438,162.47999572753906,159.3300018310547,162.47999572753906,146.7068634033203,1527700,0.0
2021-05-20,162.66000366210938,162.97000122070312,160.52999877929688,162.5399932861328,146.76104736328125,1265500,0.0
2021-05-21,164.07000732421875,165.05999755859375,162.94000244140625,163.4199981689453,147.55560302734375,975700,0.0
2021-05-24,164.27999877929688,165.11000061035156,163.08999633789062,164.44000244140625,148.47657775878906,1387800,0.0
2021-05-25,165.07000732421875,166.05999755859375,162.00999450683594,162.1699981689453,146.42698669433594,1018600,0.0
2021-05-26,162.60000610351562,165.66000366210938,162.60000610351562,165.33999633789062,149.2892303466797,1090000,0.0
2021-05-27,166.3699951171875,168.41000366210938,166.3699951171875,167.6999969482422,151.42015075683594,1651000,0.0
2021-05-28,168.9600067138672,168.9600067138672,166.3800048828125,167.52999877929688,151.2666473388672,1166400,0.0
2021-06-01,168.9199981689453,170.80999755859375,168.7899932861328,170.49000549316406,153.93927001953125,1875800,0.0
2021-06-02,171.42999267578125,172.1199951171875,169.72000122070312,171.75,155.0769805908203,2070600,0.0
2021-06-03,170.60000610351562,171.61000061035156,168.3000030517578,170.32000732421875,153.78578186035156,1373300,0.0
2021-06-04,171.13999938964844,171.27000427246094,169.44000244140625,170.38999938964844,153.84896850585938,1273000,0.0
2021-06-07,170.8699951171875,172.50999450683594,170.8699951171875,172.25999450683594,155.53744506835938,1277500,0.0
2021-06-08,172.80999755859375,174.55999755859375,171.83999633789062,173.97000122070312,157.0814208984375,1397800,0.0
2021-06-09,174.47999572753906,174.58999633789062,172.58999633789062,172.82000732421875,156.0430908203125,1126400,0.0
2021-06-10,172.99000549316406,173.32000732421875,169.6999969482422,169.86000061035156,153.71728515625,1408700,0.39
2021-06-11,170.2100067138672,171.7100067138672,170.13999938964844,171.57000732421875,155.2648162841797,1301100,0.0
2021-06-14,171.97000122070312,172.83999633789062,169.67999267578125,170.30999755859375,154.1245574951172,1162700,0.0
2021-06-15,170.66000366210938,171.1999969482422,169.02000427246094,170.72999572753906,154.50466918945312,1091100,0.0
2021-06-16,170.2899932861328,171.1300048828125,168.75,170.61000061035156,154.3960418701172,1152100,0.0
2021-06-17,170.14999389648438,170.74000549316406,165.0,166.9199981689453,151.05673217773438,2416800,0.0
2021-06-18,164.52999877929688,165.77000427246094,161.8000030517578,162.0500030517578,146.64956665039062,3728600,0.0
2021-06-21,163.6300048828125,166.5500030517578,163.55999755859375,166.07000732421875,150.28753662109375,2431500,0.0
2021-06-22,165.8699951171875,167.22000122070312,164.33999633789062,166.7899932861328,150.93905639648438,1268400,0.0
2021-06-23,167.05999755859375,168.3000030517578,167.0500030517578,167.11000061035156,151.22865295410156,1794400,0.0
2021-06-24,168.27999877929688,169.4600067138672,167.1199951171875,169.4600067138672,153.3553466796875,2466600,0.0
2021-06-25,169.7899932861328,170.63999938964844,168.75999450683594,169.00999450683594,152.94810485839844,1662700,0.0
2021-06-28,169.1300048828125,169.1300048828125,165.44000244140625,166.7899932861328,150.93905639648438,1676400,0.0
2021-06-29,167.49000549316406,168.02000427246094,165.25,165.57000732421875,149.83506774902344,1283000,0.0
2021-06-30,165.11000061035156,166.5,164.80999755859375,165.77000427246094,150.0160675048828,1055900,0.0
2021-07-01,166.86000061035156,167.77000427246094,166.22000122070312,167.42999267578125,151.51824951171875,1587500,0.0
2021-07-02,167.57000732421875,167.58999633789062,165.1999969482422,165.52000427246094,149.789794921875,1278900,0.0
2021-07-06,165.5500030517578,165.60000610351562,161.27999877929688,162.6699981689453,147.21063232421875,1643800,0.0
2021-07-07,162.07000732421875,163.05999755859375,160.00999450683594,161.17999267578125,145.8622283935547,2669300,0.0
2021-07-08,158.19000244140625,161.47999572753906,157.1699981689453,159.5,144.34190368652344,1604300,0.0
2021-07-09,161.2899932861328,163.3800048828125,161.10000610351562,163.19000244140625,147.68121337890625,1662400,0.0
2021-07-12,162.52000427246094,163.94000244140625,161.66000366210938,163.91000366210938,148.33282470703125,876700,0.0
2021-07-13,162.9600067138672,163.0399932861328,160.42999267578125,160.6300048828125,145.36451721191406,1026800,0.0
2021-07-14,161.2100067138672,162.2899932861328,158.57000732421875,158.83999633789062,143.74464416503906,1132500,0.0
2021-07-15,157.82000732421875,159.5,156.97000122070312,158.7899932861328,143.69937133789062,2078800,0.0
2021-07-16,160.27999877929688,160.27999877929688,156.07000732421875,156.4600067138672,141.5908203125,2074800,0.0
2021-07-19,153.2100067138672,154.8000030517578,151.25,152.99000549316406,138.45059204101562,3255200,0.0
2021-07-20,153.52999877929688,158.38999938964844,152.7899932861328,157.50999450683594,142.541015625,1536500,0.0
2021-07-21,158.7100067138672,160.9600067138672,158.58999633789062,160.13999938964844,144.92108154296875,859200,0.0
2021-07-22,159.80999755859375,159.80999755859375,156.41000366210938,157.0800018310547,142.15184020996094,1061800,0.0
2021-07-23,158.07000732421875,158.16000366210938,156.08999633789062,157.61000061035156,142.63148498535156,2012400,0.0
2021-07-26,158.38999938964844,160.17999267578125,158.25999450683594,159.11000061035156,143.98895263671875,1072500,0.0
2021-07-27,158.22000122070312,158.27999877929688,156.69000244140625,157.8699951171875,142.86679077148438,1105500,0.0
2021-07-28,158.83999633789062,160.91000366210938,157.02999877929688,159.55999755859375,144.39617919921875,1786700,0.0
2021-07-29,161.02000427246094,162.32000732421875,160.58999633789062,161.11000061035156,145.7989044189453,951900,0.0
2021-07-30,160.3800048828125,162.24000549316406,159.3000030517578,159.9600067138672,144.75816345214844,1593400,0.0
2021-08-02,160.72999572753906,162.9600067138672,158.52999877929688,158.77000427246094,143.68128967285156,1774900,0.0
2021-08-03,159.07000732421875,160.19000244140625,157.0800018310547,160.08999633789062,144.8758087158203,2426200,0.0
2021-08-04,158.52999877929688,159.35000610351562,156.8000030517578,157.02000427246094,142.0975799560547,2343800,0.0
2021-08-05,157.77000427246094,160.08999633789062,157.77000427246094,159.77999877929688,144.59527587890625,1656000,0.0
2021-08-06,161.2100067138672,162.61000061035156,160.69000244140625,161.63999938964844,146.2784881591797,1246300,0.0
2021-08-09,161.13999938964844,161.3000030517578,159.97000122070312,160.49000549316406,145.23780822753906,1019100,0.0
2021-08-10,160.75,162.02999877929688,159.86000061035156,161.72000122070312,146.3509063720703,1211200,0.0
2021-08-11,161.83999633789062,163.14999389648438,160.5399932861328,163.02000427246094,147.52734375,1184500,0.0
2021-08-12,163.22999572753906,163.3300018310547,161.3300018310547,162.60000610351562,147.1472625732422,2841500,0.0
2021-08-13,162.39999389648438,162.58999633789062,161.16000366210938,161.42999267578125,146.08851623535156,1045500,0.0
2021-08-16,160.5800018310547,161.0,158.9499969482422,160.25999450683594,145.02967834472656,1576400,0.0
2021-08-17,158.6699981689453,159.3699951171875,156.63999938964844,158.57000732421875,143.50025939941406,1819400,0.0
2021-08-18,158.39999389648438,159.4600067138672,156.77000427246094,156.92999267578125,142.01614379882812,1008500,0.0
2021-08-19,155.42999267578125,156.4499969482422,153.9499969482422,155.1300048828125,140.38719177246094,1444300,0.0
2021-08-20,155.0,157.91000366210938,154.47000122070312,157.6999969482422,142.71298217773438,700600,0.0
2021-08-23,158.85000610351562,160.30999755859375,158.8000030517578,159.9499969482422,144.74911499023438,851500,0.0
2021-08-24,160.5399932861328,161.6300048828125,159.9499969482422,161.35000610351562,146.01609802246094,1096000,0.0
2021-08-25,161.47000122070312,163.32000732421875,160.80999755859375,162.2100067138672,146.7943572998047,967400,0.0
2021-08-26,162.16000366210938,162.41000366210938,160.0399932861328,160.36000061035156,145.1201629638672,997900,0.0
2021-08-27,160.64999389648438,165.0399932861328,160.64999389648438,164.67999267578125,149.0295867919922,1621000,0.0
2021-08-30,165.17999267578125,165.30999755859375,163.35000610351562,163.64999389648438,148.09747314453125,1328700,0.0
2021-08-31,163.47999572753906,164.6199951171875,162.91000366210938,164.0,148.4142303466797,1249100,0.0
2021-09-01,164.82000732421875,165.30999755859375,162.89999389648438,164.6999969482422,149.04771423339844,1146500,0.0
2021-09-02,165.4499969482422,166.32000732421875,164.50999450683594,165.4199981689453,149.6992645263672,972800,0.0
2021-09-03,165.35000610351562,165.41000366210938,163.91000366210938,164.6699981689453,149.0205841064453,706800,0.0
2021-09-07,164.5500030517578,165.4499969482422,163.58999633789062,163.8000030517578,148.2332305908203,544000,0.0
2021-09-08,163.2100067138672,163.67999267578125,161.42999267578125,162.16000366210938,146.7490997314453,746000,0.0
2021-09-09,161.77999877929688,163.55999755859375,161.47000122070312,161.92999267578125,146.5409393310547,723300,0.0
2021-09-10,162.88999938964844,163.0500030517578,160.13999938964844,160.25999450683594,145.02967834472656,683400,0.0
2021-09-13,161.42999267578125,162.08999633789062,160.1699981689453,161.72999572753906,146.35997009277344,1048100,0.0
2021-09-14,162.36000061035156,162.4199981689453,158.6999969482422,159.3800048828125,144.2333221435547,1306300,0.0
2021-09-15,159.38999938964844,161.4199981689453,159.2899932861328,161.27999877929688,145.9527130126953,1503200,0.0
2021-09-16,160.97999572753906,161.47000122070312,159.42999267578125,160.44000244140625,145.1925506591797,889100,0.0
2021-09-17,160.22000122070312,161.02000427246094,159.38999938964844,160.3000030517578,145.06585693359375,1320600,0.0
2021-09-20,157.00999450683594,158.02000427246094,154.9600067138672,157.16000366210938,142.22427368164062,1469300,0.0
2021-09-21,158.11000061035156,158.44000244140625,155.7899932861328,156.77999877929688,141.88038635253906,1141700,0.0
2021-09-22,158.0800018310547,160.52000427246094,158.0800018310547,158.97000122070312,143.86224365234375,1137800,0.0
2021-09-23,160.07000732421875,162.8800048828125,159.5500030517578,161.89999389648438,146.5137939453125,1130800,0.0
2021-09-24,160.24000549316406,161.86000061035156,160.00999450683594,160.86000061035156,146.27195739746094,1586100,0.774
2021-09-27,161.38999938964844,165.52000427246094,161.38999938964844,164.0399932861328,149.16351318359375,1571400,0.0
2021-09-28,163.82000732421875,164.36000061035156,161.35000610351562,161.61000061035156,146.9539337158203,1523900,0.0
2021-09-29,162.11000061035156,162.60000610351562,161.08999633789062,161.94000244140625,147.2539825439453,679000,0.0
2021-09-30,162.60000610351562,162.91000366210938,160.08999633789062,160.22999572753906,145.69903564453125,877900,0.0
2021-10-01,161.05999755859375,164.3000030517578,160.14999389648438,163.14999389648438,148.35423278808594,1310300,0.0
2021-10-04,162.99000549316406,164.24000549316406,162.0,162.94000244140625,148.16331481933594,1170900,0.0
2021-10-05,163.5,164.42999267578125,162.4199981689453,163.36000061035156,148.5452117919922,1200300,0.0
2021-10-06,161.6699981689453,162.57000732421875,159.5,162.35000610351562,147.62681579589844,1399000,0.0
2021-10-07,163.17999267578125,165.5500030517578,163.17999267578125,164.52000427246094,149.6000213623047,1211900,0.0
2021-10-08,164.63999938964844,165.4499969482422,164.02000427246094,164.11000061035156,149.2272186279297,884700,0.0
2021-10-11,164.4499969482422,165.52000427246094,163.13999938964844,163.24000549316406,148.43606567382812,1080400,0.0
2021-10-12,163.27000427246094,164.4199981689453,163.02999877929688,163.8000030517578,148.94532775878906,1087300,0.0
2021-10-13,163.86000061035156,164.22999572753906,161.82000732421875,164.07000732421875,149.1908416748047,1720500,0.0
2021-10-14,165.57000732421875,166.27999877929688,164.97000122070312,166.1199951171875,151.05487060546875,1099900,0.0
2021-10-15,167.97999572753906,168.27999877929688,165.75,165.75,150.71844482421875,1742400,0.0
2021-10-18,165.14999389648438,166.50999450683594,165.02000427246094,165.6199951171875,150.6002655029297,4995700,0.0
2021-10-19,166.25,166.3699951171875,164.6199951171875,165.85000610351562,150.80943298339844,6019700,0.0
2021-10-20,165.5800018310547,167.85000610351562,165.24000549316406,167.41000366210938,152.22796630859375,1266300,0.0
2021-10-21,167.2100067138672,168.22999572753906,166.33999633789062,167.4199981689453,152.2370147705078,1122600,0.0
2021-10-22,167.4199981689453,167.88999938964844,166.16000366210938,167.17999267578125,152.01876831054688,967500,0.0
2021-10-25,167.7100067138672,168.88999938964844,167.25,168.77000427246094,153.46461486816406,1052400,0.0
2021-10-26,169.10000610351562,169.11000061035156,167.25,167.32000732421875,152.14610290527344,1401200,0.0
2021-10-27,166.91000366210938,166.91000366210938,163.91000366210938,163.97000122070312,149.0998992919922,1172600,0.0
2021-10-28,164.61000061035156,166.80999755859375,164.61000061035156,166.66000366210938,151.5459442138672,1223900,0.0
2021-10-29,166.52999877929688,167.25999450683594,165.42999267578125,166.3800048828125,151.29132080078125,832100,0.0
2021-11-01,167.22000122070312,170.7899932861328,166.9499969482422,170.50999450683594,155.04678344726562,1239100,0.0
2021-11-02,170.75,172.0399932861328,169.6199951171875,171.3300018310547,155.7924346923828,1281000,0.0
2021-11-03,171.07000732421875,175.1999969482422,170.67999267578125,174.0800018310547,158.2930145263672,1966300,0.0
2021-11-04,174.8300018310547,175.47000122070312,172.42999267578125,173.17999267578125,157.47463989257812,1163800,0.0
2021-11-05,175.02999877929688,177.32000732421875,174.94000244140625,176.4600067138672,160.4571990966797,1613200,0.0
2021-11-08,177.80999755859375,178.19000244140625,176.33999633789062,176.8800048828125,160.839111328125,1185800,0.0
2021-11-09,176.32000732421875,176.44000244140625,174.66000366210938,175.5,159.58425903320312,1506900,0.0
2021-11-10,174.8300018310547,176.11000061035156,173.27000427246094,173.89999389648438,158.12933349609375,1783300,0.0
2021-11-11,174.1999969482422,176.00999450683594,173.67999267578125,175.16000366210938,159.2750701904297,1411700,0.0
2021-11-12,175.61000061035156,175.67999267578125,174.47000122070312,174.92999267578125,159.06593322753906,1193800,0.0
2021-11-15,175.49000549316406,175.75999450683594,174.1199951171875,174.8000030517578,158.94775390625,1182700,0.0
2021-11-16,174.27000427246094,175.16000366210938,173.64999389648438,174.66000366210938,158.82044982910156,1741800,0.0
2021-11-17,173.8300018310547,173.97999572753906,171.83999633789062,172.69000244140625,157.0290985107422,3376500,0.0
2021-11-18,173.1699981689453,173.25999450683594,170.74000549316406,172.07000732421875,156.46533203125,1519500,0.0
2021-11-19,170.47000122070312,171.36000061035156,169.66000366210938,170.38999938964844,154.9376678466797,1286900,0.0
2021-11-22,171.36000061035156,173.60000610351562,170.85000610351562,171.32000732421875,155.78335571289062,1517400,0.0
2021-11-23,171.35000610351562,172.42999267578125,170.47000122070312,171.77999877929688,156.20159912109375,1966100,0.0
2021-11-24,170.47000122070312,171.77000427246094,170.07000732421875,171.41000366210938,155.86520385742188,919600,0.0
2021-11-26,166.47000122070312,166.60000610351562,161.86000061035156,164.7899932861328,149.84552001953125,1727200,0.0
2021-11-29,167.16000366210938,167.4499969482422,163.3300018310547,164.22000122070312,149.3271942138672,1371800,0.0
2021-11-30,162.58999633789062,163.13999938964844,159.1199951171875,160.47000122070312,145.9172821044922,2809100,0.0
2021-12-01,163.75999450683594,165.0399932861328,157.22999572753906,157.30999755859375,143.04388427734375,2596800,0.0
2021-12-02,158.0500030517578,162.69000244140625,157.74000549316406,162.0800018310547,147.38131713867188,2100000,0.0
2021-12-03,162.67999267578125,163.0399932861328,158.5500030517578,160.07000732421875,145.55357360839844,1936200,0.0
2021-12-06,161.4199981689453,164.97999572753906,160.47999572753906,163.5500030517578,148.71798706054688,2307000,0.0
2021-12-07,165.6999969482422,167.44000244140625,164.88999938964844,165.8000030517578,150.763916015625,1942100,0.0
2021-12-08,166.22999572753906,167.38999938964844,165.39999389648438,166.6699981689453,151.55502319335938,1536500,0.0
2021-12-09,165.5800018310547,165.8300018310547,163.88999938964844,163.9499969482422,149.08168029785156,1627800,0.0
2021-12-10,165.08999633789062,165.3000030517578,162.38999938964844,163.97000122070312,149.0998992919922,1454100,0.0
2021-12-13,162.6199951171875,163.05999755859375,159.99000549316406,160.69000244140625,146.9256134033203,983100,0.902
2021-12-14,159.86000061035156,162.3000030517578,159.33999633789062,159.85000610351562,146.1575469970703,2049200,0.0
2021-12-15,159.83999633789062,161.99000549316406,157.50999450683594,161.44000244140625,147.61134338378906,2866800,0.0
2021-12-16,162.8000030517578,163.38999938964844,159.0500030517578,159.67999267578125,146.00210571289062,2056100,0.0
2021-12-17,159.0399932861328,161.8699951171875,157.75,159.97999572753906,146.27642822265625,1973100,0.0
2021-12-20,157.6699981689453,158.07000732421875,154.9199981689453,157.64999389648438,144.14596557617188,2338200,0.0
2021-12-21,159.30999755859375,162.22000122070312,159.10000610351562,162.14999389648438,148.26052856445312,2099200,0.0
2021-12-22,162.0399932861328,163.75999450683594,161.30999755859375,163.75999450683594,149.7325897216797,1747400,0.0
2021-12-23,164.3699951171875,165.36000061035156,163.7899932861328,164.8000030517578,150.68356323242188,1618600,0.0
2021-12-27,164.92999267578125,166.5800018310547,163.63999938964844,166.49000549316406,152.22874450683594,1365200,0.0
2021-12-28,166.10000610351562,167.8000030517578,165.72000122070312,165.97000122070312,151.75332641601562,1405800,0.0
2021-12-29,165.92999267578125,166.5500030517578,165.2100067138672,166.30999755859375,152.06419372558594,1256600,0.0
2021-12-30,166.30999755859375,167.8300018310547,165.80999755859375,165.91000366210938,151.69847106933594,1511000,0.0
2021-12-31,165.8000030517578,166.7899932861328,165.57000732421875,166.0500030517578,151.8264617919922,1013500,0.0
2022-01-03,166.7100067138672,169.5800018310547,166.7100067138672,168.07000732421875,153.67344665527344,1591300,0.0
2022-01-04,168.92999267578125,170.25,168.6699981689453,169.2100067138672,154.7157745361328,2357300,0.0
2022-01-05,169.66000366210938,170.49000549316406,165.3699951171875,165.47000122070312,151.29615783691406,2067300,0.0
2022-01-06,166.27999877929688,167.8000030517578,164.9600067138672,166.86000061035156,152.56704711914062,1929600,0.0
2022-01-07,166.86000061035156,167.83999633789062,165.60000610351562,166.11000061035156,151.88131713867188,1367500,0.0
2022-01-10,165.47000122070312,165.89999389648438,163.25999450683594,165.4199981689453,151.2504425048828,2775200,0.0
2022-01-11,165.6199951171875,166.80999755859375,163.5800018310547,166.6199951171875,152.3476104736328,1175900,0.0
2022-01-12,167.3000030517578,167.66000366210938,164.9199981689453,165.92999267578125,151.7167205810547,1454600,0.0
2022-01-13,166.2899932861328,167.91000366210938,165.17999267578125,165.60000610351562,151.41500854492188,2034800,0.0
2022-01-14,164.44000244140625,166.6699981689453,164.02999877929688,166.61000061035156,152.33853149414062,1439800,0.0
2022-01-18,165.50999450683594,165.75999450683594,162.3699951171875,162.5500030517578,148.62623596191406,1407400,0.0
2022-01-19,163.39999389648438,163.47999572753906,159.77999877929688,159.92999267578125,146.23065185546875,2158100,0.0
2022-01-20,160.25999450683594,162.47999572753906,156.44000244140625,156.74000549316406,143.31394958496094,2068200,0.0
2022-01-21,156.19000244140625,158.5399932861328,154.41000366210938,154.47000122070312,141.23837280273438,3206900,0.0
2022-01-24,151.88999938964844,157.8300018310547,150.5,157.24000549316406,143.77110290527344,2825000,0.0
2022-01-25,155.25,158.0800018310547,152.38999938964844,156.33999633789062,142.9481964111328,1703600,0.0
2022-01-26,158.22999572753906,159.67999267578125,152.5,154.3699951171875,141.14694213867188,1509800,0.0
2022-01-27,155.41000366210938,157.11000061035156,150.3300018310547,151.25,138.294189453125,2661400,0.0
2022-01-28,151.33999633789062,153.42999267578125,148.4600067138672,153.35000610351562,140.2143096923828,2577300,0.0
2022-01-31,152.42999267578125,156.33999633789062,151.85000610351562,156.33999633789062,142.9481964111328,1384900,0.0
2022-02-01,156.7100067138672,158.0500030517578,154.1999969482422,157.77000427246094,144.25570678710938,2516100,0.0
2022-02-02,158.02999877929688,158.02999877929688,155.22000122070312,156.8000030517578,143.3687744140625,2611500,0.0
2022-02-03,155.42999267578125,157.11000061035156,154.3300018310547,154.55999755859375,141.32066345214844,1902400,0.0
2022-02-04,154.35000610351562,156.02000427246094,152.38999938964844,154.97000122070312,141.69552612304688,1259900,0.0
2022-02-07,154.89999389648438,156.5500030517578,154.58999633789062,155.3699951171875,142.06129455566406,1580300,0.0
2022-02-08,155.7100067138672,157.86000061035156,155.66000366210938,157.52999877929688,144.03628540039062,1535100,0.0
2022-02-09,158.61000061035156,159.5500030517578,158.2899932861328,159.4499969482422,145.7918243408203,1168800,0.0
2022-02-10,157.47999572753906,161.1699981689453,156.50999450683594,157.52000427246094,144.0271453857422,1710400,0.0
2022-02-11,157.74000549316406,159.64999389648438,155.67999267578125,156.8800048828125,143.4419403076172,2114700,0.0
2022-02-14,157.24000549316406,158.07000732421875,155.17999267578125,156.1699981689453,142.7927703857422,1999700,0.0
2022-02-15,157.6199951171875,159.9199981689453,157.25999450683594,159.72000122070312,146.03871154785156,1507900,0.0
2022-02-16,159.47000122070312,160.97000122070312,159.00999450683594,160.32000732421875,146.58731079101562,1146100,0.0
2022-02-17,159.3300018310547,159.5399932861328,156.9199981689453,157.49000549316406,143.9997100830078,1653200,0.0
2022-02-18,156.3300018310547,158.7899932861328,156.24000549316406,156.60000610351562,143.18592834472656,2847700,0.0
2022-02-22,156.1199951171875,157.0,153.49000549316406,154.50999450683594,141.27496337890625,2872200,0.0
2022-02-23,155.80999755859375,156.3000030517578,152.0,152.30999755859375,139.2633819580078,2513100,0.0
2022-02-24,149.22999572753906,154.8300018310547,149.0,154.55999755859375,141.32066345214844,3551100,0.0
2022-02-25,155.10000610351562,158.4199981689453,154.5800018310547,158.3800048828125,144.8134307861328,1569000,0.0
2022-02-28,156.94000244140625,159.57000732421875,156.64999389648438,158.74000549316406,145.14263916015625,1654400,0.0
2022-03-01,158.55999755859375,159.14999389648438,154.58999633789062,155.82000732421875,142.4727783203125,1755700,0.0
2022-03-02,156.8699951171875,160.8300018310547,156.77000427246094,159.97000122070312,146.2672882080078,1502200,0.0
2022-03-03,160.66000366210938,160.75,157.97000122070312,159.41000366210938,145.75523376464844,1573400,0.0
2022-03-04,157.8300018310547,158.02999877929688,156.07000732421875,157.7899932861328,144.27401733398438,2455300,0.0
2022-03-07,157.9199981689453,158.69000244140625,154.44000244140625,154.55999755859375,141.32066345214844,2568800,0.0
2022-03-08,155.16000366210938,158.52999877929688,154.72999572753906,155.25,141.95156860351562,1733600,0.0
2022-03-09,157.49000549316406,159.02000427246094,156.97999572753906,158.2899932861328,144.7311553955078,1360300,0.0
2022-03-10,156.39999389648438,158.8000030517578,156.27000427246094,158.6199951171875,145.0328826904297,1190900,0.0
2022-03-11,159.38999938964844,160.2100067138672,157.02999877929688,157.07000732421875,143.6156768798828,2063600,0.0
2022-03-14,157.74000549316406,157.9199981689453,154.55999755859375,155.5,142.18016052246094,1544100,0.0
2022-03-15,155.4199981689453,156.7899932861328,154.86000061035156,156.72000122070312,143.29568481445312,2206100,0.0
2022-03-16,157.80999755859375,160.27000427246094,156.47999572753906,160.27000427246094,146.5415496826172,1333200,0.0
2022-03-17,159.3300018310547,161.94000244140625,159.1699981689453,161.6999969482422,147.8490753173828,2102700,0.0
2022-03-18,161.25999450683594,162.52000427246094,160.27999877929688,162.27000427246094,148.37025451660156,1771600,0.0
2022-03-21,162.8000030517578,163.8699951171875,160.83999633789062,161.89999389648438,148.03195190429688,1125800,0.0
2022-03-22,162.58999633789062,164.30999755859375,161.72000122070312,162.9499969482422,148.9919891357422,1143500,0.0
2022-03-23,162.42999267578125,162.6300048828125,160.47000122070312,160.63999938964844,146.8798828125,1348900,0.0
2022-03-24,160.60000610351562,161.5800018310547,159.5500030517578,161.5399932861328,148.1815185546875,885800,0.519
2022-03-25,161.50999450683594,163.24000549316406,161.50999450683594,163.0500030517578,149.56666564941406,2451300,0.0
2022-03-28,162.6300048828125,162.7100067138672,160.74000549316406,162.67999267578125,149.22723388671875,1457600,0.0
2022-03-29,164.05999755859375,166.3800048828125,163.60000610351562,166.0399932861328,152.30938720703125,2587600,0.0
2022-03-30,166.11000061035156,166.3300018310547,162.4199981689453,163.16000366210938,149.66754150390625,2918400,0.0
2022-03-31,162.8800048828125,164.25999450683594,161.27999877929688,161.39999389648438,148.05308532714844,1433600,0.0
2022-04-01,162.27999877929688,163.0,161.02999877929688,162.7100067138672,149.2547607421875,1077600,0.0
2022-04-04,163.0,163.14999389648438,160.74000549316406,162.49000549316406,149.05294799804688,3036300,0.0
2022-04-05,162.50999450683594,163.63999938964844,158.5500030517578,158.86000061035156,145.72315979003906,4115200,0.0
2022-04-06,158.1300048828125,158.47999572753906,156.5800018310547,157.38999938964844,144.3747100830078,1225600,0.0
2022-04-07,157.38999938964844,157.8000030517578,154.82000732421875,156.61000061035156,143.6592254638672,1661000,0.0
2022-04-08,156.60000610351562,157.6300048828125,155.64999389648438,156.1300048828125,143.2189178466797,1165800,0.0
2022-04-11,155.75999450683594,157.41000366210938,154.77999877929688,155.11000061035156,142.28323364257812,1730300,0.0
2022-04-12,156.52999877929688,158.39999389648438,155.25,155.77999877929688,142.89784240722656,1045600,0.0
2022-04-13,156.2100067138672,158.91000366210938,156.19000244140625,158.58999633789062,145.47547912597656,880600,0.0
2022-04-14,159.02000427246094,159.91000366210938,157.75,157.94000244140625,144.87925720214844,1637500,0.0
2022-04-18,157.61000061035156,158.5500030517578,156.77999877929688,157.52999877929688,144.5031280517578,1457400,0.0
2022-04-19,157.64999389648438,160.6999969482422,157.64999389648438,160.35000610351562,147.08993530273438,2585000,0.0
2022-04-20,161.36000061035156,162.5399932861328,161.0399932861328,161.42999267578125,148.0806427001953,2895400,0.0
2022-04-21,162.7100067138672,163.1300048828125,157.89999389648438,158.4499969482422,145.34706115722656,1723600,0.0
2022-04-22,157.77999877929688,157.91000366210938,154.25,154.55999755859375,141.77874755859375,1740700,0.0
2022-04-25,153.0800018310547,154.7899932861328,150.66000366210938,154.5800018310547,141.7970733642578,2682300,0.0
2022-04-26,153.3699951171875,153.97000122070312,150.38999938964844,150.58999633789062,138.1370086669922,1697900,0.0
2022-04-27,150.85000610351562,151.86000061035156,149.5399932861328,150.25,137.82516479492188,2201400,0.0
2022-04-28,151.6300048828125,153.75,148.74000549316406,153.0500030517578,140.39356994628906,1895600,0.0
2022-04-29,152.47000122070312,153.61000061035156,148.39999389648438,148.82000732421875,136.51339721679688,2050700,0.0
2022-05-02,148.83999633789062,150.49000549316406,146.11000061035156,149.3000030517578,136.95370483398438,2118600,0.0
2022-05-03,149.41000366210938,152.25999450683594,148.88999938964844,151.49000549316406,138.96263122558594,1789500,0.0
2022-05-04,151.82000732421875,155.72000122070312,150.0800018310547,155.5,142.64100646972656,1991100,0.0
2022-05-05,154.16000366210938,154.19000244140625,148.5399932861328,150.27000427246094,137.843505859375,3004600,0.0
2022-05-06,149.83999633789062,150.2899932861328,146.97000122070312,148.69000244140625,136.3941650390625,1870200,0.0
2022-05-09,146.5500030517578,147.07000732421875,142.91000366210938,143.50999450683594,131.64251708984375,2121600,0.0
2022-05-10,145.10000610351562,145.88999938964844,140.16000366210938,142.86000061035156,131.04629516601562,1929800,0.0
2022-05-11,143.00999450683594,145.86000061035156,140.2899932861328,140.57000732421875,128.94564819335938,1904800,0.0
2022-05-12,139.8699951171875,142.47000122070312,138.80999755859375,141.57000732421875,129.86297607421875,1904800,0.0
2022-05-13,143.07000732421875,145.5500030517578,143.0500030517578,144.44000244140625,132.49562072753906,3303800,0.0
2022-05-16,144.30999755859375,145.6300048828125,143.30999755859375,144.7100067138672,132.74325561523438,1024600,0.0
2022-05-17,146.72000122070312,149.0399932861328,146.42999267578125,148.97999572753906,136.66015625,1468100,0.0
2022-05-18,147.80999755859375,148.2100067138672,143.58999633789062,144.33999633789062,132.40382385253906,1479200,0.0
2022-05-19,143.3800048828125,145.66000366210938,143.0,143.92999267578125,132.02777099609375,1308600,0.0
2022-05-20,145.27000427246094,145.58999633789062,140.35000610351562,143.47999572753906,131.614990234375,1575800,0.0
2022-05-23,144.97999572753906,146.3000030517578,143.66000366210938,145.61000061035156,133.56884765625,1415100,0.0
2022-05-24,144.6199951171875,144.9600067138672,141.5,144.3300018310547,132.3946990966797,1739700,0.0
2022-05-25,143.94000244140625,147.86000061035156,143.94000244140625,147.0800018310547,134.9172821044922,1509900,0.0
2022-05-26,148.05999755859375,150.75999450683594,148.05999755859375,149.83999633789062,137.4490509033203,1157500,0.0
2022-05-27,150.5500030517578,153.27999877929688,150.30999755859375,153.27999877929688,140.60455322265625,995600,0.0
2022-05-31,152.75999450683594,153.0500030517578,150.9499969482422,151.69000244140625,139.14608764648438,1746800,0.0
2022-06-01,152.24000549316406,152.80999755859375,149.13999938964844,151.39999389648438,138.8800506591797,1087600,0.0
2022-06-02,151.57000732421875,154.00999450683594,150.97000122070312,154.00999450683594,141.27420043945312,834600,0.0
2022-06-03,153.02000427246094,153.5800018310547,152.17999267578125,153.00999450683594,140.35687255859375,1220000,0.0
2022-06-06,154.44000244140625,154.57000732421875,153.25999450683594,153.91000366210938,141.18247985839844,1259600,0.0
2022-06-07,152.77000427246094,156.2899932861328,152.60000610351562,156.1699981689453,143.25558471679688,1195300,0.0
2022-06-08,155.55999755859375,155.7100067138672,152.72000122070312,153.5,140.80641174316406,1706300,0.0
2022-06-09,152.39999389648438,152.57000732421875,149.97999572753906,150.00999450683594,138.12513732910156,1562200,0.578
2022-06-10,147.8800048828125,148.3800048828125,145.60000610351562,146.47999572753906,134.87474060058594,1192200,0.0
2022-06-13,142.33999633789062,143.6199951171875,139.1300048828125,139.77999877929688,128.70558166503906,2107100,0.0
2022-06-14,140.3000030517578,140.9199981689453,137.7899932861328,139.1999969482422,128.1715545654297,1435600,0.0
2022-06-15,140.30999755859375,142.5,138.63999938964844,140.8000030517578,129.644775390625,941400,0.0
2022-06-16,137.7100067138672,138.10000610351562,133.74000549316406,134.47000122070312,123.81627655029297,2360100,0.0
2022-06-17,135.0399932861328,136.88999938964844,133.5500030517578,134.83999633789062,124.156982421875,1215600,0.0
2022-06-21,136.72999572753906,138.60000610351562,135.99000549316406,137.02999877929688,126.17349243164062,1409100,0.0
2022-06-22,135.00999450683594,137.38999938964844,134.8699951171875,136.1999969482422,125.40921020507812,1583700,0.0
2022-06-23,136.4199981689453,136.9199981689453,134.1300048828125,136.24000549316406,125.44606018066406,1211800,0.0
2022-06-24,137.1999969482422,140.25999450683594,137.0500030517578,139.97999572753906,128.88978576660156,2862200,0.0
2022-06-27,140.9499969482422,141.7100067138672,139.67999267578125,140.60000610351562,129.46066284179688,1433800,0.0
2022-06-28,141.38999938964844,142.69000244140625,138.3699951171875,138.44000244140625,127.47174072265625,940100,0.0
2022-06-29,138.38999938964844,138.5800018310547,135.63999938964844,136.8699951171875,126.02613067626953,1806300,0.0
2022-06-30,134.86000061035156,137.30999755859375,133.92999267578125,136.14999389648438,125.3631591796875,2111900,0.0
2022-07-01,135.75999450683594,138.3800048828125,134.9600067138672,138.1199951171875,127.17710876464844,1230100,0.0
2022-07-05,135.99000549316406,138.5500030517578,133.97999572753906,138.49000549316406,127.51780700683594,1487200,0.0
2022-07-06,138.08999633789062,138.9499969482422,135.82000732421875,137.25999450683594,126.38525390625,1341000,0.0
2022-07-07,138.3699951171875,140.11000061035156,138.3000030517578,139.66000366210938,128.59510803222656,724800,0.0
2022-07-08,139.57000732421875,140.61000061035156,138.25999450683594,139.50999450683594,128.45700073242188,704800,0.0
2022-07-11,138.69000244140625,139.10000610351562,136.8000030517578,137.13999938964844,126.2747573852539,803600,0.0
2022-07-12,136.57000732421875,138.8000030517578,136.57000732421875,137.39999389648438,126.5141372680664,1269800,0.0
2022-07-13,135.5399932861328,137.5800018310547,135.1699981689453,136.99000549316406,126.13665008544922,874000,0.0
2022-07-14,135.0500030517578,135.63999938964844,133.64999389648438,135.3800048828125,124.65421295166016,1509800,0.0
2022-07-15,137.42999267578125,138.5399932861328,135.3800048828125,138.27999877929688,127.32442474365234,1323800,0.0
2022-07-18,139.85000610351562,140.77000427246094,137.89999389648438,138.25,127.29680633544922,1213000,0.0
2022-07-19,139.92999267578125,143.17999267578125,139.92999267578125,142.92999267578125,131.60604858398438,1279700,0.0
2022-07-20,142.69000244140625,145.0,142.61000061035156,144.74000549316406,133.27259826660156,1112600,0.0
2022-07-21,143.9499969482422,145.0,142.3300018310547,144.92999267578125,133.4475555419922,1307800,0.0
2022-07-22,145.3300018310547,145.7100067138672,141.9499969482422,143.10000610351562,131.76255798339844,1768700,0.0
2022-07-25,143.7100067138672,144.5800018310547,142.67999267578125,144.1999969482422,132.77540588378906,951300,0.0
2022-07-26,143.75,144.16000366210938,143.0800018310547,143.5500030517578,132.17689514160156,606600,0.0
2022-07-27,144.5399932861328,147.1999969482422,144.07000732421875,146.6199951171875,135.00369262695312,634900,0.0
2022-07-28,147.13999938964844,148.47999572753906,145.38999938964844,148.3300018310547,136.5782012939453,1182600,0.0
2022-07-29,148.42999267578125,149.64999389648438,147.86000061035156,149.25,137.42529296875,1069700,0.0
2022-08-01,148.3000030517578,150.1199951171875,147.16000366210938,149.32000732421875,137.48976135253906,937700,0.0
2022-08-02,148.89999389648438,150.25999450683594,148.0399932861328,148.49000549316406,136.7255401611328,1359200,0.0
2022-08-03,149.38999938964844,150.6999969482422,149.0,150.25999450683594,138.3553009033203,896700,0.0
2022-08-04,150.38999938964844,150.4499969482422,149.39999389648438,149.8000030517578,137.93174743652344,823800,0.0
2022-08-05,148.6300048828125,150.82000732421875,148.35000610351562,150.6699981689453,138.73281860351562,783800,0.0
2022-08-08,151.55999755859375,153.41000366210938,151.52000427246094,152.19000244140625,140.1323699951172,1519700,0.0
2022-08-09,151.69000244140625,151.77999877929688,150.0,150.82000732421875,138.87094116210938,818500,0.0
2022-08-10,153.0399932861328,154.7899932861328,152.89999389648438,154.41000366210938,142.17649841308594,1149100,0.0
2022-08-11,155.9199981689453,157.5399932861328,155.0500030517578,155.30999755859375,143.0051727294922,1073400,0.0
2022-08-12,156.16000366210938,158.5800018310547,155.6699981689453,158.47000122070312,145.9148712158203,1091500,0.0
2022-08-15,157.13999938964844,159.0800018310547,156.61000061035156,159.07000732421875,146.46730041503906,2690400,0.0
2022-08-16,158.4600067138672,160.2100067138672,158.0500030517578,159.3800048828125,146.75270080566406,705500,0.0
2022-08-17,157.66000366210938,158.0,155.91000366210938,156.77000427246094,144.34951782226562,760600,0.0
2022-08-18,156.8000030517578,157.6199951171875,156.1999969482422,157.3800048828125,144.91122436523438,593300,0.0
2022-08-19,155.8000030517578,156.19000244140625,153.7899932861328,154.27000427246094,142.04759216308594,1056300,0.0
2022-08-22,151.97999572753906,152.25999450683594,150.36000061035156,150.77999877929688,138.83412170410156,1377400,0.0
2022-08-23,151.0500030517578,152.3300018310547,150.6199951171875,150.8300018310547,138.88014221191406,467000,0.0
2022-08-24,150.82000732421875,152.2100067138672,150.10000610351562,151.52999877929688,139.52467346191406,1034700,0.0
2022-08-25,152.14999389648438,153.8699951171875,151.75999450683594,153.85000610351562,141.660888671875,710400,0.0
2022-08-26,154.0,154.0500030517578,149.02999877929688,149.22000122070312,137.39772033691406,1239800,0.0
2022-08-29,147.89999389648438,149.0,147.5399932861328,147.82000732421875,136.10862731933594,1430800,0.0
2022-08-30,148.22000122070312,148.3699951171875,145.07000732421875,145.7100067138672,134.16578674316406,642900,0.0
2022-08-31,145.86000061035156,146.35000610351562,144.4499969482422,144.67999267578125,133.2173614501953,1032000,0.0
2022-09-01,143.3800048828125,143.64999389648438,141.75999450683594,143.4499969482422,132.08480834960938,1040300,0.0
2022-09-02,145.0800018310547,145.4499969482422,141.6999969482422,142.44000244140625,131.1548614501953,1421100,0.0
2022-09-06,142.91000366210938,142.97999572753906,140.2100067138672,140.75,129.59873962402344,1097000,0.0
2022-09-07,140.60000610351562,143.67999267578125,140.3699951171875,143.42999267578125,132.06640625,1517800,0.0
2022-09-08,142.3300018310547,144.4199981689453,141.42999267578125,144.2899932861328,132.85826110839844,1507800,0.0
2022-09-09,145.6300048828125,147.3699951171875,145.41000366210938,147.17999267578125,135.51930236816406,1872500,0.0
2022-09-12,148.22999572753906,149.42999267578125,147.92999267578125,149.0500030517578,137.24114990234375,1183600,0.0
2022-09-13,145.72999572753906,146.30999755859375,142.8000030517578,143.4600067138672,132.09405517578125,1280600,0.0
2022-09-14,143.80999755859375,143.8300018310547,141.9499969482422,143.60000610351562,132.2229461669922,790300,0.0
2022-09-15,142.8000030517578,144.97999572753906,142.42999267578125,142.86000061035156,131.54156494140625,2141600,0.0
2022-09-16,141.19000244140625,141.5399932861328,139.60000610351562,141.39999389648438,130.19723510742188,1064600,0.0
2022-09-19,139.9499969482422,143.1300048828125,139.9499969482422,142.97000122070312,131.6428680419922,1046500,0.0
2022-09-20,141.75999450683594,141.75999450683594,140.00999450683594,141.07000732421875,129.8934326171875,1125200,0.0
2022-09-21,141.99000549316406,143.08999633789062,138.89999389648438,138.97000122070312,127.95977020263672,1047800,0.0
2022-09-22,138.72000122070312,139.1300048828125,135.69000244140625,136.2100067138672,125.4184341430664,1627800,0.0
2022-09-23,134.36000061035156,134.44000244140625,131.1300048828125,132.97999572753906,122.44434356689453,1372700,0.0
2022-09-26,131.19000244140625,133.50999450683594,129.41000366210938,129.88999938964844,120.42139434814453,2466200,0.908
2022-09-27,131.0500030517578,132.08999633789062,128.66000366210938,129.6300048828125,120.18035888671875,2253400,0.0
2022-09-28,130.30999755859375,134.02999877929688,129.77999877929688,133.10000610351562,123.39739990234375,1631900,0.0
2022-09-29,131.5800018310547,131.58999633789062,128.24000549316406,129.77999877929688,120.31941986083984,2200700,0.0
2022-09-30,129.60000610351562,132.16000366210938,128.8000030517578,128.92999267578125,119.5313720703125,1785300,0.0
2022-10-03,130.77000427246094,132.8300018310547,129.0,132.1699981689453,122.53521728515625,1435100,0.0
2022-10-04,134.24000549316406,137.39999389648438,134.24000549316406,137.35000610351562,127.33759307861328,1595100,0.0
2022-10-05,135.39999389648438,136.47000122070312,133.77000427246094,136.0500030517578,126.13236236572266,815700,0.0
2022-10-06,135.50999450683594,136.88999938964844,134.42999267578125,135.11000061035156,125.26085662841797,550000,0.0
2022-10-07,134.05999755859375,134.41000366210938,131.1699981689453,131.75999450683594,122.15509033203125,1283400,0.0
2022-10-10,132.00999450683594,132.67999267578125,130.66000366210938,131.32000732421875,121.74717712402344,844200,0.0
2022-10-11,130.66000366210938,133.38999938964844,129.63999938964844,131.8300018310547,122.21998596191406,1234200,0.0
2022-10-12,131.75,132.49000549316406,130.25,131.57000732421875,121.97895050048828,1362000,0.0
2022-10-13,129.16000366210938,135.77999877929688,128.30999755859375,135.22000122070312,125.36286163330078,1354600,0.0
2022-10-14,136.30999755859375,137.24000549316406,132.16000366210938,132.2100067138672,122.57229614257812,666200,0.0
2022-10-17,134.72000122070312,136.4600067138672,134.72000122070312,136.0800018310547,126.16017150878906,1181000,0.0
2022-10-18,138.6999969482422,139.86000061035156,136.60000610351562,137.63999938964844,127.60643005371094,1205300,0.0
2022-10-19,136.30999755859375,137.1699981689453,134.02999877929688,135.50999450683594,125.63172912597656,1217900,0.0
2022-10-20,135.86000061035156,137.1999969482422,133.10000610351562,133.55999755859375,123.82386779785156,1301700,0.0
2022-10-21,133.92999267578125,136.97000122070312,133.27000427246094,136.5500030517578,126.59588623046875,1345700,0.0
2022-10-24,137.07000732421875,137.7899932861328,135.75,137.3300018310547,127.31903076171875,989300,0.0
2022-10-25,137.3300018310547,141.32000732421875,137.3300018310547,140.6199951171875,130.36920166015625,966300,0.0
2022-10-26,141.44000244140625,143.57000732421875,140.6999969482422,141.25,130.95330810546875,1040200,0.0
2022-10-27,142.63999938964844,144.1199951171875,141.74000549316406,141.89999389648438,131.555908203125,789400,0.0
2022-10-28,142.4600067138672,145.30999755859375,141.66000366210938,145.11000061035156,134.53189086914062,1306200,0.0
2022-10-31,144.5399932861328,145.77999877929688,144.00999450683594,145.32000732421875,134.72659301757812,1798300,0.0
2022-11-01,146.7100067138672,146.72000122070312,144.94000244140625,145.5800018310547,134.96763610839844,964900,0.0
2022-11-02,144.94000244140625,146.5800018310547,141.0800018310547,141.22000122070312,130.92550659179688,1108000,0.0
2022-11-03,139.66000366210938,141.1199951171875,138.3699951171875,140.35000610351562,130.118896484375,1449900,0.0
2022-11-04,142.52999877929688,143.50999450683594,140.5399932861328,142.91000366210938,132.4922637939453,787400,0.0
2022-11-07,143.5800018310547,144.5,142.32000732421875,143.52999877929688,133.0670928955078,1565300,0.0
2022-11-08,144.1999969482422,145.22999572753906,141.77000427246094,143.41000366210938,132.95582580566406,664300,0.0
2022-11-09,142.3699951171875,143.05999755859375,139.91000366210938,140.22999572753906,130.0076446533203,671500,0.0
2022-11-10,145.77000427246094,148.3800048828125,145.07000732421875,148.17999267578125,137.37811279296875,1383400,0.0
2022-11-11,148.72999572753906,150.66000366210938,148.35000610351562,149.14999389648438,138.2773895263672,1183600,0.0
2022-11-14,148.3000030517578,149.85000610351562,147.3800048828125,147.52000427246094,136.76622009277344,781200,0.0
2022-11-15,149.60000610351562,150.8699951171875,148.1199951171875,149.1300048828125,138.25885009765625,733800,0.0
2022-11-16,148.4499969482422,148.5,146.1999969482422,146.55999755859375,135.876220703125,1305900,0.0
2022-11-17,144.57000732421875,145.6300048828125,143.85000610351562,145.49000549316406,134.88418579101562,894700,0.0
2022-11-18,147.75,147.75,145.5,146.3800048828125,135.70933532714844,1698800,0.0
2022-11-21,145.72000122070312,146.27000427246094,144.99000549316406,146.1199951171875,135.46826171875,1214000,0.0
2022-11-22,146.89999389648438,147.91000366210938,146.35000610351562,147.72999572753906,136.96090698242188,846900,0.0
2022-11-23,147.25999450683594,148.13999938964844,146.74000549316406,147.6999969482422,136.93310546875,562900,0.0
2022-11-25,147.52999877929688,148.75,147.42999267578125,148.11000061035156,137.3131866455078,482300,0.0
2022-11-28,146.85000610351562,147.5800018310547,144.7100067138672,145.1699981689453,134.5875244140625,1197900,0.0
2022-11-29,145.17999267578125,146.69000244140625,145.17999267578125,146.00999450683594,135.3662872314453,921000,0.0
2022-11-30,146.64999389648438,149.60000610351562,144.58999633789062,149.44000244140625,138.54627990722656,1475000,0.0
2022-12-01,150.19000244140625,151.05999755859375,148.5399932861328,148.8300018310547,137.98072814941406,1625600,0.0
2022-12-02,147.47999572753906,150.19000244140625,147.17999267578125,149.63999938964844,138.73165893554688,817700,0.0
2022-12-05,149.22999572753906,149.22999572753906,145.07000732421875,145.61000061035156,134.99545288085938,1517100,0.0
2022-12-06,145.5,145.9499969482422,143.3000030517578,144.11000061035156,133.60479736328125,1090300,0.0
2022-12-07,144.08999633789062,145.0500030517578,143.14999389648438,143.41000366210938,132.95582580566406,1078900,0.0
2022-12-08,144.16000366210938,145.4199981689453,143.47999572753906,144.3000030517578,133.7809600830078,1374300,0.0
2022-12-09,143.60000610351562,144.22999572753906,142.67999267578125,142.74000549316406,132.3346710205078,1296800,0.0
2022-12-12,143.07000732421875,144.33999633789062,142.0399932861328,144.02000427246094,133.52137756347656,1633000,0.0
2022-12-13,146.52000427246094,147.89999389648438,142.8699951171875,143.57000732421875,133.97955322265625,1343700,0.941
2022-12-14,143.5500030517578,144.80999755859375,141.83999633789062,142.67999267578125,133.14901733398438,1830900,0.0
2022-12-15,141.14999389648438,141.39999389648438,138.99000549316406,139.4499969482422,130.13478088378906,1405700,0.0
2022-12-16,137.74000549316406,138.99000549316406,137.0500030517578,138.3000030517578,129.06161499023438,2522800,0.0
2022-12-19,138.63999938964844,138.75999450683594,136.3800048828125,136.9199981689453,127.77379608154297,1454200,0.0
2022-12-20,136.9199981689453,138.16000366210938,136.25999450683594,137.3800048828125,128.20306396484375,789600,0.0
2022-12-21,138.63999938964844,140.3000030517578,138.52000427246094,139.41000366210938,130.09747314453125,1598400,0.0
2022-12-22,138.3000030517578,138.3000030517578,135.63999938964844,137.92999267578125,128.71629333496094,1521000,0.0
2022-12-23,137.85000610351562,138.86000061035156,137.1300048828125,138.7899932861328,129.51885986328125,774300,0.0
2022-12-27,139.00999450683594,139.10000610351562,137.72999572753906,138.25,129.0149383544922,1377200,0.0
2022-12-28,138.39999389648438,138.77000427246094,136.02000427246094,136.0500030517578,126.9619369506836,1137400,0.0
2022-12-29,137.0500030517578,139.47000122070312,136.72000122070312,139.22999572753906,129.9295196533203,1320200,0.0
2022-12-30,138.0800018310547,139.02000427246094,137.6300048828125,138.6699981689453,129.4068603515625,1041200,0.0
2023-01-03,139.88999938964844,141.0500030517578,137.1999969482422,138.25,129.0149383544922,1818300,0.0
2023-01-04,139.02999877929688,141.10000610351562,139.02999877929688,140.17999267578125,130.81600952148438,716300,0.0
2023-01-05,139.3300018310547,139.47999572753906,137.8000030517578,138.83999633789062,129.56552124023438,730900,0.0
2023-01-06,139.9499969482422,142.22000122070312,139.22999572753906,141.9199981689453,132.4397735595703,1350800,0.0
2023-01-09,142.94000244140625,143.3000030517578,141.4199981689453,141.69000244140625,132.22515869140625,1372000,0.0
2023-01-10,141.49000549316406,143.52000427246094,141.05999755859375,143.4600067138672,133.8768768310547,983000,0.0
2023-01-11,144.1300048828125,145.3000030517578,143.8300018310547,145.22999572753906,135.52870178222656,1065400,0.0
2023-01-12,146.1300048828125,147.83999633789062,144.94000244140625,147.6699981689453,137.80564880371094,1200300,0.0
2023-01-13,146.69000244140625,148.61000061035156,146.3300018310547,148.3699951171875,138.45895385742188,490300,0.0
2023-01-17,148.3800048828125,148.8699951171875,147.69000244140625,148.0,138.11363220214844,1591900,0.0
2023-01-18,148.6999969482422,149.3300018310547,145.2899932861328,145.44000244140625,135.72462463378906,1424900,0.0
2023-01-19,144.36000061035156,145.0500030517578,143.22000122070312,144.3699951171875,134.7261199951172,1426900,0.0
2023-01-20,145.0399932861328,146.77000427246094,143.9499969482422,146.6999969482422,136.9004669189453,1636600,0.0
2023-01-23,147.0,148.77000427246094,146.32000732421875,148.02000427246094,138.13229370117188,1696500,0.0
2023-01-24,147.52999877929688,148.4499969482422,146.86000061035156,147.8800048828125,138.00169372558594,895600,0.0
2023-01-25,146.83999633789062,148.4600067138672,145.88999938964844,148.3800048828125,138.46826171875,1091200,0.0
2023-01-26,149.61000061035156,150.0,147.47999572753906,149.11000061035156,139.14947509765625,1180400,0.0
2023-01-27,149.0,150.6300048828125,148.66000366210938,150.02000427246094,139.99871826171875,1985400,0.0
2023-01-30,148.6999969482422,150.1699981689453,148.19000244140625,148.3800048828125,138.46826171875,1897900,0.0
2023-01-31,148.77000427246094,152.14999389648438,148.77000427246094,152.07000732421875,141.9117431640625,1988000,0.0
2023-02-01,151.6999969482422,155.3800048828125,150.8800048828125,153.8800048828125,143.60084533691406,1492100,0.0
2023-02-02,155.22999572753906,157.49000549316406,154.6999969482422,156.9600067138672,146.47512817382812,884400,0.0
2023-02-03,155.8800048828125,157.64999389648438,155.25999450683594,156.36000061035156,145.9152069091797,1869800,0.0
2023-02-06,155.7100067138672,155.9600067138672,153.4499969482422,154.17999267578125,143.8808135986328,694000,0.0
2023-02-07,153.75999450683594,155.47000122070312,152.44000244140625,154.99000549316406,144.63674926757812,854900,0.0
2023-02-08,154.3800048828125,154.52999877929688,152.38999938964844,152.80999755859375,142.60235595703125,299800,0.0
2023-02-09,154.13999938964844,154.2899932861328,150.07000732421875,150.50999450683594,140.4559783935547,1110200,0.0
2023-02-10,150.05999755859375,151.14999389648438,149.5800018310547,150.91000366210938,140.82923889160156,1636700,0.0
2023-02-13,151.0800018310547,152.72000122070312,150.19000244140625,152.63999938964844,142.44369506835938,695500,0.0
2023-02-14,152.0500030517578,153.41000366210938,150.6300048828125,152.22999572753906,142.06109619140625,560300,0.0
2023-02-15,151.22000122070312,153.75999450683594,150.7899932861328,153.63999938964844,143.37689208984375,1273800,0.0
2023-02-16,152.17999267578125,153.8800048828125,151.22999572753906,152.4600067138672,142.27574157714844,1695000,0.0
2023-02-17,152.0500030517578,153.11000061035156,151.3300018310547,152.85000610351562,142.63970947265625,899100,0.0
2023-02-21,151.24000549316406,151.5500030517578,148.35000610351562,148.61000061035156,138.6829071044922,1029000,0.0
2023-02-22,148.69000244140625,149.9199981689453,148.33999633789062,148.99000549316406,139.03753662109375,380400,0.0
2023-02-23,150.02000427246094,150.47000122070312,147.97999572753906,149.74000549316406,139.73741149902344,593500,0.0
2023-02-24,147.82000732421875,148.50999450683594,147.08999633789062,148.24000549316406,138.33761596679688,847900,0.0
2023-02-27,149.47999572753906,150.32000732421875,148.1999969482422,148.6699981689453,138.7388916015625,963100,0.0
2023-02-28,148.6699981689453,149.99000549316406,148.50999450683594,148.60000610351562,138.673583984375,1100300,0.0
2023-03-01,148.6999969482422,149.19000244140625,147.44000244140625,148.2899932861328,138.3842315673828,1348400,0.0
2023-03-02,147.58999633789062,148.8699951171875,146.7100067138672,148.57000732421875,138.64556884765625,1091500,0.0
2023-03-03,149.22000122070312,150.85000610351562,148.25,150.42999267578125,140.38131713867188,2386700,0.0
2023-03-06,150.5399932861328,150.75,147.44000244140625,148.05999755859375,138.16964721679688,858100,0.0
2023-03-07,147.7899932861328,148.14999389648438,145.8699951171875,146.16000366210938,136.39657592773438,858800,0.0
2023-03-08,146.55999755859375,147.0500030517578,145.16000366210938,146.3000030517578,136.52720642089844,863700,0.0
2023-03-09,146.25999450683594,146.35000610351562,141.6199951171875,141.7899932861328,132.3184814453125,1874600,0.0
2023-03-10,140.80999755859375,141.13999938964844,136.30999755859375,138.0399932861328,128.8189697265625,3130700,0.0
2023-03-13,134.8699951171875,137.58999633789062,133.1300048828125,134.89999389648438,125.88872528076172,3331400,0.0
2023-03-14,139.30999755859375,139.89999389648438,135.8699951171875,137.13999938964844,127.97911071777344,1355800,0.0
2023-03-15,133.9499969482422,135.19000244140625,132.41000366210938,135.0,125.98204803466797,2182700,0.0
2023-03-16,133.67999267578125,138.05999755859375,132.22000122070312,136.75,127.6151123046875,2854100,0.0
2023-03-17,135.19000244140625,135.50999450683594,132.07000732421875,132.63999938964844,123.7796859741211,2420500,0.0
2023-03-20,133.80999755859375,135.9600067138672,133.63999938964844,133.97000122070312,125.02082824707031,1622800,0.0
2023-03-21,136.52000427246094,137.82000732421875,136.1699981689453,136.72999572753906,127.59647369384766,1276600,0.0
2023-03-22,136.6999969482422,137.0,132.5,132.5500030517578,123.69571685791016,1977000,0.0
2023-03-23,132.7100067138672,134.11000061035156,129.64999389648438,130.77999877929688,122.68816375732422,1826200,0.696
2023-03-24,129.32000732421875,132.61000061035156,128.66000366210938,132.27000427246094,124.08596801757812,1676500,0.0
2023-03-27,134.0800018310547,134.52999877929688,132.91000366210938,133.69000244140625,125.4180908203125,1698900,0.0
2023-03-28,133.1300048828125,134.38999938964844,132.8000030517578,133.69000244140625,125.4180908203125,1049200,0.0
2023-03-29,135.08999633789062,135.19000244140625,133.9499969482422,135.00999450683594,126.65641784667969,1588100,0.0
2023-03-30,136.27999877929688,136.49000549316406,134.1199951171875,134.61000061035156,126.28117370605469,1566200,0.0
2023-03-31,135.60000610351562,137.16000366210938,135.60000610351562,137.02000427246094,128.54205322265625,2713100,0.0
2023-04-03,137.4199981689453,138.1199951171875,135.6199951171875,136.85000610351562,128.38259887695312,1848000,0.0
2023-04-04,137.0800018310547,137.33999633789062,133.3300018310547,134.2100067138672,125.90593719482422,1870300,0.0
2023-04-05,133.47999572753906,134.02999877929688,132.60000610351562,133.3800048828125,125.12728118896484,960200,0.0
2023-04-06,133.38999938964844,134.17999267578125,132.85000610351562,133.67999267578125,125.40872955322266,1481700,0.0
2023-04-10,133.2899932861328,135.0800018310547,133.1699981689453,134.85000610351562,126.50630950927734,1363400,0.0
2023-04-11,135.4499969482422,136.57000732421875,135.13999938964844,135.7899932861328,127.3881607055664,1157100,0.0
2023-04-12,137.1999969482422,137.32000732421875,134.60000610351562,134.82000732421875,126.47817993164062,1309700,0.0
2023-04-13,135.25999450683594,136.77000427246094,134.69000244140625,136.3699951171875,127.9322509765625,1178800,0.0
2023-04-14,136.6699981689453,137.25999450683594,134.02999877929688,134.94000244140625,126.59075164794922,1338500,0.0
2023-04-17,135.1199951171875,136.69000244140625,134.7899932861328,136.58999633789062,128.13864135742188,2002400,0.0
2023-04-18,137.0500030517578,137.0500030517578,134.7899932861328,135.67999267578125,127.28494262695312,1968700,0.0
2023-04-19,135.00999450683594,136.75999450683594,134.69000244140625,136.30999755859375,127.87598419189453,1739000,0.0
2023-04-20,135.52000427246094,136.1999969482422,134.8300018310547,135.33999633789062,126.96601867675781,1429500,0.0
2023-04-21,135.60000610351562,135.60000610351562,134.0399932861328,135.1699981689453,126.8065185546875,1373100,0.0
2023-04-24,135.2100067138672,135.92999267578125,134.42999267578125,134.9600067138672,126.60954284667969,2067200,0.0
2023-04-25,133.82000732421875,133.82000732421875,131.61000061035156,131.6999969482422,123.55122375488281,1818300,0.0
2023-04-26,131.19000244140625,132.05999755859375,129.99000549316406,130.42999267578125,122.35979461669922,2156200,0.0
2023-04-27,131.07000732421875,133.8300018310547,130.33999633789062,132.4199981689453,124.22669982910156,1970900,0.0
2023-04-28,132.22000122070312,134.27999877929688,132.1300048828125,133.55999755859375,125.296142578125,2410100,0.0
2023-05-01,133.49000549316406,135.10000610351562,132.91000366210938,133.3000030517578,125.05221557617188,1883100,0.0
2023-05-02,132.55999755859375,132.55999755859375,128.72000122070312,130.22000122070312,122.16281127929688,2054500,0.0
2023-05-03,130.61000061035156,133.1199951171875,130.13999938964844,130.4199981689453,122.35041046142578,2361100,0.0
2023-05-04,129.22999572753906,129.63999938964844,127.20999908447266,128.92999267578125,120.95259857177734,2790900,0.0
2023-05-05,131.3000030517578,132.55999755859375,131.08999633789062,132.11000061035156,123.93587493896484,2296800,0.0
2023-05-08,132.72000122070312,132.9499969482422,131.00999450683594,131.63999938964844,123.49492645263672,1678500,0.0
2023-05-09,131.02999877929688,131.82000732421875,129.9199981689453,131.1699981689453,123.05401611328125,1207500,0.0
2023-05-10,133.00999450683594,133.02999877929688,130.22999572753906,131.5,123.36360168457031,1310700,0.0
2023-05-11,130.94000244140625,131.02999877929688,129.8000030517578,130.66000366210938,122.57556915283203,947400,0.0
2023-05-12,131.22999572753906,131.4199981689453,129.47999572753906,130.42999267578125,122.35979461669922,872000,0.0
2023-05-15,130.91000366210938,132.66000366210938,130.63999938964844,131.9499969482422,123.78573608398438,1268300,0.0
2023-05-16,131.00999450683594,131.32000732421875,129.80999755859375,129.86000061035156,121.82506561279297,669600,0.0
2023-05-17,130.8699951171875,133.83999633789062,130.19000244140625,133.52000427246094,125.25861358642578,2770100,0.0
2023-05-18,133.19000244140625,134.47999572753906,132.44000244140625,134.1300048828125,125.83090209960938,1905300,0.0
2023-05-19,135.6699981689453,135.6699981689453,132.35000610351562,133.0399932861328,124.80830383300781,1413800,0.0
2023-05-22,133.63999938964844,135.33999633789062,132.8699951171875,134.74000549316406,126.40315246582031,863200,0.0
2023-05-23,134.6699981689453,137.11000061035156,134.4499969482422,134.77999877929688,126.44065856933594,1780300,0.0
2023-05-24,134.19000244140625,134.44000244140625,132.60000610351562,132.97999572753906,124.75202178955078,769700,0.0
2023-05-25,132.6199951171875,132.88999938964844,130.5399932861328,131.85000610351562,123.69194793701172,1125800,0.0
2023-05-26,131.91000366210938,133.25999450683594,131.5,133.1300048828125,124.89278411865234,534400,0.0
2023-05-30,133.69000244140625,134.10000610351562,132.1699981689453,132.8300018310547,124.61129760742188,1380100,0.0
2023-05-31,132.02000427246094,133.1699981689453,130.10000610351562,131.1300048828125,123.01649475097656,2330700,0.0
2023-06-01,131.35000610351562,133.0800018310547,130.4600067138672,132.38999938964844,124.19851684570312,1554300,0.0
2023-06-02,134.22000122070312,138.00999450683594,134.14999389648438,137.8000030517578,129.2738037109375,2492900,0.0
2023-06-05,137.5,137.5,134.88999938964844,135.5800018310547,127.1911392211914,1543000,0.0
2023-06-06,135.19000244140625,140.3699951171875,135.19000244140625,139.6699981689453,131.028076171875,2138800,0.0
2023-06-07,140.07000732421875,142.83999633789062,140.07000732421875,142.3300018310547,134.12660217285156,2009100,0.628
2023-06-08,142.0500030517578,142.3800048828125,140.1699981689453,141.39999389648438,133.2501678466797,1097100,0.0
2023-06-09,141.25999450683594,141.27000427246094,139.69000244140625,140.1699981689453,132.09107971191406,1917900,0.0
2023-06-12,140.2899932861328,141.5,139.4600067138672,140.49000549316406,132.3926544189453,677100,0.0
2023-06-13,141.07000732421875,143.07000732421875,140.74000549316406,142.05999755859375,133.8721160888672,1720900,0.0
2023-06-14,142.3800048828125,143.22999572753906,139.69000244140625,140.44000244140625,132.3455352783203,1663900,0.0
2023-06-15,139.85000610351562,141.6999969482422,139.67999267578125,141.6199951171875,133.45751953125,2078200,0.0
2023-06-16,142.75999450683594,142.75999450683594,139.74000549316406,140.55999755859375,132.45858764648438,2173100,0.0
2023-06-20,140.33999633789062,140.44000244140625,138.77000427246094,139.64999389648438,131.60105895996094,2115300,0.0
2023-06-21,139.13999938964844,140.07000732421875,138.3000030517578,139.13999938964844,131.12042236328125,2223400,0.0
2023-06-22,138.92999267578125,138.92999267578125,137.02000427246094,137.64999389648438,129.71630859375,1922700,0.0
2023-06-23,136.07000732421875,137.07000732421875,135.0399932861328,135.7899932861328,127.96353149414062,1377900,0.0
2023-06-26,135.7899932861328,137.57000732421875,135.7899932861328,136.33999633789062,128.48182678222656,1805400,0.0
2023-06-27,136.7100067138672,138.9199981689453,135.88999938964844,138.39999389648438,130.423095703125,2426800,0.0
2023-06-28,138.2899932861328,138.89999389648438,137.3000030517578,138.82000732421875,130.81890869140625,1713000,0.0
2023-06-29,139.38999938964844,141.0800018310547,138.99000549316406,140.75,132.63766479492188,1268500,0.0
2023-06-30,141.9199981689453,142.0,140.63999938964844,140.8000030517578,132.6847686767578,1690700,0.0
2023-07-03,140.64999389648438,142.4499969482422,140.64999389648438,141.97999572753906,133.7967529296875,1782300,0.0
2023-07-05,141.42999267578125,141.42999267578125,139.83999633789062,140.30999755859375,132.22299194335938,2083000,0.0
2023-07-06,138.94000244140625,138.94000244140625,136.17999267578125,137.82000732421875,129.87652587890625,944600,0.0
2023-07-07,137.8699951171875,140.9499969482422,137.83999633789062,139.80999755859375,131.75181579589844,1544400,0.0
2023-07-10,139.6699981689453,141.97000122070312,139.3800048828125,141.74000549316406,133.57061767578125,1147900,0.0
2023-07-11,142.2100067138672,143.52000427246094,141.61000061035156,143.27000427246094,135.01239013671875,993500,0.0
2023-07-12,145.75,146.1300048828125,144.7100067138672,145.08999633789062,136.72752380371094,1620100,0.0
2023-07-13,145.2899932861328,146.39999389648438,144.8000030517578,146.11000061035156,137.688720703125,930900,0.0
2023-07-14,146.1300048828125,146.1300048828125,143.3000030517578,144.3000030517578,135.98300170898438,2143900,0.0
2023-07-17,144.1699981689453,146.25,143.77999877929688,145.5399932861328,137.15158081054688,1456100,0.0
2023-07-18,145.8800048828125,148.35000610351562,145.64999389648438,147.83999633789062,139.31900024414062,1689800,0.0
2023-07-19,148.42999267578125,149.4499969482422,148.1300048828125,149.3000030517578,140.69488525390625,1529400,0.0
2023-07-20,149.41000366210938,149.41000366210938,147.3000030517578,148.25999450683594,139.71481323242188,941500,0.0
2023-07-21,149.1199951171875,149.1199951171875,147.3800048828125,147.6300048828125,139.12112426757812,1309900,0.0
2023-07-24,147.8300018310547,149.10000610351562,147.49000549316406,148.5399932861328,139.97865295410156,1137100,0.0
2023-07-25,148.27999877929688,149.25999450683594,148.0,148.07000732421875,139.53573608398438,1498800,0.0
2023-07-26,148.24000549316406,150.3699951171875,148.0800018310547,149.94000244140625,141.2979736328125,1476900,0.0
2023-07-27,150.89999389648438,150.89999389648438,147.36000061035156,147.94000244140625,139.4132843017578,1018300,0.0
2023-07-28,149.2899932861328,150.3699951171875,149.00999450683594,149.8300018310547,141.1943359375,1103900,0.0
2023-07-31,150.25,151.49000549316406,150.25,151.24000549316406,142.52308654785156,2738500,0.0
2023-08-01,150.49000549316406,150.86000061035156,149.0399932861328,150.75,142.06129455566406,1550400,0.0
2023-08-02,149.3800048828125,149.63999938964844,148.25,149.08999633789062,140.49696350097656,1257600,0.0
2023-08-03,148.44000244140625,149.7100067138672,147.47000122070312,148.86000061035156,140.28024291992188,1462900,0.0
2023-08-04,149.0800018310547,150.5500030517578,148.52000427246094,148.92999267578125,140.34617614746094,1394000,0.0
2023-08-07,149.39999389648438,149.83999633789062,148.1999969482422,149.50999450683594,140.8927459716797,1530600,0.0
2023-08-08,147.91000366210938,148.97000122070312,146.50999450683594,148.83999633789062,140.2613983154297,1265300,0.0
2023-08-09,149.02999877929688,149.02999877929688,147.4199981689453,148.0399932861328,139.5074462890625,1212300,0.0
2023-08-10,148.67999267578125,149.85000610351562,146.5399932861328,147.02000427246094,138.54627990722656,1115200,0.0
2023-08-11,146.77000427246094,147.9499969482422,146.63999938964844,147.35000610351562,138.8572540283203,1494800,0.0
2023-08-14,146.6699981689453,146.6699981689453,145.3300018310547,146.55999755859375,138.11280822753906,797100,0.0
2023-08-15,145.5399932861328,145.55999755859375,144.19000244140625,144.27000427246094,135.9547882080078,1190600,0.0
2023-08-16,144.0500030517578,145.24000549316406,142.6300048828125,142.6300048828125,134.40928649902344,1378400,0.0
2023-08-17,143.4199981689453,143.75,141.57000732421875,141.64999389648438,133.48577880859375,1695400,0.0
2023-08-18,140.25999450683594,142.6199951171875,140.25999450683594,142.1300048828125,133.93812561035156,722400,0.0
2023-08-21,142.1300048828125,142.66000366210938,140.5800018310547,141.47000122070312,133.316162109375,1202400,0.0
2023-08-22,141.6999969482422,142.27000427246094,140.22999572753906,140.5,132.4020538330078,1132900,0.0
2023-08-23,140.5800018310547,142.1300048828125,140.0500030517578,141.9499969482422,133.7684783935547,1197800,0.0
2023-08-24,141.47000122070312,142.80999755859375,140.47000122070312,140.57000732421875,132.46803283691406,1809700,0.0
2023-08-25,141.32000732421875,141.85000610351562,139.1699981689453,140.77000427246094,132.65650939941406,954300,0.0
2023-08-28,141.55999755859375,143.13999938964844,141.55999755859375,142.2100067138672,134.01351928710938,1503000,0.0
2023-08-29,142.41000366210938,144.1300048828125,141.49000549316406,144.0,135.7003631591797,1337300,0.0
2023-08-30,143.75999450683594,144.66000366210938,143.3300018310547,144.22000122070312,135.90765380859375,1026100,0.0
2023-08-31,144.4199981689453,145.13999938964844,143.83999633789062,144.02000427246094,135.71917724609375,1118300,0.0
2023-09-01,144.97000122070312,146.50999450683594,144.97000122070312,145.97999572753906,137.56622314453125,819300,0.0
2023-09-05,144.97000122070312,145.1699981689453,142.5800018310547,142.5800018310547,134.3621826171875,1102100,0.0
2023-09-06,142.5399932861328,143.50999450683594,141.02999877929688,141.72000122070312,133.5517578125,986000,0.0
2023-09-07,141.14999389648438,141.36000061035156,140.02000427246094,140.5399932861328,132.4397430419922,830900,0.0
2023-09-08,140.67999267578125,140.9600067138672,139.75,140.49000549316406,132.3926544189453,674300,0.0
2023-09-11,141.52999877929688,141.94000244140625,140.57000732421875,140.75,132.63766479492188,1000300,0.0
2023-09-12,140.72000122070312,141.7100067138672,140.50999450683594,140.9499969482422,132.82611083984375,795600,0.0
2023-09-13,141.05999755859375,141.47000122070312,139.50999450683594,139.97999572753906,131.9120330810547,1855700,0.0
2023-09-14,141.38999938964844,142.52999877929688,141.2899932861328,142.3800048828125,134.1737060546875,1459400,0.0
2023-09-15,141.9499969482422,142.1300048828125,140.36000061035156,141.0,132.87326049804688,1597200,0.0
2023-09-18,141.25999450683594,141.25999450683594,139.89999389648438,139.89999389648438,131.83663940429688,935400,0.0
2023-09-19,140.0,140.9499969482422,139.11000061035156,139.52000427246094,131.47853088378906,620100,0.0
2023-09-20,140.11000061035156,141.05999755859375,138.24000549316406,138.27000427246094,130.3006134033203,1141400,0.0
2023-09-21,137.49000549316406,137.50999450683594,136.36000061035156,136.3699951171875,128.5100860595703,1377300,0.0
2023-09-22,136.66000366210938,137.22999572753906,135.77999877929688,135.8000030517578,127.9729232788086,2504200,0.0
2023-09-25,135.14999389648438,136.9199981689453,134.97000122070312,136.75,128.86819458007812,1121300,0.0
2023-09-26,134.75,135.92999267578125,133.8000030517578,133.8000030517578,126.96187591552734,1132800,0.941
2023-09-27,134.80999755859375,135.6999969482422,133.89999389648438,134.99000549316406,128.09107971191406,1594900,0.0
2023-09-28,135.11000061035156,136.82000732421875,134.99000549316406,136.13999938964844,129.18228149414062,970800,0.0
2023-09-29,137.07000732421875,137.27000427246094,135.1300048828125,135.5500030517578,128.6224365234375,1454800,0.0
2023-10-02,135.47999572753906,135.5399932861328,132.42999267578125,133.10000610351562,126.29765319824219,1546300,0.0
2023-10-03,132.3300018310547,132.75999450683594,130.44000244140625,131.02999877929688,124.33343505859375,1455800,0.0
2023-10-04,130.9600067138672,131.22999572753906,129.35000610351562,130.99000549316406,124.29549407958984,1521600,0.0
2023-10-05,130.5800018310547,131.60000610351562,130.16000366210938,131.32000732421875,124.6086196899414,761900,0.0
2023-10-06,130.69000244140625,133.02000427246094,129.63999938964844,132.10000610351562,125.34873962402344,1427100,0.0
2023-10-09,131.5,133.75,131.1300048828125,133.1199951171875,126.31663513183594,1150900,0.0
2023-10-10,133.5399932861328,135.47999572753906,133.5399932861328,134.5399932861328,127.6640396118164,1635000,0.0
2023-10-11,134.83999633789062,135.77999877929688,133.9600067138672,134.8000030517578,127.91075897216797,1079900,0.0
2023-10-12,134.82000732421875,134.9600067138672,131.35000610351562,132.22999572753906,125.47212219238281,1185800,0.0
2023-10-13,132.89999389648438,133.1699981689453,130.8000030517578,131.16000366210938,124.45681762695312,1778900,0.0
2023-10-16,132.24000549316406,133.3699951171875,131.6300048828125,133.10000610351562,126.29765319824219,1584500,0.0
2023-10-17,132.19000244140625,135.83999633789062,132.19000244140625,134.72999572753906,127.8443603515625,1088000,0.0
2023-10-18,133.66000366210938,133.66000366210938,131.7100067138672,131.92999267578125,125.18743896484375,1825100,0.0
2023-10-19,131.61000061035156,132.6999969482422,129.75999450683594,130.0500030517578,123.40352630615234,1609700,0.0
2023-10-20,130.35000610351562,130.3800048828125,128.33999633789062,128.4199981689453,121.8568344116211,1403200,0.0
2023-10-23,127.54000091552734,129.1300048828125,127.08999633789062,127.2699966430664,120.7656021118164,1119400,0.0
2023-10-24,128.11000061035156,128.8000030517578,127.08999633789062,127.83999633789062,121.30646514892578,1116500,0.0
2023-10-25,126.69999694824219,127.37999725341797,125.86000061035156,126.33999633789062,119.88311767578125,1505100,0.0
2023-10-26,126.66000366210938,128.24000549316406,126.33000183105469,127.20999908447266,120.70867156982422,1771700,0.0
2023-10-27,127.54000091552734,127.61000061035156,124.97000122070312,125.51000213623047,119.09555053710938,2120100,0.0
2023-10-30,126.62000274658203,127.69999694824219,125.44000244140625,126.44000244140625,119.97801971435547,1776000,0.0
2023-10-31,126.55000305175781,127.69000244140625,126.22000122070312,127.4000015258789,120.88895416259766,1377800,0.0
2023-11-01,127.33000183105469,128.38999938964844,126.2300033569336,128.3000030517578,121.74297332763672,1320700,0.0
2023-11-02,129.9600067138672,132.5399932861328,129.9600067138672,132.4600067138672,125.69037628173828,2121600,0.0
2023-11-03,134.88999938964844,137.02000427246094,134.88999938964844,136.0399932861328,129.08740234375,1972100,0.0
2023-11-06,136.0,136.05999755859375,133.52000427246094,134.22999572753906,127.36986541748047,2003700,0.0
2023-11-07,133.52999877929688,133.72000122070312,132.49000549316406,133.14999389648438,126.34510040283203,1205000,0.0
2023-11-08,133.1699981689453,133.38999938964844,131.27999877929688,131.74000549316406,125.0071792602539,1486900,0.0
2023-11-09,132.6999969482422,132.6999969482422,129.4499969482422,129.75999450683594,123.12834167480469,1369800,0.0
2023-11-10,130.25,131.3699951171875,129.3000030517578,130.80999755859375,124.12467193603516,1732300,0.0
2023-11-13,130.27999877929688,131.36000061035156,129.67999267578125,130.80999755859375,124.12467193603516,1511600,0.0
2023-11-14,134.63999938964844,138.30999755859375,134.63999938964844,138.1999969482422,131.13697814941406,2620400,0.0
2023-11-15,138.1699981689453,140.6300048828125,137.91000366210938,138.66000366210938,131.57350158691406,3323400,0.0
2023-11-16,138.13999938964844,138.6199951171875,135.8300018310547,136.2899932861328,129.32461547851562,1828200,0.0
2023-11-17,137.6699981689453,138.60000610351562,137.33999633789062,138.36000061035156,131.28883361816406,1376500,0.0
2023-11-20,138.36000061035156,139.07000732421875,137.6300048828125,138.74000549316406,131.64942932128906,1514700,0.0
2023-11-21,138.0399932861328,138.1699981689453,136.8699951171875,136.92999267578125,129.93191528320312,1044000,0.0
2023-11-22,137.74000549316406,138.52999877929688,137.1199951171875,137.7899932861328,130.74795532226562,789200,0.0
2023-11-24,137.72999572753906,138.97000122070312,137.49000549316406,138.52000427246094,131.44064331054688,1116200,0.0
2023-11-27,137.83999633789062,138.3300018310547,136.97999572753906,138.05999755859375,131.00416564941406,1296300,0.0
2023-11-28,138.02000427246094,138.5,136.85000610351562,137.72000122070312,130.68153381347656,1429300,0.0
2023-11-29,138.8000030517578,140.5800018310547,138.38999938964844,138.47999572753906,131.40267944335938,1446600,0.0
2023-11-30,139.1699981689453,139.7899932861328,138.27000427246094,138.97000122070312,131.86767578125,1577600,0.0
2023-12-01,138.41000366210938,143.64999389648438,137.8800048828125,143.50999450683594,136.1756134033203,1544600,0.0
2023-12-04,142.82000732421875,145.17999267578125,142.82000732421875,145.11000061035156,137.69386291503906,2407300,0.0
2023-12-05,144.3000030517578,144.4199981689453,142.75999450683594,142.9499969482422,135.64422607421875,1267400,0.0
2023-12-06,143.8000030517578,146.07000732421875,142.5399932861328,142.67999267578125,135.38804626464844,1638400,0.0
2023-12-07,142.82000732421875,144.22000122070312,142.27000427246094,144.17999267578125,136.81138610839844,1579900,0.0
2023-12-08,143.88999938964844,145.83999633789062,143.6300048828125,145.0800018310547,137.66537475585938,1742600,0.0
2023-12-11,144.69000244140625,145.57000732421875,144.3300018310547,145.10000610351562,137.68438720703125,1620600,0.0
2023-12-12,144.7899932861328,145.1199951171875,143.77000427246094,144.47000122070312,137.08653259277344,1154600,0.0
2023-12-13,144.5,150.19000244140625,143.50999450683594,150.1300048828125,142.45729064941406,2409200,0.0
2023-12-14,152.77999877929688,155.52000427246094,152.77999877929688,154.39999389648438,146.50906372070312,3287000,0.0
2023-12-15,154.92999267578125,155.13999938964844,152.13999938964844,153.02999877929688,145.20909118652344,2454900,0.0
2023-12-18,153.92999267578125,154.27000427246094,152.61000061035156,152.86000061035156,145.04779052734375,1352200,0.0
2023-12-19,153.6699981689453,156.32000732421875,153.52000427246094,156.0399932861328,148.0652313232422,1225900,0.0
2023-12-20,155.0,157.11000061035156,152.42999267578125,152.42999267578125,145.47695922851562,1628000,0.898
2023-12-21,153.99000549316406,155.00999450683594,153.22999572753906,154.91000366210938,147.84384155273438,1735000,0.0
2023-12-22,155.72000122070312,157.35000610351562,155.24000549316406,156.02999877929688,148.9127655029297,1503100,0.0
2023-12-26,156.5800018310547,158.5,156.19000244140625,158.11000061035156,150.8978729248047,1254100,0.0
2023-12-27,158.3699951171875,158.8699951171875,157.3800048828125,158.1999969482422,150.9837646484375,1044400,0.0
2023-12-28,157.50999450683594,158.5800018310547,157.19000244140625,157.72000122070312,150.52565002441406,936400,0.0
2023-12-29,157.50999450683594,157.72000122070312,155.24000549316406,155.3300018310547,148.2446746826172,1107000,0.0
2024-01-02,154.10000610351562,156.47999572753906,153.85000610351562,154.80999755859375,147.7483673095703,1742600,0.0
2024-01-03,153.36000061035156,153.38999938964844,150.63999938964844,150.89999389648438,144.0167694091797,1384000,0.0
2024-01-04,151.0800018310547,151.8699951171875,150.4199981689453,150.5399932861328,143.6731719970703,1435100,0.0
2024-01-05,149.6300048828125,152.0,149.11000061035156,150.1999969482422,143.3487091064453,1278400,0.0
2024-01-08,150.0500030517578,152.3300018310547,149.2899932861328,152.3300018310547,145.38153076171875,1137200,0.0
2024-01-09,150.49000549316406,151.0800018310547,149.47000122070312,150.39999389648438,143.53955078125,1058100,0.0
2024-01-10,150.27000427246094,150.8800048828125,149.2100067138672,150.6300048828125,143.7590789794922,682200,0.0
2024-01-11,149.99000549316406,150.11000061035156,147.66000366210938,149.4499969482422,142.6328582763672,1381300,0.0
2024-01-12,151.27999877929688,152.1199951171875,148.72000122070312,149.2899932861328,142.4801788330078,786700,0.0
2024-01-16,147.9600067138672,148.33999633789062,146.47999572753906,146.8699951171875,140.1705780029297,1514300,0.0
2024-01-17,144.75,146.4499969482422,144.1999969482422,145.61000061035156,138.96804809570312,1386300,0.0
2024-01-18,146.8800048828125,146.88999938964844,144.9199981689453,146.77999877929688,140.08470153808594,1271800,0.0
2024-01-19,147.75999450683594,148.47999572753906,145.58999633789062,148.36000061035156,141.5926055908203,803600,0.0
2024-01-22,149.36000061035156,151.5,149.36000061035156,151.39999389648438,144.49395751953125,1576600,0.0
2024-01-23,152.52000427246094,152.97000122070312,150.13999938964844,150.57000732421875,143.7017822265625,1040600,0.0
2024-01-24,152.27000427246094,152.63999938964844,149.2899932861328,149.47000122070312,142.6519775390625,1219500,0.0
2024-01-25,151.63999938964844,152.16000366210938,149.55999755859375,150.97000122070312,144.0835723876953,563800,0.0
2024-01-26,151.67999267578125,152.50999450683594,150.5500030517578,151.25,144.3507843017578,670600,0.0
2024-01-29,151.35000610351562,153.25,150.33999633789062,153.2100067138672,146.22140502929688,1609900,0.0
2024-01-30,152.36000061035156,153.08999633789062,151.8000030517578,152.25999450683594,145.31471252441406,989200,0.0
2024-01-31,151.6300048828125,152.9600067138672,148.00999450683594,148.13999938964844,141.3826446533203,1907400,0.0
2024-02-01,149.17999267578125,149.8800048828125,146.3800048828125,149.50999450683594,142.6901397705078,1916700,0.0
2024-02-02,147.58999633789062,149.0800018310547,146.80999755859375,148.25999450683594,141.49717712402344,1488000,0.0
2024-02-05,146.8000030517578,146.97999572753906,144.75,146.02999877929688,139.36891174316406,1965200,0.0
2024-02-06,146.0,147.58999633789062,145.3699951171875,147.1199951171875,140.4091796875,1966700,0.0
2024-02-07,147.61000061035156,147.61000061035156,145.6300048828125,146.6300048828125,139.94151306152344,2353400,0.0
2024-02-08,146.63999938964844,148.6699981689453,146.1199951171875,148.55999755859375,141.7834930419922,810200,0.0
2024-02-09,149.14999389648438,150.47000122070312,148.00999450683594,150.3300018310547,143.4727325439453,1046700,0.0
2024-02-12,150.61000061035156,153.92999267578125,150.61000061035156,153.3800048828125,146.3836212158203,1311900,0.0
2024-02-13,148.3699951171875,149.0399932861328,145.64999389648438,147.00999450683594,140.30416870117188,2436200,0.0
2024-02-14,149.13999938964844,150.35000610351562,147.77999877929688,149.9199981689453,143.0814666748047,2071000,0.0
2024-02-15,151.22000122070312,154.33999633789062,151.02999877929688,154.02000427246094,146.9944305419922,1335300,0.0
2024-02-16,151.86000061035156,153.80999755859375,151.6300048828125,152.3300018310547,145.38153076171875,1821100,0.0
2024-02-20,150.72999572753906,151.55999755859375,149.99000549316406,150.52000427246094,143.65406799316406,2154500,0.0
2024-02-21,149.82000732421875,150.58999633789062,149.3699951171875,150.42999267578125,143.5681915283203,1301300,0.0
2024-02-22,150.49000549316406,150.92999267578125,149.5500030517578,150.47999572753906,143.6159210205078,1509800,0.0
2024-02-23,150.52000427246094,151.85000610351562,149.75999450683594,150.80999755859375,143.9308624267578,564100,0.0
2024-02-26,150.52000427246094,152.00999450683594,150.0399932861328,151.16000366210938,144.26492309570312,648200,0.0
2024-02-27,152.4600067138672,153.08999633789062,152.0800018310547,152.69000244140625,145.72509765625,1231700,0.0
2024-02-28,151.86000061035156,152.80999755859375,151.27999877929688,151.6300048828125,144.71348571777344,892800,0.0
2024-02-29,153.5800018310547,154.5,152.1300048828125,153.0,146.02096557617188,1360400,0.0
2024-03-01,153.27000427246094,154.3300018310547,151.9600067138672,154.10000610351562,147.07080078125,1037700,0.0
2024-03-04,154.49000549316406,154.97000122070312,152.94000244140625,153.10000610351562,146.11639404296875,1411000,0.0
2024-03-05,152.50999450683594,153.99000549316406,152.27000427246094,152.74000549316406,145.7728271484375,1296800,0.0
2024-03-06,154.08999633789062,154.08999633789062,152.66000366210938,153.41000366210938,146.41226196289062,1494600,0.0
2024-03-07,154.5800018310547,155.74000549316406,154.35000610351562,154.52999877929688,147.48117065429688,1212900,0.0
2024-03-08,155.8800048828125,157.19000244140625,154.11000061035156,154.75999450683594,147.70068359375,1336600,0.0
2024-03-11,154.30999755859375,155.0500030517578,153.5399932861328,154.0399932861328,147.0135040283203,912500,0.0
2024-03-12,153.89999389648438,154.22000122070312,152.39999389648438,153.33999633789062,146.345458984375,1601600,0.0
2024-03-13,153.22999572753906,154.74000549316406,153.1300048828125,153.69000244140625,146.6794891357422,1547900,0.0
2024-03-14,153.3800048828125,153.3800048828125,149.67999267578125,150.82000732421875,143.94041442871094,2583600,0.0
2024-03-15,149.97999572753906,152.22999572753906,149.97999572753906,151.6300048828125,144.71348571777344,1784900,0.0
2024-03-18,151.99000549316406,151.99000549316406,150.58999633789062,150.83999633789062,143.95948791503906,1978200,0.0
2024-03-19,150.5500030517578,152.52000427246094,150.44000244140625,152.11000061035156,145.17153930664062,1675600,0.0
2024-03-20,151.57000732421875,156.3300018310547,151.27000427246094,155.4499969482422,148.3592071533203,1286500,0.0
2024-03-21,155.97999572753906,157.27000427246094,155.75,156.77999877929688,150.17630004882812,963300,0.567
2024-03-22,156.94000244140625,157.16000366210938,154.3699951171875,154.4199981689453,147.9156951904297,1312400,0.0
2024-03-25,155.02000427246094,156.0399932861328,154.60000610351562,154.61000061035156,148.0977020263672,1161200,0.0
2024-03-26,155.5500030517578,155.9199981689453,153.9199981689453,154.02999877929688,147.54212951660156,1548700,0.0
2024-03-27,155.2100067138672,157.89999389648438,155.02999877929688,157.85000610351562,151.20120239257812,1469400,0.0
2024-03-28,158.1199951171875,159.80999755859375,158.0800018310547,158.80999755859375,152.12081909179688,1302600,0.0
2024-04-01,159.35000610351562,159.35000610351562,156.89999389648438,157.07000732421875,150.4541015625,1048300,0.0
2024-04-02,155.3000030517578,155.4600067138672,153.58999633789062,154.41000366210938,147.90615844726562,833000,0.0
2024-04-03,154.0399932861328,155.77000427246094,153.7100067138672,155.41000366210938,148.86402893066406,779600,0.0
2024-04-04,156.9600067138672,157.4199981689453,153.69000244140625,154.1699981689453,147.6762237548828,876800,0.0
2024-04-05,153.91000366210938,155.50999450683594,153.5500030517578,154.8000030517578,148.27969360351562,1073700,0.0
2024-04-08,155.75,156.17999267578125,155.0,155.66000366210938,149.1034698486328,913600,0.0
2024-04-09,156.4199981689453,156.91000366210938,155.1199951171875,156.4600067138672,149.86978149414062,1226500,0.0
2024-04-10,152.6199951171875,153.52999877929688,150.52000427246094,151.5800018310547,145.19532775878906,1706400,0.0
2024-04-11,152.5399932861328,153.0,150.77999877929688,152.58999633789062,146.16273498535156,811400,0.0
2024-04-12,151.8800048828125,152.52999877929688,149.64999389648438,150.3800048828125,144.0458984375,889500,0.0
2024-04-15,151.0500030517578,151.6199951171875,147.80999755859375,148.60000610351562,142.3408660888672,1611100,0.0
2024-04-16,147.52000427246094,148.2100067138672,146.27999877929688,147.3000030517578,141.0956268310547,900500,0.0
2024-04-17,148.41000366210938,148.64999389648438,146.02999877929688,146.02999877929688,139.87908935546875,1163400,0.0
2024-04-18,146.67999267578125,148.08999633789062,145.7100067138672,146.3300018310547,140.1664581298828,943800,0.0
2024-04-19,146.0,148.08999633789062,145.7100067138672,147.77999877929688,141.5553741455078,3767100,0.0
2024-04-22,148.5500030517578,150.32000732421875,147.66000366210938,149.50999450683594,143.21253967285156,1515100,0.0
2024-04-23,149.47999572753906,152.42999267578125,149.25999450683594,151.74000549316406,145.34860229492188,1164700,0.0
2024-04-24,151.2100067138672,151.6999969482422,150.07000732421875,151.27999877929688,144.90794372558594,1082400,0.0
2024-04-25,149.85000610351562,150.47000122070312,148.22999572753906,150.17999267578125,143.8542938232422,979700,0.0
2024-04-26,150.39999389648438,151.61000061035156,150.00999450683594,151.13999938964844,144.7738494873047,647900,0.0
2024-04-29,151.5800018310547,152.47000122070312,151.38999938964844,152.0500030517578,145.64552307128906,1088900,0.0
2024-04-30,150.99000549316406,151.13999938964844,148.91000366210938,149.0399932861328,142.76229858398438,970900,0.0
2024-05-01,149.3000030517578,152.80999755859375,149.1699981689453,149.82000732421875,143.50942993164062,1663000,0.0
2024-05-02,151.97000122070312,153.02000427246094,150.61000061035156,152.8800048828125,146.44056701660156,1205700,0.0
2024-05-03,155.13999938964844,156.0,153.7100067138672,154.2100067138672,147.7145538330078,1115100,0.0
2024-05-06,155.3800048828125,156.0800018310547,155.17999267578125,155.64999389648438,149.09390258789062,878200,0.0
2024-05-07,156.0,156.75999450683594,155.6300048828125,155.6300048828125,149.07473754882812,547900,0.0
2024-05-08,154.24000549316406,155.3699951171875,153.99000549316406,155.3699951171875,148.82568359375,1819900,0.0
2024-05-09,155.5399932861328,157.3000030517578,155.25999450683594,157.14999389648438,150.5307159423828,843000,0.0
2024-05-10,157.47000122070312,157.64999389648438,155.47999572753906,156.19000244140625,149.6111602783203,2327200,0.0
2024-05-13,157.30999755859375,157.80999755859375,156.22000122070312,156.3000030517578,149.71652221679688,1012000,0.0
2024-05-14,157.86000061035156,158.66000366210938,157.1699981689453,157.80999755859375,151.1629180908203,1294800,0.0
2024-05-15,159.4499969482422,159.85000610351562,158.2899932861328,158.92999267578125,152.23574829101562,1235600,0.0
2024-05-16,158.69000244140625,159.11000061035156,158.27999877929688,158.3699951171875,151.69932556152344,1108200,0.0
2024-05-17,158.50999450683594,158.9199981689453,158.05999755859375,158.7100067138672,152.02500915527344,1376100,0.0
2024-05-20,158.63999938964844,159.5399932861328,158.19000244140625,158.19000244140625,151.52688598632812,994400,0.0
2024-05-21,157.6699981689453,158.47000122070312,157.5800018310547,158.1199951171875,151.45982360839844,1073600,0.0
2024-05-22,157.49000549316406,157.82000732421875,156.1199951171875,156.77999877929688,150.17630004882812,446400,0.0
2024-05-23,157.3300018310547,157.3300018310547,153.27000427246094,153.8800048828125,147.39846801757812,838800,0.0
2024-05-24,155.02999877929688,155.38999938964844,154.36000061035156,155.1699981689453,148.63412475585938,728400,0.0
2024-05-28,156.10000610351562,156.25999450683594,153.91000366210938,154.6199951171875,148.10726928710938,450800,0.0
2024-05-29,152.9199981689453,152.9199981689453,151.97000122070312,152.1699981689453,145.76048278808594,442400,0.0
2024-05-30,153.3699951171875,154.57000732421875,153.0800018310547,154.0800018310547,147.5900115966797,942400,0.0
2024-05-31,155.02999877929688,155.94000244140625,154.33999633789062,155.8800048828125,149.31423950195312,1771400,0.0
2024-06-03,157.24000549316406,157.35000610351562,154.2100067138672,154.99000549316406,148.46168518066406,1912800,0.0
2024-06-04,153.97000122070312,154.07000732421875,152.63999938964844,152.67999267578125,146.24900817871094,851800,0.0
2024-06-05,153.5500030517578,154.33999633789062,152.5,154.33999633789062,147.83908081054688,411900,0.0
2024-06-06,153.7899932861328,154.3699951171875,153.0500030517578,153.49000549316406,147.02487182617188,685700,0.0
2024-06-07,152.11000061035156,152.9199981689453,151.22000122070312,151.82000732421875,145.42523193359375,352400,0.0
2024-06-10,150.82000732421875,151.99000549316406,149.99000549316406,151.80999755859375,145.41563415527344,687000,0.0
2024-06-11,149.8699951171875,150.72999572753906,149.0399932861328,150.47000122070312,144.77198791503906,755500,0.671
2024-06-12,154.13999938964844,155.57000732421875,152.32000732421875,152.7100067138672,146.92715454101562,1432800,0.0
2024-06-13,152.5800018310547,152.5800018310547,150.10000610351562,151.10000610351562,145.37815856933594,1200400,0.0
2024-06-14,149.5,149.75,148.22000122070312,148.77999877929688,143.14596557617188,595700,0.0
2024-06-17,148.4199981689453,150.02000427246094,147.66000366210938,149.9499969482422,144.2716522216797,1198400,0.0
2024-06-18,149.97000122070312,150.77000427246094,149.63999938964844,149.94000244140625,144.26205444335938,1594800,0.0
2024-06-20,149.69000244140625,150.6199951171875,149.05999755859375,149.61000061035156,143.94454956054688,1332000,0.0
2024-06-21,149.55999755859375,149.9199981689453,148.82000732421875,149.83999633789062,144.1658477783203,863200,0.0
2024-06-24,150.38999938964844,152.1999969482422,150.2100067138672,151.11000061035156,145.3877410888672,1379500,0.0
2024-06-25,151.0800018310547,151.0800018310547,149.5399932861328,150.08999633789062,144.40635681152344,1739900,0.0
2024-06-26,149.2100067138672,149.99000549316406,148.83999633789062,149.91000366210938,144.23316955566406,660300,0.0
2024-06-27,150.22000122070312,150.86000061035156,149.63999938964844,150.86000061035156,145.14720153808594,799600,0.0
2024-06-28,151.9199981689453,152.91000366210938,151.0500030517578,152.3000030517578,146.53268432617188,1303600,0.0
2024-07-01,152.72999572753906,153.1300048828125,150.33999633789062,150.92999267578125,145.21453857421875,693500,0.0
2024-07-02,150.9199981689453,151.77000427246094,150.8300018310547,151.52000427246094,145.78221130371094,441700,0.0
2024-07-03,151.80999755859375,152.6300048828125,151.33999633789062,151.4600067138672,145.7244873046875,723000,0.0
2024-07-05,151.1300048828125,151.19000244140625,149.77000427246094,150.0500030517578,144.36785888671875,539100,0.0
2024-07-08,151.05999755859375,152.1999969482422,150.72000122070312,151.14999389648438,145.4262237548828,621000,0.0
2024-07-09,150.61000061035156,151.36000061035156,149.75999450683594,150.58999633789062,144.88743591308594,1141100,0.0
2024-07-10,151.13999938964844,152.52999877929688,150.83999633789062,152.4499969482422,146.67698669433594,1961000,0.0
2024-07-11,155.25,158.9499969482422,155.08999633789062,158.5,152.4979248046875,1779600,0.0
2024-07-12,160.25,161.50999450683594,159.67999267578125,159.9600067138672,153.9026336669922,983500,0.0
2024-07-15,161.22999572753906,163.92999267578125,160.89999389648438,162.86000061035156,156.69277954101562,1144900,0.0
2024-07-16,164.42999267578125,169.1199951171875,164.19000244140625,168.9199981689453,162.52330017089844,1547700,0.0
2024-07-17,167.5,171.0800018310547,167.22000122070312,168.85000610351562,162.4559326171875,1365900,0.0
2024-07-18,167.94000244140625,170.6699981689453,165.1199951171875,165.72999572753906,159.4541015625,1135100,0.0
2024-07-19,165.60000610351562,166.3000030517578,164.0800018310547,164.75999450683594,158.5208282470703,2110100,0.0
2024-07-22,165.1999969482422,167.5800018310547,163.33999633789062,167.2100067138672,160.87808227539062,1500300,0.0
2024-07-23,166.4499969482422,170.0,166.02000427246094,169.19000244140625,162.7830810546875,1166500,0.0
2024-07-24,168.05999755859375,170.30999755859375,165.97999572753906,166.13999938964844,159.84860229492188,1251900,0.0
2024-07-25,166.22999572753906,171.0500030517578,166.14999389648438,168.55999755859375,162.17691040039062,1537800,0.0
2024-07-26,171.0500030517578,171.86000061035156,169.3300018310547,171.33999633789062,164.85166931152344,1449800,0.0
2024-07-29,171.7899932861328,171.94000244140625,168.6999969482422,169.4600067138672,163.04287719726562,1008100,0.0
2024-07-30,169.8699951171875,171.05999755859375,169.2899932861328,170.4199981689453,163.9665069580078,1173500,0.0
2024-07-31,171.50999450683594,174.8300018310547,169.8699951171875,171.2100067138672,164.72659301757812,1656000,0.0
2024-08-01,171.25,172.08999633789062,164.6199951171875,165.9199981689453,159.63690185546875,1907000,0.0
2024-08-02,161.07000732421875,162.1300048828125,158.69000244140625,160.24000549316406,154.17202758789062,1997000,0.0
2024-08-05,152.0,156.5,150.8699951171875,154.4600067138672,148.61087036132812,1961400,0.0
2024-08-06,155.13999938964844,157.88999938964844,153.57000732421875,155.9600067138672,150.05410766601562,1235000,0.0
2024-08-07,158.9600067138672,158.9600067138672,154.27999877929688,154.69000244140625,148.83216857910156,1612900,0.0
2024-08-08,156.2899932861328,157.9600067138672,155.75,157.6999969482422,151.72817993164062,1316000,0.0
2024-08-09,158.17999267578125,158.17999267578125,155.8800048828125,156.92999267578125,150.98733520507812,1194500,0.0
2024-08-12,157.32000732421875,157.4199981689453,154.63999938964844,155.2100067138672,149.3324737548828,1164800,0.0
2024-08-13,156.4600067138672,157.99000549316406,155.25999450683594,157.72999572753906,151.75704956054688,1481500,0.0
2024-08-14,158.49000549316406,158.5,156.16000366210938,156.82000732421875,150.88150024414062,616400,0.0
2024-08-15,159.7899932861328,161.72999572753906,159.3000030517578,160.75999450683594,154.67230224609375,1736800,0.0
2024-08-16,160.39999389648438,162.55999755859375,160.39999389648438,161.5500030517578,155.4324188232422,1070500,0.0
2024-08-19,161.9499969482422,163.44000244140625,161.82000732421875,163.38999938964844,157.2027130126953,1056800,0.0
2024-08-20,163.2100067138672,163.2100067138672,160.97999572753906,161.32000732421875,155.2111053466797,618400,0.0
2024-08-21,162.4499969482422,163.19000244140625,161.3800048828125,163.0,156.82748413085938,670000,0.0
2024-08-22,163.0,163.52999877929688,161.6999969482422,161.99000549316406,155.85574340820312,994400,0.0
2024-08-23,162.97999572753906,168.39999389648438,162.9600067138672,167.57000732421875,161.2244415283203,1765800,0.0
2024-08-26,168.7899932861328,169.42999267578125,167.63999938964844,167.7899932861328,161.4360809326172,1117100,0.0
2024-08-27,166.69000244140625,166.8800048828125,165.60000610351562,166.2899932861328,159.99288940429688,1301200,0.0
2024-08-28,165.57000732421875,166.91000366210938,164.8000030517578,165.80999755859375,159.5310821533203,997200,0.0
2024-08-29,166.83999633789062,168.22999572753906,165.19000244140625,166.8300018310547,160.512451171875,1032200,0.0
2024-08-30,167.5,167.92999267578125,165.63999938964844,167.72999572753906,161.3783721923828,1460800,0.0
2024-09-03,166.14999389648438,166.88999938964844,162.77999877929688,163.17999267578125,157.00067138671875,1114900,0.0
2024-09-04,163.0399932861328,164.63999938964844,162.0800018310547,162.67999267578125,156.51959228515625,1011000,0.0
2024-09-05,163.3800048828125,163.6999969482422,161.3699951171875,161.8800048828125,155.7499237060547,1006500,0.0
2024-09-06,161.67999267578125,162.92999267578125,158.72999572753906,159.2899932861328,153.25796508789062,1634300,0.0
2024-09-09,159.27999877929688,160.3800048828125,158.52999877929688,159.0500030517578,153.02706909179688,708800,0.0
2024-09-10,159.2899932861328,159.2899932861328,156.9600067138672,159.05999755859375,153.0366668701172,511700,0.0
2024-09-11,158.35000610351562,159.1199951171875,155.4499969482422,158.85000610351562,152.83465576171875,741400,0.0
2024-09-12,159.85000610351562,161.5800018310547,158.6199951171875,160.72999572753906,154.6434326171875,1110400,0.0
2024-09-13,162.35000610351562,165.0,162.35000610351562,164.83999633789062,158.59779357910156,876800,0.0
2024-09-16,165.42999267578125,166.1199951171875,164.47999572753906,165.8699951171875,159.5887908935547,1630600,0.0
2024-09-17,167.0500030517578,169.16000366210938,166.74000549316406,167.10000610351562,160.77223205566406,1568600,0.0
2024-09-18,167.36000061035156,171.55999755859375,166.3000030517578,167.32000732421875,160.98388671875,1485900,0.0
2024-09-19,171.42999267578125,171.42999267578125,168.50999450683594,170.38999938964844,163.93763732910156,912400,0.0
2024-09-20,169.16000366210938,169.3800048828125,167.80999755859375,167.92999267578125,161.57078552246094,1217400,0.0
2024-09-23,168.52999877929688,169.0399932861328,166.88999938964844,167.50999450683594,161.1667022705078,620200,0.0
2024-09-24,168.25999450683594,168.5399932861328,166.89999389648438,167.52999877929688,161.18592834472656,1338300,0.0
2024-09-25,166.6199951171875,166.6199951171875,164.24000549316406,164.27999877929688,158.87648010253906,877800,0.862
2024-09-26,166.10000610351562,166.72000122070312,165.17999267578125,165.27000427246094,159.8339385986328,665600,0.0
2024-09-27,167.14999389648438,168.0800018310547,165.80999755859375,166.3699951171875,160.8977508544922,1100800,0.0
2024-09-30,165.9199981689453,167.2899932861328,165.22000122070312,166.82000732421875,161.33291625976562,523700,0.0
2024-10-01,166.50999450683594,166.50999450683594,163.4199981689453,164.3800048828125,158.97320556640625,897800,0.0
2024-10-02,163.94000244140625,165.17999267578125,163.49000549316406,163.86000061035156,158.4702911376953,544200,0.0
2024-10-03,163.1300048828125,163.63999938964844,161.9600067138672,163.0,157.6385955810547,674500,0.0
2024-10-04,165.1699981689453,165.72999572753906,163.74000549316406,165.0500030517578,159.62118530273438,701900,0.0
2024-10-07,164.72000122070312,164.72000122070312,162.6999969482422,163.82000732421875,158.431640625,428600,0.0
2024-10-08,163.7899932861328,163.97000122070312,162.74000549316406,163.41000366210938,158.0351104736328,642900,0.0
2024-10-09,163.5,165.10000610351562,162.97000122070312,164.00999450683594,158.61537170410156,1088900,0.0
2024-10-10,162.60000610351562,163.14999389648438,161.6199951171875,163.14999389648438,157.7836456298828,709800,0.0
2024-10-11,163.1999969482422,166.5500030517578,163.1999969482422,166.32000732421875,160.84939575195312,985100,0.0
2024-10-14,166.30999755859375,167.47999572753906,165.27000427246094,167.3699951171875,161.86485290527344,1054200,0.0
2024-10-15,167.25,169.91000366210938,166.74000549316406,167.6699981689453,162.1549835205078,830700,0.0
2024-10-16,169.22000122070312,171.11000061035156,169.0800018310547,170.66000366210938,165.04664611816406,489300,0.0
2024-10-17,170.4199981689453,170.67999267578125,169.2100067138672,170.41000366210938,164.8048553466797,871700,0.0
2024-10-18,170.72999572753906,171.08999633789062,169.97000122070312,170.3000030517578,164.698486328125,631700,0.0
2024-10-21,170.24000549316406,170.35000610351562,166.6199951171875,166.72999572753906,161.2458953857422,679800,0.0
2024-10-22,166.10000610351562,166.50999450683594,165.5,166.24000549316406,160.7720184326172,339200,0.0
2024-10-23,165.44000244140625,166.08999633789062,163.88999938964844,165.30999755859375,159.8726043701172,511700,0.0
2024-10-24,165.9499969482422,166.3300018310547,164.64999389648438,165.7899932861328,160.33680725097656,634700,0.0
2024-10-25,166.88999938964844,167.19000244140625,164.39999389648438,164.6699981689453,159.253662109375,937500,0.0
2024-10-28,165.63999938964844,167.77000427246094,165.63999938964844,167.49000549316406,161.98089599609375,466800,0.0
2024-10-29,166.1699981689453,166.8000030517578,165.5500030517578,166.75,161.26524353027344,1991800,0.0
2024-10-30,166.1999969482422,169.2899932861328,166.1199951171875,166.88999938964844,161.40065002441406,652900,0.0
2024-10-31,166.75,167.3300018310547,164.27000427246094,164.36000061035156,158.95382690429688,1677500,0.0
2024-11-01,165.4199981689453,166.1699981689453,163.9600067138672,164.3800048828125,158.97320556640625,832400,0.0
2024-11-04,164.36000061035156,166.4199981689453,163.7100067138672,165.08999633789062,159.6598358154297,866300,0.0
2024-11-05,164.89999389648438,168.2100067138672,164.49000549316406,168.17999267578125,162.64817810058594,932900,0.0
2024-11-06,175.08999633789062,179.08999633789062,175.08999633789062,178.6699981689453,172.79318237304688,2694800,0.0
2024-11-07,178.38999938964844,179.0399932861328,176.1699981689453,176.8000030517578,170.9846954345703,1003500,0.0
2024-11-08,176.80999755859375,178.25999450683594,176.32000732421875,177.8000030517578,171.95176696777344,1147200,0.0
2024-11-11,179.60000610351562,181.5,179.38999938964844,180.75999450683594,174.81442260742188,896300,0.0
2024-11-12,179.60000610351562,180.83999633789062,177.11000061035156,177.5800018310547,171.73904418945312,807300,0.0
2024-11-13,178.83999633789062,179.3000030517578,175.8000030517578,176.0,170.2110137939453,776900,0.0
2024-11-14,176.4600067138672,177.08999633789062,173.6300048828125,174.32000732421875,168.58624267578125,704800,0.0
2024-11-15,174.66000366210938,175.1199951171875,172.05999755859375,172.52000427246094,166.84547424316406,1068400,0.0
2024-11-18,172.7899932861328,174.0500030517578,172.57000732421875,172.75,167.06788635253906,826900,0.0
2024-11-19,171.14999389648438,173.10000610351562,170.5500030517578,172.94000244140625,167.2516632080078,839400,0.0
2024-11-20,172.72000122070312,172.9199981689453,171.2100067138672,172.8800048828125,167.19363403320312,777800,0.0
2024-11-21,173.7100067138672,176.02000427246094,173.32000732421875,175.25999450683594,169.4953155517578,1372700,0.0
2024-11-22,176.07000732421875,178.82000732421875,175.97999572753906,178.5500030517578,172.6771240234375,997700,0.0
2024-11-25,180.3699951171875,183.50999450683594,180.16000366210938,181.35000610351562,175.38499450683594,877900,0.0
2024-11-26,180.61000061035156,180.61000061035156,178.89999389648438,179.75,173.837646484375,610400,0.0
2024-11-27,181.02999877929688,182.24000549316406,179.97000122070312,180.13999938964844,174.2147979736328,764900,0.0
2024-11-29,181.02999877929688,181.89999389648438,180.0800018310547,180.3300018310547,174.39859008789062,457500,0.0
2024-12-02,180.1300048828125,181.02000427246094,178.60000610351562,180.42999267578125,174.49526977539062,990100,0.0
2024-12-03,180.44000244140625,180.72999572753906,178.36000061035156,178.77000427246094,172.88987731933594,869800,0.0
2024-12-04,178.77000427246094,179.69000244140625,177.63999938964844,179.0,173.11231994628906,727300,0.0
2024-12-05,178.89999389648438,179.05999755859375,177.0,177.19000244140625,171.3618621826172,634900,0.0
2024-12-06,178.25,178.64999389648438,176.67999267578125,177.27999877929688,171.44888305664062,384300,0.0
2024-12-09,178.66000366210938,179.66000366210938,177.11000061035156,177.17999267578125,171.3521728515625,480000,0.0
2024-12-10,177.35000610351562,178.25999450683594,175.69000244140625,176.75999450683594,170.9459991455078,625300,0.0
2024-12-11,178.0,178.4199981689453,176.74000549316406,177.5,171.66165161132812,935200,0.0
2024-12-12,176.89999389648438,177.50999450683594,175.24000549316406,175.3699951171875,169.60169982910156,527800,0.0
2024-12-13,175.0500030517578,175.14999389648438,173.14999389648438,174.2100067138672,168.47988891601562,477100,0.0
2024-12-16,173.92999267578125,175.36000061035156,173.5,174.55999755859375,168.818359375,976800,0.0
2024-12-17,172.74000549316406,173.44000244140625,171.0,171.36000061035156,166.54222106933594,918700,0.858
2024-12-18,172.22999572753906,172.75999450683594,162.55999755859375,163.80999755859375,159.20448303222656,1109500,0.0
2024-12-19,165.1699981689453,166.5,162.55999755859375,162.69000244140625,158.115966796875,1893900,0.0
2024-12-20,161.36000061035156,166.02000427246094,161.36000061035156,164.11000061035156,159.49603271484375,1596100,0.0
2024-12-23,163.92999267578125,164.25,162.52000427246094,163.86000061035156,159.25306701660156,1319800,0.0
2024-12-24,164.35000610351562,165.42999267578125,163.22999572753906,165.3300018310547,160.68173217773438,528200,0.0
2024-12-26,164.6999969482422,166.94000244140625,163.75999450683594,166.7100067138672,162.02291870117188,760900,0.0
2024-12-27,165.75999450683594,166.83999633789062,163.07000732421875,164.39999389648438,159.77789306640625,1245000,0.0
2024-12-30,163.41000366210938,164.38999938964844,161.6199951171875,163.6999969482422,159.09756469726562,1298400,0.0
2024-12-31,164.66000366210938,165.75999450683594,163.6300048828125,164.1699981689453,159.55435180664062,2969500,0.0
2025-01-02,165.61000061035156,166.57000732421875,162.9199981689453,163.9199981689453,159.31138610839844,586200,0.0
2025-01-03,164.47000122070312,165.91000366210938,163.42999267578125,165.7100067138672,161.0510711669922,453600,0.0
2025-01-06,166.50999450683594,167.6199951171875,165.11000061035156,165.3000030517578,160.65257263183594,662400,0.0
2025-01-07,166.17999267578125,166.69000244140625,163.11000061035156,164.2100067138672,159.59323120117188,727200,0.0
2025-01-08,162.92999267578125,163.97000122070312,161.77000427246094,163.58999633789062,158.99066162109375,912600,0.0
2025-01-10,161.6199951171875,161.6199951171875,158.6699981689453,159.9499969482422,155.45298767089844,731600,0.0
2025-01-13,158.7100067138672,160.97000122070312,158.22999572753906,160.75,156.23048400878906,711000,0.0
2025-01-14,161.82000732421875,163.3000030517578,161.2100067138672,163.2100067138672,158.62136840820312,521500,0.0
2025-01-15,167.69000244140625,167.69000244140625,165.3699951171875,166.3800048828125,161.7022247314453,716500,0.0
2025-01-16,166.5500030517578,166.89999389648438,165.25999450683594,166.2899932861328,161.61473083496094,1500100,0.0
2025-01-17,167.72000122070312,168.02999877929688,166.27999877929688,166.9499969482422,162.25621032714844,571200,0.0
2025-01-21,168.2899932861328,169.4600067138672,168.17999267578125,169.39999389648438,164.63731384277344,778400,0.0
2025-01-22,168.80999755859375,168.9199981689453,167.5399932861328,167.75999450683594,163.0434112548828,527500,0.0
2025-01-23,166.8000030517578,168.5,166.50999450683594,168.1999969482422,163.47105407714844,809600,0.0
2025-01-24,167.83999633789062,169.17999267578125,167.4600067138672,168.27999877929688,163.5487823486328,882300,0.0
2025-01-27,167.63999938964844,170.49000549316406,167.63999938964844,168.6300048828125,163.8889617919922,1474800,0.0
2025-01-28,168.63999938964844,168.80999755859375,167.1199951171875,167.9600067138672,163.23780822753906,693100,0.0
2025-01-29,167.77000427246094,168.91000366210938,166.0800018310547,167.27999877929688,162.576904296875,901000,0.0
2025-01-30,168.97999572753906,170.13999938964844,167.80999755859375,169.02999877929688,164.27772521972656,909200,0.0
2025-01-31,169.00999450683594,170.00999450683594,166.69000244140625,167.47000122070312,162.7615966796875,1359500,0.0
2025-02-03,164.11000061035156,166.6999969482422,163.19000244140625,165.19000244140625,160.54568481445312,688600,0.0
2025-02-04,164.77000427246094,167.61000061035156,164.47000122070312,167.4499969482422,162.74212646484375,639800,0.0
2025-02-05,168.4199981689453,169.24000549316406,167.4600067138672,169.1300048828125,164.37489318847656,1076500,0.0
2025-02-06,169.97999572753906,169.97999572753906,168.11000061035156,169.05999755859375,164.306884765625,1039800,0.0
2025-02-07,169.05999755859375,169.05999755859375,166.3300018310547,167.08999633789062,162.39224243164062,496900,0.0
2025-02-10,167.8699951171875,168.02999877929688,166.75,167.6199951171875,162.9073486328125,801000,0.0
2025-02-11,166.60000610351562,168.02999877929688,166.3699951171875,167.9199981689453,163.19891357421875,463700,0.0
2025-02-12,165.6199951171875,166.42999267578125,164.92999267578125,165.83999633789062,161.1774139404297,807700,0.0
2025-02-13,166.77000427246094,167.72000122070312,166.05999755859375,167.5,162.79074096679688,841500,0.0
2025-02-14,168.35000610351562,169.5,167.25,167.47999572753906,162.7712860107422,605800,0.0
2025-02-18,167.49000549316406,168.49000549316406,167.05999755859375,168.1699981689453,163.44190979003906,1445200,0.0
2025-02-19,167.00999450683594,167.77000427246094,166.63999938964844,167.32000732421875,162.6157989501953,396200,0.0
2025-02-20,166.92999267578125,167.0500030517578,164.99000549316406,165.9199981689453,161.255126953125,682400,0.0
2025-02-21,167.27999877929688,167.49000549316406,161.97000122070312,162.22999572753906,157.6688995361328,931800,0.0
2025-02-24,162.8300018310547,163.16000366210938,161.30999755859375,161.3800048828125,156.84280395507812,1000200,0.0
2025-02-25,161.77999877929688,162.6199951171875,160.58999633789062,161.5500030517578,157.0080108642578,564300,0.0
2025-02-26,161.97000122070312,162.99000549316406,160.60000610351562,161.27999877929688,156.74560546875,804800,0.0
2025-02-27,161.25,161.7899932861328,159.67999267578125,159.77000427246094,155.278076171875,1186200,0.0
2025-02-28,159.50999450683594,161.22000122070312,159.0399932861328,161.10000610351562,156.57069396972656,1965900,0.0
2025-03-03,161.5399932861328,162.22000122070312,156.77999877929688,157.72000122070312,153.28570556640625,947500,0.0
2025-03-04,155.9199981689453,157.85000610351562,153.64999389648438,155.39999389648438,151.03091430664062,1510700,0.0
2025-03-05,155.39999389648438,156.97000122070312,154.0399932861328,156.66000366210938,152.25550842285156,843700,0.0
2025-03-06,154.82000732421875,156.30999755859375,153.85000610351562,154.9600067138672,150.60328674316406,801100,0.0
2025-03-07,154.9600067138672,156.32000732421875,153.07000732421875,155.50999450683594,151.1378173828125,731000,0.0
2025-03-10,153.75999450683594,154.91000366210938,150.4499969482422,151.5399932861328,147.27943420410156,1215500,0.0
2025-03-11,152.1300048828125,152.8800048828125,149.83999633789062,151.25999450683594,147.00730895996094,1366700,0.0
2025-03-12,152.42999267578125,152.67999267578125,150.16000366210938,151.32000732421875,147.06564331054688,978500,0.0
2025-03-13,151.47000122070312,152.4199981689453,148.6699981689453,149.27000427246094,145.07327270507812,1515500,0.0
2025-03-14,150.66000366210938,152.86000061035156,150.2899932861328,152.75,148.45542907714844,664500,0.0
2025-03-17,152.50999450683594,154.72000122070312,152.39999389648438,154.36000061035156,150.0201873779297,691100,0.0
2025-03-18,153.5500030517578,153.5500030517578,152.47999572753906,153.10000610351562,149.27719116210938,907500,0.498
2025-03-19,153.17999267578125,156.02999877929688,152.97000122070312,155.02999877929688,151.15899658203125,1533600,0.0
2025-03-20,153.77999877929688,155.74000549316406,153.49000549316406,154.25999450683594,150.40821838378906,835800,0.0
2025-03-21,152.64999389648438,153.5800018310547,151.75,153.11000061035156,149.2869415283203,576400,0.0
2025-03-24,155.0,156.58999633789062,154.9600067138672,156.36000061035156,152.455810546875,666300,0.0
2025-03-25,156.58999633789062,156.58999633789062,154.89999389648438,155.25999450683594,151.3832244873047,1452400,0.0
2025-03-26,155.47999572753906,156.42999267578125,153.91000366210938,154.5800018310547,150.72023010253906,614600,0.0
2025-03-27,154.22999572753906,155.2100067138672,153.4600067138672,154.35000610351562,150.4959716796875,994800,0.0
2025-03-28,154.07000732421875,154.25999450683594,150.5,151.22000122070312,147.4441375732422,766400,0.0
2025-03-31,149.5800018310547,151.77999877929688,148.52999877929688,150.97999572753906,147.2101287841797,1414600,0.0
2025-04-01,150.58999633789062,152.0399932861328,149.00999450683594,150.9600067138672,147.1906280517578,864700,0.0
2025-04-02,149.38999938964844,153.13999938964844,149.27999877929688,152.94000244140625,149.12118530273438,559000,0.0
2025-04-03,147.08999633789062,147.55999755859375,142.77000427246094,142.92999267578125,139.36109924316406,1618700,0.0
2025-04-04,137.75,138.64999389648438,133.66000366210938,137.10000610351562,133.6767120361328,3305100,0.0
2025-04-07,132.00999450683594,142.05999755859375,130.27999877929688,135.14999389648438,131.77537536621094,3024300,0.0
2025-04-08,140.24000549316406,140.24000549316406,130.1999969482422,131.83999633789062,128.5480499267578,2277400,0.0
2025-04-09,130.14999389648438,143.64999389648438,129.3800048828125,141.8000030517578,138.25933837890625,2903200,0.0
2025-04-10,138.44000244140625,138.94000244140625,132.52000427246094,135.97999572753906,132.5846405029297,1657200,0.0
2025-04-11,135.7100067138672,137.77000427246094,133.30999755859375,137.35000610351562,133.92047119140625,1408000,0.0
2025-04-14,139.57000732421875,139.6999969482422,136.4499969482422,138.88999938964844,135.4219970703125,963600,0.0
2025-04-15,138.63999938964844,140.72999572753906,138.63999938964844,139.3300018310547,135.85101318359375,888100,0.0
2025-04-16,138.99000549316406,139.94000244140625,137.17999267578125,138.75,135.28550720214844,1966300,0.0
2025-04-17,138.9499969482422,140.75,138.7100067138672,140.07000732421875,136.5725555419922,722500,0.0
2025-04-21,138.8800048828125,139.1999969482422,136.2899932861328,137.77999877929688,134.3397216796875,1917500,0.0
2025-04-22,139.3000030517578,141.64999389648438,138.8699951171875,141.25999450683594,137.7328338623047,820500,0.0
2025-04-23,144.86000061035156,146.57000732421875,142.25999450683594,142.69000244140625,139.1271209716797,1078900,0.0
2025-04-24,142.94000244140625,145.19000244140625,142.36000061035156,144.92999267578125,141.3111572265625,1257600,0.0
2025-04-25,143.9600067138672,144.69000244140625,142.9199981689453,144.64999389648438,141.03819274902344,392700,0.0
2025-04-28,144.7899932861328,145.91000366210938,143.6300048828125,145.3000030517578,141.67196655273438,643800,0.0
2025-04-29,145.14999389648438,146.5,143.7100067138672,145.88999938964844,142.24722290039062,612100,0.0
2025-04-30,143.9199981689453,145.35000610351562,141.9499969482422,144.8000030517578,141.18443298339844,750700,0.0
2025-05-01,145.44000244140625,146.64999389648438,143.77999877929688,145.58999633789062,141.9547119140625,780500,0.0
2025-05-02,147.10000610351562,149.07000732421875,146.85000610351562,148.64999389648438,144.9383087158203,1028900,0.0
2025-05-05,147.6199951171875,148.7100067138672,147.02000427246094,147.42999267578125,143.74874877929688,1506100,0.0
2025-05-06,146.07000732421875,147.44000244140625,145.38999938964844,146.3000030517578,142.64698791503906,932400,0.0
2025-05-07,147.25999450683594,147.72999572753906,145.85000610351562,146.64999389648438,142.98825073242188,1091800,0.0
2025-05-08,148.0,150.1999969482422,147.1199951171875,149.11000061035156,145.38681030273438,1415200,0.0
2025-05-09,149.41000366210938,149.92999267578125,148.5500030517578,149.24000549316406,145.51358032226562,1319400,0.0
2025-05-12,154.47999572753906,155.75,153.0800018310547,153.97000122070312,150.12547302246094,1339400,0.0
2025-05-13,155.00999450683594,155.10000610351562,153.8699951171875,154.3300018310547,150.47650146484375,1369400,0.0
2025-05-14,153.83999633789062,153.97999572753906,152.5800018310547,152.86000061035156,149.0431671142578,769800,0.0
2025-05-15,152.55999755859375,154.13999938964844,152.25,154.0399932861328,150.19371032714844,1177000,0.0
2025-05-16,153.77000427246094,155.08999633789062,153.5,154.9600067138672,151.09075927734375,659400,0.0
2025-05-19,152.77000427246094,154.2899932861328,152.47000122070312,154.27000427246094,150.41796875,989600,0.0
2025-05-20,153.80999755859375,154.7100067138672,153.57000732421875,154.13999938964844,150.29122924804688,1048900,0.0
2025-05-21,152.4199981689453,152.77000427246094,149.42999267578125,149.6300048828125,145.89385986328125,779500,0.0
2025-05-22,148.9199981689453,150.25999450683594,148.5,149.3699951171875,145.6403350830078,1046700,0.0
2025-05-23,146.91000366210938,149.36000061035156,146.89999389648438,148.91000366210938,145.19183349609375,1236900,0.0
2025-05-27,150.97999572753906,152.74000549316406,149.91000366210938,152.7100067138672,148.8969268798828,1170400,0.0
2025-05-28,152.52000427246094,152.86000061035156,150.75999450683594,150.91000366210938,147.14187622070312,804000,0.0
2025-05-29,151.75,151.94000244140625,150.39999389648438,151.75,147.9608917236328,846700,0.0
2025-05-30,150.9499969482422,151.66000366210938,149.97999572753906,150.8300018310547,147.06387329101562,840800,0.0
2025-06-02,151.1199951171875,151.1199951171875,149.0,150.7100067138672,146.94686889648438,1510100,0.0
2025-06-03,150.82000732421875,153.4499969482422,150.22999572753906,153.00999450683594,149.18942260742188,1067900,0.0
2025-06-04,153.25,153.50999450683594,152.1199951171875,152.3300018310547,148.5264129638672,649100,0.0
2025-06-05,152.3800048828125,153.02999877929688,151.19000244140625,152.22000122070312,148.41917419433594,719800,0.0
2025-06-06,154.0,154.9199981689453,153.75999450683594,154.5800018310547,150.72023010253906,786200,0.0
2025-06-09,155.69000244140625,156.72000122070312,155.16000366210938,155.88999938964844,151.99752807617188,1226000,0.0
2025-06-10,156.66000366210938,157.86000061035156,156.30999755859375,157.32000732421875,153.39183044433594,1548300,0.0
2025-06-11,157.94000244140625,158.25,156.25999450683594,156.6300048828125,152.7190704345703,1333900,0.0
2025-06-12,155.55999755859375,156.3699951171875,155.02999877929688,156.1999969482422,152.29978942871094,2038500,0.0
2025-06-13,154.33999633789062,155.11000061035156,152.89999389648438,153.47000122070312,149.63795471191406,1889100,0.0
2025-06-16,154.2100067138672,155.25,153.58999633789062,154.1999969482422,151.0297393798828,1459100,0.691
2025-06-17,153.38999938964844,154.05999755859375,152.52000427246094,152.67999267578125,149.5409698486328,1067700,0.0
2025-06-18,152.6199951171875,154.86000061035156,152.1999969482422,153.50999450683594,150.35391235351562,476600,0.0
2025-06-20,154.61000061035156,154.61000061035156,152.77999877929688,153.19000244140625,150.04049682617188,737900,0.0
2025-06-23,153.14999389648438,155.4600067138672,152.07000732421875,155.44000244140625,152.24424743652344,1084900,0.0
2025-06-24,156.3800048828125,157.55999755859375,155.8800048828125,156.77999877929688,153.5566864013672,552500,0.0
2025-06-25,156.77999877929688,156.77999877929688,155.05999755859375,155.1300048828125,151.9406280517578,939500,0.0
2025-06-26,155.52000427246094,157.6699981689453,155.52000427246094,157.63999938964844,154.39901733398438,434400,0.0
2025-06-27,157.86000061035156,158.9199981689453,156.75999450683594,157.69000244140625,154.447998046875,678100,0.0
2025-06-30,158.1999969482422,158.38999938964844,157.33999633789062,157.75999450683594,154.51654052734375,647400,0.0
2025-07-01,156.9499969482422,163.3800048828125,156.83999633789062,161.0500030517578,157.7388916015625,1125500,0.0
2025-07-02,161.5500030517578,163.88999938964844,160.80999755859375,163.75999450683594,160.3931884765625,1068300,0.0
2025-07-03,164.6199951171875,165.39999389648438,164.1699981689453,164.9499969482422,161.55873107910156,660100,0.0
2025-07-07,163.77000427246094,165.0399932861328,161.44000244140625,162.41000366210938,159.07095336914062,1257500,0.0
2025-07-08,162.75,164.77000427246094,162.6699981689453,163.89999389648438,160.53030395507812,824700,0.0
2025-07-09,164.64999389648438,165.33999633789062,163.52999877929688,165.16000366210938,161.76438903808594,626900,0.0
2025-07-10,164.9199981689453,167.58999633789062,164.6699981689453,166.67999267578125,163.25314331054688,3297900,0.0
2025-07-11,165.75,165.75,164.57000732421875,164.9600067138672,161.5685272216797,702300,0.0
2025-07-14,164.4600067138672,165.47000122070312,164.07000732421875,165.42999267578125,162.02883911132812,431800,0.0
2025-07-15,165.6699981689453,165.91000366210938,161.38999938964844,161.47999572753906,158.16004943847656,736100,0.0
2025-07-16,162.2899932861328,162.82000732421875,159.82000732421875,162.52000427246094,159.17868041992188,728000,0.0
2025-07-17,162.41000366210938,164.72999572753906,162.3000030517578,164.3300018310547,160.9514923095703,1590300,0.0
2025-07-18,165.1999969482422,165.4600067138672,162.9499969482422,163.33999633789062,159.9818115234375,1279700,0.0
2025-07-21,164.3000030517578,165.1999969482422,163.1999969482422,163.30999755859375,159.9524383544922,3011000,0.0
2025-07-22,163.6699981689453,166.22999572753906,163.6300048828125,165.74000549316406,162.3324737548828,1052200,0.0
2025-07-23,166.74000549316406,167.82000732421875,166.0399932861328,167.77999877929688,164.33053588867188,964100,0.0
2025-07-24,167.1999969482422,167.1999969482422,165.24000549316406,165.3699951171875,161.9700927734375,1036700,0.0
2025-07-25,165.69000244140625,165.9199981689453,164.13999938964844,165.6199951171875,162.2149658203125,1071800,0.0
2025-07-28,166.17999267578125,166.17999267578125,164.83999633789062,165.38999938964844,161.9897003173828,1000100,0.0
2025-07-29,166.33999633789062,166.33999633789062,163.85000610351562,164.2899932861328,160.91229248046875,614900,0.0
2025-07-30,164.64999389648438,165.02999877929688,161.1699981689453,162.19000244140625,158.85548400878906,1456700,0.0
2025-07-31,161.2100067138672,161.72999572753906,159.99000549316406,160.38999938964844,157.0924835205078,1192800,0.0
2025-08-01,158.33999633789062,158.58999633789062,155.5399932861328,157.10000610351562,153.8701171875,1307200,0.0
2025-08-04,157.94000244140625,159.9600067138672,157.69000244140625,159.83999633789062,156.5537872314453,697200,0.0
2025-08-05,160.49000549316406,161.1699981689453,158.85000610351562,160.99000549316406,157.68014526367188,974100,0.0
2025-08-06,161.4600067138672,161.57000732421875,160.67999267578125,161.10000610351562,157.78790283203125,954600,0.0
2025-08-07,162.69000244140625,162.91000366210938,160.05999755859375,160.75999450683594,157.45486450195312,770300,0.0
2025-08-08,161.66000366210938,161.88999938964844,160.6300048828125,161.07000732421875,157.75851440429688,963400,0.0
2025-08-11,161.4199981689453,162.3000030517578,160.38999938964844,160.83999633789062,157.53323364257812,665900,0.0
2025-08-12,162.1199951171875,166.11000061035156,161.72999572753906,165.92999267578125,162.5185546875,1333700,0.0
2025-08-13,166.72999572753906,169.9499969482422,166.57000732421875,169.6199951171875,166.1326904296875,1307800,0.0
2025-08-14,167.49000549316406,168.0,166.07000732421875,167.75999450683594,164.31094360351562,1095100,0.0
2025-08-15,168.24000549316406,168.24000549316406,166.16000366210938,166.61000061035156,163.1846160888672,702300,0.0
2025-08-18,166.58999633789062,167.5,166.3000030517578,167.13999938964844,163.70370483398438,666800,0.0
2025-08-19,167.1999969482422,168.57000732421875,166.47999572753906,167.07000732421875,163.63514709472656,494200,0.0
2025-08-20,166.9600067138672,167.32000732421875,165.61000061035156,166.33999633789062,162.92015075683594,309700,0.0
2025-08-21,165.41000366210938,166.6199951171875,164.91000366210938,166.3300018310547,162.9103546142578,498900,0.0
2025-08-22,167.3800048828125,173.92999267578125,167.30999755859375,173.5,169.9329376220703,1409600,0.0
2025-08-25,173.0800018310547,173.0800018310547,172.02999877929688,172.10000610351562,168.56173706054688,875400,0.0
2025-08-26,172.33999633789062,173.75999450683594,172.2100067138672,173.07000732421875,169.5117950439453,658000,0.0
2025-08-27,172.5800018310547,174.58999633789062,172.5800018310547,174.52999877929688,170.9417724609375,478300,0.0
2025-08-28,175.1999969482422,175.1999969482422,173.27999877929688,174.0800018310547,170.5010223388672,864100,0.0
2025-08-29,174.47999572753906,174.7899932861328,173.39999389648438,174.07000732421875,170.49122619628906,465000,0.0
2025-09-02,171.8699951171875,173.3699951171875,171.6199951171875,173.14999389648438,169.5901336669922,932600,0.0
2025-09-03,172.57000732421875,174.14999389648438,172.0800018310547,173.00999450683594,169.4530029296875,868200,0.0
2025-09-04,173.24000549316406,175.24000549316406,172.86000061035156,175.2100067138672,171.60780334472656,882100,0.0
2025-09-05,176.02999877929688,177.6999969482422,174.25,176.0,172.38153076171875,645000,0.0
2025-09-08,176.49000549316406,176.49000549316406,174.5,175.9499969482422,172.3325653076172,750400,0.0
2025-09-09,175.92999267578125,175.92999267578125,174.13999938964844,174.7100067138672,171.11807250976562,801100,0.0
2025-09-10,175.0,175.5500030517578,173.99000549316406,174.64999389648438,171.05929565429688,327800,0.0
2025-09-11,174.7100067138672,177.64999389648438,174.3000030517578,177.47999572753906,173.8311004638672,803100,0.0
2025-09-12,177.17999267578125,177.1999969482422,175.52999877929688,175.5500030517578,171.94081115722656,671800,0.0
2025-09-15,176.1999969482422,176.72999572753906,175.60000610351562,176.22999572753906,172.6068115234375,1292600,0.0
2025-09-16,175.39999389648438,175.6699981689453,174.0399932861328,174.99000549316406,172.19058227539062,498000,0.817
2025-09-17,175.38999938964844,179.4499969482422,174.1199951171875,175.07000732421875,172.26930236816406,907400,0.0
2025-09-18,176.24000549316406,179.25,175.88999938964844,178.94000244140625,176.077392578125,703500,0.0
2025-09-19,179.44000244140625,179.44000244140625,176.72000122070312,176.89999389648438,174.0700225830078,779600,0.0
2025-09-22,176.63999938964844,177.88999938964844,175.8300018310547,177.4600067138672,174.62107849121094,1013200,0.0
2025-09-23,178.0800018310547,180.0399932861328,177.22000122070312,177.35000610351562,174.51283264160156,457200,0.0
2025-09-24,177.64999389648438,178.63999938964844,176.69000244140625,176.86000061035156,174.03067016601562,389300,0.0
2025-09-25,175.1999969482422,175.7899932861328,174.30999755859375,175.10000610351562,172.29884338378906,573500,0.0
2025-09-26,175.5399932861328,176.85000610351562,175.3300018310547,176.66000366210938,173.83387756347656,438800,0.0
2025-09-29,177.6699981689453,177.6699981689453,175.72000122070312,176.55999755859375,173.7354736328125,485900,0.0
2025-09-30,176.00999450683594,176.85000610351562,175.00999450683594,176.80999755859375,173.98146057128906,653000,0.0
2025-10-01,176.11000061035156,178.02999877929688,175.92999267578125,177.5500030517578,174.7096405029297,330700,0.0
2025-10-02,177.7100067138672,178.0500030517578,176.27000427246094,178.0399932861328,175.19178771972656,385200,0.0
2025-10-03,178.6199951171875,181.11000061035156,178.6199951171875,179.44000244140625,176.56939697265625,456900,0.0
2025-10-06,180.99000549316406,181.50999450683594,179.7100067138672,179.8000030517578,176.92364501953125,681400,0.0
2025-10-07,180.41000366210938,180.41000366210938,177.27999877929688,177.77000427246094,174.92611694335938,519200,0.0
2025-10-08,178.57000732421875,179.47000122070312,177.44000244140625,179.1300048828125,176.2643585205078,520700,0.0
2025-10-09,179.22000122070312,179.61000061035156,177.00999450683594,177.69000244140625,174.847412109375,602200,0.0
2025-10-10,178.25999450683594,179.02000427246094,172.13999938964844,172.33999633789062,169.58297729492188,804100,0.0
2025-10-13,174.88999938964844,176.33999633789062,174.10000610351562,176.08999633789062,173.27297973632812,463500,0.0
2025-10-14,174.3000030517578,180.50999450683594,174.00999450683594,179.5,176.62841796875,546300,0.0
2025-10-15,180.83999633789062,182.8000030517578,178.99000549316406,180.83999633789062,177.94700622558594,600600,0.0
2025-10-16,181.2100067138672,181.22999572753906,176.02999877929688,176.8300018310547,174.0011444091797,892600,0.0
2025-10-17,175.82000732421875,177.38999938964844,175.5800018310547,176.52999877929688,173.70594787597656,690300,0.0
2025-10-20,178.6199951171875,180.38999938964844,178.1999969482422,180.11000061035156,177.22866821289062,667000,0.0
2025-10-21,179.50999450683594,180.4499969482422,178.58999633789062,179.33999633789062,176.4709930419922,321800,0.0
2025-10-22,178.77000427246094,179.47000122070312,176.13999938964844,177.7100067138672,174.86708068847656,613000,0.0
2025-10-23,178.39999389648438,179.97999572753906,177.64999389648438,179.30999755859375,176.44146728515625,482200,0.0
2025-10-24,181.22000122070312,182.27000427246094,180.8000030517578,181.50999450683594,178.6062774658203,438300,0.0
2025-10-27,182.25999450683594,182.74000549316406,180.8300018310547,181.25999450683594,178.3602752685547,545800,0.0
2025-10-28,180.74000549316406,181.50999450683594,179.5800018310547,180.2899932861328,177.40579223632812,2563000,0.0
2025-10-29,179.9600067138672,181.35000610351562,176.57000732421875,178.0,175.1524200439453,1304100,0.0
2025-10-30,177.22999572753906,178.72999572753906,176.33999633789062,176.74000549316406,173.91259765625,432800,0.0
2025-10-31,176.75999450683594,177.52999877929688,175.5,177.1300048828125,174.29635620117188,609600,0.0
2025-11-03,176.64999389648438,177.19000244140625,174.94000244140625,177.19000244140625,174.3553924560547,628300,0.0
2025-11-04,175.02000427246094,176.16000366210938,174.3800048828125,174.85000610351562,172.0528106689453,469700,0.0
2025-11-05,175.27999877929688,177.63999938964844,174.9600067138672,176.9499969482422,174.1192169189453,501000,0.0
2025-11-06,176.6300048828125,177.0500030517578,174.3800048828125,174.55999755859375,171.7674560546875,709900,0.0
2025-11-07,173.5399932861328,175.8699951171875,173.02999877929688,175.7899932861328,172.977783203125,767800,0.0
2025-11-10,177.74000549316406,178.10000610351562,176.00999450683594,177.14999389648438,174.31602478027344,680600,0.0
2025-11-11,177.1699981689453,178.22000122070312,176.8000030517578,177.8300018310547,174.9851531982422,322300,0.0
2025-11-12,178.25,179.47999572753906,177.52999877929688,177.69000244140625,174.847412109375,427500,0.0
2025-11-13,176.72000122070312,177.69000244140625,173.77000427246094,174.41000366210938,171.619873046875,475100,0.0
2025-11-14,172.24000549316406,175.2100067138672,172.24000549316406,174.6699981689453,171.87570190429688,739600,0.0
2025-11-17,174.05999755859375,174.67999267578125,170.47999572753906,170.89999389648438,168.166015625,765600,0.0
2025-11-18,170.19000244140625,172.72000122070312,169.80999755859375,171.6999969482422,168.9532012939453,728100,0.0
2025-11-19,171.94000244140625,173.07000732421875,170.3800048828125,171.1999969482422,168.46119689941406,509600,0.0
2025-11-20,173.0,174.85000610351562,168.75,168.85000610351562,166.14881896972656,753900,0.0
2025-11-21,169.35000610351562,174.9600067138672,169.35000610351562,173.85000610351562,171.06883239746094,982800,0.0
2025-11-24,174.08999633789062,176.3300018310547,173.52999877929688,175.94000244140625,173.12538146972656,1072800,0.0
2025-11-25,176.97999572753906,180.58999633789062,176.4600067138672,180.14999389648438,177.26803588867188,772200,0.0
2025-11-26,180.14999389648438,182.75999450683594,179.6199951171875,181.52999877929688,178.62596130371094,587600,0.0
2025-11-28,181.74000549316406,182.30999755859375,181.3000030517578,182.22999572753906,179.3147430419922,350800,0.0
2025-12-01,180.0399932861328,182.07000732421875,180.0399932861328,181.02999877929688,178.1339569091797,723800,0.0
2025-12-02,181.89999389648438,181.89999389648438,180.25,180.2899932861328,177.40579223632812,369900,0.0
2025-12-03,181.02999877929688,183.77000427246094,180.85000610351562,183.6300048828125,180.69235229492188,626500,0.0
2025-12-04,183.0500030517578,184.75999450683594,182.60000610351562,183.97000122070312,181.0269317626953,481900,0.0
2025-12-05,183.77999877929688,185.05999755859375,183.5500030517578,183.77000427246094,180.8301239013672,1448200,0.0
2025-12-08,184.80999755859375,184.88999938964844,183.3300018310547,183.52000427246094,180.58413696289062,1008100,0.0
2025-12-09,183.1199951171875,185.3000030517578,183.10000610351562,184.11000061035156,181.16470336914062,733200,0.0
2025-12-10,184.02999877929688,188.94000244140625,184.02999877929688,187.67999267578125,184.67758178710938,1610300,0.0
2025-12-11,187.14999389648438,189.72000122070312,187.14999389648438,189.4499969482422,186.41925048828125,1352100,0.0
2025-12-12,189.85000610351562,190.1999969482422,187.0500030517578,187.42999267578125,184.43154907226562,835600,0.0
2025-12-15,188.6199951171875,188.66000366210938,186.1999969482422,186.6699981689453,183.68373107910156,1599900,0.0
2025-12-16,184.92999267578125,186.0800018310547,183.5399932861328,184.41000366210938,182.50209045410156,696400,1.066
2025-12-17,184.80999755859375,186.32000732421875,183.35000610351562,183.64999389648438,181.74993896484375,589300,0.0
2025-12-18,185.30999755859375,186.10000610351562,184.0800018310547,184.4199981689453,182.51197814941406,716700,0.0
2025-12-19,184.75,185.47999572753906,184.07000732421875,184.4499969482422,182.5416717529297,1101600,0.0
2025-12-22,185.3000030517578,186.89999389648438,185.3000030517578,185.72999572753906,183.80841064453125,953000,0.0
2025-12-23,185.1300048828125,185.64999389648438,184.38999938964844,184.61000061035156,182.7000274658203,521600,0.0
2025-12-24,184.60000610351562,185.32000732421875,184.0500030517578,185.13999938964844,183.2245330810547,295200,0.0
2025-12-26,185.0500030517578,185.0500030517578,183.8699951171875,184.52000427246094,182.6109619140625,701500,0.0
2025-12-29,184.1699981689453,184.94000244140625,183.33999633789062,183.67999267578125,181.77963256835938,838700,0.0
2025-12-30,183.72000122070312,183.9499969482422,182.5500030517578,182.64999389648438,180.76028442382812,407300,0.0
2025-12-31,182.5500030517578,182.94000244140625,181.13999938964844,181.2100067138672,179.33518981933594,541300,0.0
2026-01-02,182.42999267578125,183.17999267578125,180.57000732421875,182.8699951171875,180.97801208496094,824200,0.0
2026-01-05,183.25999450683594,186.0399932861328,183.08999633789062,185.19000244140625,183.27403259277344,1855300,0.0
2026-01-06,184.97000122070312,188.02000427246094,184.42999267578125,187.9499969482422,186.00546264648438,686900,0.0
2026-01-07,188.13999938964844,188.44000244140625,186.32000732421875,187.32000732421875,185.38198852539062,362600,0.0
2026-01-08,186.72999572753906,190.49000549316406,186.35000610351562,189.97000122070312,188.0045623779297,651400,0.0
2026-01-09,190.8800048828125,191.99000549316406,189.64999389648438,191.1199951171875,189.1426544189453,1185200,0.0
2026-01-12,190.3699951171875,191.72999572753906,189.61000061035156,191.61000061035156,189.62759399414062,730500,0.0
2026-01-13,192.3300018310547,192.7899932861328,191.3699951171875,191.86000061035156,189.87501525878906,961000,0.0
2026-01-14,191.91000366210938,194.08999633789062,191.72000122070312,193.7100067138672,191.70587158203125,637600,0.0
2026-01-15,193.77999877929688,196.4499969482422,193.77999877929688,195.47000122070312,193.44766235351562,1665800,0.0
2026-01-16,195.4499969482422,196.1300048828125,194.6199951171875,195.3699951171875,193.3486785888672,545100,0.0
2026-01-20,192.35000610351562,194.3300018310547,192.30999755859375,192.80999755859375,190.81517028808594,803600,0.0
2026-01-21,194.32000732421875,198.07000732421875,194.32000732421875,197.61000061035156,195.56552124023438,664700,0.0
2026-01-22,198.6699981689453,200.74000549316406,198.6199951171875,199.0,196.94114685058594,567400,0.0
2026-01-23,198.52000427246094,198.52000427246094,195.3300018310547,195.6199951171875,193.59609985351562,721600,0.0
2026-01-26,195.9600067138672,196.64999389648438,194.33999633789062,194.91000366210938,192.89346313476562,667200,0.0
2026-01-27,194.77000427246094,195.77000427246094,194.27000427246094,195.66000366210938,193.63568115234375,874800,0.0
2026-01-28,196.52000427246094,196.75999450683594,194.11000061035156,194.55999755859375,192.5470733642578,594800,0.0
2026-01-29,195.49000549316406,196.4600067138672,192.99000549316406,195.86000061035156,193.83363342285156,1739400,0.0
2026-01-30,193.72000122070312,195.0500030517578,192.17999267578125,193.8800048828125,191.87411499023438,1151000,0.0
2026-02-02,192.9600067138672,196.9499969482422,192.85000610351562,195.88999938964844,193.8633270263672,969700,0.0
2026-02-03,196.5500030517578,198.89999389648438,194.8800048828125,197.5500030517578,195.50613403320312,1311200,0.0
2026-02-04,198.75999450683594,199.8699951171875,195.92999267578125,197.82000732421875,195.7733612060547,904400,0.0
2026-02-05,196.1699981689453,198.11000061035156,194.14999389648438,194.82000732421875,192.80438232421875,1183400,0.0
2026-02-06,197.11000061035156,200.91000366210938,196.74000549316406,200.30999755859375,198.23756408691406,758000,0.0
2026-02-09,200.10000610351562,201.69000244140625,199.0800018310547,200.9499969482422,198.87094116210938,569700,0.0
2026-02-10,201.35000610351562,202.14999389648438,200.57000732421875,200.82000732421875,198.74232482910156,629900,0.0
2026-02-11,202.41000366210938,203.00999450683594,199.0,200.5500030517578,198.47509765625,372100,0.0
2026-02-12,201.91000366210938,202.22000122070312,195.4499969482422,197.1699981689453,195.13006591796875,775500,0.0
2026-02-13,197.5399932861328,201.14999389648438,196.3300018310547,199.97000122070312,197.90109252929688,1068200,0.0
2026-02-17,199.86000061035156,201.11000061035156,197.07000732421875,199.66000366210938,197.59429931640625,772300,0.0
2026-02-18,199.74000549316406,201.91000366210938,198.9600067138672,199.75,197.68336486816406,561200,0.0
2026-02-19,198.8300018310547,200.33999633789062,198.0800018310547,200.25999450683594,198.18809509277344,464800,0.0
2026-02-20,199.6699981689453,202.5399932861328,198.83999633789062,200.9199981689453,198.8412628173828,514500,0.0
2026-02-23,200.44000244140625,201.00999450683594,195.85000610351562,197.27999877929688,195.23892211914062,675100,0.0
2026-02-24,197.2899932861328,199.5,197.2899932861328,198.86000061035156,196.80259704589844,469900,0.0
2026-02-25,200.0,200.08999633789062,197.9600067138672,199.75999450683594,197.69326782226562,421300,0.0
2026-02-26,199.6999969482422,201.14999389648438,198.39999389648438,200.82000732421875,198.74232482910156,380000,0.0
2026-02-27,198.4499969482422,198.83999633789062,196.38999938964844,197.5500030517578,195.50613403320312,522700,0.0
2026-03-02,195.19000244140625,199.2899932861328,195.10000610351562,198.9499969482422,196.8916473388672,737100,0.0
2026-03-03,193.9499969482422,197.3000030517578,191.92999267578125,196.05999755859375,194.03155517578125,854100,0.0
2026-03-04,197.39999389648438,198.8000030517578,195.82000732421875,198.11000061035156,196.0603485107422,653300,0.0
2026-03-05,196.41000366210938,196.88999938964844,192.4199981689453,194.3300018310547,192.3194580078125,699900,0.0
2026-03-06,190.7899932861328,191.14999389648438,189.13999938964844,190.41000366210938,188.44000244140625,664900,0.0
2026-03-09,187.97999572753906,192.0800018310547,185.08999633789062,191.33999633789062,189.36036682128906,1166800,0.0
2026-03-10,190.86000061035156,194.14999389648438,190.33999633789062,191.05999755859375,189.08328247070312,810500,0.0
2026-03-11,190.11000061035156,191.39999389648438,188.9199981689453,190.49000549316406,188.51918029785156,891200,0.0
2026-03-12,188.07000732421875,188.75999450683594,186.47999572753906,187.2100067138672,185.27313232421875,1697200,0.0
2026-03-13,188.27999877929688,189.22000122070312,186.02000427246094,186.66000366210938,184.7288055419922,487600,0.0
2026-03-16,188.7899932861328,189.97999572753906,188.13999938964844,188.13999938964844,186.1934814453125,517800,0.0
2026-03-17,188.5800018310547,190.02999877929688,188.22999572753906,188.52999877929688,187.09457397460938,670900,0.518
2026-03-18,187.5,187.7899932861328,185.64999389648438,185.6699981689453,184.25634765625,756900,0.0
2026-03-19,183.8300018310547,188.5,183.64999389648438,186.7100067138672,185.28843688964844,444700,0.0
2026-03-20,186.72999572753906,186.9600067138672,182.02999877929688,183.4600067138672,182.0631866455078,1056800,0.0
2026-03-23,186.42999267578125,190.07000732421875,186.16000366210938,187.33999633789062,185.91363525390625,1148300,0.0
2026-03-24,186.02999877929688,190.25,185.38999938964844,188.97999572753906,187.54115295410156,624500,0.0
2026-03-25,191.02999877929688,191.86000061035156,189.52999877929688,191.1999969482422,189.74424743652344,573600,0.0
2026-03-26,189.19000244140625,191.83999633789062,189.0,189.30999755859375,187.86863708496094,608400,0.0
2026-03-27,188.1699981689453,188.88999938964844,185.89999389648438,186.49000549316406,185.0701141357422,862100,0.0
2026-03-30,188.47999572753906,188.47999572753906,184.22000122070312,184.82000732421875,183.41282653808594,686200,0.0
2026-03-31,187.41000366210938,190.5399932861328,186.38999938964844,189.58999633789062,188.14651489257812,760700,0.0
2026-04-01,190.77000427246094,192.64999389648438,190.57000732421875,190.75999450683594,189.30758666992188,1146800,0.0
2026-04-02,188.13999938964844,192.55999755859375,187.72000122070312,192.19000244140625,190.72671508789062,2946400,0.0
2026-04-06,191.8699951171875,193.3000030517578,191.33999633789062,192.88999938964844,191.42138671875,696600,0.0
2026-04-07,192.05999755859375,193.9199981689453,191.44000244140625,193.4600067138672,191.98704528808594,543000,0.0
2026-04-08,198.1999969482422,199.3699951171875,196.99000549316406,198.42999267578125,196.919189453125,1145600,0.0
2026-04-09,197.24000549316406,200.42999267578125,197.24000549316406,199.7100067138672,198.18946838378906,858000,0.0
2026-04-10,199.97000122070312,200.24000549316406,198.60000610351562,199.33999633789062,197.822265625,446000,0.0
2026-04-13,198.6300048828125,201.0500030517578,198.19000244140625,200.85000610351562,199.32078552246094,1536200,0.0
2026-04-14,201.72000122070312,202.6199951171875,200.82000732421875,202.08999633789062,200.55133056640625,622100,0.0
2026-04-15,202.00999450683594,202.0500030517578,201.0800018310547,201.92999267578125,200.39254760742188,535000,0.0
2026-04-16,201.86000061035156,202.60000610351562,201.25999450683594,202.25999450683594,200.72003173828125,837500,0.0
2026-04-17,204.2899932861328,208.0800018310547,204.22000122070312,206.4499969482422,204.87814331054688,733300,0.0
2026-04-20,205.60000610351562,207.8699951171875,205.60000610351562,207.58999633789062,206.0094451904297,1193800,0.0
2026-04-21,208.02999877929688,208.8000030517578,204.77000427246094,205.3699951171875,203.8063507080078,1343800,0.0
2026-04-22,207.1699981689453,207.72000122070312,205.5,206.22999572753906,204.65980529785156,599600,0.0
2026-04-23,206.42999267578125,207.6199951171875,204.2899932861328,206.5500030517578,204.9773712158203,631500,0.0
2026-04-24,207.0399932861328,207.82000732421875,205.67999267578125,206.9600067138672,205.38426208496094,839900,0.0
2026-04-27,207.1999969482422,208.61000061035156,207.1999969482422,207.8000030517578,206.21786499023438,347700,0.0
2026-04-28,207.13999938964844,208.35000610351562,206.17999267578125,206.86000061035156,205.28501892089844,760600,0.0
2026-04-29,206.42999267578125,206.42999267578125,203.10000610351562,204.13999938964844,202.58572387695312,797600,0.0
2026-04-30,204.49000549316406,208.1300048828125,204.4499969482422,207.75,206.16824340820312,977400,0.0
2026-05-01,208.38999938964844,208.89999389648438,206.6999969482422,208.22999572753906,206.6445770263672,727400,0.0
2026-05-04,207.39999389648438,208.6300048828125,205.4499969482422,206.55999755859375,204.9873046875,823900,0.0
2026-05-05,207.44000244140625,210.0399932861328,207.44000244140625,209.61000061035156,208.0140838623047,780200,0.0
2026-05-06,211.8000030517578,212.89999389648438,211.25,212.75999450683594,211.1400909423828,738400,0.0
2026-05-07,212.5399932861328,213.19000244140625,209.58999633789062,210.10000610351562,208.50035095214844,611000,0.0
2026-05-08,210.57000732421875,212.25,210.24000549316406,211.6300048828125,210.01870727539062,341100,0.0
2026-05-11,212.42999267578125,212.83999633789062,210.97000122070312,211.1999969482422,209.5919647216797,653500,0.0
2026-05-12,210.42999267578125,210.42999267578125,206.6300048828125,209.63999938964844,208.04385375976562,647000,0.0
2026-05-13,209.5800018310547,209.64999389648438,208.25999450683594,209.24000549316406,207.6468963623047,354400,0.0
2026-05-14,210.0500030517578,211.22999572753906,209.3000030517578,209.97999572753906,208.38125610351562,929300,0.0
2026-05-15,207.55999755859375,207.8800048828125,205.44000244140625,205.97000122070312,204.40179443359375,608300,0.0
2026-05-18,206.72000122070312,207.72000122070312,205.10000610351562,206.0800018310547,204.51097106933594,892600,0.0
2026-05-19,205.0800018310547,205.47999572753906,202.80999755859375,204.22999572753906,202.67503356933594,777600,0.0
2026-05-20,205.27000427246094,208.85000610351562,204.6300048828125,208.63999938964844,207.0514678955078,626900,0.0
2026-05-21,207.52999877929688,210.57000732421875,206.5399932861328,209.7899932861328,208.1927032470703,1235200,0.0
2026-05-22,210.8800048828125,212.0,210.1300048828125,211.30999755859375,209.7011260986328,448300,0.0
2026-05-26,213.1999969482422,214.80999755859375,213.14999389648438,214.69000244140625,213.05540466308594,494600,0.0
2026-05-27,214.57000732421875,215.6999969482422,214.3000030517578,214.82000732421875,213.18441772460938,679000,0.0
2026-05-28,214.5500030517578,215.64999389648438,212.89999389648438,215.36000061035156,213.72030639648438,701400,0.0
2026-05-29,214.85000610351562,214.85000610351562,213.24000549316406,213.8699951171875,212.24163818359375,805900,0.0
2026-06-01,212.4600067138672,213.60000610351562,210.97999572753906,212.74000549316406,211.12025451660156,1379400,0.0
2026-06-02,212.74000549316406,215.42999267578125,212.74000549316406,215.0,213.363037109375,748200,0.0
2026-06-03,214.00999450683594,214.00999450683594,212.02999877929688,212.19000244140625,210.57444763183594,583900,0.0
2026-06-04,212.49000549316406,215.57000732421875,212.19000244140625,215.0399932861328,213.40272521972656,337400,0.0
2026-06-05,213.4199981689453,213.66000366210938,208.7100067138672,209.44000244140625,207.84536743164062,1143800,0.0
2026-06-08,212.0500030517578,212.8800048828125,210.94000244140625,211.25,209.64158630371094,426500,0.0
2026-06-09,213.11000061035156,215.66000366210938,208.4199981689453,212.1699981689453,210.55458068847656,973300,0.0
2026-06-10,212.32000732421875,214.7100067138672,210.80999755859375,210.9199981689453,209.31410217285156,763500,0.0
2026-06-11,212.52000427246094,216.08999633789062,211.9600067138672,215.80999755859375,214.1668701171875,564300,0.0
2026-06-12,216.60000610351562,219.77000427246094,216.22999572753906,218.3300018310547,216.66769409179688,526500,0.0
2026-06-15,219.6999969482422,220.35000610351562,216.89999389648438,217.3000030517578,216.42367553710938,470800,0.785
2026-06-16,217.8000030517578,219.50999450683594,215.86000061035156,216.1999969482422,215.32810974121094,576500,0.0
2026-06-17,216.22000122070312,218.27000427246094,212.97999572753906,213.69000244140625,212.82823181152344,859600,0.0
2026-06-18,216.57000732421875,217.10000610351562,214.86000061035156,216.8699951171875,215.9954071044922,810300,0.0
2026-06-22,217.7899932861328,219.0500030517578,217.47000122070312,217.99000549316406,217.11090087890625,729800,0.0
2026-06-23,215.1999969482422,218.6699981689453,215.1999969482422,217.5500030517578,216.67266845703125,499100,0.0
2026-06-24,217.6300048828125,219.91000366210938,217.1300048828125,218.58999633789062,217.70846557617188,634500,0.0
2026-06-25,219.5800018310547,221.32000732421875,218.80999755859375,220.11000061035156,219.2223358154297,910700,0.0
2026-06-26,219.05999755859375,221.94000244140625,219.02999877929688,221.42999267578125,220.53701782226562,1236900,0.0
2026-06-29,221.27999877929688,221.55999755859375,219.32000732421875,221.27999877929688,220.3876190185547,760500,0.0
2026-06-30,220.85000610351562,221.8800048828125,220.02000427246094,221.1999969482422,220.3079376220703,1290700,0.0
2026-07-01,221.4499969482422,223.58999633789062,220.91000366210938,221.7100067138672,220.81590270996094,597700,0.0
2026-07-02,222.7100067138672,223.89999389648438,219.72999572753906,221.3300018310547,220.4374237060547,377300,0.0
2026-07-06,221.25,222.47000122070312,220.92999267578125,221.74000549316406,220.8457794189453,411100,0.0
2026-07-07,221.67999267578125,222.6199951171875,219.9499969482422,220.17999267578125,219.29205322265625,531100,0.0
2026-07-08,218.75999450683594,218.86000061035156,216.47999572753906,217.67999267578125,216.80213928222656,411200,0.0
2026-07-09,218.30999755859375,220.02999877929688,218.02000427246094,219.5,218.61480712890625,445700,0.0
2026-07-10,219.94000244140625,220.38999938964844,218.74000549316406,219.97000122070312,219.08290100097656,322100,0.0
2026-07-13,220.0,221.11000061035156,219.3300018310547,219.77999877929688,218.8936767578125,438700,0.0
2026-07-14,220.74000549316406,221.0399932861328,219.4499969482422,219.60000610351562,218.7144012451172,454500,0.0
2026-07-15,220.27000427246094,222.47000122070312,220.22999572753906,221.2899932861328,220.3975830078125,370500,0.0
2026-07-16,220.8800048828125,224.3800048828125,220.8800048828125,224.17999267578125,223.2759246826172,655900,0.0
2026-07-17,222.4600067138672,224.4199981689453,221.35000610351562,222.33999633789062,221.44334411621094,472300,0.0
2026-07-20,222.63999938964844,223.1300048828125,220.82000732421875,220.85000610351562,219.95936584472656,653800,0.0
2026-07-21,221.32000732421875,223.14999389648438,220.91000366210938,222.91000366210938,222.01104736328125,322500,0.0
2026-07-22,222.82000732421875,223.52999877929688,221.69000244140625,222.0500030517578,221.15452575683594,380700,0.0
2026-07-23,219.97000122070312,220.99000549316406,219.4600067138672,220.5800018310547,219.69044494628906,522800,0.0
2026-07-24,221.33999633789062,223.00999450683594,220.7899932861328,221.4199981689453,220.5270538330078,797300,0.0
2026-07-27,223.19000244140625,223.86000061035156,221.6699981689453,222.16000366210938,221.2640838623047,686900,0.0
2026-07-28,222.8800048828125,224.44000244140625,222.75,224.11000061035156,223.20620727539062,1004300,0.0
2026-07-29,223.50999450683594,224.49000549316406,221.3800048828125,221.60000610351562,220.7063446044922,1013500,0.0
2026-07-30,222.77999877929688,222.9199981689453,220.0800018310547,221.7899932861328,220.8955535888672,607700,0.0
2026-07-31,222.44000244140625,222.5500030517578,219.02000427246094,221.24000549316406,220.34779357910156,446400,0.0
2026-08-03,222.41000366210938,224.66000366210938,222.41000366210938,224.4499969482422,223.54483032226562,1633000,0.0
2026-08-04,224.36000061035156,227.30999755859375,223.8800048828125,226.97000122070312,226.05467224121094,544000,0.0
2026-08-05,227.00999450683594,227.16000366210938,225.0,225.0800018310547,224.17230224609375,476000,0.0
2026-08-06,225.86000061035156,226.07000732421875,223.6300048828125,223.8300018310547,222.92733764648438,477800,0.0
2026-08-07,224.7899932861328,226.02999877929688,224.17999267578125,225.52000427246094,224.61053466796875,348100,0.0
2026-08-10,224.6199951171875,225.1999969482422,223.52000427246094,224.2899932861328,223.38548278808594,716200,0.0
2026-08-11,225.02999877929688,225.72000122070312,224.7899932861328,224.97000122070312,224.062744140625,266600,0.0
2026-08-12,225.85000610351562,226.27000427246094,224.38999938964844,225.92999267578125,225.01885986328125,313700,0.0
2026-08-13,226.75999450683594,227.86000061035156,226.42999267578125,226.77000427246094,225.85548400878906,195100,0.0
2026-08-14,226.50999450683594,227.63999938964844,226.27000427246094,227.42999267578125,226.5128173828125,360000,0.0
2026-08-17,226.8000030517578,226.86000061035156,225.82000732421875,226.4600067138672,225.54673767089844,272300,0.0
2026-08-18,226.24000549316406,226.4600067138672,224.39999389648438,224.4499969482422,223.54483032226562,207400,0.0
2026-08-19,226.3800048828125,226.9600067138672,225.27000427246094,225.61000061035156,224.70016479492188,202100,0.0
2026-08-20,224.1300048828125,224.94000244140625,223.6199951171875,223.80999755859375,222.9074249267578,248900,0.0
2026-08-21,225.33999633789062,225.69000244140625,224.0,224.80999755859375,223.90338134765625,330500,0.0
2026-08-24,224.64999389648438,225.25999450683594,223.74000549316406,224.05999755859375,223.1564178466797,410800,0.0
2026-08-25,224.69000244140625,224.88999938964844,223.55999755859375,224.63999938964844,223.73406982421875,456000,0.0
2026-08-26,224.74000549316406,225.16000366210938,223.91000366210938,224.33999633789062,223.43528747558594,320200,0.0
2026-08-27,224.0800018310547,224.94000244140625,223.2100067138672,224.74000549316406,223.83367919921875,262000,0.0
2026-08-28,224.97000122070312,225.4499969482422,223.08999633789062,223.13999938964844,222.24012756347656,348700,0.0
2026-08-31,222.9499969482422,222.97000122070312,221.1999969482422,221.8000030517578,220.90553283691406,520200,0.0
2026-09-01,220.82000732421875,221.77999877929688,219.52999877929688,219.94000244140625,219.0530242919922,666600,0.0
2026-09-02,220.9199981689453,223.47000122070312,220.39999389648438,223.0399932861328,222.14051818847656,763000,0.0
2026-09-03,224.44000244140625,224.52999877929688,222.6999969482422,223.72000122070312,222.81777954101562,526800,0.0
2026-09-04,222.52000427246094,224.77999877929688,222.52000427246094,224.6199951171875,223.7141571044922,648800,0.0
2026-09-08,223.55999755859375,224.52000427246094,222.5800018310547,222.75999450683594,221.8616485595703,411400,0.0
2026-09-09,222.22000122070312,222.63999938964844,220.10000610351562,220.47999572753906,219.59085083007812,328700,0.0
2026-09-10,219.63999938964844,219.72999572753906,218.32000732421875,218.97000122070312,218.08694458007812,326600,0.0
2026-09-11,220.85000610351562,221.3300018310547,219.38999938964844,219.69000244140625,218.8040313720703,291000,0.0
2026-09-14,219.02999877929688,220.58999633789062,218.61000061035156,219.4499969482422,218.56500244140625,341100,0.0
2026-09-15,218.05999755859375,218.22999572753906,217.19000244140625,217.67999267578125,217.67999267578125,497700,0.885
2026-09-16,217.97000122070312,218.5800018310547,213.92999267578125,215.86000061035156,215.86000061035156,795700,0.0
2026-09-17,218.57000732421875,218.69000244140625,216.5800018310547,216.72999572753906,216.72999572753906,343400,0.0
2026-09-18,215.75,216.1300048828125,214.63999938964844,215.5800018310547,215.5800018310547,538500,0.0
2026-09-21,217.1699981689453,217.1699981689453,215.9499969482422,215.9499969482422,215.9499969482422,445000,0.0
2026-09-22,217.2100067138672,218.33999633789062,216.35000610351562,216.69000244140625,216.69000244140625,409200,0.0
2026-09-23,216.00999450683594,216.00999450683594,213.1999969482422,213.32000732421875,213.32000732421875,469500,0.0
2026-09-24,213.11000061035156,213.69000244140625,211.72999572753906,213.1199951171875,213.1199951171875,378500,0.0
2026-09-25,213.41000366210938,214.2899932861328,212.27999877929688,213.49000549316406,213.49000549316406,719900,0.0
